#Obj File : Exported From rapidform (INUS Technology Co. Ltd.)

mtllib 20_F_2636G.mtl

v -64.147263 -0.946326 7.466941
v -65.053795 1.141503 7.502808
v -64.594162 0.263242 9.236788
v -63.955292 -1.122723 9.282392
v -62.920525 -2.424068 9.229819
v -61.780022 -3.704194 8.094827
v -62.289356 -1.979858 4.737525
v -63.592182 0.992038 5.122557
v -64.654495 2.448396 6.265918
v -65.196739 2.327284 7.519877
v -65.048424 2.469681 8.910104
v -64.242897 1.864439 10.467323
v -63.688709 0.324571 10.787623
v -63.228752 -0.888902 10.473461
v -62.212643 -2.292874 10.506383
v -60.795326 -4.065025 10.474429
v -59.878319 -5.820312 8.985992
v -59.963516 -5.485590 6.562209
v -60.838402 -4.143855 4.968123
v -61.091148 -3.090880 3.066850
v -61.789307 -2.129859 3.530896
v -61.879620 -0.981449 3.040477
v -62.717186 -0.398002 3.968176
v -62.562744 0.751638 3.492256
v -62.786793 2.404670 3.832165
v -63.414871 2.300640 4.621137
v -63.706337 3.495683 5.165901
v -64.567024 3.880902 7.112191
v -64.945793 3.440932 8.413636
v -64.072548 3.642689 10.306851
v -62.678688 3.386666 11.863661
v -63.146130 1.890458 11.946745
v -62.870651 0.601503 11.662930
v -62.428650 -0.722895 11.504589
v -61.828354 -1.915782 11.442410
v -60.206837 -3.136810 12.032145
v -59.292164 -5.812331 10.992998
v -58.680550 -4.908691 12.436540
v -58.733196 -7.372375 10.461152
v -59.128136 -7.386279 8.552342
v -59.050873 -7.046475 6.794543
v -58.893608 -6.634194 4.705708
v -59.813271 -5.327390 4.837219
v -59.556103 -4.846692 3.133174
v -59.911667 -3.105195 1.989759
v -60.685860 -2.094256 2.103568
v -61.251308 -1.867140 2.449472
v -60.954041 -0.758753 2.094479
v -61.130249 0.652420 2.400429
v -61.836533 0.610021 2.855099
v -61.475052 2.015979 2.826170
v -61.531170 3.661258 3.434806
v -62.675793 3.703519 4.001768
v -61.952271 4.912075 4.452267
v -63.386585 5.110929 5.796817
v -64.274216 4.862977 6.959457
v -63.730228 4.764365 8.896202
v -62.202091 4.969241 10.680598
v -62.166477 2.078672 12.587909
v -61.011562 2.926185 12.834518
v -61.605816 3.719845 12.418514
v -60.628288 4.749876 11.859014
v -61.389584 0.533658 12.609981
v -61.635334 -0.540521 12.198558
v -61.172787 -1.775581 12.180541
v -58.652161 -3.310271 12.954310
v -59.128513 -2.052570 12.998779
v -60.359184 -1.265643 12.734180
v -58.024391 -6.964051 12.110503
v -57.238205 -6.346494 13.304182
v -57.338772 -4.829548 13.524434
v -57.615948 -3.535125 13.459767
v -57.582638 -8.650277 11.882144
v -58.085106 -8.910623 10.438883
v -58.406967 -8.728118 8.747344
v -58.124481 -8.725137 6.410314
v -58.046230 -8.122052 4.927838
v -57.506393 -7.815789 3.064391
v -58.265800 -6.356197 2.704824
v -58.197521 -4.745866 1.742373
v -58.665470 -3.289021 1.607920
v -58.901844 -1.759078 1.430471
v -59.773586 -0.741087 1.736641
v -60.128700 0.832214 1.952874
v -60.120991 2.103638 2.295017
v -59.989468 3.517758 2.899837
v -60.026630 4.919239 3.795666
v -61.689087 5.698012 7.438925
v -59.694626 5.476544 6.370646
v -63.082607 5.451936 7.868689
v -62.077129 6.094729 9.804227
v -59.517300 6.217810 10.036716
v -59.941563 1.418459 13.236332
v -59.146622 2.929648 13.162633
v -59.701138 4.104834 12.572192
v -58.976223 5.327352 11.976358
v -58.420322 6.170782 11.121658
v -58.956352 -0.358767 13.409554
v -57.602882 -1.754373 13.667585
v -56.477730 -8.571273 13.199597
v -55.878094 -6.455586 14.268884
v -56.451317 -5.048747 13.989560
v -56.417496 -3.411483 14.104595
v -56.922848 -2.576841 13.892819
v -56.689323 -10.116442 12.205423
v -57.189987 -10.186175 10.649445
v -57.544041 -10.209265 8.863208
v -57.221458 -10.289078 6.534667
v -56.990788 -9.931105 4.933812
v -56.696796 -9.396840 3.421355
v -56.287552 -8.175893 2.220219
v -56.324184 -6.823788 1.770837
v -57.396152 -6.740859 2.159272
v -56.630299 -5.027300 1.453528
v -56.851372 -3.408252 1.112664
v -57.413597 -2.739360 1.121988
v -57.524559 -0.973939 1.352521
v -58.450863 0.507077 1.673912
v -59.140202 1.467894 1.854550
v -59.420246 1.977159 2.060572
v -58.322601 3.024514 2.347390
v -58.519264 4.715916 3.311767
v -58.416344 5.218285 5.321639
v -56.279488 5.136862 6.916120
v -56.125362 6.351579 10.023287
v -58.353283 1.097344 13.581571
v -58.113022 2.381032 13.437613
v -57.810017 3.735273 12.901640
v -58.248627 4.698367 12.394269
v -56.078514 5.844691 11.378927
v -57.497944 -0.126145 13.855740
v -57.917294 0.556433 13.703510
v -55.938942 -1.422853 14.180453
v -56.163235 0.151239 14.058087
v -55.102783 -8.186546 14.618442
v -55.322865 -9.989117 13.980811
v -55.467731 -11.430840 12.782006
v -54.571041 -6.347685 15.081016
v -54.572159 -4.929254 15.010450
v -55.138439 -3.775779 14.606498
v -55.136448 -1.886649 14.498683
v -56.128979 -11.639216 10.845421
v -56.578163 -11.682485 8.996592
v -56.261414 -11.680456 6.998816
v -55.731541 -11.759422 5.098883
v -55.592915 -10.972768 3.445154
v -55.001270 -9.435997 1.976612
v -55.725639 -8.717181 2.120592
v -54.784973 -7.420557 1.351020
v -54.666874 -4.998478 1.042352
v -54.929867 -3.346895 0.965417
v -55.662357 -2.404900 1.048874
v -56.429977 -1.563232 1.092780
v -55.759750 0.169406 1.540020
v -57.194786 1.471836 1.787788
v -56.164310 2.945878 2.374574
v -56.892914 4.666269 3.448572
v -55.969177 5.864353 8.978467
v -53.604149 4.879531 8.224921
v -52.479603 3.650469 6.261935
v -53.757057 5.100197 10.274445
v -54.555984 5.981871 9.250276
v -56.841736 1.760605 13.746387
v -56.543697 3.666893 13.036252
v -56.988998 4.867868 12.220760
v -55.965656 4.871517 12.031507
v -54.606541 3.453701 12.897941
v -53.511909 4.255112 11.703687
v -55.108517 -0.976689 14.254662
v -54.223183 0.126675 14.255484
v -55.107964 1.636003 13.832754
v -54.253288 -9.783789 15.066174
v -53.864353 -8.068522 15.465775
v -53.723869 -6.734250 15.454063
v -54.489986 -11.557859 14.321034
v -54.339733 -13.164194 13.664873
v -54.773762 -13.017133 12.575512
v -55.038277 -13.213386 11.041909
v -53.339352 -5.453513 15.544808
v -53.316753 -4.459299 15.442830
v -53.352985 -2.925139 15.175974
v -53.977039 -1.601390 14.777236
v -55.238148 -13.183178 9.048703
v -55.171021 -13.132360 7.117036
v -54.840950 -12.994379 5.196727
v -54.439938 -12.511657 3.361253
v -54.235451 -11.444523 2.492668
v -53.240196 -9.963805 1.550754
v -53.903481 -8.514687 1.373122
v -52.510170 -7.052583 1.002827
v -53.215588 -5.451289 1.018221
v -52.751385 -3.711389 1.051267
v -53.342636 -1.993842 1.192357
v -54.580086 -1.337411 1.196017
v -54.041344 0.408283 1.704208
v -54.901497 1.916648 2.174409
v -54.388748 3.308317 3.358464
v -53.311443 5.035554 9.245709
v -51.369286 3.569666 9.364257
v -51.558376 3.603594 7.760911
v -49.190426 1.762203 6.815771
v -51.359810 2.020125 3.202588
v -51.716499 3.392443 11.113314
v -54.098026 1.944753 13.716780
v -53.083656 1.920212 13.499360
v -52.334454 3.080652 12.533923
v -52.283318 -0.897086 14.683601
v -52.266308 0.744314 14.052565
v -53.473690 -11.505258 15.420759
v -52.987942 -9.952609 16.017658
v -52.668709 -8.117102 16.108824
v -52.809212 -6.833201 15.923538
v -52.331352 -5.199606 15.866190
v -53.452404 -13.178369 14.874784
v -53.447330 -14.780264 14.022516
v -54.042782 -14.386949 12.735506
v -54.192127 -13.487331 12.758118
v -54.354980 -13.662024 11.957840
v -54.124584 -14.806794 10.979142
v -54.132774 -14.712341 9.093785
v -52.584373 -4.428999 15.711958
v -51.307064 -2.927434 15.368901
v -54.027626 -14.647845 7.157708
v -53.778145 -14.503406 5.264607
v -53.356396 -14.029159 3.444245
v -53.045853 -12.699619 2.488232
v -53.380157 -11.728185 2.156898
v -51.567059 -11.463167 1.526206
v -51.043522 -9.421845 0.922117
v -51.824551 -8.412447 1.008331
v -50.444237 -7.004062 0.889306
v -50.935684 -5.560496 0.987985
v -51.216656 -3.947475 1.168139
v -51.475513 -1.839934 1.304054
v -52.262798 -0.869665 1.466726
v -52.733570 0.099989 1.653316
v -53.078606 1.593372 2.191266
v -54.118755 1.939442 2.269805
v -50.863831 3.142786 10.507494
v -49.733875 2.030369 11.029935
v -49.251869 2.043664 9.180887
v -46.963638 0.475436 9.216602
v -46.921406 -0.058641 7.198003
v -51.835228 0.234908 1.905696
v -50.422535 0.120011 2.074951
v -49.715057 1.425230 3.050082
v -50.769836 2.174737 12.271367
v -51.399525 1.650989 13.335861
v -50.410007 -0.667028 14.519941
v -50.916550 0.452735 14.113316
v -52.406906 -11.166272 16.333738
v -52.222279 -12.843494 16.136703
v -51.966198 -9.844569 16.710413
v -51.439556 -8.491203 16.709032
v -50.797348 -6.971346 16.624516
v -51.042370 -5.618646 16.129593
v -51.176735 -4.324904 15.885661
v -52.358891 -15.053897 15.319676
v -52.695358 -16.295906 14.187439
v -53.088352 -16.182606 12.674004
v -53.388977 -15.059820 12.940109
v -53.529346 -15.208134 12.052912
v -53.528355 -16.337843 10.939502
v -53.163094 -16.249384 9.085586
v -52.946213 -16.178862 7.207121
v -49.937672 -3.734123 15.647388
v -49.379635 -2.599606 15.145441
v -48.762165 -1.035979 14.270217
v -52.710918 -16.086863 5.315073
v -52.153938 -15.617074 3.474456
v -51.721458 -14.202505 2.510119
v -52.100300 -13.163057 2.271138
v -50.351303 -12.853711 1.626821
v -49.458530 -11.232773 1.100298
v -49.398499 -9.629188 0.905143
v -49.893692 -8.419483 0.841272
v -48.714554 -7.389735 1.022780
v -48.659485 -5.217401 1.213295
v -49.589260 -4.327453 1.166771
v -49.398788 -2.132061 1.663574
v -50.240292 -1.515434 1.574941
v -49.987049 1.758366 12.241558
v -49.661476 0.850663 13.203603
v -47.400669 0.381742 12.088545
v -46.122391 -0.007885 10.898427
v -44.900616 -1.191700 10.409627
v -45.082516 -1.620036 7.943742
v -46.005447 -0.990731 7.358080
v -49.435020 -0.579507 1.969700
v -49.464516 0.364729 2.346545
v -48.430264 -0.288300 2.815807
v -51.239037 -11.540799 17.089611
v -50.998711 -10.183610 17.189188
v -51.159927 -14.419587 16.721325
v -50.976032 -12.754783 17.133171
v -50.158115 -8.716979 17.220896
v -49.407616 -7.090495 17.075579
v -49.198769 -5.453314 16.470247
v -49.106781 -4.312440 15.967578
v -51.334896 -16.225952 16.000895
v -51.684513 -17.380182 14.780774
v -52.111500 -17.853399 12.927201
v -52.117405 -17.814693 10.986393
v -52.015007 -17.777113 9.118299
v -51.801422 -17.652609 7.204456
v -51.743954 -17.420797 5.552576
v -47.600697 -2.971585 15.085011
v -46.810951 -1.158134 13.708253
v -47.728695 -0.663967 13.831550
v -47.675915 -0.043522 13.438182
v -48.427685 0.303383 13.583902
v -50.858177 -17.243147 3.848938
v -50.419167 -15.973628 2.588020
v -49.838062 -14.356475 2.043339
v -48.444901 -12.863250 1.388558
v -47.916840 -11.463722 1.206048
v -47.461189 -9.688702 1.010173
v -48.075268 -8.525172 1.025168
v -46.876118 -7.225945 1.482519
v -47.620762 -5.668839 1.415606
v -47.503403 -4.222353 1.772535
v -48.134617 -2.906948 1.790606
v -46.939415 -0.072622 12.986057
v -46.175297 -0.723687 12.644880
v -45.742695 -0.732380 11.742323
v -44.479031 -2.529980 12.461525
v -43.428631 -2.832753 10.439310
v -43.860676 -2.723088 8.625622
v -44.243240 -2.695085 7.722299
v -43.771828 -3.979657 6.535135
v -45.494190 -2.833250 5.130931
v -49.696518 -11.471985 17.862835
v -50.370617 -10.535774 17.645266
v -49.366501 -9.370132 17.858528
v -50.427711 -16.055170 17.020054
v -50.011574 -14.411698 17.572830
v -50.147083 -13.276752 17.605270
v -47.562778 -7.492177 17.427010
v -47.568092 -5.679220 16.664480
v -47.911144 -4.361568 16.124403
v -48.722973 -4.559739 16.241257
v -50.424400 -17.942856 15.959140
v -50.425140 -19.226622 14.482429
v -51.142700 -18.326206 13.661291
v -50.684441 -19.443872 12.746820
v -50.769363 -19.370874 11.016018
v -50.631298 -19.304359 9.141778
v -50.459213 -19.156757 7.235306
v -50.399990 -18.775461 5.295553
v -46.319904 -4.581279 15.840826
v -44.877708 -4.034126 14.564113
v -45.930851 -2.582241 14.018794
v -49.069374 -18.667040 3.699493
v -49.815125 -17.391520 3.057267
v -49.813976 -16.545998 2.540747
v -48.061157 -15.286939 1.731815
v -47.101639 -13.246919 1.472072
v -46.195599 -11.676318 1.376229
v -45.590210 -9.865573 1.448243
v -46.156723 -8.590747 1.435686
v -44.949200 -7.604937 2.151527
v -45.653652 -5.870443 2.160907
v -46.544071 -4.711638 1.990646
v -46.802109 -3.042637 2.577412
v -42.775665 -4.548345 13.415666
v -42.032429 -4.361299 12.026933
v -42.502327 -3.807585 10.928992
v -42.413605 -4.226559 9.477827
v -42.966316 -3.837560 8.801053
v -43.140766 -4.002159 7.757619
v -42.198582 -5.639934 7.584816
v -42.907196 -6.967195 4.583259
v -44.070778 -5.128492 3.541530
v -45.443802 -4.461083 2.776375
v -48.490429 -13.112147 18.335600
v -47.983379 -11.135875 18.569201
v -48.714294 -10.238039 18.211035
v -47.609478 -9.225428 18.228167
v -49.423004 -17.582483 17.308254
v -49.140369 -16.009720 17.817825
v -49.235806 -14.908719 17.914736
v -45.732857 -8.289150 17.723711
v -45.414310 -6.952657 16.885166
v -45.911278 -5.881792 16.518785
v -49.302731 -19.316683 16.456322
v -49.541325 -19.405354 15.422301
v -49.282497 -20.953102 15.171602
v -49.760262 -20.984297 13.078967
v -49.476803 -20.952091 11.042413
v -49.277569 -20.840956 9.196648
v -49.013287 -20.756346 7.344362
v -48.866207 -20.229822 5.549850
v -44.427242 -5.972189 15.848178
v -42.482437 -5.963622 14.585820
v -47.152893 -20.367722 4.213599
v -47.447079 -18.733067 2.995531
v -48.133389 -17.287865 2.454798
v -49.178650 -16.887093 2.447583
v -46.405319 -16.547237 1.843975
v -45.605591 -14.657548 1.455603
v -45.402493 -13.387803 1.530221
v -44.845184 -12.022941 1.509689
v -43.812988 -10.600169 1.898680
v -44.359165 -9.165213 1.974271
v -43.377159 -9.069505 2.691298
v -44.534336 -5.892786 2.818930
v -41.302322 -5.933434 13.502922
v -41.099762 -5.680490 12.379722
v -40.985798 -5.858161 10.784956
v -41.659023 -5.254095 9.614393
v -40.552086 -7.218333 8.649383
v -41.387897 -7.035258 7.313136
v -41.447956 -8.172983 5.860093
v -41.850330 -9.885803 3.288489
v -47.454212 -14.721082 18.580425
v -46.492664 -12.927710 18.882767
v -46.442440 -11.571661 18.745943
v -46.815842 -10.432664 18.493208
v -45.183453 -9.837747 18.087435
v -48.324284 -18.998356 17.734999
v -48.248947 -17.563566 18.095982
v -48.272957 -16.472887 18.140228
v -44.296803 -8.591522 17.403028
v -43.837555 -7.474914 16.721266
v -48.326111 -20.729261 17.014807
v -48.061474 -22.445225 16.302591
v -48.543152 -22.711100 14.720562
v -48.734409 -22.533415 13.237371
v -47.984531 -22.725782 10.833904
v -48.152988 -22.173967 9.297825
v -47.555859 -22.324642 7.566444
v -46.939835 -21.946520 5.850521
v -42.518604 -7.432728 15.763502
v -40.911068 -7.695978 14.781247
v -39.996544 -7.396224 13.574204
v -45.706310 -21.915867 4.648049
v -45.715763 -20.617052 3.640865
v -45.729462 -19.052954 2.874466
v -46.297066 -18.020258 2.403772
v -45.147221 -17.427727 2.049781
v -44.442249 -16.070728 1.707862
v -44.120842 -14.842749 1.670423
v -43.633007 -13.349653 1.692603
v -43.596478 -12.087915 1.792943
v -41.971550 -11.995644 2.367159
v -42.706303 -10.362871 2.498061
v -39.745914 -7.099842 12.307773
v -39.912918 -6.898523 11.031398
v -38.709072 -8.602745 10.263540
v -39.361893 -9.044657 8.035882
v -40.383423 -8.701649 6.894663
v -40.072113 -10.419698 5.116536
v -40.669537 -11.396506 3.268003
v -46.547081 -16.288189 18.787254
v -45.526901 -14.541875 19.043087
v -45.019386 -13.159653 18.864985
v -44.522434 -11.471406 18.501797
v -43.765991 -10.199290 17.839705
v -42.772053 -9.015547 16.940605
v -47.552628 -20.373423 18.148106
v -47.291122 -19.016697 18.529976
v -47.446064 -17.992031 18.515991
v -46.902618 -21.929222 18.016712
v -46.863743 -23.844694 16.531401
v -47.336418 -24.001980 14.554415
v -48.013252 -23.480595 13.604152
v -46.763535 -24.262140 11.717403
v -46.275040 -24.375277 9.597003
v -46.388687 -23.833580 8.192414
v -45.492489 -23.687691 6.500480
v -44.634396 -23.289682 5.102556
v -40.851063 -9.064103 15.758199
v -39.651058 -9.100878 14.818526
v -39.036682 -8.909814 13.951251
v -38.325203 -8.999179 12.785003
v -38.424057 -8.456728 11.751969
v -44.337601 -21.906832 3.993179
v -45.007324 -21.150682 3.768889
v -44.131348 -19.851410 2.798284
v -43.661804 -17.876087 2.269195
v -43.100780 -16.312681 1.952028
v -42.553692 -14.929769 1.869905
v -42.236473 -13.612403 1.922993
v -40.629490 -13.962578 2.335583
v -39.436573 -12.961695 3.268045
v -37.075706 -10.108262 11.536095
v -37.143070 -10.244228 10.084257
v -37.896660 -10.113440 8.885444
v -38.311852 -10.716791 7.160604
v -37.570976 -13.152145 4.615619
v -45.917320 -17.828157 19.148418
v -44.633789 -16.158619 19.236425
v -43.992733 -14.811722 18.990562
v -43.362427 -13.277503 18.709944
v -42.761662 -11.798386 18.297709
v -42.884090 -10.596479 17.742596
v -41.041145 -10.738670 17.049526
v -46.546593 -20.458364 18.850885
v -46.639748 -19.456053 18.913649
v -45.730797 -23.703493 18.179382
v -45.545280 -22.077293 19.037081
v -45.425083 -20.489187 19.377037
v -45.911945 -25.492016 16.374409
v -46.564793 -24.997601 15.208038
v -45.501579 -25.887173 13.323151
v -45.197987 -25.938080 11.120885
v -45.208813 -25.644585 9.821906
v -44.831436 -25.503584 8.411996
v -44.178482 -25.286512 6.958888
v -43.261780 -24.828360 5.466893
v -43.094524 -23.319304 4.289230
v -43.755268 -22.591133 4.166827
v -39.527355 -10.596071 15.943159
v -39.157303 -10.088470 15.241376
v -37.959621 -10.407449 14.420303
v -37.323685 -10.281281 13.204503
v -42.998104 -21.345551 3.238410
v -42.865540 -19.434780 2.293410
v -42.175278 -18.086683 2.202988
v -41.564812 -16.522425 2.051727
v -41.265045 -15.228425 2.014094
v -39.653534 -15.564495 2.332293
v -38.262501 -15.157702 2.977380
v -37.437065 -14.702300 3.453344
v -35.365749 -12.061466 12.686770
v -34.023460 -13.282070 9.586482
v -45.629276 -19.139231 19.486647
v -44.682938 -17.793385 19.783384
v -44.145607 -16.735237 19.602919
v -42.251762 -15.238900 19.235094
v -41.638039 -13.428179 18.597059
v -41.434193 -12.092974 18.091915
v -39.890053 -12.393849 17.559837
v -38.817574 -11.815525 16.422113
v -44.824131 -25.388994 18.190590
v -44.783031 -23.973242 18.846388
v -44.269608 -22.505764 19.555490
v -44.816200 -21.220787 19.625618
v -43.763123 -19.816637 20.013569
v -44.410309 -18.574743 19.945145
v -44.874905 -27.178314 16.404932
v -45.424961 -26.700436 15.110563
v -44.333694 -27.594002 13.721748
v -44.346546 -27.268627 12.393470
v -44.284512 -27.134562 11.221695
v -44.321346 -26.831116 9.940920
v -43.850128 -26.908760 8.797641
v -43.072304 -26.864017 7.445324
v -41.890076 -26.561909 5.860418
v -41.657471 -25.129145 4.824302
v -41.753708 -23.563950 4.053768
v -42.275257 -22.421465 3.592579
v -37.757896 -11.490469 15.299606
v -36.652191 -11.632313 14.581432
v -36.346363 -11.492856 13.891021
v -41.207077 -21.260235 2.912562
v -41.964947 -19.874170 2.405426
v -40.560478 -18.481844 2.214383
v -40.217152 -16.806751 2.113719
v -38.812248 -17.073158 2.414615
v -37.648640 -16.542145 2.881243
v -35.253090 -17.196396 3.952458
v -35.347919 -13.176053 14.889779
v -33.706333 -13.828642 13.499605
v -32.784931 -14.114823 11.808855
v -42.842648 -17.157631 19.977737
v -40.592922 -16.021978 19.489014
v -40.067989 -14.764298 18.768229
v -40.300190 -13.698927 18.398191
v -38.638775 -13.916701 17.898500
v -37.793972 -13.175350 16.908318
v -37.028275 -12.752276 15.874975
v -43.940666 -27.480330 18.149481
v -43.636997 -25.515442 19.293304
v -44.135872 -24.220278 19.297873
v -42.931114 -23.626175 20.153589
v -43.459064 -22.496241 20.072241
v -42.958790 -21.345888 20.254877
v -42.821156 -19.718987 20.191519
v -42.002285 -18.686750 20.316133
v -43.895481 -28.695812 16.388885
v -43.674877 -28.824820 14.610099
v -43.206635 -29.099573 12.812383
v -43.333969 -28.533850 11.451285
v -43.071838 -28.285460 9.435288
v -42.496529 -28.154146 8.003487
v -41.164986 -28.511494 6.720914
v -40.234550 -27.870777 5.455149
v -40.810951 -26.787460 5.308485
v -40.165543 -25.562622 4.524505
v -40.845242 -24.328730 4.168282
v -39.614372 -22.864105 3.407363
v -39.357418 -20.807178 2.764492
v -40.183662 -19.848309 2.501926
v -41.206909 -19.679722 2.283382
v -38.403637 -19.189470 2.643771
v -39.081921 -18.052536 2.352132
v -38.235291 -18.012217 2.559539
v -36.876923 -17.909122 2.925867
v -35.744621 -19.599569 3.170800
v -34.291973 -19.356636 3.601400
v -33.181717 -19.553688 3.935600
v -35.928249 -13.916547 16.467562
v -34.715649 -14.781854 16.342661
v -33.975914 -14.826732 15.768465
v -32.371014 -15.947054 15.511608
v -30.984804 -16.573727 14.460604
v -40.027946 -17.630356 19.985991
v -39.512249 -16.386011 19.451031
v -38.740028 -15.390038 18.826363
v -37.437824 -15.239389 18.239750
v -36.716488 -14.680949 17.514486
v -42.824692 -26.929722 19.706680
v -42.597939 -29.178747 18.786776
v -43.055496 -29.743294 16.800375
v -42.782455 -25.370596 19.991959
v -41.550091 -25.313065 20.729673
v -41.237392 -23.404758 21.046041
v -41.990040 -22.189875 20.622702
v -41.758186 -20.942085 20.508204
v -42.016335 -19.931929 20.456820
v -40.108639 -19.962843 20.615631
v -42.876179 -30.130960 14.903837
v -42.505264 -30.288916 13.028558
v -42.221642 -30.264711 11.269296
v -41.904671 -30.100157 9.519603
v -41.204502 -29.800879 7.909776
v -39.872192 -30.170095 6.653643
v -39.126415 -29.516129 5.674786
v -38.637424 -28.060432 4.812665
v -38.844521 -26.558607 4.355608
v -38.808170 -25.359161 3.915356
v -38.361519 -23.962227 3.495061
v -37.469124 -22.444958 3.088430
v -37.527012 -21.037472 2.867815
v -35.210350 -21.644735 3.111110
v -33.314526 -20.836147 3.567575
v -31.421637 -20.966583 4.069537
v -31.819260 -19.146814 4.863335
v -34.928070 -16.098110 17.682291
v -33.632187 -15.942821 16.883789
v -38.104927 -18.925962 20.383631
v -38.261181 -17.619631 19.776930
v -38.753696 -16.711901 19.436506
v -37.376980 -16.718000 19.114994
v -36.206905 -16.162821 18.363918
v -41.786625 -28.151005 20.257950
v -41.840313 -26.914768 20.489328
v -41.023827 -30.048082 20.319736
v -41.967903 -30.859663 18.678228
v -42.160934 -31.205923 17.008850
v -41.971100 -31.399015 15.085128
v -40.615730 -26.872019 21.168734
v -40.004932 -25.194908 21.489458
v -39.799500 -23.682337 21.403399
v -40.207035 -22.596104 21.212727
v -40.807220 -21.643814 20.953495
v -39.028908 -21.748936 21.244507
v -37.044701 -20.604507 20.901873
v -41.661877 -31.639589 13.199715
v -41.313572 -31.749580 11.352625
v -40.962639 -31.728991 9.619477
v -40.368935 -31.569937 8.231953
v -39.437195 -31.489201 6.983948
v -38.284985 -31.145664 5.885104
v -37.546143 -29.878315 5.028826
v -37.345287 -28.383015 4.520754
v -37.315258 -26.660934 3.964888
v -37.890404 -25.884150 3.879669
v -38.300690 -25.640081 3.880952
v -36.961143 -24.719580 3.426156
v -36.427887 -23.029551 3.136963
v -34.170601 -23.326052 3.179620
v -32.406746 -22.609482 3.436610
v -31.127373 -22.176989 3.788329
v -29.656443 -22.427052 4.056994
v -29.594461 -21.446329 4.424188
v -35.355183 -18.076975 19.326145
v -34.051952 -17.726212 18.563669
v -33.111938 -17.498259 17.847153
v -36.469154 -19.138498 20.275805
v -37.083157 -18.112316 19.808411
v -40.889999 -28.376513 20.833015
v -41.169060 -32.029640 19.202162
v -40.553535 -32.067028 20.328487
v -39.687992 -31.634422 21.438793
v -39.729706 -29.834534 21.598959
v -39.923141 -28.307474 21.510763
v -41.163559 -32.820953 17.377312
v -41.122040 -32.554989 15.292032
v -40.780678 -33.042053 13.362410
v -39.340385 -26.811937 21.896061
v -39.065151 -25.546440 21.893358
v -38.631039 -24.092300 21.786350
v -38.492481 -22.955244 21.598726
v -37.140739 -22.755821 21.750792
v -35.321011 -22.047621 21.454298
v -35.070831 -20.682613 20.757652
v -35.426640 -19.654734 20.334829
v -40.424015 -33.204468 11.478352
v -40.086224 -33.232101 9.719293
v -39.491871 -33.105282 8.354532
v -38.951420 -32.809578 7.285625
v -37.551529 -32.679874 5.961300
v -37.421215 -31.599503 5.539101
v -36.352749 -30.741554 4.771474
v -35.880859 -28.783882 4.143461
v -35.464005 -26.885799 3.617004
v -36.081661 -25.713959 3.486623
v -34.614346 -24.912661 3.196506
v -32.552273 -24.625433 3.164011
v -31.201927 -24.135199 3.327210
v -29.818489 -23.573700 3.720375
v -27.855541 -23.646631 4.035728
v -28.420549 -22.452063 4.370076
v -26.994911 -21.821463 5.110187
v -33.992565 -19.949635 20.179222
v -32.991966 -19.196127 19.348677
v -31.115704 -20.382484 19.437801
v -40.242027 -33.375744 19.692719
v -40.719105 -33.203224 18.694304
v -39.402977 -33.453762 20.864153
v -38.719528 -30.330172 22.455252
v -38.715431 -32.048649 22.425005
v -38.405319 -33.614326 22.016924
v -38.676842 -28.630346 22.169672
v -38.378471 -27.187307 22.231823
v -39.923908 -34.494007 18.410236
v -40.203217 -33.971764 16.456373
v -40.680779 -33.458851 15.640620
v -39.935642 -34.739456 13.889768
v -39.511433 -34.767529 11.568069
v -37.594131 -25.691011 22.270023
v -37.453812 -24.371180 22.123524
v -35.010384 -24.008602 22.179813
v -33.560997 -22.255413 21.367779
v -33.783867 -21.167656 20.842888
v -39.093777 -34.705875 9.834832
v -38.789169 -34.409065 8.557957
v -37.547714 -34.548389 7.029524
v -36.373833 -34.422585 5.757071
v -36.193947 -33.117958 5.180234
v -36.286022 -32.129326 5.053082
v -34.883347 -31.854095 4.328864
v -34.543205 -29.933399 3.889618
v -35.063831 -29.217209 3.955687
v -33.466385 -27.794733 3.371207
v -33.918171 -26.265865 3.263015
v -32.264233 -26.188639 3.149246
v -30.221018 -25.729309 3.124464
v -28.152887 -25.139570 3.324603
v -25.706394 -24.868233 3.547977
v -26.366573 -23.725622 4.188946
v -24.810230 -23.461290 4.339139
v -23.973246 -22.599886 5.166612
v -32.199902 -20.996222 20.437904
v -31.839046 -22.918341 21.649343
v -29.759577 -22.776306 21.385633
v -29.038605 -21.596468 19.857664
v -30.267508 -20.035683 18.635695
v -39.044872 -34.955757 20.161556
v -38.144257 -35.127705 21.253742
v -37.732719 -31.365105 23.186401
v -37.484684 -29.954271 23.279831
v -37.343651 -28.594034 22.990784
v -37.326923 -33.495205 23.169758
v -37.516644 -34.853123 22.388288
v -37.459751 -34.942890 21.827047
v -37.465595 -27.465057 22.335987
v -35.865730 -26.367243 22.912165
v -38.649223 -35.425777 18.822247
v -39.302158 -35.605423 18.494581
v -39.190819 -35.464661 17.251995
v -39.979324 -34.729507 16.980942
v -39.786514 -35.010498 15.745798
v -38.893810 -36.541870 15.148586
v -38.549847 -36.747852 12.980776
v -38.503891 -36.433029 11.508285
v -38.093773 -36.339451 9.814129
v -33.444286 -25.334070 23.126457
v -32.861084 -24.239668 22.526035
v -37.442032 -36.088242 8.200378
v -36.193798 -36.519390 6.719244
v -35.233814 -35.813366 5.399539
v -35.515564 -34.809555 5.267806
v -34.727505 -34.035645 4.629587
v -33.192390 -32.789768 3.756043
v -33.401878 -31.379417 3.617452
v -33.964478 -30.639069 3.775993
v -32.743134 -29.525389 3.326267
v -31.129187 -28.410400 3.065892
v -31.588665 -27.390802 3.125147
v -29.732285 -27.415895 2.977783
v -27.608471 -27.044350 2.852177
v -24.845470 -26.527025 2.746497
v -23.875830 -25.178680 3.120153
v -23.563362 -24.014229 3.788127
v -22.469774 -22.680384 4.841878
v -22.597809 -21.364088 7.017375
v -31.147905 -24.716646 23.087030
v -29.644316 -24.018370 22.663616
v -27.963636 -24.496248 22.866983
v -38.155224 -36.029026 20.634310
v -37.805172 -36.845505 19.386417
v -37.403091 -36.151463 21.973185
v -37.086533 -36.662441 20.984005
v -36.547356 -31.721708 23.926584
v -36.502460 -30.301075 23.803642
v -36.071770 -28.827457 23.669176
v -35.983601 -27.586239 23.288242
v -36.648834 -27.415409 22.866055
v -35.933311 -33.082664 24.443851
v -36.219662 -35.206371 23.910967
v -36.942703 -35.942509 22.881491
v -34.908550 -27.792923 23.778664
v -33.108364 -26.838228 23.878836
v -38.453156 -36.374359 17.878759
v -38.844894 -36.511833 16.818178
v -37.878929 -37.904366 17.055132
v -37.776165 -38.255306 14.757357
v -37.692516 -38.034351 13.148663
v -37.471210 -37.969288 11.481210
v -37.205299 -37.920300 9.792355
v -36.478313 -37.876270 8.536838
v -31.816578 -25.786587 23.666857
v -35.500957 -37.903702 7.193515
v -34.535519 -37.746639 5.872350
v -33.571945 -37.313381 4.792197
v -33.603260 -35.830109 4.418360
v -34.343590 -35.175884 4.655377
v -33.718327 -34.896034 4.317622
v -32.099041 -34.567291 3.657000
v -31.432480 -32.731915 3.124568
v -32.482620 -32.007515 3.383343
v -31.802513 -30.996843 3.153494
v -29.903664 -30.021393 2.837017
v -29.528759 -28.702694 2.854368
v -27.537361 -29.083162 2.561701
v -25.420055 -28.256987 2.422584
v -23.164448 -28.218128 2.114956
v -22.466461 -26.690786 2.349311
v -22.351414 -25.215916 2.806267
v -22.832232 -24.412794 3.329393
v -21.667431 -23.264641 3.709774
v -20.360455 -21.510866 4.548007
v -21.100975 -21.838875 5.911568
v -19.837770 -19.600113 5.758790
v -20.356260 -19.481306 8.496032
v -21.641932 -20.682680 8.438660
v -23.437696 -20.067785 10.674930
v -29.982323 -26.027237 24.100016
v -28.898378 -25.313580 23.645416
v -27.409075 -27.128967 24.839247
v -24.983196 -25.452112 23.162144
v -36.357876 -38.297428 20.500225
v -37.209656 -38.087868 19.375984
v -37.596931 -38.021145 18.690306
v -36.488655 -37.732334 22.017977
v -36.605354 -36.748917 21.574017
v -35.460758 -31.258575 24.626942
v -35.925812 -30.655088 24.218874
v -34.969444 -29.294006 24.316668
v -35.240833 -28.582418 23.825686
v -35.247246 -34.471584 24.887983
v -34.708614 -32.983948 25.155615
v -34.386871 -31.698624 25.071482
v -34.733078 -36.392967 24.630053
v -35.644577 -37.566051 23.438290
v -33.439339 -28.134909 24.220118
v -32.648216 -27.543415 24.262962
v -31.400118 -27.680298 24.752672
v -31.299747 -26.320410 24.163509
v -37.124847 -39.202496 18.750715
v -36.964382 -39.757420 16.784140
v -36.753494 -39.577099 14.972845
v -36.577324 -39.490086 13.081296
v -36.611855 -39.216709 11.596625
v -36.109486 -39.301582 10.240753
v -35.763077 -39.116348 8.981711
v -34.503826 -39.618950 7.684676
v -33.593872 -39.341850 6.210524
v -32.674221 -38.850807 4.946137
v -32.218491 -37.531013 4.179764
v -32.449612 -36.363701 4.070045
v -30.625244 -36.320210 3.339234
v -29.732502 -34.614788 2.838454
v -29.618137 -33.259476 2.661394
v -30.193853 -31.742804 2.805668
v -28.326611 -31.733452 2.449773
v -27.992586 -30.407766 2.486378
v -26.246618 -30.961649 2.139575
v -24.180502 -29.955866 1.952537
v -21.750004 -29.588017 1.610708
v -22.098225 -28.517286 1.877124
v -21.302574 -27.571087 1.947831
v -20.641056 -25.263865 2.442095
v -21.062050 -24.133310 3.031334
v -19.804838 -22.759705 3.282722
v -19.083055 -20.890152 3.916063
v -18.757071 -19.449505 4.524776
v -18.436827 -17.671682 5.306339
v -19.364611 -17.754555 6.234031
v -19.723322 -18.156799 6.653814
v -18.967352 -18.901533 7.344712
v -19.579939 -16.852499 8.318863
v -19.514711 -17.792437 10.510272
v -20.747587 -19.260225 10.098521
v -20.809059 -18.991339 11.438997
v -21.465847 -19.549765 13.366172
v -30.354685 -26.414648 24.439564
v -29.504217 -27.093569 24.785271
v -29.025232 -28.668261 25.648083
v -27.258854 -28.793810 25.887337
v -25.650372 -28.970650 26.108271
v -24.003151 -28.310434 25.973246
v -23.011410 -26.696461 25.516218
v -22.681955 -25.452105 25.067049
v -22.179598 -24.034229 24.413834
v -35.809078 -38.343285 21.533045
v -35.670483 -39.442158 21.626791
v -36.086018 -39.568493 20.480791
v -36.014946 -39.496563 19.487701
v -34.801712 -39.378979 22.828463
v -33.743732 -30.100491 24.960775
v -33.098019 -28.831564 24.727230
v -33.894745 -34.845173 25.501909
v -33.739056 -33.273037 25.513515
v -33.523960 -32.051590 25.480576
v -32.527035 -30.562565 25.508619
v -32.887730 -36.465881 25.621605
v -33.543518 -37.995934 24.843969
v -34.692356 -37.882629 24.194530
v -33.724228 -39.234592 23.966030
v -32.063015 -29.111921 25.241999
v -30.657728 -29.354132 25.841728
v -35.947376 -40.488766 19.109940
v -36.195007 -40.169117 17.647379
v -35.918755 -41.036247 16.664644
v -35.595463 -41.122509 15.068642
v -35.312565 -41.024174 13.069005
v -35.116432 -40.726620 11.010380
v -34.337563 -40.718693 8.922168
v -33.169395 -41.231262 7.553565
v -32.568863 -40.978561 6.477011
v -31.534439 -40.616295 5.066281
v -31.035572 -39.171494 4.157283
v -31.296087 -38.047283 3.905486
v -29.456627 -37.930584 3.099551
v -28.809740 -36.246986 2.617922
v -28.859236 -35.199184 2.538843
v -27.667358 -33.676586 2.235602
v -26.930651 -32.173786 2.147473
v -25.493685 -32.590286 1.815197
v -23.544424 -31.950466 1.570577
v -21.579763 -31.503189 1.297014
v -19.826418 -30.928249 1.065022
v -20.211267 -29.463774 1.326101
v -20.835030 -28.594601 1.613878
v -19.898602 -27.527617 1.615882
v -19.522945 -25.825964 1.981168
v -18.865705 -23.883886 2.405672
v -18.114592 -21.947329 2.850344
v -18.624956 -21.290863 3.414042
v -17.445799 -19.424454 3.582583
v -17.413660 -17.434483 4.550718
v -17.443178 -16.066170 5.646207
v -18.159779 -16.112480 6.413878
v -18.838810 -16.641872 6.808134
v -18.509802 -15.126623 7.803980
v -19.186222 -14.799059 9.400478
v -19.592857 -15.421878 10.345300
v -19.570469 -16.453442 11.831654
v -19.749773 -17.832836 11.677283
v -20.255674 -17.864639 13.229743
v -29.484362 -29.295765 26.037695
v -28.974117 -30.465496 26.344856
v -27.500771 -29.911949 26.414381
v -26.642635 -29.337032 26.335228
v -25.776917 -30.240103 26.694908
v -24.135777 -29.963526 26.758194
v -24.558125 -29.103910 26.287388
v -22.357290 -29.582758 27.135441
v -22.770380 -28.526464 26.544575
v -22.026510 -27.537638 26.534573
v -21.519510 -25.472162 25.930868
v -21.705473 -24.554867 25.252504
v -22.840567 -23.847218 23.271744
v -21.596422 -22.237892 23.152775
v -20.820599 -22.415150 24.520458
v -20.467285 -23.367453 25.603537
v -33.994740 -41.058144 22.257095
v -34.950520 -40.794823 21.021402
v -35.069206 -40.089375 20.422838
v -32.832848 -41.028770 23.296556
v -32.730865 -34.783817 25.934853
v -32.486191 -33.418804 25.937035
v -32.086784 -31.763134 25.888268
v -31.455374 -30.473047 25.939608
v -32.169003 -38.346893 25.640713
v -31.621647 -37.327366 26.120106
v -32.200901 -36.447929 25.995901
v -31.557419 -35.468422 26.143597
v -32.357456 -39.560474 24.946501
v -31.683872 -40.981979 24.240515
v -30.569572 -30.671593 26.199467
v -35.010284 -41.556759 17.663374
v -34.215202 -42.729137 15.566857
v -33.991703 -42.660725 13.216918
v -33.706467 -42.589436 11.170477
v -32.965878 -42.651657 9.197288
v -32.672989 -42.230057 7.955926
v -31.670891 -42.515678 6.768127
v -30.787540 -42.360176 5.545025
v -30.118814 -41.898556 4.566054
v -30.606100 -40.957424 4.490559
v -29.972120 -40.184605 3.839102
v -28.401285 -39.179588 2.778188
v -27.738764 -37.795979 2.271447
v -27.458982 -36.489712 2.127955
v -27.775682 -35.292019 2.214484
v -26.252531 -34.963242 1.812611
v -26.169888 -33.628113 1.826989
v -24.707354 -34.004902 1.498752
v -22.865673 -33.593983 1.255078
v -20.820930 -33.166313 0.981700
v -18.862534 -32.559155 0.713900
v -17.911724 -30.982800 0.743241
v -18.406788 -29.875847 0.969223
v -18.755920 -28.443214 1.234612
v -18.968424 -27.325413 1.450237
v -18.089954 -26.047478 1.540392
v -18.337036 -24.619808 1.969180
v -16.850351 -22.777699 2.016603
v -17.046715 -20.873682 2.778573
v -15.753296 -19.210360 2.687314
v -15.946158 -17.274504 3.501665
v -16.366135 -16.230040 4.306162
v -16.579872 -14.962847 5.403392
v -17.192619 -14.883888 6.217336
v -17.691738 -15.096290 6.698768
v -17.371607 -13.519567 7.296373
v -18.450432 -13.499848 9.405018
v -19.098614 -13.841032 11.296679
v -19.294022 -15.037137 11.449403
v -19.413948 -15.103121 12.708497
v -19.790241 -16.397758 13.135913
v -20.135517 -16.241936 14.942038
v -20.792793 -18.044426 15.347890
v -21.228222 -19.131231 15.160209
v -22.320660 -20.949280 17.298471
v -30.270447 -32.297203 26.343407
v -28.017813 -32.445557 26.952841
v -26.315514 -31.607309 27.035566
v -24.250427 -31.664568 27.351213
v -22.455673 -31.683922 27.808844
v -21.330458 -31.147987 28.074713
v -21.154551 -29.733326 27.812479
v -21.035261 -28.105301 27.353767
v -21.181053 -27.255840 26.987936
v -20.457275 -26.212822 27.048319
v -20.328753 -24.754530 26.467863
v -22.562817 -22.549332 21.337374
v -21.464207 -20.553696 21.348303
v -20.700645 -20.706364 23.137621
v -20.345959 -21.283318 24.119602
v -19.244268 -21.457197 25.505310
v -18.748184 -23.011377 26.756762
v -19.067575 -24.720802 27.229626
v -31.955385 -42.662498 22.336578
v -33.210892 -42.216824 21.534935
v -34.140236 -41.419842 21.174961
v -34.282345 -41.504395 19.722315
v -30.882195 -42.624256 23.366262
v -31.568859 -33.817650 26.128553
v -30.958036 -39.686512 25.686962
v -30.252134 -38.839024 26.328724
v -30.050154 -37.426666 26.545221
v -30.866928 -36.589619 26.272333
v -30.381907 -35.962692 26.616138
v -29.944563 -34.885868 26.683519
v -30.503546 -33.839157 26.488295
v -30.405310 -40.907501 25.252417
v -29.814991 -42.499619 24.515942
v -33.999779 -42.755806 18.406334
v -34.202431 -42.768429 17.150867
v -33.289970 -44.109703 16.944351
v -32.664108 -44.463894 14.786652
v -32.624317 -44.243958 13.209606
v -32.367382 -44.169918 11.316501
v -31.975771 -44.100533 9.610534
v -31.606712 -44.037476 8.533867
v -31.155279 -43.903774 7.427915
v -29.654718 -44.180763 5.747776
v -28.976288 -43.405392 4.519523
v -29.137329 -42.086079 4.088005
v -29.342604 -41.378212 3.912828
v -27.970463 -41.197788 3.230658
v -27.088196 -39.381054 2.401295
v -26.977383 -38.324108 2.140503
v -25.392763 -36.815590 1.608756
v -24.635641 -35.157066 1.404440
v -22.548107 -35.427109 1.015108
v -20.033636 -34.783222 0.731822
v -17.833481 -34.139915 0.461883
v -16.604282 -32.760380 0.393993
v -16.259703 -31.132124 0.470186
v -16.523939 -29.946012 0.633947
v -16.979815 -28.628620 0.860136
v -17.497190 -27.313658 1.150834
v -16.198284 -26.149986 1.048705
v -16.576668 -24.585310 1.434046
v -15.083107 -23.575506 1.237325
v -15.483392 -22.187450 1.648692
v -15.119703 -20.785688 1.907513
v -14.334520 -19.005762 2.093098
v -14.224186 -17.222345 2.517586
v -14.970756 -16.071381 3.229318
v -15.416312 -14.698886 4.039839
v -15.756493 -13.457462 5.088906
v -16.495638 -13.392375 6.075114
v -16.650646 -11.743971 6.760978
v -17.394789 -11.548609 8.258319
v -17.915989 -11.895451 9.490451
v -18.511723 -12.012578 11.220976
v -18.989241 -12.124941 13.154640
v -19.342756 -13.726350 13.303459
v -19.627172 -14.797823 13.945194
v -19.751560 -14.203709 15.173208
v -20.101768 -15.153606 17.151575
v -20.690502 -16.816940 17.258970
v -20.913801 -17.834164 16.809563
v -21.390926 -19.068533 16.708263
v -21.229792 -18.935627 18.937876
v -22.048132 -20.880804 19.256287
v -28.699610 -33.749966 26.943539
v -29.371290 -32.412746 26.830858
v -26.514883 -33.907349 27.471388
v -25.728558 -33.213909 27.553396
v -24.007694 -33.378979 27.816133
v -22.830837 -32.934208 27.990719
v -21.621635 -33.288101 28.466763
v -20.717842 -32.642555 28.717207
v -20.419966 -31.341202 28.422724
v -20.351704 -30.046291 28.212664
v -20.091585 -28.600227 27.980246
v -19.713245 -27.089224 27.767944
v -19.377150 -25.977654 27.588589
v -20.987307 -19.200098 20.858622
v -20.677019 -19.183697 21.918079
v -20.317429 -19.675791 22.770990
v -19.187140 -19.635845 24.296677
v -18.189760 -19.810667 25.575687
v -17.801296 -20.551016 26.366901
v -17.460548 -21.968546 27.053461
v -17.947956 -24.175100 27.622826
v -16.834921 -23.626253 28.111429
v -18.447264 -26.193014 28.169413
v -17.057747 -25.460857 28.346388
v -30.555283 -44.149876 22.341240
v -31.019966 -43.260754 21.961016
v -31.285187 -43.841042 21.368382
v -32.201103 -43.016003 20.852608
v -33.248589 -42.469597 20.583485
v -32.999439 -42.963249 19.624817
v -29.436407 -44.159473 23.570862
v -29.181126 -40.436665 26.221325
v -28.433969 -39.103249 26.831009
v -28.529846 -37.609783 26.975498
v -29.158342 -36.792660 26.835398
v -29.791649 -36.495728 26.627602
v -28.383978 -35.698292 27.130669
v -28.180964 -42.012428 25.929054
v -28.330435 -44.030014 24.793835
v -32.917816 -43.979671 18.697205
v -31.519106 -45.423340 18.305716
v -31.693115 -45.118858 16.741198
v -31.678099 -45.536560 15.083133
v -31.346867 -45.737259 13.167167
v -31.087854 -45.736542 11.325763
v -30.741426 -45.662861 9.577044
v -30.291929 -45.371304 8.025094
v -29.153875 -45.590672 6.397840
v -28.079794 -45.800705 5.207904
v -27.653503 -45.063259 4.314159
v -27.614428 -43.802738 3.727401
v -27.793095 -42.828316 3.578666
v -26.431198 -42.553219 2.786291
v -26.093210 -40.935555 2.302853
v -25.996454 -39.726372 2.121805
v -25.917105 -38.486835 1.865754
v -23.937632 -38.414577 1.366255
v -23.257799 -36.889431 1.141848
v -21.245373 -37.220467 0.721461
v -19.087660 -36.427540 0.501750
v -16.826416 -35.712582 0.254505
v -15.506879 -34.366627 0.199883
v -14.958541 -32.886597 0.240389
v -14.337744 -31.199297 0.231651
v -14.688878 -30.144913 0.327745
v -14.946309 -28.729801 0.507658
v -15.459966 -27.302425 0.744203
v -13.773306 -25.706507 0.604311
v -13.116991 -23.341339 0.744226
v -13.859207 -22.015036 1.177413
v -14.687287 -21.619991 1.496143
v -13.450836 -19.993883 1.488807
v -13.021828 -17.642820 1.895335
v -12.973377 -15.615112 2.375528
v -13.948364 -14.531764 2.976164
v -14.647103 -13.227573 3.684789
v -15.171560 -11.919933 4.640627
v -15.884786 -11.794298 5.567259
v -16.262053 -10.181359 6.033258
v -17.022791 -9.936320 7.445643
v -17.360893 -10.232500 8.604927
v -17.722073 -10.544767 9.660194
v -18.103762 -10.447749 11.141793
v -18.522566 -10.457079 12.975652
v -18.836720 -10.564690 15.116943
v -19.216892 -11.939656 14.344871
v -19.470062 -13.013852 14.433297
v -19.563841 -12.819388 15.617818
v -19.648802 -13.266275 16.898680
v -19.695473 -13.807652 18.415443
v -20.054333 -15.442331 18.998020
v -20.540335 -16.427017 18.395203
v -20.972212 -17.549385 18.535275
v -21.023945 -17.808781 17.864815
v -20.466225 -17.141157 19.711430
v -20.129248 -17.876045 21.222017
v -26.331238 -35.407032 27.493179
v -25.248920 -35.078480 27.684952
v -24.346800 -34.743992 27.900600
v -22.722128 -35.003929 28.323114
v -22.000687 -34.295330 28.505676
v -20.213797 -34.286919 29.242411
v -19.492876 -32.861053 29.312750
v -19.390102 -31.346479 29.033035
v -19.642715 -30.210754 28.591415
v -19.209948 -28.853725 28.442223
v -18.966753 -27.622379 28.283625
v -19.255678 -18.137827 23.153290
v -18.238432 -17.994057 24.460575
v -17.098663 -17.982710 25.557526
v -17.340658 -19.366844 26.097057
v -16.437511 -20.512564 27.127539
v -16.141737 -18.884998 26.740484
v -16.334709 -22.313732 27.767801
v -15.290552 -21.050535 27.675667
v -15.665759 -25.012115 29.109747
v -15.161108 -23.403996 28.937454
v -15.687314 -22.427759 28.214268
v -17.521942 -27.581179 28.957262
v -15.341846 -26.645889 29.594042
v -29.023809 -45.589916 22.466990
v -29.834824 -45.361252 21.761744
v -30.416403 -45.468552 20.581474
v -31.458076 -44.175491 19.662409
v -27.938101 -45.994896 23.757130
v -28.192844 -40.877094 26.423338
v -27.168730 -39.946285 27.046057
v -26.883947 -37.907047 27.349451
v -27.464853 -36.864113 27.352070
v -26.612602 -36.476368 27.604292
v -26.951015 -43.669975 25.937014
v -27.095457 -42.471916 26.309532
v -25.982088 -41.534004 27.051386
v -27.026194 -45.268276 24.975588
v -29.858307 -47.015217 18.846687
v -30.499504 -47.048618 17.082569
v -31.132339 -46.082123 16.926605
v -30.551167 -46.892925 15.433849
v -30.197994 -47.156017 13.312569
v -29.861427 -47.268253 11.374920
v -29.451895 -47.293716 9.591538
v -28.991146 -47.134850 8.053002
v -28.302643 -47.017067 6.690029
v -27.364262 -47.004898 5.380095
v -26.485853 -46.568878 4.165672
v -26.212736 -45.158104 3.403819
v -26.601759 -44.139595 3.303621
v -24.987131 -43.822884 2.319137
v -25.115902 -42.325768 2.080107
v -24.940388 -41.227909 1.860457
v -24.798355 -40.025642 1.720093
v -22.820332 -39.974083 1.136807
v -22.040939 -38.516418 0.900510
v -20.177519 -38.786785 0.506686
v -18.064590 -38.027088 0.341788
v -15.807253 -37.276913 0.131971
v -14.464628 -35.939762 0.061042
v -13.838812 -34.499119 0.111163
v -12.989030 -32.924236 0.108052
v -12.312704 -31.182842 0.095234
v -12.599301 -29.802822 0.136482
v -13.590784 -29.328785 0.236628
v -12.403442 -27.529339 0.211107
v -11.456800 -25.274710 0.240194
v -11.429887 -23.560865 0.376173
v -11.988483 -22.023556 0.699214
v -12.828824 -21.477345 1.001676
v -11.587365 -19.974506 0.929822
v -11.480130 -17.871910 1.276447
v -11.393524 -15.613151 1.683597
v -12.126983 -14.149423 2.250783
v -12.984024 -13.114983 2.697744
v -13.895424 -11.744712 3.298679
v -14.797551 -10.407480 4.137469
v -15.495209 -10.246418 5.004570
v -15.947723 -8.609144 5.383077
v -16.859377 -8.403209 6.578697
v -17.105499 -8.849984 7.397392
v -17.422157 -8.740125 8.911940
v -17.769161 -9.035246 10.684442
v -18.119871 -8.864147 12.827838
v -18.468618 -8.975325 14.370728
v -18.338299 -8.524156 15.766517
v -18.433065 -9.268265 17.422441
v -18.961660 -10.734214 16.853901
v -19.302069 -11.790454 16.437027
v -19.158361 -11.742681 15.144865
v -18.983585 -11.908148 18.347105
v -19.172901 -13.472691 19.616226
v -19.490023 -14.809600 19.954851
v -19.883053 -15.912534 20.073612
v -19.385326 -15.922776 21.098930
v -18.662716 -16.341795 22.714333
v -25.196154 -37.102375 27.581951
v -23.955233 -36.371189 27.917330
v -22.403191 -36.330811 28.554920
v -20.893848 -36.022057 29.158867
v -19.078348 -36.012241 29.926842
v -18.935783 -34.599083 29.902065
v -18.960003 -33.465424 29.668526
v -18.166439 -32.044170 29.737288
v -17.966665 -30.187576 29.496258
v -18.627333 -29.362503 28.978243
v -17.511101 -16.321865 24.364674
v -16.147158 -17.860228 26.268427
v -15.256950 -16.628727 26.329754
v -16.063564 -15.358020 25.215458
v -14.927807 -19.286234 27.508402
v -14.281940 -17.506374 27.242254
v -14.763775 -21.701769 28.489958
v -13.666273 -20.593025 28.316360
v -13.849023 -19.412886 27.845196
v -15.132592 -25.460381 29.536669
v -14.253394 -24.434595 29.680197
v -13.517211 -22.083193 29.188185
v -17.667774 -28.959436 29.321293
v -16.627138 -28.980694 29.764448
v -15.007612 -28.495226 30.285450
v -14.758449 -27.411968 30.092115
v -13.695482 -26.969860 30.436098
v -13.995210 -25.634596 30.038752
v -27.982830 -47.116127 22.359930
v -28.357861 -46.369865 21.498592
v -29.107616 -45.928833 21.206949
v -29.150715 -47.155499 20.404005
v -26.013021 -47.283287 24.406069
v -26.951330 -48.266636 22.734383
v -25.352762 -39.523643 27.601727
v -25.666632 -38.427132 27.579384
v -25.701126 -45.134899 25.932379
v -26.196064 -44.069954 26.202024
v -25.800936 -43.331688 26.681662
v -24.419573 -42.551563 27.449528
v -24.246134 -41.055309 27.819948
v -24.243656 -39.741203 27.785862
v -28.816849 -47.501671 19.222694
v -28.834024 -48.496243 18.679939
v -29.429173 -47.689102 17.355005
v -29.199051 -48.637035 15.739090
v -29.023687 -48.676212 13.416298
v -28.679960 -48.783283 11.468874
v -28.297865 -48.872849 9.594098
v -27.582767 -49.009941 7.827902
v -27.436071 -48.374439 6.768400
v -26.493118 -48.458347 5.532292
v -25.578163 -48.129833 4.242875
v -25.052971 -46.829769 3.273450
v -25.253719 -45.683331 2.958882
v -23.367140 -45.394566 1.923854
v -24.017536 -44.104305 1.872432
v -23.461634 -43.204964 1.426997
v -23.947126 -41.799591 1.478313
v -21.587444 -41.502796 0.817407
v -20.937656 -40.051414 0.658113
v -19.124573 -40.318199 0.347109
v -17.076900 -39.541534 0.213070
v -14.779398 -38.843876 0.077719
v -13.432033 -37.515217 0.036925
v -12.786511 -36.100521 0.035689
v -11.876023 -34.561035 0.037177
v -11.038593 -32.949333 0.055905
v -10.291378 -31.199024 0.037073
v -10.521280 -29.807856 0.035540
v -11.492051 -29.141138 0.077798
v -10.261875 -27.582672 0.072301
v -9.875132 -25.530460 0.119776
v -9.512944 -23.532576 0.182775
v -10.077546 -22.035412 0.368406
v -10.956506 -21.503731 0.559466
v -9.672459 -20.031765 0.521647
v -9.735758 -18.046680 0.763451
v -9.604878 -15.788635 0.984888
v -10.219769 -14.138542 1.371131
v -10.964899 -13.494752 1.765697
v -11.511577 -13.782833 2.037201
v -11.864840 -11.971508 2.125696
v -13.155668 -10.372809 2.746505
v -14.322824 -8.878400 3.511993
v -15.155335 -8.670818 4.366549
v -15.695083 -6.883020 4.740678
v -16.477684 -7.039260 5.789676
v -16.909288 -7.056525 6.922896
v -17.421434 -7.134645 8.719827
v -17.720938 -7.277146 10.790639
v -17.899096 -7.243575 12.792441
v -17.934532 -7.246545 14.946543
v -17.865257 -6.989069 17.138783
v -17.485430 -7.762203 19.104136
v -18.018526 -9.198187 18.826904
v -18.316570 -10.676299 19.270342
v -18.574184 -11.758183 19.453386
v -18.348696 -12.665708 20.745296
v -18.874212 -14.399261 20.951366
v -18.126347 -14.549839 22.423723
v -17.666365 -15.166110 23.548346
v -24.544344 -38.442024 27.671234
v -23.355133 -38.332577 28.161770
v -22.229122 -37.706921 28.672108
v -20.548620 -38.121281 29.428223
v -19.087831 -37.785130 30.110044
v -17.889585 -37.302200 30.524557
v -18.312597 -36.335545 30.253448
v -17.817240 -35.240627 30.225327
v -17.878798 -33.349804 30.030516
v -17.647301 -32.333420 30.043980
v -16.751364 -32.152180 30.267195
v -17.124834 -30.673956 29.994343
v -16.703787 -13.679729 23.796108
v -13.508579 -15.851951 26.965706
v -14.110294 -14.579924 26.149067
v -15.093739 -14.936923 25.725334
v -15.000776 -13.247458 25.056604
v -13.256999 -17.864723 27.828728
v -12.640854 -16.303450 27.646166
v -12.420489 -20.608187 29.125648
v -12.073609 -19.210688 28.678104
v -13.251886 -19.387573 28.235153
v -12.321801 -18.219780 28.084032
v -12.526256 -24.445457 30.413301
v -12.278967 -22.621124 29.933533
v -11.924459 -21.197981 29.639011
v -15.603632 -30.609571 30.512114
v -13.884129 -29.964138 31.092539
v -14.197771 -28.556452 30.774672
v -12.551143 -28.262146 31.206736
v -12.594647 -27.052988 30.876617
v -11.399073 -25.871952 30.978777
v -27.469419 -48.680702 21.201696
v -28.251022 -47.535732 21.241234
v -28.314730 -48.387230 20.384523
v -24.287121 -46.701683 26.042664
v -24.363173 -49.084206 24.715511
v -25.488157 -50.092499 22.589033
v -26.594830 -49.785961 21.475344
v -24.544641 -45.164089 26.539141
v -24.787420 -44.129925 26.801619
v -23.341017 -44.380608 27.385719
v -23.045090 -42.154152 28.175259
v -23.658850 -41.472507 28.036989
v -22.836744 -40.317356 28.557615
v -27.354422 -49.277714 19.538328
v -27.607237 -50.073994 18.272137
v -28.043743 -49.504295 16.842035
v -28.101913 -50.054642 14.974342
v -27.909073 -50.115482 13.452928
v -27.505577 -50.301693 11.539728
v -27.174250 -50.335766 9.868725
v -26.613276 -50.464367 8.334729
v -25.871218 -50.688713 6.992223
v -25.678177 -50.071236 5.845402
v -24.586445 -49.714657 4.264464
v -24.205818 -48.553314 3.331429
v -24.251522 -47.416920 3.009746
v -22.831465 -47.865238 2.196963
v -21.434420 -46.778492 1.285229
v -20.959906 -45.053551 0.914680
v -21.698931 -44.175213 0.988053
v -22.640158 -43.965401 1.281095
v -21.931948 -43.152531 0.985346
v -20.157377 -43.079941 0.615566
v -19.692902 -41.554634 0.451419
v -17.744455 -41.823849 0.210739
v -16.429518 -40.864403 0.154760
v -13.782470 -40.542599 0.030396
v -12.389650 -39.191025 -0.002096
v -11.752790 -37.740463 0.010808
v -10.824342 -36.201355 0.006101
v -9.947222 -34.607624 0.022394
v -9.075612 -32.969585 0.013582
v -8.318911 -31.201466 0.007997
v -8.559938 -29.805044 0.019761
v -9.504376 -29.163555 0.031614
v -8.299395 -27.583286 0.020734
v -7.962824 -25.563709 0.064009
v -7.574206 -23.545387 0.081966
v -8.124133 -21.946747 0.187893
v -9.008259 -21.450443 0.308726
v -7.768508 -19.599806 0.299001
v -8.533245 -18.347874 0.462374
v -7.655841 -16.378428 0.469919
v -8.308079 -14.147284 0.699722
v -9.359849 -13.084983 1.031268
v -10.479426 -11.908994 1.492949
v -11.326907 -9.730770 1.696582
v -12.447807 -9.245044 2.180566
v -13.479996 -7.368184 2.652252
v -14.583887 -7.137195 3.575903
v -14.870630 -5.420260 3.563150
v -16.140610 -5.075872 4.789842
v -16.590942 -5.455970 5.629647
v -17.026054 -5.683819 6.733880
v -17.405308 -5.540684 8.581875
v -17.789873 -5.356618 10.061247
v -17.800793 -5.914871 10.933204
v -17.893681 -5.676884 12.715695
v -17.856815 -5.533574 14.690722
v -17.555059 -5.278331 16.690331
v -17.354755 -5.536034 17.714914
v -17.020323 -5.794972 18.793596
v -16.344946 -6.070673 20.362932
v -16.779402 -7.819557 20.606756
v -17.383797 -9.102999 20.260414
v -17.792799 -9.560186 19.665745
v -17.686493 -10.867911 20.848249
v -16.947416 -11.850516 22.451138
v -17.537169 -13.210292 22.470348
v -21.372601 -39.306232 29.152899
v -19.518059 -40.160828 29.865776
v -18.320662 -39.488247 30.381498
v -16.899700 -38.783825 30.933022
v -16.294621 -37.296623 31.064331
v -17.209074 -36.370590 30.606253
v -17.839418 -36.374622 30.375938
v -16.125740 -35.267517 30.888489
v -16.798639 -33.794964 30.477150
v -15.409223 -33.343929 30.986454
v -15.456267 -32.051834 30.771185
v -15.654063 -12.003857 24.048079
v -16.237448 -12.005054 23.468719
v -12.212107 -14.750442 27.090767
v -13.137145 -14.695206 26.504452
v -13.039823 -13.350567 26.132799
v -14.004487 -13.203827 25.726925
v -13.785305 -11.661178 25.214638
v -14.775679 -10.769610 24.277252
v -11.218547 -16.438902 28.183111
v -11.533365 -15.355045 27.760220
v -10.211020 -19.391735 29.549219
v -10.828472 -17.949642 28.833918
v -11.707609 -18.357592 28.589058
v -10.390913 -23.787544 30.824160
v -10.418940 -22.340820 30.460024
v -10.887899 -21.241892 29.981712
v -14.033601 -32.211914 31.330603
v -12.755811 -31.353060 31.801582
v -12.638668 -30.104643 31.615639
v -11.433776 -29.963488 31.818415
v -11.384732 -28.422558 31.708143
v -10.601783 -26.952162 31.466618
v -9.274756 -25.429079 31.394075
v -8.809441 -23.963102 31.166185
v -26.821762 -50.067303 20.352833
v -23.242825 -48.261818 26.036980
v -23.077389 -46.880085 26.700640
v -23.217085 -45.946426 26.932804
v -23.950226 -50.907539 23.687740
v -23.305798 -50.391720 24.630930
v -22.334352 -49.854404 25.685551
v -24.246477 -52.179230 21.979443
v -25.256741 -51.644463 21.022738
v -26.072233 -51.235054 20.221634
v -22.043612 -45.662846 27.630762
v -21.735802 -44.138718 28.255966
v -21.809254 -42.796116 28.560537
v -22.053061 -41.577080 28.749050
v -20.550804 -41.385098 29.369188
v -26.325874 -50.485008 19.002598
v -26.701176 -51.552338 17.387444
v -27.608221 -50.455917 16.979507
v -27.168795 -50.807266 15.344278
v -27.231339 -50.883244 13.702620
v -26.229334 -51.963936 11.926846
v -26.254570 -51.624733 10.013723
v -25.645250 -51.866280 8.696895
v -24.994106 -51.935474 7.247015
v -24.386614 -51.809776 5.869921
v -23.406425 -51.458275 4.264414
v -23.130749 -50.185162 3.239357
v -23.377508 -49.146000 2.948212
v -21.865351 -49.488045 2.102705
v -20.551153 -48.294178 1.228780
v -19.597153 -46.868698 0.782501
v -19.281525 -45.281857 0.610717
v -19.587980 -44.209942 0.538308
v -17.984743 -43.479130 0.242184
v -15.823318 -43.204327 0.112857
v -14.286104 -42.311184 0.057480
v -11.786992 -41.859886 -0.043259
v -12.176237 -40.892391 -0.030275
v -10.859070 -40.029289 -0.026511
v -9.802484 -38.015926 -0.030467
v -8.897102 -36.311996 -0.000484
v -7.993792 -34.660721 -0.012673
v -7.093204 -32.983067 -0.001435
v -6.324958 -31.191673 -0.002860
v -6.581499 -29.803776 0.011928
v -7.542115 -29.163172 0.013076
v -6.332764 -27.590080 0.032125
v -5.982812 -25.592354 0.024070
v -5.593247 -23.547932 0.037131
v -6.123549 -21.918041 0.086469
v -7.028007 -21.326466 0.153663
v -5.756989 -19.440746 0.157418
v -6.586725 -17.908421 0.267149
v -5.416931 -16.130880 0.193809
v -6.275671 -14.147191 0.288059
v -7.357273 -13.026026 0.449029
v -8.374062 -11.630177 0.659254
v -9.503518 -10.660975 1.018558
v -10.411087 -10.240658 1.348240
v -10.420843 -8.681473 1.159046
v -11.288336 -8.598723 1.501970
v -11.907436 -7.486027 1.597400
v -12.571980 -5.267865 1.779076
v -13.753507 -5.452276 2.517060
v -14.058357 -3.690124 2.624174
v -15.194458 -3.856845 3.623966
v -16.081926 -3.693920 4.707640
v -16.677279 -3.909804 5.601545
v -17.090330 -4.148976 6.702990
v -17.384516 -4.040091 8.687061
v -17.635670 -4.000165 10.538792
v -17.930445 -4.193936 12.422171
v -17.892426 -4.007418 14.567663
v -17.605986 -3.919524 16.219576
v -17.116598 -3.661456 17.556419
v -16.711531 -4.208681 18.585678
v -16.178865 -4.498622 19.947552
v -15.179001 -4.446907 21.385410
v -15.464084 -6.031798 21.548323
v -15.971191 -7.615529 21.568617
v -16.511665 -8.608388 21.352341
v -17.026678 -9.428263 21.064192
v -16.319332 -9.634516 22.105438
v -15.734546 -10.717369 23.376961
v -18.725325 -41.647163 30.041227
v -17.598995 -41.142982 30.521013
v -15.844197 -40.481129 31.226049
v -15.224734 -38.964054 31.453960
v -15.275109 -37.781837 31.500109
v -15.020554 -36.246941 31.472002
v -14.529621 -34.595573 31.456579
v -14.217431 -33.448521 31.530357
v -10.493940 -14.356902 27.534922
v -11.520625 -13.183929 26.768589
v -12.474769 -12.485505 25.799774
v -13.082889 -11.963917 25.672045
v -12.600174 -10.269336 25.234713
v -13.953536 -9.028585 24.134739
v -15.110191 -9.195786 23.258953
v -9.230204 -16.420456 28.795607
v -9.939372 -15.346613 28.197359
v -9.671731 -20.666815 30.213327
v -9.213063 -19.721989 30.164314
v -7.878452 -19.226416 30.174351
v -7.857321 -17.597292 29.592537
v -8.525943 -22.120426 30.839834
v -9.179295 -21.299606 30.522694
v -13.282515 -33.859322 31.705200
v -11.705378 -33.120461 32.183296
v -11.649731 -31.430258 32.073418
v -12.168333 -30.730110 31.928371
v -9.967723 -31.551250 32.385929
v -9.780291 -29.826677 32.085941
v -10.383177 -28.705450 31.717100
v -10.085298 -27.550808 31.697844
v -8.407858 -26.212238 31.758062
v -6.936159 -24.253189 31.628036
v -6.482063 -22.081228 31.147831
v -22.058828 -48.374699 26.669077
v -22.272026 -47.251167 26.975048
v -23.035019 -52.333893 23.233679
v -22.293470 -51.712574 24.435284
v -20.826225 -51.540577 25.718945
v -20.824045 -49.995857 26.543308
v -20.830669 -48.595070 27.129089
v -22.582712 -53.555222 21.969215
v -23.409969 -53.196289 21.026564
v -23.939255 -53.223942 20.035933
v -25.082293 -52.733688 19.063786
v -20.702639 -46.702744 27.919956
v -20.707371 -45.130562 28.471575
v -21.165182 -44.572830 28.400854
v -20.159697 -43.453087 29.131718
v -18.589931 -42.947372 29.883863
v -25.508957 -52.567924 16.735283
v -26.049967 -52.305569 14.927424
v -26.736841 -51.710171 13.610012
v -26.018164 -52.412617 13.332676
v -24.922869 -53.679028 13.122724
v -24.551596 -53.745392 10.839220
v -24.969315 -53.042664 9.479733
v -23.797285 -53.595470 7.556360
v -23.562994 -53.091133 6.258145
v -22.653088 -53.166252 5.023040
v -21.730267 -52.934830 3.682400
v -22.439651 -51.831196 3.537079
v -21.995346 -51.135239 2.786527
v -20.538080 -50.834442 1.881043
v -19.534737 -49.876160 1.225515
v -18.499205 -48.477135 0.761388
v -18.082874 -47.180367 0.625280
v -17.649830 -45.773067 0.426526
v -17.571007 -44.686665 0.293282
v -15.739327 -44.628799 0.147235
v -13.432715 -44.243095 0.068845
v -10.799590 -43.571743 -0.013823
v -9.713373 -41.956844 -0.056516
v -10.273365 -41.040771 -0.068689
v -8.570819 -40.069698 -0.070726
v -7.835962 -38.216793 -0.045161
v -6.941279 -36.427685 -0.038660
v -6.019698 -34.725376 -0.023066
v -5.134480 -33.011936 -0.019738
v -4.282853 -31.160479 -0.014916
v -4.494642 -29.722208 0.015070
v -5.547517 -29.150812 0.024748
v -4.342025 -27.581238 0.024071
v -4.011974 -25.701136 0.023303
v -3.583247 -23.569241 0.006331
v -4.114541 -21.912176 0.026409
v -5.019305 -21.296080 0.065394
v -3.728828 -19.388124 0.064742
v -4.543007 -17.785660 0.113793
v -3.364524 -16.074606 0.061590
v -4.193237 -14.105263 0.092158
v -5.280604 -12.959503 0.159441
v -6.353058 -11.517706 0.237008
v -7.447554 -10.130677 0.353375
v -8.644718 -8.722951 0.525007
v -9.664262 -7.149076 0.623949
v -10.641596 -7.138493 1.006859
v -10.471084 -5.436291 0.801359
v -11.485715 -3.676041 1.041619
v -12.729792 -3.759570 1.737899
v -12.913702 -2.300879 1.862764
v -14.078320 -2.108651 2.565279
v -15.060482 -1.974536 3.484171
v -15.789954 -2.443653 4.313355
v -16.682661 -2.187075 5.678076
v -17.051273 -2.636200 6.764515
v -17.370548 -2.529486 8.777886
v -17.507921 -2.454695 10.758297
v -17.564939 -2.447514 12.721982
v -17.746147 -2.442020 14.692172
v -17.541574 -2.481939 16.284931
v -17.165253 -2.667219 17.396860
v -16.378412 -2.260724 18.860357
v -15.202998 -2.579781 20.615326
v -13.757816 -2.682563 22.373068
v -14.105790 -4.366832 22.590324
v -14.524178 -5.813034 22.489227
v -14.928555 -7.550644 22.696571
v -15.554319 -8.463268 22.424068
v -17.291174 -42.697548 30.466013
v -15.697860 -42.340061 31.136122
v -14.274852 -41.901581 31.722662
v -14.137252 -40.541039 31.723570
v -14.111868 -39.344311 31.736061
v -13.944198 -37.688442 31.789595
v -14.428471 -36.813057 31.710909
v -13.546721 -35.606148 31.948669
v -8.978234 -14.320690 28.059456
v -9.003041 -12.794318 27.503065
v -10.317426 -12.171864 26.875158
v -11.536378 -11.483254 26.197990
v -11.072832 -9.576245 25.523849
v -11.837990 -8.055598 24.918283
v -12.937560 -7.600970 24.294352
v -13.937182 -7.105930 23.417629
v -7.059787 -15.720807 29.140066
v -7.991707 -14.707837 28.518867
v -8.365521 -20.221586 30.481524
v -7.328931 -20.583654 30.671291
v -5.774808 -19.410240 30.589209
v -6.543626 -17.989271 30.059534
v -6.308650 -16.793352 29.711060
v -12.172903 -35.005020 32.177849
v -11.029802 -34.990479 32.593075
v -9.831643 -34.262779 32.811283
v -10.249013 -33.160603 32.623993
v -8.534712 -32.953606 32.928692
v -7.903440 -31.346376 32.773830
v -8.229068 -30.086094 32.493359
v -8.717152 -28.666662 32.092709
v -9.065578 -27.637045 31.843031
v -7.533484 -27.232920 32.095844
v -7.531355 -26.161976 32.051064
v -6.352017 -25.824081 32.087193
v -6.220800 -24.451309 31.989664
v -5.267926 -23.897070 31.887117
v -4.499665 -22.249798 31.519672
v -5.069230 -20.813177 31.033239
v -21.673794 -53.522224 23.379398
v -20.611332 -53.324394 24.634897
v -19.468033 -53.050812 25.767826
v -19.604061 -51.627293 26.465082
v -19.728182 -50.369541 26.973742
v -19.617380 -48.928375 27.627743
v -19.254719 -47.381176 28.359869
v -21.251703 -55.155891 21.973639
v -22.153446 -54.547310 20.992731
v -22.109398 -53.844349 20.835571
v -22.691956 -53.926899 19.785435
v -23.916992 -53.805099 17.963396
v -24.920198 -53.209106 17.203030
v -18.920673 -45.930466 28.965633
v -19.467159 -44.850956 29.084234
v -18.080288 -44.635719 29.696009
v -16.751045 -44.182598 30.376986
v -25.003185 -53.581406 15.618755
v -24.369350 -54.864365 14.697330
v -23.400906 -55.410320 12.889257
v -23.274342 -55.155651 11.020365
v -23.040804 -54.895321 8.897198
v -22.088411 -55.262840 7.105117
v -21.912720 -54.734837 5.811666
v -20.805515 -54.692402 4.405302
v -19.764200 -54.387295 3.112553
v -20.737829 -53.074341 2.983742
v -21.199186 -52.349319 2.863522
v -20.120375 -52.465408 2.316130
v -18.414253 -51.581432 1.319457
v -17.462601 -50.152039 0.813100
v -16.966194 -48.820946 0.632147
v -16.232859 -47.413719 0.430729
v -15.866663 -46.089622 0.245703
v -13.486242 -46.265575 0.124497
v -10.736068 -45.536766 0.017918
v -8.806954 -44.906269 -0.008994
v -9.279262 -43.821831 -0.015327
v -8.154632 -42.661015 -0.046022
v -8.298321 -41.215160 -0.048969
v -6.618854 -40.141907 -0.069383
v -5.811660 -38.281567 -0.080401
v -4.954644 -36.542706 -0.060531
v -4.058121 -34.809200 -0.058463
v -3.183108 -33.066280 -0.031807
v -2.348955 -31.191860 -0.029003
v -2.575965 -29.957455 -0.018768
v -2.905370 -28.542957 0.003810
v -3.147213 -27.409611 -0.001626
v -2.069568 -26.237387 0.000377
v -1.574067 -23.637123 -0.005424
v -2.104085 -21.903921 0.000757
v -3.010022 -21.278168 0.013738
v -1.673183 -19.364471 0.003562
v -2.506505 -17.740530 0.025615
v -1.310123 -16.055033 0.003167
v -2.174390 -14.105399 -0.000515
v -3.168092 -12.967184 0.021094
v -4.237417 -11.503632 0.046783
v -5.384262 -10.082225 0.102987
v -6.558165 -8.697727 0.139343
v -7.694262 -7.261216 0.198664
v -8.960171 -6.284095 0.342394
v -8.455898 -4.556738 0.211727
v -9.759075 -2.500269 0.535471
v -11.441141 -2.308863 1.055863
v -12.146711 -0.610668 1.487610
v -13.553028 -0.903351 2.284667
v -14.128002 -1.146040 2.667755
v -15.130703 -0.788317 3.604729
v -16.274218 -0.592873 4.972005
v -16.894014 -0.896005 6.122523
v -17.139896 -1.243871 7.185748
v -17.379751 -1.012044 8.851415
v -17.535751 -0.914467 10.880807
v -17.424915 -0.848451 12.912280
v -17.129704 -0.843348 14.849205
v -17.224585 -0.919563 16.511789
v -16.828585 -1.081809 18.017256
v -15.934142 -0.499537 19.582880
v -15.297585 -1.119765 20.292406
v -14.330189 -0.696717 21.304764
v -13.476794 -0.917903 22.112345
v -12.809661 -3.795888 23.434748
v -12.489078 -2.112006 23.340990
v -12.321021 -0.864388 23.053360
v -13.396026 -5.725597 23.424408
v -15.300089 -43.885708 31.059204
v -13.685094 -43.420330 31.765680
v -12.986606 -42.046726 32.087982
v -13.018664 -40.638676 32.109100
v -13.319074 -39.735260 31.856964
v -12.261977 -38.350285 32.321651
v -12.974633 -36.834820 31.882238
v -12.310787 -36.369434 32.138416
v -7.846571 -13.093312 27.991735
v -8.589624 -13.419139 27.856407
v -8.006278 -11.660372 27.468340
v -8.969385 -10.563707 26.760155
v -10.443329 -10.637700 26.279028
v -9.813863 -9.720717 25.972240
v -10.014957 -8.476891 25.640663
v -10.712322 -7.092813 25.056768
v -11.444016 -7.026873 24.488960
v -11.858509 -5.790055 24.268858
v -5.237892 -15.590614 29.385565
v -6.085299 -14.262016 28.844717
v -6.970187 -13.903356 28.567020
v -3.706022 -19.419138 30.864325
v -4.400698 -18.165689 30.473982
v -4.951508 -17.053165 30.106091
v -11.173467 -36.417820 32.537796
v -9.109368 -35.947563 33.034565
v -7.761573 -34.280930 33.195011
v -7.038814 -33.099010 33.186886
v -6.433962 -31.904381 33.148487
v -6.405696 -30.050051 32.809471
v -7.140477 -28.562923 32.378662
v -6.901252 -27.679052 32.291069
v -6.189940 -27.583317 32.328957
v -4.504962 -26.874907 32.512203
v -4.582031 -25.401503 32.254475
v -5.186886 -24.646460 32.102276
v -3.414137 -23.990145 32.137142
v -2.795790 -22.272118 31.865602
v -2.705196 -20.836496 31.407219
v -20.048643 -55.073650 23.658674
v -19.060135 -54.901016 24.933754
v -18.097570 -54.376427 25.981525
v -18.508312 -52.774616 26.550648
v -19.017246 -52.084969 26.573156
v -18.351484 -50.634533 27.581434
v -18.940243 -49.361549 27.862154
v -18.086029 -48.062969 28.772142
v -17.402994 -46.453987 29.517876
v -19.478853 -56.667908 22.392401
v -20.438171 -56.442509 21.128048
v -21.284992 -56.157101 20.375471
v -21.609007 -55.135639 19.881058
v -22.451805 -54.717003 20.326254
v -22.129650 -55.111900 18.376610
v -23.635548 -54.981915 16.564774
v -16.145933 -45.795856 30.296755
v -15.091827 -45.176907 30.898617
v -22.883892 -55.764290 15.100307
v -23.259935 -55.564960 13.997634
v -22.021057 -56.787182 13.312427
v -21.929686 -56.648281 11.162980
v -21.596064 -56.614128 9.251026
v -20.838152 -56.762596 7.302251
v -20.739178 -56.209843 6.147620
v -19.847210 -56.277252 4.983526
v -18.838520 -56.218624 3.781385
v -17.913357 -55.883411 2.798397
v -18.266647 -54.369282 2.214429
v -19.205748 -53.616482 2.370143
v -18.607164 -53.058838 1.855813
v -16.869980 -53.016743 1.227064
v -17.142773 -51.871574 1.022878
v -16.014460 -50.961628 0.671902
v -15.152403 -49.126324 0.435367
v -14.654825 -47.761787 0.287402
v -12.275406 -48.055397 0.126715
v -9.983079 -47.253582 0.042136
v -7.771364 -46.500023 -0.019432
v -6.826946 -44.933121 -0.038618
v -7.453744 -43.899265 -0.032490
v -5.887437 -42.626614 -0.054358
v -6.359232 -41.359364 -0.067650
v -4.590056 -40.139038 -0.083473
v -3.821916 -38.303230 -0.072666
v -2.942136 -36.579136 -0.074796
v -2.092005 -34.891285 -0.060630
v -1.238265 -33.180401 -0.037956
v -0.410763 -31.276478 -0.037441
v -0.675918 -30.171570 -0.037367
v -0.914463 -28.773136 -0.026476
v -1.372141 -27.378382 -0.015279
v 0.385214 -26.063946 -0.012592
v 0.403589 -23.651123 -0.009359
v -0.077948 -21.920437 -0.009102
v -0.966867 -21.289801 -0.002001
v 0.475031 -19.402031 -0.011703
v -0.415815 -17.726629 -0.021381
v 0.862387 -15.979047 -0.031302
v -0.122379 -14.103708 -0.034066
v -1.125458 -13.035808 -0.049801
v -2.101737 -11.657898 -0.037815
v -3.139822 -10.153517 -0.019912
v -4.367240 -8.646156 -0.011664
v -5.675384 -7.207075 0.006706
v -6.951585 -6.174383 0.063113
v -6.331544 -4.090543 -0.010345
v -7.696668 -2.437321 0.145312
v -8.374008 -0.563362 0.299093
v -10.116767 -0.715785 0.708273
v -10.501748 0.860260 0.749282
v -12.543454 1.066048 1.475621
v -13.972724 1.129299 2.327073
v -14.921616 0.414928 3.266613
v -16.263870 0.716470 4.956783
v -17.087420 0.908902 6.149891
v -17.169979 0.417314 6.794521
v -17.444307 0.535131 8.623698
v -17.577841 0.602276 10.893510
v -17.803904 0.724044 13.001340
v -17.082684 0.885149 15.160932
v -16.678631 0.685021 16.701468
v -16.742767 0.420217 18.022182
v -15.916356 0.702371 19.280792
v -15.038799 0.936392 20.452995
v -14.362850 0.455263 21.120033
v -13.108430 0.606370 22.229919
v -11.959292 0.605004 22.975418
v -11.676477 -3.687439 24.047899
v -11.530216 -2.293149 23.912630
v -11.171580 -0.801504 23.751226
v -10.809746 0.665341 23.630493
v -13.144840 -45.086590 31.704262
v -12.288373 -43.717445 32.109428
v -12.013086 -42.517872 32.259766
v -11.813229 -41.074886 32.378166
v -11.957157 -39.883686 32.335278
v -10.919459 -39.662258 32.630299
v -10.188404 -37.863762 32.818150
v -6.131684 -12.272693 28.212244
v -7.242971 -11.760782 27.743713
v -7.032685 -10.106430 27.257843
v -8.010573 -8.806448 26.589334
v -9.114310 -8.655141 26.145697
v -9.223002 -7.096962 25.697929
v -9.445871 -5.287942 25.259895
v -10.651291 -5.250249 24.702370
v -10.826791 -3.978400 24.234896
v -3.421904 -15.614049 29.701269
v -4.174267 -14.234029 29.143000
v -5.128822 -13.731331 28.837782
v -1.650810 -19.016809 30.994476
v -2.384775 -17.840670 30.513193
v -3.288131 -17.079491 30.326212
v -8.355503 -37.688717 33.317501
v -7.787790 -36.451401 33.452713
v -6.541587 -35.392025 33.531475
v -5.407806 -33.052849 33.426151
v -5.394500 -31.903683 33.422787
v -4.430266 -30.816648 33.282024
v -5.050865 -28.697014 32.729343
v -6.182887 -28.714006 32.518547
v -2.727757 -28.220320 33.003647
v -3.123491 -26.645521 32.659988
v -3.458248 -25.701441 32.444859
v -1.639219 -25.502001 32.611046
v -1.148949 -23.392027 32.277508
v -2.056268 -22.737032 32.025192
v -0.827636 -21.071754 31.734779
v -17.981611 -56.782490 24.302713
v -16.910753 -55.839542 25.955391
v -17.292000 -54.869717 26.235924
v -16.797014 -53.971741 26.965769
v -17.294613 -52.280666 27.461157
v -16.901875 -50.379833 28.484579
v -16.930080 -48.901314 29.019960
v -16.869514 -47.614731 29.461615
v -15.540531 -47.792744 30.077312
v -18.093348 -58.389832 22.386625
v -18.851480 -57.852219 21.479069
v -19.158142 -57.282463 20.434189
v -20.397840 -56.919716 19.172905
v -21.711817 -56.241280 18.916187
v -21.351864 -56.778553 16.888006
v -14.132424 -46.652294 31.047064
v -22.060852 -56.725208 14.979689
v -21.013529 -57.977554 14.659541
v -20.308247 -58.656231 12.752302
v -20.515249 -58.159508 11.103208
v -20.598484 -57.852432 9.561447
v -19.690266 -58.306198 7.759935
v -19.334669 -58.124073 6.631440
v -18.988537 -57.796661 5.665455
v -17.767185 -57.770496 4.256579
v -16.795828 -57.363007 2.997355
v -16.629793 -55.994980 2.220818
v -17.071960 -54.887119 1.958831
v -15.544028 -54.701180 1.325233
v -14.803902 -52.852581 0.624787
v -15.402490 -51.965996 0.652405
v -13.750202 -50.997211 0.301210
v -13.523828 -49.448463 0.221315
v -11.062859 -49.651417 0.091071
v -8.964949 -48.857960 0.038282
v -6.763167 -48.099773 0.013953
v -5.488932 -46.683861 -0.014148
v -5.164921 -45.052731 -0.041278
v -5.443920 -43.904640 -0.062157
v -3.894982 -42.635166 -0.067956
v -4.262830 -41.349895 -0.077519
v -2.566069 -40.144890 -0.085726
v -1.796143 -38.299294 -0.084329
v -0.957886 -36.596764 -0.061287
v -0.110914 -34.949490 -0.068665
v 0.713341 -33.286106 -0.062693
v 1.423074 -31.605398 -0.040400
v 1.638192 -29.778322 -0.025472
v 0.455464 -29.334089 -0.035981
v 1.604156 -27.503775 -0.023650
v 2.563682 -25.252026 -0.026392
v 2.433311 -23.557386 -0.012034
v 1.888201 -22.034904 -0.009366
v 1.058108 -21.396749 -0.009963
v 2.497659 -19.917860 -0.009704
v 2.575528 -17.470301 -0.029101
v 2.793767 -15.468855 -0.060926
v 1.899982 -14.053583 -0.045890
v 0.876791 -13.003689 -0.062172
v -0.092614 -11.693540 -0.059249
v -1.022145 -10.403499 -0.082034
v -2.012205 -9.258778 -0.066214
v -2.952120 -6.951555 -0.061303
v -4.794968 -6.085974 -0.054563
v -4.257609 -3.928226 -0.059078
v -5.170847 -2.444232 -0.022571
v -6.000130 -0.786753 0.042343
v -6.950921 0.924576 0.098457
v -8.581439 0.839321 0.308683
v -9.348421 2.372018 0.479107
v -11.480806 2.601813 1.023001
v -13.068977 2.605609 1.855761
v -13.966588 2.166425 2.408092
v -15.074601 2.567662 3.330823
v -15.706182 2.280609 4.107089
v -16.544176 2.144165 5.294202
v -17.198240 2.166331 6.715510
v -17.572790 2.024832 8.280097
v -17.836504 2.377945 10.004027
v -17.642563 1.926003 10.926285
v -17.542431 2.503757 13.102654
v -17.947359 2.335427 14.971412
v -17.462446 2.517814 16.403849
v -16.805176 2.253167 17.280102
v -15.877864 2.251109 18.930082
v -14.527737 2.203224 20.544243
v -13.808128 1.878315 21.427296
v -12.604889 2.028941 22.268032
v -11.629657 1.900363 23.031288
v -10.385558 2.128106 23.409777
v -10.326481 -2.429524 24.262632
v -9.937253 -0.873223 24.246868
v -9.653284 0.633634 24.023319
v -9.059074 2.108189 23.733559
v -12.123058 -46.774639 31.957947
v -11.476127 -45.403561 32.345451
v -11.062366 -43.824669 32.501904
v -11.312639 -42.905300 32.325130
v -10.016332 -41.605484 32.812870
v -9.419770 -39.263649 33.000210
v -4.128976 -12.175948 28.566465
v -5.154811 -9.807470 27.661934
v -6.091272 -8.692858 27.113249
v -6.830232 -7.400432 26.584930
v -8.115794 -7.408411 26.132492
v -7.862508 -5.761896 25.941826
v -8.164380 -3.953264 25.518642
v -9.206698 -3.749380 24.992584
v -10.160062 -4.135394 24.751268
v -9.573209 -2.826860 24.457426
v -1.595104 -16.082739 30.175097
v -2.150548 -14.190592 29.494772
v -3.180964 -13.664213 29.156925
v 0.124083 -18.726530 31.179598
v -0.541947 -17.318371 30.691105
v -1.539142 -17.603987 30.596586
v -7.718639 -39.619282 33.416245
v -7.107879 -37.891922 33.717201
v -7.067389 -36.791763 33.578728
v -5.482106 -36.644875 33.809624
v -5.583973 -35.367992 33.870399
v -4.221750 -34.798584 33.830585
v -3.357456 -33.032948 33.631233
v -3.810771 -32.104561 33.495491
v -2.226865 -31.473164 33.616833
v -2.856932 -30.140770 33.425926
v -1.848671 -29.791658 33.353333
v -0.696840 -28.563745 33.303284
v -0.287510 -26.842413 33.024166
v 0.545352 -25.201172 32.790607
v 0.572958 -23.603666 32.494164
v 0.202410 -22.136635 32.154438
v 1.224110 -20.840223 31.927467
v 1.409741 -19.274069 31.508995
v -16.691015 -58.594280 23.947777
v -15.308377 -58.047241 25.375231
v -15.370371 -56.191612 26.783325
v -15.705157 -54.574100 27.353588
v -15.773559 -52.944477 28.028179
v -16.433706 -52.472702 27.898752
v -15.821035 -51.080841 28.828770
v -15.889783 -49.341911 29.433590
v -14.328324 -49.570419 30.292074
v -12.758327 -48.514767 31.407791
v -16.882877 -59.959366 22.339468
v -17.676916 -59.712708 21.108791
v -18.520866 -59.142555 20.428875
v -18.938143 -58.772461 18.953880
v -19.985474 -57.878807 19.013561
v -19.898062 -58.259262 17.591578
v -20.825808 -57.926933 16.864780
v -20.219482 -58.500542 16.030758
v -20.199770 -59.351269 14.798303
v -20.303894 -59.143333 13.830829
v -19.025562 -60.081268 13.321532
v -19.065607 -59.803596 11.964615
v -19.042719 -59.656158 10.857685
v -18.969950 -59.394428 9.070511
v -18.030985 -59.815517 7.486030
v -17.727015 -59.471279 6.128177
v -16.669806 -59.404732 4.803308
v -15.416879 -59.051384 3.278836
v -15.074163 -57.516308 2.134262
v -15.594555 -56.324223 1.927270
v -13.621162 -55.510002 1.019211
v -13.103870 -53.260387 0.536534
v -13.383873 -52.036629 0.362940
v -11.697925 -51.266663 0.146889
v -9.452943 -50.939159 0.067427
v -7.894570 -50.349918 0.044025
v -5.716803 -49.667889 0.003134
v -4.451575 -48.314655 0.000867
v -3.888745 -46.819359 -0.015375
v -3.203528 -45.087410 -0.042066
v -3.518074 -43.921349 -0.052837
v -1.860411 -42.640198 -0.075303
v -2.236793 -41.358719 -0.068944
v -0.536511 -40.144806 -0.092895
v 0.213313 -38.292847 -0.077686
v 1.052462 -36.591572 -0.079403
v 1.893418 -34.936207 -0.080899
v 2.686755 -33.318657 -0.058370
v 3.350069 -31.679161 -0.052189
v 3.422999 -29.826235 -0.036109
v 2.552799 -28.654802 -0.030920
v 3.624899 -27.483587 -0.049252
v 4.037095 -25.491940 -0.028029
v 4.386641 -23.516171 -0.031705
v 3.854311 -22.037479 -0.010070
v 3.007131 -21.497534 -0.002711
v 4.433507 -19.993135 0.004182
v 4.471936 -17.809916 -0.010271
v 4.464146 -15.659133 -0.038788
v 3.816989 -14.023274 -0.069040
v 2.827166 -12.903574 -0.064366
v 1.815946 -11.598974 -0.050055
v 0.834856 -10.348293 -0.090461
v -0.045060 -9.343960 -0.102892
v -0.778287 -7.701540 -0.095586
v -1.206771 -5.152731 -0.098141
v -2.814872 -4.918608 -0.079173
v -2.436070 -3.485230 -0.087101
v -3.272251 -2.462398 -0.066650
v -3.813433 -0.969473 -0.058625
v -4.483699 1.078533 -0.023942
v -5.865211 2.125810 0.047316
v -7.470137 2.340505 0.195949
v -8.345376 4.041698 0.319415
v -10.567086 4.034181 0.621155
v -11.590906 3.608983 0.982886
v -13.162898 3.928729 1.714134
v -14.725726 4.332251 2.797070
v -15.271266 3.697105 3.557589
v -16.326077 3.756507 4.858256
v -17.044775 3.685611 5.982161
v -17.353113 3.407439 7.015833
v -17.666698 3.644510 8.583115
v -17.835100 3.738205 10.381025
v -17.862560 3.618042 11.970660
v -17.626135 4.059839 13.428340
v -18.155540 4.033948 14.382877
v -17.926821 3.858607 15.248538
v -17.325033 4.026218 16.806652
v -16.845932 3.491214 17.578722
v -15.987622 3.750583 18.719357
v -14.962303 4.079917 19.863487
v -13.943407 3.783880 20.729200
v -12.406724 3.566829 22.125103
v -10.424701 3.550674 23.064278
v -8.527440 3.644523 23.248892
v -8.183092 -1.095374 24.723185
v -8.409726 0.557420 24.171989
v -8.150258 1.809712 23.859116
v -6.711566 3.296798 23.548580
v -11.138008 -48.301559 32.257473
v -10.809640 -46.848557 32.595139
v -11.039056 -45.981796 32.504402
v -9.574868 -44.767391 33.131248
v -9.694402 -43.203773 32.983742
v -8.268000 -42.816517 33.355362
v -8.096377 -41.274979 33.327866
v -2.080076 -11.827752 28.848616
v -3.199164 -9.720252 28.042007
v -4.238778 -8.136950 27.380096
v -5.363001 -7.546471 26.970327
v -5.476260 -5.404521 26.386204
v -6.703603 -5.565043 26.240852
v -6.449347 -3.793151 25.899321
v -7.417868 -2.487219 25.306164
v -8.510058 -2.784064 25.012638
v -0.677989 -16.262764 30.406240
v 0.085035 -15.262501 30.275354
v -0.586200 -13.392953 29.616541
v 1.731625 -17.399988 31.064037
v 0.695185 -16.818764 30.778589
v -6.464784 -41.115631 33.734509
v -6.709702 -39.710487 33.724602
v -6.035037 -38.765007 33.725449
v -4.306296 -38.154396 34.141651
v -3.059193 -36.584545 34.264366
v -2.700347 -35.006767 34.087238
v -1.808126 -33.455364 34.017971
v -1.406429 -32.164768 33.913784
v -0.086719 -31.720879 33.991444
v -0.578183 -30.007282 33.507038
v 0.046430 -28.802284 33.563362
v 1.546839 -27.519766 33.371101
v 2.142588 -25.460442 33.001968
v 2.474835 -23.734991 32.645592
v 1.975925 -22.552177 32.321262
v 1.221640 -21.762239 32.242699
v 2.720375 -21.240744 32.110558
v 2.589864 -19.745497 31.766869
v 3.596555 -17.744183 31.346830
v -15.456778 -59.494709 23.981466
v -16.165697 -59.742668 23.341839
v -13.875946 -56.924717 27.489622
v -13.937987 -58.618870 26.446712
v -13.838381 -59.731773 25.483164
v -13.585242 -60.277885 23.868780
v -14.364938 -54.720436 28.173647
v -14.863596 -53.020947 28.568829
v -15.205500 -52.016254 28.781601
v -14.309628 -51.263084 29.675846
v -13.013507 -50.919136 30.641016
v -11.610218 -50.562096 31.630939
v -10.163415 -49.643688 32.588768
v -15.325028 -60.931129 22.748508
v -16.181189 -61.483143 21.407927
v -17.033365 -60.791012 20.709745
v -17.264872 -60.191124 19.463789
v -18.249245 -60.228558 18.998941
v -17.994503 -60.152107 17.549345
v -19.496698 -59.384716 16.696129
v -18.578657 -60.194408 15.407157
v -17.962023 -61.335354 14.273860
v -17.514750 -61.554974 12.620676
v -17.805740 -61.013653 11.218186
v -17.470074 -60.997807 9.343169
v -17.286739 -60.789436 8.022567
v -16.494362 -61.020493 6.796045
v -15.662454 -60.939182 5.521621
v -14.557223 -60.853870 4.258026
v -13.514840 -60.486134 2.961242
v -14.074443 -59.013271 2.354107
v -14.581228 -58.275005 2.256737
v -13.527358 -57.305908 1.356635
v -11.766711 -55.993210 0.631437
v -12.238519 -55.201714 0.630139
v -11.248401 -54.144691 0.357536
v -11.245406 -52.606052 0.223495
v -8.997081 -52.634659 0.111132
v -7.298518 -51.684341 0.037915
v -4.746570 -51.384651 -0.002844
v -3.363063 -49.994507 -0.018912
v -2.787624 -48.507759 -0.023298
v -1.983193 -46.885269 -0.045440
v -1.250165 -45.124329 -0.059506
v -1.492969 -43.953537 -0.061150
v 0.244954 -42.657631 -0.076451
v -0.207617 -41.335941 -0.088557
v 1.550112 -40.000446 -0.098054
v 2.241119 -38.223503 -0.085857
v 3.073453 -36.555904 -0.096867
v 3.917087 -34.902256 -0.068402
v 4.699087 -33.306839 -0.077241
v 5.338035 -31.689915 -0.074465
v 5.382685 -29.848808 -0.062958
v 4.483038 -28.679304 -0.059762
v 5.587214 -27.488688 -0.085465
v 5.940471 -25.524240 -0.068220
v 6.315965 -23.551680 -0.032049
v 5.825374 -22.046013 -0.018993
v 4.961117 -21.501188 -0.010605
v 6.400903 -20.006041 0.000393
v 6.440911 -17.878000 0.010082
v 6.410630 -15.704816 -0.003416
v 5.744518 -14.046901 -0.029993
v 4.731443 -12.916992 -0.047774
v 3.745974 -11.562564 -0.046878
v 2.719750 -10.232068 -0.061221
v 1.668192 -8.908367 -0.059323
v 0.686895 -7.947378 -0.117914
v 1.208038 -6.120780 -0.072663
v 0.558146 -3.491691 -0.083533
v -0.997640 -3.565298 -0.084989
v -0.837506 -2.016459 -0.093758
v -2.369210 -1.511089 -0.089276
v -1.647710 0.500436 -0.057934
v -3.228588 1.581415 -0.042595
v -4.294471 3.436362 0.041326
v -6.145312 3.735482 0.115135
v -6.349895 5.371511 0.177165
v -8.691920 5.780757 0.297085
v -9.938620 5.484653 0.551430
v -11.364051 5.424826 0.871087
v -13.149125 5.225303 1.529285
v -14.625697 5.444692 2.568638
v -15.854459 5.817454 3.650322
v -16.313829 5.418843 4.557510
v -17.043016 5.263828 5.733738
v -17.423113 4.977428 6.697365
v -17.840462 5.187134 8.489075
v -17.902479 5.235038 10.455210
v -17.932520 5.287163 12.077313
v -18.386473 5.356535 13.299920
v -17.568043 5.497456 14.627667
v -17.855349 5.127832 15.451794
v -17.385967 5.381948 16.675964
v -16.593981 5.777921 18.023430
v -16.234285 4.923700 18.533096
v -14.813045 5.492721 19.931341
v -13.727706 5.118957 20.737122
v -12.052617 5.480843 21.774502
v -10.227133 5.323285 22.452003
v -8.250175 5.449490 22.618967
v -6.450910 5.108321 22.778543
v -5.754925 -0.906984 25.113007
v -6.634915 0.473263 24.619495
v -7.509341 0.514360 24.423962
v -6.827926 1.735394 24.084183
v -5.291883 2.784580 23.924253
v -5.252746 3.688097 23.629917
v -4.250652 4.823241 22.947269
v -10.348260 -48.699120 32.611595
v -9.726432 -47.864731 33.013828
v -9.471151 -46.261242 33.235992
v -7.982179 -46.184414 33.740131
v -7.982813 -44.356251 33.563171
v -7.297185 -43.653839 33.550873
v -7.263737 -42.671043 33.759666
v -0.253950 -11.155384 29.023588
v -1.270945 -10.088149 28.507675
v -2.055818 -9.996447 28.327236
v -1.765537 -8.166745 27.872379
v -3.281867 -7.587168 27.430218
v -4.337862 -6.092752 26.820951
v -3.380109 -3.847986 26.271198
v -4.982139 -3.850766 26.076456
v -4.436759 -2.371781 25.712034
v 1.787107 -15.348069 30.563419
v 1.183796 -13.638740 30.018049
v 0.465193 -13.343901 29.856777
v 1.332389 -11.787626 29.483452
v 2.671394 -16.338858 30.929399
v -6.263802 -43.100552 33.818409
v -4.743933 -42.551781 34.404102
v -5.347753 -41.186718 34.210289
v -4.797914 -40.044662 34.109734
v -2.893838 -39.141422 34.637718
v -3.461003 -37.970089 34.449284
v -2.785974 -37.871456 34.520424
v -1.484751 -37.614502 34.768822
v -1.187134 -35.962597 34.541695
v -1.791940 -35.106388 34.279613
v -0.304606 -34.472218 34.484184
v -0.443313 -33.233582 34.284424
v 0.647030 -33.046577 34.425629
v 0.580693 -32.158390 34.324211
v 1.734093 -31.958765 34.347206
v 1.828506 -30.427406 33.961765
v 0.925310 -29.350016 33.553974
v 3.000360 -28.715101 33.764664
v 3.755309 -27.030321 33.523624
v 4.099269 -25.541832 33.267731
v 4.477329 -23.592264 32.878925
v 3.710433 -22.233311 32.429306
v 2.815867 -22.467518 32.330212
v 4.236111 -20.783230 32.155624
v 3.821118 -19.753199 31.853741
v 5.716483 -19.358875 31.989658
v 5.833771 -17.082932 31.384041
v 4.830953 -15.679786 31.008116
v 3.498900 -14.851837 30.673784
v -12.924063 -58.448143 27.517284
v -12.107493 -57.850803 28.639641
v -12.848946 -56.091835 28.784510
v -13.585043 -55.491535 28.418484
v -13.097389 -60.002251 26.322681
v -12.121560 -59.833050 27.080835
v -12.968793 -60.891991 25.687603
v -13.698536 -60.576691 25.077356
v -12.393672 -60.665848 24.715055
v -12.514547 -61.807045 24.004517
v -12.906591 -62.610142 22.701914
v -14.537230 -61.329449 21.543770
v -14.345131 -60.384453 22.531279
v -13.102318 -54.209106 29.317095
v -13.824647 -52.740215 29.420506
v -12.471516 -52.622272 30.451170
v -11.552252 -51.857658 31.343042
v -10.334662 -52.018040 32.137970
v -9.085940 -51.308861 33.010059
v -8.670833 -49.781712 33.423985
v -9.196396 -48.871437 33.221233
v -16.261518 -62.065098 19.371702
v -15.245543 -62.239143 21.036509
v -14.741519 -62.241165 21.985346
v -16.834244 -61.775608 17.048916
v -17.333088 -61.109409 16.179604
v -16.370298 -62.541588 15.284350
v -16.354933 -62.683258 13.006022
v -16.190811 -62.649548 11.155038
v -16.263632 -62.365002 9.566075
v -15.433889 -62.582214 7.694701
v -14.888453 -62.246876 6.233999
v -13.688284 -62.426884 5.196029
v -12.157982 -62.287289 3.705694
v -11.593992 -60.558365 2.247756
v -12.334465 -59.545258 2.003947
v -12.982198 -58.744717 1.747373
v -10.970167 -58.035831 1.112211
v -9.803930 -55.995789 0.402233
v -10.428404 -55.072079 0.344870
v -8.881098 -54.331989 0.161153
v -6.808758 -54.057171 0.078984
v -5.278057 -53.179688 0.038855
v -2.814780 -52.704716 -0.012725
v -3.180747 -51.735455 -0.015555
v -1.889834 -50.837837 -0.010821
v -0.880433 -48.732735 -0.051433
v -0.087997 -46.956699 -0.056285
v 0.660410 -45.174171 -0.085005
v 0.470584 -44.055321 -0.086670
v 2.155369 -43.108170 -0.102560
v 2.764509 -40.983055 -0.107130
v 3.675048 -39.354343 -0.117748
v 4.254985 -38.066277 -0.093074
v 5.094552 -36.466476 -0.098228
v 5.963558 -34.838131 -0.062437
v 6.776634 -33.196476 -0.080954
v 7.367840 -31.634254 -0.073014
v 7.383099 -29.857508 -0.077390
v 6.469236 -28.682999 -0.078067
v 7.581114 -27.493990 -0.068869
v 7.930525 -25.551340 -0.054235
v 8.322757 -23.569710 -0.049389
v 7.819084 -22.067757 -0.026369
v 6.932705 -21.520836 -0.012128
v 8.387617 -20.033438 0.003343
v 8.396083 -17.926893 0.029033
v 8.418340 -15.716692 0.034134
v 7.740748 -14.056524 0.000460
v 6.707199 -12.928287 -0.025588
v 5.697353 -11.569946 -0.033547
v 4.669165 -10.214700 -0.047016
v 3.632812 -8.853800 -0.042341
v 2.588953 -7.750874 -0.039510
v 3.460243 -5.967581 -0.039772
v 2.912410 -3.459245 -0.078153
v 2.085877 -2.056823 -0.096387
v 0.633011 -2.051832 -0.091358
v 0.593086 -0.437609 -0.094842
v -0.141243 1.463953 -0.070800
v -1.134744 2.820715 -0.035352
v -2.353626 3.012235 -0.039456
v -2.128442 5.052631 0.058865
v -4.312930 5.234417 0.110829
v -4.642060 7.055062 0.205659
v -6.627587 6.909789 0.252892
v -8.254223 7.008030 0.413903
v -10.112916 7.312913 0.668549
v -11.435014 6.866445 0.964542
v -13.657941 7.168534 1.923938
v -14.951930 6.875779 2.726677
v -15.798160 6.718121 3.546737
v -16.867144 7.323906 4.707205
v -17.046902 6.707417 5.209920
v -17.648693 6.837772 6.687162
v -18.056395 6.608609 8.317270
v -18.500196 6.760864 9.704331
v -18.186102 6.760359 10.781994
v -18.137774 6.573889 11.946022
v -18.549133 6.858782 13.239619
v -18.333294 6.917072 14.648942
v -18.046156 6.918769 15.598629
v -17.298773 6.853829 16.661871
v -16.813168 6.677294 17.802988
v -15.955363 7.111101 18.705627
v -15.221034 6.688285 19.385271
v -13.867063 7.150358 20.384935
v -12.712737 6.753366 21.080641
v -10.042484 6.870256 21.936575
v -11.232115 6.937854 21.711332
v -8.500468 6.810567 22.157366
v -6.348571 6.728133 22.079704
v -7.451605 6.804831 22.171486
v -4.761903 6.540795 22.076113
v -3.743374 -0.575007 25.203571
v -4.014275 0.734574 24.763716
v -5.211623 1.509616 24.492880
v -3.408410 2.535081 24.106709
v -4.360618 3.549895 23.660358
v -3.509106 3.801784 23.501987
v -2.013253 4.244116 23.212879
v -1.996214 5.919595 22.150354
v -3.372930 6.868066 21.699305
v -8.340584 -48.096191 33.763599
v -7.332219 -47.573788 34.144882
v -6.139025 -47.051479 34.473148
v -6.421209 -45.603451 34.156376
v -6.876441 -44.511658 33.894264
v 0.672742 -10.258888 28.932825
v -0.226121 -9.082276 28.412912
v -1.010058 -8.221175 27.840155
v -0.510787 -6.971788 27.728586
v -0.935425 -5.409008 27.179218
v -2.720795 -5.879585 27.049967
v -2.274968 -4.462742 26.743233
v -1.034421 -3.358863 26.474463
v -1.804986 -2.374885 25.924934
v -2.755785 -2.469674 25.863461
v -3.425829 -2.448095 25.854727
v -2.350881 -1.222725 25.548912
v 2.481282 -13.210179 30.113485
v 0.990121 -12.901316 29.788624
v 2.985609 -11.392802 29.743029
v 2.801923 -9.618279 29.123199
v 1.497699 -9.105791 28.752855
v -5.301482 -44.580669 34.229572
v -4.203527 -44.095917 34.741734
v -3.048092 -43.517845 35.187962
v -3.770561 -42.566692 34.771072
v -3.513181 -41.513329 34.725780
v -4.642543 -41.305580 34.347656
v -1.638066 -40.764252 35.226200
v -0.672930 -39.012009 35.140579
v 0.451997 -37.593933 35.143391
v 0.754493 -35.906731 34.908043
v 1.639075 -34.263767 34.812721
v 1.660295 -33.148972 34.608845
v 2.965829 -32.724129 34.688805
v 2.763532 -31.780672 34.429626
v 3.655206 -30.602974 34.307735
v 4.680988 -28.730494 34.048771
v 4.807505 -27.583582 33.806400
v 6.135139 -25.801880 33.585922
v 6.476889 -23.678699 33.105114
v 6.064433 -21.906136 32.691814
v 5.060969 -21.357346 32.440914
v 5.986078 -20.334618 32.458538
v 6.935200 -20.592337 32.400101
v 8.164596 -19.160772 32.000824
v 7.540340 -17.384609 31.652588
v 6.896204 -15.668934 31.176958
v 5.934719 -14.627179 30.895103
v 4.963749 -13.414449 30.561768
v 4.006870 -12.228971 30.104473
v -11.633595 -59.257275 28.113253
v -11.666454 -56.541313 29.652386
v -10.879292 -58.050747 29.827143
v -10.539963 -59.481361 29.076786
v -12.066024 -55.063515 29.873005
v -12.175659 -60.943527 26.662565
v -11.659621 -60.978523 27.301010
v -10.959685 -60.615463 26.359287
v -10.201602 -60.296749 27.645435
v -11.415347 -61.508331 25.812277
v -12.002382 -62.293575 25.113253
v -12.383840 -64.187714 23.983749
v -12.185295 -64.320274 22.524015
v -12.830646 -64.451950 21.023603
v -13.778131 -62.829262 21.174049
v -15.368043 -60.705463 20.804249
v -14.878255 -60.488892 21.899279
v -12.209521 -53.951797 30.140184
v -11.171796 -54.271942 30.897205
v -10.301118 -53.398266 31.877373
v -9.093319 -52.907825 32.816032
v -7.690499 -52.906532 33.742161
v -7.410994 -51.298943 33.994812
v -7.960300 -50.237808 33.741238
v -7.928595 -49.332336 33.859264
v -15.924447 -63.002548 17.495924
v -14.429733 -64.531837 16.598099
v -14.339976 -64.474815 14.389406
v -14.986516 -63.883282 13.247393
v -14.732261 -64.136696 11.391567
v -14.426350 -63.967106 9.389838
v -13.144651 -64.564880 7.497080
v -13.229117 -63.763065 6.304685
v -11.550314 -64.060776 5.150556
v -9.853188 -63.751713 3.708161
v -10.916352 -62.673893 3.216831
v -9.938840 -61.409275 2.179919
v -9.465387 -59.476795 1.218493
v -8.525727 -57.954647 0.623056
v -8.445646 -56.647182 0.409139
v -8.371255 -55.520851 0.224009
v -6.617654 -55.480595 0.127103
v -4.400578 -55.108883 0.067369
v -1.797027 -54.444275 0.004661
v -0.738881 -52.805202 -0.011219
v -1.301560 -51.890240 -0.018942
v 0.428965 -50.888489 -0.039934
v 1.102554 -48.922703 -0.047080
v 1.878249 -47.034786 -0.082671
v 2.584819 -45.210613 -0.094243
v 2.397636 -44.204643 -0.091292
v 4.103726 -43.252441 -0.087730
v 4.663637 -41.280746 -0.105047
v 5.438403 -39.536964 -0.105732
v 6.250271 -37.946362 -0.090631
v 7.103325 -36.397228 -0.084319
v 7.988833 -34.774548 -0.065024
v 8.860550 -33.103806 -0.067708
v 9.615530 -31.287905 -0.064334
v 9.252259 -29.893410 -0.080869
v 8.474340 -28.698503 -0.070364
v 9.594957 -27.542223 -0.052885
v 9.955313 -25.554407 -0.045408
v 10.363929 -23.563784 -0.027022
v 9.841031 -22.043282 -0.010844
v 8.937605 -21.543182 -0.010876
v 10.329076 -20.045263 0.027563
v 10.296468 -18.060867 0.048954
v 10.419341 -15.786424 0.063123
v 9.772457 -14.062015 0.055609
v 8.719400 -12.922444 0.011552
v 7.695885 -11.570689 -0.013519
v 6.649632 -10.221312 -0.036800
v 5.603816 -8.845510 -0.041120
v 4.572449 -7.729927 -0.046676
v 5.466610 -5.947471 -0.044412
v 5.045141 -3.492946 -0.063896
v 4.356327 -2.270110 -0.090344
v 3.632752 -0.936230 -0.084620
v 2.208386 -0.701797 -0.108730
v 2.469920 0.828266 -0.089431
v 1.147287 1.809867 -0.075395
v 0.522529 4.052907 -0.014111
v -0.149151 5.721768 0.058018
v -0.624129 7.153513 0.183374
v -2.458677 6.961216 0.197012
v -2.968650 8.652944 0.544843
v -4.794118 8.744077 0.369320
v -6.421707 8.727461 0.454936
v -7.859517 8.286624 0.510057
v -10.242039 8.540069 0.808837
v -12.113168 8.620550 1.246332
v -13.740607 8.648047 1.902132
v -14.995121 8.789737 2.567700
v -15.731427 8.502724 3.369283
v -16.675474 8.261249 4.373567
v -17.704432 8.643085 5.635060
v -17.917698 8.242071 6.762340
v -18.353630 8.549595 9.237335
v -18.436911 7.923401 10.610540
v -18.526867 8.326536 12.766095
v -18.318594 8.469199 14.831476
v -17.613092 8.490110 16.611431
v -16.783024 8.627312 17.968328
v -16.053593 8.171415 18.570536
v -14.917746 8.237268 19.585707
v -13.996638 8.086084 20.269064
v -12.585396 8.741782 20.992182
v -10.619346 8.423145 21.378788
v -8.394105 8.163164 21.812820
v -9.630746 8.016982 21.780113
v -10.322526 7.369548 21.536989
v -6.809728 8.113999 21.610344
v -4.508783 8.200705 21.060125
v -4.147992 7.226841 21.643108
v -2.017805 0.899930 24.817106
v -0.854117 2.770244 24.104107
v 0.051537 4.353732 23.176418
v -0.190347 5.747059 22.196503
v -0.544453 7.271812 21.063236
v -1.990364 7.054402 21.376518
v -2.165497 8.290164 20.476862
v -6.733294 -49.189560 34.404793
v -4.941558 -48.189247 35.048027
v -5.271457 -47.267796 34.623020
v -4.748126 -46.479069 34.862301
v -5.663345 -45.867809 34.379829
v 0.659774 -7.465392 28.112610
v -0.294622 -8.293898 28.097067
v 1.121923 -5.399850 27.511728
v 0.946347 -3.503461 26.818653
v 0.678462 -2.163170 26.262259
v -0.045774 -0.917308 25.641731
v -0.712097 0.265940 25.227655
v 4.592950 -9.694102 29.380123
v 3.635854 -8.263103 28.824238
v 2.419348 -7.507503 28.464846
v -3.503231 -45.473225 35.139778
v -2.075045 -45.198692 35.849209
v -1.631286 -43.789730 35.956169
v -1.354968 -42.241058 35.627998
v -2.427931 -42.077229 35.210159
v -0.674799 -41.110882 35.633812
v 0.399659 -40.018703 35.542465
v 1.837852 -38.150112 35.541855
v 2.658298 -36.400059 35.308308
v 3.575543 -34.477268 35.122284
v 4.655272 -32.714119 35.003586
v 3.932345 -31.750490 34.700130
v 4.472163 -31.019192 34.777184
v 5.906199 -30.360762 34.640270
v 5.466847 -29.200911 34.281021
v 6.578315 -27.691931 34.099010
v 6.902617 -26.029875 33.962112
v 8.195189 -25.193565 33.694382
v 8.346857 -23.675709 33.230034
v 7.668625 -22.609043 32.926659
v 7.117422 -21.749405 32.741684
v 8.490960 -21.342318 32.582623
v 10.154516 -19.831053 32.105793
v 9.742044 -17.722769 31.622299
v 8.571594 -17.684290 31.607809
v 9.051444 -15.992686 31.197895
v 7.907501 -14.935626 30.950813
v 7.045921 -13.337638 30.623302
v 5.956278 -12.401679 30.516506
v 5.486871 -10.991274 30.061918
v -10.748506 -56.623611 30.531729
v -11.232722 -55.563992 30.404362
v -9.849804 -57.742668 31.095592
v -9.634540 -59.861027 30.105522
v -9.820740 -60.517838 29.341650
v -9.480589 -60.199825 28.897339
v -11.581295 -61.737747 26.776562
v -10.346641 -61.365566 26.585030
v -10.831758 -62.594910 25.769810
v -9.278940 -61.533352 28.355209
v -9.822018 -62.444321 27.102131
v -11.319879 -61.891453 25.281183
v -11.520658 -64.203575 25.081188
v -11.424435 -65.263451 24.529406
v -11.911651 -65.151176 24.047886
v -11.440606 -65.068405 23.597473
v -12.105481 -65.747185 22.058958
v -11.811347 -65.880867 20.092916
v -13.033711 -65.520592 19.567482
v -14.167272 -64.341927 19.013802
v -14.018675 -63.922092 20.469206
v -14.818972 -63.225697 19.415899
v -10.524601 -55.544277 31.075155
v -9.408152 -55.730328 32.081097
v -8.075976 -54.604717 33.365730
v -6.666364 -54.420086 34.336849
v -6.430265 -52.907036 34.574295
v -6.885067 -52.085236 34.299248
v -5.923343 -51.172184 34.892944
v -13.452023 -65.540398 18.189049
v -12.254718 -66.239746 16.361387
v -12.557870 -65.894485 14.372243
v -12.968722 -65.487160 12.263898
v -12.943905 -65.412895 10.270166
v -12.050250 -65.673569 8.842892
v -11.403759 -65.784897 7.776928
v -10.778625 -65.608276 6.711471
v -9.189897 -65.622505 5.494461
v -7.720181 -65.510811 4.329611
v -7.794022 -63.727524 2.719165
v -8.561906 -62.398838 2.159446
v -9.914512 -62.618156 2.819333
v -7.818081 -60.650700 1.195978
v -8.468920 -60.004623 1.065571
v -7.043712 -58.743149 0.559831
v -6.688834 -56.994106 0.252913
v -4.297042 -57.184597 0.176940
v -1.661443 -56.414551 0.078773
v 0.297819 -55.749676 -0.005578
v -0.228683 -54.663883 -0.018018
v 0.977794 -53.420082 -0.040984
v 0.720421 -52.029694 -0.051656
v 2.473218 -50.954697 -0.067777
v 3.238429 -48.904152 -0.075006
v 3.896531 -47.055283 -0.082026
v 4.531175 -45.238544 -0.098107
v 4.316778 -44.255890 -0.097875
v 6.067830 -43.280308 -0.097129
v 6.616417 -41.361305 -0.095284
v 7.385524 -39.642281 -0.083269
v 8.227128 -37.987522 -0.083220
v 9.100901 -36.371937 -0.058066
v 9.986143 -34.728889 -0.054986
v 10.902716 -33.046215 -0.063980
v 11.708578 -31.232529 -0.051837
v 11.475554 -29.838364 -0.063664
v 10.418588 -29.188505 -0.066401
v 11.646247 -27.587406 -0.040134
v 12.019327 -25.610016 -0.020905
v 12.432718 -23.561707 -0.005906
v 11.881433 -21.969648 0.011909
v 10.956093 -21.467424 0.005404
v 12.259360 -19.596348 0.063690
v 11.532592 -18.343767 0.065393
v 12.394766 -16.377934 0.090102
v 11.796778 -14.132552 0.068003
v 10.751422 -12.943301 0.035330
v 9.731108 -11.564035 0.019615
v 8.661548 -10.212547 -0.024550
v 7.603400 -8.845210 -0.033128
v 6.561791 -7.728183 -0.046445
v 7.467457 -5.946065 -0.053982
v 7.092934 -3.507099 -0.069825
v 6.427365 -2.346326 -0.082277
v 5.750131 -1.190130 -0.079540
v 5.291099 0.893737 -0.086206
v 3.750611 0.716889 -0.089597
v 3.655831 2.072396 -0.090897
v 2.585228 3.401811 -0.058311
v 2.610559 5.749487 0.043792
v 1.406297 6.646296 0.090943
v 0.940510 8.602930 0.967002
v -0.809376 8.633610 0.647451
v -1.465932 9.941269 1.373585
v -3.820300 10.531428 0.978797
v -5.603380 10.292753 0.725712
v -6.731922 9.757869 0.593566
v -8.462607 9.893504 0.698666
v -10.449040 9.961795 0.909487
v -12.555726 10.088467 1.268985
v -14.458843 10.414371 2.130329
v -15.686530 10.189644 2.967979
v -16.618725 10.069245 3.959744
v -17.406050 9.914900 5.000067
v -18.122675 9.874049 6.080354
v -18.351297 9.606069 7.144061
v -18.663750 9.953458 8.922175
v -18.866470 10.353455 10.937183
v -18.624632 9.830338 12.212453
v -19.056448 9.934497 13.516167
v -18.570263 9.983277 14.935392
v -17.807493 10.222635 16.790480
v -17.054464 10.195328 17.902117
v -16.647066 9.721853 18.293949
v -15.777554 9.843658 19.132740
v -14.708430 9.705562 19.792957
v -13.637497 9.431207 20.510685
v -11.106626 10.624737 20.934900
v -13.334969 10.973976 20.476845
v -8.754324 8.878269 21.464041
v -8.892736 10.513848 20.943233
v -7.389636 9.863538 20.938272
v -5.567319 9.919830 20.445223
v -3.199900 10.158429 19.320230
v -4.416986 9.932267 19.993731
v 0.812768 1.660835 24.628424
v 1.517423 3.853240 23.540506
v 1.610194 5.621354 22.323500
v 1.578276 7.331463 21.061823
v 1.025807 8.924954 19.094906
v -0.709389 8.561200 20.024670
v -1.179119 9.963294 18.656771
v -4.613868 -49.939800 35.433975
v -3.188110 -48.736912 35.770782
v -4.028706 -47.645531 35.328300
v -3.241106 -47.149261 35.516762
v 1.557016 -6.926546 28.145473
v 1.872824 -6.121002 28.008572
v 3.287165 -4.816479 27.552418
v 2.779973 -3.491289 27.059443
v 2.444781 -2.372620 26.635569
v 1.662363 -2.060631 26.406898
v 2.040459 -0.717386 25.788158
v 1.849147 0.582451 25.124058
v 6.830587 -9.625942 29.530960
v 6.066901 -8.030254 28.902628
v 4.720890 -7.303275 28.582684
v 3.585492 -7.247635 28.517134
v 3.568172 -6.103198 28.172596
v -1.972243 -46.717567 35.628586
v -0.615838 -45.612617 36.150906
v -0.349804 -44.083866 36.205574
v 0.018329 -42.621231 36.060116
v 0.300055 -41.353252 35.805622
v 1.660713 -40.598133 35.795811
v 1.992388 -39.316113 35.999332
v 2.636584 -38.322487 35.966095
v 3.850613 -37.690929 35.860809
v 3.817514 -36.809818 35.610348
v 5.516388 -35.306332 35.589764
v 6.221752 -33.260792 35.289722
v 5.829690 -31.710032 34.977737
v 7.844077 -31.186213 35.027977
v 7.453077 -29.761625 34.667812
v 6.570640 -29.117653 34.408592
v 7.325268 -28.769045 34.405224
v 8.551635 -28.472017 34.450623
v 7.566626 -27.361227 33.998867
v 8.071765 -26.429638 34.052929
v 9.901779 -25.481169 33.769821
v 9.988457 -23.749414 33.412941
v 9.608581 -22.094009 32.815506
v 9.616602 -21.085854 32.473293
v 10.111985 -21.114799 32.483215
v 11.004045 -21.478689 32.628613
v 12.206832 -19.413792 31.979382
v 11.648906 -17.414167 31.396271
v 10.571998 -15.841411 31.099010
v 9.902755 -14.531324 30.742228
v 9.004057 -13.653117 30.525280
v 7.958258 -13.355181 30.487200
v 8.115605 -11.590896 30.070044
v 6.574048 -11.055732 30.174055
v -10.159035 -56.368015 31.185455
v -8.669143 -59.634010 31.810513
v -8.869255 -58.061237 32.094479
v -9.116863 -57.157547 32.044106
v -8.486499 -61.551853 31.098370
v -8.805711 -61.480289 29.468081
v -9.785852 -60.920670 29.146580
v -10.403395 -64.363510 26.463648
v -10.426128 -65.018448 25.138853
v -8.521261 -63.066994 29.123049
v -9.108388 -62.802521 28.002937
v -9.146970 -64.202820 27.722216
v -11.126296 -65.213379 25.303364
v -10.848372 -66.689171 23.565477
v -10.766137 -67.394791 21.576920
v -11.049199 -67.006348 19.953667
v -11.751839 -66.457794 18.326500
v -8.116315 -57.379238 33.037296
v -7.253977 -56.648281 33.924568
v -6.006834 -55.923805 34.908699
v -5.494305 -54.695572 35.220375
v -5.364753 -53.428036 35.213703
v -5.354048 -52.379536 35.213486
v -3.636826 -52.025055 36.102810
v -10.212043 -67.794380 16.092915
v -10.814170 -67.229622 14.446168
v -10.327294 -67.426041 12.173263
v -10.902110 -66.863388 10.169802
v -9.620972 -67.112465 8.372952
v -7.897056 -67.433937 7.210803
v -7.182051 -66.931374 5.920451
v -5.812290 -66.812599 4.921907
v -6.687827 -65.706482 4.025963
v -6.306116 -64.582680 2.817365
v -6.136026 -62.640476 1.720394
v -7.366266 -62.584316 1.848341
v -6.288353 -61.051647 1.133158
v -6.495598 -59.791695 0.736475
v -4.858350 -58.987759 0.387851
v -2.630271 -58.688774 0.235789
v -0.912186 -58.119236 0.175389
v 1.236692 -57.395473 0.069506
v 2.372725 -55.943096 -0.012251
v 2.564435 -54.494617 -0.057772
v 3.232866 -52.835133 -0.081150
v 2.746275 -52.043777 -0.076123
v 4.502728 -50.879742 -0.084780
v 5.352328 -48.869453 -0.075705
v 6.303528 -46.749992 -0.095693
v 6.333381 -45.287006 -0.103744
v 6.281373 -44.280148 -0.099332
v 8.028192 -43.314220 -0.090056
v 8.582641 -41.420284 -0.079668
v 9.356635 -39.704998 -0.075502
v 10.205082 -38.033230 -0.056545
v 11.080128 -36.373768 -0.050719
v 11.986430 -34.722698 -0.050996
v 12.878586 -33.022526 -0.046021
v 13.746592 -31.160746 -0.042405
v 13.538521 -29.718500 -0.025965
v 12.495427 -29.155975 -0.047257
v 13.697545 -27.580317 -0.029877
v 14.018799 -25.709732 0.004977
v 14.503496 -23.591167 0.012176
v 13.928083 -21.923134 0.040223
v 13.002077 -21.335407 0.040148
v 14.288374 -19.441343 0.094110
v 13.437061 -17.903381 0.101629
v 14.643197 -16.142963 0.164840
v 13.832047 -14.146057 0.140644
v 12.794768 -13.024455 0.082523
v 11.783477 -11.586678 0.050083
v 10.715045 -10.219607 -0.010451
v 9.628928 -8.825679 -0.038193
v 8.578736 -7.724592 -0.049290
v 9.499098 -5.933729 -0.082886
v 9.136021 -3.494501 -0.082927
v 8.495786 -2.322787 -0.082783
v 7.867155 -1.175959 -0.071199
v 7.519334 1.147105 -0.067525
v 6.237031 2.589915 -0.065211
v 4.970440 2.355456 -0.078218
v 4.768940 3.930287 -0.046200
v 3.893230 5.316328 0.018256
v 4.187225 6.955356 0.150807
v 3.079342 7.748631 0.495536
v -2.246867 11.871944 2.309942
v -4.083653 12.234995 1.576540
v -5.794453 11.761530 1.085992
v -7.715800 11.804368 1.007458
v -8.461769 11.119967 0.863824
v -10.644577 11.417191 1.057580
v -12.749001 11.576554 1.371719
v -14.428909 11.699076 1.946038
v -15.712079 11.993115 2.653846
v -16.688095 11.983332 3.623724
v -17.479446 11.647929 4.654626
v -18.248224 11.492301 5.817970
v -18.655907 11.191359 6.784515
v -19.000509 11.256996 8.502353
v -19.240925 11.635746 10.963305
v -19.250330 11.814652 13.313406
v -18.815714 11.344040 14.936267
v -18.026154 11.506292 16.719658
v -17.146967 11.742737 17.824139
v -16.731289 11.271670 18.191389
v -15.826116 11.249309 19.096462
v -14.850965 11.058773 19.797258
v -9.638309 11.899059 20.687954
v -11.030709 12.089297 20.587236
v -12.706513 13.004702 20.136522
v -15.027497 12.851930 19.502579
v -7.486784 11.615288 20.334742
v -8.297946 13.109357 20.121885
v -6.200238 11.904312 19.711819
v -4.464007 11.405597 19.095764
v -2.402108 11.815127 17.504597
v -3.429964 11.589880 18.352497
v 2.730795 1.852447 24.566111
v 3.606763 3.642638 23.630482
v 3.005259 5.327617 22.472527
v 3.686713 7.188274 21.507311
v 3.244177 8.572675 20.175379
v 1.959327 8.458040 20.196295
v 2.467819 8.815693 19.435581
v -0.038356 10.395534 17.282341
v -1.040776 11.464766 16.707924
v -3.314918 -50.261665 35.982613
v -1.875775 -50.281422 36.466057
v -1.583969 -48.632343 36.190807
v -2.041212 -47.683502 36.000671
v 5.024378 -5.012957 27.820641
v 5.092379 -3.511121 27.440613
v 4.335529 -2.840296 26.972130
v 4.041985 -1.509814 26.413002
v 2.650607 -1.263900 26.238333
v 3.950497 -0.186583 25.671989
v 3.569248 1.067074 24.985380
v 8.399456 -9.619679 29.539087
v 7.858822 -8.595962 29.180080
v 7.516620 -7.497193 28.768669
v 6.668141 -5.833128 28.106182
v 4.970426 -6.044758 28.177452
v -0.397790 -47.247311 36.364132
v 0.698345 -45.539490 36.356495
v 1.061049 -44.184299 36.371223
v 1.530983 -42.704910 36.402565
v 1.735106 -41.401276 36.150974
v 3.276590 -39.927967 36.300137
v 3.818081 -38.522266 36.233906
v 5.846459 -37.773827 36.216030
v 5.207848 -36.732964 35.790955
v 6.983909 -36.194656 36.000103
v 7.076906 -35.008900 35.875805
v 8.385806 -33.612164 35.674519
v 10.207267 -31.253616 35.188286
v 9.374359 -30.042049 34.852089
v 10.778739 -29.024862 34.601131
v 10.764280 -27.429922 34.284225
v 9.513978 -26.938688 34.196823
v 10.897745 -26.488590 33.884998
v 11.791906 -25.098833 33.594452
v 10.926884 -24.396067 33.492214
v 12.081439 -23.150969 33.115612
v 12.815962 -20.975128 32.455776
v 13.962282 -19.332539 32.013081
v 13.590100 -17.362045 31.381878
v 12.799918 -15.810559 30.960888
v 11.781604 -15.305913 30.889118
v 10.918676 -13.825058 30.540276
v 9.982447 -13.391479 30.368292
v 10.189927 -11.831745 29.949657
v 9.180947 -10.505296 29.688772
v -8.011628 -58.811943 32.892254
v -7.567785 -60.520374 33.060635
v -7.899401 -61.469273 32.381187
v -7.687903 -63.043522 32.287685
v -8.042878 -62.930256 31.245075
v -8.568159 -62.540436 30.334110
v -9.727684 -66.064415 27.104486
v -9.614745 -65.992279 25.826542
v -7.541061 -63.421623 30.613111
v -8.386545 -64.579971 29.911398
v -8.398300 -64.638451 28.833134
v -8.767940 -65.917892 28.190559
v -9.468125 -68.199036 22.313259
v -9.458693 -68.740059 20.405142
v -10.240134 -67.734314 20.393433
v -9.885248 -68.085144 19.119291
v -10.379063 -67.655243 18.125010
v -7.109391 -58.817871 33.879383
v -6.481291 -58.445126 34.601147
v -5.335712 -57.940849 35.618073
v -4.305130 -56.726761 36.297710
v -4.479528 -55.196945 35.964199
v -4.400586 -53.897053 35.881554
v -3.014279 -54.205582 36.815678
v -1.405549 -53.128033 37.413227
v -1.805409 -51.833710 36.576653
v -8.789177 -69.181526 17.190599
v -8.527223 -69.241737 14.993391
v -8.489277 -68.779015 13.372613
v -7.895289 -68.818161 11.166497
v -8.700836 -68.304466 9.913983
v -6.881390 -68.797676 9.155357
v -6.606121 -68.488525 7.855315
v -5.183648 -68.806625 7.612819
v -3.311685 -68.500008 6.166780
v -4.280200 -66.839500 4.294191
v -5.111872 -65.474670 3.202202
v -4.918364 -64.135933 1.966049
v -4.251424 -62.479774 1.320096
v -4.598414 -61.279285 0.907767
v -4.456616 -60.213451 0.595341
v -2.719862 -60.294167 0.471949
v -0.387718 -59.816334 0.345338
v 2.393081 -59.135906 0.238878
v 3.472019 -57.648178 0.096661
v 3.878751 -56.188137 0.030481
v 4.421307 -54.622021 -0.026504
v 4.905261 -52.879719 -0.059485
v 4.732720 -51.897915 -0.078040
v 6.474978 -50.861156 -0.068420
v 7.387354 -48.845432 -0.083211
v 8.399812 -46.737961 -0.087623
v 8.677253 -45.198826 -0.096786
v 8.154202 -44.638741 -0.097716
v 9.969553 -43.312222 -0.079607
v 10.443157 -41.545280 -0.067120
v 11.285927 -39.844208 -0.046881
v 12.171162 -38.110260 -0.053225
v 13.077320 -36.416618 -0.043284
v 13.976023 -34.732849 -0.017946
v 14.863688 -33.016922 -0.007491
v 15.694851 -31.177011 -0.014060
v 15.462094 -29.963018 -0.015421
v 15.121543 -28.531878 0.001632
v 14.883982 -27.402367 -0.019078
v 15.954796 -26.241220 0.021568
v 16.466610 -23.636383 0.054190
v 15.939666 -21.916250 0.073250
v 15.045723 -21.294613 0.070898
v 16.297848 -19.396130 0.148092
v 15.493499 -17.783131 0.166710
v 16.691730 -16.086657 0.237215
v 15.902317 -14.110978 0.241754
v 14.942279 -12.980363 0.170428
v 13.920612 -11.550221 0.119436
v 12.825702 -10.212572 0.040191
v 11.699327 -8.831604 0.004224
v 10.627986 -7.722596 -0.050733
v 11.559341 -5.921721 -0.046810
v 11.184380 -3.431522 -0.069629
v 10.581208 -2.243031 -0.074314
v 9.927330 -1.131889 -0.063179
v 9.682428 1.198291 -0.060276
v 8.953056 2.486601 -0.061272
v 8.004372 3.789276 -0.019602
v 6.388635 3.928371 -0.039437
v 6.752443 5.498338 0.041527
v 5.474968 6.533467 0.098968
v 5.392509 8.842257 0.399379
v 3.228894 10.188790 1.572818
v -3.774377 13.657230 2.611662
v -4.722946 13.580464 1.952736
v -5.681195 13.703716 1.710368
v -6.895418 13.450946 1.379810
v -8.718748 13.252411 1.196011
v -10.576694 12.850937 1.158720
v -12.942662 13.045464 1.470069
v -15.045155 13.328808 2.149020
v -15.892869 12.927431 2.620880
v -17.015133 13.217125 3.617446
v -17.937935 13.445326 4.542889
v -18.320295 13.166200 5.307576
v -18.904152 13.073997 6.691612
v -19.334429 12.853366 8.461671
v -19.636139 13.278927 11.001693
v -19.726629 13.207479 13.033829
v -19.506983 13.432357 14.806266
v -18.809834 13.241169 16.215343
v -18.090528 12.751585 17.147366
v -17.231333 12.755298 18.077709
v -15.984133 12.665691 18.761080
v -9.605178 13.068195 20.351002
v -11.035330 13.162286 20.248226
v -12.265750 13.427650 19.853640
v -12.062923 14.703484 19.973633
v -13.925144 15.064604 19.772360
v -14.683514 14.289997 19.565596
v -16.076120 14.718592 18.983713
v -17.360834 14.134145 18.165556
v -7.056200 12.758771 19.794027
v -6.625344 14.405615 18.950745
v -8.101333 14.830363 19.550636
v -9.103912 14.884390 19.877319
v -10.052170 14.207139 20.108934
v -5.047101 13.406486 18.311090
v -3.672184 12.986763 17.475813
v -1.793877 13.327332 15.026682
v -2.806347 13.239326 16.420225
v 3.690596 2.281254 24.338507
v 4.761474 2.650761 24.220640
v 6.069554 4.210622 23.580851
v 5.762503 5.817305 22.659494
v 4.192380 5.281112 22.710423
v 4.501665 6.250105 22.201925
v 5.746009 7.115594 21.892567
v 5.411999 8.475566 21.180780
v 4.365646 8.674279 20.750084
v 4.963141 10.272137 20.013348
v 3.039264 9.857316 18.460838
v 3.840515 11.725569 18.355728
v -0.575778 -51.477947 37.280769
v -0.325366 -49.919968 37.077366
v -0.690126 -48.905666 36.628143
v 6.808682 -3.623507 27.284136
v 6.658915 -1.851988 26.603714
v 5.504103 -1.558526 26.618738
v 6.118577 0.292802 25.581860
v 5.062276 1.570778 24.855553
v 10.050782 -8.931833 29.090408
v 8.703763 -7.766775 28.862940
v 9.477079 -5.742811 28.006445
v 8.784700 -3.449850 27.103470
v 0.651136 -48.244587 37.106297
v 0.559000 -47.249146 36.758469
v 1.497395 -46.181240 36.854588
v 2.285082 -44.302261 36.567829
v 2.829072 -42.801266 36.463413
v 3.291325 -41.313622 36.313911
v 4.962766 -40.210808 36.701225
v 5.318553 -38.719700 36.648811
v 7.323505 -39.190979 36.780182
v 8.210152 -37.396103 36.401325
v 8.852329 -35.949848 36.160591
v 8.289058 -35.087959 35.951412
v 10.328513 -34.651623 36.012814
v 11.201570 -32.892738 35.776726
v 12.206143 -31.122498 35.144138
v 11.748742 -29.899391 34.779446
v 12.420193 -28.603802 34.362576
v 12.462591 -27.391127 34.274788
v 12.214233 -26.216619 34.018826
v 13.660319 -25.313152 33.659496
v 12.773463 -24.309683 33.455208
v 13.728647 -23.718996 33.197041
v 13.931919 -21.882240 32.710812
v 13.714574 -20.605143 32.356312
v 14.424865 -20.131971 32.383823
v 16.047707 -19.013084 31.879452
v 15.158685 -17.779097 31.558647
v 15.036242 -16.354870 31.055742
v 14.211680 -15.197123 30.715870
v 12.716793 -13.777666 30.422287
v 11.389567 -12.794556 30.119534
v 12.164204 -11.507773 29.711195
v 11.102013 -10.335856 29.427616
v -6.776974 -60.437061 34.096092
v -6.751529 -61.983360 33.978168
v -7.060982 -63.026367 33.283810
v -6.893768 -64.360725 32.690853
v -7.498564 -63.974850 32.376808
v -7.788922 -64.383514 31.602516
v -9.013179 -67.428574 27.902821
v -9.406094 -67.482216 26.942806
v -9.622258 -67.328438 25.933678
v -9.455608 -67.569260 24.230524
v -7.699083 -65.765602 30.351784
v -8.429933 -65.572029 29.844982
v -8.153920 -65.898056 29.135393
v -8.206971 -67.233109 28.607389
v -9.138809 -68.560020 23.195932
v -8.564133 -70.079155 23.155470
v -8.351492 -70.247353 20.704515
v -7.944983 -70.366943 18.529844
v -9.043259 -69.075508 18.833448
v -5.871341 -60.397755 35.197121
v -5.085006 -59.898155 36.013542
v -4.072201 -58.252998 36.728825
v -4.006491 -59.669430 36.999897
v -3.194329 -57.585419 37.275890
v -3.248401 -56.484585 37.038677
v -3.507286 -55.612553 36.711922
v -2.288924 -55.771423 37.538456
v -1.428231 -54.881828 37.807529
v -0.019463 -54.576721 38.433395
v -0.540486 -53.440548 38.006222
v -0.157280 -52.742954 38.039188
v -6.963699 -70.938202 16.593557
v -6.833206 -70.574669 15.207294
v -6.154641 -70.490295 13.411976
v -5.334026 -70.429886 11.453176
v -4.322559 -70.283188 9.908371
v -2.974170 -70.645370 9.151222
v -2.096614 -70.369682 8.212474
v -1.032260 -70.051918 7.361806
v -1.878884 -68.523529 5.593075
v -2.700657 -67.230453 4.411211
v -2.951539 -65.953651 3.157289
v -3.473343 -64.647316 2.097733
v -2.684262 -62.903622 1.153063
v -2.414640 -61.725819 0.771658
v -0.594321 -61.622044 0.630709
v 1.962934 -61.216942 0.562722
v 4.592221 -60.849731 0.428460
v 4.809362 -59.291744 0.234369
v 5.147904 -57.823692 0.141705
v 5.775812 -56.258690 0.062332
v 6.293011 -54.633652 0.009731
v 6.790554 -52.895077 -0.029735
v 6.616617 -51.876480 -0.055917
v 8.450226 -50.885220 -0.040721
v 9.397956 -48.860306 -0.053626
v 10.454412 -46.733444 -0.065824
v 10.750184 -45.157852 -0.070180
v 10.216690 -44.587555 -0.090996
v 12.025262 -42.944496 -0.051863
v 11.575220 -41.705990 -0.053096
v 13.088043 -40.307659 -0.033398
v 14.145548 -38.224670 -0.029811
v 15.062858 -36.462303 -0.012327
v 15.957619 -34.754856 -0.016584
v 16.851358 -33.027164 -0.003599
v 17.667072 -31.185053 0.026430
v 17.411354 -30.002203 0.028000
v 17.059610 -28.671364 0.023385
v 16.618708 -27.379585 0.018490
v 18.257967 -26.139977 0.074659
v 18.465595 -23.667267 0.095577
v 17.921040 -21.925100 0.114417
v 17.029795 -21.298330 0.112040
v 18.295343 -19.380013 0.188993
v 17.515209 -17.746975 0.218480
v 18.679995 -16.080452 0.285843
v 17.891071 -14.121401 0.331623
v 16.970222 -13.028392 0.275882
v 16.043802 -11.621692 0.216797
v 15.127668 -10.145029 0.126958
v 13.977651 -8.672270 0.062814
v 12.734464 -7.693752 0.002099
v 13.698190 -5.760530 -0.028412
v 13.162650 -3.436159 -0.057202
v 12.523718 -2.275348 -0.078072
v 12.091501 -0.938280 -0.051134
v 11.546034 1.069210 -0.051915
v 11.109029 2.449907 -0.056951
v 10.455170 3.890921 -0.047482
v 9.479378 5.565530 -0.011644
v 8.185448 5.391527 0.003590
v 8.572542 6.746188 0.083955
v 7.351595 8.480016 0.261764
v 6.310254 10.360347 0.641984
v 4.970383 11.397188 1.236885
v 3.656931 13.245922 2.050819
v -6.260291 15.055185 2.233186
v -7.201127 14.498025 1.679119
v -8.225353 14.646846 1.451070
v -9.500370 14.787239 1.324631
v -11.958722 14.935492 1.292043
v -13.366657 14.364133 1.388106
v -15.114069 14.698189 1.995248
v -16.800781 15.138442 2.895232
v -17.341282 14.486131 3.661449
v -18.434374 14.555930 4.888153
v -18.901787 14.345264 5.667324
v -19.352781 14.553943 7.075638
v -19.780880 14.655890 8.982822
v -20.039751 14.686142 11.175425
v -19.677492 14.373695 11.685725
v -20.206390 14.761542 13.222757
v -19.848663 14.394336 14.784637
v -19.287518 14.591844 16.202122
v -18.597475 14.523516 17.133982
v -10.715371 16.306240 19.732712
v -12.307226 16.232082 19.792542
v -13.651076 16.460476 19.656250
v -15.002754 16.476971 19.279545
v -15.728160 15.786842 19.133755
v -17.558670 16.288527 18.125111
v -18.890818 15.891029 17.159945
v -5.230140 14.987710 17.737274
v -6.053217 16.465202 17.665144
v -7.165646 16.351177 18.531668
v -7.903459 15.824711 19.123884
v -8.882313 15.917801 19.548738
v -4.358529 14.751333 16.889082
v -3.383668 14.836839 15.648946
v -3.138390 16.381199 13.181127
v 6.389138 2.968696 24.277092
v 8.002536 4.106793 23.814369
v 7.834573 5.858781 22.964727
v 7.516810 7.400014 22.214314
v 6.375473 6.751863 22.237877
v 6.458581 8.108636 21.611771
v 7.056652 9.586913 21.236921
v 6.657041 11.541198 20.461235
v 5.636404 11.878162 19.765347
v 4.917041 11.732272 19.261541
v 5.198488 13.055578 18.869713
v 4.315432 13.048748 18.023966
v 3.747365 13.056526 17.403189
v 3.464692 15.082485 15.246743
v 4.447265 14.374210 17.483809
v 1.032538 -51.812893 37.760204
v 0.947487 -50.036201 37.688377
v 8.562826 -1.626024 26.347736
v 7.450229 -0.633854 25.984873
v 8.194554 0.985030 25.270018
v 7.466742 2.371038 24.616531
v 12.041671 -9.123560 28.929428
v 11.402122 -6.754877 28.153297
v 11.370026 -4.791411 27.551790
v 10.768254 -4.085744 27.243189
v 10.613862 -2.907622 26.778467
v 10.444217 -0.772670 25.993971
v 1.729231 -48.421024 37.759853
v 2.104820 -47.091824 37.498386
v 3.279929 -45.646290 37.395950
v 3.529530 -44.375896 37.038448
v 4.061531 -42.959263 36.809818
v 4.283474 -41.706207 36.654259
v 6.076723 -41.701241 37.127480
v 8.579117 -40.909348 37.320217
v 9.637477 -39.227440 37.002380
v 10.017338 -37.766434 36.643452
v 10.394902 -36.259712 36.342800
v 12.042216 -35.066292 36.192486
v 13.118207 -33.482292 35.795578
v 13.521788 -31.700390 35.319584
v 13.812094 -30.324970 34.882923
v 13.191834 -29.348162 34.605572
v 14.461217 -27.367537 34.036953
v 13.440178 -26.294802 34.041294
v 15.920968 -25.297136 33.561558
v 14.752066 -24.323570 33.342220
v 15.712796 -22.971796 32.961975
v 15.440898 -20.996334 32.583721
v 17.462133 -20.490362 32.160946
v 18.118637 -18.779081 31.629908
v 17.655571 -17.732361 31.424744
v 16.579376 -17.781256 31.495327
v 16.046646 -17.812523 31.572186
v 16.644209 -16.489618 31.051813
v 15.626712 -14.884593 30.525614
v 14.812203 -14.566792 30.406252
v 14.817932 -13.609450 30.220884
v 13.582204 -12.671776 29.870951
v 13.723754 -11.085734 29.408857
v 12.960354 -10.211957 29.207888
v -5.847571 -61.923134 35.245399
v -6.208160 -62.527843 34.736546
v -6.230201 -64.580345 34.521645
v -6.601382 -65.762238 33.342876
v -6.764489 -65.978813 31.934345
v -7.691851 -65.825645 31.262703
v -8.122189 -68.905785 28.834036
v -8.541942 -68.832550 26.933746
v -8.911307 -67.912643 26.225634
v -8.886301 -68.862816 25.304590
v -7.716552 -66.739296 31.052984
v -7.221409 -67.331398 30.727674
v -8.110571 -67.392899 29.693632
v -8.191384 -70.915581 25.375576
v -7.884787 -72.312721 24.038488
v -7.832017 -72.280449 22.293962
v -7.496823 -72.022758 20.743450
v -6.768106 -72.120499 18.806723
v -5.734224 -72.388260 16.744104
v -4.791189 -61.587719 36.483196
v -5.011354 -62.996914 36.381935
v -3.961095 -61.492062 37.324661
v -2.589975 -59.195587 38.056271
v -2.806751 -61.238495 38.305428
v -1.931312 -57.648129 38.125542
v -2.517484 -56.815441 37.598194
v -1.795654 -56.735634 38.014778
v -0.485406 -56.799458 38.754452
v 1.635767 -56.055229 39.332233
v 0.913441 -54.956318 38.571350
v 1.349678 -53.875317 38.673256
v -5.474843 -72.135643 15.745967
v -5.547099 -71.794487 15.172568
v -4.764021 -71.900063 13.892364
v -4.207446 -71.760086 12.589425
v -2.716542 -72.465950 11.652855
v -2.361594 -71.792992 10.346733
v -1.228741 -71.635452 9.265392
v 0.426977 -71.585136 8.272728
v 0.311414 -70.150871 6.921603
v -0.405094 -68.715286 5.453164
v -1.138729 -66.871086 3.708740
v -2.179112 -66.208397 3.247799
v -1.526373 -64.791000 1.920299
v -0.896956 -63.161705 1.054301
v 1.441551 -63.241520 1.055541
v 4.208170 -62.738243 0.910066
v 6.552822 -62.364075 0.671058
v 6.691506 -60.853870 0.368290
v 6.677864 -59.502815 0.258368
v 7.142636 -57.864395 0.156489
v 7.628591 -56.332764 0.088955
v 8.437717 -54.599758 0.031766
v 8.497918 -52.979469 -0.007158
v 8.505866 -51.955952 -0.020954
v 10.392802 -50.974743 -0.011528
v 11.350258 -48.926979 -0.046392
v 12.511701 -46.745342 -0.037061
v 12.836396 -45.151417 -0.033132
v 12.292246 -44.525547 -0.049968
v 14.115439 -42.852657 -0.027915
v 13.669179 -41.508018 -0.031114
v 15.448839 -40.217430 -0.018700
v 16.169020 -38.312477 -0.014628
v 17.072472 -36.513515 -0.022525
v 17.980749 -34.778397 -0.009055
v 18.848694 -33.046276 0.012123
v 19.648594 -31.207298 0.029368
v 19.402119 -30.022560 0.048462
v 19.054680 -28.726357 0.063853
v 18.671524 -27.404760 0.068427
v 20.308556 -26.118591 0.098763
v 20.491144 -23.650295 0.143573
v 19.914055 -21.918190 0.159873
v 19.020063 -21.292641 0.157356
v 20.286921 -19.375729 0.212532
v 19.506504 -17.742884 0.249466
v 20.676838 -16.067003 0.301944
v 19.878258 -14.114980 0.344462
v 18.942747 -13.038258 0.334595
v 18.024424 -11.679403 0.307081
v 17.177851 -10.289618 0.261999
v 16.275972 -9.162068 0.180831
v 15.709487 -6.854269 0.061606
v 15.279615 -4.922979 -0.024080
v 15.088253 -3.324114 -0.072068
v 14.532619 -1.933476 -0.090700
v 13.550188 -1.455557 -0.070566
v 14.252125 0.303713 -0.077447
v 12.923223 1.570593 -0.052950
v 12.567044 3.665168 -0.048692
v 12.103204 5.322815 -0.038344
v 11.459520 6.799010 -0.032710
v 9.852640 6.936561 0.035518
v 9.731739 8.686224 0.157040
v 8.321987 10.381269 0.427673
v 7.051716 10.986767 0.774903
v 5.750248 12.492788 1.426058
v 4.762612 12.961313 1.800127
v 5.740799 14.300361 2.119129
v 4.621946 15.866106 3.173436
v 4.555724 17.797621 4.506495
v -9.091473 17.676565 1.831297
v -8.978218 15.699422 1.536754
v -11.687805 16.659674 1.273307
v -14.104174 16.638500 1.384000
v -15.308699 16.106152 1.767437
v -17.004944 16.342461 2.734611
v -18.186764 16.639242 3.636260
v -18.811350 16.445847 4.633519
v -19.213511 15.878152 5.251289
v -19.763638 15.869001 6.849347
v -20.133577 16.119589 9.042166
v -20.654486 16.580456 11.461164
v -20.758402 16.184797 13.405408
v -20.348204 16.059658 14.726214
v -19.805199 15.773173 15.926679
v -9.055252 17.574337 18.960884
v -11.102811 17.979479 19.425907
v -11.725266 17.715628 19.667570
v -12.944421 17.480539 19.582535
v -14.258603 17.672625 19.485588
v -15.360404 17.742645 19.116493
v -17.062286 17.688215 18.386869
v -18.316940 17.731922 17.698950
v -19.456484 17.843390 16.849367
v -20.341784 17.207539 15.821870
v -5.006595 16.283337 16.648846
v -5.712897 17.932096 16.478661
v -6.680130 18.105362 17.449326
v -7.325118 17.584194 18.119022
v -4.187901 16.151596 15.681844
v -4.290316 17.129511 14.915250
v -5.080781 19.659695 14.102620
v 8.529133 3.102364 24.332928
v 10.229014 4.359939 23.832642
v 9.509524 5.576882 23.250641
v 9.544860 7.243054 22.690750
v 8.320294 6.797798 22.614843
v 9.271194 8.644789 22.241072
v 8.280231 8.934364 22.020790
v 8.878210 10.447385 21.503893
v 8.129880 11.732940 20.592398
v 7.365500 13.020113 20.123949
v 6.292338 12.804182 19.816496
v 6.596891 14.482612 19.524565
v 5.519545 14.407236 18.652044
v 3.448201 15.487410 14.301511
v 3.925352 16.809345 15.225338
v 4.565160 16.205511 16.850256
v 5.142333 15.900554 17.812124
v 5.868252 15.687957 18.687477
v 2.833520 -52.016735 38.755688
v 2.320221 -50.377522 37.855778
v 2.694258 -48.561558 38.086220
v 9.704442 0.993169 25.301844
v 9.424703 2.567517 24.628853
v 13.933946 -9.144395 28.757271
v 12.990283 -7.338603 28.121210
v 12.090925 -6.474578 27.726908
v 13.067568 -4.612027 27.198706
v 12.695128 -2.905204 26.650303
v 11.660527 -2.921825 26.614902
v 12.286613 -1.160934 26.033760
v 12.065159 1.049473 25.366819
v 10.962041 1.688192 25.081791
v 2.419482 -47.649502 37.871704
v 3.174014 -46.611397 37.932674
v 4.961381 -45.684277 37.853336
v 4.817221 -44.338272 37.498962
v 5.187978 -43.086868 37.230190
v 6.275962 -43.268597 37.721256
v 7.841517 -42.750225 37.737839
v 10.032680 -42.174587 37.824825
v 9.649820 -41.066109 37.604794
v 10.911628 -39.911377 37.341019
v 11.929038 -38.023785 36.867443
v 12.605236 -36.199753 36.458824
v 13.748368 -34.653767 36.173038
v 15.437352 -33.334908 35.700191
v 15.426923 -31.795698 35.233257
v 15.365503 -30.286764 34.829002
v 14.696267 -29.166954 34.523716
v 16.478889 -28.591583 34.319790
v 16.705059 -26.903620 33.873917
v 17.711985 -25.610826 33.568378
v 16.791977 -25.205444 33.421333
v 17.449236 -24.130407 33.198666
v 17.665606 -22.207058 32.675014
v 16.575933 -21.579552 32.629257
v 19.069904 -21.114866 32.315468
v 19.823786 -18.988892 31.699596
v 19.233681 -17.448626 31.275234
v 18.401693 -18.065899 31.506336
v 18.387884 -16.340096 31.053507
v 18.136950 -15.048148 30.590933
v 17.128139 -14.605577 30.213680
v 16.717356 -13.306412 30.102198
v 15.893160 -11.959128 29.639715
v 14.740372 -12.651986 29.832533
v 14.595361 -11.836294 29.601812
v 15.117565 -10.593267 29.192583
v -5.527423 -63.990456 35.753918
v -5.590453 -66.275154 35.670376
v -5.994402 -66.023308 34.790661
v -6.138216 -67.247566 34.037724
v -6.345274 -67.557045 32.535164
v -6.884021 -67.167549 31.992575
v -7.850608 -68.654449 30.225340
v -7.386383 -70.216911 30.425955
v -7.656806 -70.704163 28.726650
v -7.668530 -70.301659 27.733353
v -8.040115 -70.317863 26.643103
v -8.360951 -69.555420 25.921993
v -7.078631 -68.490990 31.254272
v -7.593722 -72.072350 27.225416
v -7.509132 -73.567146 25.205208
v -7.219557 -73.937225 23.396038
v -7.020277 -73.711937 21.938589
v -6.957995 -73.442871 20.569906
v -5.869739 -73.903831 18.860674
v -4.999506 -73.810196 17.210800
v -4.050447 -73.993767 15.794352
v -3.573006 -73.479866 14.442842
v -4.021159 -63.383797 37.561874
v -4.343312 -64.455116 37.381664
v -4.718231 -65.532661 37.039375
v -2.924466 -63.366154 38.691059
v -1.614269 -60.763054 39.183643
v -1.748630 -59.595963 38.759647
v -1.014116 -58.914608 39.088863
v -1.614132 -62.946739 39.768250
v 0.464600 -58.766006 39.878166
v 1.619540 -58.160721 40.208614
v 3.058885 -57.511021 40.695183
v 2.535621 -56.408401 40.039024
v 2.954051 -55.399361 40.074326
v 2.132113 -54.834190 39.371777
v 2.601525 -53.907230 39.372501
v -2.654809 -73.217964 12.752321
v -1.297995 -73.847107 11.837979
v -0.737246 -73.526566 10.897320
v 0.315082 -73.146248 9.701453
v 2.205774 -73.232170 8.613445
v 2.137388 -71.741302 7.557007
v 1.772914 -70.270943 6.449745
v 1.426877 -68.533974 4.814248
v 0.747966 -66.911217 3.512620
v 0.228552 -65.791557 2.623037
v -0.655426 -65.573402 2.491707
v 0.257628 -64.745438 1.800403
v 2.036397 -65.046410 1.867294
v 4.214264 -64.504707 1.595748
v 6.491560 -64.143753 1.336219
v 8.435071 -63.559406 0.928292
v 8.201914 -62.233715 0.640822
v 8.322517 -61.129654 0.449470
v 8.653809 -59.599014 0.277671
v 9.180452 -57.895668 0.185497
v 9.727660 -56.073372 0.094468
v 9.387624 -55.230469 0.049420
v 10.998681 -53.766308 0.042098
v 10.331691 -52.483498 0.005656
v 12.449924 -51.051296 0.015590
v 13.272521 -48.999599 0.000641
v 14.205900 -47.045403 -0.018055
v 15.167760 -45.123734 -0.004259
v 14.423584 -44.504391 -0.008788
v 16.224236 -42.766338 -0.006823
v 15.798916 -41.448795 -0.004882
v 17.497805 -40.177135 0.004078
v 18.251427 -38.300053 -0.015964
v 19.104849 -36.541832 -0.008536
v 19.990763 -34.804108 -0.006174
v 20.862597 -33.057201 -0.005138
v 21.609219 -31.239653 0.015099
v 21.321007 -30.173046 0.039211
v 21.078871 -28.795605 0.060752
v 20.725424 -27.408010 0.080558
v 22.434206 -26.044111 0.098780
v 22.439032 -23.593361 0.140175
v 21.901157 -21.909546 0.178540
v 21.013435 -21.283529 0.187883
v 22.284727 -19.369892 0.224088
v 21.499891 -17.729094 0.252381
v 22.679640 -16.072565 0.280541
v 21.868462 -14.117932 0.339198
v 20.929585 -13.030162 0.334190
v 19.997545 -11.696162 0.337137
v 19.122961 -10.366521 0.330738
v 18.197805 -9.242287 0.327187
v 17.704639 -7.148655 0.163528
v 17.163033 -5.390960 0.047442
v 16.789436 -3.711075 -0.015739
v 16.448988 -1.919424 -0.088697
v 15.457135 -1.249577 -0.100325
v 16.211796 0.612548 -0.087071
v 14.956117 2.453544 -0.072331
v 13.894362 2.963426 -0.061253
v 14.621768 4.766218 -0.059441
v 13.814761 6.888753 0.002226
v 13.044967 8.685655 0.009376
v 11.539657 8.601121 0.042561
v 11.297905 10.434137 0.252850
v 9.210910 11.132957 0.515193
v 7.458720 13.052360 1.289530
v 6.786676 14.384486 1.888513
v 7.230383 15.651206 2.226781
v 5.943581 15.849484 2.726088
v 6.212643 17.389305 3.317490
v 6.033303 19.709427 4.568754
v 4.627242 19.374109 5.375794
v 3.924488 18.545988 5.557231
v -8.510510 20.262674 2.286081
v -10.303631 19.682823 1.535679
v -11.522165 18.887362 1.208844
v -11.380365 17.853811 1.272548
v -13.330157 18.353575 1.017954
v -14.549936 17.740971 1.302868
v -16.491859 18.045206 1.969107
v -17.731443 17.812788 2.786391
v -18.792364 17.855934 3.838517
v -19.561749 17.844851 4.936681
v -20.006819 17.756853 5.755606
v -20.207207 17.462547 6.880748
v -20.716715 17.570118 9.299466
v -20.468746 17.285900 10.458591
v -21.263437 17.931414 11.300071
v -21.362364 18.006523 12.916295
v -21.071327 17.517857 14.106303
v -8.038174 19.496519 17.959475
v -9.704921 19.532038 18.799669
v -11.335305 19.285215 19.165297
v -13.054476 19.007633 19.330137
v -15.152212 18.967239 19.084938
v -17.175699 19.222546 18.454050
v -18.246237 19.187038 17.804197
v -19.158327 19.035686 17.174026
v -20.513794 19.424643 16.043091
v -21.175900 18.876463 14.616220
v -4.800228 17.355965 15.612947
v -5.139039 18.409410 15.322982
v -5.920254 19.445091 15.791267
v -6.627790 19.125759 16.904978
v -6.115455 22.896919 13.736938
v -6.353432 21.434938 15.115211
v -6.049769 20.435757 15.319489
v 10.597548 3.105000 24.523584
v 12.157080 4.280247 23.968382
v 12.376289 5.598033 23.510401
v 11.554296 6.681184 23.126320
v 11.616542 8.431060 22.687275
v 10.509707 8.786400 22.431852
v 10.579536 10.193776 21.953121
v 9.203096 9.556177 21.993090
v 9.854084 11.680574 21.594143
v 9.016050 11.742331 21.123608
v 9.163656 13.170516 20.761431
v 8.296052 13.092348 20.217712
v 8.134664 14.470950 20.175194
v 7.748954 16.294859 20.011253
v 6.766835 15.979168 19.514482
v 3.616503 16.671625 13.287407
v 3.840075 18.196238 13.702552
v 3.985608 18.287416 15.228176
v 4.354224 18.267408 16.210440
v 4.843700 17.813829 17.046043
v 5.675602 17.326176 18.253656
v 6.978012 17.290754 19.476875
v 3.789958 -53.372711 39.905151
v 4.296295 -51.752956 39.526619
v 4.237962 -50.471409 38.805363
v 3.335034 -50.477898 38.317440
v 3.997479 -49.092949 38.231861
v 4.077244 -47.412308 38.149490
v 15.773040 -8.994966 28.622885
v 15.011470 -7.012910 27.893480
v 13.717856 -6.765404 27.861668
v 13.514226 -6.067769 27.565287
v 14.984324 -5.164617 27.260998
v 14.988045 -3.597407 26.730673
v 14.374311 -2.395514 26.369596
v 13.430319 -1.743955 26.093496
v 13.917181 -0.171554 25.675682
v 13.395795 1.095719 25.346354
v 12.944932 2.140094 25.057800
v 12.310281 3.061902 24.706633
v 5.524088 -47.460220 38.324024
v 6.892011 -45.699600 38.262581
v 6.361266 -44.473103 37.742931
v 5.567036 -44.338833 37.723621
v 7.229734 -44.106209 38.074120
v 9.018945 -44.495907 38.290707
v 11.413153 -43.812336 38.501156
v 12.190149 -42.220623 38.090900
v 11.753310 -40.854301 37.660622
v 10.445304 -41.038700 37.568993
v 12.134926 -39.688957 37.569000
v 13.863285 -38.471268 37.078777
v 14.661468 -36.571232 36.554920
v 15.341323 -34.895096 36.228882
v 17.441856 -33.386539 35.536732
v 17.466358 -31.804714 35.091545
v 17.416595 -30.103920 34.682812
v 17.838335 -28.814314 34.340691
v 18.472960 -27.524904 33.976353
v 19.725258 -25.489302 33.352882
v 18.646578 -24.550840 33.246506
v 19.553772 -23.079697 32.831947
v 20.510700 -21.335295 32.355309
v 19.645123 -20.511415 32.074860
v 20.421850 -19.933609 32.138832
v 21.945141 -18.990072 31.681681
v 21.900183 -17.242369 31.097273
v 20.755869 -16.037338 30.914591
v 19.555628 -14.862318 30.705418
v 18.898491 -13.740192 30.359217
v 18.126610 -14.236749 30.164806
v 18.336798 -13.260204 29.831291
v 17.571798 -11.756730 29.580103
v 16.689655 -11.409105 29.415867
v 16.754160 -10.476912 29.139967
v -4.887640 -67.688858 37.071861
v -5.495157 -67.862793 35.876881
v -5.766443 -67.614464 35.144505
v -5.809796 -69.123543 34.843861
v -6.471424 -69.459076 33.055763
v -6.482157 -68.991806 32.041740
v -6.575464 -70.926254 31.603983
v -7.020866 -72.308762 30.284864
v -7.389077 -71.822792 29.080206
v -7.132612 -73.809029 28.505531
v -7.040624 -75.015038 26.290476
v -6.816123 -75.452652 24.452036
v -6.589365 -75.294434 23.022421
v -6.160088 -75.260979 21.414198
v -5.663050 -75.102547 19.669531
v -4.517642 -75.575409 18.130104
v -4.033086 -75.289055 17.175779
v -3.198557 -75.276070 15.892298
v -2.376771 -75.186043 14.676329
v -1.405693 -75.360886 13.610960
v -0.931877 -74.892693 12.613177
v -3.241340 -64.654289 38.644154
v -3.641479 -65.979431 38.493629
v -4.170846 -67.404343 38.130234
v -1.758457 -64.674194 40.064522
v -2.286645 -66.042030 39.902161
v -0.772768 -62.260014 40.300629
v -0.630170 -61.063320 39.984024
v -0.766943 -60.239277 39.612137
v 0.177482 -60.311287 40.211330
v -0.820243 -64.492348 40.826530
v -0.110627 -63.717739 41.178841
v 1.962928 -60.120972 41.017185
v 3.088405 -59.396320 41.393997
v 4.182837 -59.064205 41.438084
v 4.783892 -57.606018 41.407001
v 4.368012 -55.983364 40.961445
v 4.017590 -54.649666 40.501312
v 0.315308 -74.964333 11.355051
v 1.066825 -74.707260 10.446393
v 2.351746 -74.771889 9.638605
v 3.926239 -74.499939 8.564199
v 3.117492 -73.445694 8.257141
v 3.357300 -72.413078 7.422697
v 3.155363 -70.592285 6.137381
v 3.268302 -68.659271 4.527150
v 2.892288 -67.479225 3.651542
v 2.435540 -66.540459 2.920355
v 4.321704 -66.460869 2.677835
v 6.605085 -65.927513 2.224134
v 9.254631 -65.331718 1.784695
v 10.409102 -63.568417 0.925044
v 9.968779 -62.614704 0.706854
v 9.720666 -61.578545 0.540190
v 10.346905 -59.874962 0.315119
v 11.105756 -58.068314 0.184869
v 11.791978 -56.039898 0.118853
v 11.510526 -54.926353 0.074872
v 13.124324 -53.584206 0.071777
v 12.751990 -52.310650 0.026769
v 14.476069 -50.993660 0.018441
v 15.227682 -49.018726 -0.008516
v 16.054268 -47.108517 -0.003535
v 16.837255 -45.139278 -0.002245
v 16.603064 -43.963448 0.004866
v 18.174456 -42.674259 0.001292
v 17.800747 -41.402737 0.006053
v 19.483055 -40.165337 0.002331
v 20.253149 -38.295799 0.001314
v 21.102716 -36.543751 -0.029663
v 22.006939 -34.809052 -0.029856
v 22.904554 -33.057976 -0.010963
v 23.673870 -31.204428 0.008323
v 23.400642 -29.822100 0.027240
v 22.411839 -29.346680 0.047601
v 23.561447 -27.556894 0.075198
v 24.588097 -25.309992 0.092866
v 24.512115 -23.539877 0.120012
v 23.910759 -21.901766 0.158528
v 22.991346 -21.271643 0.179669
v 24.308115 -19.377504 0.192122
v 23.492987 -17.754032 0.238589
v 24.700455 -16.074194 0.245395
v 23.872711 -14.114088 0.305844
v 22.864794 -13.017404 0.309704
v 21.943142 -11.688051 0.304661
v 21.107738 -10.341863 0.306985
v 20.175972 -9.275851 0.318864
v 19.528709 -7.531947 0.239252
v 19.596754 -5.000258 0.075275
v 18.530930 -3.850353 0.021072
v 18.368090 -1.986251 -0.046736
v 17.387077 -1.248712 -0.073099
v 18.195631 0.684501 -0.070849
v 16.926641 2.570671 -0.080345
v 15.819588 3.183547 -0.084040
v 16.735535 4.898343 -0.044665
v 16.091743 7.282325 0.059360
v 15.379766 8.505558 0.116921
v 14.529045 9.892885 0.184846
v 13.034002 10.144533 0.173816
v 12.907679 11.675732 0.340084
v 11.211345 11.979195 0.455016
v 9.596828 13.068326 0.863913
v 8.245424 14.417829 1.510016
v 8.980816 15.740409 1.647277
v 8.511930 17.566214 2.338987
v 7.424521 17.468630 2.825726
v 7.767882 18.998932 3.172287
v 7.644174 21.308575 3.947240
v 6.469748 21.171371 4.952001
v 5.833977 20.833151 5.393447
v 4.985632 20.604069 6.302175
v 4.141446 19.523804 6.522257
v -9.168383 23.036547 1.964132
v -10.492631 21.476660 1.473046
v -12.500109 20.548576 0.922363
v -12.999728 19.376484 0.934667
v -14.799440 19.937965 0.929566
v -16.653000 19.508743 1.751261
v -17.873941 19.369301 2.400330
v -18.679047 19.349190 3.066586
v -19.647734 19.308867 4.060628
v -20.355556 19.274275 5.298912
v -20.768053 19.248728 7.199846
v -21.220894 19.115292 9.473118
v -21.688490 18.941706 11.028172
v -21.839184 18.983963 12.605100
v -6.983110 20.626797 16.442396
v -8.240410 21.258741 17.412395
v -9.261986 21.270689 18.080608
v -10.308012 20.985624 18.508932
v -11.870237 20.888624 18.941006
v -13.692271 20.806967 19.106293
v -15.668329 20.786543 18.895885
v -17.630806 20.815073 18.176661
v -19.535831 20.767246 17.024431
v -20.734997 20.501646 16.069332
v -21.560808 20.669670 14.551624
v -22.045612 20.472237 12.280399
v -6.382387 25.317152 12.396773
v -7.030942 24.813713 14.008754
v -7.013418 23.751013 14.647365
v -7.806933 22.784222 16.162424
v 13.962083 4.195733 24.225754
v 13.878167 5.588188 23.674955
v 14.123731 7.316184 23.142031
v 13.309867 8.386743 22.841349
v 13.148605 9.857317 22.434786
v 11.534449 9.618641 22.428076
v 12.381607 10.366963 22.122248
v 11.823380 11.640588 21.949385
v 10.775825 11.677361 21.752016
v 10.805558 13.342887 21.331560
v 9.835696 14.580409 20.697807
v 9.136138 14.861205 20.288786
v 8.917271 16.149429 19.851948
v 9.034010 17.848286 20.377268
v 7.975843 17.630095 20.090725
v 3.998360 18.013117 11.765906
v 3.916389 19.054436 12.634050
v 3.827040 19.772861 13.457529
v 4.092107 19.525146 15.026578
v 4.536414 19.503952 16.367020
v 5.038135 19.324354 17.361500
v 5.975087 19.162338 18.327269
v 6.860370 18.832666 19.194536
v 8.193521 18.992887 20.061960
v 5.326588 -53.591297 40.566742
v 4.927737 -52.278191 39.935863
v 5.202392 -51.548813 39.427242
v 5.695727 -50.356777 39.293098
v 5.262383 -49.134228 38.692078
v 17.487972 -8.750818 28.492064
v 16.313641 -8.093576 28.218243
v 17.505123 -7.083092 27.967745
v 17.313719 -4.978983 27.285297
v 14.557633 -6.332280 27.513767
v 16.556782 -3.580696 26.710102
v 16.073322 -2.300658 26.173346
v 15.963818 -0.637865 25.867437
v 14.564298 -0.871788 25.918537
v 15.314734 0.835311 25.547009
v 14.575314 1.741406 25.162659
v 13.935837 2.975594 24.860195
v 6.770037 -48.321140 39.008289
v 6.537397 -47.012363 38.637119
v 7.211448 -46.569443 38.754002
v 8.349336 -46.119926 38.541264
v 9.798950 -46.051456 38.850204
v 10.938088 -45.354652 38.825302
v 12.998958 -45.073425 38.982677
v 12.642373 -43.806339 38.736927
v 12.620310 -43.000278 38.616493
v 14.152523 -42.235615 38.267242
v 13.405990 -41.073799 37.763607
v 13.475468 -39.832321 37.490929
v 15.412427 -39.114853 37.340225
v 16.172161 -37.937019 36.927231
v 16.507940 -36.790966 36.514549
v 17.602697 -35.075001 36.085144
v 19.513214 -33.317265 35.327522
v 19.392736 -31.849195 34.900227
v 19.226980 -30.309858 34.615601
v 18.764936 -29.066170 34.375469
v 20.399088 -28.627119 34.128441
v 19.792992 -27.134523 33.670193
v 21.257830 -26.763433 33.447605
v 21.639086 -24.935217 33.033504
v 20.633726 -24.124683 32.966339
v 21.444401 -22.999660 32.674145
v 22.412561 -21.312811 32.302620
v 21.332464 -20.436880 32.076618
v 22.564602 -19.853567 32.082794
v 24.227062 -19.028708 31.492714
v 23.751020 -17.229713 31.026947
v 22.935049 -15.728814 30.830107
v 21.880882 -15.212721 30.733818
v 21.381025 -14.874342 30.561995
v 21.212271 -13.535946 30.388884
v 19.507540 -12.043537 29.815460
v 18.542477 -10.060885 29.044258
v -4.382018 -69.324348 38.086739
v -4.953515 -69.045593 36.957397
v -5.306098 -68.814240 36.236946
v -5.203005 -70.410461 36.258823
v -5.751367 -70.820778 34.665016
v -6.116687 -70.889175 33.496361
v -6.494492 -70.731689 32.624687
v -6.234517 -72.182388 32.462009
v -6.548924 -73.580513 31.279728
v -6.864667 -73.771225 29.917889
v -6.621534 -75.414146 29.476795
v -6.709077 -76.318703 27.382067
v -6.497436 -76.860596 25.674797
v -6.354653 -76.730652 24.365282
v -6.007219 -76.826965 22.612852
v -5.468400 -76.819969 20.898203
v -4.688101 -76.840195 19.550001
v -3.625606 -77.011383 17.996944
v -3.242251 -76.546852 17.058863
v -2.261115 -76.707535 15.885368
v -1.337291 -76.652267 14.641737
v -0.764695 -76.387520 13.773609
v 0.521591 -76.755150 12.672220
v 1.176010 -76.314644 11.726018
v -2.817200 -68.049889 39.929016
v -3.585296 -68.420212 39.168602
v -1.178189 -66.155083 40.954517
v -0.539555 -65.588135 41.316185
v -1.695062 -68.132957 41.085430
v -0.688955 -67.648476 41.775589
v 0.241012 -62.503159 41.013119
v 0.041274 -61.572464 40.575260
v 1.247851 -61.717785 41.307442
v 0.701134 -65.344414 42.175518
v 1.086019 -64.047554 42.017883
v 0.931786 -63.059250 41.602386
v 3.029226 -61.690174 42.053055
v 4.035865 -60.640709 41.967129
v 4.139151 -59.772011 41.899509
v 5.435155 -59.435516 42.167488
v 5.116427 -58.469639 41.952248
v 6.113143 -57.796207 41.917995
v 6.099248 -56.145454 41.375645
v 5.673841 -54.993263 41.002666
v 2.347801 -76.213577 10.668847
v 4.125557 -76.371696 9.658801
v 5.856118 -76.234558 8.833846
v 5.553364 -74.619926 8.007935
v 5.106068 -73.087914 7.226428
v 4.539727 -71.516647 6.276279
v 3.885557 -71.001320 6.131143
v 4.647295 -69.526230 4.739407
v 4.742689 -68.019180 3.703426
v 6.666060 -68.085487 3.495214
v 8.636843 -67.094482 2.795634
v 11.071943 -67.307098 2.771826
v 11.632100 -65.519348 1.920996
v 11.871308 -63.904179 1.194929
v 12.412527 -62.223648 0.607854
v 11.447319 -61.337578 0.490923
v 11.326446 -60.197475 0.300696
v 12.851069 -58.769070 0.235041
v 13.714747 -56.079453 0.124349
v 13.489988 -54.848335 0.092008
v 15.104586 -53.520752 0.066939
v 14.767030 -52.218025 0.049431
v 16.450954 -50.964809 0.040072
v 17.198351 -49.002285 0.021909
v 18.015947 -47.114727 -0.006391
v 18.761274 -45.152576 -0.012707
v 18.510683 -43.969334 -0.005225
v 20.122297 -42.667850 0.018138
v 19.775345 -41.380566 0.005030
v 21.468384 -40.164288 0.021200
v 22.254967 -38.287468 -0.005366
v 23.112137 -36.547489 -0.017387
v 24.004044 -34.815742 -0.016901
v 24.895580 -33.063572 -0.021523
v 25.765890 -31.176678 -0.016453
v 25.556593 -29.733850 0.003391
v 24.462580 -29.151251 0.035022
v 25.677431 -27.569946 0.023049
v 26.093800 -25.641214 0.041929
v 26.534210 -23.541348 0.078735
v 25.955109 -21.905956 0.121946
v 25.029177 -21.275492 0.150715
v 26.320900 -19.376513 0.165150
v 25.548613 -17.766111 0.194807
v 26.717995 -16.067539 0.204752
v 25.918896 -14.111543 0.234129
v 24.876780 -12.991862 0.254041
v 23.869865 -11.592030 0.256938
v 22.871202 -10.334864 0.263748
v 22.033621 -9.298905 0.286077
v 21.598188 -7.294617 0.210666
v 21.153227 -4.999219 0.116452
v 21.139324 -3.253548 0.041722
v 20.360832 -2.263583 0.009392
v 19.364479 -1.267987 -0.059106
v 20.214813 0.857560 -0.049869
v 18.927624 2.731293 -0.076642
v 17.820686 3.265682 -0.082501
v 18.906240 5.318794 0.088358
v 17.749966 7.293492 0.102476
v 17.295275 8.457672 0.146094
v 16.868204 9.884859 0.280440
v 15.891245 11.747221 0.373317
v 14.549287 11.618777 0.329120
v 14.448759 13.204164 0.482938
v 12.482037 13.354788 0.520798
v 11.363043 12.931028 0.611375
v 10.837704 14.702935 0.962134
v 10.293360 16.777569 1.495857
v 9.396155 17.223927 1.893651
v 9.970189 18.629862 1.991035
v 8.910799 18.954765 2.544065
v 9.335640 20.514864 2.643359
v 8.908915 22.703632 3.110663
v 7.888595 22.613998 3.922940
v 7.199405 22.772509 4.580753
v 6.484322 22.384987 5.318806
v 5.653871 21.790802 6.061972
v 4.808973 22.025799 7.807108
v 4.399467 20.125465 8.955902
v -10.164947 25.783506 1.705603
v -9.907409 24.134962 1.656469
v -10.752915 23.539581 1.321386
v -12.583653 22.473692 0.866275
v -14.334120 21.934299 0.719386
v -14.350721 20.922707 0.802829
v -15.771224 21.420725 0.906352
v -17.331602 21.124296 1.486692
v -19.052490 21.344982 2.460728
v -19.353691 20.554649 2.941073
v -20.567739 20.972481 4.495082
v -21.039452 20.557396 5.428443
v -21.433954 20.757639 6.937232
v -21.738981 21.070448 8.603662
v -21.501825 20.617367 9.819874
v -9.568330 22.604992 17.642324
v -10.928393 22.514240 18.273495
v -12.413991 22.427401 18.674028
v -14.171518 22.412193 18.739004
v -16.107826 22.449614 18.656345
v -18.260532 22.660692 17.979664
v -19.772903 22.441750 16.958101
v -21.079212 22.585981 15.939421
v -21.769760 22.129065 14.921788
v -22.503616 22.285454 12.783101
v -22.607553 22.484474 10.272548
v -6.765331 27.271425 11.437784
v -7.072152 26.848587 12.662873
v -7.566113 26.565941 13.758783
v -8.062684 25.712612 15.053859
v -7.527203 24.278215 15.137594
v -8.773331 24.570560 16.471420
v -9.952983 24.092487 17.373035
v 15.717500 3.310025 24.600792
v 15.699289 5.659025 23.712591
v 15.044646 6.553402 23.536526
v 16.139482 7.432235 23.037548
v 15.669758 8.774880 22.660751
v 14.685213 9.436648 22.582958
v 14.891335 11.371999 22.008499
v 13.171712 11.320633 22.201536
v 13.218280 13.282223 21.561779
v 11.510827 15.077154 21.099014
v 10.360012 15.515727 20.855719
v 9.728261 15.806668 20.243517
v 10.556067 17.214041 20.361757
v 10.389908 19.277964 20.376160
v 9.352453 19.233456 20.439432
v 4.232498 17.328873 10.436718
v 4.242352 17.917715 10.828427
v 4.299758 18.645325 10.521977
v 4.024331 20.288990 11.861001
v 3.788718 21.245108 13.841460
v 4.122151 20.732861 15.019776
v 4.796045 21.048464 16.664818
v 5.406488 20.751587 17.795139
v 6.067376 20.484636 18.503166
v 7.620302 20.989851 19.449625
v 9.690866 20.679161 20.393337
v 7.062096 -54.062901 41.022789
v 6.953661 -52.332142 40.505520
v 6.240904 -51.230827 40.052383
v 7.740044 -49.925941 39.688908
v 19.202356 -8.359879 28.370316
v 18.302288 -7.984000 28.147638
v 19.192015 -6.963969 28.002954
v 19.349909 -5.407416 27.534090
v 19.512562 -3.526909 26.911640
v 18.435266 -2.843659 26.644953
v 17.455656 -2.334946 26.262787
v 17.779341 -0.961329 25.774122
v 17.711628 0.693036 25.423077
v 16.209236 0.702120 25.683817
v 16.893393 1.944945 25.095409
v 8.221871 -48.554352 39.478600
v 8.006763 -47.382584 39.027142
v 9.602663 -47.526432 39.332588
v 11.655080 -47.004131 39.470901
v 13.952023 -46.789124 39.641663
v 15.272601 -45.137470 39.054298
v 14.498821 -43.855774 38.700706
v 13.565315 -43.355865 38.700432
v 15.984850 -42.985466 38.434139
v 15.836738 -41.328423 38.033539
v 14.913715 -40.289494 37.851124
v 16.515247 -39.984764 37.636093
v 17.652029 -38.448254 37.036346
v 17.543007 -37.086346 36.666477
v 19.102631 -36.138508 36.232155
v 20.217291 -34.453659 35.683937
v 20.960936 -33.211857 35.146908
v 21.382326 -31.764036 34.658630
v 20.564911 -30.495474 34.480167
v 21.688747 -29.950798 34.311203
v 21.785009 -28.611029 33.917686
v 21.502279 -27.739613 33.802444
v 23.174166 -27.407110 33.432220
v 23.392498 -25.115141 32.859528
v 22.625689 -23.637955 32.670639
v 22.591150 -22.557344 32.494953
v 23.815308 -22.326611 32.350788
v 23.312775 -21.147331 32.154743
v 23.871553 -20.304617 32.103409
v 25.353630 -20.454075 31.608946
v 26.331335 -19.032030 31.005949
v 25.742647 -17.303333 30.753944
v 24.899092 -15.871020 30.570103
v 24.056744 -14.722581 30.487629
v 22.820807 -13.698596 30.535585
v 22.259850 -11.627989 29.909111
v 21.102547 -10.471072 29.498512
v 20.126261 -9.198431 28.933533
v -3.426760 -70.399612 39.730564
v -4.313927 -70.774292 38.433285
v -4.705448 -70.600708 37.537121
v -4.812153 -71.904892 37.193665
v -5.257475 -72.212410 35.685127
v -5.647081 -71.818405 34.921005
v -5.729741 -71.891685 33.865150
v -6.079888 -72.304192 33.320152
v -6.039563 -73.615578 33.362045
v -6.248377 -73.652100 32.420540
v -6.139011 -75.259079 32.403893
v -6.434637 -75.323494 30.920916
v -6.276651 -77.089256 30.444971
v -6.161380 -78.041321 27.812069
v -6.071927 -78.106934 25.699728
v -5.981850 -77.937737 24.376799
v -5.522854 -78.290588 22.714283
v -4.757305 -78.571510 20.785633
v -3.945025 -78.437355 19.399422
v -3.067118 -78.445511 18.189556
v -2.249410 -78.581841 17.174860
v -1.690969 -78.135796 16.173973
v -0.057389 -78.405449 14.428531
v 0.595149 -77.827522 13.342257
v 1.915291 -78.303101 12.369907
v 2.717484 -77.889122 11.458168
v -2.239528 -69.587257 41.010181
v 0.752844 -67.337219 42.784134
v -1.303095 -69.607384 41.947536
v -0.360575 -69.311958 42.581440
v 0.940390 -69.174133 43.497925
v 2.231816 -63.258202 42.318336
v 2.043687 -66.770264 43.524490
v 1.902755 -65.447350 42.955547
v 1.824450 -64.618546 42.608311
v 4.335377 -62.783035 43.112331
v 4.322487 -61.567844 42.532085
v 5.832345 -61.032074 43.021103
v 6.657054 -59.460178 42.998917
v 7.161145 -58.278030 42.641632
v 7.958038 -56.364334 42.098518
v 7.240397 -55.317562 41.544552
v 4.334639 -77.922691 10.389418
v 5.892065 -77.896172 9.594157
v 7.592756 -77.757721 8.926403
v 7.255714 -76.236519 8.402753
v 6.775445 -74.587746 7.641975
v 6.079258 -73.743484 7.336057
v 6.897309 -72.423546 6.322058
v 5.709869 -70.888367 5.499669
v 5.941710 -69.330994 4.313964
v 7.231037 -69.811035 4.488946
v 8.310370 -69.382736 4.134845
v 9.685901 -68.913666 3.771122
v 11.534980 -69.105209 3.560335
v 12.991530 -68.521584 3.135989
v 12.084258 -67.396332 2.792436
v 13.375827 -66.076385 2.196867
v 14.031763 -63.807106 1.291807
v 13.952551 -62.149139 0.708845
v 14.102905 -60.713387 0.410474
v 13.347448 -60.224579 0.319130
v 15.234048 -58.659046 0.257540
v 15.676958 -56.122013 0.137268
v 15.430113 -54.828510 0.100874
v 17.073637 -53.509369 0.085569
v 16.720356 -52.182812 0.055021
v 18.423275 -50.955639 0.057555
v 19.176119 -48.991982 0.019273
v 19.963427 -47.115772 0.008993
v 20.722876 -45.159920 -0.007924
v 20.486042 -43.979881 -0.006786
v 22.091303 -42.638306 -0.002918
v 21.734011 -41.359428 0.011875
v 23.401829 -40.118492 0.014927
v 24.216593 -38.281158 0.006341
v 25.105421 -36.523853 -0.011154
v 25.980259 -34.814728 -0.020800
v 26.867199 -33.059872 -0.033879
v 27.694986 -31.194000 -0.028650
v 27.475336 -29.981838 -0.019625
v 27.120066 -28.530235 -0.005963
v 26.864935 -27.404984 0.022456
v 27.927223 -26.229715 0.018343
v 28.419956 -23.613543 0.064020
v 27.924879 -21.904512 0.091259
v 27.038269 -21.269537 0.112215
v 28.290680 -19.362553 0.126258
v 27.514961 -17.745485 0.171135
v 28.684069 -16.064825 0.195342
v 27.910568 -14.107726 0.237239
v 26.942213 -13.002914 0.247938
v 25.959030 -11.576423 0.249890
v 24.858961 -10.233489 0.255169
v 23.765760 -8.850900 0.197854
v 22.765556 -7.887532 0.175826
v 23.633226 -5.798245 0.121039
v 22.873137 -4.058733 0.135232
v 22.348072 -2.730459 0.069453
v 22.106703 -0.484536 0.046457
v 21.818314 1.859703 0.093560
v 21.131411 3.097903 0.116521
v 19.990126 3.453974 0.029182
v 21.072725 5.343253 0.411162
v 20.212360 7.088300 0.554276
v 19.129404 8.202952 0.428515
v 18.169260 9.095782 0.264144
v 19.057390 10.945740 0.722651
v 17.441984 12.696875 0.601700
v 16.135035 13.099370 0.512692
v 15.940213 14.631969 0.693558
v 13.913810 15.038162 0.726067
v 12.654791 14.572170 0.697323
v 12.242963 16.751446 1.099879
v 10.961577 17.797434 1.526656
v 11.475506 18.979965 1.578009
v 10.963727 20.514469 1.930694
v 10.727104 22.578974 2.138747
v 9.572847 24.395300 2.441628
v 8.206845 24.310535 3.537865
v 7.370407 23.824163 4.418377
v 6.295579 23.808741 5.666863
v 5.307099 23.479410 7.186869
v 4.357855 23.582527 9.480614
v 4.378869 22.161880 9.290863
v 4.032050 22.672018 11.138007
v 4.490845 18.279839 9.766763
v -11.533551 29.362602 1.618222
v -12.570521 27.697714 0.910228
v -12.050943 26.005760 0.894598
v -11.437191 24.994839 1.099062
v -12.885224 24.539375 0.656079
v -15.349207 23.639450 0.777064
v -15.777485 22.436302 0.874620
v -17.597876 22.854156 1.284309
v -19.300852 22.621622 2.266193
v -20.476553 22.752726 3.172238
v -20.835108 22.228621 3.998133
v -21.776880 22.531128 5.425356
v -22.000210 22.114344 6.642466
v -22.279730 22.093227 8.349756
v -11.339772 23.976524 18.031643
v -12.808371 23.905657 18.445906
v -14.539341 23.944210 18.541044
v -16.420786 24.007713 18.217335
v -18.462605 24.242575 17.855021
v -19.428526 24.080326 17.343456
v -20.498335 24.152693 16.553942
v -21.359098 23.666243 15.844749
v -22.275452 23.775982 14.667623
v -23.107960 23.808132 13.052368
v -23.329365 23.897491 11.359211
v -22.893410 23.610424 8.250346
v -23.741386 25.463980 9.655462
v -7.743060 29.865543 11.002016
v -7.877353 28.406231 12.971080
v -8.592542 27.997454 14.486095
v -8.319898 26.840534 14.737502
v -9.130928 27.041300 15.638291
v -8.693332 25.698341 16.024185
v -9.623004 25.987690 16.636349
v -10.332823 25.417812 17.226635
v -11.840241 25.648741 17.901487
v 18.033646 3.859505 24.248608
v 17.226900 4.997229 23.924753
v 17.962212 6.555932 23.122988
v 15.633535 6.568602 23.529768
v 17.826099 8.372070 22.327656
v 17.134359 9.671424 22.029507
v 15.894278 10.158348 22.188482
v 16.876698 11.494571 21.509882
v 16.370411 13.010763 21.141581
v 14.995003 12.425976 21.596453
v 15.082314 13.766542 21.290783
v 14.028605 15.024104 21.118469
v 12.575448 16.077490 20.999384
v 11.918529 17.866781 20.816616
v 11.766562 19.216560 20.528168
v 11.532921 21.297941 20.448734
v 4.690309 17.141970 9.452559
v 3.853632 22.486568 13.271848
v 4.027755 22.860554 15.172754
v 4.486360 22.235891 16.257113
v 5.375615 22.509647 17.745548
v 5.703950 22.044012 18.303675
v 6.392242 21.889261 19.205076
v 9.235956 22.535112 20.249327
v 7.954359 22.676868 19.799150
v 6.618100 23.455524 19.132328
v 10.406617 22.080477 20.295015
v 8.253257 -54.686031 41.517624
v 8.868195 -53.327614 41.208275
v 8.319952 -52.133034 40.549320
v 7.836574 -51.018284 40.280968
v 9.486754 -50.627480 40.293499
v 9.405747 -49.054672 39.711349
v 20.849300 -6.911831 28.172558
v 19.994516 -6.047427 27.871561
v 20.997000 -5.384069 27.627600
v 21.143991 -3.853971 27.101492
v 21.080748 -2.434362 26.582317
v 20.303278 -1.380176 26.197346
v 18.742752 -1.749743 26.015520
v 19.476950 -0.466056 25.624001
v 18.789530 0.230937 25.555721
v 19.842794 1.297442 25.055939
v 18.566919 2.313473 24.767290
v 11.139080 -48.455399 39.928192
v 10.664897 -47.602051 39.716644
v 13.416979 -48.289398 40.021786
v 12.782478 -47.435127 39.860558
v 14.257697 -47.482906 39.991013
v 15.550760 -47.225395 39.826088
v 15.737370 -46.111546 39.676701
v 16.958029 -45.584679 39.331738
v 16.869423 -44.107460 38.790104
v 17.504206 -42.904430 38.462181
v 17.551117 -41.325611 37.975788
v 17.776594 -39.748253 37.503334
v 19.329781 -39.343815 37.077557
v 19.953127 -37.490845 36.475445
v 18.589935 -37.140892 36.607807
v 21.091314 -36.183640 35.965679
v 21.165609 -35.066685 35.708473
v 22.610418 -33.214386 34.883762
v 22.731815 -31.246908 34.311565
v 22.251629 -30.579123 34.295238
v 22.873245 -29.425205 34.051968
v 24.597042 -28.721518 33.564396
v 24.888515 -27.294897 33.121410
v 25.346334 -25.697302 32.665436
v 25.209558 -23.831047 32.383862
v 26.065914 -21.970974 31.867222
v 24.780149 -21.238504 32.005165
v 27.217367 -20.366831 31.081030
v 27.906946 -18.843719 30.543510
v 27.522650 -17.462973 30.369555
v 26.907034 -16.185328 30.225075
v 26.013199 -15.049720 30.166849
v 24.921988 -14.799681 30.316862
v 25.155828 -13.542149 30.062521
v 23.859949 -12.073003 29.943430
v 22.656607 -11.044217 29.520363
v 22.285336 -9.310154 29.093962
v 21.304039 -8.016519 28.835863
v -2.486953 -71.336212 41.196716
v -3.203978 -72.378357 40.422707
v -3.789119 -72.328728 39.352867
v -4.172254 -71.831413 38.568348
v -4.444433 -73.779755 37.768810
v -5.066448 -73.563042 35.868439
v -5.503468 -73.125313 34.341858
v -5.500331 -75.005821 34.422192
v -5.702672 -77.030403 33.485535
v -6.022514 -76.916595 32.027496
v -5.869361 -78.357666 31.675394
v -6.042811 -78.323814 30.485611
v -5.840271 -79.560097 29.384130
v -5.620240 -79.961319 26.894661
v -5.544897 -79.713936 25.433504
v -5.170607 -79.590599 23.507797
v -4.215788 -80.116783 21.211521
v -3.734533 -80.011505 20.164057
v -3.201396 -79.976234 19.323368
v -2.085253 -80.162148 17.921074
v -1.603868 -79.734627 17.066236
v -0.404764 -80.054405 15.800816
v 0.246887 -79.635033 14.794673
v 1.685076 -80.276695 13.568134
v 2.234946 -79.510239 12.754990
v 3.314197 -79.313225 11.752022
v 4.888632 -79.661423 10.850157
v -1.497541 -71.261444 42.243446
v 2.182413 -69.177376 44.419964
v 2.898313 -68.387238 44.646488
v -0.249274 -70.973160 43.217663
v 1.166420 -70.851532 44.214382
v 2.753814 -70.764206 45.294472
v 3.175106 -64.901886 43.458771
v 3.280724 -67.200119 44.378326
v 3.223096 -66.364410 44.026070
v 5.115999 -64.129890 44.136951
v 5.046303 -63.145725 43.661175
v 5.919717 -62.587547 43.632324
v 6.483623 -61.594940 43.610157
v 7.708456 -61.407925 43.922249
v 7.756135 -59.633724 43.429413
v 7.672808 -58.642452 43.349342
v 9.163065 -57.843903 43.165356
v 10.206912 -55.935581 42.692657
v 9.606133 -54.693108 42.043701
v 5.961278 -79.243713 10.101642
v 7.524536 -79.474915 9.545926
v 9.358386 -79.327271 8.965206
v 9.057170 -77.887260 8.568792
v 8.579901 -76.536484 8.172369
v 8.230740 -74.728226 7.403530
v 7.659978 -73.625931 6.890402
v 8.754716 -72.769661 6.255204
v 8.131698 -71.246880 5.399582
v 9.758447 -71.095078 5.113859
v 11.958387 -70.374619 4.380342
v 12.475434 -69.921974 3.398114
v 14.108872 -69.945351 3.462984
v 15.113006 -68.430855 3.004364
v 14.844054 -66.806908 2.422049
v 13.245650 -67.272530 2.675679
v 14.717673 -65.791016 2.059545
v 15.929568 -64.345322 1.542028
v 15.835927 -62.699978 1.037208
v 15.952687 -61.266975 0.682902
v 15.454393 -60.179512 0.390589
v 17.300903 -58.676113 0.310996
v 17.716038 -56.097977 0.151796
v 17.412434 -54.820499 0.097032
v 19.062546 -53.495670 0.064916
v 18.706100 -52.197147 0.069074
v 20.415873 -50.955975 0.062330
v 21.160528 -48.995804 0.044035
v 21.965836 -47.097916 0.018916
v 22.678896 -45.129025 0.003186
v 22.401102 -43.944546 -0.004798
v 24.075029 -42.640469 0.019190
v 23.707418 -41.341354 0.010445
v 25.428612 -40.134373 0.009875
v 26.209057 -38.268337 -0.005285
v 27.074724 -36.531555 -0.011792
v 27.962669 -34.813068 -0.026910
v 28.816118 -33.066998 -0.026203
v 29.626816 -31.209202 -0.039358
v 29.398655 -30.019979 -0.031125
v 29.049006 -28.706490 -0.022575
v 28.603905 -27.383383 -0.009029
v 30.212412 -26.146721 -0.019813
v 30.363466 -23.644547 0.014811
v 29.849779 -21.911339 0.061682
v 28.978317 -21.278643 0.089449
v 30.240900 -19.361958 0.102415
v 29.468439 -17.737602 0.154414
v 30.636431 -16.064487 0.163178
v 29.868090 -14.110833 0.217732
v 28.952703 -13.018874 0.235969
v 28.030411 -11.663820 0.277580
v 27.102636 -10.252085 0.263380
v 25.945532 -8.786416 0.240823
v 24.735409 -7.699491 0.204320
v 25.677151 -5.812245 0.187668
v 25.453192 -3.547661 0.152168
v 24.497353 -2.909038 0.125546
v 24.071640 -0.895705 0.164517
v 23.747730 1.193003 0.231417
v 23.001974 2.057833 0.231613
v 22.749813 4.162559 0.435043
v 22.413910 5.895800 0.728770
v 21.868889 6.430685 0.764569
v 21.413862 7.324610 0.948237
v 20.568159 9.180870 1.162655
v 20.421980 11.430763 1.551703
v 19.755545 12.415587 1.206221
v 18.744225 13.639842 1.149657
v 17.527023 14.314802 0.814566
v 17.127359 15.928417 1.146796
v 15.423614 16.364599 0.828203
v 14.264236 16.081116 0.846249
v 13.879767 17.584293 1.008262
v 13.064495 19.643669 1.383120
v 11.935489 20.297115 1.625975
v 12.357613 21.852520 1.666954
v 12.372604 24.128826 1.662656
v 10.913313 24.162985 1.955296
v 10.698081 25.687840 1.826674
v 9.132895 25.932207 2.281760
v 8.060263 25.993217 3.110019
v 7.791515 25.443287 3.709738
v 6.606955 25.625923 5.007034
v 6.107640 25.030382 5.783815
v 5.270289 25.202057 7.270087
v 4.473813 25.279028 9.251308
v 3.829815 25.221165 11.206502
v 3.946751 23.985189 10.934533
v 3.695083 24.472820 12.199581
v 3.700536 24.014214 13.549141
v -12.299756 31.943237 1.685292
v -13.583698 30.824722 0.938870
v -12.981812 29.343143 0.971370
v -14.359102 28.684263 0.608377
v -13.800971 27.226852 0.549150
v -13.224545 26.204880 0.488982
v -15.077500 26.127613 0.528475
v -17.199507 25.144434 0.890291
v -17.304396 24.001886 1.043619
v -18.904812 24.611170 1.450906
v -19.945269 24.154449 2.378504
v -21.031679 23.992010 3.359665
v -21.880680 23.851091 4.418944
v -22.211880 23.543385 5.393337
v -22.612013 23.551130 6.643576
v -12.933976 25.184196 18.267120
v -14.670219 25.452635 18.397823
v -16.489822 25.529140 18.356209
v -18.463945 25.765831 17.858627
v -19.705212 25.778894 17.336014
v -20.386862 25.344885 16.801659
v -21.639519 25.615019 15.819109
v -22.383127 25.159981 14.891262
v -23.336414 25.064440 13.352380
v -23.839041 25.176786 11.685387
v -23.094168 25.088291 6.601151
v -24.134563 27.416588 7.837240
v -24.522257 27.305010 9.802064
v -24.321133 27.264229 11.528658
v -23.607191 26.607456 13.097935
v -8.905035 32.613178 11.009310
v -8.757725 31.124058 12.403119
v -8.440372 30.009405 12.729416
v -9.500217 30.089018 14.197744
v -9.415138 28.449156 15.163484
v -10.550214 28.578697 16.116693
v -10.181257 27.139290 16.512653
v -11.495096 27.045326 17.396738
v -12.704576 26.960846 17.990583
v -13.948802 26.977661 18.152975
v 20.254002 3.820245 23.978058
v 19.280323 5.308118 23.561155
v 18.163025 5.189089 23.739298
v 20.316778 6.931485 22.506065
v 19.089888 8.359245 22.027367
v 18.914156 9.907456 21.383944
v 18.495451 11.478271 20.943956
v 18.048094 13.227594 20.449633
v 17.145624 14.772643 20.371439
v 16.057175 14.323992 20.891356
v 15.400307 15.891374 20.681692
v 13.877250 16.200102 20.906792
v 13.676589 17.808239 20.748817
v 12.698745 18.909607 20.716305
v 13.726379 20.554087 20.316223
v 12.967198 22.635847 20.486555
v 11.760886 22.796673 20.420874
v 10.614325 23.555090 20.211157
v 3.888921 23.754076 14.831714
v 4.310614 24.298084 16.275993
v 4.665664 23.643373 16.797768
v 5.321918 23.571918 17.947109
v 9.030524 24.186874 20.159121
v 8.099930 23.667912 19.968918
v 7.658657 25.299652 19.652266
v 6.327671 25.585705 18.957905
v 5.237687 25.109446 17.921255
v 9.314061 -53.888283 41.741634
v 10.698576 -53.112495 41.627296
v 9.671200 -52.094505 40.891460
v 10.967092 -51.296188 40.906612
v 10.462428 -50.466015 40.597153
v 10.793772 -49.641876 40.498009
v 22.675827 -7.403920 28.432575
v 22.783138 -5.478296 27.688066
v 21.442701 -5.835661 27.863901
v 21.899696 -4.413744 27.487602
v 22.995796 -3.512315 26.990335
v 22.414402 -2.385153 26.487217
v 22.242018 -1.072186 26.158531
v 22.319798 0.487343 25.536013
v 20.640310 0.338011 25.660753
v 21.709013 1.392277 24.994402
v 21.327011 2.684454 24.447395
v 12.626741 -50.190430 40.673153
v 14.601019 -49.860245 40.664253
v 15.437905 -48.460594 40.161518
v 16.482052 -47.602886 40.072243
v 17.941063 -47.122314 39.781155
v 18.595650 -45.451290 39.319427
v 18.484346 -43.766140 38.664341
v 18.234949 -42.431152 38.302795
v 19.245165 -41.862553 38.026955
v 18.674755 -40.764996 37.523571
v 18.279346 -40.142391 37.626923
v 20.454489 -40.680412 37.256527
v 21.053848 -39.261005 36.765121
v 21.059052 -38.284870 36.500130
v 22.758518 -36.977871 35.850273
v 22.368652 -35.286915 35.498707
v 24.099718 -34.976078 34.979820
v 24.520681 -33.152493 34.433327
v 24.488722 -31.929754 34.180576
v 23.882839 -30.771486 34.120865
v 25.726852 -30.407478 33.536198
v 25.640661 -28.813513 33.214394
v 26.434807 -27.344547 32.750977
v 26.575390 -25.793339 32.407578
v 26.920559 -24.662870 32.208023
v 26.055145 -24.241379 32.236099
v 27.384554 -23.224121 31.865391
v 28.566523 -21.423407 30.964828
v 29.290482 -19.270250 30.206530
v 29.045321 -17.533262 29.895252
v 28.455034 -16.146301 29.765150
v 27.619457 -16.166740 30.040131
v 27.492731 -14.742920 29.720901
v 26.618158 -14.416873 29.893141
v 26.426722 -13.344294 29.702219
v 25.638210 -12.952116 29.830242
v 25.377979 -11.993651 29.658413
v 24.586054 -11.503623 29.735832
v 24.649265 -10.553075 29.481964
v 23.419521 -10.305999 29.375572
v 23.921635 -8.730524 28.868717
v -2.084132 -72.500237 41.899723
v -2.823862 -73.843994 41.175671
v -3.424851 -73.659203 40.096519
v -3.776325 -73.432999 39.424847
v -3.938578 -75.080208 39.190132
v -4.582415 -75.431274 37.535698
v -4.827472 -75.226616 36.819611
v -4.893087 -75.205719 35.970768
v -5.246025 -77.184113 35.517937
v -5.301926 -78.391876 34.329082
v -5.624901 -78.380608 33.298508
v -5.428482 -79.890526 33.031528
v -5.669945 -79.803513 31.244955
v -5.440511 -81.434349 30.840593
v -5.449504 -81.740677 28.395861
v -5.177001 -81.349060 26.663664
v -5.065544 -81.053955 25.320093
v -4.594099 -81.261559 23.714216
v -3.726530 -81.584969 21.778383
v -3.230553 -81.487480 20.581886
v -2.593213 -81.472656 19.469378
v -1.856536 -81.287270 18.284609
v -0.789782 -81.804184 17.193058
v -0.039437 -81.495399 16.118580
v 0.826130 -81.461838 15.124454
v 1.689209 -81.414276 14.142174
v 2.626074 -81.423637 13.225011
v 3.412745 -81.326561 12.535055
v 4.669220 -80.951172 11.520998
v 5.998014 -81.094582 10.734323
v 7.191568 -80.907242 10.149397
v -0.465411 -72.636978 43.623337
v -1.563508 -73.961601 42.870930
v 3.741275 -69.972183 45.726555
v 4.510038 -68.447441 45.479759
v 3.788333 -67.682381 44.843788
v 1.173149 -72.605873 44.841415
v 2.976217 -72.435120 45.918510
v 3.891637 -72.033791 46.391430
v 5.019764 -71.503609 46.842419
v 4.525236 -66.496887 44.696663
v 5.993165 -65.509369 45.054890
v 6.159564 -64.155106 44.631027
v 5.748369 -64.011154 44.226723
v 5.986552 -63.434998 44.280369
v 6.977285 -63.118626 44.374634
v 8.513542 -62.931446 45.004570
v 10.309658 -61.012760 44.889050
v 9.486780 -59.480328 43.949478
v 11.194079 -58.086140 43.949371
v 11.916708 -56.107967 43.188473
v 11.533650 -55.080688 42.827309
v 11.300461 -54.201530 42.460583
v 9.406461 -81.018906 9.492410
v 11.447351 -80.806099 8.974165
v 10.912561 -79.089439 8.528032
v 9.932067 -78.348854 8.501106
v 10.454145 -76.824409 7.850084
v 9.420897 -75.180809 7.365475
v 9.246847 -74.083580 6.866134
v 10.632003 -73.713852 6.475811
v 9.719148 -72.334305 5.908818
v 10.222218 -72.316071 5.790531
v 10.886014 -72.268532 5.666949
v 12.927857 -72.024414 5.321710
v 13.724542 -70.784973 4.357258
v 15.971007 -70.520790 4.155131
v 16.903854 -68.362061 2.879701
v 16.733189 -66.808250 2.298535
v 16.474581 -65.626190 1.918481
v 18.337381 -64.302231 1.389846
v 18.289799 -62.334030 0.871983
v 17.470060 -61.353298 0.753946
v 17.505953 -59.972073 0.492382
v 19.258217 -58.683018 0.324597
v 19.724653 -56.092327 0.150578
v 19.417713 -54.804344 0.097356
v 21.085594 -53.501938 0.074720
v 20.725351 -52.198055 0.059246
v 22.425819 -50.970669 0.033126
v 23.170605 -48.988190 0.031613
v 23.952871 -47.115948 0.021671
v 24.701445 -45.144768 0.009410
v 24.428947 -43.951675 0.008946
v 26.096373 -42.664597 -0.001109
v 25.728239 -41.343922 0.009764
v 27.468531 -40.161537 0.007856
v 28.214130 -38.284744 0.003120
v 29.076246 -36.528336 -0.018640
v 29.930832 -34.807556 -0.028666
v 30.798338 -33.061729 -0.037680
v 31.540634 -31.238604 -0.049559
v 31.256413 -30.163733 -0.056351
v 31.039793 -28.782030 -0.041674
v 30.655996 -27.408014 -0.048313
v 32.357792 -26.049671 -0.040859
v 32.377445 -23.619852 -0.036113
v 31.812195 -21.910433 0.020122
v 30.926132 -21.280409 0.051801
v 32.197823 -19.362288 0.074447
v 31.432079 -17.737581 0.124443
v 32.597546 -16.065012 0.128353
v 31.817924 -14.112186 0.190408
v 30.903141 -13.022374 0.226322
v 29.998198 -11.686737 0.252535
v 29.155817 -10.302471 0.281325
v 28.226988 -9.234049 0.291286
v 27.577690 -7.288193 0.297893
v 27.588169 -4.803024 0.340362
v 26.842716 -3.393287 0.274259
v 26.507587 -2.323066 0.258387
v 26.147732 -0.965339 0.272698
v 25.738819 0.907525 0.350182
v 24.950861 1.648254 0.345484
v 24.607386 3.588522 0.520499
v 24.189236 5.109250 0.745984
v 23.784573 6.402794 1.115127
v 22.590666 7.201696 1.230961
v 20.149063 13.206419 1.960231
v 19.066750 15.394107 2.314579
v 17.337019 17.779058 2.192202
v 16.404339 17.481260 1.219657
v 15.565098 17.366613 0.909041
v 15.257255 18.771801 1.438847
v 14.382550 20.754553 1.762322
v 13.437332 21.646400 1.540087
v 14.064068 22.869207 1.971036
v 13.870012 25.930906 1.671103
v 12.377243 25.678444 1.515012
v 11.613610 27.376022 1.430759
v 10.099525 27.088741 1.754147
v 8.999051 27.120199 2.172714
v 7.579191 27.372425 3.125410
v 6.980881 27.168135 3.866671
v 6.322931 27.096933 4.864337
v 5.375626 27.212606 6.326180
v 5.267823 26.450207 6.953936
v 4.485778 26.909819 9.098316
v 3.786003 27.140650 11.476009
v 3.380934 26.557043 12.815445
v 3.486297 25.486031 12.605297
v 3.504086 25.736620 14.249418
v 3.876582 25.118237 15.792599
v -14.402480 33.542545 0.906289
v -13.931205 32.365131 0.966794
v -15.369790 31.611052 0.636674
v -14.857147 30.203865 0.611329
v -16.190092 29.193251 0.506034
v -15.896507 27.645613 0.512684
v -17.872692 27.155302 0.859619
v -18.533949 25.693808 1.159022
v -19.983540 26.199617 1.623004
v -20.863640 25.651743 2.507250
v -21.716825 25.428446 3.561605
v -22.432713 25.147726 4.614054
v -16.105461 26.869980 18.247723
v -15.694583 25.835127 18.305885
v -18.027679 27.092897 17.893106
v -19.463434 27.235634 17.502588
v -19.947302 26.773254 17.232767
v -20.919065 26.836960 16.619995
v -21.775852 26.620043 15.945524
v -22.701687 26.634333 14.986722
v -23.055977 26.785561 5.017262
v -24.103640 28.848545 5.612126
v -24.615570 29.022181 7.652885
v -24.837645 29.055393 9.597602
v -24.831532 28.484938 10.533120
v -24.366713 28.799868 12.475496
v -23.550077 28.521477 14.053641
v -22.185839 28.037285 15.548741
v -10.440346 36.161308 9.679445
v -9.710109 33.923805 11.746394
v -9.298933 32.987522 11.876801
v -9.559902 32.379822 12.825714
v -10.221562 31.776112 14.061122
v -11.038788 31.417988 15.135444
v -10.717695 30.061909 15.518268
v -11.952178 30.172981 16.502228
v -12.284654 28.619743 17.235369
v -13.233727 28.035023 18.076859
v -14.059689 29.217443 17.675253
v -15.761166 28.377325 18.039125
v 22.493238 3.956806 23.703537
v 21.995216 5.809403 22.754868
v 20.492182 5.468575 23.221113
v 22.037083 7.214808 21.952374
v 21.530359 8.364614 21.386290
v 20.297197 8.373379 21.775608
v 20.598366 9.708574 20.862835
v 20.061247 11.853873 19.972733
v 19.209946 12.743235 20.138510
v 19.451248 14.427411 19.181715
v 18.251053 14.644354 19.869827
v 18.058516 16.120115 19.536343
v 16.926752 16.120499 20.141376
v 16.571993 17.576010 19.918360
v 15.210017 17.619509 20.414879
v 15.324925 19.178236 20.149689
v 15.762642 21.021687 19.664942
v 15.545853 22.564550 19.594522
v 14.165472 22.416933 20.140856
v 14.182338 23.985205 19.995190
v 12.670409 24.163033 20.288383
v 11.823703 23.728058 20.416046
v 11.382753 25.254141 20.150948
v 9.338488 25.930079 20.101717
v 4.401831 25.337320 16.794300
v 7.667573 27.260233 19.615643
v 6.311608 27.017942 18.662949
v 5.150057 26.843946 17.610271
v 4.209624 26.420977 16.402985
v 12.998427 -53.376522 42.164608
v 12.845507 -51.971813 41.374569
v 23.504778 -7.510204 28.658045
v 24.264044 -7.072502 28.229853
v 25.612288 -5.152365 27.307764
v 24.546244 -3.828904 27.018745
v 24.612041 -2.334456 26.556404
v 23.508444 -2.343399 26.564106
v 23.932367 -1.177379 26.179598
v 23.541565 0.174368 25.729193
v 24.639132 1.654710 24.868118
v 23.126429 2.007200 24.677637
v 22.307890 2.952839 24.452909
v 14.996380 -51.245007 41.053558
v 16.195520 -50.014694 40.694618
v 16.291443 -49.065834 40.448933
v 17.203228 -47.919048 40.229301
v 17.745384 -49.034161 40.371304
v 19.347696 -48.325424 39.946655
v 19.666050 -47.078892 39.564320
v 19.661135 -45.800709 39.129005
v 19.779444 -44.218987 38.555462
v 19.709642 -43.090672 38.258373
v 21.218773 -42.624847 37.767021
v 22.167906 -40.852360 36.986572
v 22.193598 -39.595127 36.638123
v 22.166164 -38.436836 36.343586
v 23.380457 -38.636669 36.216991
v 24.395813 -38.095627 35.819675
v 25.130680 -36.652836 35.169853
v 23.776867 -36.235470 35.374393
v 25.951296 -34.877537 34.433830
v 25.727175 -33.473419 34.155823
v 25.590931 -32.189800 33.913612
v 27.387882 -31.996054 33.288300
v 27.499302 -29.970455 32.878727
v 26.708271 -28.997282 32.945381
v 28.220490 -28.417580 32.383965
v 28.311592 -26.652096 32.162754
v 27.355293 -25.777731 32.292313
v 28.112816 -24.701754 31.943783
v 27.487230 -24.069399 32.023926
v 29.066914 -23.694109 31.330929
v 28.648348 -22.612850 31.202080
v 29.765039 -22.389793 30.771952
v 30.831659 -20.661963 30.074333
v 30.685942 -18.825220 29.626371
v 30.125183 -18.201551 29.671083
v 29.808617 -17.922405 29.733063
v 30.669184 -16.607828 29.118746
v 29.433695 -16.220268 29.457939
v 29.430592 -14.573187 29.038780
v 28.346994 -13.319672 29.114553
v 27.480459 -13.355036 29.388494
v 27.575554 -12.043958 28.998308
v 26.451777 -11.933506 29.330517
v 26.365978 -10.393434 28.952883
v 25.139503 -9.568827 28.980816
v 25.676189 -8.453608 28.523565
v -2.367139 -75.510956 42.324120
v -3.053829 -75.536316 41.284145
v -3.391281 -75.291901 40.489574
v -3.695487 -76.811981 40.129494
v -4.409413 -76.953598 38.496323
v -4.758771 -76.510391 37.601170
v -4.720797 -76.421356 36.493484
v -4.855433 -78.163879 37.071602
v -5.101477 -78.354729 36.047619
v -5.057214 -79.756416 35.528179
v -5.098308 -81.589165 34.237373
v -5.304184 -81.465385 32.687721
v -5.115613 -83.005272 32.382793
v -5.234875 -83.154808 30.419443
v -5.041144 -82.989319 28.721849
v -4.911183 -82.983589 27.385036
v -4.670123 -82.952698 25.978409
v -4.062782 -82.842667 24.094814
v -3.599598 -82.592949 22.514824
v -2.773923 -83.163887 21.196299
v -2.291095 -82.822899 19.975964
v -1.509251 -82.937767 18.807049
v -0.567588 -83.077866 17.565226
v 0.611889 -83.029587 16.114017
v 1.209819 -82.884239 15.368348
v 2.036699 -82.891068 14.476400
v 2.894058 -82.815300 13.562805
v 3.700994 -82.694550 12.792117
v 5.603365 -83.057549 11.563043
v 7.241577 -82.537437 10.651657
v 9.470048 -82.656708 9.911971
v -0.553107 -74.401726 44.164360
v 0.776158 -74.155144 45.116013
v -1.032452 -75.346657 43.848892
v -1.531460 -76.733902 43.561169
v 4.650084 -70.435272 46.375095
v 5.286574 -69.706795 46.397160
v 6.201751 -68.410324 45.957859
v 5.403488 -67.619179 45.374931
v 1.619707 -73.846161 45.659019
v 3.133417 -73.968330 46.428810
v 4.141995 -73.625496 46.896164
v 4.870014 -73.183365 47.254585
v 6.813058 -73.197098 48.019749
v 6.947572 -71.384483 47.359116
v 6.121310 -70.570084 46.897739
v 6.455323 -66.954857 45.432365
v 7.235105 -65.594284 45.514923
v 6.770919 -65.423752 45.112644
v 7.255093 -64.484123 45.083218
v 8.629174 -64.488434 45.762455
v 10.218946 -63.205540 45.914822
v 12.186867 -62.169319 45.850868
v 12.085777 -60.534393 45.211807
v 11.689468 -59.250977 44.655712
v 10.664275 -59.033291 44.486313
v 12.837781 -58.069584 44.320324
v 12.670766 -57.042892 43.815796
v 14.217530 -56.071064 43.386406
v 13.655121 -54.575909 42.777290
v 12.582238 -54.269329 42.809696
v 11.567974 -82.573715 9.431927
v 13.340456 -82.188889 9.052175
v 13.387691 -80.610352 8.688108
v 12.508726 -79.249313 8.395899
v 11.609237 -78.062714 8.145905
v 12.572463 -76.765419 7.663126
v 11.664315 -75.361847 7.134104
v 13.157807 -74.351944 6.565316
v 15.223119 -73.230461 5.838692
v 15.366060 -71.968773 5.141965
v 17.529566 -71.954437 4.994869
v 18.489092 -70.162895 3.975234
v 18.963051 -68.338303 2.843617
v 18.980818 -66.852592 2.129816
v 18.343424 -66.226234 1.945109
v 20.085854 -64.761139 1.322072
v 20.487213 -62.796452 0.892157
v 20.270214 -61.264980 0.660653
v 19.470894 -60.265472 0.456577
v 21.395815 -58.645260 0.292069
v 21.757212 -56.097225 0.144568
v 21.446508 -54.817299 0.088147
v 23.127090 -53.506775 0.041841
v 22.730322 -52.207851 0.026303
v 24.453920 -50.981529 0.003771
v 25.162964 -49.012989 0.014440
v 25.966036 -47.108665 0.025736
v 26.717766 -45.164433 0.012229
v 26.476732 -43.989204 0.003427
v 28.087170 -42.671646 0.015457
v 27.747252 -41.354465 0.015030
v 29.429470 -40.148106 0.008225
v 30.222940 -38.289745 -0.012225
v 31.062527 -36.554531 -0.019454
v 31.952078 -34.811195 -0.036590
v 32.799313 -33.066181 -0.028937
v 33.545654 -31.206491 -0.048971
v 33.301086 -29.808563 -0.058560
v 32.369701 -29.332258 -0.067477
v 33.532310 -27.561720 -0.040704
v 34.472176 -25.320560 -0.046785
v 34.419277 -23.552315 -0.048981
v 33.815205 -21.904034 -0.025050
v 32.913219 -21.272846 0.004074
v 34.190735 -19.367491 0.025555
v 33.405075 -17.743561 0.080537
v 34.594162 -16.058983 0.100078
v 33.780334 -14.110844 0.173397
v 32.842674 -13.033506 0.210236
v 31.939779 -11.695769 0.228738
v 31.097572 -10.322372 0.276105
v 30.200211 -9.228719 0.298709
v 29.675558 -7.158247 0.344222
v 29.218037 -4.907963 0.410570
v 29.138733 -3.240520 0.460649
v 28.363295 -2.242796 0.424909
v 27.507547 -1.469366 0.341472
v 28.249033 0.415913 0.499834
v 26.938683 1.296892 0.448159
v 26.560247 3.281337 0.592216
v 25.996515 4.815816 0.785377
v 25.529655 6.227894 1.106943
v 24.996597 7.761460 1.701419
v 16.108809 20.647545 2.850888
v 15.806967 24.517160 3.194403
v 14.816942 29.278532 1.783363
v 13.509868 27.703638 1.318031
v 12.917021 28.859652 1.133372
v 11.255819 28.985577 1.134869
v 9.715473 28.932735 1.602665
v 9.089199 28.249187 1.973295
v 7.477292 28.635395 2.940511
v 6.394808 28.823757 3.841123
v 5.989938 28.400311 4.744635
v 5.188601 28.539684 5.795821
v 4.944086 28.512688 6.846604
v 4.497421 28.339153 8.554812
v 3.979032 28.840357 11.203066
v 3.519367 28.810883 12.937014
v 3.278820 28.088825 14.005729
v 3.200112 26.981693 13.915685
v 3.537019 27.168528 14.936050
v -17.084705 39.798737 1.079101
v -15.802929 37.570068 1.110764
v -15.884177 35.285175 0.745951
v -16.192991 33.700787 0.560990
v -15.831896 32.895252 0.596517
v -17.247234 31.880207 0.509187
v -16.757736 30.445164 0.481999
v -18.194202 29.359316 0.582203
v -19.824627 28.312563 1.185105
v -19.762800 27.261953 1.362824
v -21.181747 27.712282 1.934368
v -21.702166 26.943213 2.620143
v -22.433971 26.777702 3.504313
v -17.924639 28.877054 17.703051
v -19.455500 28.315575 17.390863
v -20.806723 28.121784 16.766373
v -22.970369 28.715475 3.568825
v -24.343849 30.366283 4.740639
v -24.658728 30.205162 5.696731
v -25.020376 30.286457 7.340306
v -25.371157 30.443258 9.516673
v -25.297470 30.426844 11.431629
v -24.717064 29.998394 12.561244
v -24.067989 30.084881 13.803035
v -23.397774 30.067183 14.626066
v -22.328993 30.015333 15.758042
v -20.418736 30.047970 16.816244
v -11.396930 37.829826 11.215882
v -11.842991 39.514713 9.735125
v -10.770545 36.420528 11.364991
v -10.651209 35.228531 12.480459
v -10.144307 33.751579 12.759887
v -10.887297 33.330868 13.946879
v -12.239027 32.901569 15.492964
v -11.969968 31.568750 16.003086
v -13.141569 31.717443 16.624216
v -13.259115 30.397425 17.142155
v -14.043830 30.701530 17.534311
v -15.331295 30.613514 17.587509
v -16.595995 30.034357 17.622822
v 23.325953 2.925605 24.022247
v 24.244650 3.945954 23.514698
v 24.106001 5.473946 22.675045
v 23.432022 6.657057 22.007084
v 22.776272 6.957572 21.905172
v 23.636370 7.623727 21.079552
v 22.759689 9.073274 19.846760
v 21.615564 11.183809 19.103640
v 21.317522 13.626062 17.727760
v 20.512945 15.092411 18.012577
v 20.002163 16.407755 18.029442
v 19.213757 16.165989 18.809311
v 18.806479 17.656157 18.617764
v 17.730202 17.573833 19.343260
v 17.495010 18.869076 19.242403
v 16.484592 19.009048 19.730562
v 16.700165 20.265739 19.426662
v 17.503727 22.437925 18.592932
v 16.467978 23.864620 19.075394
v 15.474926 23.910568 19.507883
v 15.423763 25.229506 19.418360
v 13.929054 25.841492 20.078732
v 12.899631 25.243719 20.134876
v 12.201232 27.031935 19.977245
v 10.148922 27.181824 19.804649
v 9.372613 27.115049 19.975275
v 8.667696 28.323359 19.821938
v 7.148034 28.847244 19.192558
v 6.161765 28.609444 18.460173
v 4.913496 28.472284 17.342539
v 3.955100 28.219320 15.882440
v 14.809746 -53.434959 42.323250
v 14.850741 -52.414207 41.758327
v 25.812387 -6.981510 28.050774
v 27.349127 -6.365450 27.349432
v 27.056740 -4.883595 26.921787
v 27.145311 -3.541936 26.507030
v 26.247805 -2.493207 26.419285
v 25.287174 -1.033882 26.000746
v 24.796062 -1.743323 26.217915
v 24.522345 -0.617505 25.862459
v 24.605024 0.181027 25.517435
v 26.448595 0.547360 25.115236
v 26.647158 2.524372 24.170454
v 25.319105 3.322907 23.899752
v 24.304359 2.578845 24.170752
v 17.048733 -51.889965 41.541958
v 17.283506 -50.536942 40.866817
v 19.392597 -50.324039 40.736958
v 21.070971 -48.347515 39.767715
v 20.307886 -47.532413 39.586155
v 21.198429 -46.357719 39.032677
v 20.879976 -44.553505 38.392159
v 22.620708 -44.173367 38.026329
v 22.569828 -42.758049 37.567085
v 23.533068 -41.642616 36.977882
v 23.359566 -39.958214 36.479523
v 24.783796 -39.818886 36.194668
v 25.886267 -38.610043 35.627956
v 27.612686 -37.443928 34.624073
v 26.755571 -35.892128 34.457897
v 27.183939 -34.510380 33.914082
v 26.752022 -33.676640 33.856529
v 27.515150 -33.413391 33.539841
v 28.710806 -33.464844 33.110626
v 29.142307 -31.491190 32.549862
v 29.060966 -29.920729 32.311840
v 29.597742 -28.066586 31.741472
v 28.994545 -27.289047 31.934681
v 29.686749 -25.789604 31.417732
v 30.668833 -23.666410 30.692644
v 30.818207 -22.293093 30.397480
v 31.931276 -22.328865 30.029909
v 32.465748 -20.585697 29.616440
v 32.325832 -19.237333 29.315123
v 31.486465 -19.223593 29.592958
v 32.086803 -17.704231 28.941225
v 32.361511 -15.899256 28.366646
v 31.981583 -14.452674 28.106705
v 30.908440 -14.458152 28.482101
v 30.514297 -13.029420 28.261740
v 29.418259 -11.957874 28.379276
v 28.447897 -10.062307 28.185957
v 27.286140 -8.857542 28.319742
v 26.914482 -7.655180 28.088259
v -2.530851 -77.068993 42.355125
v -3.018032 -76.626076 41.564072
v -3.275269 -78.374542 41.362404
v -3.980078 -78.567917 39.802265
v -4.352524 -78.107056 38.700050
v -4.330790 -79.853294 38.614830
v -4.721241 -80.072205 37.059990
v -4.832850 -81.341637 36.691841
v -4.557850 -82.784317 35.702389
v -4.861400 -82.975677 34.243820
v -4.696287 -84.564980 33.836231
v -4.837293 -84.878090 31.374113
v -4.887367 -84.251892 30.310493
v -4.624498 -84.448067 28.508137
v -4.266296 -84.315628 26.497669
v -3.603703 -84.547226 24.407042
v -2.782206 -84.952553 22.693623
v -2.733763 -84.045914 21.862707
v -1.520818 -84.723412 19.921513
v -0.565601 -84.423454 18.275354
v 0.695078 -84.902603 16.796688
v 1.620895 -84.742615 15.667074
v 2.129157 -84.051819 14.845554
v 3.272794 -84.580734 13.837720
v 4.096298 -84.270294 12.979324
v 5.601881 -84.472336 11.972386
v 6.969731 -84.769958 11.301249
v 8.099548 -84.493446 10.783795
v 9.821850 -84.285652 10.198655
v 11.808994 -84.140488 9.775154
v 0.400577 -75.614708 45.313080
v -0.304057 -76.487114 44.877232
v 1.562335 -75.664864 46.110928
v 2.596593 -75.164383 46.505383
v -0.337151 -78.621407 45.346302
v -1.712391 -78.942665 43.901169
v -2.379970 -78.212898 42.773369
v 7.189351 -69.546730 46.854370
v 8.418304 -67.593498 46.490471
v 4.200284 -75.415176 47.369125
v 5.512291 -74.769974 47.800041
v 7.422436 -75.141151 48.948353
v 7.631318 -73.928253 48.674164
v 8.664774 -73.416130 48.924870
v 8.255304 -71.721275 48.088814
v 8.281990 -70.372711 47.583912
v 8.435918 -65.963684 46.086254
v 10.230256 -64.941582 46.544395
v 12.074209 -63.842735 46.657764
v 12.609920 -63.014149 46.453938
v 13.998781 -62.711380 46.407337
v 14.297697 -60.724525 45.588093
v 13.389962 -60.086918 45.245926
v 13.038432 -58.950108 44.855419
v 14.863060 -58.183914 44.464981
v 13.646383 -57.226391 44.041317
v 16.353558 -55.906509 43.358906
v 15.745585 -54.724388 42.879959
v 14.960958 -54.263153 42.742470
v 14.282507 -83.870819 9.388017
v 15.364014 -82.187683 8.904115
v 14.854781 -80.769806 8.598138
v 14.662509 -79.660805 8.340654
v 14.398399 -78.111908 7.883631
v 14.152854 -76.494522 7.392839
v 13.891660 -75.726517 7.123977
v 15.879400 -75.467911 6.823084
v 16.828049 -73.581573 5.882566
v 18.753567 -73.620995 5.805443
v 19.682768 -71.926872 4.859145
v 20.184452 -70.441940 4.003862
v 21.011036 -68.366463 2.776190
v 21.048429 -66.824081 2.000740
v 20.383863 -66.237686 1.798883
v 22.257378 -64.405373 1.191263
v 21.693436 -62.817566 0.856633
v 22.100773 -60.901108 0.533759
v 21.774845 -59.824062 0.402421
v 23.367798 -58.534367 0.233741
v 23.796164 -56.083141 0.125098
v 23.488899 -54.831215 0.076551
v 25.142281 -53.527996 0.045587
v 24.785572 -52.214870 0.033090
v 26.494055 -51.006153 0.013488
v 27.182188 -49.007256 0.015307
v 27.939396 -47.124969 0.019726
v 28.678280 -45.149544 0.020267
v 28.427635 -43.962696 0.012799
v 30.047544 -42.639881 0.018524
v 29.708925 -41.361282 0.005563
v 31.385073 -40.145004 0.010681
v 32.186104 -38.301182 -0.002452
v 33.068394 -36.556843 -0.010548
v 33.953213 -34.829845 -0.038818
v 34.811993 -33.075596 -0.054250
v 35.566990 -31.205744 -0.043445
v 35.318878 -29.793962 -0.045579
v 34.364109 -29.142403 -0.068206
v 35.621284 -27.569828 -0.058575
v 36.064491 -25.535303 -0.050177
v 36.438931 -23.520802 -0.026214
v 35.846676 -21.890575 -0.025958
v 34.927498 -21.267212 -0.017452
v 36.227264 -19.359678 0.012856
v 35.414017 -17.748442 0.043065
v 36.599304 -16.054726 0.052905
v 35.759964 -14.104447 0.124831
v 34.772434 -13.010868 0.171098
v 33.855808 -11.698292 0.203665
v 32.983425 -10.397032 0.251242
v 32.100594 -9.279852 0.282281
v 31.616261 -7.234403 0.333375
v 31.287077 -5.544966 0.400146
v 31.140915 -3.930691 0.495436
v 30.411802 -2.699109 0.529159
v 30.096375 -0.539413 0.601460
v 29.792093 1.672890 0.686366
v 29.105785 2.723321 0.700894
v 27.962130 2.573063 0.611491
v 28.905123 4.990383 0.903441
v 27.189610 6.054628 1.041237
v 26.741709 7.266757 1.335724
v 26.518799 8.717089 1.862232
v 27.120413 11.297364 2.747444
v 27.047358 13.017707 3.523380
v 27.059916 14.921849 4.218539
v 17.620865 19.693888 4.273965
v 17.834808 21.718803 5.167943
v 18.165791 26.795134 5.643984
v 16.870045 31.485931 3.202290
v 14.507214 32.139648 1.345301
v 12.855723 31.202576 0.916847
v 13.053382 30.012089 1.109631
v 11.407033 30.427128 1.038458
v 9.010389 30.548813 1.756290
v 7.249658 30.229448 3.065964
v 5.904516 30.095646 4.350525
v 5.401537 29.784500 5.251866
v 4.777227 30.033108 7.127119
v 4.426347 29.779751 8.736314
v 4.047266 30.310558 10.815665
v 4.149933 30.360727 12.457983
v 3.472329 29.951313 13.161448
v 3.636973 29.739410 14.784999
v -17.896500 37.441406 0.675556
v -16.931040 36.429016 0.704791
v -18.257113 35.069546 0.576117
v -17.428221 33.690655 0.515091
v -19.092979 32.342003 0.643862
v -18.830574 30.749966 0.642020
v -20.522818 30.222910 1.285381
v -21.009159 28.763634 1.604942
v -22.084761 29.309299 2.203608
v -17.892574 30.168415 17.458000
v -18.722792 30.182425 17.314234
v -23.094175 30.500446 2.964262
v -24.236578 31.620615 4.043422
v -25.087276 31.968035 5.564720
v -25.409698 31.602791 7.002235
v -25.912382 31.908453 9.463684
v -25.782866 31.801388 10.979773
v -25.236979 31.904345 12.566964
v -24.310497 31.628363 13.847561
v -23.243097 31.354301 14.688371
v -22.318987 31.333696 15.657865
v -21.322268 31.559608 16.225548
v -18.498354 31.638870 17.064585
v -20.474417 32.965897 16.409145
v -12.084337 39.847786 11.041459
v -12.292888 38.969978 12.111446
v -11.752343 37.437176 12.461825
v -11.047949 36.623936 12.045630
v -11.352719 36.386993 12.693478
v -12.105344 36.280434 13.599074
v -11.286183 34.831760 13.841543
v -12.193658 34.602825 14.588911
v -13.574340 34.387486 15.665982
v -13.351885 33.083214 16.138977
v -14.559631 33.277332 16.612146
v -14.200916 31.836643 17.270039
v -15.426492 32.074661 17.254345
v -16.657057 31.560707 17.319426
v 24.307590 3.235802 23.909466
v 25.980450 4.780640 22.927454
v 25.999247 6.213371 22.118567
v 24.673609 6.820678 21.760544
v 26.158533 7.548981 21.088903
v 25.132187 8.206487 20.061644
v 20.999973 15.937944 16.980223
v 20.424868 17.861374 16.904879
v 19.782722 17.783318 17.806997
v 19.424997 19.233561 17.723726
v 18.458769 19.029852 18.583578
v 18.109303 20.256426 18.622766
v 19.046452 21.372749 17.815479
v 18.572540 22.426941 17.882887
v 19.032408 23.524237 17.106110
v 17.985596 23.961622 18.005873
v 17.082670 24.911612 18.523375
v 16.022892 27.072235 18.883343
v 14.495947 27.021975 19.671986
v 13.514371 27.099018 20.032499
v 13.281750 28.577545 19.900433
v 11.557181 28.756201 19.917557
v 10.615662 28.345085 19.735729
v 9.714140 28.490938 19.885374
v 9.752209 29.911316 19.868437
v 8.293851 29.938839 19.570068
v 7.268412 30.029678 19.143253
v 6.052537 30.066568 18.374847
v 4.971242 29.960915 17.399397
v 4.168447 29.655443 16.331362
v 15.897627 -53.661404 42.458347
v 16.246490 -52.664513 42.091846
v 28.464661 -8.002950 27.565735
v 29.023016 -6.497561 26.873081
v 29.114100 -5.193785 26.434755
v 28.282385 -4.159548 26.362249
v 28.335457 -2.181105 25.770348
v 27.355095 -2.269267 26.082050
v 27.574549 -0.851434 25.526525
v 26.431694 -0.951421 25.790670
v 27.942505 0.614395 24.822779
v 28.331606 1.946329 24.142160
v 27.976082 3.766830 23.258512
v 26.490675 3.653148 23.556093
v 17.291077 -53.704506 42.477173
v 19.120495 -52.393440 41.837910
v 21.194399 -51.765930 41.277321
v 21.826729 -50.091084 40.369228
v 23.168554 -48.434658 39.469910
v 22.157000 -47.301479 39.220707
v 23.226042 -46.072571 38.621071
v 23.374216 -44.831581 38.185818
v 24.346172 -44.632084 37.849087
v 23.812580 -43.150597 37.433109
v 23.131451 -42.876766 37.499001
v 25.370062 -42.642010 36.850540
v 24.840221 -41.210682 36.477013
v 25.537180 -41.031914 36.301395
v 26.342651 -40.213287 35.899307
v 25.638813 -39.461674 35.924267
v 27.710428 -39.548717 35.173389
v 29.157104 -38.880238 34.382359
v 29.404610 -37.403469 33.888931
v 28.898298 -36.068207 33.743088
v 27.852571 -35.351833 33.999249
v 28.817265 -34.925053 33.478344
v 30.076876 -34.775894 32.898788
v 30.584946 -32.748756 32.195778
v 30.031738 -31.708357 32.233631
v 30.260038 -30.269501 31.893812
v 30.621244 -28.725340 31.488106
v 31.081499 -26.908529 31.017878
v 31.501167 -25.113913 30.599075
v 31.735380 -23.840567 30.333570
v 32.661522 -23.969254 30.035442
v 32.916218 -22.381697 29.650978
v 33.438461 -20.882956 29.259098
v 33.530743 -19.307602 28.906618
v 33.401897 -17.835148 28.562044
v 33.619610 -16.049229 27.981623
v 33.273300 -14.590050 27.673529
v 32.973621 -13.149921 27.404982
v 32.044312 -12.978909 27.725185
v 31.376024 -13.377300 28.060154
v 31.382711 -11.951250 27.721020
v 30.507080 -11.862414 27.977333
v 30.766109 -10.547635 27.514235
v 29.704941 -10.325623 27.814669
v 30.148935 -8.772068 27.197821
v -2.755600 -80.004997 42.597862
v -3.521735 -80.106400 41.180668
v -3.938718 -79.660728 40.243256
v -3.936094 -81.325378 40.127075
v -4.327002 -81.585030 38.541378
v -4.353720 -81.196373 37.512756
v -4.520379 -82.511559 37.437111
v -4.261576 -84.455956 37.586266
v -4.449885 -84.493729 35.705082
v -4.436257 -86.182297 35.574631
v -4.604905 -86.459480 33.241199
v -4.599286 -85.907433 31.889660
v -4.419422 -86.352249 30.134558
v -4.327145 -85.909576 28.634453
v -3.753166 -86.079079 26.429014
v -3.057260 -86.279297 24.311167
v -2.686647 -85.922569 23.100643
v -2.015568 -86.415504 21.861731
v -1.585617 -85.963058 20.796934
v -0.574087 -86.447998 19.278267
v 0.095963 -86.234154 18.191805
v 1.213168 -86.309189 16.740210
v 1.891417 -85.980080 15.798122
v 3.096890 -86.502045 14.624957
v 3.334732 -85.613190 14.078765
v 4.626777 -85.930382 13.048928
v 6.172064 -86.175591 12.056419
v 7.101560 -85.772324 11.432623
v 8.547292 -86.036240 10.896625
v 10.556541 -86.182205 10.302707
v 11.910254 -85.520538 10.000960
v 13.947642 -85.623253 9.785259
v 0.578274 -76.821564 45.731701
v 1.803230 -77.165092 46.617596
v 1.092858 -78.205017 46.404900
v 3.103333 -76.862991 47.281422
v 4.100080 -76.465591 47.665676
v -1.160606 -80.458344 44.933392
v 0.282519 -80.446846 46.451916
v 1.064923 -79.636597 46.792809
v -2.022855 -80.247726 43.794071
v 9.069549 -68.705177 47.277065
v 9.214869 -67.771568 47.072525
v 10.306892 -67.293007 47.135910
v 9.641245 -66.247437 46.710236
v 5.521256 -76.542999 48.419025
v 6.304445 -75.795197 48.610428
v 6.722470 -76.758194 49.183758
v 7.930381 -76.886986 49.486023
v 8.749500 -76.265877 49.942524
v 8.820829 -74.822815 49.672382
v 9.243555 -74.038330 49.499107
v 10.331001 -73.830528 49.700500
v 10.275824 -71.976418 49.008694
v 9.161891 -71.962914 48.539661
v 9.400648 -70.695938 48.197998
v 8.525436 -70.871132 48.003231
v 9.296190 -69.510826 47.844852
v 10.698378 -65.996857 46.868195
v 12.357656 -65.719681 47.217449
v 13.512919 -64.145775 46.916679
v 15.672324 -64.115753 47.124718
v 15.902628 -62.342510 46.524815
v 16.091574 -60.757900 45.771481
v 15.623408 -59.580898 45.181362
v 17.335674 -58.559380 44.802891
v 17.760838 -56.573532 43.854805
v 18.418106 -54.883430 43.079739
v 16.274849 -85.327980 9.573714
v 15.827163 -84.100601 9.347538
v 17.016714 -82.782455 9.057253
v 17.044497 -80.915901 8.588247
v 16.397923 -80.274292 8.407850
v 16.062958 -78.889191 8.035909
v 16.106407 -77.362244 7.557440
v 18.066036 -77.057961 7.406483
v 18.277029 -75.332176 6.652581
v 20.458696 -75.142212 6.579121
v 21.190474 -73.095970 5.452566
v 20.395260 -72.432617 5.108177
v 21.965090 -71.075691 4.287391
v 22.651371 -68.908386 3.017145
v 23.433025 -66.932655 1.970018
v 22.485483 -66.226868 1.694835
v 24.303600 -64.561012 1.142773
v 24.488132 -62.394306 0.592219
v 23.563122 -61.295345 0.539186
v 23.575153 -59.820484 0.358985
v 25.304771 -58.632477 0.219955
v 25.801453 -56.103817 0.099745
v 25.541691 -54.857990 0.073733
v 27.130043 -53.521534 0.051591
v 26.791929 -52.216431 0.024866
v 28.458422 -50.982071 0.017255
v 29.168789 -49.017433 -0.000633
v 29.937883 -47.114563 0.012349
v 30.649084 -45.148663 0.025489
v 30.383358 -43.952427 0.025919
v 32.017822 -42.647346 0.015049
v 31.670378 -41.351677 0.024794
v 33.356937 -40.139580 0.020971
v 34.166897 -38.299065 -0.001340
v 35.048866 -36.575123 -0.030204
v 35.933910 -34.864796 -0.045721
v 36.822182 -33.098862 -0.056125
v 37.606674 -31.209129 -0.072043
v 37.364643 -29.794088 -0.048499
v 36.402817 -29.141256 -0.041174
v 37.660015 -27.571245 -0.023295
v 38.039188 -25.570160 -0.029826
v 38.462261 -23.553764 -0.022591
v 37.906029 -21.892345 -0.028932
v 36.977215 -21.258720 -0.019487
v 38.318073 -19.364920 -0.026687
v 37.478458 -17.722963 -0.001525
v 38.692982 -16.042862 0.001271
v 37.795586 -14.098240 0.057047
v 36.758362 -12.978552 0.110869
v 35.758121 -11.602119 0.145845
v 34.783775 -10.338307 0.197513
v 33.922749 -9.338062 0.234219
v 33.337082 -7.679404 0.268283
v 33.529476 -5.569527 0.358217
v 32.882172 -3.920957 0.488516
v 32.507854 -2.390409 0.583056
v 32.031204 -0.807591 0.671544
v 31.676563 1.160364 0.790238
v 30.926071 1.948885 0.785115
v 30.575020 3.896322 0.886121
v 30.673328 6.113080 1.066392
v 30.211763 7.524286 1.183070
v 28.829050 7.689037 1.260880
v 27.644442 8.016064 1.422936
v 28.799267 10.265987 1.763057
v 28.578251 12.741700 2.322699
v 27.732578 12.872938 2.800397
v 28.162149 14.416974 2.918824
v 28.060923 16.665178 3.434940
v 27.025923 17.521147 4.743819
v 18.301012 19.400572 5.328145
v 18.309498 18.245611 4.362870
v 18.850033 22.924652 6.689067
v 18.870062 21.036728 6.723680
v 18.857124 19.625301 6.404215
v 18.787231 30.019936 6.438030
v 19.361847 27.721855 7.548640
v 19.158592 26.362478 7.242181
v 19.156788 24.929955 7.235085
v 15.835382 33.335270 1.892804
v 16.725168 34.610573 2.798800
v 18.249842 33.282951 5.272921
v 14.672749 33.637527 1.169838
v 13.344938 33.256672 0.924061
v 11.699897 32.866207 0.741567
v 11.326702 31.656929 0.873955
v 9.404664 32.112785 1.228844
v 7.667085 32.123135 2.212345
v 6.813887 31.935226 3.182952
v 5.467450 32.119717 4.425819
v 5.150934 31.672150 5.438345
v 4.682920 31.272194 6.594658
v 4.037700 32.147343 8.749705
v 3.927312 31.687033 10.275795
v 3.397851 31.689707 11.499245
v 3.422882 31.720753 12.858044
v 3.726145 31.637877 14.655725
v 4.293233 31.284159 16.432018
v -19.428234 39.071026 0.709557
v -19.514065 37.220028 0.537777
v -18.889896 36.262665 0.559112
v -20.236622 34.963230 0.785353
v -19.711441 33.580345 0.696832
v -21.039244 32.482563 1.106169
v -22.447163 31.346857 2.117904
v -21.740648 30.222916 1.855311
v -23.521185 31.701870 3.055473
v -24.224211 33.440849 3.254723
v -25.180113 33.437637 4.675148
v -25.418425 33.049324 5.581480
v -26.144207 33.454418 7.734945
v -26.466152 33.257645 9.473878
v -26.292856 33.282635 10.962287
v -25.594187 33.285896 12.525522
v -24.601709 33.360970 14.021759
v -23.940681 32.906937 14.439070
v -22.707493 32.900696 15.402875
v -21.406805 32.963070 15.659023
v -17.387011 33.586510 16.908072
v -19.768360 34.539783 16.472263
v -20.877705 34.651932 16.067940
v -22.045321 34.610790 15.705065
v -12.633503 41.231018 9.941153
v -12.901676 41.378540 10.941610
v -13.302037 40.991886 11.808168
v -13.705733 40.349178 12.808147
v -12.923894 39.302097 12.682774
v -12.881309 38.436813 13.160255
v -13.799574 37.531235 14.459410
v -13.271400 35.812687 14.805474
v -14.807403 36.179363 15.572945
v -14.790765 34.703613 16.139845
v -16.238165 34.994057 16.526245
v -15.914819 33.453190 16.877640
v 27.532234 5.612914 22.305986
v 26.417294 5.569434 22.335821
v 27.183140 6.665698 21.830124
v 28.334208 7.141229 21.385092
v 27.490162 8.868008 20.313099
v 26.275469 8.432513 20.345680
v 25.970057 8.948808 19.438437
v 21.066750 17.253578 15.989797
v 20.894390 19.162512 15.170337
v 20.270287 19.216433 16.604942
v 20.119717 20.598469 16.538921
v 19.686705 21.956781 16.795700
v 20.366224 22.324551 15.483310
v 20.291037 24.442272 15.093101
v 19.524343 25.780416 16.142187
v 18.654751 25.543060 17.193703
v 18.133265 24.954885 17.757631
v 17.746758 26.628696 17.845669
v 16.902718 28.730391 18.254477
v 15.653933 28.543535 18.928301
v 14.745034 28.328541 19.395706
v 14.960496 30.041431 19.058983
v 12.871438 30.378759 19.857666
v 11.605284 29.904772 20.143583
v 11.190516 31.555517 19.827961
v 9.234886 32.043571 19.668507
v 7.715396 31.382839 19.247284
v 6.110924 31.462421 18.421015
v 5.038167 31.265682 17.578899
v 30.202309 -6.938857 26.619144
v 30.007244 -5.696524 26.301697
v 30.601866 -4.236633 25.633377
v 29.420736 -4.068572 25.984858
v 29.777649 -2.695038 25.407969
v 29.720432 -0.865812 24.850960
v 28.695665 -0.805851 25.188910
v 29.253675 0.699057 24.442200
v 29.653196 2.316000 23.707754
v 29.067083 2.824028 23.492928
v 30.022701 3.703248 23.050625
v 29.416714 5.027842 22.514362
v 19.201723 -53.656960 42.541119
v 20.836559 -53.342579 42.244560
v 23.008701 -53.036049 41.655357
v 22.924446 -51.349583 40.778423
v 23.243637 -50.185116 40.174835
v 24.557430 -49.959152 39.802223
v 25.000898 -48.196575 39.068897
v 24.254084 -47.038551 38.832859
v 24.659761 -46.024563 38.361244
v 26.249390 -46.086384 37.924107
v 25.600279 -44.321598 37.375771
v 27.219984 -44.247948 36.854389
v 27.122568 -42.361786 36.256817
v 26.307915 -41.448555 36.206852
v 26.965979 -41.327065 36.002720
v 27.971457 -41.424587 35.621861
v 29.855907 -40.571419 34.588089
v 30.520744 -38.919003 33.808376
v 30.021349 -38.054291 33.793842
v 31.028418 -36.654415 32.953381
v 29.783648 -36.311825 33.414707
v 31.768616 -34.256298 32.028404
v 31.170044 -33.466980 32.107105
v 32.270779 -31.874950 31.336582
v 31.385181 -30.441597 31.456739
v 31.179708 -29.300697 31.364128
v 32.423916 -27.804438 30.602818
v 32.414242 -25.783714 30.298191
v 33.942410 -25.062338 29.685472
v 33.379864 -24.004744 29.850668
v 33.575283 -23.105333 29.727858
v 34.784405 -21.385326 28.841797
v 35.002563 -19.185390 28.370922
v 34.378616 -17.972706 28.255760
v 34.457047 -16.708107 27.894798
v 35.410786 -14.988750 27.061411
v 34.199722 -14.725093 27.400509
v 34.410606 -13.258519 26.906004
v 33.587067 -11.566674 26.704147
v 32.475212 -11.973170 27.279226
v 32.442062 -10.334762 26.817135
v 31.736589 -8.740947 26.612415
v 31.656439 -6.775185 26.043470
v -2.400148 -81.751595 43.597485
v -3.111687 -81.375481 42.399239
v -3.476030 -81.122932 41.562515
v -3.501826 -82.566978 41.606243
v -3.888830 -82.747467 40.241150
v -4.179377 -82.835693 39.025993
v -3.809327 -84.206673 40.290657
v -3.945571 -86.328217 39.361816
v -4.208076 -86.199402 37.517330
v -4.170467 -87.781189 37.431210
v -4.425082 -87.949097 35.302341
v -4.453534 -87.800186 33.528950
v -4.374513 -87.995804 31.749781
v -4.269547 -87.499527 30.481291
v -3.907417 -87.623184 28.316204
v -3.440326 -87.664841 26.424446
v -2.698294 -87.939873 24.332088
v -2.298953 -87.718422 23.205360
v -1.929485 -87.440430 22.242874
v -0.964569 -87.777229 20.481554
v -0.422703 -87.415764 19.442043
v 0.645947 -87.901619 18.013136
v 1.482141 -87.647568 16.834728
v 2.120369 -87.539162 16.046076
v 2.845562 -87.441399 15.235372
v 4.199469 -87.890030 13.954448
v 4.618531 -87.207108 13.265618
v 6.093418 -87.569962 12.396506
v 7.386264 -87.793800 11.680668
v 8.325575 -87.335312 11.161426
v 10.348643 -87.606155 10.635550
v 12.157305 -87.862663 10.340108
v 13.529628 -87.246681 10.078903
v 16.037363 -87.195236 9.951168
v 2.517868 -78.736702 47.512691
v 3.662477 -78.493774 48.099693
v 2.545965 -80.066612 47.900070
v 5.065282 -78.294731 48.741013
v -0.375086 -81.987488 46.148533
v -1.405361 -81.868057 44.941425
v 1.130151 -81.940819 47.527111
v 1.809575 -81.025955 47.762760
v 10.797709 -68.875046 48.018543
v 11.610727 -67.425125 47.698025
v 6.353177 -77.941269 49.411583
v 7.863598 -78.162598 50.015083
v 9.553312 -77.956345 50.416847
v 9.975071 -76.446655 50.329395
v 9.869974 -75.713570 50.225697
v 9.745592 -75.216713 49.924671
v 11.027888 -75.362572 50.310570
v 12.861400 -73.415466 50.199959
v 11.460956 -72.502731 49.638935
v 12.129503 -71.135323 49.324509
v 10.734822 -70.416992 48.682674
v 13.216661 -67.728584 48.171738
v 13.954004 -65.976074 47.698765
v 15.295414 -66.454880 48.074322
v 17.566271 -65.760147 48.023113
v 18.231922 -64.053719 47.278111
v 18.327072 -62.700253 46.701111
v 17.948126 -61.172142 46.008224
v 17.696051 -59.793522 45.383789
v 19.470364 -58.661221 44.884899
v 19.795046 -56.477135 43.858208
v 19.347107 -55.391693 43.359127
v 20.256977 -54.345306 42.994015
v 18.439447 -86.905571 9.891981
v 18.137960 -85.218910 9.584218
v 17.665867 -84.137772 9.355909
v 19.324156 -82.782761 9.158185
v 19.068649 -80.954514 8.680213
v 18.389774 -80.311562 8.464236
v 17.799906 -79.060303 8.117657
v 19.826019 -78.696526 8.071045
v 20.134382 -76.828842 7.372880
v 22.225414 -76.411240 7.365250
v 21.920223 -75.058167 6.601517
v 23.143993 -73.595375 5.800009
v 22.718170 -72.122887 4.880684
v 24.652773 -70.594040 3.982973
v 24.315264 -69.110283 3.007807
v 25.004765 -67.362473 2.195996
v 25.694756 -65.343155 1.340454
v 25.901331 -63.836864 0.946198
v 26.286091 -62.284508 0.613973
v 26.260044 -60.713135 0.384827
v 25.558418 -60.175213 0.306677
v 27.391363 -58.602966 0.197960
v 27.762480 -56.087315 0.078406
v 27.478374 -54.832718 0.047001
v 29.080301 -53.508621 0.009057
v 28.746035 -52.198307 0.012834
v 30.405149 -50.969193 -0.009882
v 31.145575 -49.008499 0.002389
v 31.911324 -47.120380 0.012047
v 32.626953 -45.142319 0.017949
v 32.361938 -43.951305 0.019591
v 34.008533 -42.636768 0.013534
v 33.651432 -41.345531 0.016516
v 35.354744 -40.145100 -0.006837
v 36.144196 -38.311623 -0.005292
v 37.018124 -36.591053 -0.012271
v 37.920891 -34.898613 -0.029685
v 38.802746 -33.178146 -0.075034
v 39.653961 -31.242899 -0.091448
v 39.438416 -29.795664 -0.065409
v 38.460339 -29.141474 -0.053681
v 39.723785 -27.569180 -0.022201
v 40.048256 -25.571560 -0.053300
v 40.500061 -23.583437 -0.058980
v 39.981827 -21.911249 -0.050410
v 39.067928 -21.272179 -0.044262
v 40.519894 -19.408218 -0.055663
v 39.615383 -17.714518 -0.040207
v 40.895885 -15.975580 -0.079760
v 39.889732 -14.088237 -0.045570
v 38.811886 -12.966462 0.009400
v 37.767948 -11.578448 0.084461
v 36.728935 -10.236654 0.121689
v 35.701542 -8.854638 0.195234
v 34.699059 -7.914565 0.215308
v 35.492882 -5.794774 0.298983
v 34.692642 -3.554321 0.473851
v 34.326778 -2.418795 0.565250
v 34.010666 -0.912232 0.697022
v 33.508812 1.069721 0.841920
v 32.727264 1.679400 0.853618
v 32.493851 3.664345 1.010572
v 32.021244 6.189829 1.165139
v 31.571486 7.973775 1.254369
v 31.064501 9.157142 1.333732
v 30.063993 9.192591 1.390687
v 31.233360 11.261721 1.542410
v 30.152700 13.089352 1.871130
v 29.399652 14.427288 2.248974
v 29.279659 16.217136 2.533041
v 28.928394 18.389154 2.861772
v 27.985048 18.500448 3.801788
v 18.849947 18.314402 5.700433
v 19.401217 23.302307 7.617796
v 19.412619 21.778488 7.633767
v 19.189154 21.384172 7.229490
v 19.617519 19.941416 7.826311
v 19.582180 17.892925 6.804563
v 19.326040 31.825935 7.515192
v 19.510191 30.000967 7.891883
v 19.791834 28.477192 8.597648
v 20.003635 26.704348 9.213688
v 19.725037 25.357859 8.447775
v 19.564825 24.214445 8.036514
v 15.088763 35.074032 1.345562
v 15.730231 36.653065 1.690219
v 16.861355 37.463909 3.309662
v 17.601549 35.038006 3.574546
v 18.235392 35.501411 5.300615
v 19.077211 34.638180 7.068332
v 19.025473 33.279938 6.868024
v 13.391473 35.032001 0.761740
v 11.993889 34.454361 0.707488
v 9.874258 34.289791 0.753371
v 9.761519 33.263168 0.925666
v 8.191359 33.833359 1.432677
v 7.431528 33.174500 2.173247
v 6.361596 33.408447 3.376551
v 5.368791 33.454430 4.681512
v 4.577902 33.569221 5.888670
v 4.461859 33.091366 6.432970
v 3.952257 33.271458 8.221212
v 3.532152 33.311359 9.611019
v 3.469591 33.262043 10.621958
v 3.223785 33.182320 11.524691
v 3.220094 33.042782 12.641181
v 3.551447 33.402130 14.706667
v 4.037850 33.152660 15.637040
v 4.719082 33.180450 16.671082
v 5.265029 32.566460 17.639557
v -18.957888 41.220173 0.771795
v -20.741121 40.749313 0.545610
v -21.364897 39.083160 0.876456
v -21.227819 37.440567 0.913502
v -20.717783 36.260586 0.794279
v -21.974396 35.302559 1.245016
v -21.686684 33.797657 1.154344
v -22.681671 33.453140 1.759252
v -23.899536 35.118298 2.266758
v -24.780010 34.876537 3.040750
v -25.517750 35.160770 4.157581
v -25.589008 34.583481 5.116688
v -26.331665 34.797573 7.306079
v -26.879641 34.977547 9.449380
v -26.863417 34.593857 10.461206
v -26.154753 34.776413 12.389914
v -24.937759 34.965336 13.944245
v -23.965425 34.491966 14.561706
v -22.768103 34.038857 14.955685
v -17.385099 34.881699 16.685041
v -18.438284 36.148262 16.448645
v -20.707418 36.569042 16.214237
v -21.901497 36.062008 15.919254
v -23.654703 36.029636 15.194672
v -13.489505 42.800838 8.363765
v -13.174890 42.192249 9.747262
v -12.957738 41.939213 10.179248
v -14.052318 42.963501 10.623900
v -14.896862 42.416901 12.474751
v -15.690951 41.917286 13.753250
v -15.179453 40.359329 14.240961
v -14.095926 39.144043 13.905497
v -14.996435 38.793526 14.786835
v -14.896398 37.610970 15.130201
v -16.043518 37.841663 15.612104
v -15.968931 36.413078 16.051409
v -16.848564 36.662701 16.208490
v 28.703207 5.758054 21.932108
v 30.013870 6.021388 21.834530
v 30.260052 7.455604 21.428520
v 29.323021 8.719977 20.857536
v 28.373564 8.195569 20.843624
v 28.855019 10.325220 20.045975
v 27.616980 10.309339 19.607368
v 26.730545 10.171382 19.048969
v 27.165760 11.943543 18.342077
v 27.485916 13.609901 18.110126
v 26.753595 13.215243 17.184822
v 27.188587 15.189539 17.528357
v 26.764774 16.538486 16.891207
v 21.052500 19.019743 12.517534
v 20.963280 21.103680 13.461793
v 20.840935 21.124952 14.812934
v 20.628128 20.808981 15.553461
v 20.975180 22.214756 14.245569
v 20.736792 23.972210 13.183314
v 20.804344 25.909885 13.743464
v 20.260733 25.779907 14.998683
v 20.127962 27.186188 15.131767
v 19.287079 27.267567 16.334417
v 18.756975 26.743853 17.017359
v 18.445805 28.291681 17.076023
v 17.677973 30.376541 17.426186
v 16.542929 30.261194 18.255011
v 16.365332 31.928558 18.219227
v 14.780155 31.730371 18.967146
v 13.282035 31.931211 19.455549
v 11.688011 33.442867 19.676064
v 9.958909 33.209038 19.657503
v 9.100739 33.221375 19.417860
v 7.805100 33.044228 19.081034
v 6.395446 32.740807 18.550585
v 31.027929 -5.573447 25.886560
v 32.520920 -4.253021 24.886057
v 31.504314 -3.764371 25.149643
v 31.359909 -2.905785 24.925816
v 31.359753 -0.944957 24.274357
v 30.952654 0.660562 23.911411
v 31.012058 2.550244 23.253817
v 31.505032 4.268384 22.593340
v 31.137817 5.224022 22.391602
v 22.123348 -55.230125 43.017090
v 24.500040 -54.762054 42.370350
v 25.268444 -52.953110 41.220215
v 24.342775 -51.591908 40.663849
v 23.780516 -50.821289 40.401154
v 26.316868 -50.819450 39.929825
v 26.460049 -48.700375 38.891235
v 25.932270 -47.398743 38.570984
v 25.227161 -46.604309 38.575867
v 26.517179 -47.454643 38.396893
v 27.221375 -47.656677 38.255501
v 28.313074 -47.042572 37.602016
v 27.612946 -45.732784 37.315285
v 28.684654 -45.568752 36.853157
v 28.947412 -44.225430 36.218639
v 28.186968 -43.035152 36.085384
v 29.623777 -42.873604 35.446625
v 31.449738 -42.251759 34.400578
v 31.567905 -40.561581 33.823017
v 31.002611 -39.676292 33.810764
v 32.176350 -38.390320 32.909443
v 32.723022 -36.477913 32.139236
v 32.938416 -34.899811 31.675499
v 33.310730 -32.974072 31.092518
v 33.749184 -31.348824 30.627989
v 33.547462 -30.213963 30.497662
v 32.768032 -29.487663 30.686604
v 34.033943 -28.539968 30.057617
v 33.983521 -27.073772 29.875900
v 35.502373 -26.912640 29.257040
v 35.872593 -24.868134 28.875431
v 35.127914 -23.932590 29.043968
v 34.585770 -23.075798 29.177343
v 36.257488 -22.647091 28.443766
v 36.766048 -20.404390 27.933876
v 35.971054 -19.498590 28.125360
v 36.105480 -18.078371 27.731079
v 35.364811 -16.993931 27.616453
v 36.976944 -16.443256 26.996174
v 37.044716 -14.630348 26.383657
v 36.649902 -13.116156 26.176035
v 35.560963 -13.333085 26.550648
v 35.501926 -12.060699 26.194155
v 34.599918 -11.775918 26.371916
v 34.705711 -10.317831 25.880749
v 33.555885 -10.253550 26.332586
v 33.474682 -8.960114 25.999430
v 32.614799 -8.813054 26.320429
v 32.868099 -7.353840 25.773729
v 32.895058 -5.919468 25.269337
v -1.628147 -83.450439 45.005047
v -2.625427 -83.295471 43.641293
v -3.006895 -82.964775 42.834309
v -3.215056 -84.269806 42.458832
v -3.472524 -86.068520 41.679329
v -3.694527 -87.891891 41.212437
v -3.937462 -87.808563 39.391029
v -3.921773 -89.336403 39.233883
v -4.125977 -89.459572 37.055058
v -4.340141 -89.248985 35.253895
v -4.410452 -89.212318 33.305775
v -4.307623 -89.179337 31.479456
v -4.048201 -89.143929 29.809656
v -3.652619 -89.177338 28.030991
v -3.183055 -89.166695 26.298698
v -2.647910 -89.238983 24.711044
v -2.065165 -89.532715 23.265102
v -1.426619 -89.217789 21.969313
v -0.909250 -88.866722 20.799341
v -0.098952 -89.386749 19.559151
v 0.533569 -89.042313 18.564892
v 1.634094 -89.491508 17.195688
v 2.202171 -89.165100 16.388552
v 3.026501 -88.813599 15.398819
v 4.444066 -89.062569 14.063431
v 6.051545 -89.129509 12.776187
v 7.728054 -89.056938 11.794073
v 8.694794 -88.760017 11.222087
v 10.340902 -89.026405 10.821496
v 12.298196 -89.138695 10.505675
v 14.150549 -89.057312 10.310173
v 16.099224 -88.885391 10.208546
v 18.209379 -88.722862 10.181365
v 3.641617 -79.746170 48.476696
v 5.005084 -79.998260 49.315071
v 4.560505 -78.833366 48.753345
v 3.201254 -81.611183 48.762413
v 4.586882 -81.489487 49.442745
v 6.185538 -80.033066 50.074543
v 7.034257 -79.347054 50.205463
v -0.226964 -83.553154 46.722935
v 0.771685 -83.034431 47.456585
v 2.125931 -83.476028 48.597698
v 2.758809 -82.564865 48.834370
v 11.608369 -69.549110 48.715034
v 12.147414 -68.860283 48.386051
v 8.841123 -79.384537 50.787170
v 8.751216 -78.530975 50.514305
v 10.568087 -79.305573 51.272018
v 10.452097 -78.465912 51.053509
v 11.499375 -78.008499 51.064423
v 10.796284 -76.855064 50.624393
v 12.196130 -76.346397 50.763111
v 12.544650 -75.119598 50.574680
v 14.074573 -75.355835 51.054264
v 14.118369 -73.928673 50.826118
v 15.076089 -73.135635 50.545757
v 14.576001 -71.938751 50.021526
v 13.347932 -71.829605 49.884815
v 13.932027 -70.665741 49.472569
v 12.999997 -69.471085 48.836288
v 15.011152 -69.078094 48.991737
v 15.105167 -67.742599 48.493244
v 16.969524 -67.811089 48.740368
v 19.398638 -66.918327 48.541405
v 18.879313 -65.876236 48.109562
v 19.834488 -64.845306 47.616268
v 19.998316 -62.785755 46.703400
v 20.011459 -61.300823 46.069088
v 20.558542 -59.709579 45.368771
v 21.541157 -58.408001 44.713272
v 21.828911 -57.087704 43.982063
v 20.548861 -88.444458 10.276449
v 20.163956 -86.904121 10.022597
v 20.396517 -85.477394 9.796041
v 19.506237 -84.777237 9.581024
v 21.366079 -82.951935 9.374216
v 21.224104 -81.056755 8.923679
v 20.493273 -80.332993 8.662996
v 22.127768 -79.040619 8.500910
v 24.071749 -77.807587 8.300662
v 24.397902 -76.328224 7.676144
v 24.530846 -74.785553 6.694135
v 25.286673 -73.186859 5.770304
v 25.601830 -71.788727 4.834393
v 26.660448 -70.043015 3.750952
v 26.590572 -69.022659 3.139745
v 26.561884 -67.857590 2.433806
v 27.356379 -65.869484 1.687955
v 28.365749 -63.812523 1.067322
v 27.448217 -62.958008 0.776949
v 28.325150 -60.843521 0.458760
v 27.571564 -60.149315 0.329137
v 29.383244 -58.585575 0.241991
v 29.741680 -56.075169 0.073656
v 29.426197 -54.814503 0.027004
v 31.033880 -53.493618 0.002797
v 30.689182 -52.186630 -0.017506
v 32.355083 -50.956837 -0.045055
v 33.117878 -48.991177 -0.036702
v 33.913937 -47.119377 -0.031813
v 34.640205 -45.154316 -0.000027
v 34.362110 -43.952217 0.008444
v 36.029675 -42.649067 -0.017384
v 35.661217 -41.352531 -0.023184
v 37.380962 -40.148392 -0.041013
v 38.149414 -38.309254 0.003131
v 39.015213 -36.594147 0.000369
v 39.887627 -34.899960 -0.024988
v 40.738342 -33.266193 -0.065599
v 41.483162 -31.596615 -0.109889
v 41.720123 -29.754770 -0.105176
v 40.568829 -29.131983 -0.059069
v 41.804462 -27.536427 -0.080607
v 42.050159 -25.559980 -0.059078
v 42.428699 -23.572109 -0.084081
v 41.957497 -22.050316 -0.085627
v 41.120907 -21.402899 -0.075761
v 42.524357 -19.945391 -0.093571
v 42.616913 -17.485294 -0.088608
v 42.862000 -15.470349 -0.101615
v 41.961887 -14.044498 -0.115061
v 40.890812 -12.951592 -0.052988
v 39.842533 -11.552954 0.003494
v 38.769356 -10.214451 0.041025
v 37.698933 -8.835546 0.124605
v 36.659866 -7.705598 0.172521
v 37.595478 -5.910278 0.222118
v 37.406422 -3.475553 0.404123
v 36.333996 -2.390141 0.545941
v 35.421291 -1.496946 0.635732
v 36.279316 0.443014 0.875339
v 34.772816 2.070557 0.999465
v 33.718735 3.039795 1.005277
v 34.764900 4.990143 1.369945
v 33.495068 6.454655 1.361633
v 33.225163 9.071930 1.481577
v 32.053436 9.811837 1.408005
v 32.957287 11.579615 1.546080
v 32.461037 12.732472 1.580620
v 31.951809 14.115227 1.677835
v 30.750723 15.589354 1.961919
v 30.364988 17.773579 2.212853
v 29.926964 19.642534 2.578834
v 28.968206 19.858522 3.276228
v 28.112463 21.280449 5.004573
v 20.023882 23.060221 9.051612
v 20.026297 21.228052 8.915740
v 20.346516 19.282515 9.278630
v 20.350410 17.651615 8.455161
v 19.466303 33.372852 7.813315
v 19.996572 32.653149 9.125976
v 19.832376 31.417498 8.618415
v 19.835997 30.511379 8.657460
v 20.438116 28.909334 10.470359
v 20.406279 27.306423 10.218077
v 20.463779 25.642984 10.821237
v 20.134033 25.491688 9.562030
v 20.288452 24.223934 9.872859
v 14.132418 36.752178 0.798370
v 12.565864 36.341434 0.599674
v 14.681266 38.878502 1.128005
v 14.471025 37.626953 0.937965
v 15.233566 40.624119 1.787334
v 17.280210 39.879322 4.424023
v 17.942825 37.597607 5.104132
v 18.926222 36.760246 6.901211
v 19.731157 36.052097 8.685593
v 19.779127 34.380112 8.630765
v 11.254389 35.941181 0.567997
v 9.010604 35.874264 0.965193
v 8.491702 34.827377 1.149876
v 7.121868 35.417118 1.848893
v 6.266067 34.833092 3.128948
v 4.932118 35.086555 5.026688
v 4.277417 34.858158 6.498060
v 3.788725 35.002228 8.185926
v 3.237325 35.083412 9.795138
v 3.087710 34.635609 10.846644
v 3.001933 34.608063 12.699463
v 3.466549 34.813904 14.484536
v 4.088348 35.154675 15.970635
v 4.456690 34.313389 16.392160
v 5.554701 34.777561 17.521601
v 6.266997 34.100277 18.250956
v -17.406828 42.527931 1.298510
v -19.289936 42.784142 0.789689
v -20.691814 42.376137 0.579760
v -22.262583 41.787045 0.614947
v -21.849625 40.889961 0.665454
v -22.701342 39.954082 1.011252
v -22.900345 38.056362 1.476997
v -22.995920 36.560223 1.678566
v -24.819990 37.076546 2.757040
v -25.464579 36.091728 3.659419
v -26.282904 36.669273 5.418648
v -26.577475 36.247494 6.850930
v -27.299938 36.659767 9.381355
v -27.093037 36.114971 10.345727
v -26.754932 36.130741 12.199979
v -25.882406 36.414398 13.486181
v -25.110043 36.029846 14.176444
v -17.650043 37.961983 16.139353
v -19.261393 38.337948 16.238964
v -20.669786 37.988499 16.146767
v -22.491196 38.088135 15.653201
v -23.560780 37.421616 15.306479
v -25.064434 37.438103 14.425161
v -14.642865 44.517426 9.817097
v -15.227022 46.404812 8.647393
v -15.207574 44.668625 11.087719
v -16.143600 44.321625 12.420075
v -16.627266 43.825203 13.309345
v -17.076982 43.240540 14.176345
v -16.488066 42.292282 14.266495
v -16.727041 41.285404 14.773683
v -16.046965 39.600258 15.098845
v -17.223558 39.501690 15.562453
v 31.694448 6.790910 21.708448
v 31.493317 8.387592 21.398151
v 30.556025 8.528218 21.318499
v 30.930445 9.747472 20.822250
v 29.801830 9.819845 20.580061
v 30.219584 10.585825 20.388929
v 29.796520 11.600997 20.122124
v 28.907944 11.819639 19.523508
v 28.007994 11.414263 19.254930
v 27.300663 10.937790 19.126842
v 28.569889 13.349208 18.858622
v 27.975325 14.518442 18.427834
v 28.561516 15.987473 18.428782
v 27.440493 17.302258 17.570843
v 26.750118 17.870483 16.616741
v 27.321747 19.466461 16.982065
v 26.690346 19.864214 15.566952
v 20.940372 17.650078 10.441982
v 20.659603 19.968952 10.546124
v 20.800484 21.284569 11.645585
v 20.868750 22.450022 12.436331
v 20.957218 22.432999 13.354433
v 20.635113 23.539009 11.391266
v 20.760555 26.935741 12.160027
v 20.857613 27.360792 13.391259
v 20.720144 27.219786 14.084269
v 20.587067 28.601236 14.211940
v 19.920427 28.772272 15.452799
v 19.434528 28.299053 16.127626
v 19.080999 29.880257 16.265085
v 18.531273 31.753784 16.411510
v 17.621389 31.862078 17.282967
v 17.736553 33.423531 17.068773
v 16.518753 33.597122 18.032421
v 15.537248 33.512093 18.531374
v 14.402161 33.096241 19.029215
v 13.082495 33.298412 19.496513
v 12.960242 34.767303 19.398464
v 11.181453 34.935677 19.588297
v 10.111420 34.407234 19.520609
v 8.398774 34.414539 19.162701
v 34.259224 -5.702675 24.541492
v 34.530415 -3.850833 23.848370
v 34.262535 -2.239297 23.518929
v 32.588860 -1.996550 24.161943
v 32.592934 -0.672318 23.712454
v 32.447227 0.260610 23.509865
v 31.795137 0.529169 23.717516
v 32.714214 1.882581 22.915257
v 32.859512 4.325815 22.169508
v 32.262363 5.528089 22.010565
v 22.643967 -56.325809 43.495583
v 23.997965 -56.697697 43.465080
v 26.221699 -56.006149 42.658157
v 26.044828 -54.685707 42.044117
v 25.730089 -53.942451 41.806709
v 27.120405 -53.427822 41.032570
v 26.517183 -52.233974 40.565475
v 27.527924 -51.664318 39.956425
v 27.888214 -50.536877 39.322201
v 28.206354 -49.065334 38.551453
v 29.977991 -48.510372 37.631107
v 29.950243 -46.697208 36.829365
v 30.051592 -45.301296 36.224419
v 29.882622 -44.230385 35.816978
v 31.134197 -44.363445 35.346630
v 33.091560 -43.670650 34.115738
v 32.799042 -41.945824 33.620968
v 32.269844 -41.248772 33.667534
v 33.370548 -39.919758 32.757248
v 33.925449 -37.581612 31.824747
v 33.279140 -36.978302 31.991295
v 34.294617 -35.524521 31.170513
v 34.516533 -33.378590 30.641497
v 34.712669 -31.712435 30.271582
v 34.814526 -29.937733 29.942366
v 35.229637 -28.522705 29.565849
v 36.579739 -28.635227 29.035213
v 37.300827 -26.724339 28.507675
v 37.435661 -25.020739 28.288065
v 36.820942 -23.888441 28.386463
v 37.812466 -22.770023 27.872999
v 38.275784 -20.591345 27.327179
v 37.695492 -19.352306 27.427717
v 37.043896 -18.460131 27.620464
v 38.467731 -17.960836 26.800528
v 38.530090 -15.734457 26.330547
v 37.803646 -15.076466 26.380384
v 38.681110 -13.476199 25.683189
v 37.540237 -11.887496 25.539970
v 36.519638 -11.506549 25.772755
v 35.689342 -11.103238 25.753189
v 35.953758 -10.115678 25.289095
v 35.581821 -8.268794 24.846952
v 34.402840 -8.720942 25.486403
v 33.996513 -7.466257 25.250387
v -0.886738 -85.061661 46.285343
v -1.728047 -84.765869 45.191341
v -2.192894 -84.900970 44.537888
v -2.541697 -84.399452 43.868881
v -2.774090 -86.169868 43.686268
v -3.271200 -87.634575 42.859055
v -3.425441 -89.377884 42.780025
v -3.705952 -89.315308 41.229301
v -3.750012 -90.935654 40.806221
v -3.997497 -91.173080 38.451077
v -4.136189 -91.052765 36.338161
v -4.226291 -90.776161 34.341393
v -4.269521 -90.658852 32.468555
v -4.145180 -90.581451 30.700455
v -3.977033 -90.343567 29.455956
v -3.539430 -90.702095 27.667150
v -2.858399 -90.911568 25.736343
v -2.497959 -90.447563 24.667425
v -1.821059 -90.812210 23.173248
v -0.920794 -91.092705 21.497623
v -0.472231 -90.778267 20.646662
v -0.000635 -90.500336 19.750376
v 1.258764 -90.872032 18.063486
v 1.892792 -90.495354 17.130259
v 3.038125 -90.869804 15.850380
v 3.546853 -90.305298 15.115028
v 4.651822 -90.468887 14.119024
v 5.944775 -90.644440 13.044691
v 7.176699 -90.942368 12.217873
v 8.262532 -90.613968 11.784004
v 10.003693 -90.424103 11.106104
v 12.688014 -90.847122 10.586723
v 14.365029 -90.411926 10.449228
v 16.622375 -90.733208 10.396112
v 18.212448 -90.158691 10.339044
v 20.249754 -90.251183 10.405970
v 5.724337 -81.531059 50.152409
v 6.943764 -81.601257 50.663731
v 4.321527 -82.898079 49.671558
v 5.458577 -83.018166 50.232822
v 6.946960 -83.157021 50.887157
v 8.286300 -80.997368 51.038567
v 0.423967 -85.151237 47.619812
v 1.473392 -84.635941 48.365643
v 3.066803 -84.930046 49.565712
v 3.909559 -84.063934 49.789715
v 9.883382 -80.885445 51.761196
v 11.126637 -80.339989 51.979015
v 12.569166 -79.287491 51.715187
v 12.444063 -78.237762 51.506111
v 13.252005 -77.318626 51.193604
v 14.636614 -77.099823 51.622604
v 16.378794 -76.202766 51.711510
v 15.611390 -74.982590 51.384472
v 15.374465 -74.106750 51.102528
v 17.064314 -73.301369 50.890018
v 16.549797 -71.824318 50.214916
v 15.528778 -70.624817 49.670601
v 17.269077 -69.844109 49.581764
v 19.484747 -68.995377 49.326122
v 21.486715 -68.213409 49.056156
v 21.206745 -66.718781 48.401447
v 20.605312 -65.888344 48.055115
v 22.101578 -64.840416 47.505978
v 22.160791 -62.529156 46.465862
v 21.515970 -61.343098 45.999191
v 21.720228 -60.152084 45.524986
v 22.607456 -58.888302 44.998676
v 23.217455 -57.958366 44.350643
v 22.503416 -90.093468 10.518153
v 22.610516 -88.524239 10.404093
v 22.618292 -87.007782 10.235955
v 21.736895 -85.783562 9.980828
v 21.668941 -84.345879 9.684916
v 23.198891 -83.029350 9.598342
v 22.936562 -81.623413 9.234965
v 22.584614 -80.603775 8.963544
v 24.465788 -80.102325 9.102093
v 25.575960 -78.115875 8.651630
v 25.899422 -76.639473 8.072429
v 26.199936 -75.023033 7.193028
v 26.549229 -73.419754 6.152423
v 26.707293 -72.186089 5.297286
v 27.679056 -70.738014 4.452855
v 29.171730 -68.981194 3.619955
v 28.502865 -67.520935 2.551930
v 28.429670 -66.273727 1.836070
v 30.084343 -64.431511 1.577752
v 30.310158 -62.255356 0.889747
v 29.558624 -61.213985 0.620812
v 29.623741 -59.806030 0.389066
v 31.239437 -58.627377 0.316453
v 31.697046 -56.080006 0.111456
v 31.389380 -54.807713 0.031807
v 33.017792 -53.508427 0.023391
v 32.653133 -52.186886 -0.016730
v 34.345272 -50.972801 -0.019178
v 35.102608 -49.020241 -0.050843
v 35.909721 -47.126396 -0.047852
v 36.664356 -45.143932 -0.059491
v 36.392761 -43.952427 -0.039643
v 38.094929 -42.640388 -0.081704
v 37.702496 -41.359634 -0.058043
v 39.436184 -40.152081 -0.072800
v 40.157574 -38.325493 -0.011099
v 40.994972 -36.604221 0.033224
v 41.867523 -34.906521 0.017549
v 42.725574 -33.220257 -0.016261
v 43.383415 -31.616795 -0.091198
v 43.450401 -29.817102 -0.123282
v 42.645050 -28.661211 -0.115108
v 43.711723 -27.495684 -0.115100
v 44.051788 -25.552219 -0.097854
v 44.386471 -23.542877 -0.091658
v 43.865578 -22.041409 -0.094928
v 43.035748 -21.524082 -0.079792
v 44.334328 -20.028389 -0.101743
v 44.328033 -17.981680 -0.097636
v 44.500004 -15.706748 -0.082134
v 43.877316 -14.016440 -0.074659
v 42.894878 -12.894362 -0.081639
v 41.880997 -11.545003 -0.064919
v 40.834454 -10.210421 -0.019847
v 39.770344 -8.776093 0.048274
v 38.708351 -7.677570 0.082124
v 39.730026 -5.613352 0.155622
v 38.879887 -3.464120 0.389635
v 38.528534 -2.234424 0.544288
v 38.136562 -0.646830 0.750029
v 37.725990 1.315156 1.001475
v 37.093136 2.080629 1.086711
v 36.470612 3.365071 1.264637
v 36.520596 5.533476 1.714890
v 36.069080 7.113946 2.038323
v 34.903111 8.384614 1.837919
v 34.550919 10.670457 1.804440
v 33.968281 11.497933 1.663000
v 33.899635 12.623806 1.678104
v 33.500961 13.830012 1.659680
v 33.199692 16.179108 1.640414
v 32.005760 15.876396 1.729567
v 31.960297 17.489197 1.780322
v 31.302120 19.313290 2.030961
v 30.803122 21.055344 2.306401
v 29.781769 21.122524 2.945047
v 29.055372 20.757303 3.403189
v 29.150064 22.162508 3.722952
v 28.673269 22.350060 4.324638
v 20.534309 22.602528 10.644679
v 20.491474 21.460009 10.270886
v 20.275425 34.786419 10.516906
v 20.468029 32.674568 10.880351
v 20.406097 31.683062 10.115348
v 20.187168 30.790411 9.517233
v 20.530369 30.701385 11.071352
v 20.604494 29.823292 12.701557
v 20.843073 28.510138 11.889195
v 20.574753 27.169899 10.968455
v 12.728476 38.399967 0.436728
v 11.514697 37.693356 0.408861
v 9.432141 37.579010 0.657399
v 13.376479 40.777931 0.590308
v 13.056701 39.507214 0.497271
v 14.775591 43.279476 2.097158
v 13.931218 42.044464 0.958391
v 17.769957 42.771111 5.857127
v 18.414436 39.877426 6.131842
v 18.366665 38.435726 5.959721
v 19.085978 38.592453 7.321950
v 19.506195 37.614174 8.407189
v 19.969950 37.588959 9.966587
v 20.171925 36.314793 9.935877
v 7.230677 37.593658 1.589878
v 7.360729 36.430893 1.631141
v 6.323108 36.966633 2.295737
v 5.613400 36.670559 3.400903
v 4.665633 36.613777 4.955311
v 4.231336 36.385838 5.852807
v 4.041981 36.271889 6.761408
v 3.803005 36.078453 7.824778
v 3.488313 36.716633 9.002751
v 3.213623 36.395069 9.393659
v 3.286238 36.376297 10.263804
v 2.635043 36.580654 11.651577
v 2.960466 36.432220 13.143628
v 3.589787 36.553478 14.852047
v 4.052937 36.173225 15.832432
v 5.047891 36.762367 17.042555
v 5.468041 35.912468 17.498602
v 7.264304 35.880058 18.441908
v -17.712301 44.921200 1.618361
v -19.417316 44.241096 0.986352
v -21.252222 43.913956 0.733970
v -23.173128 43.330658 0.801832
v -23.992126 41.813812 1.084820
v -23.415855 40.940830 1.020208
v -24.534302 40.002796 1.663516
v -24.219322 38.511982 1.884556
v -25.609085 38.608131 2.887016
v -25.985006 38.088291 3.866177
v -26.389250 37.827030 5.102038
v -27.255241 38.147259 7.703783
v -27.463465 37.875599 9.450835
v -27.413366 37.844898 10.894058
v -27.048538 37.631832 12.206024
v -26.223347 37.463844 13.478568
v -18.671122 39.522923 15.932366
v -19.875233 39.707199 15.942244
v -20.718018 39.289349 15.974175
v -22.233810 39.699890 15.688716
v -23.621105 39.738747 15.282869
v -24.805756 39.131824 14.627716
v -26.421524 39.066715 13.618067
v -15.626550 45.972031 10.522957
v -15.949533 45.793243 11.357291
v -16.718508 45.880112 12.273485
v -17.431595 45.546944 13.103414
v -18.379065 44.989677 14.056650
v -19.034296 43.382698 14.943275
v -18.162580 42.127087 14.989243
v -18.375933 40.826061 15.443337
v 33.885628 7.025033 21.140379
v 32.455784 8.057179 21.253563
v 33.070351 9.642789 20.719481
v 31.889109 11.319069 20.460266
v 30.990623 10.868613 20.577805
v 30.788837 11.478450 20.367279
v 31.043911 12.872098 20.143169
v 29.606871 12.663621 19.695137
v 30.013676 13.635322 19.439800
v 29.658218 14.958117 18.875885
v 28.758068 14.693714 18.531176
v 28.413855 14.617923 18.690695
v 29.697424 17.707037 18.964998
v 29.733868 16.274115 18.885311
v 28.612774 18.766895 18.230843
v 28.306200 21.228338 17.539782
v 27.492077 20.922930 16.858448
v 27.115133 20.830044 16.256292
v 20.745562 22.462109 11.520858
v 20.895348 28.277866 12.892050
v 20.221436 30.295366 14.339416
v 19.867065 29.873186 15.269263
v 19.654222 31.447405 15.086704
v 19.293848 33.470264 15.204485
v 18.725037 35.137856 16.157564
v 17.616009 35.104088 17.188967
v 16.651556 34.782436 17.860682
v 15.650224 34.488697 18.386114
v 14.590369 34.460865 18.870024
v 14.742587 36.063564 18.475365
v 12.658999 36.450699 18.927500
v 11.196127 36.200672 19.147694
v 9.476020 35.755707 19.161774
v 34.893417 -6.971310 24.677891
v 35.731194 -6.481912 24.126698
v 35.590500 -5.036634 23.555433
v 35.149227 -4.352478 23.650782
v 36.233902 -2.820422 22.744192
v 35.287109 -0.809441 22.579517
v 34.263359 -0.920217 23.144690
v 33.472366 -1.057015 23.555384
v 33.985874 0.410222 22.822622
v 34.429661 2.357840 22.103943
v 34.313538 3.850610 21.749895
v 34.286175 5.231764 21.405298
v 24.814360 -58.259869 44.223103
v 26.741983 -58.024578 43.633343
v 28.078541 -56.616440 42.474098
v 27.508484 -55.580963 42.181622
v 26.994024 -54.972988 41.910675
v 28.735786 -54.926098 41.349598
v 29.048904 -53.048122 40.257931
v 28.477062 -52.165169 39.953018
v 29.314421 -50.680050 38.910583
v 31.142599 -50.131256 37.972637
v 31.402723 -48.573402 37.082623
v 31.259960 -47.262600 36.519279
v 31.083067 -45.960266 36.042984
v 32.662098 -45.966385 35.320766
v 34.671173 -45.246006 34.002724
v 34.266453 -43.893158 33.589706
v 34.422619 -42.683472 33.079655
v 34.140186 -41.395809 32.835690
v 34.596325 -39.879734 32.130733
v 35.513256 -38.091843 31.186840
v 34.936527 -36.622940 31.104916
v 35.980770 -35.476013 30.365820
v 36.128040 -33.238350 29.902042
v 35.760704 -31.900883 29.858101
v 35.877541 -30.561060 29.582211
v 37.488602 -30.615238 28.897181
v 38.145416 -28.503933 28.348249
v 38.279675 -27.203701 28.128143
v 38.697697 -25.564882 27.797606
v 38.843948 -24.001036 27.560778
v 38.171131 -23.654585 27.842527
v 38.751812 -22.763985 27.481022
v 40.103539 -20.928242 26.620722
v 39.476322 -19.120989 26.574951
v 39.900249 -17.664341 26.138195
v 39.728378 -16.226213 25.960146
v 39.405720 -14.999207 25.851686
v 40.574406 -14.478557 25.228041
v 40.655781 -12.578263 24.742567
v 39.582123 -11.539177 24.766741
v 38.514439 -10.735191 24.840605
v 37.209240 -10.597548 25.180676
v 37.618221 -8.731988 24.375114
v 37.035107 -7.021673 23.899189
v 0.233579 -86.710594 47.749359
v -0.850701 -86.624298 46.642960
v -1.544495 -86.454666 45.788502
v -2.076301 -85.810425 44.960640
v -2.248988 -87.395943 45.007046
v -2.808516 -88.742706 44.206795
v -3.085892 -90.877800 43.834438
v -3.461438 -90.908005 42.564671
v -3.506695 -92.541924 42.444019
v -3.900831 -92.658669 40.379528
v -4.043767 -92.514778 38.574081
v -4.188952 -92.614609 36.244541
v -4.258472 -92.579903 34.245510
v -4.157026 -92.287926 32.860874
v -4.078655 -92.170784 31.118505
v -4.050759 -91.927818 29.756964
v -3.609759 -92.033997 27.824369
v -2.765378 -92.504539 25.577971
v -2.342617 -92.290077 24.546535
v -1.860917 -92.107521 23.483854
v -0.761350 -92.614876 21.414673
v -0.141303 -92.479439 20.435045
v 0.522082 -92.294724 19.434313
v 1.260114 -91.993042 18.312679
v 2.244104 -92.473579 17.133909
v 3.119262 -92.237419 16.055195
v 4.032837 -92.187698 15.017646
v 4.958904 -92.088280 14.106993
v 6.040403 -91.866920 13.132632
v 7.514073 -92.331406 12.192276
v 8.537247 -91.921127 11.731976
v 10.273511 -92.147476 11.282485
v 12.687012 -92.467010 10.739169
v 14.417261 -92.339516 10.601793
v 16.296080 -92.210320 10.546832
v 18.135122 -92.103775 10.495546
v 20.107990 -91.984680 10.491831
v 22.130220 -91.603371 10.552786
v 7.976051 -82.890671 51.454910
v 8.720117 -82.513855 51.423161
v 6.037185 -84.508011 50.816242
v 7.885106 -84.865974 51.508602
v 8.574532 -84.397041 51.677479
v 9.487212 -83.839645 51.940395
v 10.289639 -82.282364 51.860809
v 1.772891 -86.598709 48.982487
v 2.858288 -86.206039 49.739185
v 4.247764 -86.338005 50.525833
v 5.298402 -85.798271 50.866821
v 10.903124 -81.285461 52.092506
v 12.261413 -81.237114 52.201138
v 13.060687 -80.132698 52.224915
v 14.115498 -80.049850 52.203190
v 14.142832 -78.451202 51.762825
v 16.049023 -78.655380 52.134323
v 18.355211 -77.581154 52.161659
v 18.181856 -76.114281 51.815739
v 18.281984 -74.634254 51.438641
v 16.639929 -74.368126 51.486065
v 19.129911 -73.007523 50.817394
v 18.227964 -72.039360 50.405422
v 17.457186 -71.430367 50.024418
v 18.194160 -71.076492 50.031719
v 19.783588 -71.124969 50.132126
v 22.265488 -69.876839 49.633263
v 23.491381 -68.236984 48.930763
v 23.229876 -66.898552 48.382858
v 22.524921 -66.306190 48.160530
v 24.077684 -64.945992 47.426361
v 24.201786 -62.623287 46.330486
v 23.912127 -61.307663 45.755997
v 23.462540 -60.165470 45.345695
v 24.269226 -58.761257 44.739166
v 24.424862 -91.522308 10.637183
v 24.118174 -90.024864 10.581453
v 24.322699 -88.501541 10.490865
v 24.058640 -86.946480 10.345842
v 23.960554 -85.938873 10.229353
v 23.885925 -84.733505 10.015300
v 24.824434 -82.861481 9.807793
v 24.800207 -81.818542 9.556612
v 26.655144 -81.276390 9.751008
v 26.546045 -79.306442 9.241338
v 26.024250 -78.702988 8.941180
v 27.365789 -77.315910 8.744331
v 27.809570 -75.196854 7.728499
v 28.130896 -73.518845 6.631946
v 28.420135 -71.654732 5.333920
v 28.970745 -70.182175 4.353531
v 28.536270 -70.072464 4.060743
v 30.879890 -69.459480 4.642242
v 31.146347 -67.587677 3.219981
v 30.963076 -66.146675 2.505921
v 32.017136 -64.054977 1.802671
v 32.352734 -62.677685 1.343510
v 32.147652 -61.274185 0.914707
v 31.427200 -60.235596 0.551387
v 33.263870 -58.618565 0.456887
v 33.670719 -56.116375 0.198544
v 33.379070 -54.832123 0.064241
v 35.000252 -53.522209 0.085593
v 34.648781 -52.209633 0.001713
v 36.334713 -50.982098 0.002848
v 37.059364 -49.026184 -0.011668
v 37.905491 -47.134609 -0.057246
v 38.700939 -45.166996 -0.104267
v 38.455551 -43.957825 -0.095413
v 40.234825 -42.696651 -0.097957
v 39.795540 -41.347134 -0.104287
v 41.567535 -40.083626 -0.107881
v 42.134468 -38.345337 0.000239
v 42.978741 -36.636002 0.093624
v 43.841705 -34.912197 0.123905
v 44.696243 -33.178391 0.058907
v 45.540977 -31.308668 -0.026533
v 45.235382 -29.847736 -0.105918
v 44.504955 -28.674025 -0.126416
v 45.644600 -27.480042 -0.110822
v 46.018616 -25.563307 -0.067643
v 46.483513 -23.576490 -0.059147
v 45.874317 -21.931816 -0.076377
v 44.964146 -21.429390 -0.078115
v 46.267895 -19.570286 -0.074004
v 45.457619 -18.360979 -0.102672
v 46.442871 -16.358664 -0.084352
v 45.814629 -14.080834 -0.081499
v 44.833504 -12.866872 -0.067318
v 43.853550 -11.504679 -0.073972
v 42.822475 -10.215515 -0.056394
v 41.775982 -8.831874 -0.005881
v 40.782024 -7.676441 0.041175
v 41.695419 -5.997815 0.055350
v 41.488163 -3.911971 0.243328
v 40.573521 -2.358175 0.498923
v 39.553444 -1.429544 0.622279
v 40.239773 0.501244 0.955283
v 38.717697 2.095674 1.204912
v 37.788837 3.046843 1.261672
v 38.303181 4.743288 1.813505
v 37.590439 7.140996 2.661976
v 36.560722 9.338615 2.671307
v 35.529224 10.943131 2.226878
v 34.952873 13.231885 1.977344
v 34.643066 15.745707 1.783474
v 34.574833 17.974396 1.603715
v 33.241421 17.822506 1.600776
v 33.001511 19.515396 1.633117
v 31.802372 20.500612 1.905991
v 32.119244 22.130283 1.718678
v 30.691511 22.545797 2.347963
v 30.036507 22.126719 2.889778
v 29.833103 23.794365 3.252047
v 28.805300 23.649372 4.508446
v 20.272675 36.736969 11.135672
v 20.217714 35.784309 12.733965
v 20.503435 34.724228 11.746394
v 20.597036 33.524426 12.185570
v 20.628996 31.677732 12.355505
v 20.551622 31.680426 11.123835
v 20.297686 31.660231 13.878087
v 11.221777 40.056831 0.320194
v 9.427817 39.306202 0.675355
v 7.276838 39.190987 1.585370
v 12.284866 42.534542 0.640363
v 11.799549 41.194622 0.384498
v 15.383368 46.326099 3.061232
v 12.962697 45.675900 1.194556
v 12.755025 44.055767 0.945564
v 18.701231 45.166508 8.626088
v 19.015671 42.740574 8.224686
v 18.954884 41.186047 7.422051
v 18.632555 40.899960 6.631039
v 18.908386 40.026054 7.078565
v 19.300283 39.918625 7.987248
v 19.642754 39.273746 9.244387
v 19.934368 39.198463 11.345453
v 20.065989 37.931629 11.266196
v 5.949086 38.928383 2.345795
v 6.108237 37.963272 2.363120
v 5.200301 38.388523 3.442902
v 4.455556 38.004272 4.913130
v 3.962755 37.867729 5.808928
v 3.838792 37.617916 6.745043
v 3.485680 37.632133 8.490071
v 3.353226 37.854019 9.642886
v 2.960054 37.662468 10.252558
v 2.542903 37.820885 11.432975
v 2.471117 38.188457 12.464065
v 2.836361 38.103489 13.463365
v 3.579903 38.250328 15.037343
v 4.101394 37.933823 15.814671
v 4.691077 37.715607 16.554472
v 5.842293 38.118809 17.638769
v 6.885686 37.661312 18.148260
v 9.427393 37.674820 18.652370
v -17.853451 46.416409 1.886268
v -19.521517 46.362370 1.204932
v -21.638033 45.675350 0.876039
v -24.066313 45.123909 1.000354
v -25.027721 43.690777 1.340091
v -25.246300 42.151524 1.637723
v -25.004894 41.028408 1.690599
v -26.008558 40.273430 2.611118
v -26.493841 39.674911 3.763212
v -26.851156 39.365898 5.022874
v -27.713390 39.654980 7.645805
v -27.980841 39.630852 9.472028
v -27.902096 39.192474 10.433215
v -27.412825 39.006149 12.121094
v -20.020008 41.094936 15.626908
v -21.600990 40.848545 15.640558
v -22.813463 40.998669 15.536043
v -23.966909 41.117016 15.076803
v -25.673103 41.255276 14.194967
v -26.834305 40.854099 13.231425
v -27.734047 40.454620 12.031630
v -16.497377 47.775742 10.679160
v -16.711592 46.849812 11.626639
v -17.905832 47.355652 12.653032
v -18.632229 46.862164 13.580044
v -20.475965 46.544460 14.659773
v -19.800697 45.385227 14.642872
v -20.626324 44.422581 15.056213
v -20.246344 42.657936 15.310263
v -19.446005 41.680584 15.344803
v 35.992790 5.681402 20.579023
v 36.096619 7.587810 20.324205
v 35.532211 8.723963 20.384628
v 34.398232 8.833680 20.623053
v 34.912792 10.034942 20.242002
v 34.483284 11.676622 20.026407
v 33.151794 11.396071 20.336498
v 33.144833 12.851078 20.096016
v 32.381569 14.516935 19.985130
v 30.927202 14.669436 19.731018
v 31.124125 16.574018 19.331648
v 30.669765 18.158075 19.284410
v 30.205116 19.160948 19.119753
v 29.536686 19.065060 18.839262
v 29.948286 20.540476 18.666578
v 29.574722 22.775696 18.194214
v 28.425995 22.760290 17.466621
v 27.957333 22.449484 17.034033
v 27.495035 22.167175 16.126902
v 26.918242 21.686712 15.064865
v 20.177711 32.991798 13.721612
v 20.170788 34.314110 13.512419
v 19.652767 35.221268 14.574721
v 19.025888 36.675175 15.205767
v 18.193489 36.728806 16.249056
v 17.464575 36.419132 17.010120
v 16.551037 36.063190 17.709888
v 15.820451 37.993256 17.795681
v 14.402616 37.775322 18.345846
v 12.992641 37.664967 18.614918
v 11.464643 37.453751 18.815245
v 36.910057 -5.494501 23.322540
v 36.666847 -4.356015 23.023693
v 38.002197 -4.021536 22.453733
v 38.196255 -2.305498 21.726038
v 37.542812 -0.687306 21.397976
v 36.405342 -0.976430 22.083475
v 36.439171 0.357711 21.656271
v 35.335384 0.502270 22.198294
v 35.637486 1.971422 21.654520
v 35.524593 3.617403 21.306614
v 25.589544 -60.146667 44.976154
v 28.119394 -59.612648 44.159973
v 27.983887 -58.595791 43.748249
v 28.872387 -58.356861 43.252865
v 29.709702 -57.067863 42.189541
v 29.009180 -56.262798 41.916737
v 30.198662 -55.986691 41.417706
v 30.562881 -54.709633 40.607937
v 30.431341 -53.432854 39.964577
v 30.294621 -51.893116 39.197998
v 29.311020 -51.955574 39.567596
v 32.334282 -52.040295 38.499878
v 32.243778 -50.268688 37.643742
v 32.532177 -48.942924 36.802513
v 32.412441 -47.662926 36.210476
v 34.054111 -47.570801 35.405739
v 36.017216 -46.862949 34.039829
v 36.217484 -45.287155 33.207390
v 36.111214 -43.831524 32.653030
v 35.077801 -44.023052 33.244614
v 35.438854 -42.874210 32.639610
v 35.441254 -41.354435 32.140656
v 35.308186 -40.045322 31.825045
v 36.811886 -39.528996 30.890289
v 37.271484 -37.361553 30.123903
v 36.521275 -36.559532 30.325171
v 37.343052 -35.331467 29.672026
v 37.361614 -33.618935 29.394663
v 37.472672 -32.296143 29.133373
v 38.807915 -31.876060 28.422729
v 39.266586 -30.039036 27.989872
v 39.322716 -28.441042 27.777325
v 38.944508 -27.585127 27.889818
v 39.985344 -26.239752 27.248699
v 40.191917 -24.101402 26.942335
v 39.881744 -22.784908 26.967922
v 41.453022 -22.159836 26.134718
v 42.010094 -20.333181 25.748396
v 41.421043 -18.944344 25.762854
v 40.448792 -18.534401 26.055223
v 41.373123 -16.547321 25.290169
v 42.030003 -14.387415 24.593765
v 41.989323 -12.822151 24.288006
v 41.590385 -11.333382 23.991770
v 40.430668 -10.519547 24.122894
v 39.489681 -10.369570 24.395294
v 39.296612 -8.944148 23.935141
v 38.520298 -8.377573 24.013376
v 38.659298 -7.540344 23.683401
v 37.858536 -7.222683 23.740259
v 38.445660 -5.989435 23.023727
v -0.660438 -88.158943 47.172642
v 0.420194 -88.203835 48.315331
v 1.644841 -88.093369 49.224819
v -1.453070 -87.574501 46.077419
v -1.848103 -89.412872 45.845089
v -2.586794 -90.275116 44.842384
v -2.435026 -92.104317 45.269993
v -3.072382 -92.334236 43.938629
v -3.181996 -93.931046 43.976791
v -3.537496 -94.147034 42.488804
v -3.459283 -93.871414 41.782146
v -3.803862 -93.883118 40.513428
v -4.094335 -93.971718 38.561378
v -4.255045 -93.989807 36.549648
v -4.355166 -94.305481 34.392300
v -4.198858 -93.965790 32.933357
v -4.058018 -93.807480 31.195904
v -3.986831 -93.524460 29.807810
v -3.576780 -93.591164 27.870712
v -2.716350 -94.033257 25.560982
v -2.275289 -93.839745 24.504784
v -1.812708 -93.638290 23.519239
v -0.676167 -94.135971 21.508911
v -0.035363 -94.028053 20.437017
v 0.679599 -93.930275 19.426340
v 1.465961 -93.863808 18.364674
v 2.365754 -93.775787 17.237856
v 3.264743 -93.512344 16.119642
v 4.306255 -93.922920 15.039528
v 5.046117 -93.521355 14.211135
v 6.111001 -93.622414 13.356765
v 7.342416 -93.683784 12.608474
v 8.624633 -93.647995 12.007564
v 9.895994 -93.498726 11.572577
v 12.659764 -94.051064 10.979681
v 14.397790 -93.967377 10.765187
v 16.293404 -93.904388 10.654045
v 18.581900 -93.956291 10.607396
v 19.573360 -93.342293 10.567401
v 22.478611 -94.106865 10.509170
v 23.568779 -93.170784 10.556163
v 6.656482 -85.984688 51.515739
v 7.829218 -86.254974 52.031612
v 8.701445 -86.015892 52.445484
v 10.051465 -85.468796 52.457691
v 10.768756 -84.211235 52.709412
v 11.152388 -82.991531 52.326504
v 2.561526 -87.917923 49.794323
v 3.592655 -87.922462 50.442043
v 4.427015 -87.383499 50.835709
v 5.827663 -87.473526 51.584812
v 7.280507 -87.220291 52.125744
v 12.887264 -82.956245 52.727325
v 13.543482 -81.421967 52.530270
v 15.144000 -81.455261 52.688148
v 15.479584 -80.014862 52.441574
v 16.665873 -80.134979 52.527149
v 18.844103 -79.706619 52.629349
v 20.423615 -77.729233 52.279430
v 20.139671 -76.721779 52.041023
v 19.982512 -75.522156 51.744007
v 20.608711 -73.632050 51.237408
v 20.631100 -72.453415 50.685459
v 22.870333 -71.972382 50.415482
v 24.437847 -70.211395 49.617744
v 25.111320 -68.446457 48.813396
v 25.221411 -66.895844 48.175655
v 24.557854 -66.314713 48.025703
v 25.957581 -64.965614 47.253990
v 25.872377 -63.126675 46.393269
v 25.886848 -61.833912 45.733959
v 26.306089 -93.096489 10.629124
v 26.116123 -91.602509 10.683375
v 26.433996 -90.164314 10.693076
v 25.488951 -89.254967 10.613067
v 26.356325 -87.164848 10.557114
v 25.774231 -86.048683 10.408387
v 25.260153 -84.962387 10.243252
v 25.538403 -83.464050 10.031378
v 26.991776 -83.721214 10.279117
v 28.820211 -82.323578 10.412821
v 28.360458 -80.973259 10.092634
v 28.641579 -79.278999 9.782825
v 27.705034 -78.843903 9.367941
v 29.179848 -77.169876 9.296772
v 29.597240 -75.129669 8.438686
v 29.495115 -73.531029 7.239461
v 29.662668 -71.986259 6.064068
v 31.095116 -71.817207 6.687327
v 34.255814 -68.713432 5.835784
v 33.077602 -66.971199 3.727141
v 31.963600 -67.490875 3.499574
v 32.601254 -66.087624 2.889592
v 33.086895 -64.332596 2.158255
v 33.549435 -62.646229 1.559594
v 33.885502 -60.969929 1.071626
v 33.633118 -59.847538 0.760227
v 35.173046 -58.703026 0.715989
v 35.633129 -56.249836 0.414934
v 35.356148 -54.882656 0.199078
v 36.961338 -53.615147 0.229388
v 36.640011 -52.235916 0.085073
v 38.288898 -51.019077 0.084962
v 38.971344 -49.078514 0.060083
v 39.810242 -47.193092 -0.001286
v 40.661819 -45.261414 -0.081279
v 40.477837 -44.108013 -0.108228
v 42.066303 -43.132820 -0.058897
v 42.655201 -41.114643 -0.053883
v 43.568455 -39.552532 -0.065596
v 44.016521 -38.360455 0.006465
v 44.810921 -36.772316 0.120489
v 45.823002 -34.974365 0.243797
v 46.567955 -33.226604 0.288708
v 47.361973 -31.444195 0.106380
v 47.252590 -30.247988 0.033479
v 46.945545 -28.962393 0.003793
v 47.657932 -27.085690 0.043374
v 47.880569 -25.547415 0.025744
v 48.452682 -23.604059 0.014563
v 48.011894 -21.896204 -0.009084
v 47.045937 -21.302214 -0.047195
v 48.337551 -19.316490 0.015406
v 47.458256 -17.859446 -0.034407
v 48.689030 -16.116179 -0.008084
v 47.849152 -14.139507 -0.095072
v 46.883308 -12.999758 -0.092461
v 45.950451 -11.421162 -0.091127
v 44.877712 -10.076893 -0.063886
v 43.733551 -8.810761 -0.050404
v 42.723919 -7.728430 -0.025022
v 43.577732 -5.934116 -0.010996
v 43.099621 -3.825087 0.185834
v 42.526596 -1.881082 0.460020
v 41.444107 -0.740808 0.706440
v 42.243137 0.920112 1.036903
v 41.100449 2.645357 1.395423
v 39.927616 3.358662 1.549921
v 40.094868 5.297418 2.288902
v 39.422543 6.941653 3.404595
v 38.323158 8.990035 4.078794
v 36.737179 12.282293 3.042589
v 36.536137 16.580544 2.398688
v 36.102600 19.624796 1.761295
v 34.576073 19.557858 1.454161
v 34.486015 21.283773 1.271146
v 33.481503 23.018728 1.099242
v 32.403809 23.891174 1.363027
v 31.505125 24.005287 1.824065
v 30.864782 23.579361 2.215556
v 30.629255 25.172615 2.506760
v 29.706129 25.618238 3.594411
v 29.124714 25.355051 4.481705
v 28.766197 26.528112 6.550772
v 19.843781 38.220303 12.668776
v 19.520136 37.453796 14.042600
v 19.689869 36.301510 14.147957
v 10.324639 41.586357 0.383906
v 8.563627 41.173409 0.845240
v 6.708130 41.067108 1.979869
v 5.478092 40.375118 2.813045
v 10.879464 44.247742 0.692918
v 10.433402 42.783279 0.542402
v 13.741901 48.238197 1.520415
v 13.491893 47.149235 1.471220
v 11.762807 47.274632 0.884338
v 11.351086 45.773640 0.796444
v 18.276108 47.710075 8.922187
v 18.561701 46.893120 11.033405
v 19.070019 45.026348 11.059900
v 19.365698 43.924473 10.176783
v 19.215748 43.637894 9.168127
v 19.613375 42.582165 9.694428
v 19.482533 41.116810 8.873869
v 19.886345 41.131367 10.860666
v 19.654072 40.728954 12.731980
v 19.754501 39.509941 12.606607
v 5.226433 39.454025 3.164681
v 4.482555 40.069099 4.235597
v 4.109179 39.325645 5.186526
v 3.607554 39.217018 6.712919
v 3.350736 39.298546 8.537661
v 2.868544 39.297886 10.328328
v 2.421600 38.982151 11.438280
v 2.368523 39.045021 12.306666
v 2.678100 39.469322 13.387616
v 3.386152 39.864750 14.892030
v 4.108085 39.863129 16.045950
v 4.739739 39.251808 16.599459
v 5.893541 39.279427 17.587271
v 6.886097 39.122993 18.149319
v 8.336775 39.686623 18.191048
v 11.239668 38.984039 18.590954
v 9.705946 39.624054 18.531324
v -20.896355 51.518948 1.491127
v -20.538301 49.161800 1.206700
v -20.020412 47.806007 1.203247
v -21.630136 47.664764 0.925573
v -23.785915 47.055080 0.946136
v -25.885525 46.510136 1.366187
v -25.399326 45.448971 1.309277
v -26.102507 44.557503 1.771557
v -26.229803 42.734497 2.208965
v -26.225481 41.583321 2.401986
v -27.038679 41.659374 3.271989
v -27.363136 41.007374 4.763981
v -28.121782 41.152191 7.475915
v -28.410957 40.952789 9.030209
v -28.458233 40.740658 10.231169
v -21.883854 42.843807 15.326564
v -23.841114 42.457996 15.071360
v -25.754631 42.666470 14.328432
v -27.081903 42.825157 13.614109
v -27.668505 42.532284 12.563359
v -28.548239 42.066143 10.509317
v -16.433950 48.966064 9.483599
v -17.111732 49.221519 10.740463
v -17.570267 49.057388 11.575931
v -18.167723 48.546627 12.285471
v -19.500292 48.585369 13.403737
v -20.729559 48.465336 14.302446
v -22.284115 48.045506 14.828080
v -22.430834 46.723438 14.968138
v -22.323292 45.379234 15.056042
v -22.348795 44.207840 15.212178
v 37.146038 4.106171 20.319599
v 37.024685 5.361990 20.130898
v 37.809708 6.124325 19.497044
v 37.608749 8.202263 19.144257
v 36.561836 9.546983 19.721285
v 35.824512 9.913248 19.996515
v 36.132217 11.267283 19.592249
v 36.229019 13.281475 19.310535
v 34.602852 13.164412 19.775742
v 34.484009 14.833121 19.595613
v 32.921371 16.136862 19.643059
v 31.859800 15.528485 19.833778
v 32.737797 17.963366 19.408255
v 31.540255 18.180017 19.274284
v 31.245960 19.381504 19.239433
v 30.625462 20.000952 19.083439
v 31.375898 20.734713 19.027149
v 31.706413 22.473122 18.840576
v 30.820848 24.373240 18.458723
v 29.352299 24.539103 17.791916
v 28.679705 23.787910 17.415810
v 27.946238 23.696768 16.228218
v 27.434805 24.282904 12.428270
v 18.767563 38.073593 15.109294
v 18.081934 37.890331 15.964632
v 17.343513 37.633930 16.780399
v 16.866055 39.182468 16.683294
v 15.459352 39.845318 17.500151
v 14.309879 39.979214 18.077721
v 13.342728 39.163685 18.352045
v 39.605026 -4.770877 22.027502
v 38.964417 -3.608900 21.922306
v 38.631046 -3.002380 21.910324
v 39.593674 -2.690149 21.238649
v 39.099972 -0.715085 20.582491
v 38.492691 0.950643 20.278835
v 37.540886 0.620992 20.967335
v 37.296272 1.815894 20.783773
v 27.913603 -61.859596 45.405083
v 30.272453 -60.806568 44.114491
v 29.413479 -59.568611 43.815239
v 30.374973 -59.256844 43.280777
v 30.464214 -58.032036 42.538673
v 31.707157 -56.968544 41.477787
v 31.864786 -55.201935 40.461941
v 31.631332 -53.886494 39.789902
v 32.979309 -54.099796 39.397758
v 34.412128 -53.087929 38.206165
v 33.574947 -52.032276 37.944786
v 33.922573 -51.093548 37.239166
v 32.905277 -50.585281 37.464203
v 34.106625 -49.543858 36.411758
v 35.781624 -48.832516 35.124496
v 37.133404 -48.247452 34.101646
v 37.257439 -46.879971 33.344887
v 37.356064 -45.439777 32.659126
v 37.452572 -43.913826 31.956808
v 37.493893 -42.302391 31.356983
v 36.381618 -42.657642 32.041397
v 36.562157 -41.530193 31.580494
v 38.013264 -40.510960 30.511862
v 38.521797 -38.871136 29.845919
v 37.852966 -38.200531 30.044062
v 38.753712 -36.826595 29.274536
v 37.947556 -36.171753 29.521061
v 38.735504 -35.042274 28.946875
v 38.483028 -33.734684 28.840763
v 40.237595 -32.998920 27.831020
v 40.312592 -31.110184 27.573601
v 39.829693 -30.495989 27.747089
v 40.926804 -28.825327 27.031469
v 40.510792 -27.406197 27.095747
v 41.808296 -26.107794 26.296083
v 41.933811 -23.870584 26.039898
v 42.838120 -22.114180 25.438389
v 43.093082 -20.661909 25.182068
v 43.355450 -19.047318 24.887058
v 42.304630 -19.097935 25.412228
v 42.503700 -17.747196 25.056347
v 42.894890 -16.076193 24.504107
v 42.970055 -14.802348 24.242243
v 43.131172 -13.240077 23.857672
v 43.090340 -11.744615 23.562174
v 42.324036 -11.525163 23.778269
v 42.476234 -10.152787 23.252750
v 41.320313 -10.189734 23.670969
v 40.911987 -8.774650 23.259604
v 40.363731 -6.770873 22.714520
v 0.197510 -89.711922 48.393421
v -0.911094 -89.803238 47.243217
v 1.395395 -89.429810 49.339718
v 2.479575 -89.556221 50.125343
v 3.348300 -89.155464 50.561737
v -1.414454 -91.412148 46.885189
v -1.824339 -92.761459 46.459873
v -2.103798 -94.157852 46.235016
v -2.656311 -93.949356 45.173599
v -2.861683 -95.678528 45.055664
v -3.382691 -95.436699 43.943951
v -3.593581 -95.577003 42.486706
v -3.803370 -95.138855 40.800743
v -4.109125 -95.289948 38.701019
v -4.358541 -95.568039 36.372620
v -4.383431 -95.261017 34.787678
v -4.335788 -95.750137 33.009602
v -4.230129 -95.454582 31.621092
v -3.986781 -95.303185 29.788715
v -3.554554 -95.141975 27.923637
v -2.711229 -95.572205 25.663773
v -2.233549 -95.393860 24.512598
v -1.754474 -95.170174 23.511044
v -0.797527 -95.401077 21.868937
v 0.004872 -95.748711 20.519814
v 0.736308 -95.492455 19.449385
v 1.461820 -95.377426 18.461020
v 2.339688 -95.421616 17.404762
v 3.579129 -95.608009 16.038877
v 4.329025 -95.095261 15.233430
v 5.743059 -95.238594 13.816250
v 7.091878 -95.103310 12.794693
v 8.693833 -95.508934 12.204758
v 9.889224 -95.051239 11.831116
v 12.184793 -95.336182 11.314400
v 14.325838 -95.779037 10.991087
v 16.239588 -95.519264 10.772754
v 18.572186 -95.614349 10.661539
v 19.427114 -95.117149 10.613285
v 21.511250 -95.128227 10.546859
v 24.451696 -95.726974 10.486098
v 25.475443 -94.788483 10.493985
v 8.468795 -87.766655 52.718571
v 9.740061 -87.298424 52.864010
v 11.472012 -87.015175 53.249783
v 12.197819 -85.661819 53.145546
v 11.950962 -84.620766 52.870380
v 4.677070 -89.417366 51.373241
v 5.719848 -88.942635 51.817089
v 7.701318 -88.852509 52.652657
v 14.042505 -84.572487 53.261917
v 14.658258 -83.013329 52.985268
v 16.629154 -83.092300 53.228268
v 17.257702 -81.068481 52.811985
v 17.497637 -80.251991 52.675644
v 18.891251 -81.873390 53.135323
v 21.204586 -80.860504 53.051170
v 20.584051 -79.798706 52.755104
v 21.731791 -78.799606 52.543285
v 22.333366 -76.890953 52.109837
v 21.934616 -75.781166 51.875832
v 22.542524 -74.000694 51.347816
v 25.104742 -73.036575 50.680408
v 24.631668 -72.075027 50.296005
v 25.831078 -71.124100 49.762749
v 26.580496 -69.001572 48.761791
v 27.076363 -67.447540 48.038063
v 26.906115 -66.157135 47.586563
v 27.570606 -64.432838 46.781242
v 27.269550 -63.297455 46.427471
v 28.252356 -94.667809 10.622478
v 28.142311 -93.053329 10.735651
v 27.843185 -92.116722 10.799547
v 27.632715 -90.925415 10.808870
v 28.305740 -88.792877 10.880490
v 27.558752 -87.606995 10.743505
v 27.679754 -86.168915 10.632765
v 27.410849 -85.244270 10.523923
v 29.214188 -84.922249 10.790406
v 30.513172 -82.948982 10.942664
v 30.615993 -81.059113 10.793101
v 29.424986 -81.021393 10.405309
v 30.078873 -79.544136 10.366074
v 30.066832 -77.722534 9.856317
v 30.091082 -76.847626 9.553731
v 30.813906 -76.111191 9.488543
v 31.474653 -73.925873 8.504926
v 30.453100 -73.541603 7.763101
v 33.570854 -72.105637 8.228972
v 35.357349 -64.699501 3.351904
v 33.797585 -65.584824 2.996929
v 34.082085 -64.611153 2.521660
v 35.111931 -62.238453 1.917945
v 34.648815 -61.518452 1.322373
v 35.376499 -60.267223 1.096257
v 36.339169 -59.522179 1.340642
v 37.261829 -57.042770 0.924034
v 37.331505 -55.116421 0.441935
v 38.697533 -53.996712 0.610242
v 38.541630 -52.283356 0.218532
v 40.008007 -51.257477 0.319125
v 40.632668 -49.400200 0.322395
v 41.612030 -47.300350 0.181734
v 42.485252 -45.299438 0.181256
v 42.334293 -44.228443 -0.043512
v 43.733646 -43.130993 0.055738
v 44.109356 -41.405678 0.071194
v 44.443565 -40.036545 0.032091
v 45.339951 -38.959808 0.203413
v 45.898144 -37.650078 0.309282
v 46.834705 -36.126423 0.557989
v 49.229836 -33.052341 1.365360
v 48.072910 -32.098034 0.475320
v 48.701466 -30.875338 0.450513
v 48.554932 -29.201170 0.157138
v 48.536037 -27.597399 0.124414
v 49.295284 -25.957684 0.233542
v 50.119194 -23.624994 0.231894
v 49.652580 -22.529222 0.142773
v 49.488190 -21.174232 0.136462
v 50.179153 -18.867678 0.179660
v 49.512966 -17.649261 0.093973
v 50.912876 -16.058815 0.300307
v 49.973225 -14.209674 0.015137
v 49.024956 -13.079273 -0.052233
v 48.030060 -11.670089 -0.113239
v 47.113327 -10.155113 -0.093043
v 46.170158 -8.210233 -0.071094
v 44.726929 -7.624546 -0.053329
v 45.596684 -5.308753 0.005250
v 44.824772 -3.440129 0.145045
v 44.477100 -1.710343 0.366040
v 43.404819 -0.500608 0.677862
v 44.141468 0.956779 1.012966
v 43.079338 2.726672 1.487297
v 42.014088 3.701053 1.891934
v 41.051426 4.585046 1.958067
v 41.896374 6.167514 3.836680
v 39.911575 10.008744 5.856963
v 39.218506 19.939528 3.063263
v 36.968925 20.772324 1.833726
v 36.019772 21.036547 1.435108
v 36.468761 22.381266 1.221073
v 34.478367 23.899195 0.956177
v 32.871159 25.176394 1.289862
v 31.675985 25.096310 1.703051
v 31.344156 26.879063 2.111566
v 30.104219 26.881790 3.462085
v 29.358740 26.667463 4.562775
v 29.512688 28.545254 4.933455
v 29.109306 28.668749 6.210034
v 29.000746 29.076431 6.982698
v 19.414623 39.898872 13.626810
v 18.838413 39.225365 14.566498
v 8.459958 43.064262 0.907527
v 6.614544 42.675819 1.973660
v 5.393104 42.643040 2.979998
v 4.803319 41.907684 3.612924
v 4.652274 40.976582 3.860570
v 9.627292 45.831055 0.750628
v 9.020006 44.364326 0.749199
v 12.234465 50.447147 0.947496
v 12.304065 48.874260 1.044054
v 10.304223 48.872204 0.876111
v 10.042073 47.341255 0.839943
v 17.957857 50.041103 8.268193
v 17.964123 49.016472 11.088860
v 17.998531 47.911098 12.746752
v 18.489872 46.995453 12.115413
v 18.606628 45.898212 12.499098
v 19.264875 43.819305 12.534225
v 19.498667 43.973423 11.288223
v 19.794245 42.919205 11.206796
v 19.704744 42.224094 12.442944
v 19.063810 42.158005 13.807962
v 19.263914 40.942032 13.939984
v 4.022324 41.519539 4.910796
v 3.591844 41.170914 6.591664
v 3.288430 41.008274 8.596086
v 3.043827 40.976528 10.169022
v 2.327118 41.156067 11.345523
v 2.368495 40.593124 12.654681
v 3.077464 40.985718 14.365933
v 3.673513 41.348991 15.416361
v 4.230703 41.213528 16.143818
v 5.017557 40.997272 16.980478
v 6.056576 40.744022 17.598606
v 7.129899 40.434376 18.203627
v 9.787516 41.411758 18.187536
v 7.512116 42.109379 18.069382
v 11.527771 40.629860 18.382885
v 10.398019 40.396526 18.579372
v -22.029421 50.086403 0.943456
v -21.934486 48.970989 0.913765
v -23.694284 49.121014 0.882977
v -25.597441 48.244202 1.185271
v -27.427334 48.001850 1.908305
v -27.197527 46.412086 2.029813
v -26.730705 45.560249 1.899721
v -27.478060 44.571159 2.727974
v -27.249817 43.039917 2.959091
v -28.079733 43.034386 4.520943
v -28.541294 42.547752 6.729435
v -28.893942 42.460106 8.483528
v -24.162020 44.340805 15.084420
v -26.482418 44.557148 14.165095
v -27.350744 43.889629 13.509930
v -28.317699 44.050655 12.362911
v -29.044127 44.016281 10.639930
v -29.401766 43.841854 8.517397
v -15.938330 48.594700 7.459752
v -16.869579 50.323902 8.637509
v -16.925442 49.919018 9.491137
v -17.648367 50.573952 10.506294
v -18.089851 50.053226 11.577310
v -19.137726 50.157623 12.537996
v -20.243858 50.064690 13.330968
v -21.508194 49.988605 14.046814
v -23.177406 49.581566 14.648604
v -23.910582 48.295509 14.830299
v -23.788351 47.110699 14.843161
v -23.719742 45.918411 14.983859
v 38.456093 2.899238 19.750502
v 38.227104 4.340189 19.516333
v 38.100643 5.020144 19.452114
v 39.110775 5.375451 18.427153
v 38.575520 7.034446 18.602362
v 39.443783 8.201127 17.428305
v 38.600204 10.188146 18.029297
v 37.416645 10.883213 18.976837
v 37.915565 12.762568 18.433270
v 37.500736 14.924846 18.521675
v 36.117943 14.864604 19.150345
v 36.030312 16.540020 19.074915
v 34.324844 17.273041 19.449781
v 34.069832 19.350670 19.547913
v 32.884098 19.191422 19.404982
v 32.162453 19.022646 19.298264
v 32.675823 20.323694 19.297596
v 32.354168 21.573858 19.056116
v 32.550236 22.108740 19.074060
v 33.702141 22.296310 19.048122
v 33.067120 23.941156 18.877102
v 32.054550 24.062752 18.730270
v 32.272495 25.636738 18.574320
v 30.763557 25.861338 18.258104
v 29.801785 25.653118 17.831638
v 29.078272 25.597332 17.353540
v 28.464725 25.241283 16.663157
v 27.872093 25.082426 15.246678
v 28.230314 26.679930 15.146031
v 18.052362 39.056606 15.666712
v 17.386892 40.885342 15.807727
v 15.664320 41.009132 17.019764
v 14.395737 41.131985 17.770130
v 13.500278 41.254917 18.205666
v 12.803257 40.925140 18.278250
v 41.272121 -4.982232 21.606203
v 40.499302 -3.859722 21.488976
v 41.091496 -2.590574 20.545752
v 40.720898 -0.513060 19.628050
v 39.645267 1.096227 19.467764
v 39.096291 2.005265 19.520100
v 28.335588 -63.333561 46.168552
v 29.568771 -63.300541 45.849133
v 30.345915 -62.466187 44.974056
v 32.240475 -62.404686 44.144054
v 32.329872 -60.958294 43.357765
v 31.852568 -59.665665 42.905594
v 31.651331 -58.437630 42.378880
v 33.125927 -58.523144 41.725998
v 33.606091 -56.882496 40.652245
v 32.963631 -55.756557 40.398361
v 33.074783 -55.073021 39.929390
v 34.516903 -55.486706 39.441498
v 36.101234 -54.411892 38.032398
v 35.574368 -52.997513 37.519615
v 35.223866 -51.816967 37.023510
v 34.825397 -50.715290 36.609806
v 35.988964 -50.774910 35.974590
v 37.788544 -49.906200 34.443600
v 38.325191 -48.404121 33.473503
v 38.429214 -47.067680 32.768372
v 38.659321 -45.480736 31.907822
v 38.778660 -43.880718 31.206024
v 38.796688 -42.496571 30.677780
v 39.081108 -41.030590 30.068258
v 39.632263 -39.272015 29.342197
v 39.899368 -37.489040 28.793327
v 40.094337 -36.064186 28.419607
v 39.768105 -35.120403 28.412975
v 41.113354 -34.540390 27.590996
v 41.676075 -32.912315 27.034307
v 41.883698 -31.735291 26.796207
v 41.788292 -30.359344 26.708580
v 42.581615 -28.432947 26.097912
v 42.775768 -26.916407 25.859598
v 43.241753 -25.395859 25.455120
v 43.437016 -24.072193 25.239311
v 43.870937 -22.363770 24.843702
v 44.267429 -20.769653 24.520657
v 44.535530 -19.232100 24.238586
v 44.742489 -17.508852 23.893957
v 43.665348 -17.656416 24.460545
v 44.115124 -16.120117 23.960838
v 43.668064 -15.112846 23.959721
v 44.586796 -13.485153 23.205782
v 43.854820 -12.214606 23.325052
v 44.337421 -10.552375 22.716885
v 43.575562 -8.777910 22.558237
v 42.435966 -8.400358 22.736448
v 42.155277 -7.033132 22.280136
v 41.903160 -5.958126 21.971581
v -0.431294 -91.040894 48.060165
v 0.580293 -91.211342 49.050724
v 1.798878 -91.142868 49.906109
v 2.627914 -90.638245 50.386833
v 3.893913 -90.878296 51.247105
v 4.742527 -90.417831 51.642143
v -0.567615 -92.734200 48.160435
v -1.280754 -93.575821 47.367550
v -1.423800 -95.648445 47.495541
v -2.157963 -95.618462 46.384888
v -2.222839 -97.058006 46.548557
v -3.036992 -97.322502 45.143940
v -3.331079 -96.969048 44.271126
v -3.503323 -96.734467 43.155373
v -3.470177 -97.063232 41.555859
v -3.934134 -96.799995 40.192520
v -4.131497 -96.409981 38.842384
v -4.334114 -96.772148 36.972530
v -4.431407 -97.118530 35.064152
v -4.415213 -96.766289 33.460304
v -4.099900 -97.095963 30.788525
v -3.883530 -96.572540 29.451645
v -3.468957 -96.700394 27.764540
v -2.863257 -96.807350 26.144115
v -2.222332 -97.140800 24.704105
v -1.691991 -96.742439 23.536528
v -0.565482 -97.018867 21.695623
v 0.077380 -96.699905 20.594769
v 0.957591 -97.074837 19.273420
v 1.494759 -96.857903 18.470188
v 2.098605 -96.693855 17.678017
v 3.137436 -97.097839 16.568233
v 3.914432 -96.911240 15.740724
v 4.927949 -96.804924 14.798787
v 6.087331 -96.719704 13.847779
v 7.404149 -96.720955 12.884988
v 8.786538 -96.765144 12.258070
v 10.383887 -96.804489 11.832210
v 12.239049 -96.766563 11.463443
v 14.321333 -96.932579 11.138044
v 16.584997 -97.145554 10.869693
v 17.916166 -96.938484 10.768529
v 19.376575 -96.895760 10.668489
v 21.788448 -96.799881 10.538023
v 23.826159 -96.556442 10.467668
v 25.853287 -97.054314 10.458889
v 27.436731 -96.482544 10.526429
v 9.697938 -89.100746 53.260036
v 11.917498 -89.049942 53.874790
v 12.416044 -87.537666 53.720074
v 12.700594 -86.480896 53.671364
v 13.242724 -85.705933 53.407001
v 6.041736 -90.632889 52.319122
v 7.768014 -90.822227 53.111019
v 9.008323 -90.444672 53.588505
v 14.470222 -86.055702 53.739712
v 14.589508 -85.036072 53.591099
v 15.947474 -85.108681 53.683933
v 18.571745 -84.523964 53.766853
v 18.711378 -83.194359 53.447815
v 20.923170 -83.325157 53.570633
v 23.329279 -82.164818 53.432224
v 23.079819 -80.668510 53.076492
v 22.492697 -79.849945 52.820763
v 23.965498 -78.882851 52.574604
v 24.045435 -76.634926 52.012737
v 23.423685 -75.665001 51.844189
v 24.354435 -74.476814 51.656773
v 26.419821 -75.022514 51.337833
v 27.294041 -73.014664 50.443203
v 26.552893 -72.104225 50.100266
v 27.925373 -71.208694 49.571651
v 28.543341 -69.308640 48.540386
v 28.588877 -67.346100 47.658344
v 28.171381 -66.260834 47.328838
v 29.092310 -64.792488 46.582619
v 30.161430 -96.209206 10.791586
v 29.957247 -94.708771 10.879369
v 30.252386 -93.359184 11.068607
v 29.463009 -92.701408 10.962901
v 29.369497 -91.024979 11.053468
v 29.282911 -89.348274 11.042173
v 29.783297 -87.876724 11.105818
v 29.371231 -86.836220 10.994133
v 31.125174 -86.872932 11.436318
v 31.395987 -84.611336 11.418102
v 32.086815 -82.392265 11.482272
v 31.928717 -79.821953 11.118871
v 31.025990 -79.831306 10.767522
v 31.213535 -78.994232 10.718898
v 31.569145 -77.994514 10.516748
v 33.660881 -75.591354 10.442728
v 37.218155 -66.043961 5.542548
v 37.776974 -63.638077 4.282327
v 38.494316 -59.921993 2.748845
v 38.743362 -56.218224 1.229937
v 40.537479 -54.517651 1.480534
v 40.085869 -52.612247 0.612167
v 40.840160 -51.750221 0.653546
v 42.275593 -50.385025 1.115576
v 42.497562 -48.013763 0.646724
v 45.174091 -45.880245 1.827780
v 44.068558 -44.222775 0.498779
v 45.041782 -42.762287 0.611328
v 45.218689 -41.329159 0.363031
v 45.536434 -40.111427 0.324257
v 47.213432 -39.609688 1.393831
v 49.514832 -29.129866 0.584632
v 49.637550 -27.211348 0.311832
v 50.902679 -26.259785 1.142579
v 51.577118 -20.682299 1.191075
v 50.237480 -21.719868 0.247516
v 52.008030 -17.060684 0.928485
v 55.932804 -10.763709 2.829992
v 52.038364 -12.496551 0.494712
v 50.832294 -13.822998 0.056844
v 50.476250 -11.824986 -0.016403
v 49.187717 -10.409010 -0.076957
v 48.162762 -9.279484 -0.107393
v 47.717545 -7.495974 -0.081651
v 47.482510 -5.538157 -0.000423
v 47.366631 -3.750932 0.080497
v 46.519264 -2.389385 0.248081
v 45.689510 -1.581124 0.301403
v 46.156116 0.248105 0.744589
v 45.192764 1.935792 1.231264
v 44.645435 3.131897 1.775413
v 43.403408 4.397888 2.507689
v 42.638367 7.636163 7.346650
v 40.715546 14.044576 7.862297
v 41.707409 9.648813 9.904502
v 41.829773 21.874580 5.591089
v 39.535236 22.834562 1.278281
v 38.012691 23.107512 1.223974
v 36.636341 24.414787 0.747126
v 35.393906 24.912113 0.735683
v 34.129646 26.575203 0.941402
v 32.594463 26.836575 1.384795
v 32.333614 28.490099 1.586585
v 30.888535 28.783642 2.473233
v 30.309711 28.284180 3.263426
v 30.043913 30.280188 3.720170
v 29.527546 30.465668 5.414563
v 29.362068 30.396900 6.822174
v 28.834805 30.137930 10.120342
v 18.666842 40.917660 14.773816
v 7.307415 44.736984 1.142432
v 5.857194 44.444221 2.342197
v 5.111258 43.791168 3.176579
v 4.075200 43.602200 4.548649
v 3.980772 42.479866 4.844006
v 8.315572 47.337898 1.041643
v 7.909097 45.893276 0.956864
v 11.681204 55.830154 0.522332
v 11.196614 54.061836 0.597400
v 11.297297 52.309574 0.691622
v 10.149725 50.799404 0.787051
v 8.596066 49.830311 0.954017
v 8.524794 48.717674 1.043949
v 17.662352 52.636673 7.424379
v 17.730005 51.524109 9.482448
v 17.667549 50.668518 10.815878
v 17.236315 50.541508 12.231569
v 16.846277 49.779667 13.377434
v 16.962160 48.267490 14.003751
v 17.413063 46.768639 14.047033
v 18.085970 46.606525 13.208210
v 18.075127 45.599281 13.701083
v 18.287333 43.901920 14.066433
v 18.120983 42.186417 14.921975
v 3.329380 42.912430 6.327914
v 3.231774 42.720222 7.629028
v 3.128860 42.813042 8.970649
v 3.010347 42.557011 10.404245
v 2.323891 42.505661 11.447162
v 2.409198 42.463928 12.931455
v 3.052838 42.371948 14.339245
v 3.588650 42.188019 15.291368
v 4.227606 42.478638 16.140852
v 5.119252 42.758003 17.021599
v 5.956031 42.100746 17.626184
v 11.423237 42.436493 18.095745
v 10.124905 42.544678 18.029345
v 9.135816 43.731503 17.870047
v 7.068415 44.024330 17.788313
v 6.145950 43.472260 17.742218
v -22.916100 51.316349 0.858797
v -23.181776 50.382660 0.817433
v -24.871134 50.909760 0.875251
v -26.750801 49.900024 1.425766
v -28.575563 49.494995 2.210088
v -28.492002 48.008083 2.583284
v -28.253860 47.097073 2.757579
v -28.064196 45.931316 3.043774
v -28.195927 44.417084 3.722410
v -28.834223 44.805290 4.769718
v -29.016197 43.903526 6.356893
v -25.627529 46.153191 14.656317
v -27.587358 46.222706 13.881324
v -28.014038 45.763767 13.384644
v -28.674335 45.439342 12.652363
v -29.611006 45.608089 10.805633
v -30.206467 45.931847 8.687910
v -29.797005 45.572826 6.668502
v -17.526730 51.962337 7.604661
v -17.992586 52.133293 9.709215
v -18.727844 52.257702 11.171414
v -19.094530 51.834763 11.670817
v -19.741169 51.496441 12.365241
v -21.030865 51.441856 13.400828
v -21.940607 51.371708 13.957460
v -23.536489 51.432201 14.323379
v -25.243637 50.380795 14.442081
v -25.555204 48.599339 14.614961
v -24.870062 47.412285 14.558496
v 39.768604 3.094488 18.578831
v 40.583805 4.538862 17.086246
v 40.083282 5.820832 17.182314
v 39.865528 6.583401 17.245476
v 40.778835 6.969427 15.918968
v 40.436436 8.868249 16.048504
v 40.173901 10.403919 16.316542
v 39.426182 10.188740 17.250271
v 39.383038 11.950549 17.234310
v 38.328522 11.487067 18.184669
v 39.219265 13.711177 17.560732
v 38.588810 14.329845 17.950146
v 39.457531 15.926953 17.296329
v 37.646622 16.880199 18.438467
v 36.524052 18.329407 18.892418
v 35.376904 18.628109 19.264629
v 35.992542 20.931732 18.836201
v 34.087891 20.767553 19.384209
v 35.493500 22.849806 18.708673
v 35.179165 24.067434 18.670193
v 34.076260 23.914934 18.937292
v 34.325954 25.374100 18.658506
v 33.585979 27.343666 18.351112
v 32.162827 27.413925 18.197371
v 30.931538 27.066328 18.010969
v 29.983952 26.738253 17.686455
v 29.056765 26.845589 16.832193
v 17.059418 43.075504 15.767026
v 15.599702 42.529648 16.714371
v 14.209609 42.477676 17.501081
v 13.139008 42.254585 18.047438
v 12.625931 41.954544 18.336864
v 43.110023 -5.438656 21.244303
v 42.158970 -3.712044 20.688044
v 41.237675 -3.810531 21.121086
v 42.111511 -2.187814 19.799774
v 41.558170 -1.349336 19.739206
v 42.667076 -0.449812 18.627041
v 41.592308 0.867760 18.312105
v 40.579624 1.611877 18.522047
v 30.673328 -64.801949 46.019581
v 31.832394 -64.069626 45.164787
v 33.792370 -63.786415 44.122120
v 33.303200 -62.690331 43.828632
v 33.948948 -61.856239 43.069687
v 33.324116 -60.064636 42.497265
v 34.866196 -59.821629 41.542366
v 34.648537 -57.924892 40.690037
v 34.621063 -56.827946 40.109661
v 35.702415 -57.173340 39.709930
v 37.108795 -56.275345 38.313873
v 37.509232 -54.773338 37.249569
v 37.221310 -53.604843 36.822674
v 36.401230 -52.499348 36.715252
v 37.753330 -52.294914 35.697289
v 39.302628 -51.598423 34.227722
v 39.205261 -49.966499 33.468136
v 39.186882 -48.657986 32.963276
v 39.477970 -47.331459 32.204601
v 39.926758 -45.692509 31.221306
v 40.369228 -43.661247 30.146103
v 40.026337 -42.164314 29.859400
v 39.722511 -41.448776 29.802320
v 40.812958 -40.021057 28.811914
v 41.392925 -37.445942 27.948685
v 40.993252 -36.161205 27.937449
v 42.513042 -34.984741 26.898775
v 42.911495 -32.809944 26.376318
v 42.677605 -31.769238 26.372253
v 43.099354 -30.482046 25.998198
v 43.574715 -28.858274 25.600262
v 43.964703 -27.153442 25.232416
v 44.457161 -25.530571 24.793797
v 44.732010 -24.091776 24.506866
v 45.066360 -22.610670 24.167379
v 45.709827 -20.656023 23.655060
v 45.529682 -19.357883 23.657341
v 45.954967 -17.832638 23.270157
v 46.118607 -16.323057 23.010921
v 45.179207 -16.271671 23.469610
v 45.623310 -15.081249 23.022301
v 46.673191 -13.285915 22.194790
v 45.852238 -11.446692 22.197727
v 45.643665 -9.810483 21.986370
v 45.100574 -8.655454 22.058407
v 44.402927 -8.811667 22.297443
v 44.429035 -7.766294 22.129763
v 43.294872 -7.432484 22.278763
v 43.284653 -6.700091 21.817308
v 0.508457 -92.514320 49.174099
v 1.762981 -92.519325 50.148781
v 2.657357 -92.446716 50.751507
v 3.699036 -92.304138 51.380829
v 4.758039 -92.187653 52.022598
v 5.768139 -91.981316 52.528294
v 0.451100 -93.942307 49.387798
v -0.189996 -95.097748 48.860531
v -0.510894 -97.182610 48.827744
v -1.413407 -97.069977 47.731022
v -1.449123 -98.328461 47.962109
v -2.526342 -98.683777 46.532303
v -2.928410 -98.214653 45.643543
v -3.403062 -98.546227 44.456604
v -3.673930 -98.274422 42.849224
v -3.853766 -98.082535 41.220333
v -4.127640 -98.378700 39.062645
v -4.367827 -97.887733 37.549698
v -4.486134 -98.198204 35.286343
v -4.439498 -98.237328 33.290237
v -4.228970 -98.271599 31.250544
v -3.877018 -98.545151 29.361385
v -3.451981 -98.212090 27.802059
v -2.938089 -97.900955 26.323729
v -2.300336 -98.195831 24.881212
v -1.556448 -98.258774 23.491140
v -0.607319 -98.400757 21.955849
v 0.074830 -98.305267 20.898764
v 0.780640 -98.233292 19.753754
v 1.533276 -98.258530 18.571283
v 2.128982 -98.095901 17.698423
v 3.137738 -98.171371 16.611382
v 4.144697 -98.219627 15.636148
v 5.188412 -98.182365 14.709137
v 6.327619 -98.118530 13.837221
v 7.637826 -98.076019 12.980650
v 8.783740 -97.949081 12.366599
v 10.281261 -98.159424 11.948281
v 12.532745 -98.363358 11.542452
v 14.212588 -98.028862 11.270221
v 16.514324 -98.451378 11.009496
v 18.007526 -98.341011 10.819531
v 19.385134 -98.157722 10.705891
v 21.726198 -98.262100 10.552327
v 24.239452 -98.631714 10.404531
v 25.338352 -97.965256 10.382099
v 28.071323 -98.309776 10.460033
v 29.750296 -97.811020 10.643709
v 10.570318 -90.535889 53.812222
v 10.574960 -89.503334 53.650578
v 11.909013 -90.924957 54.356258
v 12.760524 -90.838120 54.732441
v 14.485757 -90.313377 54.725872
v 14.333132 -88.833237 54.315464
v 13.623321 -87.607376 53.982868
v 7.495170 -92.217545 53.273239
v 8.596564 -92.285072 53.734631
v 9.926641 -92.244987 54.070221
v 15.904939 -87.784645 54.289757
v 15.996853 -86.337624 53.974083
v 17.729544 -86.528961 54.139648
v 20.406168 -86.071609 54.148060
v 20.446571 -84.729576 53.881134
v 22.015493 -85.077568 53.955925
v 24.375053 -83.983521 53.671047
v 25.322515 -82.189255 53.372303
v 25.078974 -80.832336 53.058266
v 24.401434 -80.274773 52.964569
v 25.978565 -78.952583 52.492966
v 25.705072 -77.233582 52.020149
v 27.965862 -76.829079 51.674149
v 28.097443 -75.189072 51.216896
v 28.534187 -73.897293 50.778900
v 29.323151 -72.258102 49.924240
v 29.775696 -70.324829 48.829659
v 30.471439 -68.934250 47.939110
v 30.334259 -67.584488 47.267231
v 30.215218 -66.032249 46.672623
v 29.096054 -66.038567 47.025181
v 31.639297 -97.852715 10.967983
v 31.919649 -96.345734 11.152556
v 31.614887 -95.300514 11.196930
v 31.317461 -94.017647 11.283880
v 31.416683 -92.466095 11.474155
v 31.177500 -91.215622 11.474378
v 31.168304 -89.360458 11.449363
v 30.118584 -89.428787 11.193814
v 30.523300 -88.209259 11.254373
v 31.532873 -88.176117 11.526906
v 32.279282 -89.239754 11.847866
v 34.013939 -86.316536 12.827732
v 33.953564 -80.214577 12.083268
v 54.036652 -25.151003 4.434677
v 52.693897 -9.568968 0.378962
v 51.678799 -11.069863 0.067739
v 51.359486 -9.641285 0.023641
v 50.197926 -9.266144 -0.052555
v 49.438034 -7.675265 -0.053491
v 49.454159 -5.084231 0.023864
v 48.813534 -3.369221 0.081440
v 48.327717 -2.006794 0.202648
v 47.421265 -0.906759 0.432680
v 48.350269 0.569111 0.711012
v 47.229717 1.930472 1.144132
v 46.273525 2.800362 1.544884
v 42.144863 8.368398 9.254318
v 42.659599 7.400380 9.967001
v 44.217724 6.546424 9.092516
v 48.488331 3.343119 1.499387
v 46.825409 4.629994 2.454852
v 49.703049 6.381308 2.554929
v 41.290340 16.875601 8.314483
v 41.384319 15.427461 9.530842
v 41.265251 13.708999 9.651825
v 41.538853 11.925712 10.824177
v 41.732170 10.196298 11.463156
v 41.846416 8.752902 12.639168
v 42.216225 8.165884 11.092707
v 41.968433 20.567789 6.894300
v 41.776367 19.749001 6.996303
v 42.008404 24.098253 4.679508
v 42.832600 23.298483 7.460994
v 42.453865 22.154366 7.185317
v 42.600811 21.216631 8.498673
v 39.535675 25.256142 1.537170
v 38.632393 24.174555 1.187687
v 37.467808 25.533236 0.842300
v 35.868782 26.249962 0.569122
v 35.781845 28.197309 0.614945
v 33.898186 28.363407 0.985773
v 33.493389 30.063776 1.088501
v 31.798035 30.315336 1.852250
v 31.012093 29.923208 2.387424
v 30.976349 31.619207 3.015456
v 30.248571 31.611473 3.909752
v 30.065228 31.663845 4.477622
v 29.867020 31.900330 5.671297
v 29.584688 31.545330 6.577248
v 29.713015 33.392998 8.490345
v 29.194715 33.532146 12.258799
v 6.669815 46.222881 1.410637
v 5.724713 45.990894 2.271254
v 4.725745 46.053440 3.372023
v 4.102668 45.528454 4.476981
v 3.248355 45.200062 5.714804
v 3.305810 44.090813 5.757222
v 6.923184 48.788288 1.496464
v 6.745401 47.397758 1.486560
v 11.599782 59.020306 0.591261
v 12.052670 57.520248 0.530612
v 9.795688 56.933743 0.603124
v 9.428911 54.806721 0.765865
v 9.439342 53.066212 0.792838
v 9.749221 51.952614 0.772613
v 8.136390 51.433750 1.118710
v 7.322552 50.145836 1.361469
v 17.532578 53.263641 9.505293
v 17.276081 52.386967 10.967745
v 16.835833 51.875416 12.280136
v 16.186707 51.561989 13.404160
v 15.582788 51.020493 14.457270
v 16.148495 50.071312 14.211668
v 15.873710 49.178051 14.744684
v 16.336258 47.259144 14.947342
v 16.777044 45.804604 15.129808
v 17.456570 45.697605 14.474018
v 17.397800 44.646275 14.973919
v 3.036907 44.642540 7.006412
v 3.063652 44.087177 8.517743
v 3.014098 44.109791 9.911415
v 2.614427 44.089977 10.947117
v 2.576059 43.995762 12.145888
v 2.573035 43.732147 13.078005
v 3.227586 44.133537 14.584016
v 4.087455 43.636761 15.831777
v 4.762639 43.573315 16.664053
v 5.647015 45.082928 17.100733
v 12.500795 44.042988 17.830648
v 10.815931 43.978569 17.845776
v 10.194700 45.595631 17.602442
v 8.466066 45.493958 17.737764
v 7.204547 45.304943 17.797091
v -21.725475 54.287334 1.581376
v -23.331455 52.673416 0.879100
v -24.137743 51.875736 0.739805
v -25.861832 52.503235 0.806745
v -27.672123 51.838486 1.394277
v -29.210165 51.178768 2.106777
v -29.552393 49.899517 2.998755
v -29.546459 48.393661 3.651338
v -29.048395 47.679035 3.314140
v -28.850409 46.331699 3.599639
v -29.366665 46.365555 4.671223
v -25.927698 47.386681 14.537823
v -27.457439 47.702003 14.064435
v -28.417021 47.315254 13.338873
v -29.027931 46.967735 12.589346
v -30.055803 47.045635 10.968326
v -30.628151 47.159721 9.324030
v -30.140131 47.282970 6.543571
v -30.606991 48.682877 7.240576
v -29.834896 47.297665 5.272846
v -18.538601 54.105701 6.199697
v -18.384729 53.421726 9.143514
v -18.643667 53.434944 10.135580
v -19.349957 53.654530 11.052602
v -19.897320 53.388817 11.792398
v -20.543819 53.069130 12.455926
v -22.540848 52.905552 13.554895
v -25.044640 52.919659 14.113120
v -24.940895 51.655731 14.332862
v -26.120674 51.488724 14.271732
v -26.084909 50.377460 14.239435
v -27.352499 49.421215 14.212870
v 41.647232 2.570611 17.176208
v 41.491081 4.245222 16.162401
v 41.167713 5.230116 16.015280
v 41.857548 5.356414 14.921996
v 41.612953 7.116950 14.275779
v 41.365635 8.203778 14.366629
v 41.179161 10.019213 14.582953
v 40.870445 11.875554 15.452013
v 40.236485 11.796468 16.287407
v 40.397041 13.008825 16.133133
v 39.941479 13.996073 16.825508
v 40.699509 14.917884 15.806304
v 40.756405 16.673086 15.991358
v 40.302460 18.175276 16.696337
v 39.006565 17.954208 17.681627
v 38.448624 17.444420 17.989719
v 37.670811 19.117371 18.374245
v 38.174469 21.154427 17.945971
v 37.907314 22.524914 17.985222
v 37.050915 24.127605 18.129246
v 36.262402 25.897659 18.177065
v 35.247581 26.992735 18.283321
v 35.213131 28.477600 18.125471
v 33.748463 28.676344 18.102026
v 33.361710 28.058800 18.190119
v 32.599396 28.457809 17.994295
v 32.763855 27.644976 18.157778
v 30.975456 28.647221 17.556147
v 29.847773 28.066534 17.118149
v 29.089249 29.066341 15.706353
v 28.419662 28.491081 13.554401
v 16.141991 44.674046 16.039766
v 15.380001 43.914433 16.622793
v 14.047581 43.826965 17.285418
v 44.701523 -6.954849 21.430050
v 44.568352 -5.536556 20.779711
v 44.658169 -4.209284 20.219721
v 43.272984 -4.015351 20.500868
v 43.258022 -2.910402 20.066618
v 43.367439 -1.886488 19.258575
v 44.439053 -1.083151 18.599644
v 44.474705 -0.165906 17.852154
v 43.763226 1.333551 16.789495
v 42.411186 1.052885 17.733994
v 32.284943 -66.249756 45.952568
v 33.887936 -65.655907 44.894581
v 35.458061 -65.448685 43.954369
v 35.161022 -63.993580 43.455105
v 34.675514 -63.134796 43.316086
v 35.848454 -62.837914 42.409592
v 35.266476 -61.357178 42.062923
v 36.380123 -60.968403 41.172699
v 36.302380 -59.564690 40.603722
v 35.828972 -58.531792 40.400951
v 37.301369 -58.606293 39.374565
v 38.567432 -57.559338 37.996716
v 38.217896 -56.479267 37.687210
v 38.884216 -55.581558 36.691410
v 38.174046 -53.986378 36.333042
v 39.416744 -53.761658 35.236801
v 40.532490 -52.975784 34.032856
v 40.443230 -51.569637 33.356522
v 40.355228 -50.188301 32.790398
v 40.440018 -48.441544 31.956568
v 40.034245 -47.687740 31.977928
v 41.069073 -46.372932 30.710819
v 41.627510 -44.253071 29.509695
v 41.933437 -42.645889 28.770205
v 41.628719 -41.400665 28.622110
v 42.403809 -39.484474 27.653755
v 42.667534 -37.902878 27.240479
v 43.277454 -35.979675 26.589434
v 43.945488 -34.455048 25.992001
v 44.139896 -33.021893 25.700527
v 44.482761 -31.290953 25.318216
v 43.769836 -30.923595 25.695992
v 44.823780 -29.373930 24.927969
v 45.155888 -27.474792 24.542673
v 45.745239 -25.742468 24.056660
v 46.350029 -23.858912 23.565197
v 45.822018 -23.002991 23.793018
v 46.848270 -21.592131 23.034731
v 47.177055 -19.635946 22.669022
v 47.051701 -18.361629 22.662285
v 47.503635 -16.153685 22.187855
v 46.826141 -15.012457 22.423021
v 47.919975 -14.096559 21.734060
v 47.532341 -13.214929 21.766850
v 47.865982 -12.141872 21.398157
v 46.846802 -11.699747 21.779913
v 46.888748 -9.919261 21.388475
v 45.829178 -8.510408 21.530842
v 1.870974 -94.202110 50.542973
v 3.558786 -93.941925 51.582226
v 4.667726 -93.755623 52.240913
v 5.648327 -93.489159 52.763145
v 7.538512 -93.714989 53.614426
v 1.309380 -95.575401 50.470753
v 1.066174 -97.216896 50.454632
v 0.410355 -98.554443 50.072948
v -0.533508 -98.365105 49.056835
v -0.583140 -99.165520 49.238548
v -1.452128 -99.261414 48.268211
v -2.159024 -99.247772 47.290707
v -2.833994 -99.379700 46.312561
v -3.302758 -99.234024 45.179871
v -3.823486 -99.284660 43.348988
v -4.010679 -99.385185 41.627369
v -4.168591 -99.274399 39.884823
v -4.414159 -99.408836 37.789951
v -4.563504 -99.251297 35.952065
v -4.545558 -99.234535 33.588348
v -4.361331 -99.234406 31.548479
v -4.025747 -99.285034 29.605049
v -3.553587 -99.299622 27.912367
v -3.131284 -99.293175 26.735291
v -2.612197 -99.145058 25.485706
v -1.691851 -99.251434 23.698496
v -0.952422 -99.222778 22.557873
v -0.270342 -99.314705 21.470201
v 0.512864 -99.229713 20.397129
v 1.270911 -99.284760 19.126009
v 2.052364 -99.206902 17.939734
v 3.033461 -99.164757 16.745085
v 4.039181 -99.161690 15.746297
v 5.169552 -99.200447 14.768215
v 6.290743 -99.168358 13.919742
v 7.583527 -99.135780 13.079425
v 9.380941 -99.104073 12.229134
v 11.605485 -99.221252 11.747182
v 13.412178 -99.365860 11.492174
v 15.254459 -99.267578 11.225069
v 17.363358 -99.407143 11.003595
v 19.181044 -99.287880 10.772498
v 21.445324 -99.249886 10.582628
v 23.494570 -99.280472 10.452584
v 25.277388 -99.426605 10.316768
v 27.014818 -99.283646 10.291775
v 29.147163 -99.375977 10.411014
v 31.011517 -99.183006 10.705879
v 11.805204 -92.198181 54.495865
v 12.820531 -91.936745 54.807514
v 14.390332 -91.996239 55.069168
v 16.541336 -91.689247 55.284580
v 16.073639 -90.285950 54.921947
v 15.698126 -89.366112 54.643162
v 9.181876 -93.815659 54.190525
v 10.613615 -93.796021 54.554947
v 12.033828 -93.940231 54.902325
v 17.686373 -89.657196 54.882725
v 17.759617 -87.981300 54.486256
v 19.644026 -88.057060 54.588100
v 22.292072 -87.545677 54.382698
v 22.137207 -86.222221 54.152699
v 23.880638 -86.282028 54.055668
v 26.444849 -85.666519 53.722649
v 26.655994 -84.029152 53.518044
v 26.927151 -82.333687 53.188972
v 26.984076 -80.859337 52.896198
v 26.356253 -80.309975 52.845505
v 27.949633 -79.097511 52.333050
v 29.951248 -78.124031 51.698669
v 30.157509 -76.205231 51.150120
v 29.361761 -74.992828 51.007317
v 29.908319 -73.396164 50.470783
v 29.241425 -73.224922 50.484547
v 30.459574 -72.258064 49.739281
v 31.468124 -70.858665 48.643867
v 30.863138 -69.641396 48.330517
v 31.715788 -69.119240 47.671188
v 31.610228 -67.894035 46.989902
v 33.093117 -99.043228 11.286689
v 32.820179 -96.871773 11.422828
v 32.484074 -94.996193 11.536541
v 32.577961 -92.190903 11.871600
v 33.757126 -90.895607 12.458049
v 55.541565 -23.408257 5.646323
v 55.069145 -25.207277 5.629540
v 55.598904 -26.337835 7.059526
v 55.276638 -28.053675 7.019416
v 53.776768 -8.294256 0.700168
v 52.381367 -7.143874 0.312002
v 51.271606 -7.842982 0.032567
v 51.852436 -8.833891 0.064735
v 51.176739 -5.865637 0.140140
v 51.556160 -3.288798 0.208564
v 50.433556 -2.228474 0.172769
v 49.418053 -1.257201 0.277063
v 50.430004 0.692604 0.550779
v 49.265343 2.135747 0.923928
v 42.602848 6.914927 11.688496
v 43.641350 5.569165 11.333228
v 46.133289 5.275576 11.451243
v 50.435017 3.274799 1.071984
v 50.098404 4.706318 1.647151
v 52.108883 5.346187 1.338632
v 52.109684 7.666831 2.085457
v 51.113438 8.322098 3.204593
v 50.353081 8.200406 3.752118
v 41.694996 18.555378 7.864984
v 41.821716 18.019270 8.925887
v 41.906757 17.749685 9.607430
v 42.050503 17.090506 11.144654
v 41.818375 15.313219 11.187599
v 41.566589 13.778864 10.596820
v 41.711559 13.215949 11.997079
v 41.699638 11.572341 12.261130
v 41.749798 10.532774 12.097418
v 41.666035 10.518913 12.991762
v 42.221931 6.447362 13.268446
v 42.057461 19.923746 7.776172
v 42.282890 26.431791 4.627122
v 43.156963 25.490223 6.914532
v 43.783169 24.970642 9.118460
v 43.317207 23.437962 8.975333
v 43.074944 22.670631 8.895933
v 43.341557 22.550817 10.614335
v 42.925968 20.653196 10.772440
v 42.346004 19.062260 9.910069
v 42.206055 19.669918 8.565687
v 40.277424 28.799397 1.998938
v 38.133305 27.397608 0.944361
v 37.834606 29.378153 0.402211
v 36.237720 30.087643 0.303684
v 35.065029 29.998976 0.636361
v 34.685047 31.622601 0.745410
v 32.922092 31.876183 1.329667
v 32.109322 31.422892 1.833091
v 31.909779 33.171001 2.382375
v 30.918106 33.362000 3.628968
v 30.353848 32.831802 4.799547
v 30.084639 33.232105 6.427744
v 30.460871 34.745720 6.683414
v 30.344711 35.160126 8.394795
v 30.259762 36.178104 9.606173
v 29.681601 35.429478 11.310474
v 29.146847 31.457207 14.023430
v 29.413631 33.653133 14.118338
v 5.739209 47.632099 2.212209
v 4.722265 47.453732 3.477809
v 3.989733 47.224049 4.756614
v 3.487571 47.037895 5.630148
v 3.220442 46.691799 6.907753
v 3.010205 45.649521 7.064394
v 5.915450 50.520641 2.142782
v 5.746255 49.013229 2.279727
v 13.262466 63.139999 0.986532
v 10.955202 62.204151 0.533412
v 12.151850 61.052227 0.708055
v 9.945405 60.149670 0.585632
v 9.940543 58.466576 0.641279
v 8.129746 57.833752 0.983327
v 8.464721 56.714458 0.880537
v 7.525074 55.483601 1.196646
v 7.361403 53.239628 1.254531
v 6.649176 51.862328 1.597642
v 16.946083 54.236061 10.993119
v 16.163078 53.689228 12.534426
v 15.711007 52.923450 13.422323
v 14.585000 52.790081 14.565039
v 13.946564 51.103519 15.503594
v 15.010233 50.173069 15.127277
v 14.526986 49.152828 15.759305
v 15.162519 47.435883 15.831816
v 15.740400 46.106468 15.822933
v 2.782503 46.057976 8.760716
v 2.982972 45.496231 10.768768
v 2.628991 45.532703 12.603160
v 2.908549 45.365753 14.061756
v 3.638772 45.802906 15.253945
v 4.216696 45.271194 15.981452
v 7.876360 47.025955 17.463272
v 5.849534 47.407589 16.847834
v 4.377564 47.109501 15.907292
v 14.187298 45.628513 16.794411
v 12.121623 45.900970 17.564337
v 11.260409 47.246082 17.502411
v 9.790154 47.143482 17.498772
v -23.473316 55.789810 0.882929
v -23.284393 54.767612 1.005421
v -24.676407 54.194714 0.738471
v -27.156292 53.985531 0.973936
v -28.811390 53.690815 1.595900
v -30.059395 52.749664 2.280764
v -30.396629 51.571655 3.043622
v -30.095491 50.536938 3.494258
v -30.107691 48.992325 4.827519
v -28.784725 49.193024 13.511020
v -29.447538 48.539471 12.672833
v -30.590628 48.568924 11.038509
v -31.078260 48.444054 9.434442
v -30.946764 50.837845 5.129818
v -31.527651 50.637989 7.450095
v -31.714823 50.251980 9.519687
v -20.148823 57.636127 6.442131
v -19.041012 55.743671 8.126030
v -19.011227 54.997894 9.215806
v -19.440414 54.793678 10.584361
v -20.538374 55.141548 11.627796
v -21.181705 54.629944 12.311888
v -22.651714 54.412552 13.228144
v -23.324284 54.308643 13.670688
v -24.657185 54.923969 13.690494
v -26.531578 54.401756 13.990767
v -27.059010 52.800068 14.123446
v -27.655903 51.412334 14.087211
v -27.015940 50.601471 14.200019
v -27.827320 50.493015 14.058313
v -28.923584 50.765095 13.543733
v 42.784389 2.728158 15.875076
v 42.149559 3.726480 15.651069
v 43.058853 3.975636 14.446115
v 42.475853 5.274428 13.706628
v 41.632065 11.890155 13.200157
v 41.564724 12.861355 14.171988
v 41.050426 13.492543 15.209787
v 41.481251 14.830198 14.389376
v 41.452534 16.453917 14.856486
v 41.416565 18.009333 15.321051
v 41.295574 19.568388 15.813064
v 40.426376 19.397482 16.643366
v 39.926292 19.327364 17.066248
v 39.097065 19.114872 17.718575
v 39.893852 20.669285 16.944752
v 39.395313 22.565220 17.361309
v 38.733917 23.969177 17.556322
v 38.583935 25.529104 17.471256
v 37.861557 27.296574 17.397423
v 36.352039 27.875362 17.817003
v 36.569496 30.022232 17.279243
v 34.549477 29.759546 17.820677
v 32.969749 30.196692 17.624941
v 31.439955 29.990049 17.305159
v 30.553556 29.852304 17.027315
v 29.989939 29.450415 16.766958
v 30.285633 31.040422 16.222496
v 46.659416 -7.317926 20.786671
v 45.857147 -5.619149 20.389713
v 46.656559 -4.110174 19.758047
v 45.412750 -3.637386 19.727764
v 45.352627 -2.517455 19.303984
v 46.132008 -0.985113 18.434702
v 45.773624 -0.400985 17.889944
v 46.008202 0.836299 17.276520
v 45.582741 1.453657 16.105749
v 44.738243 2.794845 14.698404
v 43.575607 2.621269 15.451221
v 33.270653 -68.138130 46.417637
v 34.180859 -67.170258 45.486794
v 35.611305 -67.161522 44.686001
v 37.171570 -66.850266 43.521389
v 36.568024 -65.418724 43.219822
v 36.125977 -64.494873 43.057289
v 37.575150 -64.613823 42.089115
v 37.721405 -62.221684 40.866653
v 37.392105 -60.905060 40.465790
v 37.124340 -60.048103 40.244259
v 38.245270 -60.416954 39.574516
v 39.385994 -59.415321 38.005638
v 39.691929 -57.884354 37.084469
v 39.402077 -56.930733 36.901924
v 40.385658 -56.617931 35.788795
v 40.000027 -55.154091 35.456669
v 41.217625 -54.706848 34.094524
v 41.645237 -53.010704 33.005989
v 41.429466 -51.781990 32.643948
v 41.400246 -50.465309 32.064991
v 41.583031 -48.879105 31.298981
v 41.812378 -47.223965 30.487326
v 42.195450 -46.104565 29.781923
v 43.030933 -44.781891 28.687544
v 43.377342 -42.320324 27.660959
v 42.587685 -41.620800 28.031988
v 43.396549 -40.142563 27.127514
v 43.873001 -38.092236 26.502266
v 44.345196 -36.323322 25.937761
v 44.911530 -34.596058 25.399057
v 45.308701 -33.012421 24.998798
v 45.668911 -31.312912 24.607275
v 45.328014 -30.284994 24.723822
v 46.269836 -29.203352 24.031153
v 46.291367 -27.682131 23.880442
v 46.572247 -26.235241 23.571491
v 47.779751 -24.152241 22.612286
v 47.448090 -22.703686 22.742220
v 48.669174 -21.249407 21.787769
v 48.186440 -19.328087 21.986130
v 47.916176 -18.444023 22.107285
v 48.865105 -16.955854 21.360498
v 49.187420 -14.369307 20.983641
v 48.667046 -13.141383 21.147669
v 49.447006 -11.769186 20.479128
v 48.520996 -9.828848 20.678310
v 47.652203 -8.588490 20.738625
v 2.332996 -95.475952 51.165585
v 3.539147 -95.642487 51.942329
v 4.613546 -95.458099 52.515553
v 5.808170 -95.245148 53.143456
v 7.140723 -94.860680 53.733059
v 8.561844 -95.099075 54.345921
v 8.429947 -94.213753 54.090382
v 2.281013 -97.114159 51.475143
v 2.827184 -96.476006 51.738625
v 1.929880 -98.789902 51.427532
v 2.893668 -98.352570 52.075260
v 0.341513 -99.292656 50.229828
v 1.296968 -99.309959 51.076439
v 13.879909 -93.461052 55.167782
v 16.209238 -93.538139 55.502892
v 18.529400 -93.290314 55.679401
v 18.152134 -91.896835 55.404224
v 17.998337 -91.132347 55.232422
v 10.093460 -95.516251 54.809486
v 11.396558 -95.149040 55.015430
v 12.757003 -95.337204 55.451553
v 13.996580 -95.273270 55.519257
v 19.700394 -91.257759 55.267040
v 19.695902 -89.591568 54.929359
v 21.631395 -89.577461 54.880981
v 24.251722 -89.061729 54.486050
v 24.081860 -87.671036 54.249298
v 25.860752 -87.808182 54.054604
v 28.385344 -87.202026 53.577560
v 28.257738 -85.579002 53.424168
v 28.185390 -84.314415 53.272888
v 28.620687 -82.490463 52.911903
v 28.389677 -81.386292 52.763287
v 28.237770 -80.506958 52.668636
v 29.591862 -80.340973 52.310146
v 30.888746 -79.530373 51.966755
v 31.790384 -78.189171 51.291927
v 31.330980 -76.760605 50.975800
v 31.603937 -75.444099 50.454510
v 31.066790 -74.238419 50.246300
v 31.125711 -72.652931 49.662441
v 32.675159 -72.718590 49.010201
v 33.893253 -71.102051 47.717106
v 32.833511 -69.652962 47.479317
v 31.987972 -69.684082 47.942261
v 34.274391 -95.242630 12.256330
v 55.894638 -21.047125 5.427213
v 56.329987 -22.699369 7.549859
v 56.135563 -24.214834 7.565904
v 55.937492 -25.075556 7.294787
v 56.204521 -25.621117 9.090223
v 56.068008 -27.606897 9.214468
v 55.790817 -28.244020 8.314338
v 55.633183 -30.054392 8.967087
v 54.736107 -29.633986 6.488365
v 52.953529 -4.168901 0.342925
v 52.993774 -1.915240 0.314042
v 52.425777 -0.313747 0.357121
v 51.912823 1.344906 0.464074
v 51.261826 2.144671 0.687353
v 42.895065 5.367979 12.580926
v 44.039135 4.279146 12.996523
v 47.614437 3.025459 14.868251
v 50.386314 6.312169 12.276806
v 52.430538 3.178549 0.723900
v 54.324482 4.554768 0.625504
v 53.967655 5.898684 0.920118
v 53.859997 7.152047 1.183785
v 53.700050 8.760381 1.602906
v 52.475933 8.812371 2.147368
v 52.154022 9.564987 3.184524
v 51.364052 9.759201 4.630051
v 51.115585 9.560818 6.722013
v 42.756359 19.427216 12.554450
v 42.299053 17.737928 12.835254
v 41.938099 16.477440 13.377506
v 41.827873 14.768963 12.780232
v 41.724110 13.176753 13.059699
v 43.064022 28.538954 4.957469
v 43.133839 27.282379 5.473532
v 43.619614 27.334629 6.679645
v 44.027561 26.896338 8.860047
v 44.338451 26.431194 10.660737
v 44.060909 25.439964 10.067384
v 43.855053 24.566841 10.841723
v 43.656727 23.671789 12.159922
v 43.301586 22.234152 12.666214
v 43.171036 21.161640 12.417486
v 43.076241 20.935329 11.630004
v 42.615810 30.602686 3.426344
v 39.937515 32.734436 0.877054
v 39.043228 30.594788 0.648803
v 38.085808 31.689363 0.305009
v 36.707996 31.206404 0.267561
v 36.121559 33.145962 0.490874
v 34.096992 33.428699 1.024050
v 32.964016 33.031021 1.373594
v 32.798939 34.673073 1.943757
v 31.896812 34.590683 2.752521
v 31.296028 34.626705 3.597014
v 30.737413 34.394039 4.755968
v 31.168659 36.185699 5.151793
v 30.826424 36.530224 7.139824
v 30.634560 36.153255 8.300446
v 30.893349 37.783882 8.738290
v 30.528475 37.460670 10.121277
v 30.303419 37.182842 11.256398
v 29.981598 36.459515 12.901663
v 29.436062 35.210697 12.659186
v 30.020348 33.193848 15.238949
v 29.963171 34.763294 14.673274
v 29.522953 34.997364 13.595547
v 4.724071 49.270546 3.388897
v 3.994241 48.873592 5.096663
v 3.516428 48.444965 6.713396
v 3.101984 48.345585 8.768889
v 2.925975 47.098629 8.317993
v 5.657372 52.383854 2.166737
v 4.661245 51.784935 3.485400
v 4.830692 50.532570 3.223745
v 13.164324 66.253441 0.901998
v 13.757788 64.855553 1.130044
v 12.535482 64.811005 0.745807
v 11.517801 63.783985 0.596555
v 9.496124 63.467072 0.496970
v 9.813149 62.223297 0.508809
v 9.900828 61.527397 0.534517
v 8.425450 61.545177 0.774418
v 8.285978 59.752422 0.913032
v 6.578020 59.527470 1.435274
v 6.164350 57.638405 1.618651
v 6.206354 56.231972 1.735754
v 5.751740 54.861126 2.044721
v 5.896041 53.786644 1.871678
v 16.836029 56.188557 10.775838
v 15.949859 55.341709 12.281987
v 15.091788 55.161266 13.381453
v 14.332603 54.473248 14.121593
v 12.726861 54.183178 15.294891
v 12.910627 52.669476 15.551307
v 11.942773 51.276138 16.261936
v 13.000529 50.058647 16.210611
v 13.748316 49.810650 15.985786
v 13.397718 48.824139 16.418684
v 14.028075 47.637321 16.427326
v 2.858644 47.230080 8.923729
v 2.922927 47.514629 9.762445
v 2.512466 47.190601 10.956934
v 2.633074 47.047070 12.629738
v 2.866702 46.751209 13.920975
v 3.434262 46.802711 14.926589
v 9.730404 48.663784 17.153530
v 7.848975 49.112930 17.010822
v 6.211896 49.019306 16.596064
v 4.814452 48.807030 15.787286
v 3.824467 48.858635 14.829972
v 3.073278 48.215599 14.013558
v 12.752512 47.321976 17.071236
v 11.843700 49.115334 16.790968
v -25.360861 61.833775 1.398873
v -25.083044 59.234825 1.009271
v -24.282290 57.145950 0.813108
v -24.262236 56.311935 0.765934
v -25.262489 55.989887 0.715572
v -27.230667 55.317188 0.934209
v -29.049797 55.190075 1.488440
v -30.465872 55.208000 2.112142
v -31.083057 54.346001 2.627970
v -31.190258 53.112843 3.313411
v -30.995136 52.106354 3.576469
v -30.121859 50.043346 12.689410
v -31.133314 49.969601 11.411237
v -31.676092 52.529865 4.956634
v -32.220997 52.326553 7.507425
v -32.236614 51.717037 9.085963
v -31.814104 52.211380 10.967816
v -30.760218 51.506512 12.184305
v -20.354464 57.917931 8.900636
v -21.409691 60.628834 7.909272
v -19.444395 56.741318 8.115170
v -19.214359 56.477161 8.557425
v -19.461502 56.279621 9.092748
v -20.400293 56.762711 10.428588
v -20.986610 56.226898 11.522967
v -22.082499 56.296711 12.229906
v -23.585514 56.066597 13.061356
v -24.934288 56.383018 13.568412
v -26.140541 56.504719 13.616667
v -27.301268 55.725384 13.912367
v -27.391169 54.757236 13.988785
v -28.350283 53.879608 13.882910
v -28.420546 52.176785 13.871854
v -29.527189 52.178387 13.423305
v 42.156044 17.874945 14.072391
v 42.139805 19.474712 14.449948
v 42.017654 21.167522 14.967724
v 41.171528 20.847513 15.877804
v 41.302338 22.059423 15.763483
v 40.533413 23.554171 16.463959
v 39.632027 23.835897 17.148367
v 39.726940 25.205566 17.007023
v 39.656975 27.005186 16.743826
v 39.622066 28.817898 16.546343
v 38.373100 29.120089 16.943316
v 39.192356 30.735657 16.344673
v 38.025024 32.069878 16.458416
v 36.152321 31.901936 16.899797
v 35.353966 31.497360 17.150482
v 34.185802 31.283361 17.351402
v 32.860256 31.537579 17.267994
v 31.820114 31.523031 16.983536
v 31.254145 33.095989 16.226288
v 48.375736 -7.333527 20.150656
v 47.114155 -5.846250 20.180731
v 46.657028 -6.014217 20.498169
v 48.145401 -5.393394 19.892509
v 48.538929 -3.932729 19.005453
v 47.424927 -3.607532 19.278391
v 47.133244 -2.868207 19.015091
v 47.798252 -1.531780 18.365896
v 47.409397 0.216985 17.676186
v 47.747116 1.605659 16.681305
v 34.704235 -69.732758 46.610813
v 35.718643 -68.892601 45.513165
v 37.367676 -68.769379 44.419918
v 38.799370 -68.530907 43.162777
v 38.388618 -67.043991 42.683170
v 38.004871 -66.086823 42.486031
v 38.935520 -65.617424 41.424389
v 38.574329 -64.535873 41.272507
v 39.106808 -63.466351 40.323814
v 38.709217 -61.808556 39.843689
v 39.565945 -61.697922 38.899151
v 40.686932 -60.778030 37.247021
v 40.244446 -59.655453 37.266010
v 40.722584 -58.825462 36.453808
v 41.636284 -57.636002 34.964527
v 41.424961 -56.327953 34.587353
v 42.424538 -56.236134 33.430733
v 42.578312 -54.620037 32.662327
v 42.537575 -53.169109 32.137482
v 42.532246 -51.563549 31.503428
v 42.041000 -50.796173 31.656200
v 42.669872 -49.522427 30.645947
v 42.768520 -47.543369 29.844194
v 42.817284 -46.195492 29.349939
v 43.947289 -45.922726 28.341072
v 44.143478 -44.470913 27.704041
v 44.878105 -42.969257 26.769009
v 44.717297 -41.134186 26.467796
v 44.069340 -40.839306 26.843666
v 44.771317 -39.840595 26.183882
v 45.021385 -38.309357 25.766642
v 45.481144 -36.529049 25.236006
v 46.004723 -34.769402 24.718620
v 46.625416 -32.854218 24.118567
v 46.537636 -31.582384 24.066835
v 47.047779 -29.970631 23.596600
v 47.458096 -28.232527 23.162615
v 46.996502 -27.763077 23.454603
v 47.797779 -26.424351 22.784306
v 49.067081 -25.121819 21.713383
v 49.168362 -23.523836 21.568266
v 48.868317 -22.716228 21.750671
v 49.779720 -21.894390 21.021046
v 49.507851 -20.965921 21.139305
v 50.106831 -19.725201 20.589617
v 49.406624 -18.518328 21.071360
v 50.473667 -16.789036 20.098795
v 50.334309 -14.459288 20.128983
v 49.954613 -13.222137 20.333929
v 50.668201 -12.215298 19.797642
v 50.608334 -10.245682 19.706308
v 49.790100 -8.947012 19.901440
v 4.129195 -97.023186 52.601906
v 5.582624 -96.928436 53.350475
v 7.208679 -97.003799 54.222969
v 8.048163 -96.358177 54.415085
v 9.782196 -96.682381 55.008438
v 3.689026 -97.859703 52.557110
v 2.338725 -99.433861 51.926975
v 3.352528 -99.387169 52.613773
v 4.858079 -99.166512 53.472713
v 15.961235 -95.214149 55.730762
v 18.238388 -95.357178 55.954754
v 20.464396 -94.968178 55.969322
v 20.465836 -93.530060 55.712006
v 20.105547 -92.676872 55.548389
v 11.448333 -96.686180 55.378307
v 13.427275 -96.902992 55.716347
v 15.765315 -96.787880 56.006119
v 21.826057 -92.507378 55.428886
v 21.709120 -91.087982 55.168591
v 23.586590 -91.098183 55.003689
v 26.193064 -90.650444 54.501442
v 26.096989 -89.245529 54.255653
v 28.012548 -89.500206 53.943035
v 30.405233 -88.768028 53.310574
v 30.398174 -87.045586 53.143551
v 29.460232 -85.895020 53.245224
v 29.119495 -84.720558 53.142033
v 30.292273 -83.186180 52.691090
v 30.173580 -81.689529 52.504250
v 31.454767 -80.877113 52.069256
v 31.854445 -79.686951 51.748371
v 33.187767 -79.578644 51.190704
v 32.869354 -77.664459 50.740002
v 32.406448 -77.114738 50.820774
v 32.039032 -76.894943 50.962959
v 32.921848 -75.861496 50.182186
v 32.563049 -74.278000 49.724045
v 34.245880 -74.019753 48.837067
v 34.151798 -72.435822 48.248081
v 35.540195 -72.357277 47.483025
v 35.485695 -70.836662 46.798599
v 56.175896 -19.679779 5.472987
v 56.551655 -20.836712 7.349150
v 56.902840 -21.503176 9.425768
v 56.688656 -22.918055 9.198902
v 56.417385 -23.887327 8.799914
v 56.581635 -24.029419 10.724568
v 56.339817 -26.030281 11.208523
v 56.173916 -27.471642 11.012279
v 56.070969 -29.147835 10.784718
v 55.941948 -28.765471 9.320776
v 56.010822 -30.921581 11.383448
v 55.787075 -32.105877 10.497083
v 55.428009 -32.096142 8.879733
v 55.010990 -31.571833 7.727923
v 53.965984 -32.724499 6.155597
v 55.089573 0.860412 0.429326
v 53.650620 0.681679 0.391952
v 53.373158 1.495671 0.449566
v 48.978336 2.317720 16.212641
v 50.216835 3.137405 15.555718
v 54.759975 2.932564 0.515837
v 56.192245 4.604355 0.503627
v 55.911556 5.670367 0.552638
v 55.578861 6.778788 0.689191
v 55.532951 8.826748 0.969890
v 54.582401 9.958590 1.707783
v 53.768166 10.184051 2.272582
v 52.909435 9.766200 2.441806
v 53.436600 11.310191 3.584607
v 52.528915 10.854359 4.372728
v 53.214382 11.964475 5.673540
v 42.835201 21.004887 13.661802
v 43.476925 30.071484 4.936301
v 44.000191 29.946156 6.311429
v 43.835487 28.661081 6.617355
v 44.315750 28.930248 8.485407
v 44.350883 27.942539 11.262469
v 44.411350 26.794790 11.508911
v 43.821877 25.506512 12.507993
v 44.089897 25.513191 10.995647
v 43.564461 24.026054 12.907062
v 43.007240 22.965525 13.934283
v 43.223156 33.116348 3.857424
v 43.765400 31.210924 5.120606
v 41.098148 35.378094 1.139495
v 39.338848 35.055176 0.367867
v 37.487438 34.549320 0.333646
v 37.951168 33.078438 0.377855
v 35.468094 34.952427 0.551218
v 34.326038 34.549175 0.994281
v 33.584236 36.466537 1.586049
v 32.461842 36.213882 2.561579
v 31.784201 35.788273 3.213398
v 32.048832 37.859837 3.742508
v 31.432484 37.813705 5.530737
v 31.167238 37.613983 6.667133
v 31.685923 39.506706 6.880476
v 31.398527 39.794537 10.206027
v 30.782133 38.281303 10.628339
v 31.186192 38.627766 12.543712
v 30.748774 36.930248 14.105118
v 30.042248 35.878372 14.112934
v 30.872778 34.706535 15.486809
v 30.544481 35.786491 14.818754
v 4.331270 50.696289 4.011879
v 3.949940 50.505527 5.192453
v 3.572792 50.613674 7.147905
v 3.315671 50.209003 8.875651
v 2.508404 49.856750 10.895360
v 2.556622 48.635448 9.721435
v 4.749426 53.877602 3.162096
v 3.992834 53.184818 5.129530
v 4.014719 51.658867 4.891280
v 11.267197 66.462364 0.436671
v 10.366134 65.228569 0.362903
v 7.721229 65.149147 0.621755
v 8.050875 63.744503 0.654550
v 8.184607 63.001457 0.675192
v 6.662513 62.996140 1.224502
v 6.660263 61.264889 1.329885
v 5.251998 61.028931 2.238695
v 5.119315 59.189266 2.409698
v 5.253258 57.987331 2.244467
v 5.143242 56.557190 2.397637
v 5.062515 55.309170 2.521772
v 16.794716 57.955898 10.508145
v 16.210075 57.166100 11.526621
v 15.466755 56.875095 12.564528
v 14.834504 56.248024 13.368337
v 13.635745 56.240776 14.172895
v 11.901801 55.906181 15.175253
v 10.655353 54.442841 15.973057
v 11.048871 52.872356 16.121283
v 10.379301 51.503883 16.562057
v 11.278356 51.337189 16.608316
v 10.674623 50.458942 16.711575
v 2.412425 48.429752 10.789620
v 2.401239 48.573078 12.317672
v 8.638837 50.587723 16.753017
v 6.617570 50.386307 16.478268
v 5.579692 50.339661 15.990175
v 4.810740 50.257137 15.402467
v 3.843120 50.138828 14.491216
v 3.107731 49.838352 13.757640
v 2.533395 49.826260 12.722661
v -26.915398 60.599876 0.716540
v -26.441416 59.199799 0.680602
v -26.488956 58.245640 0.663189
v -25.753115 57.383282 0.696515
v -27.856293 57.123161 0.855803
v -29.365709 56.431248 1.378568
v -31.114880 56.663395 2.191218
v -32.053410 55.959122 2.993698
v -32.122070 54.709846 3.780111
v -31.725380 53.689529 3.941980
v -32.406490 53.867828 5.533133
v -32.299828 53.052536 6.377550
v -33.173737 53.806568 7.858476
v -32.953915 53.668324 9.449282
v -32.301701 53.261265 10.520198
v -31.567883 53.567825 12.054326
v -30.847881 53.056377 12.433832
v -29.860987 53.140594 13.302750
v -21.203535 59.887108 9.167019
v -21.410292 59.053879 10.033761
v -20.867308 58.000134 10.143428
v -21.674213 58.411423 10.915282
v -22.312082 57.789566 11.806093
v -23.947124 57.725040 12.601417
v -25.738918 57.620003 13.218859
v -28.096088 57.472446 13.338680
v -28.634092 56.072933 13.597259
v -28.543234 55.172398 13.746133
v -29.945204 54.792900 13.264046
v 42.102268 22.441195 15.018027
v 42.000130 23.687504 15.197418
v 41.496346 25.153948 15.655827
v 40.697742 25.156166 16.321873
v 41.038692 26.581093 15.974782
v 41.062820 28.533100 15.792531
v 41.051338 30.639746 15.586862
v 40.458904 32.212582 15.632329
v 39.202450 32.917980 15.888606
v 38.032284 33.423981 16.263695
v 37.183270 33.523205 16.432547
v 36.042168 33.180130 16.623371
v 34.575764 32.652439 16.901911
v 32.945641 32.956013 16.769501
v 32.538532 34.790691 16.101595
v 49.786316 -7.018812 19.503038
v 49.157845 -5.819221 19.485888
v 50.814842 -5.498296 18.723982
v 50.688988 -3.235612 18.279442
v 48.992821 -2.408595 18.371145
v 47.878967 -2.522281 18.480320
v 50.191284 -1.282528 18.007236
v 49.311760 0.189093 17.745052
v 49.099926 1.389413 17.037498
v 36.792019 -71.084755 46.118610
v 38.083843 -70.427101 44.876064
v 38.973068 -69.989021 43.936558
v 40.259331 -70.001839 42.751801
v 39.948105 -68.477150 42.049850
v 39.248608 -67.382294 42.088726
v 40.063923 -66.990120 40.965244
v 39.903545 -65.622208 40.422489
v 39.575577 -64.793304 40.375977
v 40.294964 -64.597923 39.433289
v 39.963982 -63.192257 39.181450
v 40.760235 -63.145409 38.146793
v 41.860229 -62.501297 36.459782
v 41.690411 -60.874683 36.098953
v 41.355408 -59.974709 36.164734
v 42.303658 -59.383060 34.704494
v 42.431023 -57.755821 34.010952
v 43.376709 -57.518467 32.728455
v 43.370136 -56.079361 32.252377
v 43.439163 -54.874111 31.738506
v 43.555054 -53.247417 31.076815
v 43.632587 -51.523205 30.415064
v 43.218895 -50.498272 30.485155
v 43.932388 -49.373089 29.443855
v 43.723576 -47.744850 29.117546
v 45.103138 -46.979095 27.607430
v 45.006432 -45.382282 27.293556
v 44.817272 -44.544922 27.209232
v 46.138950 -44.046871 26.043905
v 46.176857 -41.970341 25.573215
v 45.696968 -40.808830 25.724701
v 45.330482 -40.091591 25.860590
v 46.130604 -38.720879 25.096399
v 46.606361 -36.712357 24.521536
v 47.059006 -34.975471 24.013796
v 47.564869 -33.318562 23.508986
v 48.069542 -31.857367 23.053839
v 47.903484 -30.655626 23.068304
v 48.282562 -28.734760 22.633827
v 48.284843 -27.549040 22.515812
v 49.548782 -26.996649 21.519938
v 50.291904 -25.125999 20.799665
v 50.410393 -23.498213 20.627518
v 50.970493 -21.801989 20.102638
v 50.500153 -20.865231 20.350878
v 51.198353 -19.876253 19.673290
v 51.280777 -17.791027 19.448477
v 51.676311 -15.933581 19.045723
v 51.511131 -14.303863 19.177486
v 51.085735 -13.226638 19.504816
v 51.761196 -11.896952 19.020454
v 51.212578 -10.789644 19.395651
v 51.741634 -9.309590 19.005854
v 50.743984 -8.911369 19.499706
v 50.906654 -7.679064 19.173800
v 5.014757 -98.018616 53.302010
v 6.743974 -98.767876 54.276344
v 7.779603 -98.159958 54.565758
v 9.402411 -98.061615 55.090023
v 10.993125 -98.024734 55.759411
v 6.426054 -99.449516 54.403694
v 17.692013 -96.774147 56.206280
v 18.843950 -96.780930 56.233688
v 20.166199 -96.672691 56.256229
v 22.256882 -96.477692 56.276047
v 22.318531 -95.004700 55.970238
v 21.742956 -94.000237 55.759212
v 12.084872 -97.524765 55.902771
v 12.734156 -98.288536 55.749245
v 14.110987 -98.700874 56.148769
v 15.741455 -98.259651 56.318405
v 17.671230 -98.138283 56.476624
v 23.691372 -93.972939 55.613663
v 23.674316 -92.534271 55.297882
v 25.527838 -92.618645 55.055119
v 27.939184 -92.220650 54.427120
v 27.840649 -90.866455 54.222477
v 29.269552 -91.243332 53.951633
v 30.251511 -90.257622 53.541225
v 32.051487 -90.026688 53.023083
v 31.593410 -88.983185 53.020370
v 32.356834 -88.022003 52.655243
v 31.841866 -85.786163 52.602043
v 30.494219 -85.911522 53.019012
v 30.424910 -84.859497 52.957764
v 31.979815 -84.015320 52.372093
v 32.279404 -82.474319 52.117249
v 32.548092 -81.258400 51.901295
v 32.149429 -80.056595 51.871120
v 33.542282 -81.771362 51.539410
v 35.237476 -80.840439 50.633766
v 34.724659 -79.409485 50.526669
v 34.686691 -78.404739 50.265755
v 34.240738 -77.097900 49.982330
v 34.376877 -75.599174 49.395538
v 36.062977 -75.554375 48.558147
v 35.602425 -73.787582 48.147339
v 37.045425 -73.596832 47.214546
v 36.908165 -72.405975 46.740891
v 56.406773 -17.977453 5.510031
v 56.524605 -19.228666 6.104627
v 56.816208 -19.138519 7.226923
v 57.020355 -19.533777 9.200937
v 57.072941 -20.107597 11.293664
v 56.992611 -21.531862 10.871520
v 56.910492 -22.405464 10.619349
v 56.896587 -22.641769 9.856567
v 56.630703 -22.590628 12.199613
v 56.354790 -24.638603 12.983035
v 56.343643 -25.764482 12.558620
v 56.094692 -27.370251 12.718002
v 56.008060 -29.202679 12.998335
v 56.032490 -30.426346 12.614830
v 55.760876 -31.829865 13.133715
v 55.592403 -33.330292 12.369369
v 55.481892 -33.659958 10.621574
v 55.330818 -33.420925 9.355180
v 54.885811 -33.394047 8.054165
v 54.327427 -35.751629 7.810200
v 56.500118 3.857057 0.479686
v 50.857643 2.213585 16.464472
v 57.714512 5.628612 0.472099
v 57.534954 7.189008 0.526735
v 57.188103 8.922195 0.644176
v 56.415394 10.405006 1.026338
v 55.313931 10.966667 1.760789
v 54.383221 11.079212 2.449656
v 54.927246 12.781707 3.124511
v 54.029682 12.946597 4.536999
v 55.028580 14.580906 4.991791
v 54.812092 14.481594 7.257762
v 53.378036 11.551881 9.042450
v 44.314369 31.762600 6.776920
v 44.395424 30.308449 7.699027
v 44.635792 30.762421 9.285509
v 44.493256 29.819614 10.833162
v 43.941555 29.661612 12.661476
v 43.772568 28.102327 12.849451
v 43.846855 27.165230 12.649466
v 43.146523 26.888557 13.813120
v 43.144444 25.533775 13.929436
v 42.915264 24.445120 14.325084
v 43.319866 35.512451 3.203036
v 44.325951 34.672970 5.343149
v 44.332714 33.262676 5.779759
v 40.875252 38.537292 0.698324
v 40.428123 36.881897 0.419749
v 39.333614 36.791885 0.243455
v 37.457802 36.397251 0.428325
v 35.661728 36.117477 0.653889
v 35.424004 37.982101 1.081798
v 33.655540 38.134636 1.840888
v 32.994141 37.920372 2.432473
v 33.059410 39.230984 2.805846
v 32.312962 39.713219 3.991861
v 31.982298 39.562733 4.921865
v 32.409492 41.262905 5.537629
v 32.226929 41.848770 7.531088
v 32.047497 41.665668 9.254923
v 32.169743 41.718296 11.436863
v 31.704760 40.299141 11.835325
v 32.432056 40.787731 13.053540
v 32.296455 39.270580 13.913734
v 31.925201 37.902702 14.452187
v 31.563000 36.280880 15.189870
v 3.714113 52.314548 6.656205
v 3.458268 52.180393 8.254831
v 3.088878 51.854393 9.235447
v 3.015596 51.669022 10.901463
v 3.085916 51.316097 12.937207
v 4.254117 55.509182 3.462114
v 3.993331 54.974197 4.936074
v 3.720917 54.387062 6.372137
v 3.749466 53.416721 6.408553
v 12.139282 68.520363 0.540788
v 9.762714 68.047279 0.289000
v 8.279821 66.987022 0.473268
v 6.063466 66.728714 0.968633
v 6.044597 65.382202 1.258154
v 6.381263 64.477547 1.269580
v 5.202373 64.236763 2.186673
v 5.274559 62.659119 2.249748
v 4.223395 62.350006 3.572538
v 4.325741 60.713299 3.361573
v 4.336596 59.246307 3.470048
v 4.586626 58.063286 3.151058
v 4.524376 56.948071 3.130859
v 16.564695 59.324963 10.527407
v 16.165949 58.581863 11.298250
v 15.610657 58.125523 12.144438
v 14.489347 58.325127 13.273838
v 13.658551 57.782757 13.934432
v 11.778156 57.727360 14.805840
v 9.688341 57.509148 15.584659
v 9.884839 55.794716 15.935129
v 9.575485 54.743301 16.173582
v 9.047686 53.809448 16.369356
v 9.996954 53.360374 16.443434
v 8.527779 52.389576 16.619675
v 6.616635 51.860237 16.164839
v 4.905534 51.617321 15.369872
v 3.826466 51.501343 14.235765
v -26.861870 62.932816 0.966912
v -28.549606 62.134781 0.543980
v -28.216200 60.697544 0.560571
v -28.333582 59.723961 0.627079
v -27.635740 58.677338 0.601460
v -29.557732 58.704964 0.918429
v -31.168341 58.176594 1.777826
v -32.268440 57.932026 2.531686
v -32.979046 57.603443 3.395009
v -32.793480 56.496010 3.833085
v -32.892265 55.599422 4.987647
v -33.622280 55.267921 7.706955
v -33.508598 55.223541 9.378234
v -32.928112 54.977371 10.345334
v -32.333271 54.691284 11.386735
v -31.463814 54.672405 12.327569
v -22.146420 61.497753 8.926678
v -22.747814 60.657276 10.208287
v -22.237801 59.437199 10.654979
v -23.278185 59.585346 11.375243
v -24.170162 59.044628 12.199057
v -25.761585 59.205784 12.597185
v -27.596479 59.116402 12.744152
v -29.704935 59.245251 12.417906
v -30.066982 57.688690 12.873190
v -29.660967 56.547615 13.127937
v -31.691664 56.436241 12.024392
v 42.498375 25.361374 14.711748
v 42.146500 26.490974 15.056790
v 42.349503 28.149019 14.756686
v 42.248405 29.963308 14.717849
v 42.322609 31.613577 14.480781
v 41.539455 33.424446 14.766669
v 39.488129 34.441341 15.454071
v 37.966396 34.286896 16.046473
v 37.428394 34.106289 16.366199
v 36.238384 34.649055 16.294258
v 34.081226 33.988224 16.536123
v 33.757626 33.271530 16.694235
v 32.998493 33.915066 16.368546
v 34.479797 35.733826 16.120144
v 33.314327 37.203808 15.487162
v 52.621651 -7.109437 18.219084
v 52.530487 -5.272704 18.020126
v 52.367580 -3.876356 17.872791
v 52.503853 -2.297310 17.552513
v 51.336292 -1.961955 17.863878
v 52.177586 -0.721172 17.413649
v 51.004406 0.301167 17.470028
v 50.346451 1.176289 17.199291
v 38.218910 -72.752899 46.159016
v 39.360374 -72.196365 45.032619
v 40.178028 -71.492523 44.001678
v 41.439888 -71.502922 42.700382
v 41.284832 -70.104790 41.608936
v 40.871937 -68.529320 40.924828
v 40.908131 -67.061699 39.911770
v 40.514950 -66.061104 39.864689
v 41.347645 -66.039688 38.703190
v 41.075260 -64.623886 38.402729
v 41.861301 -64.681862 37.343063
v 42.860413 -64.058594 35.566082
v 42.772594 -62.424965 35.143353
v 42.402252 -61.298359 35.259884
v 43.413033 -61.178478 33.667137
v 43.777027 -59.157177 32.591537
v 44.300388 -57.780365 31.556030
v 44.492344 -56.580254 30.930252
v 44.255146 -55.372032 30.886723
v 44.458675 -53.468899 30.040609
v 44.599583 -51.614735 29.353012
v 44.302200 -50.480328 29.405199
v 44.988731 -49.519146 28.386606
v 45.988396 -48.338036 27.028210
v 46.239765 -46.823940 26.491447
v 46.175320 -45.852757 26.368954
v 47.200520 -45.504093 25.318043
v 47.459919 -43.693916 24.819014
v 47.401226 -42.343742 24.684713
v 47.112534 -41.066383 24.751242
v 46.588783 -40.116055 24.972506
v 47.500790 -38.640827 24.136251
v 47.761852 -36.817986 23.711538
v 48.168583 -35.101330 23.237284
v 48.596413 -33.482910 22.804871
v 48.961346 -31.959965 22.415382
v 49.174824 -30.479836 22.122612
v 49.234909 -29.072189 21.988338
v 50.598785 -28.734846 20.809855
v 51.123348 -26.781481 20.238855
v 51.219780 -25.352942 20.008814
v 51.540672 -23.692408 19.644217
v 51.832355 -22.001337 19.362829
v 51.551731 -20.964149 19.498278
v 52.184570 -19.990913 18.838257
v 52.202007 -18.211878 18.684374
v 52.501469 -16.332483 18.312344
v 52.658298 -14.299307 18.189857
v 52.247726 -13.112847 18.583435
v 53.017765 -11.880905 18.046196
v 52.452953 -10.526731 18.537420
v 53.280537 -9.322031 18.010199
v 8.216244 -99.515030 55.010284
v 9.444570 -99.385124 55.165073
v 11.425515 -99.409096 55.786217
v 12.142682 -98.628258 56.027767
v 19.608932 -97.957291 56.511948
v 21.864759 -98.031654 56.513493
v 24.132450 -97.858574 56.369850
v 23.772184 -96.464195 56.253120
v 23.505808 -95.525597 56.096790
v 13.483554 -99.205711 56.023693
v 13.489728 -99.530609 56.422668
v 15.531776 -99.320389 56.591263
v 17.447037 -99.227951 56.751266
v 19.374769 -99.178925 56.807758
v 25.172457 -95.630814 55.768772
v 25.590101 -94.041092 55.382744
v 27.506397 -94.305305 54.970959
v 29.894909 -93.674019 54.141960
v 29.441927 -92.422684 54.078697
v 30.804708 -92.765442 53.752735
v 31.581133 -91.679726 53.355537
v 33.786327 -91.637032 52.590691
v 33.661537 -90.101906 52.478287
v 33.050133 -89.268509 52.597336
v 34.383835 -88.576920 51.989853
v 33.923840 -87.334885 52.041405
v 33.700752 -86.171448 52.014748
v 33.572044 -84.528145 51.901733
v 33.317848 -83.207512 51.841465
v 34.848244 -83.210732 51.184872
v 36.680077 -82.485283 50.208672
v 36.645897 -80.891266 49.959755
v 36.419079 -79.859055 49.847416
v 35.812065 -78.812820 49.889961
v 35.573040 -77.305824 49.536919
v 36.854340 -77.463203 48.943924
v 38.344032 -76.645676 47.751400
v 38.344109 -74.841843 46.991619
v 38.579224 -73.757187 46.435375
v 57.011555 -14.708107 5.681928
v 57.017952 -16.750673 6.488282
v 56.904671 -17.827604 7.018712
v 57.207150 -17.382124 8.941299
v 57.205254 -18.345570 10.971938
v 57.034985 -18.570950 12.467082
v 56.758205 -19.815672 12.872463
v 56.415722 -21.319355 13.265315
v 56.210770 -22.834854 13.876063
v 55.897499 -24.304459 14.148453
v 55.672298 -26.007458 14.611019
v 56.125824 -25.816538 13.582028
v 55.781483 -27.070105 14.113615
v 55.589779 -28.825100 14.378588
v 55.522312 -30.274769 14.719438
v 55.594307 -31.366770 14.465701
v 55.212856 -33.230900 14.626614
v 55.047405 -35.193951 14.337910
v 55.303032 -35.194424 12.563714
v 55.272221 -34.854317 11.037558
v 55.204155 -34.622925 9.745390
v 54.955948 -34.758980 8.673935
v 54.846165 -36.170280 9.580857
v 54.236904 -38.255066 8.982232
v 53.911797 -37.500626 7.605066
v 52.901253 -36.953171 6.055743
v 52.800571 2.062251 16.540792
v 53.437332 3.657708 15.958934
v 58.396107 5.435134 0.454859
v 59.342606 7.540591 0.410625
v 59.103535 8.609194 0.462154
v 58.646885 10.271387 0.684753
v 57.067009 11.537475 1.260018
v 55.906860 12.300217 1.827670
v 56.273926 14.095725 2.409323
v 55.466423 14.469353 3.514863
v 56.314693 15.940950 3.758754
v 56.055714 16.298229 5.355417
v 55.746220 16.012840 6.456312
v 56.499485 16.835285 8.316768
v 44.834621 33.605526 7.712039
v 44.747967 32.003368 8.596757
v 44.847813 32.355507 10.470902
v 44.235634 31.431974 12.031310
v 43.302177 31.036203 13.613964
v 43.169510 29.662109 13.896515
v 43.326897 28.588652 13.708645
v 44.443638 37.639400 5.282651
v 44.842098 35.234467 6.373713
v 41.600807 41.003811 1.332198
v 39.333023 40.544941 0.318387
v 38.777451 39.121983 0.355727
v 39.116325 38.172188 0.271355
v 37.647728 38.002556 0.381402
v 36.883739 39.848694 0.779792
v 34.998074 39.745583 1.479266
v 34.086315 39.190907 1.847456
v 33.976154 40.874039 2.445389
v 32.977654 40.948631 3.764774
v 33.084057 42.506775 4.613362
v 32.858601 43.046349 5.904465
v 32.709209 43.391819 7.222473
v 32.550652 43.395264 8.901793
v 32.691307 43.441067 10.647857
v 33.080265 43.315990 12.338010
v 32.709679 42.139278 12.598951
v 33.486427 42.565861 13.429208
v 33.335495 41.235001 13.873977
v 33.289715 40.133385 14.310020
v 33.039742 38.771122 14.772390
v 3.572373 53.862896 7.445010
v 3.428505 53.502911 8.572828
v 3.013001 53.168324 9.417937
v 3.061578 53.311649 10.897575
v 3.341676 53.237999 12.596042
v 4.163484 53.189404 14.311493
v 3.953743 57.037319 4.564706
v 3.574660 56.129051 6.862613
v 3.462405 54.871864 7.429124
v 13.616344 70.635704 1.027665
v 11.915643 70.711754 0.411747
v 10.222981 70.193199 0.244941
v 10.269822 68.995941 0.253006
v 8.532938 69.470917 0.321924
v 7.387935 68.634583 0.619018
v 5.333685 68.358231 1.448696
v 4.683363 67.005020 1.871101
v 5.100185 65.893227 1.760392
v 4.050457 65.820366 3.095457
v 4.167133 64.228333 3.422928
v 3.343303 64.485023 5.049481
v 3.493905 62.135315 5.457232
v 3.833176 61.145592 4.974173
v 3.970500 60.048843 4.635018
v 3.892416 58.572838 4.713217
v 16.498865 60.751999 10.206954
v 16.023733 60.014145 11.091842
v 15.478095 59.552296 11.915633
v 14.321160 59.540085 13.127727
v 13.144368 59.512329 13.946711
v 11.752217 59.388107 14.608591
v 9.839393 59.319984 15.126698
v 7.697436 59.123940 15.447142
v 7.743136 57.352211 15.800748
v 8.554012 56.308655 16.111807
v 8.597530 54.801098 16.241940
v 8.409616 53.841099 16.072618
v 7.471328 53.796329 16.288549
v 6.335321 53.157379 16.068144
v 5.257203 52.997509 15.461293
v -25.845732 64.193390 1.758437
v -27.114544 64.610504 1.107514
v -28.404076 64.180199 0.791023
v -30.518564 63.675114 0.685025
v -30.354574 62.006271 0.695276
v -29.999855 61.139488 0.766922
v -29.505514 60.211472 0.721319
v -31.563135 60.254120 1.381658
v -32.996960 59.806622 2.586350
v -33.305477 59.081432 3.154999
v -34.191238 58.959244 5.232476
v -33.446064 57.609142 4.557456
v -33.103516 56.811443 4.381769
v -33.479233 57.012432 5.455706
v -34.095135 56.758354 7.495000
v -33.959141 56.476734 8.921986
v -33.738071 56.267384 9.889951
v -33.064121 56.233490 10.861776
v -22.632524 62.644188 8.051717
v -23.105198 62.950077 8.730036
v -23.556284 62.208481 9.642844
v -24.663280 62.043335 10.620618
v -24.365255 60.931953 11.239546
v -25.394138 60.502556 12.144032
v -27.380222 60.795200 12.240616
v -28.583651 59.975704 12.216654
v -29.409647 61.158897 11.902000
v -31.030584 60.874653 11.550259
v -31.334248 59.350471 11.886333
v -31.185057 58.232834 12.336560
v -32.365810 58.522362 11.481335
v -33.688541 57.664673 10.092981
v 43.251011 32.914265 13.550253
v 42.643742 34.914482 13.979714
v 41.750294 34.778164 14.494125
v 40.859543 35.992004 14.672093
v 38.788609 36.292381 15.350514
v 37.280888 35.821194 15.813916
v 35.800999 35.958607 16.029266
v 35.672523 37.261395 15.710718
v 34.683010 39.305611 15.116245
v 54.214447 -7.960691 17.337168
v 54.076706 -6.456157 17.497807
v 53.450836 -5.560844 17.716476
v 53.490719 -4.331638 17.543102
v 54.452137 -2.433225 16.963314
v 53.431217 -1.219760 17.150928
v 54.330254 0.532481 16.644388
v 52.381268 0.739969 17.035896
v 51.491707 1.337599 16.979570
v 40.347855 -74.139397 45.416107
v 42.172886 -73.190788 43.428993
v 42.394459 -71.791000 41.711098
v 42.018238 -70.493568 40.740749
v 41.764778 -68.994583 39.924355
v 41.592434 -67.624947 39.215233
v 42.317520 -67.671387 38.086071
v 42.116871 -66.124779 37.630756
v 42.886917 -66.210541 36.419682
v 43.694515 -65.604225 34.599117
v 43.583172 -64.034264 34.381935
v 43.349319 -62.879761 34.366310
v 44.125431 -62.583836 32.808434
v 44.044979 -61.335052 32.684071
v 44.574806 -60.340462 31.528030
v 44.862900 -58.302212 30.718004
v 45.158813 -56.751545 29.953627
v 45.334091 -55.255650 29.362337
v 45.363277 -53.662613 28.965649
v 45.471088 -52.011333 28.375883
v 45.334122 -50.838444 28.262381
v 46.281818 -50.366013 27.041748
v 46.872238 -48.536457 26.080364
v 46.826504 -47.289230 25.964382
v 47.910080 -47.121101 24.741047
v 48.398582 -45.225037 24.109821
v 48.499554 -43.623817 23.901287
v 48.285351 -42.042336 23.892521
v 48.008934 -40.662830 23.957668
v 47.767887 -39.686409 24.043928
v 48.590237 -38.573444 23.275932
v 48.907825 -36.832615 22.855227
v 49.290279 -35.177849 22.426455
v 49.670998 -33.571499 22.004650
v 50.003399 -32.019272 21.613949
v 50.065178 -30.702398 21.438721
v 51.441841 -30.352455 20.223856
v 51.986019 -28.398355 19.521088
v 52.027679 -27.033617 19.387419
v 52.240223 -25.481283 19.058546
v 52.585110 -23.801144 18.631233
v 52.869823 -21.945353 18.343252
v 52.547531 -20.916574 18.597515
v 53.246567 -19.593264 17.826590
v 52.743790 -18.521318 18.206581
v 53.346729 -17.145285 17.591518
v 53.939075 -14.734456 17.046217
v 53.470371 -13.248900 17.552763
v 54.253494 -12.058167 16.952866
v 53.850746 -10.680485 17.450169
v 54.839893 -9.645189 16.692192
v 10.309978 -99.745316 55.715370
v 11.883869 -99.774368 56.178040
v 21.369852 -99.159683 56.772415
v 23.520882 -99.158463 56.583080
v 25.846470 -99.216019 56.151924
v 25.280752 -98.358147 56.089436
v 26.394585 -97.217781 55.747578
v 26.779266 -95.684479 55.445511
v 28.092546 -96.057114 55.126095
v 30.385212 -95.674103 54.267868
v 32.016335 -94.709091 53.602386
v 31.126217 -93.716507 53.770042
v 31.827629 -93.743813 53.550770
v 33.242264 -93.648453 53.002743
v 35.470043 -93.113815 52.019131
v 35.101627 -91.695267 52.087082
v 35.061695 -90.301895 51.893166
v 35.921638 -88.846558 51.275543
v 35.931686 -87.650620 51.141304
v 35.190758 -86.528229 51.435684
v 35.009670 -84.895988 51.405693
v 36.325279 -84.770073 50.674606
v 38.219910 -83.935181 49.567425
v 38.000950 -82.239799 49.572353
v 37.459717 -81.210449 49.623417
v 37.387688 -79.975052 49.373276
v 36.975491 -78.865997 49.324188
v 38.202362 -78.714684 48.513065
v 39.789772 -78.050735 47.313961
v 39.841854 -76.590675 46.832111
v 39.575085 -75.558174 46.570251
v 57.754303 -11.387790 5.951188
v 57.771324 -13.341904 7.122223
v 57.358833 -14.910672 6.514033
v 57.232430 -15.977711 7.061384
v 57.567936 -15.629029 8.644602
v 57.374382 -15.887814 10.755936
v 56.812740 -16.965681 12.814882
v 56.577606 -18.600187 13.593089
v 56.635433 -19.295532 13.332466
v 55.960064 -20.407051 14.432726
v 55.432346 -22.455587 15.066134
v 55.201237 -24.166027 15.427966
v 54.954674 -25.807676 15.801828
v 54.764011 -27.500195 16.218241
v 55.332462 -27.275440 15.184189
v 55.027687 -28.586863 15.668099
v 54.941345 -30.511574 15.919303
v 55.246540 -31.375160 15.634660
v 54.562283 -32.711678 16.595041
v 54.477188 -34.818539 16.366936
v 54.454845 -36.750519 16.067860
v 54.878628 -36.568142 14.384653
v 54.984123 -36.634865 12.990859
v 55.058460 -36.147072 11.478106
v 54.684017 -37.754009 11.398286
v 54.186943 -39.849430 10.768564
v 53.962067 -39.776447 9.310213
v 53.818462 -39.752342 8.443921
v 53.748177 -38.665462 7.682930
v 54.810055 3.016223 16.176851
v 54.677895 3.880726 15.992471
v 55.667679 4.898979 15.616693
v 53.389229 5.132118 15.173045
v 54.655910 7.191560 14.502130
v 61.182247 9.717001 0.378501
v 59.835739 9.604435 0.476986
v 60.284412 11.819479 0.574650
v 58.998627 11.690407 0.786561
v 57.982964 13.128185 1.304993
v 57.114296 14.510630 2.025125
v 57.754841 16.070284 2.493888
v 57.455978 17.811737 4.204615
v 56.803627 17.315382 5.241092
v 56.561584 17.149752 6.437314
v 57.856323 18.787066 6.770756
v 58.670982 19.053183 9.720233
v 45.127468 35.551594 7.444930
v 45.173344 34.800919 9.311537
v 45.139874 33.484715 9.507303
v 44.969395 33.853512 10.773459
v 44.570511 33.351368 11.602194
v 44.210045 32.957729 12.331663
v 45.594185 42.002647 6.484618
v 45.518768 38.507534 7.595230
v 45.222561 36.965992 7.319873
v 42.093918 42.990910 1.273591
v 39.687119 42.713856 0.462122
v 38.231503 42.022690 0.522468
v 37.698673 41.006203 0.566963
v 36.348770 41.441742 0.991200
v 35.141872 40.872658 1.517300
v 34.909336 42.481911 2.084896
v 34.003563 42.294025 2.886310
v 33.443115 42.128128 3.443673
v 33.947826 43.613483 3.644973
v 33.362713 44.226269 5.653897
v 33.005791 44.006798 6.572904
v 33.327545 45.440739 7.494742
v 33.000290 44.805927 8.654995
v 33.117702 45.031906 10.102722
v 33.627113 45.228565 11.790753
v 34.087147 44.261513 13.159561
v 33.463627 43.432556 13.031669
v 34.396687 41.432808 14.368304
v 34.449055 42.823082 14.053726
v 34.173214 43.403370 13.713014
v 3.059233 55.262383 8.838636
v 2.997284 54.802559 10.595582
v 3.501426 55.027485 12.594620
v 4.056246 54.533817 13.698944
v 4.943299 54.888847 14.620474
v 5.850350 54.357452 15.522367
v 3.624297 58.400448 6.139493
v 3.164410 57.861885 8.070482
v 3.555868 56.504360 8.249906
v 14.092044 73.181259 1.178968
v 12.426117 72.520210 0.436156
v 10.360366 71.927116 0.267445
v 8.617948 71.465775 0.330581
v 8.691296 70.482033 0.295811
v 7.221473 70.936760 0.606344
v 5.451271 70.417229 1.396587
v 4.021108 69.704575 2.371032
v 4.236834 68.712234 2.114025
v 3.746107 67.914474 2.758091
v 3.266698 66.971611 3.936682
v 3.359396 65.860535 4.128181
v 3.075623 66.250259 4.796394
v 3.051037 65.915367 5.632090
v 2.914248 65.635391 6.887882
v 2.668609 64.035187 7.371697
v 2.885852 62.636875 7.034740
v 3.326337 61.120342 6.960070
v 3.718734 60.124813 6.247641
v 16.712008 62.146400 9.376583
v 15.884742 61.868149 10.771211
v 15.077697 61.306705 11.897776
v 14.192908 60.778767 12.976835
v 12.745368 61.196510 13.918758
v 11.645243 60.733803 14.456445
v 9.963377 60.920387 14.829839
v 7.991629 60.928787 15.103633
v 5.832479 60.482407 14.773401
v 6.083797 59.031666 15.071838
v 6.180816 57.719955 15.082532
v 6.114308 56.036823 15.266287
v 7.295627 55.418308 16.038284
v -26.194805 66.329445 2.266596
v -27.045107 66.003761 1.434482
v -28.404259 65.850929 1.047291
v -30.266724 65.628128 1.014771
v -32.215294 65.330696 1.254862
v -32.348694 63.690876 1.085293
v -31.947233 62.737408 1.053563
v -31.681740 61.824619 0.976547
v -33.157635 61.924519 1.885584
v -33.571747 61.048771 2.923161
v -34.165359 60.778927 4.600583
v -34.912758 60.783806 7.237376
v -34.906666 59.231590 7.347995
v -34.562004 58.030502 6.963307
v -34.622162 58.222115 8.345641
v -23.799561 64.320938 6.411371
v -23.562428 63.851421 8.042902
v -24.425756 64.315201 8.725510
v -25.679453 63.653004 9.885900
v -26.599842 62.174282 11.218216
v -25.735744 61.389187 11.585431
v -27.968164 61.737198 11.685128
v -28.117496 63.004089 10.982254
v -30.321047 62.470547 11.078312
v -30.261221 61.422382 11.431081
v -32.185291 62.328560 10.590357
v -32.450207 60.970715 10.819323
v -32.154079 59.896652 11.309704
v -33.350780 59.816582 10.310679
v -34.526443 59.481079 8.839565
v 44.035229 34.466324 12.480934
v 43.175236 36.513672 13.111991
v 42.178154 36.339714 13.944814
v 41.823967 37.941059 13.941132
v 40.328091 38.047394 14.713272
v 38.946220 37.671246 15.142410
v 37.512478 37.302593 15.532116
v 37.227005 39.037235 15.250013
v 36.274506 41.165157 14.792335
v 55.297688 -7.987457 16.486687
v 55.137112 -6.778646 16.722679
v 55.155396 -5.487789 16.791540
v 54.541252 -4.561375 17.148275
v 56.091396 -3.856057 16.217274
v 56.279167 -1.903038 16.222912
v 56.061028 -0.443345 16.312819
v 56.415810 1.116336 16.205133
v 56.432201 2.605300 16.060530
v 41.070621 -75.869774 45.737904
v 41.832176 -75.343559 44.746742
v 42.638962 -75.041740 43.738777
v 43.643696 -74.602142 42.483170
v 43.528828 -73.390007 41.916225
v 43.164925 -72.367714 41.426327
v 42.866299 -70.892303 39.361759
v 42.400768 -69.445045 39.062046
v 43.177750 -69.255363 37.289246
v 43.044476 -67.740883 36.748390
v 43.742634 -67.908562 35.269958
v 44.429939 -66.798462 33.420959
v 44.218472 -65.440025 33.448116
v 44.058559 -64.462914 33.501137
v 44.664749 -64.623215 32.054012
v 44.805840 -62.670170 31.372135
v 44.704071 -61.663940 31.460360
v 45.275520 -61.117397 30.053370
v 45.194393 -60.007256 30.261719
v 45.704922 -58.701019 29.138948
v 45.593819 -57.168896 29.351843
v 46.412071 -55.580326 27.720657
v 46.238575 -53.680389 27.746138
v 46.204254 -52.247005 27.520741
v 47.135506 -51.888046 26.121168
v 46.955242 -50.558552 26.206606
v 47.482037 -49.564762 25.426880
v 48.578281 -48.378262 24.010937
v 48.998917 -46.811188 23.459497
v 49.118153 -45.469955 23.306036
v 49.344429 -43.905136 23.011801
v 49.621098 -42.387745 22.682611
v 49.394638 -41.063202 22.836311
v 48.826481 -40.160217 23.243935
v 49.844109 -38.677197 22.268959
v 50.030075 -36.880169 21.947403
v 50.374123 -35.234261 21.566496
v 50.756413 -33.627941 21.158533
v 51.033844 -32.190006 20.856817
v 52.172005 -32.080765 19.707199
v 52.674385 -30.170408 19.036901
v 52.802132 -28.730497 18.717754
v 53.012123 -27.127035 18.369205
v 53.171333 -25.596630 18.079781
v 53.308624 -24.202682 17.857729
v 54.264057 -21.949404 16.759153
v 53.714241 -20.784079 17.381895
v 54.485401 -19.495417 16.512363
v 53.903179 -18.239082 17.093857
v 54.541477 -16.928896 16.403801
v 55.455898 -14.937675 15.359615
v 55.163227 -13.053274 15.943808
v 55.541714 -11.129538 15.793578
v 56.057610 -9.596620 15.500637
v 56.076534 -8.353777 15.721297
v 26.839127 -99.374245 55.875626
v 28.960894 -99.413773 55.295448
v 26.310440 -98.594513 55.980740
v 27.779320 -98.300316 55.578007
v 27.963583 -97.206055 55.341919
v 29.630848 -97.421883 54.832764
v 32.052631 -97.383446 53.961510
v 33.531494 -96.411514 53.166428
v 33.572365 -95.095749 53.012348
v 35.321598 -95.444435 52.218700
v 36.885204 -94.628502 51.385967
v 36.862705 -93.064224 51.252953
v 36.459194 -91.693398 51.333431
v 35.815502 -91.279861 51.679989
v 36.612038 -89.871048 51.039291
v 37.512962 -87.866043 50.271309
v 36.534122 -86.520393 50.727680
v 37.543327 -85.811615 50.088364
v 39.043396 -85.954170 49.077110
v 39.567356 -84.259354 48.617050
v 39.628456 -82.999603 48.498348
v 39.078957 -81.857605 48.712757
v 38.445271 -80.458260 48.916817
v 39.576153 -79.944160 47.984505
v 41.147186 -79.316742 46.804520
v 40.864830 -77.976227 46.670509
v 40.667999 -77.122414 46.522770
v 58.301064 -8.848399 5.734392
v 58.734833 -9.240149 7.406841
v 58.328045 -10.776414 7.141844
v 58.112740 -11.661458 7.106832
v 58.227940 -11.783634 8.833183
v 58.008293 -13.387319 8.384073
v 57.831566 -14.400083 8.524379
v 57.644875 -14.607542 7.645808
v 57.809845 -14.299808 10.406128
v 57.097607 -14.811901 12.458751
v 56.431278 -15.231241 13.874422
v 55.919243 -16.429672 14.654052
v 55.997364 -17.460098 14.537758
v 55.787086 -18.804777 14.826119
v 55.091282 -20.475922 15.773196
v 54.256451 -24.011471 16.710699
v 54.095310 -25.674654 16.970232
v 53.903687 -27.299328 17.317921
v 53.714191 -29.054005 17.671995
v 54.434666 -28.818417 16.688971
v 54.184658 -30.199053 17.095121
v 54.310024 -31.430288 16.988642
v 53.545799 -32.286137 18.123535
v 53.883884 -33.264095 17.656687
v 53.557533 -34.756111 18.061153
v 53.979721 -36.055889 17.329882
v 53.551319 -37.747753 17.942297
v 54.207554 -38.266220 16.361797
v 54.530533 -38.221821 15.015590
v 54.835968 -37.661015 13.934285
v 54.803974 -37.825089 12.862674
v 54.547852 -39.159809 13.332460
v 54.104019 -41.386986 12.682391
v 53.903465 -41.460430 10.697035
v 53.556450 -41.056953 9.048784
v 53.340019 -39.813602 7.552657
v 56.126724 3.631539 15.963251
v 57.362976 4.206287 15.701626
v 58.140297 5.691793 15.395827
v 57.687843 7.568396 14.931858
v 56.597198 9.293530 14.368223
v 63.577011 13.675133 0.443462
v 60.828045 13.825925 0.615750
v 59.440510 13.342776 0.867880
v 58.896412 14.963160 1.254094
v 58.468231 16.123020 1.894543
v 59.124855 17.379448 2.042970
v 58.388351 17.514509 2.745191
v 58.596443 18.968800 3.731253
v 58.251862 19.226994 5.196252
v 59.446007 20.681128 6.111548
v 59.647476 20.832731 8.677788
v 59.150257 20.550440 9.501731
v 59.558296 20.516567 9.737953
v 45.291275 36.803230 8.875519
v 44.830154 36.162601 10.680279
v 45.015388 34.907684 10.540437
v 44.667633 35.059353 11.335442
v 45.839310 44.536705 5.676326
v 46.400124 43.977051 7.519160
v 46.392612 43.743286 9.088227
v 46.207935 41.935364 9.196281
v 46.007553 40.371452 8.662313
v 45.621410 38.589569 9.379917
v 42.600277 44.890873 1.127124
v 40.554714 44.460911 0.267880
v 39.068150 44.064999 0.497046
v 37.444221 43.591576 0.795065
v 36.391548 42.736320 1.150023
v 35.731483 43.978287 1.798720
v 34.814453 43.920635 2.638754
v 34.924858 45.520893 3.122131
v 34.032593 45.472858 5.028883
v 33.650818 45.553459 6.239747
v 34.060825 47.065090 6.640165
v 33.669147 46.859936 8.246647
v 33.476707 46.340580 8.447250
v 33.586231 46.683300 9.444728
v 33.687168 46.379616 10.964155
v 34.216137 46.964005 11.953960
v 35.049122 46.806622 12.997872
v 35.341801 45.215267 13.661074
v 34.929283 43.846462 13.906196
v 35.542809 42.820393 14.378011
v 2.894145 57.012608 9.252845
v 2.970087 56.897533 10.919647
v 3.324287 56.552799 12.407290
v 3.976910 56.457592 13.362527
v 4.733865 56.141693 14.167655
v 3.154784 59.636673 7.541827
v 2.605974 59.437290 9.225698
v 2.783444 58.145916 9.235986
v 14.878259 75.604584 2.179812
v 13.363550 75.308418 0.822206
v 13.153525 73.764496 0.568482
v 12.089220 74.190865 0.282287
v 10.219840 73.695335 0.352176
v 7.708721 73.123466 0.570892
v 7.202520 71.946350 0.629393
v 5.444197 72.340805 1.214096
v 4.228686 72.283081 2.289278
v 3.509778 71.544769 3.324447
v 3.322022 70.059608 3.513379
v 3.474167 69.131912 3.262921
v 3.066150 68.746902 4.573117
v 3.020922 67.314087 4.779427
v 2.789058 67.324516 5.927012
v 2.340379 67.006119 7.696772
v 2.618588 65.777931 7.832249
v 2.431473 64.635262 8.926927
v 2.500388 62.768913 8.816598
v 2.657936 61.128410 8.435667
v 16.679811 63.333038 8.960713
v 16.302179 63.109905 9.811469
v 15.814571 62.979542 10.633270
v 14.943571 62.833160 11.811501
v 13.860754 62.947144 12.678981
v 13.057875 62.413643 13.285647
v 11.522849 62.797543 14.002845
v 10.301785 62.408966 14.531426
v 8.157970 62.556717 14.783862
v 6.270976 62.460316 14.502912
v 4.523814 62.087875 13.824258
v 4.665530 60.620789 14.032694
v 4.514450 59.534763 13.886784
v 4.707133 58.075176 14.098210
v -27.490917 67.497948 1.737962
v -28.402197 67.413406 1.281374
v -30.243599 67.301079 1.309365
v -32.027065 67.087746 1.627097
v -33.590355 66.562889 2.151766
v -33.448551 65.300629 1.854432
v -33.346157 64.245796 1.816665
v -33.346737 63.167027 1.776155
v -34.040806 63.349163 2.762128
v -34.416935 62.967705 4.423586
v -34.926769 62.582016 6.850860
v -34.526394 62.365490 8.885917
v -34.344627 60.804874 9.116644
v -24.824673 65.989876 7.776179
v -25.158806 67.084290 7.413747
v -24.387278 64.971237 8.062564
v -26.012442 65.814156 8.788879
v -27.902594 65.334145 9.887191
v -27.370991 64.302246 10.449442
v -28.184204 64.213974 10.610603
v -29.388964 64.323830 10.451471
v -31.672581 64.211128 10.389365
v -33.585735 63.879272 9.754186
v -33.375946 62.308578 9.942267
v -32.782524 61.568108 10.208363
v -33.536366 61.303192 9.980656
v 44.214863 36.034977 12.023379
v 44.054348 37.946171 12.029363
v 42.994034 37.991035 13.091421
v 42.799625 39.580158 13.208556
v 41.554386 39.662601 14.076800
v 40.382870 39.434586 14.537922
v 39.080864 39.115902 15.017422
v 38.703468 41.167671 14.744489
v 37.216469 43.218040 14.444036
v 56.110168 -6.902516 15.910125
v 55.961563 -5.672769 16.180035
v 57.245373 -5.257813 15.241409
v 57.553204 -3.394882 15.428234
v 57.368942 -2.083000 15.707266
v 57.303387 -0.639395 15.851077
v 57.508690 0.756405 15.843364
v 58.094242 2.566533 15.682217
v 57.899639 3.561548 15.692327
v 41.888470 -77.563751 45.945099
v 42.603363 -76.918327 45.125076
v 43.113617 -76.575043 44.043423
v 44.316708 -76.233299 42.076611
v 44.435345 -74.640244 41.136913
v 43.999950 -73.867386 41.512863
v 44.146267 -72.837379 40.316734
v 44.184597 -71.855232 38.422047
v 43.428631 -70.618935 37.747845
v 44.031044 -70.689087 36.456604
v 43.791145 -69.344681 35.933334
v 44.227242 -69.640045 34.814133
v 44.679932 -68.577087 32.750004
v 44.872608 -66.920334 31.836771
v 44.802605 -66.040688 31.972975
v 45.172497 -65.547928 30.414547
v 45.039906 -64.545883 30.959127
v 45.216358 -63.479870 30.395187
v 45.771423 -62.374283 28.526796
v 45.788013 -60.873230 28.735312
v 45.771408 -60.114841 28.836714
v 46.319424 -59.821289 27.303293
v 46.287392 -58.380634 27.857113
v 46.638641 -57.295853 27.205318
v 47.252171 -56.094414 26.000801
v 47.425434 -54.723438 25.861729
v 47.298458 -53.740589 26.137569
v 46.811333 -53.697865 26.903301
v 48.132973 -52.993095 24.447456
v 47.982262 -51.486916 24.822340
v 47.829594 -50.768505 25.021517
v 48.719887 -50.220272 23.703932
v 49.447094 -48.339233 22.759401
v 49.647270 -47.019047 22.570963
v 49.918522 -45.557064 22.285788
v 50.137642 -44.042534 22.065374
v 50.331223 -42.458691 21.892475
v 50.453671 -40.728424 21.768076
v 50.156338 -39.733540 22.040567
v 50.893093 -38.629822 21.280163
v 51.074337 -36.968121 21.012493
v 51.404530 -35.324959 20.661209
v 51.708809 -33.801994 20.426945
v 52.575340 -33.811840 19.405657
v 53.259491 -30.732622 18.364464
v 54.637527 -20.710829 16.382244
v 55.347401 -17.649038 15.564069
v 55.318741 -16.482086 15.527621
v 56.545105 -13.529473 14.035173
v 55.857227 -13.366430 15.055137
v 56.326962 -11.932818 14.724053
v 56.719883 -10.099526 14.565034
v 57.002319 -8.461161 14.633833
v 56.917011 -7.156944 15.099251
v 28.778324 -98.479950 55.251629
v 30.154537 -98.742462 54.832630
v 31.861040 -98.681999 54.245487
v 33.301998 -98.604652 53.654465
v 33.977856 -97.981773 53.222820
v 35.547283 -97.942764 52.430080
v 35.241119 -96.767067 52.415672
v 36.491974 -97.143852 51.808685
v 37.960091 -96.150330 50.836586
v 37.964161 -94.649826 50.697933
v 37.966595 -93.201782 50.512314
v 37.708393 -92.198204 50.588074
v 37.520672 -91.017090 50.569618
v 37.644962 -89.490959 50.339973
v 38.801464 -89.406204 49.485180
v 38.890533 -87.674759 49.278759
v 40.111721 -87.578964 48.269047
v 40.405594 -85.567383 48.059689
v 39.990631 -84.832413 48.344875
v 40.927891 -83.568451 47.498768
v 40.515984 -81.444588 47.599457
v 42.226982 -81.134216 46.225914
v 42.154503 -79.515427 46.205673
v 42.074512 -78.775429 46.154121
v 60.086407 -4.901231 6.203513
v 59.113949 -7.523912 6.756785
v 59.512466 -6.881272 8.721593
v 58.944393 -8.911340 9.397739
v 58.636768 -10.044161 9.169379
v 58.399147 -10.440087 11.133892
v 58.110554 -11.983782 10.838402
v 57.966118 -12.856423 10.535750
v 58.024906 -13.081958 9.721973
v 58.029854 -13.193439 9.055378
v 57.529861 -12.827372 12.388295
v 52.377064 -35.740547 19.659754
v 52.983212 -36.570107 18.825397
v 52.438538 -38.244488 19.466942
v 53.090736 -39.737591 18.452469
v 53.566341 -39.396633 17.621567
v 53.936066 -39.401211 16.655794
v 54.357040 -39.228310 15.310510
v 54.076633 -40.812523 15.241162
v 53.586514 -42.997433 14.547982
v 53.591873 -43.083714 12.554451
v 53.540997 -42.754642 11.128262
v 53.430298 -42.482204 9.764818
v 52.715397 -42.780514 8.688027
v 51.938179 -41.001808 6.389885
v 59.589882 4.860605 15.181607
v 59.743004 7.022920 14.978559
v 59.704865 8.714360 14.689333
v 58.733879 10.368349 14.365188
v 62.252651 15.281749 0.482708
v 60.511822 14.920387 0.689312
v 60.750851 16.359762 0.837018
v 60.989975 18.403254 1.282922
v 59.948895 18.910498 2.092709
v 59.468639 19.020559 2.706370
v 60.631531 20.590889 3.113385
v 59.832172 20.776180 4.622743
v 61.003998 22.373005 5.429692
v 61.231728 22.671518 7.935740
v 60.064754 16.078171 13.315142
v 59.306370 14.205807 13.663153
v 59.308167 12.844704 14.022783
v 45.054150 37.805061 10.489513
v 46.042576 46.239330 4.973016
v 46.697189 45.746265 6.288292
v 46.718643 45.740360 7.077977
v 46.653118 45.874393 8.079637
v 46.573063 45.215103 8.761197
v 45.906055 45.001965 10.737107
v 46.075893 43.891159 10.176869
v 45.655949 42.742115 10.651368
v 45.778465 41.168545 10.263185
v 45.919350 40.110355 9.968144
v 45.051041 39.998478 11.098968
v 42.305206 48.103321 0.659922
v 41.571678 46.203957 0.273601
v 40.041481 46.215527 0.262050
v 38.461712 45.415348 0.495084
v 36.671337 45.348213 1.366182
v 35.841129 47.322445 2.418353
v 34.935032 47.374668 3.679728
v 34.466076 46.839645 4.726413
v 34.883686 48.675968 5.115717
v 34.503609 48.961739 7.153874
v 34.207561 48.698166 8.888036
v 34.187794 48.522930 10.431234
v 34.140266 47.793526 11.256006
v 34.817329 48.387810 12.378467
v 36.618294 46.596344 13.831582
v 36.331409 48.358997 13.521440
v 35.707325 49.162823 13.059416
v 36.183979 44.478706 14.113716
v 2.721514 58.441849 10.441122
v 3.134234 58.599850 11.859419
v 3.690043 58.266335 12.746281
v 2.535546 61.274677 10.500770
v 2.599484 59.730236 10.539782
v 14.989985 77.656654 5.402501
v 13.598189 78.839622 2.244020
v 14.160096 76.775848 1.414148
v 13.482962 77.101990 0.833941
v 11.692283 76.617180 0.447887
v 11.945087 75.363274 0.390313
v 10.287320 75.504089 0.368249
v 8.044831 75.062553 0.593191
v 5.919199 74.760674 1.099086
v 5.843413 73.519554 1.039190
v 4.665426 73.977669 1.527555
v 3.942052 73.684547 2.325538
v 3.431539 73.459946 3.437813
v 3.036188 73.190872 4.902597
v 2.934141 71.693085 5.109100
v 3.022383 70.543419 4.595220
v 2.517759 70.566833 6.557690
v 2.668164 68.857185 6.087996
v 2.313173 68.764435 7.302443
v 1.901010 68.592773 9.170325
v 1.998538 67.073708 9.346700
v 2.388970 66.010872 8.992044
v 2.863736 65.823860 8.362835
v 2.542110 65.517532 10.884481
v 2.449176 64.024536 10.548506
v 2.408198 63.053936 10.289571
v 16.510681 64.805847 8.518320
v 15.819695 64.251030 10.275082
v 14.843817 64.257637 11.704700
v 13.590227 64.247482 12.565636
v 12.355275 64.072968 13.244701
v 11.433517 63.782410 13.779382
v 9.987653 64.041794 14.164305
v 8.182021 64.118149 14.472698
v 6.420939 64.121773 14.336265
v 4.713076 64.227127 13.712714
v 3.599283 63.706772 12.971042
v 3.475877 62.368786 12.849880
v 3.518883 61.199455 12.807787
v 3.822457 60.033833 13.074281
v -28.489380 69.035942 2.567333
v -28.569036 68.349678 1.784434
v -30.315020 69.161201 2.000012
v -31.956827 68.505020 2.089295
v -33.564274 68.288101 3.287553
v -34.349354 66.681396 3.471946
v -34.255112 65.716156 2.959925
v -34.191727 64.771286 2.620931
v -34.512497 64.710419 3.710491
v -34.625469 65.636688 5.321713
v -35.010612 64.377251 6.934843
v -34.759190 63.869320 8.427638
v -26.067930 67.593895 8.059672
v -27.349590 67.424530 8.722974
v -27.904360 66.788971 9.249450
v -29.167425 66.767899 9.658366
v -29.931540 65.529808 9.977413
v -28.089880 64.934715 10.389908
v -30.895987 64.727409 10.111897
v -31.525711 64.713585 10.109978
v -31.711176 65.717087 9.940639
v -33.187618 65.599144 9.621273
v -34.467918 65.520576 8.430578
v 44.015430 39.644138 12.291962
v 43.793636 41.357124 12.513353
v 42.305069 41.515141 13.574755
v 41.601997 40.794731 13.917947
v 40.508831 40.735821 14.397552
v 40.697773 42.557240 14.146170
v 39.116032 44.551033 14.165704
v 37.530312 45.196571 14.139612
v 58.038532 -6.669261 13.974621
v 58.683716 -4.775462 14.190649
v 58.537872 -3.321224 14.786428
v 58.360683 -2.128734 15.163171
v 58.496357 -0.470289 15.316696
v 58.122608 0.325848 15.599090
v 59.139442 1.660193 15.276439
v 59.551926 3.314267 15.219803
v 42.987381 -79.049103 45.583855
v 43.548767 -78.316948 44.338047
v 44.689533 -78.365723 42.284653
v 45.264225 -77.627098 41.092800
v 44.942726 -76.608650 41.149498
v 45.095898 -75.791870 40.090389
v 44.681099 -74.192116 39.934013
v 44.834801 -73.637581 38.097691
v 44.461300 -72.100410 37.122284
v 44.685265 -72.161186 35.473900
v 44.403088 -70.795403 35.056946
v 44.693153 -70.802376 33.548416
v 44.988625 -70.166115 31.570364
v 45.130722 -68.632027 30.564943
v 45.161457 -67.423279 30.643368
v 45.403961 -66.966286 28.416002
v 45.541100 -65.431213 28.668201
v 45.517445 -64.273384 29.058428
v 45.754200 -64.443085 27.323282
v 46.098793 -62.511696 26.662434
v 46.189960 -61.461723 26.922407
v 46.562935 -61.050087 25.022539
v 46.997162 -59.404987 25.290192
v 47.319134 -57.575703 25.285259
v 46.635906 -58.253407 26.947363
v 47.709518 -56.037708 24.867172
v 47.784897 -55.027775 24.891216
v 48.333389 -55.152416 23.275225
v 49.043053 -53.056541 22.606256
v 49.314075 -51.487614 22.548071
v 49.761368 -50.048351 22.088387
v 49.994278 -48.697533 21.830338
v 50.379620 -47.159389 21.444826
v 50.661465 -45.677624 21.206259
v 50.936882 -44.166035 21.038559
v 51.137733 -42.613140 20.892900
v 51.183720 -41.039848 20.880325
v 51.193802 -39.717754 20.940952
v 51.629951 -38.605080 20.448875
v 51.774330 -37.235668 20.294285
v 57.189342 -11.780053 13.591831
v 57.260944 -10.597106 13.774838
v 58.106415 -8.764194 12.872496
v 31.262491 -99.402596 54.566795
v 32.537380 -99.441849 54.140892
v 33.534649 -99.351547 53.682613
v 35.227219 -99.226646 52.845062
v 37.188412 -99.107201 51.738960
v 36.820419 -98.166069 51.779716
v 37.945747 -98.070641 51.035854
v 39.323948 -97.607773 50.034470
v 39.152229 -96.247498 50.007774
v 39.196056 -95.145912 49.812855
v 38.943600 -93.738678 49.817631
v 38.834015 -92.378891 49.773945
v 38.537315 -91.388916 49.912712
v 39.808571 -91.300163 48.830681
v 39.968739 -89.354477 48.480915
v 41.115013 -89.244507 47.344009
v 41.337612 -87.352608 47.049114
v 41.202187 -86.072014 47.218086
v 41.174599 -84.956558 47.296528
v 42.106300 -84.662338 46.300720
v 42.131428 -83.051628 46.332146
v 43.180290 -82.944328 45.248165
v 43.393597 -81.249809 45.207245
v 43.253136 -80.316765 45.437714
v 60.136192 -5.025029 7.603241
v 61.041355 -3.045650 8.111205
v 60.173210 -5.126983 9.500506
v 59.856159 -5.860093 11.026775
v 59.481834 -7.045697 10.477628
v 59.049988 -8.212007 10.691063
v 57.798660 -10.554311 12.860233
v 57.750278 -11.401641 12.610213
v 51.734150 -39.707233 20.264908
v 52.159721 -41.018852 19.618057
v 52.982159 -41.334023 18.236776
v 53.617332 -40.619839 17.222784
v 53.235924 -42.464054 17.024134
v 52.974323 -44.558067 16.505751
v 53.124046 -44.650215 14.475526
v 53.111687 -44.406357 12.912830
v 53.018612 -44.230888 11.285768
v 52.820454 -43.854908 9.850521
v 51.265911 -44.971992 8.009384
v 61.042824 3.780896 14.440210
v 61.578602 5.763377 14.387819
v 61.319462 7.014395 14.548664
v 61.251755 8.524087 14.550078
v 60.871628 10.234011 14.351925
v 60.474361 12.188900 14.158386
v 59.120445 11.961700 14.132907
v 64.343231 15.790160 0.325850
v 63.458210 16.451004 0.257046
v 62.325989 16.460794 0.465362
v 62.912701 18.132893 0.578294
v 62.402431 19.654112 0.948718
v 61.372643 19.745380 1.567260
v 61.876755 21.227715 2.028157
v 61.719608 22.339083 3.219495
v 61.478008 22.326536 3.773677
v 61.338005 22.357990 4.224305
v 62.371155 23.984276 4.648770
v 62.547562 24.440426 7.018433
v 62.964432 24.335480 8.865889
v 60.466309 14.895726 13.707746
v 62.002296 15.474451 13.693419
v 61.389053 16.739880 13.330993
v 60.768219 17.655424 12.813804
v 62.629627 17.858612 13.112069
v 59.879646 13.284999 13.998866
v 60.748238 13.852688 13.947810
v 46.436646 48.188534 4.889141
v 46.870731 47.345543 6.114250
v 46.910480 47.233658 7.010775
v 46.932476 46.985390 8.309636
v 45.872238 47.030712 10.512534
v 44.913570 46.506359 12.043955
v 45.032391 44.959805 12.006190
v 45.374489 43.990494 11.393258
v 44.635265 43.124943 12.066421
v 44.865482 41.658955 11.637867
v 43.844082 50.581673 1.117962
v 42.129047 50.113293 0.089043
v 40.526505 49.783257 -0.022895
v 39.918472 48.480694 0.193886
v 40.118282 47.591469 0.181023
v 38.480438 47.704563 0.491255
v 37.075378 46.916977 1.163742
v 36.816704 48.809525 1.627975
v 35.926083 48.686920 2.693968
v 35.370251 48.452793 3.422982
v 35.866158 50.143620 3.420392
v 35.308743 50.559948 5.363066
v 34.876602 50.315571 6.864749
v 34.605057 50.069469 8.171754
v 34.572689 50.249111 9.234080
v 34.504097 49.955273 9.767349
v 34.542511 49.755878 10.451510
v 34.727573 49.434597 11.596018
v 35.303303 49.821491 12.516648
v 38.479385 47.239887 13.908801
v 37.547771 48.897297 13.770317
v 36.822701 50.300774 13.474265
v 36.024067 51.153362 12.799871
v 2.909386 59.969975 11.791840
v 2.768000 63.130562 11.773651
v 2.979749 61.536285 12.069610
v 14.090597 81.539429 6.302709
v 14.681856 79.148026 7.565149
v 15.111835 77.819290 7.072714
v 15.279957 76.660599 7.143268
v 12.348283 82.495010 1.762790
v 11.553133 79.907272 0.672307
v 12.177396 78.238693 0.661169
v 10.028806 78.330429 0.459334
v 9.998928 76.857925 0.400537
v 7.986333 77.073669 0.528171
v 6.229595 76.262314 0.974665
v 4.626536 76.333351 1.772764
v 4.688867 75.084526 1.651627
v 3.872550 75.331772 2.339221
v 3.370261 75.095947 3.456848
v 3.099191 74.849548 4.643262
v 2.880340 74.660034 5.795755
v 2.842118 73.555199 5.825299
v 2.670088 72.582016 6.257652
v 2.219269 72.326767 7.491965
v 2.022025 71.676926 9.065004
v 2.001907 70.021812 8.561793
v 1.996203 70.021339 10.503588
v 1.891991 68.847000 10.233644
v 2.115988 68.009369 10.927261
v 3.334622 67.193237 12.516396
v 3.266601 65.332405 12.622580
v 2.971023 64.436211 12.130935
v 16.537050 66.375801 6.725195
v 15.974465 66.411591 9.075719
v 15.487124 65.945641 10.321395
v 14.694988 65.771751 11.638070
v 13.476152 65.746216 12.540100
v 11.863803 65.610229 13.166655
v 10.267615 65.339569 13.757774
v 8.241173 65.553703 14.088450
v 6.369084 65.647751 14.182563
v 5.150875 65.461678 13.900875
v 4.148018 65.905632 13.282842
v -30.032084 70.658035 3.886422
v -29.925865 70.166229 2.607641
v -30.595478 70.431503 2.321190
v -31.653210 70.647621 2.849474
v -32.751278 70.038528 3.522913
v -34.026169 69.679939 5.338741
v -34.192879 68.346947 5.003810
v -34.295559 67.357719 4.753154
v -34.390312 67.505920 6.846974
v -34.730042 65.780350 6.942262
v -26.039122 68.471298 7.722621
v -26.712711 69.205696 8.067128
v -27.535711 68.495529 8.487928
v -29.266809 68.230255 9.056938
v -30.356878 67.079041 9.297527
v -30.534122 66.299385 9.636502
v -31.414755 66.463341 9.276915
v -32.200611 67.333282 9.500303
v -33.050438 66.968979 9.524401
v -33.988697 67.002190 8.831194
v 43.670338 42.817165 12.728068
v 42.690739 42.891171 13.318817
v 41.770123 42.696201 13.792567
v 41.534683 43.868412 13.917821
v 40.806297 45.230778 13.925534
v 40.255836 47.464043 13.640484
v 59.068027 -6.630713 12.543294
v 59.221535 -5.294581 13.108261
v 59.858578 -3.537135 13.267474
v 59.547688 -2.777526 14.097072
v 59.600410 -0.954669 14.507249
v 59.510311 0.501523 14.909288
v 60.704105 1.543935 14.317945
v 43.961437 -80.294266 44.449059
v 44.766991 -80.058571 42.826504
v 45.585915 -80.243034 41.099884
v 45.833557 -79.165108 40.118603
v 45.603516 -77.836151 39.965561
v 45.447857 -77.118530 39.946953
v 45.689621 -77.065247 38.405067
v 45.376568 -75.332886 38.407059
v 45.454636 -75.050903 36.626717
v 45.041931 -73.609695 36.065460
v 45.178398 -73.661224 34.089268
v 44.889702 -72.149536 33.650539
v 44.996037 -72.035324 31.576122
v 45.065819 -70.673805 30.607847
v 45.134727 -69.623955 29.182175
v 45.214066 -68.539436 26.334963
v 45.544624 -66.730911 26.185055
v 45.654205 -65.812172 26.690384
v 45.796375 -64.884102 25.113010
v 46.120750 -63.124413 25.400967
v 46.232952 -62.758839 23.047413
v 46.807198 -60.866722 22.877066
v 47.197906 -59.664936 23.178436
v 47.104515 -59.649418 24.332785
v 47.555405 -58.316868 23.509516
v 47.963745 -56.894009 23.305592
v 48.465073 -56.404442 21.315247
v 49.017723 -54.735214 21.436783
v 49.398788 -53.465511 21.412001
v 49.886826 -51.830799 21.141106
v 50.280235 -50.329437 20.838032
v 50.654160 -48.868263 20.573202
v 51.039028 -47.396111 20.252287
v 51.394703 -45.799511 19.969320
v 51.684063 -44.250408 19.882425
v 51.889614 -42.906521 19.929247
v 59.285183 -7.276896 11.505306
v 39.609806 -99.130928 49.909618
v 40.482670 -97.945290 49.033691
v 40.190338 -96.797295 49.159622
v 40.073269 -95.399765 49.086918
v 39.800175 -93.979309 49.153950
v 39.895786 -92.884941 48.965458
v 40.859615 -92.829376 48.025558
v 40.954815 -91.007683 47.684261
v 41.977528 -90.799614 46.496498
v 42.325974 -89.016365 45.941399
v 42.227837 -87.644089 46.040279
v 41.988487 -86.325485 46.366756
v 42.964375 -85.952400 45.207466
v 43.073662 -84.505867 45.231339
v 43.986141 -84.514313 44.117962
v 44.275112 -82.871162 44.049572
v 44.058952 -81.787994 44.453316
v 60.805500 -3.431269 9.651625
v 60.413784 -4.257784 10.956152
v 60.056305 -4.447261 12.222738
v 59.598770 -5.570522 12.250887
v 52.558109 -42.691315 18.822933
v 52.390438 -44.290390 18.472990
v 52.103333 -46.138107 18.424799
v 52.567326 -46.216331 16.601563
v 52.624550 -46.000614 14.885279
v 52.596279 -45.862255 13.068335
v 52.499496 -45.720753 11.478198
v 52.319019 -45.261593 10.172122
v 51.616249 -46.979656 10.341719
v 62.134151 2.804122 13.453522
v 62.651329 4.388938 13.499553
v 62.681969 5.723480 13.749768
v 62.930878 7.459048 13.875931
v 62.402473 8.512204 14.159694
v 62.469349 10.014756 14.099367
v 62.476147 11.753569 14.047898
v 62.619949 13.538731 13.987812
v 65.614723 15.564296 0.502288
v 66.179993 17.129456 0.430064
v 64.878128 17.952351 0.287925
v 64.507416 19.400183 0.370399
v 63.863457 20.793760 0.810812
v 62.705608 21.000883 1.313495
v 62.905945 22.473852 1.646163
v 62.691189 23.474424 2.865325
v 63.919353 25.673908 3.797459
v 63.326859 25.415783 4.932186
v 63.870770 26.231878 6.303687
v 64.212555 25.869335 8.522786
v 63.786964 14.985054 13.754738
v 64.305443 16.704432 13.309866
v 64.817711 18.577847 12.915619
v 63.677418 19.349531 12.729253
v 47.494381 51.456299 4.999265
v 47.560520 49.527256 6.185946
v 47.406647 49.229618 7.340103
v 47.127647 48.542751 8.337414
v 46.015026 48.935558 10.585895
v 44.752075 48.907768 11.843609
v 43.826462 48.079525 12.557321
v 43.577595 46.660435 12.909798
v 44.010899 45.377056 12.681355
v 44.332722 44.381775 12.447913
v 43.475090 43.978069 12.920229
v 44.684162 53.575825 0.991223
v 42.014889 52.495518 0.163092
v 40.272560 51.257633 0.170758
v 39.133106 50.185299 0.236420
v 38.441525 49.114151 0.411864
v 37.653809 50.463097 0.878738
v 36.539680 50.301823 1.909695
v 36.687374 51.889877 2.183995
v 35.988335 52.079491 3.706519
v 35.669399 51.920010 5.143737
v 35.224567 51.904308 6.715408
v 34.955151 51.391632 7.699266
v 34.792038 50.786537 7.896286
v 34.871555 51.443314 8.890479
v 34.843464 51.014618 10.288683
v 34.968086 50.701061 11.336435
v 35.304710 50.745087 12.135638
v 39.451115 48.487656 13.686591
v 38.927872 49.559223 13.663125
v 38.222565 51.395451 13.441140
v 37.183750 52.747444 12.938190
v 36.312267 52.564381 12.431133
v 35.592342 52.179123 11.574165
v 13.654680 84.477638 6.756077
v 13.292471 83.605370 8.779857
v 13.953423 82.104309 8.530818
v 14.372511 81.032440 7.974655
v 13.806342 79.882889 8.969564
v 14.345458 77.541100 9.031532
v 15.180901 77.263992 8.048645
v 15.103758 75.252045 8.422898
v 15.541578 74.876099 6.334279
v 12.614257 84.726341 2.553887
v 10.356109 83.849693 0.957804
v 10.648053 82.367561 0.656362
v 10.444041 81.059967 0.499133
v 10.134074 79.796768 0.455291
v 8.461172 79.876671 0.479350
v 8.216293 78.451912 0.471641
v 6.590906 78.694229 0.666703
v 5.047279 78.023994 1.404183
v 3.748940 78.063545 2.921305
v 3.831500 76.629501 2.584416
v 3.366522 76.780838 3.442040
v 3.008729 76.429169 4.763991
v 2.893569 76.101501 5.671075
v 2.719801 76.048836 6.612519
v 2.667004 74.790688 6.657258
v 2.719111 73.866257 6.373925
v 2.367222 73.908707 7.381879
v 2.197529 73.586411 9.046721
v 2.366204 73.107834 10.834916
v 2.121033 71.613533 10.608955
v 2.461970 71.453224 11.905591
v 2.371681 70.094406 11.776754
v 2.328049 69.353912 11.539933
v 3.224908 69.579903 12.638123
v 4.893006 67.097710 13.557490
v 5.098354 69.012589 13.337663
v 16.181475 68.607933 6.655263
v 15.827258 67.997696 8.869722
v 15.178472 67.509209 10.404681
v 14.281568 67.344101 11.510144
v 13.104120 67.273003 12.428080
v 11.565407 67.185814 13.107976
v 9.833416 67.027092 13.593380
v 8.391101 66.783867 13.859721
v 6.729629 66.912025 13.890296
v -30.728251 70.786293 3.073360
v -31.426264 71.011108 4.160391
v -32.403576 70.934578 4.644949
v -33.155022 70.644814 5.581070
v -33.395203 69.906349 6.755615
v -34.202679 69.057152 7.252351
v -33.050701 68.641754 8.368850
v -25.880789 68.573868 7.098205
v -26.433397 69.843163 7.963540
v -27.478151 70.111794 8.263293
v -28.454365 69.381020 8.458576
v -30.739651 69.322166 8.639235
v -30.697662 68.715599 9.183518
v -31.286970 67.702660 9.020161
v -31.963545 68.580414 9.335131
v 42.471138 44.036072 13.526395
v 42.466221 45.275517 13.466788
v 42.060753 46.986362 13.360589
v 41.556252 48.747025 13.178687
v 40.603390 48.676926 13.396529
v 40.315559 49.589809 13.379975
v 60.831490 -2.515341 12.121839
v 60.638760 -1.282795 13.390578
v 60.771549 0.139378 13.758717
v 61.920937 0.925996 12.465938
v 45.029266 -81.925240 42.999653
v 45.559120 -81.336807 41.592457
v 46.053791 -81.632553 40.209133
v 46.281620 -80.783325 38.792816
v 46.134987 -79.703255 39.023834
v 46.142548 -79.037582 37.930988
v 46.055027 -77.716774 35.913685
v 45.843018 -76.424805 36.415276
v 45.735302 -75.796921 34.703785
v 45.316570 -74.894470 32.505177
v 45.111725 -73.677994 32.084808
v 45.008278 -74.178947 30.193371
v 44.917099 -72.058388 28.923477
v 45.033356 -71.021820 29.812672
v 44.988464 -70.847694 28.791174
v 44.900497 -70.818497 27.255943
v 44.725506 -69.942482 24.624397
v 45.022961 -68.743118 25.003981
v 45.123192 -67.601494 23.872923
v 45.495422 -66.405846 24.690275
v 45.573364 -65.132889 22.909019
v 45.793228 -63.689819 20.737446
v 46.382858 -62.105919 20.854248
v 46.792801 -61.110931 21.566624
v 47.295506 -59.701595 21.572483
v 47.729542 -58.432144 21.856428
v 47.891323 -58.234859 20.447668
v 48.551907 -56.874973 19.096733
v 49.220875 -55.171391 19.104725
v 49.641083 -53.902298 19.975830
v 50.291752 -52.101055 19.905708
v 50.809628 -50.558140 19.347322
v 51.212551 -49.065926 19.151159
v 51.536400 -47.738464 19.158073
v 41.322289 -99.020340 48.247898
v 41.250126 -97.955940 48.181957
v 41.305244 -97.037483 48.014088
v 40.968685 -95.924187 48.263176
v 40.993027 -94.448906 48.104813
v 41.889317 -94.083084 46.935364
v 41.891663 -92.443283 46.753456
v 42.826721 -92.167618 45.504505
v 43.038235 -90.216743 45.131176
v 42.746674 -89.495781 45.493828
v 43.488625 -88.052299 44.356178
v 43.770069 -86.128014 44.127289
v 44.554417 -86.068657 42.832241
v 44.926277 -84.417778 42.900169
v 44.906933 -83.344147 43.300880
v 61.668270 -1.767487 9.207124
v 61.336582 -2.155402 10.513964
v 52.022675 -47.737591 17.362093
v 52.133549 -47.553421 15.198656
v 52.083382 -47.363682 13.269473
v 52.057373 -47.059021 11.654262
v 51.357464 -48.718616 11.635155
v 49.530495 -49.549656 8.730689
v 63.085178 2.771963 12.334766
v 63.711491 4.454834 12.510614
v 63.611919 5.642104 13.037910
v 64.140656 7.376734 13.037930
v 64.059059 8.574411 13.348345
v 63.756630 9.666392 13.612032
v 63.839691 11.525140 13.675748
v 64.289352 13.343353 13.593948
v 64.167351 14.368303 13.654275
v 67.994926 16.449610 0.956164
v 67.545891 18.583513 0.412297
v 66.566788 18.983299 0.230817
v 65.984406 20.998447 0.392972
v 65.338402 22.601274 0.644588
v 64.058792 22.379477 1.080185
v 64.309624 23.717155 1.414141
v 63.750076 24.628481 2.166096
v 65.328209 25.686182 1.907507
v 65.207817 27.107882 3.620023
v 64.915298 27.349566 4.953892
v 64.592453 27.017624 5.640859
v 65.300468 28.037178 6.448068
v 65.487061 27.519991 8.251883
v 65.455910 23.570213 10.882625
v 65.948013 15.642293 13.110254
v 66.464111 17.918350 12.890235
v 66.410690 19.780661 12.466242
v 64.815704 20.159508 12.459004
v 65.870407 21.568481 11.857374
v 48.034477 53.968781 4.630487
v 48.509422 52.917961 7.251269
v 48.160351 51.459751 6.789297
v 47.974865 50.692562 6.589649
v 47.997162 50.812489 7.987847
v 47.175144 50.338913 9.223693
v 46.497768 50.016533 10.259943
v 45.405254 50.764221 11.357174
v 44.327400 50.317657 11.912474
v 42.787647 49.984875 12.693430
v 46.048950 57.416344 0.892606
v 43.989967 55.558960 0.070262
v 42.661999 54.624844 0.064048
v 42.647533 53.589111 0.159696
v 41.196671 53.952499 0.040227
v 39.319736 53.307453 0.432006
v 38.094963 52.048313 0.827387
v 37.507610 53.459488 1.735346
v 36.697464 53.695614 3.115697
v 36.229389 53.227741 3.783299
v 35.912231 53.562634 5.423316
v 35.572140 53.109688 6.457213
v 35.342152 53.302143 7.528039
v 35.142727 52.512070 8.153494
v 35.249638 52.950710 9.306972
v 35.225266 52.418846 10.162044
v 39.771641 51.625164 13.329493
v 39.203762 53.393734 13.092573
v 38.202473 53.129101 13.173276
v 38.216957 54.747959 12.687589
v 37.237457 54.350143 12.540019
v 36.499596 53.944973 12.030475
v 35.803051 54.240818 10.463450
v 13.507625 86.711723 7.583451
v 13.433299 85.678375 8.073323
v 12.540661 85.401527 9.080329
v 12.089475 83.712257 9.816446
v 12.357718 82.387985 9.862616
v 13.199314 82.424385 9.220979
v 12.941025 81.168106 9.603565
v 12.661759 79.488060 10.018496
v 13.079600 78.014420 10.065660
v 13.585572 76.170753 10.293257
v 14.408958 76.026230 9.486717
v 14.394431 74.949776 9.959830
v 15.154252 73.297356 9.636072
v 15.689070 73.228249 8.438249
v 15.697686 73.460800 7.475271
v 15.865227 72.370827 6.198611
v 12.324551 86.377647 2.915359
v 10.592896 85.775490 1.969910
v 8.692103 85.232964 1.634833
v 8.435570 83.931709 0.960657
v 8.457189 82.815720 0.640752
v 9.170074 81.789917 0.435207
v 6.947288 81.436249 0.932639
v 6.572990 79.917625 0.772860
v 5.082386 80.111664 1.559178
v 4.036234 79.446091 2.461069
v 3.433440 79.854797 3.527583
v 3.169402 79.257347 4.963516
v 3.171459 78.050667 3.720734
v 2.996310 77.716537 4.683536
v 2.559406 77.729347 6.856225
v 2.251568 76.338875 7.579987
v 2.326315 75.297020 7.361068
v 2.166255 75.406006 8.765422
v 2.664368 75.174217 10.802831
v 3.367714 74.453789 11.887016
v 3.118648 73.088257 12.269895
v 3.248504 71.923218 12.612713
v 3.246829 71.073807 12.772342
v 5.318779 70.990463 13.476998
v 4.358414 72.004768 13.147450
v 7.444882 68.467010 13.759478
v 7.108457 70.933769 13.701757
v 15.972273 70.358749 5.444174
v 15.936372 70.321693 7.565445
v 15.954714 69.041679 8.015916
v 15.812851 69.511452 9.039811
v 15.472165 69.088905 9.769778
v 14.972105 68.987633 10.511020
v 14.051065 68.896835 11.558375
v 12.846247 68.773338 12.334910
v 11.347670 68.739731 13.055980
v 9.734485 68.532455 13.625164
v -31.483234 70.509132 6.379357
v -26.589251 70.008629 7.934686
v -27.319988 70.224510 8.118612
v -28.931719 69.977097 7.784171
v -31.292871 68.774635 9.310517
v 41.439484 50.016705 13.043769
v 41.482117 51.515800 12.906621
v 61.894997 -0.602983 10.771737
v 61.347137 -0.843276 12.272709
v 62.912659 1.242886 10.570251
v 63.812286 2.887369 10.682000
v 45.640568 -83.504829 42.159298
v 46.075893 -82.906067 40.686604
v 46.453693 -82.780556 38.585331
v 46.545238 -82.173111 36.742565
v 46.433933 -80.889778 37.093475
v 46.301952 -80.168205 37.325462
v 46.166618 -79.935966 35.409416
v 45.872486 -77.999405 34.117176
v 45.826893 -77.067619 34.297482
v 45.488220 -76.756531 32.363495
v 45.216408 -75.390442 31.351900
v 45.081554 -75.834297 30.362822
v 44.889565 -75.470718 29.301031
v 44.685459 -75.062393 27.906057
v 44.704350 -73.358231 27.649052
v 44.747574 -72.162949 27.335451
v 44.439793 -72.513405 25.503422
v 43.982269 -71.864197 23.201775
v 44.250698 -70.092354 22.647156
v 44.664139 -68.437759 22.496904
v 44.986469 -67.170357 22.412722
v 45.184868 -66.451782 22.479046
v 45.015343 -66.032761 20.663948
v 45.546780 -63.753334 18.883368
v 46.025429 -62.749634 19.076824
v 46.517769 -61.614124 19.190639
v 47.299171 -59.817844 19.722855
v 47.989281 -58.218559 19.367245
v 48.143291 -57.934017 18.285336
v 48.758186 -56.735950 18.055126
v 49.243145 -55.400101 17.183020
v 50.072281 -53.396221 18.012285
v 50.401955 -52.468693 18.847599
v 51.015003 -51.081364 17.338629
v 51.549412 -49.357113 17.671591
v 42.459957 -98.473412 46.762573
v 42.295216 -99.240227 47.120716
v 41.976215 -97.326019 47.214909
v 41.825577 -95.882904 47.256470
v 42.796844 -95.438332 45.806778
v 42.785347 -93.767815 45.676247
v 43.648891 -93.358620 44.351517
v 43.585514 -91.871284 44.381344
v 43.637207 -90.751266 44.174446
v 43.673000 -89.590172 44.063587
v 44.459759 -89.419365 42.558235
v 44.456135 -87.665596 42.699890
v 45.146156 -87.253418 41.087990
v 45.230701 -85.776108 41.556404
v 45.294987 -84.908142 41.966133
v 62.467560 -0.155427 8.018640
v 62.262375 -0.378389 9.294841
v 51.623730 -49.292706 15.675328
v 51.595165 -48.946098 13.525831
v 50.992783 -50.315613 12.262368
v 50.628853 -50.086582 11.221418
v 50.194649 -51.532333 11.860820
v 64.570564 4.491612 11.007001
v 65.213440 6.024106 11.328468
v 64.659241 6.385489 12.405562
v 65.507179 7.964819 11.993742
v 65.301636 9.822807 12.773490
v 65.092979 11.721039 13.225500
v 64.837013 12.674441 13.402404
v 66.095802 13.835570 13.010322
v 69.025284 20.094305 0.381658
v 68.015282 21.299467 0.332354
v 67.749954 23.073797 0.312320
v 66.603523 24.314577 0.712420
v 65.426048 24.064116 1.101103
v 66.593704 26.145926 0.989601
v 66.415222 27.507536 2.032316
v 66.135338 28.388170 3.609848
v 65.675270 28.490852 5.129904
v 66.321968 29.706884 6.412246
v 66.637276 29.221188 7.869958
v 67.905998 22.817293 11.550910
v 67.344498 24.512878 10.889622
v 66.078682 25.315807 10.234148
v 68.000175 26.449657 10.343008
v 67.759224 15.169123 12.324047
v 68.181847 16.550594 12.318455
v 68.215752 17.815996 12.443421
v 68.283760 19.488182 12.373759
v 67.654083 21.007978 12.054028
v 48.836002 55.810734 5.100158
v 48.838985 54.891045 7.243531
v 48.460228 54.370998 8.864763
v 48.219044 53.127407 8.970738
v 48.127827 52.243420 8.612964
v 47.369083 52.250038 9.880669
v 46.233818 51.492950 10.802912
v 44.943554 52.349541 11.706990
v 44.135590 51.700886 12.031669
v 42.838837 51.548435 12.591446
v 48.443359 58.004566 2.121354
v 48.641964 60.033051 1.627955
v 45.573528 60.894043 0.388626
v 44.049892 58.962124 0.133463
v 43.705833 57.628033 0.129337
v 43.951393 56.772758 0.141819
v 41.972149 56.406776 0.117386
v 41.293922 55.024559 0.066778
v 39.507370 55.281326 0.370644
v 37.834728 54.942013 1.512547
v 37.050362 54.990894 3.181787
v 36.380154 54.933628 5.012788
v 35.974735 54.844444 6.288464
v 35.694706 54.619019 7.401783
v 35.436630 53.943432 8.709772
v 40.983685 53.866467 12.799095
v 39.843021 55.383205 12.628322
v 38.918381 56.650841 12.299548
v 37.974037 56.372509 12.244895
v 37.187355 55.565704 11.976580
v 36.489613 55.231415 11.363570
v 35.855293 55.590538 9.093763
v 36.728840 56.807098 10.648341
v 11.982802 88.227264 7.893006
v 12.758481 87.147781 8.955362
v 11.095651 86.929131 9.798663
v 10.762760 85.147156 10.295731
v 10.945408 83.699913 10.425696
v 11.267626 82.524574 10.399855
v 11.286824 81.295563 10.550701
v 12.122777 81.255684 10.179036
v 11.654057 80.051300 10.556774
v 11.799968 78.281731 10.880958
v 12.249828 76.534325 11.128366
v 12.842840 74.805351 11.371503
v 13.702127 74.936127 10.643783
v 13.922662 73.696617 10.787606
v 14.653953 71.821404 10.453976
v 15.403727 71.722534 9.450930
v 15.800057 71.929398 8.572004
v 15.849440 72.200867 7.644782
v 11.930184 87.413147 3.253436
v 10.740954 87.211800 2.957437
v 8.616700 86.847656 3.371042
v 6.925555 85.252380 2.401833
v 7.183729 84.121567 1.562665
v 7.218501 83.014389 0.939811
v 5.844968 82.846413 1.775007
v 5.398063 81.447098 1.551040
v 4.624093 81.753548 2.311384
v 3.966146 81.173164 3.278096
v 3.583914 81.358948 5.111636
v 3.438481 80.977951 6.168443
v 2.826405 80.014763 7.205364
v 2.539018 79.260880 9.195807
v 2.320734 77.753098 8.820378
v 2.161824 76.845764 8.575210
v 2.649084 77.150024 10.351227
v 3.946901 76.611053 11.472551
v 4.402654 75.882820 12.295865
v 4.323690 73.874481 12.285579
v 4.280351 74.874275 12.626025
v 4.076927 73.229378 12.774111
v 6.490931 72.409256 13.663567
v 5.673851 72.879944 13.342165
v 5.007709 73.411034 12.699686
v 9.498718 70.550560 13.499444
v 8.514357 72.427620 13.636654
v 7.444471 73.056419 13.654859
v 15.789838 70.794769 8.823414
v 15.378328 70.782600 9.660834
v 15.059363 70.137314 10.385928
v 13.982672 70.585129 11.406106
v 12.749685 70.258804 12.250085
v 11.499332 70.047493 12.939301
v 43.283680 53.514492 12.320620
v 62.898891 0.808775 9.370802
v 63.911694 2.575541 9.111025
v 65.007721 4.380172 9.072088
v 65.273956 5.007076 9.563495
v 45.798187 -85.048996 40.350758
v 46.132896 -84.488373 38.272549
v 46.208775 -83.886208 35.850605
v 46.237949 -82.441452 35.179523
v 46.267059 -81.534691 35.285610
v 45.961063 -81.313080 33.745335
v 45.842098 -79.705040 32.999714
v 45.715393 -78.511589 32.815742
v 45.283379 -78.563446 30.750114
v 45.158592 -76.965118 30.529743
v 44.827042 -76.843399 28.747534
v 44.285305 -76.166206 26.184965
v 44.477699 -75.175507 26.726116
v 44.430130 -74.340828 26.136627
v 44.045124 -74.274849 24.647753
v 43.693100 -73.807083 23.452650
v 43.247440 -73.309723 22.016163
v 43.564636 -72.136513 22.144819
v 43.639915 -70.952484 21.361427
v 44.236649 -69.034683 21.367260
v 44.470276 -67.782883 20.848316
v 44.160191 -67.922607 19.636402
v 44.743565 -65.710426 18.466003
v 45.204250 -64.339760 18.049274
v 45.723331 -62.849895 17.170053
v 46.336803 -61.649715 17.483639
v 47.400295 -59.376942 17.407078
v 48.243816 -57.641426 16.965887
v 48.640030 -56.888870 17.456659
v 48.688637 -56.648666 16.764864
v 48.529312 -56.609333 15.470359
v 49.486004 -54.541248 15.118626
v 49.995293 -53.586063 15.978159
v 49.994736 -53.688095 16.970104
v 50.498337 -52.552624 16.706926
v 50.565945 -52.022179 15.094568
v 51.134331 -50.657654 15.445099
v 43.137100 -99.163696 45.964466
v 43.207645 -98.111557 45.619030
v 42.831715 -97.244598 45.994438
v 43.724720 -96.713402 44.487144
v 43.639381 -95.097015 44.447990
v 44.378380 -94.779556 43.046768
v 44.357288 -93.095222 43.047287
v 44.247635 -92.275238 43.269772
v 44.162563 -91.322235 43.443794
v 44.739746 -91.453735 42.235836
v 45.237156 -90.437119 40.555897
v 45.085129 -88.955437 40.953011
v 45.505375 -88.676544 39.531357
v 45.513729 -87.281403 39.636456
v 45.571545 -86.515442 39.760857
v 63.529076 1.651919 7.761902
v 63.504120 1.740669 8.564670
v 51.138275 -50.442272 13.944242
v 50.591499 -51.548386 13.228469
v 49.857918 -53.167660 13.666592
v 48.783806 -54.155231 11.617163
v 66.173920 6.854175 9.742211
v 65.919868 7.421498 10.968426
v 66.632599 8.967752 10.923934
v 66.109566 9.504026 12.014790
v 66.833076 10.983934 11.949746
v 66.554268 12.369316 12.655871
v 68.034210 13.314736 11.721982
v 69.983971 23.105070 0.271587
v 69.247765 24.235796 0.318238
v 68.382149 25.676403 0.514674
v 67.404228 27.029179 1.127005
v 66.874908 27.820377 1.599656
v 67.308151 29.469358 2.706922
v 66.971992 30.245104 4.610331
v 66.385353 29.678450 5.235233
v 67.244141 31.023634 5.879165
v 67.398079 30.785219 7.209527
v 69.493126 21.310150 11.921670
v 69.945778 23.086206 11.710750
v 68.857117 24.430578 11.182861
v 70.709839 25.285061 11.098793
v 70.404762 27.578976 10.476683
v 68.754112 28.662159 9.735912
v 70.638069 30.173834 9.585730
v 68.956215 15.170317 11.665744
v 69.208961 16.314556 11.786741
v 69.659164 17.812637 11.783641
v 70.006302 19.665964 11.785262
v 49.407913 57.252422 5.263774
v 49.443501 56.643829 6.758637
v 49.124508 56.448509 7.957506
v 48.146564 55.963097 9.462241
v 47.798798 54.632992 9.858776
v 47.848698 53.656246 9.740983
v 47.066669 53.938469 10.546602
v 45.910469 53.328205 11.228770
v 44.736572 53.507641 11.870969
v 49.343647 58.344585 3.147126
v 49.536575 59.751202 3.321082
v 49.080009 63.751129 1.584371
v 49.980934 61.674801 3.873958
v 45.955528 63.267838 0.194914
v 43.552357 62.252522 -0.003011
v 43.881264 61.089493 0.084020
v 42.446712 60.126343 0.109372
v 42.471058 58.244858 0.129673
v 40.322392 58.147762 0.481820
v 39.995152 56.606110 0.345802
v 38.712658 56.911297 1.019505
v 37.968197 56.312057 1.718994
v 37.379974 56.457211 3.062252
v 36.923454 56.395828 4.697275
v 36.558304 56.405766 6.098340
v 36.139221 56.107780 7.098594
v 35.897346 55.966045 8.128434
v 42.330482 55.447723 12.431606
v 41.143490 55.927399 12.450245
v 40.233696 57.526020 12.099722
v 38.859585 58.109428 11.780327
v 38.165318 57.453686 11.929966
v 37.475948 56.930374 11.734336
v 36.366371 57.236286 8.573549
v 37.377895 59.087570 9.629920
v 37.388870 58.296341 10.719767
v 37.620331 57.897690 11.361755
v 10.535218 88.325363 9.704943
v 8.094576 86.917648 10.348148
v 9.191117 86.192749 10.665804
v 8.490523 84.700874 11.006843
v 9.301284 82.755730 11.182318
v 9.918926 81.306007 11.092930
v 10.613171 80.226433 11.032804
v 10.212937 78.822922 11.541510
v 10.868968 76.848160 11.852240
v 11.319224 75.102989 12.112439
v 12.107246 73.255943 12.128540
v 13.121762 73.555580 11.573970
v 13.440366 72.422043 11.479390
v 6.571609 86.961563 5.950911
v 6.150024 85.768845 3.817766
v 5.506622 84.105263 2.931607
v 6.244729 84.146408 2.095402
v 4.948214 82.871994 2.574958
v 4.369648 82.895134 3.436132
v 3.896309 82.997658 5.120302
v 3.641374 82.692009 6.103350
v 3.630387 82.326210 7.047526
v 3.229564 81.236389 7.280520
v 3.067314 81.470665 8.694068
v 3.678436 80.904671 10.332665
v 3.064555 79.541351 10.440591
v 2.827474 78.629173 10.374037
v 3.820094 78.888557 11.168051
v 4.584278 77.880058 11.651162
v 5.839693 76.965370 11.997978
v 6.033709 74.509468 13.094895
v 6.030096 76.138863 12.810490
v 11.383495 71.585892 12.773307
v 9.866144 73.626770 13.017710
v 8.040538 74.272285 13.355377
v 12.737587 71.627068 12.053555
v 44.920143 55.021530 11.751381
v 43.648907 56.634296 12.117719
v 65.791855 5.288320 7.775172
v 66.193413 6.285933 8.402011
v 45.787502 -86.710564 37.985916
v 45.970566 -85.591087 36.063763
v 45.877571 -85.501617 33.744652
v 45.906754 -83.936150 33.746117
v 46.025452 -82.908607 34.163219
v 45.677814 -82.493423 32.441601
v 45.660419 -81.133743 32.342255
v 45.640099 -80.213020 32.170170
v 45.350464 -80.614967 30.936230
v 44.761425 -79.792564 28.467823
v 44.780422 -78.384308 28.606752
v 44.309799 -78.386879 26.655258
v 43.578087 -77.727516 24.212311
v 43.855473 -76.318558 24.581240
v 44.034267 -75.349815 24.962784
v 43.483139 -75.801559 23.457493
v 42.871346 -75.182220 21.945297
v 42.521481 -74.579750 20.930161
v 42.845436 -72.904564 20.685431
v 43.292873 -72.379913 21.582817
v 42.424694 -71.286652 17.931482
v 44.371189 -65.788841 16.738146
v 44.964302 -64.537865 17.124056
v 45.433861 -63.060825 16.140083
v 46.176899 -61.447685 15.631998
v 46.965462 -59.817341 15.667999
v 47.693378 -58.349098 15.675922
v 47.977791 -58.003834 16.372042
v 47.476196 -57.867374 13.204053
v 48.569530 -55.908031 13.652034
v 49.140869 -54.879112 13.965270
v 49.977257 -53.347698 14.899449
v 43.864365 -98.517677 44.580433
v 43.896919 -99.274529 44.728355
v 44.570396 -97.875816 43.069355
v 44.437351 -96.471924 43.133926
v 45.053387 -96.363708 41.800629
v 44.893974 -94.881660 41.948757
v 44.902901 -93.901642 41.801353
v 44.716190 -92.967934 42.159622
v 45.213242 -92.686897 40.800617
v 45.797424 -91.735725 38.505821
v 45.643978 -90.211449 39.155830
v 45.793011 -89.605942 37.673111
v 45.745853 -88.233612 37.831268
v 67.281311 8.225232 8.407100
v 67.044182 8.537843 9.636152
v 67.782822 10.127767 9.847012
v 67.262466 10.376716 11.023873
v 67.734154 11.372549 11.131096
v 68.692841 12.057229 10.409140
v 69.474922 13.501822 10.551058
v 69.904083 15.149493 10.860079
v 71.460640 23.948738 0.226973
v 70.881981 24.127035 0.250655
v 71.130920 25.443031 0.303144
v 70.028069 27.378876 0.549561
v 68.362938 28.696402 1.354556
v 68.052765 29.912867 2.186599
v 68.707893 31.327875 2.551600
v 68.028206 31.674076 4.726149
v 67.828484 31.790987 5.805415
v 68.293289 32.306362 6.446048
v 70.925400 21.300684 11.558748
v 71.070328 22.626265 11.501722
v 71.142532 23.767319 11.393073
v 72.714912 24.355200 10.941196
v 72.533203 26.028708 11.099094
v 71.588715 26.726337 10.941147
v 72.573029 28.280663 10.456009
v 72.945183 30.567490 9.758565
v 72.315323 31.893309 9.210451
v 70.591263 32.629940 8.343658
v 69.558304 33.988632 6.355176
v 69.741737 15.974827 11.387597
v 70.804955 17.217915 11.032260
v 71.354996 19.232092 11.093924
v 71.849709 20.937843 11.046120
v 49.719116 58.580601 5.807744
v 49.418949 58.362999 7.315689
v 49.262974 57.700874 7.980722
v 48.333241 57.783825 9.351486
v 47.130001 57.701450 10.612783
v 47.104477 56.177471 10.705976
v 47.291977 55.148308 10.462230
v 46.248821 55.005283 11.243992
v 49.886654 59.898064 5.521266
v 50.121445 61.245617 5.544615
v 47.171837 64.577103 0.329349
v 47.640865 66.082855 0.648709
v 49.640423 67.508034 1.866856
v 50.721077 64.940865 3.520482
v 50.613110 63.362320 5.199656
v 50.327503 62.584797 6.366614
v 45.459244 64.666161 0.104869
v 43.859035 64.260986 0.187802
v 41.857346 63.909832 0.392581
v 41.704185 62.407303 0.172515
v 42.021896 61.499611 0.168073
v 40.415386 61.209858 0.738933
v 40.427719 59.724537 0.615193
v 39.017902 59.615627 1.607884
v 38.817844 58.133636 1.349947
v 37.960030 58.070637 2.617977
v 37.399731 57.888618 4.464360
v 36.869492 57.612728 6.202893
v 36.689316 56.867741 7.282759
v 36.296318 57.583870 7.474491
v 42.010181 57.364403 12.156413
v 41.123108 59.589615 11.750016
v 39.377411 59.475197 11.385220
v 38.148602 58.955891 11.016036
v 38.185562 58.199680 11.594448
v 37.058861 58.935928 7.451485
v 37.794914 60.870430 8.212156
v 38.165108 60.882851 9.713361
v 38.128498 59.972820 10.400765
v 7.959016 88.326172 9.433476
v 6.385301 87.059784 9.321488
v 5.755098 85.554413 10.111216
v 7.120173 85.569283 11.030529
v 6.445648 84.293793 11.103209
v 6.576933 82.411484 11.735061
v 7.551797 81.313255 11.953215
v 8.755103 80.026527 11.712765
v 8.957515 78.058640 12.300735
v 9.647232 77.006218 12.381973
v 9.967572 75.607178 12.662352
v 6.722431 87.470238 8.135045
v 5.368089 85.874672 7.487422
v 5.438564 85.921669 5.746504
v 5.496976 85.902641 4.809864
v 4.933408 84.734039 4.927790
v 4.291060 84.397743 6.721344
v 3.541197 83.674538 7.352575
v 3.752080 82.964531 7.934110
v 3.470459 82.551468 8.035840
v 3.646837 83.108490 8.891060
v 3.938259 82.482323 10.120180
v 5.047994 82.607155 11.154884
v 4.775822 80.812729 11.392482
v 3.780622 80.017502 10.889117
v 5.795246 79.702286 11.880922
v 5.869130 78.205193 12.089175
v 8.021967 76.117233 12.724232
v 7.430367 78.493523 12.043035
v 45.856060 56.642860 11.349335
v 44.778580 56.565342 11.757397
v 44.600613 57.985592 11.685888
v 43.714207 57.953270 11.955689
v 43.179661 58.933853 11.824096
v 45.861408 -88.330376 35.841042
v 45.875511 -87.121048 34.509647
v 45.705700 -86.964569 31.750673
v 45.613125 -85.338219 31.644957
v 45.695087 -84.267349 32.486820
v 45.418133 -83.455208 30.859955
v 45.357868 -82.024849 30.886543
v 44.964783 -81.868958 29.140108
v 44.285675 -81.143028 26.687672
v 44.273788 -79.811729 26.677841
v 43.759354 -79.941650 25.071520
v 42.897030 -79.517937 22.872078
v 42.888317 -78.091164 22.683290
v 43.113449 -77.214409 22.966789
v 42.463249 -77.272758 21.669638
v 41.982803 -76.100731 20.369535
v 42.083981 -74.388565 19.755173
v 45.083420 -63.830585 16.061749
v 45.373398 -62.499668 14.434831
v 46.484493 -60.320698 14.385055
v 46.170914 -60.214268 12.796284
v 44.536907 -99.216904 43.485382
v 45.173691 -99.062653 42.023762
v 45.129807 -98.008553 41.913422
v 45.643013 -98.044800 40.477459
v 45.577721 -96.588608 40.362659
v 45.492191 -95.451271 40.406387
v 45.247475 -94.458443 41.039406
v 45.712452 -94.169243 39.155544
v 46.140881 -93.446228 36.611629
v 46.100655 -91.915337 36.472912
v 45.970245 -90.616325 36.383850
v 45.908936 -89.538528 36.049744
v 68.427368 9.660877 7.821480
v 68.223129 9.912478 8.625755
v 69.153999 11.512023 8.796537
v 69.828499 12.963102 9.581511
v 70.987038 14.796278 8.985823
v 71.041237 16.160387 10.231358
v 74.170830 28.104557 0.391326
v 72.004860 27.854362 0.369005
v 71.370483 28.917765 0.400419
v 70.266228 28.729845 0.587217
v 69.583435 29.956470 0.945962
v 69.687698 32.154839 1.545127
v 69.385056 32.913883 2.259226
v 69.546440 33.343372 3.157226
v 69.150810 33.157650 4.134587
v 68.969330 33.334621 5.262601
v 72.061401 22.322018 11.088060
v 73.650925 22.526869 10.171266
v 74.563202 24.521727 10.193768
v 74.638924 26.053352 10.451042
v 73.471291 26.610023 10.823851
v 74.563789 28.297911 10.395891
v 74.549255 30.191236 9.894060
v 74.399033 32.312943 9.119357
v 72.656433 33.731136 8.348523
v 73.263268 35.378235 7.560836
v 71.111916 35.292446 6.079131
v 70.226784 34.523628 4.306463
v 72.213722 17.355556 9.778357
v 72.562012 19.071022 10.127498
v 72.924271 20.580912 10.364787
v 49.762260 59.820374 7.260391
v 49.404572 59.392273 8.057351
v 48.572941 59.276566 9.186208
v 47.274696 59.341236 10.348232
v 45.685600 59.264626 11.197534
v 45.875595 57.922432 11.246386
v 49.904560 61.390877 7.096433
v 49.250729 61.120255 8.072192
v 49.570488 62.711742 7.640565
v 45.658680 65.963753 0.321888
v 47.283005 67.667885 0.523726
v 45.598209 67.476051 0.422218
v 50.863380 66.954308 3.864432
v 50.631081 68.776619 4.803669
v 49.718452 71.173714 1.877124
v 48.239620 69.832222 0.615607
v 47.488598 68.639915 0.521618
v 50.929283 65.856186 5.407382
v 50.844032 64.569664 5.225419
v 50.500324 64.753212 6.712546
v 49.589008 64.207436 7.782876
v 43.896763 65.841164 0.296352
v 42.223530 65.638084 0.673620
v 40.638367 65.328949 1.669316
v 40.273987 63.851254 1.224480
v 40.484001 62.809986 0.697111
v 39.406792 62.610680 1.954657
v 39.209560 61.139297 1.800312
v 38.660313 61.121239 3.215532
v 38.107052 59.619156 2.981036
v 37.924557 59.672546 4.288393
v 37.397545 59.000824 5.729767
v 42.177402 60.986153 11.660483
v 40.888073 61.386711 11.562862
v 39.919868 61.196514 11.191990
v 38.791187 60.620640 10.667693
v 38.563068 59.844456 10.890459
v 37.875786 60.739071 6.097481
v 38.386009 62.800629 7.293682
v 38.557858 62.397083 9.021713
v 39.047508 61.869171 10.285543
v 4.235185 84.484009 8.688405
v 4.913290 84.037651 10.498199
v 5.976307 84.582909 10.377262
v 44.291382 59.482903 11.623091
v 44.019646 61.192986 11.351081
v 45.987617 -89.843422 34.295246
v 45.810844 -88.809616 32.376427
v 45.590370 -88.324745 29.844162
v 45.533096 -86.958199 30.084862
v 45.419689 -85.580948 30.049934
v 45.390411 -84.527077 30.380638
v 45.077827 -83.758530 28.859663
v 44.515106 -82.700981 27.242987
v 43.891563 -82.613052 25.289968
v 43.780708 -81.340477 25.119507
v 43.177803 -81.679626 23.496445
v 42.190956 -80.995384 21.496973
v 42.201805 -79.606277 21.486059
v 42.448978 -78.655426 21.844757
v 41.810654 -78.872452 20.690538
v 41.275452 -78.248039 19.680408
v 40.995480 -75.769524 18.142805
v 45.736610 -99.229134 40.603207
v 46.298664 -99.054878 38.555492
v 46.092999 -97.932915 38.889172
v 45.951077 -96.901665 38.993210
v 45.793690 -95.758339 39.267120
v 46.176723 -95.655327 37.326698
v 46.470051 -94.839745 34.585938
v 46.322567 -93.357498 34.918243
v 46.232609 -92.335197 34.985310
v 46.105698 -91.176033 35.096622
v 70.703293 12.770125 6.902091
v 70.241348 13.028713 8.538329
v 71.580353 14.562281 7.470556
v 72.433838 15.919504 7.368814
v 72.317924 16.526564 8.638516
v 73.117126 29.805571 0.322909
v 72.051956 30.220411 0.389975
v 70.996918 30.193916 0.578992
v 71.089500 31.794262 0.830624
v 70.407494 33.167778 1.400373
v 70.330444 34.142227 2.488312
v 74.380760 20.916862 8.850591
v 75.050743 22.678520 9.251225
v 75.476425 24.168688 9.350318
v 75.989258 25.995098 9.612346
v 75.796600 27.515701 9.933954
v 76.041313 28.870453 9.814972
v 76.127174 30.028452 9.567230
v 76.440048 31.796518 9.149184
v 76.366470 33.656761 8.674664
v 74.923233 34.588287 8.230854
v 74.592369 36.328465 7.279893
v 71.718864 36.323559 4.447689
v 71.868813 35.821175 2.510354
v 73.316475 17.912344 8.382409
v 73.384743 18.963606 9.255253
v 48.671032 60.649311 9.098081
v 47.304726 60.821697 10.109542
v 46.010326 60.660263 10.829979
v 48.666424 62.632225 8.769153
v 47.551975 62.317265 9.847865
v 48.014084 64.388779 9.203056
v 43.825954 67.368195 0.562255
v 45.624744 69.200272 0.428057
v 43.630962 68.915199 0.879143
v 50.904888 67.219025 5.183874
v 50.247082 71.588158 6.334276
v 50.261322 69.034874 7.306487
v 50.526981 67.198624 6.709589
v 48.911346 72.894737 2.501531
v 48.780037 71.835297 1.446716
v 47.259239 71.049156 0.816723
v 50.465031 65.919502 6.841033
v 49.629036 66.103622 8.199243
v 47.977413 66.159828 9.360184
v 42.248440 67.260063 0.858392
v 41.074738 66.928917 1.606723
v 40.402206 66.859230 3.630495
v 39.732388 65.080849 3.411053
v 39.634399 64.232513 2.155542
v 39.215549 63.606422 3.396032
v 38.939320 62.514488 3.366944
v 38.638969 62.633095 4.953219
v 38.239929 61.065426 4.658310
v 42.504387 62.246647 11.482191
v 41.525490 62.332626 11.500416
v 40.424400 62.353104 11.220713
v 40.368351 61.671947 11.426165
v 39.678333 62.287102 10.789820
v 38.952370 64.686668 6.792725
v 38.680599 63.891842 7.503944
v 38.942127 64.130219 8.372228
v 39.702988 63.540524 10.152003
v 45.626774 62.346886 10.777864
v 44.203171 62.734985 11.076416
v 42.916027 63.539841 11.201881
v 46.165356 -91.408043 33.312660
v 45.924999 -90.768013 31.495878
v 45.551083 -90.078636 29.003899
v 45.310322 -88.592522 28.295324
v 45.257523 -87.532707 28.377260
v 45.281780 -86.422958 28.814240
v 45.185268 -85.134430 28.813137
v 44.907043 -85.294136 27.629278
v 44.295834 -84.396461 26.164682
v 43.489079 -84.254555 23.965954
v 43.541779 -82.959068 24.090389
v 42.960533 -83.473442 22.725475
v 42.150585 -82.777931 21.404169
v 41.441551 -82.156784 20.154585
v 41.600307 -80.888451 20.466759
v 41.763142 -80.082207 20.716267
v 41.163506 -80.261742 19.765770
v 40.238590 -81.249672 18.394154
v 40.601894 -78.416679 18.611807
v 46.639442 -98.403595 36.391994
v 46.818779 -99.302025 35.576733
v 46.388229 -97.419647 37.456337
v 46.574535 -97.082466 35.142025
v 46.624485 -96.282379 32.488213
v 46.510433 -94.888916 32.812290
v 46.402458 -93.933647 32.651875
v 46.351528 -92.888565 33.464741
v 72.450630 15.321356 6.257169
v 72.943542 16.196257 6.441187
v 73.759544 17.462509 6.345908
v 73.565010 17.712721 7.305856
v 74.829254 31.400806 0.321130
v 73.982246 31.618824 0.221628
v 72.705673 31.194136 0.390354
v 72.742851 33.155445 0.492556
v 71.233940 34.163307 1.352245
v 73.960106 19.333035 8.471623
v 74.507790 19.514631 7.379220
v 75.434669 21.251507 7.399933
v 76.293701 22.695045 7.329405
v 75.583702 22.480495 8.503264
v 76.433266 23.847412 8.123249
v 77.081902 25.639475 8.399962
v 77.407104 27.471703 8.661487
v 76.562286 27.398285 9.435590
v 77.074013 28.777262 9.274605
v 76.859612 29.736458 9.346407
v 78.133980 31.210810 8.567469
v 78.008789 33.755363 8.403572
v 77.333031 35.030369 8.277281
v 76.321335 34.805714 8.320688
v 76.311806 36.044914 7.775641
v 75.613052 37.828106 6.343070
v 73.174187 37.469704 5.073777
v 72.745377 37.300625 3.477771
v 72.807602 35.299854 0.923653
v 72.955147 36.592209 1.410328
v 73.473396 37.548683 2.321149
v 47.221035 63.769711 9.832496
v 45.752731 63.892502 10.447172
v 46.745087 65.988335 10.036182
v 46.019222 65.210686 10.222544
v 42.232090 68.832367 1.517026
v 44.976070 70.856415 1.020470
v 43.442513 70.443054 1.305536
v 42.369698 70.344841 2.008637
v 50.040771 73.344307 6.424835
v 49.392387 73.101013 7.483107
v 49.660526 71.609863 8.125102
v 49.788216 70.157845 8.211930
v 49.595379 68.750214 8.624931
v 49.767967 67.653389 8.372609
v 46.201653 74.371979 4.385732
v 47.105469 73.284531 2.029316
v 47.257629 72.373009 1.455264
v 45.571438 72.360390 1.600611
v 48.292999 67.908447 9.496343
v 47.030003 67.553337 9.825930
v 45.982700 67.347466 10.006138
v 41.253555 68.598938 2.794738
v 40.869816 68.660172 5.596093
v 40.013592 67.255180 5.670332
v 39.538971 65.857178 5.203492
v 39.178856 64.388428 4.743415
v 42.020378 63.032833 11.424230
v 41.378315 63.783981 11.103365
v 39.522411 66.547112 7.224343
v 39.163628 65.839645 7.507249
v 39.275543 65.888145 8.151981
v 39.654839 65.519867 9.501816
v 40.748379 65.643295 10.457154
v 44.451073 63.607090 10.870189
v 44.003212 65.230293 10.749939
v 42.215527 65.179214 10.948497
v 42.066914 64.250679 11.173091
v 46.124939 -92.829208 30.985685
v 45.728001 -91.766418 29.195297
v 45.293213 -91.657646 26.959805
v 45.072887 -90.213921 26.791643
v 45.021675 -88.992203 27.136152
v 44.932343 -87.525925 27.230515
v 45.048885 -86.584381 27.806694
v 44.844894 -86.425156 27.157118
v 44.450966 -86.539139 26.027023
v 43.655128 -86.080688 24.161280
v 42.892708 -85.799911 22.465796
v 42.958569 -84.610481 22.696037
v 42.367512 -85.117340 21.506783
v 41.944832 -84.254944 20.906794
v 41.155666 -83.975266 19.717209
v 40.806713 -82.439415 19.249357
v 40.841469 -81.358383 19.319647
v 46.787815 -98.527000 34.660583
v 46.790524 -98.143394 32.929855
v 46.731293 -97.811844 30.571661
v 46.589664 -96.239952 30.620749
v 46.476376 -95.369682 30.886570
v 46.438282 -94.429596 31.380663
v 75.085709 19.634878 6.253510
v 76.588516 33.035614 0.708476
v 75.486580 33.100872 0.293748
v 74.483795 32.862263 0.265315
v 74.852036 34.754768 0.390989
v 76.406937 21.844643 6.183757
v 77.933784 24.523458 5.731032
v 77.177261 24.128597 6.964796
v 77.918655 25.527409 6.737194
v 78.550003 27.416948 7.066124
v 78.527069 28.741508 7.807323
v 77.866272 28.653503 8.584262
v 78.333450 29.647846 8.357354
v 79.414284 30.523415 7.167069
v 79.309135 31.984739 7.692667
v 79.295662 33.313095 7.862752
v 79.420868 35.287518 7.908955
v 78.423027 36.145901 7.999245
v 77.460594 36.197514 7.942455
v 77.575623 37.384628 7.339113
v 77.621147 38.915031 6.150309
v 74.202812 38.370892 3.662115
v 74.620041 36.251961 0.772103
v 74.721474 37.600540 1.354249
v 74.870445 38.558777 2.388648
v 44.726269 66.735970 10.435894
v 41.878784 70.295097 3.200486
v 43.963276 71.961037 2.119500
v 42.851074 71.547386 2.436149
v 42.253754 71.747337 3.407674
v 47.320034 73.405228 8.115597
v 48.455128 71.991104 8.792634
v 48.889168 70.530022 9.042470
v 49.061024 69.267860 9.171777
v 45.994278 73.471161 2.344391
v 45.345474 73.518501 2.516999
v 44.479744 73.576859 3.210108
v 44.476154 74.733650 5.146613
v 47.955490 69.517113 9.854994
v 46.842388 69.207863 9.777731
v 45.272697 68.979439 9.809270
v 44.267906 68.066269 10.334267
v 41.915096 70.229500 5.332426
v 42.077164 70.077797 7.735503
v 40.900513 68.927071 7.528150
v 40.178986 68.005432 6.912037
v 40.256962 68.051071 8.501842
v 39.678448 66.915047 8.335653
v 39.246338 66.120789 7.677122
v 39.978558 66.958038 9.228469
v 40.231930 66.472466 9.921636
v 41.974129 66.952324 10.670395
v 40.864105 67.481888 10.123483
v 43.643745 66.556290 10.702750
v 42.909988 66.410027 10.833760
v 46.174320 -94.588272 29.096882
v 45.678673 -93.298340 27.657255
v 45.159447 -93.094444 25.642200
v 44.887844 -91.918411 25.252363
v 44.699375 -90.692299 25.349859
v 44.559559 -89.319069 25.531841
v 44.583664 -88.085815 25.955944
v 43.818398 -88.189079 23.988150
v 42.918480 -87.431335 22.293179
v 42.358440 -87.032463 21.239494
v 42.389114 -86.097458 21.454990
v 41.917614 -86.491821 20.599882
v 41.314655 -85.798119 19.808428
v 39.916843 -85.945251 17.971416
v 40.471870 -83.624672 18.768272
v 46.936474 -99.241203 33.413952
v 46.895947 -99.144890 31.320679
v 46.702145 -99.083229 28.893492
v 46.484570 -97.871414 28.500277
v 46.465103 -96.952049 29.004438
v 46.441204 -96.084084 29.302753
v 80.184944 31.913010 2.698707
v 78.534859 36.234653 1.362502
v 76.567276 35.196606 0.364836
v 76.581131 36.134735 0.506660
v 76.346901 37.212807 0.712587
v 78.740364 26.215712 5.438358
v 79.016785 27.199591 5.693721
v 79.758514 29.099791 5.537934
v 79.184341 28.864515 6.847996
v 80.358940 30.847809 5.955938
v 80.284538 31.702965 6.674470
v 80.220551 32.813168 7.105032
v 80.329239 34.727512 7.357381
v 80.425034 36.454796 7.509195
v 79.591980 37.421432 7.623441
v 78.668694 37.520733 7.579484
v 78.870049 38.496403 6.901705
v 79.110992 39.963551 5.718855
v 77.649307 39.789288 4.782865
v 76.227753 39.254314 3.277939
v 77.428230 38.816086 1.834740
v 75.800850 38.824646 2.053032
v 43.257858 67.382393 10.617605
v 42.356434 71.476067 4.930119
v 43.103256 72.942291 3.551804
v 42.836906 72.691170 4.979042
v 44.860413 73.858154 8.868437
v 46.616905 72.278992 9.632624
v 47.940918 70.869308 9.694489
v 43.666546 74.144203 5.262283
v 46.857700 70.947678 9.832613
v 45.626255 70.567451 9.546285
v 43.861805 70.332024 8.892096
v 42.871380 69.766800 9.088294
v 42.559875 68.548424 10.070513
v 43.316242 71.944649 8.039587
v 41.581142 69.309029 8.817124
v 42.094746 69.959267 8.590765
v 41.055023 68.439095 9.536755
v 40.409557 67.937317 9.525639
v 46.117020 -96.096222 27.527433
v 45.256371 -94.835182 25.371868
v 44.654678 -93.166283 24.240582
v 44.737530 -92.413971 24.645012
v 44.126930 -91.349098 23.517450
v 44.119537 -89.768715 24.096313
v 43.296989 -89.884598 22.266747
v 42.791248 -88.878510 21.715607
v 41.968140 -88.451317 20.377544
v 41.883759 -87.409164 20.414902
v 41.346821 -87.432442 19.636917
v 40.861824 -86.986923 19.040691
v 40.907104 -88.671959 18.840729
v 46.180447 -98.438187 26.766018
v 46.378323 -99.252502 26.963690
v 46.132668 -97.390785 27.064871
v 81.317566 34.422714 3.508723
v 81.074356 32.519798 4.916047
v 80.537178 30.715576 4.564725
v 80.544182 29.936899 3.749866
v 81.564934 37.609676 2.410684
v 79.390053 38.792915 1.526589
v 79.717880 27.873898 4.166128
v 80.952087 32.649143 6.351057
v 81.385239 34.535351 6.259934
v 81.003128 35.875153 7.128003
v 81.374123 37.299400 6.626168
v 80.477997 37.712711 7.388963
v 80.360222 39.070850 6.605903
v 80.441689 41.276855 5.538341
v 78.472366 40.145638 3.733922
v 79.757149 40.184551 2.492272
v 43.116505 73.320534 9.447241
v 43.819618 74.462898 8.063963
v 44.383327 72.749893 9.940834
v 45.722038 71.724915 9.880581
v 44.761494 71.808136 9.496350
v 45.664009 -97.169624 25.506199
v 44.792637 -96.651596 23.360008
v 44.302296 -95.080673 22.972567
v 44.217579 -93.773445 23.190224
v 44.077175 -92.691544 23.165800
v 43.342999 -92.571373 21.799805
v 43.370369 -91.142380 22.060787
v 42.723530 -91.356926 20.917629
v 41.921883 -90.467346 19.939217
v 40.266750 -91.098106 17.698511
v 45.898903 -99.177094 25.209238
v 45.758766 -98.385544 25.263611
v 82.425125 35.565197 3.878772
v 82.070206 34.717312 4.898341
v 81.715729 33.792892 4.921111
v 81.335144 39.027191 4.898798
v 82.400459 37.635639 3.867385
v 82.571022 36.742790 3.549376
v 82.264809 36.133560 5.710421
v 82.212227 37.493614 5.215314
v 42.762630 74.108261 8.185710
v 42.160809 73.299973 9.291994
v 42.236530 72.777138 9.346553
v 43.573833 72.624901 9.715075
v 45.177219 -98.480148 23.631422
v 44.493393 -97.791962 22.180847
v 44.372555 -96.842789 22.314060
v 43.680058 -95.947334 21.355247
v 43.550026 -94.209373 21.744755
v 42.353073 -93.856300 19.819950
v 42.571335 -92.483582 20.450336
v 42.042850 -92.267677 19.642817
v 41.566204 -92.722122 18.940710
v 45.407619 -99.302032 23.753380
v 82.617638 36.636116 4.519526
v 41.923603 73.203392 9.161033
v 44.953712 -99.291862 22.754461
v 44.099606 -99.023750 21.211588
v 43.905334 -97.938118 21.134623
v 43.799389 -97.257080 21.152554
v 42.994656 -97.185295 19.946547
v 42.588890 -95.532234 19.786667
v 41.493408 -95.255005 18.325945
v 42.935356 -98.826843 19.402308
v 43.308617 -99.320320 19.790701
v 42.316788 -97.948540 18.741444
v 42.156967 -96.880440 18.824230
v 41.833572 -97.120155 18.312862
v 42.777241 -99.385468 18.964174
v 42.053200 -99.228218 18.007776
v 41.965672 -98.244148 18.153206
v 36.012249 -97.132622 12.823870
v 37.280708 -97.379852 13.555824
v 38.453514 -96.717514 14.723545
v 40.108143 -96.641426 16.396366
v 41.287441 -97.272430 17.584867
v 41.042118 -99.118103 16.669628
v 39.829281 -99.056213 15.189308
v 38.383877 -99.015366 13.835110
v 36.741631 -98.984123 12.740594
v 34.973198 -98.983368 11.934469
v 52.305866 -29.702770 3.191397
v 35.562012 -91.568649 13.399197
v 44.701584 -57.619438 7.299340
v 42.566120 -64.379128 9.853978
v 38.605694 -76.113792 14.326534
v 38.073296 -92.444679 15.289032
v 40.066299 -63.693138 6.286014
v 44.717022 -61.404049 10.783955
v 38.399315 -79.576065 15.464847
v 36.757698 -95.058708 13.796434
v 39.146103 -69.453377 10.157961
v 39.937511 -75.799957 16.064568
v 39.734024 -77.179192 16.490561
v 40.288750 -73.950729 15.417043
v 46.094009 -59.042820 10.892625
v 46.493359 -57.770939 10.325797
v 47.033653 -56.263199 9.981948
v 38.506565 -83.060898 16.196571
v 37.396618 -85.970764 15.220256
v 38.506805 -88.899261 16.098179
v 36.743217 -89.040092 14.506437
v 36.043610 -70.279488 8.239041
v 36.285458 -72.647003 10.158239
v 41.607735 -67.026642 10.882368
v 43.081528 -66.020828 12.687923
v 42.043697 -68.553802 13.587124
v 38.835300 -66.830536 7.470907
v 37.089268 -68.305435 7.333589
v 40.527382 -66.354004 8.766221
v 42.955109 -54.760059 3.368294
v 41.755478 -57.467648 3.872079
v 36.714993 -75.104668 11.939724
v 36.295998 -77.818459 12.796722
v 36.474808 -82.545013 14.111292
v 38.008087 -94.815865 14.854865
v 38.857311 -94.960091 15.593572
v 39.761879 -94.082390 16.654697
v 36.315464 -80.059059 13.498612
v 38.655502 -73.138443 12.555645
v 40.631947 -71.331429 13.835387
v 42.856964 -61.523857 7.787171
v 51.253597 -35.235081 3.777998
v 52.186234 -33.176544 4.125289
v 44.124851 -64.058144 12.841695
v 47.549347 -48.039886 5.031660
v 48.664173 -46.345882 5.500289
v 41.663540 -60.127934 5.421705
v 49.094208 -43.060375 4.433651
v 49.739819 -40.367645 3.940142
v 50.457596 -37.721355 3.757812
v 53.649181 -29.792116 4.897889
v 53.076084 -31.354076 4.543543
v 46.976269 -53.580967 7.663424
v 44.818710 -53.384888 4.483568
v 46.245522 -50.207592 4.579047
v 62.939133 0.193545 6.989342
v 72.415604 19.103758 3.748037
v 77.446342 27.022799 3.157752
v 78.458206 28.952515 2.813018
v 76.319328 25.937983 2.985073
v 75.198837 24.356083 3.007695
v 73.967476 22.260471 3.224795
v 69.254288 14.079793 3.952050
v 70.658432 15.483263 4.332932
v 67.344643 12.123780 3.675007
v 65.448959 9.666737 3.704807
v 63.797787 8.596678 2.895040
v 62.345272 5.198767 3.479487
v 60.920029 2.686207 3.411179
v 55.919086 -6.325858 2.383987
v 57.905212 -1.835839 2.874662
v 59.406368 0.302395 3.220609
v 56.505302 -3.331952 2.275195
v 67.152878 9.516514 5.522185
v 23.234777 10.010483 18.075039
v 23.966663 10.404006 16.267942
v 23.980167 11.042966 13.874377
v 23.920519 11.306816 11.554688
v 23.908943 11.332170 8.789823
v 23.432404 11.058960 5.692000
v 22.970518 10.018791 3.314598
v 22.166500 8.747623 1.831822
v 21.505451 10.506648 2.381984
v 21.802156 11.901476 4.034776
v 22.132887 12.529430 6.134818
v 22.726694 12.245439 7.949134
v 22.756771 12.819356 10.749442
v 23.159569 11.986514 13.120761
v 22.947384 11.795985 15.186998
v 22.403719 11.732008 17.158224
v 1.703205 10.580079 16.024719
v 1.474806 11.593115 12.550370
v 1.258925 12.119530 9.069436
v 0.973768 11.932915 5.645560
v 0.728856 10.685323 2.753594
v -0.991317 11.010844 2.438852
v -1.479003 12.525672 4.191099
v -0.885264 13.509063 8.470728
v 0.295929 12.440679 11.777719
v -0.016135 11.687801 14.805241
v 2.574431 11.846186 3.552453
v 2.310866 12.397647 6.322916
v 2.152124 12.364580 10.121836
v 2.389822 11.755117 13.948217
v 2.940183 11.191920 16.482578
v 2.987163 12.906870 15.928330
v 2.080995 13.178926 13.049566
v 1.948407 13.391935 9.842956
v 2.396804 13.664831 6.581936
v 3.221990 13.973365 3.444136
v 25.225355 8.948196 2.328867
v 24.790611 9.845253 3.237794
v 24.779095 10.816420 4.669421
v 24.813824 11.106962 6.634808
v 24.802622 11.253901 8.553729
v 24.693800 11.309730 10.370660
v 24.795240 11.231980 12.588699
v 24.951347 10.925792 14.750156
v 25.239225 10.380205 16.579679
v 25.586317 9.707698 18.089289
v 26.231068 11.029464 17.422676
v 25.814915 11.512095 15.765217
v 25.653660 12.493353 13.696528
v 25.340311 12.032096 11.464259
v 25.279799 12.127615 9.321446
v 25.256561 11.823243 7.625797
v 25.488218 11.967494 6.352783
v 25.764545 11.915094 4.924122
v 25.812805 10.935895 3.645484
v 25.912729 9.934148 2.732543
v 48.568272 7.025733 9.239307
v 48.954655 7.306369 4.400848
v 45.954071 6.122748 4.392951
v 46.158051 6.522743 7.409257
v 50.782898 8.441704 9.566936
v 49.695927 8.052956 7.751656
v 26.463751 19.999157 8.135199
v 26.472166 21.060104 13.624459
v 26.486347 18.577881 7.045046
v 26.643322 21.449062 9.482248
v 25.893814 16.548901 11.792468
v 25.951569 14.176614 6.959655
v 26.343428 16.588678 15.388547
v 26.438095 11.919087 3.750077
v 26.416695 12.504329 4.146634
v 26.420582 13.232299 4.605327
v 26.003365 17.206493 8.698240
v 26.079210 18.547171 9.229390
v 25.570951 12.816013 7.900583
v 25.640669 12.675455 6.913734
v 26.353052 14.144372 5.371095
v 26.472551 15.450223 5.526036
v 25.679550 13.651610 8.674136
v 26.136480 19.616623 10.539875
v 26.242537 16.409473 6.943665
v 25.864511 15.378325 8.846484
v 25.764103 13.695884 11.976032
v 25.682112 13.896383 10.294780
v 26.638063 15.751782 16.580091
v 25.931221 12.982680 5.811290
v 26.070108 19.468288 12.578226
v 26.345245 21.063976 11.676631
v 26.242615 18.625717 14.277880
v 26.738997 18.907448 16.324018
v 26.483812 18.381985 15.721578
v 26.498838 14.707284 16.174635
v 26.087959 14.536558 14.360687
v 26.197855 13.046408 15.661613
v 25.891569 14.122923 12.999236
v 26.613586 12.045367 17.428192
v 26.330696 12.120304 16.699324
v 25.862783 16.546549 9.964368
v 25.902422 17.499838 10.130232
v 25.935089 18.176817 10.779260
v 25.817324 15.573464 10.362825
v 25.886526 14.875730 12.092073
v 25.821690 14.950470 11.223361
v 25.942968 18.363682 11.853245
v 25.987791 17.954033 12.950685
v 25.967091 15.165389 12.938628
v 26.073971 17.075048 13.646336
v 26.057783 15.924360 13.621951
v 26.625502 22.331306 12.177173
v 26.635944 22.129534 11.248222
v 26.802376 22.839413 11.465138
v 3.633203 16.762993 5.951687
v 3.343908 15.635303 10.116572
v 4.098125 18.642450 7.675072
v 3.863515 17.337198 7.503050
v 3.358816 15.830758 7.942075
v 3.723545 16.617201 11.437240
v 3.203166 15.086022 5.209209
v 3.760558 18.318314 6.470274
v 3.797948 15.931012 4.408856
v 3.271359 15.722837 11.826787
v 2.993591 14.164165 14.631972
v 2.733137 14.639282 8.636302
v 2.703975 14.605163 11.525574
v 3.012242 15.122722 12.796872
v 3.106287 15.299380 6.379874
v -12.059336 39.769699 7.478264
v -21.673553 60.859821 6.057871
v -6.976211 24.604643 5.244863
v -17.964977 50.347321 3.814854
v -22.537832 58.520493 2.570356
v -27.969414 69.790787 6.963020
v -12.514809 36.145454 3.515452
v -14.391235 40.970554 3.460993
v -8.931413 30.476711 5.614843
v -5.355588 17.480270 4.410257
v -18.466129 48.130222 2.320530
v -16.223383 46.019600 3.860061
v -6.032940 25.017431 9.637477
v -24.399775 62.914745 3.198003
v -16.903248 49.995285 6.067665
v -4.279130 19.446663 9.871519
v -25.140488 65.200874 4.000049
v -26.256990 67.211723 4.383598
v -18.458258 52.138412 4.270770
v -17.767839 51.734711 5.558976
v -12.953591 39.872292 5.164995
v -13.641656 41.814159 5.601020
v -29.453190 70.113663 6.743065
v -21.831264 59.509869 4.397869
v -23.153379 60.524937 3.067906
v -22.896652 61.653229 4.601225
v -16.366770 43.844040 2.524709
v -14.926855 45.281017 6.519601
v -15.601081 46.944016 6.355700
v -6.944220 27.837925 9.537952
v -14.561926 43.894958 5.569384
v -19.979460 54.299271 3.694930
v -20.460110 55.784859 3.957112
v -16.207273 48.089642 5.514714
v -24.271120 60.821716 2.074965
v -23.667437 59.510918 1.972773
v -23.682541 58.351665 1.514747
v -23.130741 57.287994 1.548588
v -15.042881 43.217361 3.808924
v -29.424164 70.117592 5.837464
v -28.167501 69.443001 5.202609
v -25.366364 64.648453 2.765898
v -27.175350 68.531548 4.825839
v -4.124125 18.790428 12.024008
v -4.984598 21.076061 11.927202
v -21.985991 56.574608 2.318753
v -8.441754 26.076624 3.603235
v -8.334028 24.312374 3.178215
v -19.634377 52.972061 3.259784
v -17.010267 48.573116 4.200467
v -19.120155 51.435581 2.909979
v -19.317122 50.130959 2.254098
v -15.748055 42.357292 2.521481
v -15.878372 41.027523 2.024411
v -21.261862 57.638569 3.877729
v -3.366320 17.333023 10.964193
v -2.359742 15.549377 10.739594
v -3.106125 16.566084 8.913836
v -5.650507 23.328381 11.568547
v -5.130358 22.171188 10.176296
v -7.003391 27.140795 7.270663
v -7.660394 29.374418 8.305870
v -9.556233 33.313076 7.673073
v -10.660603 33.615726 4.777139
v -10.883033 35.700970 6.400474
v -9.459170 28.279682 3.320833
v -7.960675 27.476198 5.023925
v -8.429822 31.173855 8.745922
v -5.282140 21.866026 7.943848
v -0.717337 12.876526 13.431340
v -3.289967 15.641719 6.355098
v -4.498142 18.505955 7.097087
v -1.404618 14.025263 12.108847
v -7.233561 18.399117 2.959779
v -6.586195 16.826866 2.907648
v -5.871100 20.703684 5.361676
v -3.657545 14.815076 4.292686
v -11.975308 37.902264 5.660811
v -10.507660 30.450178 3.056984
v -10.822127 32.083694 3.451062
v -12.323434 33.770905 2.588487
v -14.126938 37.668442 2.346982
v -15.028058 39.331196 2.177260
v -13.347074 38.701332 3.654597
v -14.371021 36.378475 1.808799
v -13.836276 35.055729 1.820706
v -5.136637 15.562197 3.260924
v -6.822555 19.782421 3.637193
v -7.376928 22.140408 3.693364
v -25.210560 66.242195 5.456239
v -5.991864 22.876425 6.326006
v -6.147369 24.439577 7.332393
v -6.428894 22.552549 5.176763
v -11.242382 37.340233 7.349920
v -2.349341 14.065458 5.706222
v -7.816233 28.747786 6.497260
v 20.341230 14.906680 4.372028
v 21.795523 15.329700 14.373389
v 20.774525 15.299413 6.860964
v 19.433758 16.785826 4.984674
v 21.073965 15.955873 9.071650
v 22.267950 12.941196 16.170740
v 21.994246 14.650425 12.239578
v 21.648674 15.221868 10.634949
v 21.444927 16.537731 12.362911
v 22.414534 13.566015 13.035465
v 22.435457 13.291486 14.657796
v 21.829987 13.480926 7.260664
v 21.819475 14.087830 8.788060
v 21.989223 14.106984 15.915194
v 21.606129 15.080754 16.218988
v 20.291367 14.197725 3.039595
v 20.963470 13.482594 3.919352
v 20.902361 12.943743 3.027915
v 21.308048 17.425793 13.899920
v 21.412813 16.158735 15.750970
v 21.312019 17.072424 15.044882
v 21.527451 13.671126 6.406578
v 21.281097 13.586013 5.289946
v 19.876606 15.119143 3.228987
v 19.533422 15.870595 3.564798
v 21.001757 11.984571 2.533908
v 17.976313 17.968416 3.254198
v 17.486027 18.849020 3.351651
v 18.673645 17.030865 3.331467
v 50.691643 4.428391 14.468820
v 52.590431 9.114333 11.371815
v 55.222702 14.600400 9.445968
v 55.751919 11.346584 12.810307
v 62.317753 21.305756 10.925589
v 68.912437 31.345606 8.096572
v 59.897179 18.633528 11.559161
v 57.494251 15.719128 11.766787
v 57.956779 12.486008 13.574138
v 76.481918 38.926998 5.101022
v 75.371811 38.570515 4.749901
v 74.311218 37.719364 5.743820
v 74.139854 37.232662 6.242008
v 72.312340 35.742802 6.695797
v 71.996498 34.906963 7.273806
v 73.231392 36.485329 6.499851
v 74.487625 38.076370 5.153066
v 72.256920 36.318058 5.785899
v 70.045517 33.454227 7.405971
v 70.913139 34.085072 7.369678
v 56.099609 10.242705 13.722975
v 57.014748 10.786361 13.843533
v 69.405975 32.819180 7.373746
v 68.737610 29.984337 8.971530
v 67.835670 30.183939 8.254274
v 67.775673 29.291744 8.857282
v 58.554901 17.479710 11.433585
v 58.811687 16.475109 12.445461
v 59.566990 17.326370 12.378057
v 67.159355 28.121084 9.138745
v 66.592697 27.186666 9.352892
v 65.876534 26.415508 9.441540
v 65.154350 25.666265 9.523410
v 61.312138 18.771429 12.263596
v 63.771435 23.771198 10.001710
v 64.570328 24.831173 9.721421
v 62.454597 22.883301 9.673216
v 63.621101 22.818026 10.613321
v 64.272598 22.149729 11.282137
v 64.142776 21.171888 11.809968
v 61.206593 21.798868 9.418904
v 60.568790 20.474052 10.369915
v 59.884514 19.727871 10.525098
v 61.004276 19.812634 11.331504
v 60.612755 20.996260 9.796102
v 56.475697 15.847797 10.197054
v 57.458839 17.069147 10.320980
v 62.384724 19.640669 12.176517
v 63.461334 20.380253 12.109744
v 58.687473 15.418877 12.899008
v 54.163746 9.827699 12.458424
v 54.190769 11.072957 11.293121
v 56.667187 13.648568 12.251739
v 56.111576 14.623253 10.979524
v 55.206573 12.922255 11.092373
v 57.977116 14.352232 12.910722
v 53.356262 8.219978 13.008258
v 55.079475 9.383646 13.554293
v 52.596329 6.953045 13.451593
v 52.307487 5.835867 14.164792
v 52.078388 4.881417 14.795505
v 51.923042 4.075297 15.309038
v 52.206230 2.777885 16.207722
v 51.727886 3.176373 15.890601
v 54.404064 12.450414 10.182719
v 52.117058 7.531564 12.579561
v 39.967026 16.992052 5.462780
v 40.883999 20.081671 5.269119
v 40.457214 21.399652 3.685115
v 40.759800 23.268064 3.252309
v 40.674553 22.333162 3.415743
v 17.486671 46.240860 6.080817
v 16.146605 58.543858 2.818887
v 14.785027 54.531532 1.924504
v 15.330646 67.795807 3.025686
v 13.944616 58.785694 1.150050
v 17.415409 56.432648 6.758261
v 17.042068 61.841583 6.052818
v 15.508626 62.867641 2.688762
v 17.356588 59.044743 7.009088
v 16.014130 50.052898 3.664309
v 15.520115 72.151337 4.070743
v 17.000454 62.516018 7.977508
v 16.908638 63.328323 7.501832
v 14.639762 60.745632 1.605949
v 13.250566 60.280422 0.977218
v 13.798643 61.652237 1.302186
v 17.081984 61.869640 7.933133
v 17.109188 60.933449 8.286834
v 14.003950 68.796638 1.583929
v 13.878773 67.451180 1.487004
v 16.166479 67.615799 5.118361
v 15.934139 68.868378 4.749270
v 15.495706 70.040405 3.599663
v 16.384098 65.250656 4.701837
v 16.741045 64.138855 5.972500
v 14.584538 64.471367 1.841401
v 17.128683 58.930027 9.231207
v 17.049513 59.824516 9.071624
v 16.171623 66.473030 4.471654
v 16.810860 60.027061 4.369314
v 15.630533 65.366516 3.043991
v 14.458699 66.023933 1.806317
v 14.986534 73.265038 2.643192
v 14.822027 71.479401 2.393321
v 17.271597 58.338207 8.920750
v 17.323318 57.321575 8.862261
v 15.296257 75.154572 4.473379
v 15.560952 73.695328 4.917994
v 15.314798 73.964462 3.621264
v 13.199257 56.976986 0.806601
v 15.919872 60.563545 2.695515
v 14.737452 69.724106 2.249054
v 17.377401 55.880859 8.899294
v 17.374439 54.371861 6.253857
v 17.511906 54.591248 8.124106
v 17.276485 49.673214 5.859894
v 17.158054 51.484756 5.445769
v 16.820419 53.423889 4.559213
v 16.904778 55.499805 4.565345
v 17.287682 54.842209 9.684524
v 14.602116 49.341045 2.230995
v 15.307743 48.404362 2.982615
v 16.918770 57.165653 4.407632
v 16.073608 56.399708 2.884823
v 16.598248 48.117416 4.707195
v 17.688955 48.104450 6.881931
v 18.063381 46.813549 7.621792
v 13.454234 49.496552 1.477270
v 14.303311 50.590088 1.974163
v 15.592559 52.205738 2.960826
v 14.702967 56.884480 1.527107
v 13.563237 52.245579 1.444444
v 12.768203 53.569305 0.987274
v 13.479815 55.795570 0.974709
v 12.813483 54.748669 0.875627
v 16.479397 63.242172 4.519852
v 16.223225 64.219772 4.000409
v 16.461695 62.376221 4.245809
v 16.971527 58.815376 4.641992
v 16.480902 61.450867 3.939768
v 17.576469 50.886509 6.739231
v 17.331818 52.999977 5.949448
v 15.985443 53.816685 3.223066
v 16.198944 54.867996 3.335382
v 16.502220 51.722553 4.146569
v 15.210028 59.699505 1.887276
v 17.181820 57.971169 5.300583
v 16.857063 58.179001 4.177722
v 23.823463 8.543735 2.219175
v 24.505356 8.895424 18.704430
v 24.120836 9.415943 17.519520
v 24.734379 9.454717 17.348291
v 24.074766 8.267410 19.857580
v 23.909506 9.626241 3.177139
v 23.992519 10.229038 4.002766
v 44.116871 6.755721 5.818434
v 44.375484 6.809779 7.172147
v 43.752789 6.358920 4.527978
v 45.634605 3.990936 2.082654
v 43.963177 5.636609 3.522975
v 45.035698 4.764399 2.737924
v 45.134422 6.547670 6.205682
v 43.026688 6.810428 5.335795

g 20_F_2636G
usemtl 20_F_2636G
s

f 3 2 1
f 4 3 1
f 5 4 1
f 6 5 1
f 7 6 1
f 8 7 1
f 2 8 1
f 9 8 2
f 10 9 2
f 11 10 2
f 12 11 2
f 3 12 2
f 13 12 3
f 14 13 3
f 4 14 3
f 15 14 4
f 5 15 4
f 16 15 5
f 6 16 5
f 17 16 6
f 18 17 6
f 19 18 6
f 19 6 7
f 20 19 7
f 21 20 7
f 22 21 7
f 23 22 7
f 8 23 7
f 24 23 8
f 25 24 8
f 26 25 8
f 27 26 8
f 9 27 8
f 28 27 9
f 29 28 9
f 10 29 9
f 11 29 10
f 30 29 11
f 12 30 11
f 31 30 12
f 32 31 12
f 33 32 12
f 13 33 12
f 34 33 13
f 14 34 13
f 35 34 14
f 15 35 14
f 16 36 15
f 36 35 15
f 17 37 16
f 37 38 16
f 38 36 16
f 39 37 17
f 40 39 17
f 41 40 17
f 18 41 17
f 42 41 18
f 43 42 18
f 19 43 18
f 44 43 19
f 20 44 19
f 45 44 20
f 46 45 20
f 47 46 20
f 22 47 20
f 21 22 20
f 48 47 22
f 49 48 22
f 50 49 22
f 24 50 22
f 23 24 22
f 51 50 24
f 25 51 24
f 52 51 25
f 53 52 25
f 27 53 25
f 26 27 25
f 54 53 27
f 55 54 27
f 56 55 27
f 28 56 27
f 57 56 28
f 29 57 28
f 30 57 29
f 58 57 30
f 31 58 30
f 32 59 31
f 59 60 31
f 60 61 31
f 61 62 31
f 62 58 31
f 33 63 32
f 63 59 32
f 34 64 33
f 64 63 33
f 35 65 34
f 65 64 34
f 36 65 35
f 38 66 36
f 66 67 36
f 67 68 36
f 68 65 36
f 69 38 37
f 39 69 37
f 69 70 38
f 70 71 38
f 71 72 38
f 72 66 38
f 73 69 39
f 74 73 39
f 75 74 39
f 40 75 39
f 76 75 40
f 41 76 40
f 77 76 41
f 42 77 41
f 78 77 42
f 79 78 42
f 44 79 42
f 43 44 42
f 80 79 44
f 81 80 44
f 45 81 44
f 82 81 45
f 83 82 45
f 46 83 45
f 48 83 46
f 47 48 46
f 84 83 48
f 49 84 48
f 85 84 49
f 51 85 49
f 50 51 49
f 86 85 51
f 52 86 51
f 87 86 52
f 54 87 52
f 53 54 52
f 55 88 54
f 88 89 54
f 89 87 54
f 56 90 55
f 90 88 55
f 57 90 56
f 58 91 57
f 91 90 57
f 62 92 58
f 92 91 58
f 63 93 59
f 93 60 59
f 93 94 60
f 94 95 60
f 95 62 60
f 62 61 60
f 95 96 62
f 96 97 62
f 97 92 62
f 64 68 63
f 68 98 63
f 98 93 63
f 65 68 64
f 72 99 66
f 99 67 66
f 99 98 67
f 98 68 67
f 100 70 69
f 73 100 69
f 100 101 70
f 101 102 70
f 102 71 70
f 102 103 71
f 103 72 71
f 103 104 72
f 104 99 72
f 105 100 73
f 106 105 73
f 74 106 73
f 107 106 74
f 75 107 74
f 108 107 75
f 76 108 75
f 109 108 76
f 110 109 76
f 77 110 76
f 78 110 77
f 111 110 78
f 112 111 78
f 113 112 78
f 79 113 78
f 114 113 79
f 80 114 79
f 115 114 80
f 116 115 80
f 81 116 80
f 117 116 81
f 82 117 81
f 118 117 82
f 83 118 82
f 119 118 83
f 84 119 83
f 120 119 84
f 85 120 84
f 121 120 85
f 86 121 85
f 122 121 86
f 87 122 86
f 123 122 87
f 89 123 87
f 90 91 88
f 91 92 88
f 92 89 88
f 92 124 89
f 124 123 89
f 97 125 92
f 98 126 93
f 126 127 93
f 127 94 93
f 127 128 94
f 128 129 94
f 129 95 94
f 129 96 95
f 129 130 96
f 130 97 96
f 130 125 97
f 99 131 98
f 131 132 98
f 132 126 98
f 104 133 99
f 133 134 99
f 134 131 99
f 135 101 100
f 136 135 100
f 137 136 100
f 105 137 100
f 135 138 101
f 138 139 101
f 139 140 101
f 140 102 101
f 140 103 102
f 140 141 103
f 141 133 103
f 133 104 103
f 142 137 105
f 106 142 105
f 143 142 106
f 107 143 106
f 144 143 107
f 108 144 107
f 145 144 108
f 146 145 108
f 109 146 108
f 110 146 109
f 147 146 110
f 148 147 110
f 111 148 110
f 149 148 111
f 112 149 111
f 150 149 112
f 114 150 112
f 113 114 112
f 151 150 114
f 152 151 114
f 115 152 114
f 153 152 115
f 116 153 115
f 117 153 116
f 154 153 117
f 155 154 117
f 118 155 117
f 121 155 118
f 119 121 118
f 120 121 119
f 156 155 121
f 157 156 121
f 122 157 121
f 123 157 122
f 124 157 123
f 92 158 124
f 158 159 124
f 159 160 124
f 130 161 125
f 161 162 125
f 162 158 125
f 158 92 125
f 132 163 126
f 163 127 126
f 163 164 127
f 164 128 127
f 164 165 128
f 165 129 128
f 165 130 129
f 165 166 130
f 166 167 130
f 167 168 130
f 168 161 130
f 134 163 131
f 163 132 131
f 141 169 133
f 169 170 133
f 170 134 133
f 170 171 134
f 171 163 134
f 136 172 135
f 172 173 135
f 173 174 135
f 174 138 135
f 175 172 136
f 137 175 136
f 176 175 137
f 177 176 137
f 178 177 137
f 142 178 137
f 174 179 138
f 179 180 138
f 180 139 138
f 180 181 139
f 181 140 139
f 181 182 140
f 182 141 140
f 182 170 141
f 170 169 141
f 183 178 142
f 143 183 142
f 184 183 143
f 144 184 143
f 185 184 144
f 145 185 144
f 186 185 145
f 146 186 145
f 187 186 146
f 188 187 146
f 147 188 146
f 189 188 147
f 149 189 147
f 148 149 147
f 190 189 149
f 191 190 149
f 150 191 149
f 192 191 150
f 193 192 150
f 151 193 150
f 194 193 151
f 152 194 151
f 154 194 152
f 153 154 152
f 195 194 154
f 196 195 154
f 156 196 154
f 155 156 154
f 197 196 156
f 157 197 156
f 162 159 158
f 162 198 159
f 198 199 159
f 199 200 159
f 200 160 159
f 200 201 160
f 201 202 160
f 202 197 160
f 197 124 160
f 168 203 161
f 203 199 161
f 199 198 161
f 198 162 161
f 171 167 163
f 167 164 163
f 167 166 164
f 166 165 164
f 171 204 167
f 204 205 167
f 205 206 167
f 206 168 167
f 206 203 168
f 182 207 170
f 207 208 170
f 208 205 170
f 205 204 170
f 204 171 170
f 175 209 172
f 209 210 172
f 210 211 172
f 211 173 172
f 211 212 173
f 212 174 173
f 212 213 174
f 213 179 174
f 214 209 175
f 176 214 175
f 215 214 176
f 216 215 176
f 217 216 176
f 177 217 176
f 218 217 177
f 178 218 177
f 219 218 178
f 220 219 178
f 183 220 178
f 213 221 179
f 221 180 179
f 221 222 180
f 222 181 180
f 222 207 181
f 207 182 181
f 223 220 183
f 184 223 183
f 224 223 184
f 185 224 184
f 225 224 185
f 186 225 185
f 226 225 186
f 227 226 186
f 187 227 186
f 188 227 187
f 228 227 188
f 229 228 188
f 230 229 188
f 190 230 188
f 189 190 188
f 231 230 190
f 232 231 190
f 233 232 190
f 191 233 190
f 192 233 191
f 234 233 192
f 193 234 192
f 235 234 193
f 236 235 193
f 195 236 193
f 194 195 193
f 237 236 195
f 238 237 195
f 196 238 195
f 197 238 196
f 237 238 197
f 202 237 197
f 157 124 197
f 203 239 199
f 239 240 199
f 240 241 199
f 241 201 199
f 201 200 199
f 241 242 201
f 242 243 201
f 244 237 202
f 245 244 202
f 246 245 202
f 206 247 203
f 247 240 203
f 240 239 203
f 208 248 205
f 248 206 205
f 248 247 206
f 222 249 207
f 249 250 207
f 250 208 207
f 250 248 208
f 251 210 209
f 252 251 209
f 214 252 209
f 251 253 210
f 253 254 210
f 254 211 210
f 254 255 211
f 255 256 211
f 256 212 211
f 256 213 212
f 256 257 213
f 257 222 213
f 222 221 213
f 258 252 214
f 215 258 214
f 259 258 215
f 260 259 215
f 261 260 215
f 216 261 215
f 262 261 216
f 219 262 216
f 218 219 216
f 217 218 216
f 263 262 219
f 264 263 219
f 220 264 219
f 265 264 220
f 223 265 220
f 257 266 222
f 266 267 222
f 267 268 222
f 268 249 222
f 269 265 223
f 224 269 223
f 270 269 224
f 225 270 224
f 271 270 225
f 272 271 225
f 226 272 225
f 228 272 226
f 227 228 226
f 273 272 228
f 274 273 228
f 275 274 228
f 229 275 228
f 276 275 229
f 231 276 229
f 230 231 229
f 277 276 231
f 278 277 231
f 279 278 231
f 232 279 231
f 233 279 232
f 280 279 233
f 281 280 233
f 234 281 233
f 245 281 234
f 244 245 234
f 235 244 234
f 236 244 235
f 237 244 236
f 247 282 240
f 282 283 240
f 283 284 240
f 284 242 240
f 242 241 240
f 284 285 242
f 285 286 242
f 286 287 242
f 287 288 242
f 288 243 242
f 289 281 245
f 290 289 245
f 246 290 245
f 291 290 246
f 248 283 247
f 283 282 247
f 250 283 248
f 268 283 249
f 283 250 249
f 252 292 251
f 292 293 251
f 293 253 251
f 258 294 252
f 294 295 252
f 295 292 252
f 293 296 253
f 296 254 253
f 296 297 254
f 297 255 254
f 297 298 255
f 298 256 255
f 298 299 256
f 299 266 256
f 266 257 256
f 300 294 258
f 301 300 258
f 259 301 258
f 302 301 259
f 260 302 259
f 303 302 260
f 263 303 260
f 262 263 260
f 261 262 260
f 304 303 263
f 264 304 263
f 305 304 264
f 265 305 264
f 306 305 265
f 269 306 265
f 299 307 266
f 307 267 266
f 307 268 267
f 307 308 268
f 308 309 268
f 309 310 268
f 310 311 268
f 311 283 268
f 312 306 269
f 270 312 269
f 313 312 270
f 314 313 270
f 271 314 270
f 273 314 271
f 272 273 271
f 315 314 273
f 316 315 273
f 274 316 273
f 317 316 274
f 275 317 274
f 318 317 275
f 277 318 275
f 276 277 275
f 319 318 277
f 320 319 277
f 278 320 277
f 321 320 278
f 322 321 278
f 279 322 278
f 280 322 279
f 291 322 280
f 289 291 280
f 281 289 280
f 311 284 283
f 311 310 284
f 310 323 284
f 323 324 284
f 324 325 284
f 325 285 284
f 325 286 285
f 325 326 286
f 326 327 286
f 327 328 286
f 328 287 286
f 328 329 287
f 329 330 287
f 330 331 287
f 331 288 287
f 331 243 288
f 290 291 289
f 295 332 292
f 332 333 292
f 333 293 292
f 333 334 293
f 334 296 293
f 300 335 294
f 335 336 294
f 336 337 294
f 337 295 294
f 337 332 295
f 334 338 296
f 338 297 296
f 338 339 297
f 339 298 297
f 339 340 298
f 340 341 298
f 341 299 298
f 341 340 299
f 340 307 299
f 342 335 300
f 301 342 300
f 343 342 301
f 344 343 301
f 302 344 301
f 345 344 302
f 346 345 302
f 303 346 302
f 347 346 303
f 304 347 303
f 348 347 304
f 305 348 304
f 349 348 305
f 306 349 305
f 312 349 306
f 340 350 307
f 350 351 307
f 351 352 307
f 352 308 307
f 352 326 308
f 326 324 308
f 324 323 308
f 323 310 308
f 310 309 308
f 353 349 312
f 354 353 312
f 355 354 312
f 313 355 312
f 356 355 313
f 314 356 313
f 357 356 314
f 315 357 314
f 358 357 315
f 316 358 315
f 359 358 316
f 317 359 316
f 360 359 317
f 319 360 317
f 318 319 317
f 361 360 319
f 362 361 319
f 363 362 319
f 320 363 319
f 321 363 320
f 364 363 321
f 322 364 321
f 291 364 322
f 326 325 324
f 352 351 326
f 351 365 326
f 365 366 326
f 366 367 326
f 367 327 326
f 367 368 327
f 368 369 327
f 369 328 327
f 369 370 328
f 370 330 328
f 330 329 328
f 370 371 330
f 371 372 330
f 372 373 330
f 373 331 330
f 373 374 331
f 374 364 331
f 337 375 332
f 375 376 332
f 376 377 332
f 377 334 332
f 334 333 332
f 377 378 334
f 378 338 334
f 342 379 335
f 379 380 335
f 380 381 335
f 381 336 335
f 381 375 336
f 375 337 336
f 378 382 338
f 382 383 338
f 383 384 338
f 384 339 338
f 384 350 339
f 350 340 339
f 385 379 342
f 386 385 342
f 343 386 342
f 387 386 343
f 388 387 343
f 345 388 343
f 344 345 343
f 389 388 345
f 346 389 345
f 390 389 346
f 347 390 346
f 391 390 347
f 348 391 347
f 392 391 348
f 349 392 348
f 353 392 349
f 384 393 350
f 393 351 350
f 393 394 351
f 394 365 351
f 395 392 353
f 396 395 353
f 397 396 353
f 398 397 353
f 354 398 353
f 355 398 354
f 356 398 355
f 397 398 356
f 399 397 356
f 400 399 356
f 401 400 356
f 357 401 356
f 402 401 357
f 358 402 357
f 403 402 358
f 359 403 358
f 404 403 359
f 361 404 359
f 360 361 359
f 405 404 361
f 372 405 361
f 406 372 361
f 362 406 361
f 374 406 362
f 363 374 362
f 364 374 363
f 291 331 364
f 394 407 365
f 407 408 365
f 408 366 365
f 408 409 366
f 409 410 366
f 410 367 366
f 410 368 367
f 410 371 368
f 371 369 368
f 371 370 369
f 410 411 371
f 411 412 371
f 412 413 371
f 413 372 371
f 413 414 372
f 414 405 372
f 406 373 372
f 406 374 373
f 381 415 375
f 415 416 375
f 416 417 375
f 417 376 375
f 417 418 376
f 418 378 376
f 378 377 376
f 418 419 378
f 419 382 378
f 385 420 379
f 420 421 379
f 421 422 379
f 422 380 379
f 422 415 380
f 415 381 380
f 419 423 382
f 423 424 382
f 424 383 382
f 424 393 383
f 393 384 383
f 425 420 385
f 387 425 385
f 386 387 385
f 426 425 387
f 427 426 387
f 428 427 387
f 388 428 387
f 429 428 388
f 389 429 388
f 430 429 389
f 390 430 389
f 431 430 390
f 391 431 390
f 432 431 391
f 392 432 391
f 395 432 392
f 424 433 393
f 433 394 393
f 433 434 394
f 434 435 394
f 435 407 394
f 436 432 395
f 437 436 395
f 438 437 395
f 396 438 395
f 439 438 396
f 399 439 396
f 397 399 396
f 440 439 399
f 441 440 399
f 442 441 399
f 400 442 399
f 443 442 400
f 401 443 400
f 444 443 401
f 402 444 401
f 403 444 402
f 445 444 403
f 446 445 403
f 405 446 403
f 404 405 403
f 414 446 405
f 435 447 407
f 447 408 407
f 447 448 408
f 448 409 408
f 448 411 409
f 411 410 409
f 448 449 411
f 449 450 411
f 450 451 411
f 451 413 411
f 413 412 411
f 451 452 413
f 452 414 413
f 445 446 414
f 453 445 414
f 452 453 414
f 422 454 415
f 454 455 415
f 455 456 415
f 456 416 415
f 456 457 416
f 457 417 416
f 457 419 417
f 419 418 417
f 457 458 419
f 458 459 419
f 459 423 419
f 425 460 420
f 460 461 420
f 461 462 420
f 462 421 420
f 462 454 421
f 454 422 421
f 459 424 423
f 459 433 424
f 463 460 425
f 426 463 425
f 464 463 426
f 465 464 426
f 427 465 426
f 466 465 427
f 428 466 427
f 467 466 428
f 429 467 428
f 468 467 429
f 469 468 429
f 430 469 429
f 431 469 430
f 470 469 431
f 432 470 431
f 471 470 432
f 436 471 432
f 459 472 433
f 472 434 433
f 472 473 434
f 473 474 434
f 474 435 434
f 474 475 435
f 475 476 435
f 476 447 435
f 477 471 436
f 478 477 436
f 437 478 436
f 479 478 437
f 438 479 437
f 480 479 438
f 440 480 438
f 439 440 438
f 481 480 440
f 441 481 440
f 482 481 441
f 442 482 441
f 483 482 442
f 443 483 442
f 445 483 443
f 444 445 443
f 484 483 445
f 485 484 445
f 453 485 445
f 476 449 447
f 449 448 447
f 476 486 449
f 486 487 449
f 487 488 449
f 488 450 449
f 488 489 450
f 489 452 450
f 452 451 450
f 489 490 452
f 490 485 452
f 485 453 452
f 462 491 454
f 491 492 454
f 492 493 454
f 493 455 454
f 493 494 455
f 494 456 455
f 494 495 456
f 495 457 456
f 495 496 457
f 496 458 457
f 496 459 458
f 496 497 459
f 497 472 459
f 463 498 460
f 498 499 460
f 499 461 460
f 499 491 461
f 491 462 461
f 464 500 463
f 500 501 463
f 501 502 463
f 502 498 463
f 503 500 464
f 504 503 464
f 465 504 464
f 505 504 465
f 467 505 465
f 466 467 465
f 506 505 467
f 507 506 467
f 468 507 467
f 508 507 468
f 469 508 468
f 509 508 469
f 470 509 469
f 510 509 470
f 471 510 470
f 511 510 471
f 512 511 471
f 477 512 471
f 497 513 472
f 513 514 472
f 514 473 472
f 514 515 473
f 515 474 473
f 515 516 474
f 516 475 474
f 516 486 475
f 486 476 475
f 517 512 477
f 479 517 477
f 478 479 477
f 518 517 479
f 519 518 479
f 480 519 479
f 520 519 480
f 481 520 480
f 521 520 481
f 482 521 481
f 484 521 482
f 483 484 482
f 522 521 484
f 523 522 484
f 485 523 484
f 524 523 485
f 490 524 485
f 516 525 486
f 525 526 486
f 526 487 486
f 526 488 487
f 526 489 488
f 526 490 489
f 499 527 491
f 527 528 491
f 528 529 491
f 529 492 491
f 529 530 492
f 530 493 492
f 530 531 493
f 531 494 493
f 531 532 494
f 532 495 494
f 532 497 495
f 497 496 495
f 532 533 497
f 533 534 497
f 534 513 497
f 502 527 498
f 527 499 498
f 503 535 500
f 535 536 500
f 536 537 500
f 537 501 500
f 537 538 501
f 538 502 501
f 538 539 502
f 539 540 502
f 540 527 502
f 541 535 503
f 542 541 503
f 505 542 503
f 504 505 503
f 543 542 505
f 544 543 505
f 545 544 505
f 506 545 505
f 546 545 506
f 507 546 506
f 547 546 507
f 508 547 507
f 548 547 508
f 509 548 508
f 549 548 509
f 510 549 509
f 550 549 510
f 551 550 510
f 511 551 510
f 552 551 511
f 517 552 511
f 512 517 511
f 534 553 513
f 553 514 513
f 553 515 514
f 553 554 515
f 554 555 515
f 555 516 515
f 555 525 516
f 556 552 517
f 557 556 517
f 518 557 517
f 558 557 518
f 519 558 518
f 559 558 519
f 520 559 519
f 522 559 520
f 521 522 520
f 560 559 522
f 561 560 522
f 523 561 522
f 562 561 523
f 524 562 523
f 490 562 524
f 555 563 525
f 563 564 525
f 564 565 525
f 565 526 525
f 540 528 527
f 540 566 528
f 566 529 528
f 566 530 529
f 566 567 530
f 567 568 530
f 568 569 530
f 569 531 530
f 569 533 531
f 533 532 531
f 569 570 533
f 570 571 533
f 571 534 533
f 571 572 534
f 572 553 534
f 541 573 535
f 573 574 535
f 574 575 535
f 575 536 535
f 575 537 536
f 575 576 537
f 576 577 537
f 577 578 537
f 578 539 537
f 539 538 537
f 578 579 539
f 579 580 539
f 580 566 539
f 566 540 539
f 581 573 541
f 582 581 541
f 543 582 541
f 542 543 541
f 583 582 543
f 584 583 543
f 544 584 543
f 545 584 544
f 585 584 545
f 546 585 545
f 547 585 546
f 586 585 547
f 548 586 547
f 587 586 548
f 549 587 548
f 588 587 549
f 589 588 549
f 590 589 549
f 550 590 549
f 591 590 550
f 551 591 550
f 592 591 551
f 556 592 551
f 552 556 551
f 572 563 553
f 563 554 553
f 563 555 554
f 593 592 556
f 594 593 556
f 595 594 556
f 557 595 556
f 558 595 557
f 594 595 558
f 596 594 558
f 597 596 558
f 560 597 558
f 559 560 558
f 598 597 560
f 599 598 560
f 561 599 560
f 562 599 561
f 600 599 562
f 601 600 562
f 602 601 562
f 572 603 563
f 603 604 563
f 604 605 563
f 605 606 563
f 606 564 563
f 606 607 564
f 607 565 564
f 580 608 566
f 608 567 566
f 608 609 567
f 609 610 567
f 610 568 567
f 610 570 568
f 570 569 568
f 610 611 570
f 611 612 570
f 612 571 570
f 612 603 571
f 603 572 571
f 613 574 573
f 614 613 573
f 615 614 573
f 581 615 573
f 613 616 574
f 616 576 574
f 576 575 574
f 616 617 576
f 617 618 576
f 618 619 576
f 619 578 576
f 578 577 576
f 619 620 578
f 620 621 578
f 621 579 578
f 621 580 579
f 621 622 580
f 622 608 580
f 623 615 581
f 582 623 581
f 624 623 582
f 583 624 582
f 625 624 583
f 584 625 583
f 626 625 584
f 585 626 584
f 627 626 585
f 586 627 585
f 587 627 586
f 628 627 587
f 629 628 587
f 588 629 587
f 630 629 588
f 631 630 588
f 590 631 588
f 589 590 588
f 632 631 590
f 633 632 590
f 592 633 590
f 591 592 590
f 634 633 592
f 635 634 592
f 593 635 592
f 596 635 593
f 594 596 593
f 600 635 596
f 599 600 596
f 598 599 596
f 597 598 596
f 636 635 600
f 637 636 600
f 601 637 600
f 602 637 601
f 638 637 602
f 639 638 602
f 562 639 602
f 612 640 603
f 640 604 603
f 640 641 604
f 641 605 604
f 641 606 605
f 622 642 608
f 642 643 608
f 643 644 608
f 644 609 608
f 644 610 609
f 644 645 610
f 645 611 610
f 645 646 611
f 646 612 611
f 646 640 612
f 614 647 613
f 647 648 613
f 648 617 613
f 617 616 613
f 649 647 614
f 650 649 614
f 651 650 614
f 615 651 614
f 652 651 615
f 623 652 615
f 648 653 617
f 653 654 617
f 654 655 617
f 655 618 617
f 655 656 618
f 656 657 618
f 657 619 618
f 657 620 619
f 657 622 620
f 622 621 620
f 657 658 622
f 658 659 622
f 659 642 622
f 660 652 623
f 624 660 623
f 661 660 624
f 625 661 624
f 662 661 625
f 626 662 625
f 663 662 626
f 627 663 626
f 664 663 627
f 628 664 627
f 665 664 628
f 629 665 628
f 666 665 629
f 667 666 629
f 630 667 629
f 668 667 630
f 631 668 630
f 669 668 631
f 670 669 631
f 632 670 631
f 671 670 632
f 633 671 632
f 672 671 633
f 634 672 633
f 636 672 634
f 635 636 634
f 673 672 636
f 674 673 636
f 637 674 636
f 675 674 637
f 638 675 637
f 676 675 638
f 677 676 638
f 639 677 638
f 646 678 640
f 678 679 640
f 679 680 640
f 680 641 640
f 680 606 641
f 659 681 642
f 681 682 642
f 682 643 642
f 682 645 643
f 645 644 643
f 682 678 645
f 678 646 645
f 649 683 647
f 683 653 647
f 653 648 647
f 650 684 649
f 684 685 649
f 685 686 649
f 686 687 649
f 687 688 649
f 688 683 649
f 689 684 650
f 651 689 650
f 690 689 651
f 652 690 651
f 691 690 652
f 660 691 652
f 683 688 653
f 688 692 653
f 692 693 653
f 693 654 653
f 693 694 654
f 694 655 654
f 694 695 655
f 695 658 655
f 658 656 655
f 658 657 656
f 695 696 658
f 696 659 658
f 696 697 659
f 697 698 659
f 698 699 659
f 699 681 659
f 700 691 660
f 661 700 660
f 701 700 661
f 662 701 661
f 702 701 662
f 663 702 662
f 703 702 663
f 664 703 663
f 704 703 664
f 665 704 664
f 705 704 665
f 706 705 665
f 666 706 665
f 707 706 666
f 667 707 666
f 708 707 667
f 668 708 667
f 709 708 668
f 671 709 668
f 669 671 668
f 670 671 669
f 710 709 671
f 673 710 671
f 672 673 671
f 711 710 673
f 712 711 673
f 674 712 673
f 713 712 674
f 675 713 674
f 676 713 675
f 714 713 676
f 715 714 676
f 677 715 676
f 716 715 677
f 639 716 677
f 682 681 678
f 681 699 678
f 699 717 678
f 717 718 678
f 718 679 678
f 718 680 679
f 718 719 680
f 719 606 680
f 720 685 684
f 721 720 684
f 689 721 684
f 722 686 685
f 720 722 685
f 723 687 686
f 724 723 686
f 725 724 686
f 722 725 686
f 723 726 687
f 726 688 687
f 726 727 688
f 727 692 688
f 728 721 689
f 729 728 689
f 730 729 689
f 690 730 689
f 731 730 690
f 691 731 690
f 732 731 691
f 700 732 691
f 727 733 692
f 733 693 692
f 733 734 693
f 734 694 693
f 734 696 694
f 696 695 694
f 734 735 696
f 735 697 696
f 735 736 697
f 736 737 697
f 737 698 697
f 737 717 698
f 717 699 698
f 738 732 700
f 701 738 700
f 739 738 701
f 702 739 701
f 740 739 702
f 703 740 702
f 704 740 703
f 741 740 704
f 742 741 704
f 743 742 704
f 706 743 704
f 705 706 704
f 744 743 706
f 745 744 706
f 746 745 706
f 707 746 706
f 747 746 707
f 708 747 707
f 748 747 708
f 710 748 708
f 709 710 708
f 749 748 710
f 711 749 710
f 750 749 711
f 712 750 711
f 751 750 712
f 713 751 712
f 714 751 713
f 752 751 714
f 753 752 714
f 716 753 714
f 715 716 714
f 754 753 716
f 755 754 716
f 737 756 717
f 756 718 717
f 756 719 718
f 756 757 719
f 757 758 719
f 758 759 719
f 759 760 719
f 761 722 720
f 728 761 720
f 721 728 720
f 762 725 722
f 761 762 722
f 724 763 723
f 763 764 723
f 764 765 723
f 765 726 723
f 725 766 724
f 766 763 724
f 767 766 725
f 768 767 725
f 762 768 725
f 765 769 726
f 769 727 726
f 769 770 727
f 770 733 727
f 771 761 728
f 772 771 728
f 773 772 728
f 774 773 728
f 729 774 728
f 775 774 729
f 731 775 729
f 730 731 729
f 776 775 731
f 777 776 731
f 778 777 731
f 732 778 731
f 779 778 732
f 738 779 732
f 770 735 733
f 735 734 733
f 770 780 735
f 780 781 735
f 781 757 735
f 757 736 735
f 757 756 736
f 756 737 736
f 782 779 738
f 739 782 738
f 740 782 739
f 783 782 740
f 784 783 740
f 741 784 740
f 785 784 741
f 786 785 741
f 742 786 741
f 744 786 742
f 743 744 742
f 787 786 744
f 788 787 744
f 789 788 744
f 745 789 744
f 790 789 745
f 747 790 745
f 746 747 745
f 791 790 747
f 792 791 747
f 749 792 747
f 748 749 747
f 793 792 749
f 750 793 749
f 794 793 750
f 751 794 750
f 795 794 751
f 752 795 751
f 796 795 752
f 797 796 752
f 754 797 752
f 753 754 752
f 798 797 754
f 755 798 754
f 799 798 755
f 716 799 755
f 781 800 757
f 800 801 757
f 801 758 757
f 801 802 758
f 802 759 758
f 803 762 761
f 804 803 761
f 771 804 761
f 805 768 762
f 806 805 762
f 803 806 762
f 766 807 763
f 807 808 763
f 808 764 763
f 808 809 764
f 809 765 764
f 809 810 765
f 810 811 765
f 811 769 765
f 812 807 766
f 813 812 766
f 814 813 766
f 767 814 766
f 805 814 767
f 768 805 767
f 811 770 769
f 811 810 770
f 810 815 770
f 815 816 770
f 816 780 770
f 817 804 771
f 773 817 771
f 772 773 771
f 818 817 773
f 776 818 773
f 775 776 773
f 774 775 773
f 819 818 776
f 820 819 776
f 821 820 776
f 777 821 776
f 822 821 777
f 778 822 777
f 823 822 778
f 779 823 778
f 824 823 779
f 782 824 779
f 816 825 780
f 825 800 780
f 800 781 780
f 826 824 782
f 783 826 782
f 827 826 783
f 784 827 783
f 828 827 784
f 829 828 784
f 830 829 784
f 786 830 784
f 785 786 784
f 831 830 786
f 832 831 786
f 787 832 786
f 833 832 787
f 834 833 787
f 788 834 787
f 835 834 788
f 790 835 788
f 789 790 788
f 836 835 790
f 791 836 790
f 837 836 791
f 793 837 791
f 792 793 791
f 838 837 793
f 794 838 793
f 839 838 794
f 795 839 794
f 840 839 795
f 841 840 795
f 842 841 795
f 796 842 795
f 843 842 796
f 797 843 796
f 844 843 797
f 798 844 797
f 845 844 798
f 846 845 798
f 799 846 798
f 847 846 799
f 848 847 799
f 849 848 799
f 850 849 799
f 825 851 800
f 851 852 800
f 852 801 800
f 852 802 801
f 852 853 802
f 853 854 802
f 854 759 802
f 804 806 803
f 855 806 804
f 856 855 804
f 857 856 804
f 819 857 804
f 817 819 804
f 858 814 805
f 859 858 805
f 806 859 805
f 858 859 806
f 855 858 806
f 812 860 807
f 860 861 807
f 861 808 807
f 861 862 808
f 862 809 808
f 862 863 809
f 863 815 809
f 815 810 809
f 813 864 812
f 864 865 812
f 865 866 812
f 866 860 812
f 867 864 813
f 868 867 813
f 814 868 813
f 858 868 814
f 863 862 815
f 862 869 815
f 869 816 815
f 869 870 816
f 870 871 816
f 871 872 816
f 872 825 816
f 818 819 817
f 873 857 819
f 874 873 819
f 875 874 819
f 820 875 819
f 876 875 820
f 821 876 820
f 877 876 821
f 822 877 821
f 878 877 822
f 823 878 822
f 879 878 823
f 824 879 823
f 880 879 824
f 826 880 824
f 872 851 825
f 881 880 826
f 827 881 826
f 882 881 827
f 828 882 827
f 883 882 828
f 884 883 828
f 829 884 828
f 832 884 829
f 831 832 829
f 830 831 829
f 885 884 832
f 886 885 832
f 887 886 832
f 833 887 832
f 888 887 833
f 835 888 833
f 834 835 833
f 836 888 835
f 889 888 836
f 890 889 836
f 838 890 836
f 837 838 836
f 891 890 838
f 892 891 838
f 839 892 838
f 840 892 839
f 893 892 840
f 894 893 840
f 895 894 840
f 841 895 840
f 896 895 841
f 842 896 841
f 897 896 842
f 844 897 842
f 843 844 842
f 898 897 844
f 845 898 844
f 899 898 845
f 900 899 845
f 847 900 845
f 846 847 845
f 901 900 847
f 902 901 847
f 903 902 847
f 904 903 847
f 848 904 847
f 905 904 848
f 906 905 848
f 907 906 848
f 850 907 848
f 849 850 848
f 909 908 850
f 908 907 850
f 872 910 851
f 910 911 851
f 911 853 851
f 853 852 851
f 911 912 853
f 912 913 853
f 913 914 853
f 914 915 853
f 915 854 853
f 915 916 854
f 916 917 854
f 917 918 854
f 919 858 855
f 920 919 855
f 921 920 855
f 922 921 855
f 873 922 855
f 856 873 855
f 857 873 856
f 923 868 858
f 920 923 858
f 919 920 858
f 866 924 860
f 924 862 860
f 862 861 860
f 924 925 862
f 925 869 862
f 867 926 864
f 926 927 864
f 927 865 864
f 927 928 865
f 928 866 865
f 928 929 866
f 929 924 866
f 930 926 867
f 931 930 867
f 932 931 867
f 868 932 867
f 933 932 868
f 923 933 868
f 925 871 869
f 871 870 869
f 925 934 871
f 934 935 871
f 935 912 871
f 912 911 871
f 911 910 871
f 910 872 871
f 936 922 873
f 937 936 873
f 874 937 873
f 938 937 874
f 939 938 874
f 875 939 874
f 940 939 875
f 876 940 875
f 941 940 876
f 877 941 876
f 878 941 877
f 942 941 878
f 879 942 878
f 880 942 879
f 943 942 880
f 944 943 880
f 881 944 880
f 945 944 881
f 882 945 881
f 946 945 882
f 947 946 882
f 883 947 882
f 885 947 883
f 884 885 883
f 948 947 885
f 949 948 885
f 950 949 885
f 886 950 885
f 951 950 886
f 887 951 886
f 889 951 887
f 888 889 887
f 952 951 889
f 891 952 889
f 890 891 889
f 953 952 891
f 954 953 891
f 892 954 891
f 955 954 892
f 893 955 892
f 956 955 893
f 957 956 893
f 958 957 893
f 895 958 893
f 894 895 893
f 959 958 895
f 960 959 895
f 896 960 895
f 961 960 896
f 898 961 896
f 897 898 896
f 962 961 898
f 963 962 898
f 899 963 898
f 964 963 899
f 900 964 899
f 965 964 900
f 901 965 900
f 966 965 901
f 967 966 901
f 968 967 901
f 902 968 901
f 905 968 902
f 903 905 902
f 904 905 903
f 969 968 905
f 970 969 905
f 971 970 905
f 906 971 905
f 972 971 906
f 973 972 906
f 908 973 906
f 907 908 906
f 974 973 908
f 909 974 908
f 935 975 912
f 975 976 912
f 976 977 912
f 977 913 912
f 977 978 913
f 978 914 913
f 978 979 914
f 979 980 914
f 980 981 914
f 981 915 914
f 981 980 915
f 980 982 915
f 982 983 915
f 983 984 915
f 984 916 915
f 984 985 916
f 985 917 916
f 985 986 917
f 986 918 917
f 987 854 918
f 988 987 918
f 989 988 918
f 990 989 918
f 986 990 918
f 991 923 920
f 992 991 920
f 993 992 920
f 921 993 920
f 936 993 921
f 922 936 921
f 994 933 923
f 991 994 923
f 929 934 924
f 934 925 924
f 930 995 926
f 995 996 926
f 996 927 926
f 996 997 927
f 997 928 927
f 997 929 928
f 997 998 929
f 998 935 929
f 935 934 929
f 931 999 930
f 999 1000 930
f 1000 1001 930
f 1001 1002 930
f 1002 995 930
f 932 933 931
f 933 1003 931
f 1003 999 931
f 1004 1003 933
f 994 1004 933
f 998 1005 935
f 1005 976 935
f 976 975 935
f 1006 936 937
f 938 1006 937
f 1007 1006 938
f 939 1007 938
f 1008 1007 939
f 940 1008 939
f 1009 1008 940
f 941 1009 940
f 1010 1009 941
f 942 1010 941
f 1011 1010 942
f 943 1011 942
f 1012 1011 943
f 944 1012 943
f 1013 1012 944
f 945 1013 944
f 1014 1013 945
f 1015 1014 945
f 1016 1015 945
f 946 1016 945
f 948 1016 946
f 947 948 946
f 1017 1016 948
f 1018 1017 948
f 1019 1018 948
f 949 1019 948
f 1020 1019 949
f 950 1020 949
f 951 1020 950
f 1021 1020 951
f 1022 1021 951
f 953 1022 951
f 952 953 951
f 1023 1022 953
f 1024 1023 953
f 954 1024 953
f 1025 1024 954
f 955 1025 954
f 1026 1025 955
f 956 1026 955
f 1027 1026 956
f 1028 1027 956
f 1029 1028 956
f 957 1029 956
f 959 1029 957
f 958 959 957
f 1030 1029 959
f 1031 1030 959
f 960 1031 959
f 1032 1031 960
f 961 1032 960
f 1033 1032 961
f 962 1033 961
f 1034 1033 962
f 964 1034 962
f 963 964 962
f 1035 1034 964
f 1036 1035 964
f 1037 1036 964
f 965 1037 964
f 1038 1037 965
f 966 1038 965
f 1039 1038 966
f 1040 1039 966
f 967 1040 966
f 969 1040 967
f 968 969 967
f 1041 1040 969
f 1042 1041 969
f 970 1042 969
f 1043 1042 970
f 971 1043 970
f 1044 1043 971
f 972 1044 971
f 1045 1044 972
f 1046 1045 972
f 974 1046 972
f 973 974 972
f 1047 1046 974
f 1048 1047 974
f 1049 1048 974
f 909 1049 974
f 1050 1049 909
f 850 1050 909
f 1005 1051 976
f 1051 1052 976
f 1052 1053 976
f 1053 977 976
f 1053 979 977
f 979 978 977
f 1053 1054 979
f 1054 980 979
f 1054 1055 980
f 1055 982 980
f 1055 1056 982
f 1056 1057 982
f 1057 1058 982
f 1058 984 982
f 984 983 982
f 1058 1059 984
f 1059 1060 984
f 1060 985 984
f 1060 1061 985
f 1061 990 985
f 990 986 985
f 1062 854 987
f 988 1062 987
f 1063 1062 988
f 1064 1063 988
f 1065 1064 988
f 989 1065 988
f 1066 1065 989
f 990 1066 989
f 1067 1066 990
f 1068 1067 990
f 1061 1068 990
f 1069 994 991
f 1070 1069 991
f 1071 1070 991
f 992 1071 991
f 1072 992 993
f 936 1072 993
f 1073 1004 994
f 1069 1073 994
f 1002 1074 995
f 1074 996 995
f 1074 1051 996
f 1051 997 996
f 1051 1005 997
f 1005 998 997
f 1003 1075 999
f 1075 1076 999
f 1076 1000 999
f 1076 1077 1000
f 1077 1078 1000
f 1078 1002 1000
f 1002 1001 1000
f 1078 1079 1002
f 1079 1080 1002
f 1080 1081 1002
f 1081 1074 1002
f 1004 1082 1003
f 1082 1075 1003
f 1083 1082 1004
f 1073 1083 1004
f 1072 936 1006
f 1084 1072 1006
f 1085 1084 1006
f 1007 1085 1006
f 1086 1085 1007
f 1087 1086 1007
f 1088 1087 1007
f 1008 1088 1007
f 1089 1088 1008
f 1009 1089 1008
f 1090 1089 1009
f 1010 1090 1009
f 1091 1090 1010
f 1092 1091 1010
f 1011 1092 1010
f 1012 1092 1011
f 1093 1092 1012
f 1013 1093 1012
f 1094 1093 1013
f 1014 1094 1013
f 1095 1094 1014
f 1096 1095 1014
f 1016 1096 1014
f 1015 1016 1014
f 1097 1096 1016
f 1017 1097 1016
f 1098 1097 1017
f 1099 1098 1017
f 1018 1099 1017
f 1100 1099 1018
f 1019 1100 1018
f 1021 1100 1019
f 1020 1021 1019
f 1101 1100 1021
f 1023 1101 1021
f 1022 1023 1021
f 1102 1101 1023
f 1024 1102 1023
f 1103 1102 1024
f 1025 1103 1024
f 1104 1103 1025
f 1026 1104 1025
f 1105 1104 1026
f 1106 1105 1026
f 1027 1106 1026
f 1107 1106 1027
f 1108 1107 1027
f 1028 1108 1027
f 1029 1108 1028
f 1109 1108 1029
f 1031 1109 1029
f 1030 1031 1029
f 1110 1109 1031
f 1111 1110 1031
f 1033 1111 1031
f 1032 1033 1031
f 1112 1111 1033
f 1113 1112 1033
f 1114 1113 1033
f 1035 1114 1033
f 1034 1035 1033
f 1115 1114 1035
f 1116 1115 1035
f 1117 1116 1035
f 1036 1117 1035
f 1118 1117 1036
f 1037 1118 1036
f 1119 1118 1037
f 1038 1119 1037
f 1120 1119 1038
f 1041 1120 1038
f 1039 1041 1038
f 1040 1041 1039
f 1121 1120 1041
f 1122 1121 1041
f 1123 1122 1041
f 1042 1123 1041
f 1124 1123 1042
f 1043 1124 1042
f 1125 1124 1043
f 1126 1125 1043
f 1045 1126 1043
f 1044 1045 1043
f 1127 1126 1045
f 1047 1127 1045
f 1046 1047 1045
f 1128 1127 1047
f 1129 1128 1047
f 1130 1129 1047
f 1131 1130 1047
f 1048 1131 1047
f 1132 1131 1048
f 1049 1132 1048
f 1050 1132 1049
f 1133 1132 1050
f 1134 1133 1050
f 1062 1134 1050
f 1074 1081 1051
f 1081 1135 1051
f 1135 1136 1051
f 1136 1052 1051
f 1136 1135 1052
f 1135 1137 1052
f 1137 1138 1052
f 1138 1053 1052
f 1138 1139 1053
f 1139 1054 1053
f 1139 1140 1054
f 1140 1055 1054
f 1140 1141 1055
f 1141 1142 1055
f 1142 1056 1055
f 1142 1143 1056
f 1143 1144 1056
f 1144 1057 1056
f 1144 1145 1057
f 1145 1058 1057
f 1145 1146 1058
f 1146 1060 1058
f 1060 1059 1058
f 1146 1147 1060
f 1147 1068 1060
f 1068 1061 1060
f 1050 854 1062
f 1063 1134 1062
f 1133 1134 1063
f 1148 1133 1063
f 1149 1148 1063
f 1150 1149 1063
f 1064 1150 1063
f 1151 1150 1064
f 1065 1151 1064
f 1066 1151 1065
f 1152 1151 1066
f 1153 1152 1066
f 1154 1153 1066
f 1067 1154 1066
f 1068 1155 1067
f 1155 1156 1067
f 1156 1154 1067
f 1147 1157 1068
f 1157 1158 1068
f 1158 1155 1068
f 1159 1073 1069
f 1160 1159 1069
f 1161 1160 1069
f 1162 1161 1069
f 1070 1162 1069
f 1163 1162 1070
f 1072 1163 1070
f 1071 1072 1070
f 992 1072 1071
f 1164 1163 1072
f 1084 1164 1072
f 1165 1083 1073
f 1159 1165 1073
f 1082 1166 1075
f 1166 1076 1075
f 1166 1167 1076
f 1167 1168 1076
f 1168 1077 1076
f 1168 1169 1077
f 1169 1170 1077
f 1077 1170 1078
f 1170 1079 1078
f 1170 1171 1079
f 1171 1080 1079
f 1171 1135 1080
f 1135 1081 1080
f 1083 1172 1082
f 1172 1166 1082
f 1173 1172 1083
f 1165 1173 1083
f 1174 1164 1084
f 1086 1174 1084
f 1085 1086 1084
f 1175 1174 1086
f 1176 1175 1086
f 1177 1176 1086
f 1087 1177 1086
f 1178 1177 1087
f 1088 1178 1087
f 1179 1178 1088
f 1089 1179 1088
f 1180 1179 1089
f 1090 1180 1089
f 1181 1180 1090
f 1091 1181 1090
f 1092 1181 1091
f 1182 1181 1092
f 1093 1182 1092
f 1183 1182 1093
f 1184 1183 1093
f 1094 1184 1093
f 1185 1184 1094
f 1186 1185 1094
f 1097 1186 1094
f 1095 1097 1094
f 1096 1097 1095
f 1187 1186 1097
f 1188 1187 1097
f 1189 1188 1097
f 1098 1189 1097
f 1190 1189 1098
f 1099 1190 1098
f 1100 1190 1099
f 1191 1190 1100
f 1192 1191 1100
f 1102 1192 1100
f 1101 1102 1100
f 1193 1192 1102
f 1194 1193 1102
f 1103 1194 1102
f 1195 1194 1103
f 1104 1195 1103
f 1196 1195 1104
f 1197 1196 1104
f 1105 1197 1104
f 1198 1197 1105
f 1106 1198 1105
f 1199 1198 1106
f 1200 1199 1106
f 1107 1200 1106
f 1108 1200 1107
f 1201 1200 1108
f 1110 1201 1108
f 1109 1110 1108
f 1202 1201 1110
f 1112 1202 1110
f 1111 1112 1110
f 1203 1202 1112
f 1204 1203 1112
f 1205 1204 1112
f 1113 1205 1112
f 1114 1205 1113
f 1206 1205 1114
f 1115 1206 1114
f 1207 1206 1115
f 1116 1207 1115
f 1208 1207 1116
f 1209 1208 1116
f 1117 1209 1116
f 1210 1209 1117
f 1118 1210 1117
f 1211 1210 1118
f 1119 1211 1118
f 1212 1211 1119
f 1121 1212 1119
f 1120 1121 1119
f 1213 1212 1121
f 1214 1213 1121
f 1215 1214 1121
f 1122 1215 1121
f 1216 1215 1122
f 1123 1216 1122
f 1217 1216 1123
f 1124 1217 1123
f 1218 1217 1124
f 1125 1218 1124
f 1219 1218 1125
f 1220 1219 1125
f 1221 1220 1125
f 1126 1221 1125
f 1128 1221 1126
f 1127 1128 1126
f 1222 1221 1128
f 1223 1222 1128
f 1129 1223 1128
f 1224 1223 1129
f 1225 1224 1129
f 1226 1225 1129
f 1130 1226 1129
f 1227 1226 1130
f 1228 1227 1130
f 1131 1228 1130
f 1133 1228 1131
f 1132 1133 1131
f 1227 1228 1133
f 1229 1227 1133
f 1230 1229 1133
f 1148 1230 1133
f 1171 1231 1135
f 1231 1137 1135
f 1231 1232 1137
f 1232 1233 1137
f 1233 1138 1137
f 1233 1139 1138
f 1233 1234 1139
f 1234 1235 1139
f 1235 1140 1139
f 1235 1141 1140
f 1235 1236 1141
f 1236 1142 1141
f 1236 1237 1142
f 1237 1238 1142
f 1238 1143 1142
f 1238 1239 1143
f 1239 1144 1143
f 1239 1240 1144
f 1240 1145 1144
f 1240 1241 1145
f 1241 1146 1145
f 1241 1157 1146
f 1157 1147 1146
f 1149 1230 1148
f 1242 1230 1149
f 1150 1242 1149
f 1151 1242 1150
f 1243 1242 1151
f 1244 1243 1151
f 1152 1244 1151
f 1153 1245 1152
f 1245 1244 1152
f 1154 1246 1153
f 1246 1247 1153
f 1247 1245 1153
f 1156 1248 1154
f 1248 1249 1154
f 1249 1246 1154
f 1158 1156 1155
f 1158 1250 1156
f 1250 1251 1156
f 1251 1252 1156
f 1252 1248 1156
f 1241 1253 1157
f 1253 1158 1157
f 1253 1254 1158
f 1254 1250 1158
f 1255 1165 1159
f 1256 1255 1159
f 1257 1256 1159
f 1161 1257 1159
f 1160 1161 1159
f 1258 1257 1161
f 1162 1258 1161
f 1164 1258 1162
f 1163 1164 1162
f 1174 1258 1164
f 1259 1173 1165
f 1255 1259 1165
f 1172 1260 1166
f 1260 1261 1166
f 1261 1167 1166
f 1261 1262 1167
f 1262 1168 1167
f 1262 1263 1168
f 1263 1171 1168
f 1171 1169 1168
f 1171 1170 1169
f 1263 1264 1171
f 1264 1231 1171
f 1173 1265 1172
f 1265 1266 1172
f 1266 1267 1172
f 1267 1261 1172
f 1261 1260 1172
f 1268 1265 1173
f 1259 1268 1173
f 1175 1258 1174
f 1257 1258 1175
f 1269 1257 1175
f 1270 1269 1175
f 1271 1270 1175
f 1176 1271 1175
f 1272 1271 1176
f 1177 1272 1176
f 1273 1272 1177
f 1178 1273 1177
f 1274 1273 1178
f 1179 1274 1178
f 1275 1274 1179
f 1180 1275 1179
f 1276 1275 1180
f 1181 1276 1180
f 1277 1276 1181
f 1182 1277 1181
f 1278 1277 1182
f 1183 1278 1182
f 1279 1278 1183
f 1184 1279 1183
f 1280 1279 1184
f 1281 1280 1184
f 1185 1281 1184
f 1187 1281 1185
f 1186 1187 1185
f 1282 1281 1187
f 1283 1282 1187
f 1284 1283 1187
f 1188 1284 1187
f 1285 1284 1188
f 1189 1285 1188
f 1191 1285 1189
f 1190 1191 1189
f 1286 1285 1191
f 1287 1286 1191
f 1193 1287 1191
f 1192 1193 1191
f 1288 1287 1193
f 1289 1288 1193
f 1194 1289 1193
f 1290 1289 1194
f 1195 1290 1194
f 1291 1290 1195
f 1292 1291 1195
f 1196 1292 1195
f 1293 1292 1196
f 1197 1293 1196
f 1294 1293 1197
f 1198 1294 1197
f 1295 1294 1198
f 1296 1295 1198
f 1199 1296 1198
f 1200 1296 1199
f 1297 1296 1200
f 1202 1297 1200
f 1201 1202 1200
f 1298 1297 1202
f 1299 1298 1202
f 1203 1299 1202
f 1300 1299 1203
f 1301 1300 1203
f 1204 1301 1203
f 1206 1301 1204
f 1205 1206 1204
f 1302 1301 1206
f 1303 1302 1206
f 1207 1303 1206
f 1304 1303 1207
f 1208 1304 1207
f 1305 1304 1208
f 1306 1305 1208
f 1209 1306 1208
f 1307 1306 1209
f 1210 1307 1209
f 1308 1307 1210
f 1211 1308 1210
f 1309 1308 1211
f 1213 1309 1211
f 1212 1213 1211
f 1310 1309 1213
f 1311 1310 1213
f 1312 1311 1213
f 1214 1312 1213
f 1313 1312 1214
f 1215 1313 1214
f 1314 1313 1215
f 1216 1314 1215
f 1217 1314 1216
f 1315 1314 1217
f 1218 1315 1217
f 1316 1315 1218
f 1219 1316 1218
f 1317 1316 1219
f 1318 1317 1219
f 1319 1318 1219
f 1320 1319 1219
f 1321 1320 1219
f 1220 1321 1219
f 1222 1321 1220
f 1221 1222 1220
f 1320 1321 1222
f 1223 1320 1222
f 1322 1320 1223
f 1224 1322 1223
f 1323 1322 1224
f 1324 1323 1224
f 1225 1324 1224
f 1325 1324 1225
f 1229 1325 1225
f 1226 1229 1225
f 1227 1229 1226
f 1326 1325 1229
f 1230 1326 1229
f 1327 1326 1230
f 1242 1327 1230
f 1264 1328 1231
f 1328 1329 1231
f 1329 1232 1231
f 1329 1233 1232
f 1329 1330 1233
f 1330 1234 1233
f 1330 1331 1234
f 1331 1235 1234
f 1331 1236 1235
f 1331 1332 1236
f 1332 1333 1236
f 1333 1334 1236
f 1334 1237 1236
f 1334 1335 1237
f 1335 1238 1237
f 1335 1336 1238
f 1336 1337 1238
f 1337 1239 1238
f 1337 1240 1239
f 1337 1253 1240
f 1253 1241 1240
f 1338 1327 1242
f 1243 1338 1242
f 1244 1338 1243
f 1245 1247 1244
f 1247 1339 1244
f 1339 1340 1244
f 1340 1341 1244
f 1341 1338 1244
f 1249 1342 1246
f 1342 1247 1246
f 1342 1343 1247
f 1343 1340 1247
f 1340 1339 1247
f 1252 1249 1248
f 1252 1344 1249
f 1344 1345 1249
f 1345 1346 1249
f 1346 1342 1249
f 1254 1347 1250
f 1347 1348 1250
f 1348 1251 1250
f 1348 1349 1251
f 1349 1344 1251
f 1344 1252 1251
f 1337 1350 1253
f 1350 1351 1253
f 1351 1254 1253
f 1351 1352 1254
f 1352 1353 1254
f 1353 1354 1254
f 1354 1355 1254
f 1355 1348 1254
f 1348 1347 1254
f 1356 1259 1255
f 1357 1356 1255
f 1358 1357 1255
f 1256 1358 1255
f 1257 1358 1256
f 1359 1358 1257
f 1269 1359 1257
f 1360 1268 1259
f 1361 1360 1259
f 1356 1361 1259
f 1267 1362 1261
f 1362 1363 1261
f 1363 1262 1261
f 1363 1328 1262
f 1328 1264 1262
f 1264 1263 1262
f 1268 1364 1265
f 1364 1365 1265
f 1365 1366 1265
f 1366 1267 1265
f 1267 1266 1265
f 1366 1367 1267
f 1367 1368 1267
f 1368 1369 1267
f 1369 1362 1267
f 1360 1364 1268
f 1370 1359 1269
f 1371 1370 1269
f 1372 1371 1269
f 1270 1372 1269
f 1373 1372 1270
f 1272 1373 1270
f 1271 1272 1270
f 1374 1373 1272
f 1273 1374 1272
f 1375 1374 1273
f 1274 1375 1273
f 1376 1375 1274
f 1275 1376 1274
f 1377 1376 1275
f 1276 1377 1275
f 1378 1377 1276
f 1277 1378 1276
f 1379 1378 1277
f 1278 1379 1277
f 1380 1379 1278
f 1279 1380 1278
f 1381 1380 1279
f 1382 1381 1279
f 1280 1382 1279
f 1282 1382 1280
f 1281 1282 1280
f 1383 1382 1282
f 1384 1383 1282
f 1385 1384 1282
f 1386 1385 1282
f 1283 1386 1282
f 1284 1386 1283
f 1286 1386 1284
f 1285 1286 1284
f 1387 1386 1286
f 1388 1387 1286
f 1288 1388 1286
f 1287 1288 1286
f 1389 1388 1288
f 1390 1389 1288
f 1289 1390 1288
f 1391 1390 1289
f 1290 1391 1289
f 1392 1391 1290
f 1393 1392 1290
f 1291 1393 1290
f 1394 1393 1291
f 1292 1394 1291
f 1395 1394 1292
f 1293 1395 1292
f 1396 1395 1293
f 1294 1396 1293
f 1397 1396 1294
f 1398 1397 1294
f 1295 1398 1294
f 1297 1398 1295
f 1296 1297 1295
f 1399 1398 1297
f 1400 1399 1297
f 1298 1400 1297
f 1401 1400 1298
f 1299 1401 1298
f 1402 1401 1299
f 1403 1402 1299
f 1300 1403 1299
f 1302 1403 1300
f 1301 1302 1300
f 1404 1403 1302
f 1405 1404 1302
f 1303 1405 1302
f 1406 1405 1303
f 1304 1406 1303
f 1407 1406 1304
f 1408 1407 1304
f 1409 1408 1304
f 1305 1409 1304
f 1410 1409 1305
f 1306 1410 1305
f 1411 1410 1306
f 1307 1411 1306
f 1412 1411 1307
f 1308 1412 1307
f 1413 1412 1308
f 1310 1413 1308
f 1309 1310 1308
f 1414 1413 1310
f 1415 1414 1310
f 1416 1415 1310
f 1311 1416 1310
f 1417 1416 1311
f 1312 1417 1311
f 1313 1417 1312
f 1418 1417 1313
f 1314 1418 1313
f 1419 1418 1314
f 1315 1419 1314
f 1420 1419 1315
f 1316 1420 1315
f 1317 1420 1316
f 1421 1420 1317
f 1318 1421 1317
f 1422 1421 1318
f 1423 1422 1318
f 1424 1423 1318
f 1322 1424 1318
f 1319 1322 1318
f 1320 1322 1319
f 1425 1424 1322
f 1426 1425 1322
f 1323 1426 1322
f 1427 1426 1323
f 1324 1427 1323
f 1326 1427 1324
f 1325 1326 1324
f 1428 1427 1326
f 1327 1428 1326
f 1429 1428 1327
f 1338 1429 1327
f 1363 1430 1328
f 1430 1431 1328
f 1431 1329 1328
f 1431 1432 1329
f 1432 1330 1329
f 1432 1433 1330
f 1433 1331 1330
f 1433 1434 1331
f 1434 1332 1331
f 1434 1435 1332
f 1435 1436 1332
f 1436 1437 1332
f 1437 1333 1332
f 1437 1438 1333
f 1438 1334 1333
f 1438 1335 1334
f 1438 1439 1335
f 1439 1440 1335
f 1440 1441 1335
f 1441 1336 1335
f 1441 1351 1336
f 1351 1350 1336
f 1350 1337 1336
f 1341 1442 1338
f 1442 1429 1338
f 1343 1443 1340
f 1443 1444 1340
f 1444 1445 1340
f 1445 1341 1340
f 1445 1446 1341
f 1446 1442 1341
f 1346 1447 1342
f 1447 1343 1342
f 1447 1448 1343
f 1448 1443 1343
f 1349 1345 1344
f 1349 1449 1345
f 1449 1450 1345
f 1450 1451 1345
f 1451 1346 1345
f 1451 1452 1346
f 1452 1447 1346
f 1355 1453 1348
f 1453 1454 1348
f 1454 1349 1348
f 1454 1455 1349
f 1455 1449 1349
f 1441 1456 1351
f 1456 1352 1351
f 1456 1457 1352
f 1457 1458 1352
f 1458 1354 1352
f 1354 1353 1352
f 1458 1459 1354
f 1459 1460 1354
f 1460 1461 1354
f 1461 1453 1354
f 1453 1355 1354
f 1462 1361 1356
f 1463 1462 1356
f 1357 1463 1356
f 1359 1463 1357
f 1358 1359 1357
f 1464 1463 1359
f 1371 1464 1359
f 1370 1371 1359
f 1465 1364 1360
f 1466 1465 1360
f 1467 1466 1360
f 1361 1467 1360
f 1468 1467 1361
f 1462 1468 1361
f 1369 1430 1362
f 1430 1363 1362
f 1465 1469 1364
f 1469 1470 1364
f 1470 1366 1364
f 1366 1365 1364
f 1470 1367 1366
f 1470 1471 1367
f 1471 1472 1367
f 1472 1473 1367
f 1473 1368 1367
f 1473 1474 1368
f 1474 1369 1368
f 1474 1431 1369
f 1431 1430 1369
f 1475 1464 1371
f 1476 1475 1371
f 1477 1476 1371
f 1373 1477 1371
f 1372 1373 1371
f 1478 1477 1373
f 1479 1478 1373
f 1374 1479 1373
f 1480 1479 1374
f 1375 1480 1374
f 1481 1480 1375
f 1376 1481 1375
f 1482 1481 1376
f 1377 1482 1376
f 1483 1482 1377
f 1484 1483 1377
f 1378 1484 1377
f 1379 1484 1378
f 1485 1484 1379
f 1380 1485 1379
f 1486 1485 1380
f 1487 1486 1380
f 1381 1487 1380
f 1383 1487 1381
f 1382 1383 1381
f 1488 1487 1383
f 1489 1488 1383
f 1490 1489 1383
f 1491 1490 1383
f 1492 1491 1383
f 1385 1492 1383
f 1384 1385 1383
f 1493 1492 1385
f 1387 1493 1385
f 1386 1387 1385
f 1494 1493 1387
f 1495 1494 1387
f 1389 1495 1387
f 1388 1389 1387
f 1496 1495 1389
f 1497 1496 1389
f 1390 1497 1389
f 1498 1497 1390
f 1391 1498 1390
f 1499 1498 1391
f 1500 1499 1391
f 1392 1500 1391
f 1501 1500 1392
f 1393 1501 1392
f 1502 1501 1393
f 1394 1502 1393
f 1503 1502 1394
f 1395 1503 1394
f 1504 1503 1395
f 1396 1504 1395
f 1505 1504 1396
f 1506 1505 1396
f 1397 1506 1396
f 1399 1506 1397
f 1398 1399 1397
f 1507 1506 1399
f 1508 1507 1399
f 1400 1508 1399
f 1509 1508 1400
f 1401 1509 1400
f 1510 1509 1401
f 1511 1510 1401
f 1402 1511 1401
f 1404 1511 1402
f 1403 1404 1402
f 1512 1511 1404
f 1513 1512 1404
f 1405 1513 1404
f 1514 1513 1405
f 1406 1514 1405
f 1515 1514 1406
f 1516 1515 1406
f 1407 1516 1406
f 1517 1516 1407
f 1408 1517 1407
f 1410 1517 1408
f 1409 1410 1408
f 1518 1517 1410
f 1519 1518 1410
f 1411 1519 1410
f 1520 1519 1411
f 1412 1520 1411
f 1521 1520 1412
f 1414 1521 1412
f 1413 1414 1412
f 1522 1521 1414
f 1523 1522 1414
f 1524 1523 1414
f 1525 1524 1414
f 1415 1525 1414
f 1416 1525 1415
f 1526 1525 1416
f 1417 1526 1416
f 1527 1526 1417
f 1528 1527 1417
f 1418 1528 1417
f 1529 1528 1418
f 1419 1529 1418
f 1530 1529 1419
f 1420 1530 1419
f 1531 1530 1420
f 1421 1531 1420
f 1532 1531 1421
f 1533 1532 1421
f 1422 1533 1421
f 1534 1533 1422
f 1535 1534 1422
f 1536 1535 1422
f 1537 1536 1422
f 1423 1537 1422
f 1424 1537 1423
f 1538 1537 1424
f 1426 1538 1424
f 1425 1426 1424
f 1539 1538 1426
f 1540 1539 1426
f 1428 1540 1426
f 1427 1428 1426
f 1442 1540 1428
f 1429 1442 1428
f 1474 1541 1431
f 1541 1432 1431
f 1541 1433 1432
f 1541 1542 1433
f 1542 1543 1433
f 1543 1434 1433
f 1543 1544 1434
f 1544 1435 1434
f 1544 1545 1435
f 1545 1546 1435
f 1546 1547 1435
f 1547 1436 1435
f 1547 1437 1436
f 1547 1546 1437
f 1546 1548 1437
f 1548 1549 1437
f 1549 1438 1437
f 1549 1440 1438
f 1440 1439 1438
f 1549 1550 1440
f 1550 1551 1440
f 1551 1456 1440
f 1456 1441 1440
f 1446 1552 1442
f 1552 1553 1442
f 1553 1539 1442
f 1539 1540 1442
f 1448 1554 1443
f 1554 1555 1443
f 1555 1444 1443
f 1555 1556 1444
f 1556 1557 1444
f 1557 1446 1444
f 1446 1445 1444
f 1557 1558 1446
f 1558 1559 1446
f 1559 1552 1446
f 1452 1560 1447
f 1560 1448 1447
f 1560 1561 1448
f 1561 1554 1448
f 1455 1562 1449
f 1562 1450 1449
f 1562 1563 1450
f 1563 1564 1450
f 1564 1452 1450
f 1452 1451 1450
f 1564 1563 1452
f 1563 1560 1452
f 1461 1565 1453
f 1565 1566 1453
f 1566 1454 1453
f 1566 1567 1454
f 1567 1455 1454
f 1567 1562 1455
f 1551 1568 1456
f 1568 1457 1456
f 1568 1569 1457
f 1569 1570 1457
f 1570 1459 1457
f 1459 1458 1457
f 1570 1571 1459
f 1571 1572 1459
f 1572 1573 1459
f 1573 1461 1459
f 1461 1460 1459
f 1573 1574 1461
f 1574 1575 1461
f 1575 1565 1461
f 1576 1468 1462
f 1475 1576 1462
f 1464 1475 1462
f 1463 1464 1462
f 1466 1577 1465
f 1577 1578 1465
f 1578 1579 1465
f 1579 1471 1465
f 1471 1469 1465
f 1467 1580 1466
f 1580 1581 1466
f 1581 1582 1466
f 1582 1577 1466
f 1583 1580 1467
f 1584 1583 1467
f 1585 1584 1467
f 1468 1585 1467
f 1576 1585 1468
f 1471 1470 1469
f 1579 1586 1471
f 1586 1587 1471
f 1587 1588 1471
f 1588 1472 1471
f 1588 1589 1472
f 1589 1474 1472
f 1474 1473 1472
f 1589 1590 1474
f 1590 1541 1474
f 1591 1576 1475
f 1476 1591 1475
f 1592 1591 1476
f 1593 1592 1476
f 1477 1593 1476
f 1594 1593 1477
f 1478 1594 1477
f 1595 1594 1478
f 1479 1595 1478
f 1596 1595 1479
f 1480 1596 1479
f 1597 1596 1480
f 1481 1597 1480
f 1598 1597 1481
f 1482 1598 1481
f 1599 1598 1482
f 1483 1599 1482
f 1600 1599 1483
f 1484 1600 1483
f 1601 1600 1484
f 1485 1601 1484
f 1602 1601 1485
f 1603 1602 1485
f 1486 1603 1485
f 1488 1603 1486
f 1487 1488 1486
f 1604 1603 1488
f 1605 1604 1488
f 1489 1605 1488
f 1606 1605 1489
f 1607 1606 1489
f 1490 1607 1489
f 1608 1607 1490
f 1494 1608 1490
f 1491 1494 1490
f 1493 1494 1491
f 1492 1493 1491
f 1609 1608 1494
f 1496 1609 1494
f 1495 1496 1494
f 1610 1609 1496
f 1611 1610 1496
f 1497 1611 1496
f 1498 1611 1497
f 1612 1611 1498
f 1613 1612 1498
f 1614 1613 1498
f 1499 1614 1498
f 1615 1614 1499
f 1500 1615 1499
f 1616 1615 1500
f 1501 1616 1500
f 1617 1616 1501
f 1502 1617 1501
f 1618 1617 1502
f 1503 1618 1502
f 1619 1618 1503
f 1504 1619 1503
f 1620 1619 1504
f 1621 1620 1504
f 1505 1621 1504
f 1507 1621 1505
f 1506 1507 1505
f 1622 1621 1507
f 1623 1622 1507
f 1508 1623 1507
f 1624 1623 1508
f 1509 1624 1508
f 1625 1624 1509
f 1626 1625 1509
f 1510 1626 1509
f 1512 1626 1510
f 1511 1512 1510
f 1627 1626 1512
f 1628 1627 1512
f 1514 1628 1512
f 1513 1514 1512
f 1629 1628 1514
f 1630 1629 1514
f 1631 1630 1514
f 1515 1631 1514
f 1632 1631 1515
f 1516 1632 1515
f 1633 1632 1516
f 1517 1633 1516
f 1634 1633 1517
f 1518 1634 1517
f 1635 1634 1518
f 1636 1635 1518
f 1637 1636 1518
f 1519 1637 1518
f 1520 1637 1519
f 1638 1637 1520
f 1639 1638 1520
f 1522 1639 1520
f 1521 1522 1520
f 1640 1639 1522
f 1641 1640 1522
f 1642 1641 1522
f 1523 1642 1522
f 1643 1642 1523
f 1644 1643 1523
f 1524 1644 1523
f 1525 1644 1524
f 1645 1644 1525
f 1526 1645 1525
f 1646 1645 1526
f 1527 1646 1526
f 1647 1646 1527
f 1528 1647 1527
f 1529 1647 1528
f 1648 1647 1529
f 1530 1648 1529
f 1649 1648 1530
f 1531 1649 1530
f 1650 1649 1531
f 1651 1650 1531
f 1532 1651 1531
f 1533 1651 1532
f 1652 1651 1533
f 1534 1652 1533
f 1653 1652 1534
f 1654 1653 1534
f 1655 1654 1534
f 1535 1655 1534
f 1656 1655 1535
f 1657 1656 1535
f 1536 1657 1535
f 1538 1657 1536
f 1537 1538 1536
f 1658 1657 1538
f 1539 1658 1538
f 1659 1658 1539
f 1553 1659 1539
f 1590 1542 1541
f 1590 1660 1542
f 1660 1661 1542
f 1661 1543 1542
f 1661 1662 1543
f 1662 1544 1543
f 1662 1663 1544
f 1663 1664 1544
f 1664 1545 1544
f 1664 1665 1545
f 1665 1548 1545
f 1548 1546 1545
f 1665 1666 1548
f 1666 1550 1548
f 1550 1549 1548
f 1666 1667 1550
f 1667 1568 1550
f 1568 1551 1550
f 1559 1659 1552
f 1659 1553 1552
f 1561 1668 1554
f 1668 1669 1554
f 1669 1556 1554
f 1556 1555 1554
f 1669 1670 1556
f 1670 1671 1556
f 1671 1558 1556
f 1558 1557 1556
f 1671 1672 1558
f 1672 1673 1558
f 1673 1559 1558
f 1673 1674 1559
f 1674 1659 1559
f 1563 1675 1560
f 1675 1676 1560
f 1676 1668 1560
f 1668 1561 1560
f 1567 1677 1562
f 1677 1678 1562
f 1678 1679 1562
f 1679 1680 1562
f 1680 1675 1562
f 1675 1563 1562
f 1575 1681 1565
f 1681 1566 1565
f 1681 1682 1566
f 1682 1677 1566
f 1677 1567 1566
f 1667 1683 1568
f 1683 1684 1568
f 1684 1569 1568
f 1684 1685 1569
f 1685 1686 1569
f 1686 1570 1569
f 1686 1571 1570
f 1686 1685 1571
f 1685 1687 1571
f 1687 1688 1571
f 1688 1689 1571
f 1689 1572 1571
f 1689 1690 1572
f 1690 1573 1572
f 1690 1691 1573
f 1691 1574 1573
f 1691 1692 1574
f 1692 1575 1574
f 1692 1693 1575
f 1693 1681 1575
f 1591 1585 1576
f 1582 1694 1577
f 1694 1695 1577
f 1695 1578 1577
f 1695 1586 1578
f 1586 1579 1578
f 1583 1696 1580
f 1696 1697 1580
f 1697 1581 1580
f 1697 1582 1581
f 1697 1698 1582
f 1698 1699 1582
f 1699 1700 1582
f 1700 1694 1582
f 1701 1696 1583
f 1702 1701 1583
f 1703 1702 1583
f 1704 1703 1583
f 1584 1704 1583
f 1585 1704 1584
f 1592 1704 1585
f 1591 1592 1585
f 1695 1705 1586
f 1705 1706 1586
f 1706 1707 1586
f 1707 1587 1586
f 1707 1708 1587
f 1708 1588 1587
f 1708 1590 1588
f 1590 1589 1588
f 1708 1709 1590
f 1709 1660 1590
f 1710 1704 1592
f 1711 1710 1592
f 1594 1711 1592
f 1593 1594 1592
f 1712 1711 1594
f 1595 1712 1594
f 1596 1712 1595
f 1713 1712 1596
f 1714 1713 1596
f 1715 1714 1596
f 1716 1715 1596
f 1597 1716 1596
f 1598 1716 1597
f 1717 1716 1598
f 1599 1717 1598
f 1718 1717 1599
f 1600 1718 1599
f 1719 1718 1600
f 1601 1719 1600
f 1720 1719 1601
f 1721 1720 1601
f 1722 1721 1601
f 1602 1722 1601
f 1604 1722 1602
f 1603 1604 1602
f 1723 1722 1604
f 1724 1723 1604
f 1605 1724 1604
f 1725 1724 1605
f 1726 1725 1605
f 1606 1726 1605
f 1727 1726 1606
f 1607 1727 1606
f 1728 1727 1607
f 1609 1728 1607
f 1608 1609 1607
f 1729 1728 1609
f 1610 1729 1609
f 1730 1729 1610
f 1611 1730 1610
f 1731 1730 1611
f 1612 1731 1611
f 1732 1731 1612
f 1733 1732 1612
f 1614 1733 1612
f 1613 1614 1612
f 1734 1733 1614
f 1735 1734 1614
f 1615 1735 1614
f 1736 1735 1615
f 1616 1736 1615
f 1737 1736 1616
f 1617 1737 1616
f 1738 1737 1617
f 1618 1738 1617
f 1739 1738 1618
f 1619 1739 1618
f 1740 1739 1619
f 1741 1740 1619
f 1620 1741 1619
f 1622 1741 1620
f 1621 1622 1620
f 1742 1741 1622
f 1743 1742 1622
f 1623 1743 1622
f 1744 1743 1623
f 1624 1744 1623
f 1745 1744 1624
f 1746 1745 1624
f 1625 1746 1624
f 1627 1746 1625
f 1626 1627 1625
f 1747 1746 1627
f 1748 1747 1627
f 1629 1748 1627
f 1628 1629 1627
f 1749 1748 1629
f 1750 1749 1629
f 1751 1750 1629
f 1630 1751 1629
f 1752 1751 1630
f 1631 1752 1630
f 1753 1752 1631
f 1632 1753 1631
f 1754 1753 1632
f 1633 1754 1632
f 1635 1754 1633
f 1634 1635 1633
f 1755 1754 1635
f 1756 1755 1635
f 1637 1756 1635
f 1636 1637 1635
f 1757 1756 1637
f 1638 1757 1637
f 1758 1757 1638
f 1759 1758 1638
f 1640 1759 1638
f 1639 1640 1638
f 1760 1759 1640
f 1761 1760 1640
f 1762 1761 1640
f 1763 1762 1640
f 1641 1763 1640
f 1642 1763 1641
f 1764 1763 1642
f 1765 1764 1642
f 1643 1765 1642
f 1644 1765 1643
f 1766 1765 1644
f 1645 1766 1644
f 1767 1766 1645
f 1646 1767 1645
f 1768 1767 1646
f 1647 1768 1646
f 1769 1768 1647
f 1648 1769 1647
f 1770 1769 1648
f 1649 1770 1648
f 1771 1770 1649
f 1650 1771 1649
f 1772 1771 1650
f 1651 1772 1650
f 1773 1772 1651
f 1652 1773 1651
f 1653 1773 1652
f 1774 1773 1653
f 1775 1774 1653
f 1776 1775 1653
f 1654 1776 1653
f 1777 1776 1654
f 1655 1777 1654
f 1778 1777 1655
f 1658 1778 1655
f 1656 1658 1655
f 1657 1658 1656
f 1674 1778 1658
f 1659 1674 1658
f 1709 1779 1660
f 1779 1661 1660
f 1779 1780 1661
f 1780 1662 1661
f 1780 1781 1662
f 1781 1782 1662
f 1782 1783 1662
f 1783 1663 1662
f 1783 1784 1663
f 1784 1664 1663
f 1784 1785 1664
f 1785 1665 1664
f 1785 1786 1665
f 1786 1666 1665
f 1786 1683 1666
f 1683 1667 1666
f 1676 1787 1668
f 1787 1788 1668
f 1788 1789 1668
f 1789 1669 1668
f 1789 1790 1669
f 1790 1670 1669
f 1790 1672 1670
f 1672 1671 1670
f 1790 1791 1672
f 1791 1792 1672
f 1792 1793 1672
f 1793 1673 1672
f 1793 1794 1673
f 1794 1777 1673
f 1777 1674 1673
f 1777 1778 1674
f 1680 1795 1675
f 1795 1796 1675
f 1796 1787 1675
f 1787 1676 1675
f 1682 1797 1677
f 1677 1797 1678
f 1797 1679 1678
f 1797 1798 1679
f 1798 1799 1679
f 1799 1800 1679
f 1800 1680 1679
f 1800 1801 1680
f 1801 1795 1680
f 1693 1798 1681
f 1798 1797 1681
f 1797 1682 1681
f 1786 1802 1683
f 1802 1684 1683
f 1802 1803 1684
f 1803 1804 1684
f 1804 1805 1684
f 1805 1687 1684
f 1687 1685 1684
f 1805 1806 1687
f 1806 1807 1687
f 1807 1808 1687
f 1808 1688 1687
f 1808 1809 1688
f 1809 1689 1688
f 1809 1810 1689
f 1810 1690 1689
f 1810 1691 1690
f 1810 1811 1691
f 1811 1812 1691
f 1812 1813 1691
f 1813 1692 1691
f 1813 1814 1692
f 1814 1815 1692
f 1815 1816 1692
f 1816 1693 1692
f 1816 1817 1693
f 1817 1799 1693
f 1799 1798 1693
f 1700 1705 1694
f 1705 1695 1694
f 1818 1697 1696
f 1701 1818 1696
f 1818 1819 1697
f 1819 1698 1697
f 1819 1820 1698
f 1820 1821 1698
f 1821 1822 1698
f 1822 1699 1698
f 1822 1823 1699
f 1823 1700 1699
f 1823 1824 1700
f 1824 1705 1700
f 1825 1818 1701
f 1826 1825 1701
f 1827 1826 1701
f 1828 1827 1701
f 1702 1828 1701
f 1703 1828 1702
f 1829 1828 1703
f 1704 1829 1703
f 1830 1829 1704
f 1710 1830 1704
f 1824 1831 1705
f 1831 1832 1705
f 1832 1706 1705
f 1832 1708 1706
f 1708 1707 1706
f 1832 1833 1708
f 1833 1709 1708
f 1833 1834 1709
f 1834 1779 1709
f 1835 1830 1710
f 1711 1835 1710
f 1714 1835 1711
f 1713 1714 1711
f 1712 1713 1711
f 1836 1835 1714
f 1837 1836 1714
f 1838 1837 1714
f 1715 1838 1714
f 1839 1838 1715
f 1716 1839 1715
f 1717 1839 1716
f 1840 1839 1717
f 1841 1840 1717
f 1718 1841 1717
f 1719 1841 1718
f 1842 1841 1719
f 1720 1842 1719
f 1843 1842 1720
f 1844 1843 1720
f 1845 1844 1720
f 1722 1845 1720
f 1721 1722 1720
f 1846 1845 1722
f 1723 1846 1722
f 1847 1846 1723
f 1724 1847 1723
f 1848 1847 1724
f 1849 1848 1724
f 1725 1849 1724
f 1850 1849 1725
f 1726 1850 1725
f 1851 1850 1726
f 1727 1851 1726
f 1729 1851 1727
f 1728 1729 1727
f 1852 1851 1729
f 1730 1852 1729
f 1853 1852 1730
f 1731 1853 1730
f 1854 1853 1731
f 1855 1854 1731
f 1856 1855 1731
f 1732 1856 1731
f 1857 1856 1732
f 1734 1857 1732
f 1733 1734 1732
f 1858 1857 1734
f 1859 1858 1734
f 1735 1859 1734
f 1860 1859 1735
f 1736 1860 1735
f 1861 1860 1736
f 1737 1861 1736
f 1862 1861 1737
f 1738 1862 1737
f 1863 1862 1738
f 1739 1863 1738
f 1864 1863 1739
f 1865 1864 1739
f 1740 1865 1739
f 1742 1865 1740
f 1741 1742 1740
f 1866 1865 1742
f 1867 1866 1742
f 1743 1867 1742
f 1868 1867 1743
f 1744 1868 1743
f 1869 1868 1744
f 1870 1869 1744
f 1745 1870 1744
f 1747 1870 1745
f 1746 1747 1745
f 1871 1870 1747
f 1872 1871 1747
f 1749 1872 1747
f 1748 1749 1747
f 1873 1872 1749
f 1874 1873 1749
f 1875 1874 1749
f 1750 1875 1749
f 1876 1875 1750
f 1751 1876 1750
f 1877 1876 1751
f 1752 1877 1751
f 1878 1877 1752
f 1753 1878 1752
f 1879 1878 1753
f 1754 1879 1753
f 1880 1879 1754
f 1755 1880 1754
f 1757 1880 1755
f 1756 1757 1755
f 1881 1880 1757
f 1882 1881 1757
f 1758 1882 1757
f 1883 1882 1758
f 1760 1883 1758
f 1759 1760 1758
f 1884 1883 1760
f 1885 1884 1760
f 1886 1885 1760
f 1761 1886 1760
f 1887 1886 1761
f 1762 1887 1761
f 1888 1887 1762
f 1763 1888 1762
f 1889 1888 1763
f 1764 1889 1763
f 1890 1889 1764
f 1765 1890 1764
f 1891 1890 1765
f 1766 1891 1765
f 1892 1891 1766
f 1767 1892 1766
f 1893 1892 1767
f 1768 1893 1767
f 1894 1893 1768
f 1769 1894 1768
f 1895 1894 1769
f 1770 1895 1769
f 1896 1895 1770
f 1771 1896 1770
f 1772 1896 1771
f 1897 1896 1772
f 1898 1897 1772
f 1773 1898 1772
f 1899 1898 1773
f 1900 1899 1773
f 1774 1900 1773
f 1775 1901 1774
f 1901 1902 1774
f 1902 1903 1774
f 1903 1900 1774
f 1776 1904 1775
f 1904 1901 1775
f 1794 1904 1776
f 1777 1794 1776
f 1834 1905 1779
f 1905 1780 1779
f 1905 1906 1780
f 1906 1781 1780
f 1906 1907 1781
f 1907 1908 1781
f 1908 1782 1781
f 1908 1909 1782
f 1909 1783 1782
f 1909 1910 1783
f 1910 1784 1783
f 1910 1911 1784
f 1911 1786 1784
f 1786 1785 1784
f 1911 1912 1786
f 1912 1802 1786
f 1796 1913 1787
f 1913 1914 1787
f 1914 1788 1787
f 1914 1913 1788
f 1913 1915 1788
f 1915 1916 1788
f 1916 1789 1788
f 1916 1917 1789
f 1917 1790 1789
f 1917 1791 1790
f 1917 1918 1791
f 1918 1919 1791
f 1919 1920 1791
f 1920 1792 1791
f 1920 1921 1792
f 1921 1922 1792
f 1922 1793 1792
f 1922 1904 1793
f 1904 1794 1793
f 1801 1923 1795
f 1923 1924 1795
f 1924 1925 1795
f 1925 1796 1795
f 1925 1913 1796
f 1817 1926 1799
f 1926 1927 1799
f 1927 1928 1799
f 1928 1800 1799
f 1928 1801 1800
f 1928 1923 1801
f 1912 1929 1802
f 1929 1803 1802
f 1929 1930 1803
f 1930 1804 1803
f 1930 1931 1804
f 1931 1806 1804
f 1806 1805 1804
f 1931 1932 1806
f 1932 1933 1806
f 1933 1807 1806
f 1933 1934 1807
f 1934 1808 1807
f 1934 1935 1808
f 1935 1809 1808
f 1935 1811 1809
f 1811 1810 1809
f 1935 1936 1811
f 1936 1937 1811
f 1937 1813 1811
f 1813 1812 1811
f 1937 1938 1813
f 1938 1939 1813
f 1939 1940 1813
f 1813 1940 1814
f 1940 1815 1814
f 1940 1941 1815
f 1941 1816 1815
f 1941 1942 1816
f 1942 1943 1816
f 1943 1926 1816
f 1926 1817 1816
f 1944 1819 1818
f 1825 1944 1818
f 1945 1820 1819
f 1944 1945 1819
f 1945 1946 1820
f 1946 1947 1820
f 1947 1948 1820
f 1948 1821 1820
f 1948 1949 1821
f 1949 1822 1821
f 1949 1950 1822
f 1950 1823 1822
f 1950 1951 1823
f 1951 1824 1823
f 1951 1952 1824
f 1952 1831 1824
f 1953 1944 1825
f 1954 1953 1825
f 1955 1954 1825
f 1956 1955 1825
f 1826 1956 1825
f 1957 1956 1826
f 1828 1957 1826
f 1827 1828 1826
f 1958 1828 1829
f 1959 1958 1829
f 1835 1959 1829
f 1830 1835 1829
f 1952 1833 1831
f 1833 1832 1831
f 1952 1960 1833
f 1960 1834 1833
f 1960 1961 1834
f 1961 1905 1834
f 1836 1959 1835
f 1962 1959 1836
f 1963 1962 1836
f 1837 1963 1836
f 1964 1963 1837
f 1965 1964 1837
f 1838 1965 1837
f 1966 1965 1838
f 1839 1966 1838
f 1967 1966 1839
f 1840 1967 1839
f 1968 1967 1840
f 1841 1968 1840
f 1969 1968 1841
f 1842 1969 1841
f 1970 1969 1842
f 1843 1970 1842
f 1971 1970 1843
f 1972 1971 1843
f 1973 1972 1843
f 1846 1973 1843
f 1844 1846 1843
f 1845 1846 1844
f 1974 1973 1846
f 1847 1974 1846
f 1975 1974 1847
f 1976 1975 1847
f 1977 1976 1847
f 1848 1977 1847
f 1978 1977 1848
f 1849 1978 1848
f 1979 1978 1849
f 1850 1979 1849
f 1852 1979 1850
f 1851 1852 1850
f 1980 1979 1852
f 1981 1980 1852
f 1853 1981 1852
f 1982 1981 1853
f 1854 1982 1853
f 1983 1982 1854
f 1984 1983 1854
f 1856 1984 1854
f 1855 1856 1854
f 1985 1984 1856
f 1986 1985 1856
f 1858 1986 1856
f 1857 1858 1856
f 1987 1986 1858
f 1988 1987 1858
f 1859 1988 1858
f 1989 1988 1859
f 1860 1989 1859
f 1990 1989 1860
f 1861 1990 1860
f 1991 1990 1861
f 1862 1991 1861
f 1992 1991 1862
f 1863 1992 1862
f 1993 1992 1863
f 1994 1993 1863
f 1864 1994 1863
f 1865 1994 1864
f 1995 1994 1865
f 1867 1995 1865
f 1866 1867 1865
f 1996 1995 1867
f 1997 1996 1867
f 1868 1997 1867
f 1998 1997 1868
f 1999 1998 1868
f 1869 1999 1868
f 1871 1999 1869
f 1870 1871 1869
f 2000 1999 1871
f 2001 2000 1871
f 1873 2001 1871
f 1872 1873 1871
f 2002 2001 1873
f 2003 2002 1873
f 2004 2003 1873
f 1874 2004 1873
f 2005 2004 1874
f 1875 2005 1874
f 2006 2005 1875
f 1876 2006 1875
f 2007 2006 1876
f 1877 2007 1876
f 2008 2007 1877
f 1878 2008 1877
f 2009 2008 1878
f 1879 2009 1878
f 1881 2009 1879
f 1880 1881 1879
f 2010 2009 1881
f 2011 2010 1881
f 1882 2011 1881
f 2012 2011 1882
f 2013 2012 1882
f 1884 2013 1882
f 1883 1884 1882
f 2014 2013 1884
f 2015 2014 1884
f 2016 2015 1884
f 2017 2016 1884
f 1885 2017 1884
f 1886 2017 1885
f 1887 2017 1886
f 2018 2017 1887
f 1888 2018 1887
f 2019 2018 1888
f 2020 2019 1888
f 1889 2020 1888
f 2021 2020 1889
f 1890 2021 1889
f 1891 2021 1890
f 2022 2021 1891
f 1892 2022 1891
f 2023 2022 1892
f 1893 2023 1892
f 2024 2023 1893
f 1894 2024 1893
f 2025 2024 1894
f 1895 2025 1894
f 2026 2025 1895
f 1896 2026 1895
f 2027 2026 1896
f 1897 2027 1896
f 2028 2027 1897
f 2029 2028 1897
f 1898 2029 1897
f 1899 2029 1898
f 1900 2030 1899
f 2030 2029 1899
f 1903 2031 1900
f 2031 2030 1900
f 1904 1922 1901
f 1922 2032 1901
f 2032 2033 1901
f 2033 1902 1901
f 2033 2034 1902
f 2034 1903 1902
f 2034 2035 1903
f 2035 2031 1903
f 1961 2036 1905
f 2036 1906 1905
f 2036 2037 1906
f 2037 2038 1906
f 2038 1907 1906
f 2038 2039 1907
f 2039 1908 1907
f 2039 2040 1908
f 2040 1910 1908
f 1910 1909 1908
f 2040 2041 1910
f 2041 2042 1910
f 2042 1929 1910
f 1929 1912 1910
f 1912 1911 1910
f 1925 2043 1913
f 2043 2044 1913
f 2044 1915 1913
f 2044 2045 1915
f 2045 1916 1915
f 2045 2046 1916
f 2046 2047 1916
f 2047 1918 1916
f 1918 1917 1916
f 2047 1919 1918
f 2047 2048 1919
f 2048 1920 1919
f 2048 2049 1920
f 2049 2050 1920
f 2050 1922 1920
f 1922 1921 1920
f 2050 2051 1922
f 2051 2032 1922
f 1928 2052 1923
f 2052 2053 1923
f 2053 2054 1923
f 2054 1924 1923
f 2054 2043 1924
f 2043 1925 1924
f 1943 2055 1926
f 2055 2056 1926
f 2056 2057 1926
f 2057 1927 1926
f 2057 1928 1927
f 2057 2052 1928
f 2042 1930 1929
f 2042 2058 1930
f 2058 2059 1930
f 2059 2060 1930
f 2060 1931 1930
f 2060 2061 1931
f 2061 1932 1931
f 2061 1933 1932
f 2061 2062 1933
f 2062 2063 1933
f 2063 1934 1933
f 2063 2064 1934
f 2064 2065 1934
f 2065 1935 1934
f 2065 1937 1935
f 1937 1936 1935
f 2065 2064 1937
f 2064 1938 1937
f 2064 2066 1938
f 2066 2067 1938
f 2067 2068 1938
f 2068 1939 1938
f 2068 1941 1939
f 1941 1940 1939
f 2068 2069 1941
f 2069 2070 1941
f 2070 2071 1941
f 2071 1942 1941
f 2071 2072 1942
f 2072 1943 1942
f 2072 2055 1943
f 2073 1945 1944
f 1953 2073 1944
f 2074 1946 1945
f 2073 2074 1945
f 2074 2075 1946
f 2075 2076 1946
f 2076 2077 1946
f 2077 1947 1946
f 2077 1949 1947
f 1949 1948 1947
f 2077 2078 1949
f 2078 2079 1949
f 2079 1951 1949
f 1951 1950 1949
f 2079 2080 1951
f 2080 1952 1951
f 2080 2081 1952
f 2081 1960 1952
f 2082 2073 1953
f 2083 2082 1953
f 2084 2083 1953
f 1954 2084 1953
f 2085 2084 1954
f 1955 2085 1954
f 2086 2085 1955
f 1956 2086 1955
f 1958 2086 1956
f 1828 1958 1956
f 1957 1828 1956
f 2087 2086 1958
f 1959 2087 1958
f 1962 2087 1959
f 2081 2088 1960
f 2088 1961 1960
f 2088 2036 1961
f 2089 2087 1962
f 1964 2089 1962
f 1963 1964 1962
f 2090 2089 1964
f 2091 2090 1964
f 2092 2091 1964
f 1965 2092 1964
f 2093 2092 1965
f 1966 2093 1965
f 2094 2093 1966
f 1967 2094 1966
f 2095 2094 1967
f 2096 2095 1967
f 1968 2096 1967
f 1969 2096 1968
f 2097 2096 1969
f 1970 2097 1969
f 2098 2097 1970
f 1971 2098 1970
f 2099 2098 1971
f 2100 2099 1971
f 1972 2100 1971
f 1975 2100 1972
f 1974 1975 1972
f 1973 1974 1972
f 2101 2100 1975
f 2102 2101 1975
f 2103 2102 1975
f 1977 2103 1975
f 1976 1977 1975
f 2104 2103 1977
f 2105 2104 1977
f 1978 2105 1977
f 1980 2105 1978
f 1979 1980 1978
f 2106 2105 1980
f 2107 2106 1980
f 1981 2107 1980
f 2108 2107 1981
f 1982 2108 1981
f 2109 2108 1982
f 2110 2109 1982
f 1983 2110 1982
f 2111 2110 1983
f 1985 2111 1983
f 1984 1985 1983
f 2112 2111 1985
f 2113 2112 1985
f 1987 2113 1985
f 1986 1987 1985
f 2114 2113 1987
f 2115 2114 1987
f 1988 2115 1987
f 2116 2115 1988
f 1989 2116 1988
f 2117 2116 1989
f 1990 2117 1989
f 2118 2117 1990
f 1991 2118 1990
f 2119 2118 1991
f 1992 2119 1991
f 2120 2119 1992
f 2121 2120 1992
f 1993 2121 1992
f 1994 2121 1993
f 2122 2121 1994
f 1996 2122 1994
f 1995 1996 1994
f 2123 2122 1996
f 2124 2123 1996
f 1997 2124 1996
f 2125 2124 1997
f 2126 2125 1997
f 1998 2126 1997
f 2000 2126 1998
f 1999 2000 1998
f 2127 2126 2000
f 2128 2127 2000
f 2002 2128 2000
f 2001 2002 2000
f 2129 2128 2002
f 2130 2129 2002
f 2131 2130 2002
f 2003 2131 2002
f 2132 2131 2003
f 2004 2132 2003
f 2133 2132 2004
f 2005 2133 2004
f 2134 2133 2005
f 2006 2134 2005
f 2135 2134 2006
f 2007 2135 2006
f 2136 2135 2007
f 2008 2136 2007
f 2010 2136 2008
f 2009 2010 2008
f 2137 2136 2010
f 2138 2137 2010
f 2139 2138 2010
f 2011 2139 2010
f 2012 2139 2011
f 2140 2139 2012
f 2141 2140 2012
f 2014 2141 2012
f 2013 2014 2012
f 2142 2141 2014
f 2143 2142 2014
f 2144 2143 2014
f 2015 2144 2014
f 2145 2144 2015
f 2016 2145 2015
f 2146 2145 2016
f 2147 2146 2016
f 2017 2147 2016
f 2148 2147 2017
f 2018 2148 2017
f 2149 2148 2018
f 2019 2149 2018
f 2150 2149 2019
f 2020 2150 2019
f 2021 2150 2020
f 2151 2150 2021
f 2152 2151 2021
f 2022 2152 2021
f 2153 2152 2022
f 2023 2153 2022
f 2154 2153 2023
f 2024 2154 2023
f 2155 2154 2024
f 2156 2155 2024
f 2025 2156 2024
f 2157 2156 2025
f 2026 2157 2025
f 2027 2157 2026
f 2158 2157 2027
f 2028 2158 2027
f 2159 2158 2028
f 2029 2159 2028
f 2030 2160 2029
f 2160 2159 2029
f 2031 2161 2030
f 2161 2160 2030
f 2035 2162 2031
f 2162 2161 2031
f 2051 2163 2032
f 2163 2033 2032
f 2163 2164 2033
f 2164 2034 2033
f 2164 2165 2034
f 2165 2035 2034
f 2165 2166 2035
f 2166 2162 2035
f 2088 2167 2036
f 2167 2168 2036
f 2168 2169 2036
f 2169 2037 2036
f 2169 2170 2037
f 2170 2038 2037
f 2170 2171 2038
f 2171 2039 2038
f 2171 2041 2039
f 2041 2040 2039
f 2171 2172 2041
f 2172 2042 2041
f 2172 2058 2042
f 2054 2173 2043
f 2173 2174 2043
f 2174 2045 2043
f 2045 2044 2043
f 2174 2175 2045
f 2175 2176 2045
f 2176 2046 2045
f 2176 2177 2046
f 2177 2047 2046
f 2177 2048 2047
f 2177 2178 2048
f 2178 2049 2048
f 2178 2179 2049
f 2179 2180 2049
f 2180 2181 2049
f 2181 2050 2049
f 2181 2051 2050
f 2181 2182 2051
f 2182 2163 2051
f 2057 2183 2052
f 2183 2184 2052
f 2184 2185 2052
f 2185 2053 2052
f 2185 2173 2053
f 2173 2054 2053
f 2072 2186 2055
f 2186 2187 2055
f 2187 2188 2055
f 2188 2056 2055
f 2188 2183 2056
f 2183 2057 2056
f 2172 2189 2058
f 2189 2190 2058
f 2190 2191 2058
f 2191 2059 2058
f 2191 2060 2059
f 2191 2192 2060
f 2192 2193 2060
f 2193 2194 2060
f 2194 2061 2060
f 2194 2195 2061
f 2195 2196 2061
f 2196 2063 2061
f 2063 2062 2061
f 2196 2197 2063
f 2197 2198 2063
f 2198 2066 2063
f 2066 2064 2063
f 2198 2199 2066
f 2199 2200 2066
f 2200 2201 2066
f 2201 2069 2066
f 2069 2067 2066
f 2069 2068 2067
f 2201 2202 2069
f 2202 2203 2069
f 2203 2070 2069
f 2203 2204 2070
f 2204 2072 2070
f 2072 2071 2070
f 2204 2205 2072
f 2205 2206 2072
f 2206 2186 2072
f 2082 2207 2073
f 2207 2208 2073
f 2208 2074 2073
f 2208 2209 2074
f 2209 2210 2074
f 2210 2076 2074
f 2076 2075 2074
f 2210 2211 2076
f 2211 2212 2076
f 2212 2077 2076
f 2212 2213 2077
f 2213 2078 2077
f 2213 2214 2078
f 2214 2079 2078
f 2214 2081 2079
f 2081 2080 2079
f 2214 2215 2081
f 2215 2216 2081
f 2216 2088 2081
f 2217 2207 2082
f 2218 2217 2082
f 2219 2218 2082
f 2083 2219 2082
f 2084 2219 2083
f 2220 2219 2084
f 2221 2220 2084
f 2085 2221 2084
f 2222 2221 2085
f 2087 2222 2085
f 2086 2087 2085
f 2223 2222 2087
f 2224 2223 2087
f 2090 2224 2087
f 2089 2090 2087
f 2216 2167 2088
f 2225 2224 2090
f 2226 2225 2090
f 2091 2226 2090
f 2227 2226 2091
f 2228 2227 2091
f 2229 2228 2091
f 2092 2229 2091
f 2230 2229 2092
f 2093 2230 2092
f 2094 2230 2093
f 2231 2230 2094
f 2232 2231 2094
f 2095 2232 2094
f 2096 2232 2095
f 2233 2232 2096
f 2097 2233 2096
f 2234 2233 2097
f 2098 2234 2097
f 2235 2234 2098
f 2236 2235 2098
f 2099 2236 2098
f 2101 2236 2099
f 2100 2101 2099
f 2237 2236 2101
f 2238 2237 2101
f 2102 2238 2101
f 2239 2238 2102
f 2104 2239 2102
f 2103 2104 2102
f 2240 2239 2104
f 2106 2240 2104
f 2105 2106 2104
f 2241 2240 2106
f 2242 2241 2106
f 2107 2242 2106
f 2243 2242 2107
f 2108 2243 2107
f 2244 2243 2108
f 2245 2244 2108
f 2109 2245 2108
f 2246 2245 2109
f 2110 2246 2109
f 2247 2246 2110
f 2112 2247 2110
f 2111 2112 2110
f 2248 2247 2112
f 2249 2248 2112
f 2114 2249 2112
f 2113 2114 2112
f 2250 2249 2114
f 2251 2250 2114
f 2115 2251 2114
f 2252 2251 2115
f 2116 2252 2115
f 2253 2252 2116
f 2117 2253 2116
f 2254 2253 2117
f 2118 2254 2117
f 2255 2254 2118
f 2119 2255 2118
f 2256 2255 2119
f 2120 2256 2119
f 2257 2256 2120
f 2122 2257 2120
f 2121 2122 2120
f 2258 2257 2122
f 2259 2258 2122
f 2123 2259 2122
f 2260 2259 2123
f 2124 2260 2123
f 2261 2260 2124
f 2262 2261 2124
f 2125 2262 2124
f 2127 2262 2125
f 2126 2127 2125
f 2263 2262 2127
f 2264 2263 2127
f 2128 2264 2127
f 2265 2264 2128
f 2129 2265 2128
f 2266 2265 2129
f 2267 2266 2129
f 2130 2267 2129
f 2268 2267 2130
f 2131 2268 2130
f 2269 2268 2131
f 2132 2269 2131
f 2270 2269 2132
f 2133 2270 2132
f 2271 2270 2133
f 2134 2271 2133
f 2135 2271 2134
f 2272 2271 2135
f 2273 2272 2135
f 2137 2273 2135
f 2136 2137 2135
f 2274 2273 2137
f 2275 2274 2137
f 2276 2275 2137
f 2138 2276 2137
f 2139 2276 2138
f 2277 2276 2139
f 2278 2277 2139
f 2140 2278 2139
f 2279 2278 2140
f 2142 2279 2140
f 2141 2142 2140
f 2280 2279 2142
f 2281 2280 2142
f 2282 2281 2142
f 2143 2282 2142
f 2283 2282 2143
f 2144 2283 2143
f 2284 2283 2144
f 2285 2284 2144
f 2145 2285 2144
f 2146 2285 2145
f 2286 2285 2146
f 2147 2286 2146
f 2287 2286 2147
f 2148 2287 2147
f 2288 2287 2148
f 2149 2288 2148
f 2289 2288 2149
f 2150 2289 2149
f 2290 2289 2150
f 2151 2290 2150
f 2291 2290 2151
f 2152 2291 2151
f 2153 2291 2152
f 2292 2291 2153
f 2293 2292 2153
f 2294 2293 2153
f 2154 2294 2153
f 2295 2294 2154
f 2155 2295 2154
f 2296 2295 2155
f 2156 2296 2155
f 2297 2296 2156
f 2157 2297 2156
f 2298 2297 2157
f 2299 2298 2157
f 2158 2299 2157
f 2300 2299 2158
f 2159 2300 2158
f 2160 2300 2159
f 2161 2301 2160
f 2301 2300 2160
f 2162 2301 2161
f 2166 2302 2162
f 2302 2301 2162
f 2182 2303 2163
f 2303 2164 2163
f 2303 2304 2164
f 2304 2165 2164
f 2304 2305 2165
f 2305 2166 2165
f 2305 2306 2166
f 2306 2302 2166
f 2216 2307 2167
f 2307 2308 2167
f 2308 2309 2167
f 2309 2168 2167
f 2309 2310 2168
f 2310 2169 2168
f 2310 2311 2169
f 2311 2171 2169
f 2171 2170 2169
f 2311 2312 2171
f 2312 2313 2171
f 2313 2189 2171
f 2189 2172 2171
f 2185 2314 2173
f 2314 2315 2173
f 2315 2174 2173
f 2315 2316 2174
f 2316 2317 2174
f 2317 2175 2174
f 2317 2176 2175
f 2317 2318 2176
f 2318 2319 2176
f 2319 2178 2176
f 2178 2177 2176
f 2319 2320 2178
f 2320 2179 2178
f 2320 2321 2179
f 2321 2322 2179
f 2322 2180 2179
f 2322 2182 2180
f 2182 2181 2180
f 2322 2303 2182
f 2188 2187 2183
f 2187 2323 2183
f 2323 2324 2183
f 2324 2325 2183
f 2325 2184 2183
f 2325 2314 2184
f 2314 2185 2184
f 2206 2326 2186
f 2326 2327 2186
f 2327 2187 2186
f 2327 2324 2187
f 2324 2323 2187
f 2313 2328 2189
f 2328 2329 2189
f 2329 2330 2189
f 2330 2190 2189
f 2330 2192 2190
f 2192 2191 2190
f 2330 2331 2192
f 2331 2332 2192
f 2332 2194 2192
f 2192 2194 2193
f 2332 2333 2194
f 2333 2334 2194
f 2334 2195 2194
f 2334 2197 2195
f 2197 2196 2195
f 2334 2335 2197
f 2335 2336 2197
f 2336 2337 2197
f 2337 2199 2197
f 2199 2198 2197
f 2337 2200 2199
f 2337 2338 2200
f 2338 2339 2200
f 2339 2201 2200
f 2339 2340 2201
f 2340 2202 2201
f 2340 2341 2202
f 2341 2203 2202
f 2341 2342 2203
f 2342 2343 2203
f 2343 2204 2203
f 2343 2205 2204
f 2343 2344 2205
f 2344 2345 2205
f 2345 2206 2205
f 2345 2346 2206
f 2346 2326 2206
f 2347 2208 2207
f 2348 2347 2207
f 2217 2348 2207
f 2349 2209 2208
f 2350 2349 2208
f 2351 2350 2208
f 2352 2351 2208
f 2347 2352 2208
f 2349 2353 2209
f 2353 2210 2209
f 2353 2354 2210
f 2354 2211 2210
f 2354 2355 2211
f 2355 2213 2211
f 2213 2212 2211
f 2355 2356 2213
f 2356 2215 2213
f 2215 2214 2213
f 2356 2357 2215
f 2357 2358 2215
f 2358 2216 2215
f 2358 2359 2216
f 2359 2307 2216
f 2360 2348 2217
f 2361 2360 2217
f 2362 2361 2217
f 2218 2362 2217
f 2363 2362 2218
f 2219 2363 2218
f 2364 2363 2219
f 2220 2364 2219
f 2365 2364 2220
f 2222 2365 2220
f 2221 2222 2220
f 2366 2365 2222
f 2224 2366 2222
f 2223 2224 2222
f 2367 2366 2224
f 2225 2367 2224
f 2227 2367 2225
f 2226 2227 2225
f 2368 2367 2227
f 2369 2368 2227
f 2370 2369 2227
f 2228 2370 2227
f 2229 2370 2228
f 2371 2370 2229
f 2230 2371 2229
f 2372 2371 2230
f 2231 2372 2230
f 2373 2372 2231
f 2232 2373 2231
f 2374 2373 2232
f 2233 2374 2232
f 2375 2374 2233
f 2234 2375 2233
f 2376 2375 2234
f 2377 2376 2234
f 2378 2377 2234
f 2235 2378 2234
f 2379 2378 2235
f 2237 2379 2235
f 2236 2237 2235
f 2380 2379 2237
f 2381 2380 2237
f 2382 2381 2237
f 2238 2382 2237
f 2383 2382 2238
f 2240 2383 2238
f 2239 2240 2238
f 2384 2383 2240
f 2241 2384 2240
f 2385 2384 2241
f 2242 2385 2241
f 2386 2385 2242
f 2243 2386 2242
f 2387 2386 2243
f 2388 2387 2243
f 2244 2388 2243
f 2389 2388 2244
f 2245 2389 2244
f 2390 2389 2245
f 2246 2390 2245
f 2391 2390 2246
f 2248 2391 2246
f 2247 2248 2246
f 2392 2391 2248
f 2393 2392 2248
f 2250 2393 2248
f 2249 2250 2248
f 2394 2393 2250
f 2395 2394 2250
f 2251 2395 2250
f 2396 2395 2251
f 2252 2396 2251
f 2397 2396 2252
f 2253 2397 2252
f 2398 2397 2253
f 2254 2398 2253
f 2399 2398 2254
f 2255 2399 2254
f 2400 2399 2255
f 2256 2400 2255
f 2401 2400 2256
f 2258 2401 2256
f 2257 2258 2256
f 2402 2401 2258
f 2403 2402 2258
f 2259 2403 2258
f 2404 2403 2259
f 2260 2404 2259
f 2405 2404 2260
f 2406 2405 2260
f 2261 2406 2260
f 2263 2406 2261
f 2262 2263 2261
f 2407 2406 2263
f 2408 2407 2263
f 2264 2408 2263
f 2409 2408 2264
f 2265 2409 2264
f 2410 2409 2265
f 2411 2410 2265
f 2266 2411 2265
f 2412 2411 2266
f 2267 2412 2266
f 2413 2412 2267
f 2268 2413 2267
f 2414 2413 2268
f 2269 2414 2268
f 2415 2414 2269
f 2270 2415 2269
f 2271 2415 2270
f 2416 2415 2271
f 2272 2416 2271
f 2417 2416 2272
f 2418 2417 2272
f 2274 2418 2272
f 2273 2274 2272
f 2419 2418 2274
f 2420 2419 2274
f 2275 2420 2274
f 2276 2420 2275
f 2421 2420 2276
f 2422 2421 2276
f 2277 2422 2276
f 2423 2422 2277
f 2278 2423 2277
f 2424 2423 2278
f 2280 2424 2278
f 2279 2280 2278
f 2425 2424 2280
f 2426 2425 2280
f 2427 2426 2280
f 2428 2427 2280
f 2281 2428 2280
f 2429 2428 2281
f 2282 2429 2281
f 2283 2429 2282
f 2430 2429 2283
f 2284 2430 2283
f 2431 2430 2284
f 2432 2431 2284
f 2285 2432 2284
f 2433 2432 2285
f 2286 2433 2285
f 2434 2433 2286
f 2287 2434 2286
f 2435 2434 2287
f 2288 2435 2287
f 2289 2435 2288
f 2436 2435 2289
f 2290 2436 2289
f 2437 2436 2290
f 2291 2437 2290
f 2438 2437 2291
f 2292 2438 2291
f 2439 2438 2292
f 2293 2439 2292
f 2440 2439 2293
f 2294 2440 2293
f 2441 2440 2294
f 2295 2441 2294
f 2442 2441 2295
f 2443 2442 2295
f 2296 2443 2295
f 2297 2443 2296
f 2444 2443 2297
f 2298 2444 2297
f 2445 2444 2298
f 2299 2445 2298
f 2300 2446 2299
f 2446 2445 2299
f 2301 2447 2300
f 2447 2446 2300
f 2302 2448 2301
f 2448 2447 2301
f 2306 2449 2302
f 2449 2448 2302
f 2322 2321 2303
f 2321 2450 2303
f 2450 2451 2303
f 2451 2452 2303
f 2452 2304 2303
f 2452 2453 2304
f 2453 2305 2304
f 2453 2306 2305
f 2453 2454 2306
f 2454 2455 2306
f 2455 2456 2306
f 2456 2449 2306
f 2359 2457 2307
f 2457 2458 2307
f 2458 2308 2307
f 2458 2459 2308
f 2459 2310 2308
f 2310 2309 2308
f 2459 2460 2310
f 2460 2461 2310
f 2461 2312 2310
f 2312 2311 2310
f 2461 2462 2312
f 2462 2463 2312
f 2463 2328 2312
f 2328 2313 2312
f 2325 2464 2314
f 2464 2465 2314
f 2465 2466 2314
f 2466 2315 2314
f 2466 2467 2315
f 2467 2468 2315
f 2468 2316 2315
f 2468 2469 2316
f 2469 2317 2316
f 2469 2318 2317
f 2469 2470 2318
f 2470 2471 2318
f 2471 2320 2318
f 2320 2319 2318
f 2471 2472 2320
f 2472 2450 2320
f 2450 2321 2320
f 2327 2473 2324
f 2473 2474 2324
f 2474 2475 2324
f 2475 2325 2324
f 2475 2476 2325
f 2476 2464 2325
f 2346 2477 2326
f 2477 2473 2326
f 2473 2327 2326
f 2463 2478 2328
f 2478 2479 2328
f 2479 2480 2328
f 2480 2481 2328
f 2481 2330 2328
f 2330 2329 2328
f 2481 2331 2330
f 2481 2482 2331
f 2482 2483 2331
f 2483 2332 2331
f 2483 2484 2332
f 2484 2485 2332
f 2485 2486 2332
f 2486 2487 2332
f 2487 2333 2332
f 2487 2334 2333
f 2487 2488 2334
f 2488 2489 2334
f 2489 2336 2334
f 2336 2335 2334
f 2489 2490 2336
f 2490 2491 2336
f 2491 2492 2336
f 2492 2493 2336
f 2493 2494 2336
f 2494 2337 2336
f 2494 2338 2337
f 2494 2339 2338
f 2494 2495 2339
f 2495 2496 2339
f 2496 2497 2339
f 2497 2340 2339
f 2497 2498 2340
f 2498 2341 2340
f 2498 2499 2341
f 2499 2500 2341
f 2500 2342 2341
f 2500 2344 2342
f 2344 2343 2342
f 2500 2499 2344
f 2499 2501 2344
f 2501 2502 2344
f 2502 2345 2344
f 2502 2346 2345
f 2502 2503 2346
f 2503 2504 2346
f 2504 2505 2346
f 2505 2506 2346
f 2506 2477 2346
f 2360 2352 2347
f 2348 2360 2347
f 2350 2507 2349
f 2507 2508 2349
f 2508 2509 2349
f 2509 2510 2349
f 2510 2353 2349
f 2351 2511 2350
f 2511 2512 2350
f 2512 2507 2350
f 2513 2511 2351
f 2514 2513 2351
f 2352 2514 2351
f 2513 2514 2352
f 2515 2513 2352
f 2516 2515 2352
f 2517 2516 2352
f 2518 2517 2352
f 2519 2518 2352
f 2360 2519 2352
f 2510 2520 2353
f 2520 2521 2353
f 2521 2354 2353
f 2521 2356 2354
f 2356 2355 2354
f 2521 2522 2356
f 2522 2357 2356
f 2522 2523 2357
f 2523 2358 2357
f 2523 2524 2358
f 2524 2525 2358
f 2525 2359 2358
f 2525 2526 2359
f 2526 2527 2359
f 2527 2458 2359
f 2458 2457 2359
f 2362 2528 2361
f 2528 2529 2361
f 2529 2530 2361
f 2530 2360 2361
f 2363 2528 2362
f 2365 2528 2363
f 2364 2365 2363
f 2531 2528 2365
f 2532 2531 2365
f 2367 2532 2365
f 2366 2367 2365
f 2533 2532 2367
f 2368 2533 2367
f 2534 2533 2368
f 2369 2534 2368
f 2535 2534 2369
f 2370 2535 2369
f 2536 2535 2370
f 2371 2536 2370
f 2537 2536 2371
f 2372 2537 2371
f 2373 2537 2372
f 2538 2537 2373
f 2374 2538 2373
f 2539 2538 2374
f 2375 2539 2374
f 2540 2539 2375
f 2376 2540 2375
f 2541 2540 2376
f 2542 2541 2376
f 2543 2542 2376
f 2377 2543 2376
f 2379 2543 2377
f 2378 2379 2377
f 2544 2543 2379
f 2380 2544 2379
f 2545 2544 2380
f 2546 2545 2380
f 2382 2546 2380
f 2381 2382 2380
f 2547 2546 2382
f 2384 2547 2382
f 2383 2384 2382
f 2548 2547 2384
f 2549 2548 2384
f 2385 2549 2384
f 2386 2549 2385
f 2550 2549 2386
f 2551 2550 2386
f 2552 2551 2386
f 2387 2552 2386
f 2553 2552 2387
f 2388 2553 2387
f 2554 2553 2388
f 2389 2554 2388
f 2555 2554 2389
f 2390 2555 2389
f 2556 2555 2390
f 2392 2556 2390
f 2391 2392 2390
f 2557 2556 2392
f 2558 2557 2392
f 2394 2558 2392
f 2393 2394 2392
f 2559 2558 2394
f 2560 2559 2394
f 2395 2560 2394
f 2561 2560 2395
f 2396 2561 2395
f 2562 2561 2396
f 2397 2562 2396
f 2563 2562 2397
f 2398 2563 2397
f 2564 2563 2398
f 2399 2564 2398
f 2565 2564 2399
f 2400 2565 2399
f 2566 2565 2400
f 2402 2566 2400
f 2401 2402 2400
f 2567 2566 2402
f 2568 2567 2402
f 2403 2568 2402
f 2569 2568 2403
f 2404 2569 2403
f 2570 2569 2404
f 2571 2570 2404
f 2405 2571 2404
f 2407 2571 2405
f 2406 2407 2405
f 2572 2571 2407
f 2573 2572 2407
f 2408 2573 2407
f 2574 2573 2408
f 2409 2574 2408
f 2575 2574 2409
f 2576 2575 2409
f 2410 2576 2409
f 2577 2576 2410
f 2411 2577 2410
f 2578 2577 2411
f 2412 2578 2411
f 2579 2578 2412
f 2413 2579 2412
f 2580 2579 2413
f 2414 2580 2413
f 2416 2580 2414
f 2415 2416 2414
f 2581 2580 2416
f 2582 2581 2416
f 2417 2582 2416
f 2583 2582 2417
f 2584 2583 2417
f 2419 2584 2417
f 2418 2419 2417
f 2585 2584 2419
f 2421 2585 2419
f 2420 2421 2419
f 2586 2585 2421
f 2587 2586 2421
f 2588 2587 2421
f 2422 2588 2421
f 2423 2588 2422
f 2589 2588 2423
f 2590 2589 2423
f 2425 2590 2423
f 2424 2425 2423
f 2591 2590 2425
f 2592 2591 2425
f 2593 2592 2425
f 2426 2593 2425
f 2594 2593 2426
f 2595 2594 2426
f 2427 2595 2426
f 2428 2595 2427
f 2596 2595 2428
f 2429 2596 2428
f 2597 2596 2429
f 2430 2597 2429
f 2598 2597 2430
f 2431 2598 2430
f 2599 2598 2431
f 2600 2599 2431
f 2432 2600 2431
f 2601 2600 2432
f 2433 2601 2432
f 2602 2601 2433
f 2434 2602 2433
f 2435 2602 2434
f 2603 2602 2435
f 2604 2603 2435
f 2436 2604 2435
f 2605 2604 2436
f 2437 2605 2436
f 2606 2605 2437
f 2438 2606 2437
f 2607 2606 2438
f 2439 2607 2438
f 2608 2607 2439
f 2609 2608 2439
f 2440 2609 2439
f 2441 2609 2440
f 2610 2609 2441
f 2442 2610 2441
f 2611 2610 2442
f 2612 2611 2442
f 2443 2612 2442
f 2444 2612 2443
f 2613 2612 2444
f 2614 2613 2444
f 2445 2614 2444
f 2446 2614 2445
f 2447 2615 2446
f 2615 2616 2446
f 2616 2614 2446
f 2448 2617 2447
f 2617 2615 2447
f 2449 2618 2448
f 2618 2619 2448
f 2619 2617 2448
f 2456 2620 2449
f 2620 2618 2449
f 2472 2621 2450
f 2621 2622 2450
f 2622 2623 2450
f 2623 2451 2450
f 2623 2453 2451
f 2453 2452 2451
f 2623 2454 2453
f 2623 2624 2454
f 2624 2625 2454
f 2625 2455 2454
f 2625 2456 2455
f 2625 2626 2456
f 2626 2627 2456
f 2627 2628 2456
f 2628 2629 2456
f 2629 2620 2456
f 2527 2630 2458
f 2630 2460 2458
f 2460 2459 2458
f 2630 2631 2460
f 2631 2632 2460
f 2632 2633 2460
f 2633 2634 2460
f 2460 2634 2461
f 2634 2462 2461
f 2634 2478 2462
f 2478 2463 2462
f 2476 2635 2464
f 2635 2636 2464
f 2636 2465 2464
f 2636 2467 2465
f 2467 2466 2465
f 2636 2637 2467
f 2637 2638 2467
f 2638 2639 2467
f 2639 2640 2467
f 2640 2468 2467
f 2640 2469 2468
f 2640 2470 2469
f 2640 2641 2470
f 2641 2642 2470
f 2642 2643 2470
f 2643 2644 2470
f 2644 2645 2470
f 2645 2472 2470
f 2472 2471 2470
f 2645 2646 2472
f 2646 2621 2472
f 2477 2506 2473
f 2506 2647 2473
f 2647 2474 2473
f 2647 2476 2474
f 2476 2648 2474
f 2648 2475 2474
f 2648 2476 2475
f 2647 2649 2476
f 2649 2650 2476
f 2650 2651 2476
f 2651 2635 2476
f 2634 2652 2478
f 2652 2479 2478
f 2652 2653 2479
f 2653 2654 2479
f 2654 2655 2479
f 2655 2656 2479
f 2656 2657 2479
f 2657 2480 2479
f 2480 2657 2481
f 2657 2656 2481
f 2656 2482 2481
f 2656 2658 2482
f 2658 2659 2482
f 2659 2485 2482
f 2485 2484 2482
f 2484 2483 2482
f 2659 2660 2485
f 2660 2661 2485
f 2661 2486 2485
f 2661 2488 2486
f 2488 2487 2486
f 2661 2662 2488
f 2662 2490 2488
f 2490 2489 2488
f 2662 2663 2490
f 2663 2492 2490
f 2492 2491 2490
f 2663 2664 2492
f 2664 2665 2492
f 2665 2666 2492
f 2666 2493 2492
f 2666 2495 2493
f 2495 2494 2493
f 2666 2667 2495
f 2667 2668 2495
f 2668 2496 2495
f 2668 2669 2496
f 2669 2497 2496
f 2669 2670 2497
f 2670 2498 2497
f 2670 2671 2498
f 2671 2672 2498
f 2672 2499 2498
f 2672 2501 2499
f 2672 2503 2501
f 2503 2502 2501
f 2672 2673 2503
f 2673 2674 2503
f 2674 2675 2503
f 2675 2676 2503
f 2676 2504 2503
f 2676 2677 2504
f 2677 2678 2504
f 2678 2505 2504
f 2678 2679 2505
f 2679 2506 2505
f 2679 2680 2506
f 2680 2647 2506
f 2512 2681 2507
f 2681 2508 2507
f 2682 2509 2508
f 2683 2682 2508
f 2684 2683 2508
f 2681 2684 2508
f 2682 2685 2509
f 2685 2520 2509
f 2520 2510 2509
f 2686 2512 2511
f 2513 2686 2511
f 2686 2687 2512
f 2687 2688 2512
f 2688 2689 2512
f 2689 2681 2512
f 2691 2690 2513
f 2515 2691 2513
f 2516 2691 2515
f 2692 2691 2516
f 2517 2692 2516
f 2693 2692 2517
f 2694 2693 2517
f 2695 2694 2517
f 2695 2529 2518
f 2529 2528 2518
f 2528 2696 2518
f 2696 2697 2518
f 2360 2697 2519
f 2685 2698 2520
f 2698 2522 2520
f 2522 2521 2520
f 2698 2699 2522
f 2699 2700 2522
f 2700 2523 2522
f 2700 2524 2523
f 2700 2701 2524
f 2701 2525 2524
f 2701 2702 2525
f 2702 2703 2525
f 2703 2704 2525
f 2704 2526 2525
f 2704 2705 2526
f 2705 2630 2526
f 2630 2527 2526
f 2695 2530 2529
f 2517 2360 2530
f 2695 2517 2530
f 2706 2528 2531
f 2533 2706 2531
f 2532 2533 2531
f 2707 2706 2533
f 2708 2707 2533
f 2709 2708 2533
f 2534 2709 2533
f 2710 2709 2534
f 2535 2710 2534
f 2711 2710 2535
f 2536 2711 2535
f 2537 2711 2536
f 2712 2711 2537
f 2713 2712 2537
f 2538 2713 2537
f 2539 2713 2538
f 2714 2713 2539
f 2540 2714 2539
f 2715 2714 2540
f 2716 2715 2540
f 2717 2716 2540
f 2541 2717 2540
f 2718 2717 2541
f 2544 2718 2541
f 2542 2544 2541
f 2543 2544 2542
f 2719 2718 2544
f 2720 2719 2544
f 2545 2720 2544
f 2721 2720 2545
f 2547 2721 2545
f 2546 2547 2545
f 2722 2721 2547
f 2548 2722 2547
f 2723 2722 2548
f 2549 2723 2548
f 2724 2723 2549
f 2550 2724 2549
f 2725 2724 2550
f 2726 2725 2550
f 2552 2726 2550
f 2551 2552 2550
f 2727 2726 2552
f 2728 2727 2552
f 2553 2728 2552
f 2729 2728 2553
f 2554 2729 2553
f 2730 2729 2554
f 2555 2730 2554
f 2731 2730 2555
f 2557 2731 2555
f 2556 2557 2555
f 2732 2731 2557
f 2733 2732 2557
f 2558 2733 2557
f 2734 2733 2558
f 2559 2734 2558
f 2735 2734 2559
f 2560 2735 2559
f 2736 2735 2560
f 2561 2736 2560
f 2737 2736 2561
f 2562 2737 2561
f 2738 2737 2562
f 2563 2738 2562
f 2739 2738 2563
f 2564 2739 2563
f 2740 2739 2564
f 2565 2740 2564
f 2741 2740 2565
f 2567 2741 2565
f 2566 2567 2565
f 2742 2741 2567
f 2743 2742 2567
f 2568 2743 2567
f 2744 2743 2568
f 2569 2744 2568
f 2745 2744 2569
f 2746 2745 2569
f 2570 2746 2569
f 2572 2746 2570
f 2571 2572 2570
f 2747 2746 2572
f 2748 2747 2572
f 2573 2748 2572
f 2749 2748 2573
f 2574 2749 2573
f 2750 2749 2574
f 2751 2750 2574
f 2575 2751 2574
f 2752 2751 2575
f 2576 2752 2575
f 2753 2752 2576
f 2577 2753 2576
f 2754 2753 2577
f 2578 2754 2577
f 2755 2754 2578
f 2579 2755 2578
f 2581 2755 2579
f 2580 2581 2579
f 2756 2755 2581
f 2757 2756 2581
f 2582 2757 2581
f 2758 2757 2582
f 2759 2758 2582
f 2583 2759 2582
f 2760 2759 2583
f 2585 2760 2583
f 2584 2585 2583
f 2761 2760 2585
f 2762 2761 2585
f 2586 2762 2585
f 2763 2762 2586
f 2587 2763 2586
f 2589 2763 2587
f 2588 2589 2587
f 2764 2763 2589
f 2765 2764 2589
f 2766 2765 2589
f 2591 2766 2589
f 2590 2591 2589
f 2767 2766 2591
f 2768 2767 2591
f 2769 2768 2591
f 2770 2769 2591
f 2592 2770 2591
f 2593 2770 2592
f 2771 2770 2593
f 2594 2771 2593
f 2772 2771 2594
f 2595 2772 2594
f 2773 2772 2595
f 2596 2773 2595
f 2774 2773 2596
f 2775 2774 2596
f 2597 2775 2596
f 2776 2775 2597
f 2598 2776 2597
f 2599 2776 2598
f 2777 2776 2599
f 2778 2777 2599
f 2600 2778 2599
f 2601 2778 2600
f 2779 2778 2601
f 2602 2779 2601
f 2780 2779 2602
f 2603 2780 2602
f 2604 2780 2603
f 2781 2780 2604
f 2605 2781 2604
f 2606 2781 2605
f 2782 2781 2606
f 2607 2782 2606
f 2783 2782 2607
f 2608 2783 2607
f 2609 2783 2608
f 2784 2783 2609
f 2785 2784 2609
f 2610 2785 2609
f 2611 2785 2610
f 2612 2786 2611
f 2786 2785 2611
f 2613 2787 2612
f 2787 2786 2612
f 2614 2788 2613
f 2788 2787 2613
f 2616 2789 2614
f 2789 2788 2614
f 2617 2790 2615
f 2790 2791 2615
f 2791 2792 2615
f 2792 2616 2615
f 2792 2789 2616
f 2619 2793 2617
f 2793 2790 2617
f 2620 2794 2618
f 2794 2793 2618
f 2793 2619 2618
f 2629 2795 2620
f 2795 2794 2620
f 2646 2796 2621
f 2796 2622 2621
f 2796 2624 2622
f 2624 2623 2622
f 2796 2797 2624
f 2797 2627 2624
f 2627 2626 2624
f 2626 2625 2624
f 2797 2798 2627
f 2798 2799 2627
f 2799 2628 2627
f 2799 2800 2628
f 2800 2801 2628
f 2801 2629 2628
f 2801 2802 2629
f 2802 2794 2629
f 2794 2795 2629
f 2705 2803 2630
f 2803 2631 2630
f 2803 2632 2631
f 2803 2804 2632
f 2804 2805 2632
f 2805 2806 2632
f 2806 2807 2632
f 2807 2633 2632
f 2807 2652 2633
f 2652 2634 2633
f 2651 2636 2635
f 2651 2808 2636
f 2808 2809 2636
f 2809 2637 2636
f 2809 2808 2637
f 2808 2638 2637
f 2808 2810 2638
f 2810 2639 2638
f 2810 2811 2639
f 2811 2642 2639
f 2642 2641 2639
f 2641 2640 2639
f 2811 2812 2642
f 2812 2813 2642
f 2813 2643 2642
f 2813 2646 2643
f 2646 2644 2643
f 2646 2645 2644
f 2813 2814 2646
f 2814 2796 2646
f 2680 2649 2647
f 2680 2815 2649
f 2815 2650 2649
f 2815 2816 2650
f 2816 2817 2650
f 2817 2651 2650
f 2817 2808 2651
f 2807 2806 2652
f 2806 2818 2652
f 2818 2653 2652
f 2818 2654 2653
f 2818 2819 2654
f 2819 2820 2654
f 2820 2821 2654
f 2821 2822 2654
f 2822 2656 2654
f 2656 2655 2654
f 2822 2658 2656
f 2822 2821 2658
f 2821 2823 2658
f 2823 2824 2658
f 2824 2659 2658
f 2824 2825 2659
f 2825 2660 2659
f 2825 2826 2660
f 2826 2661 2660
f 2826 2827 2661
f 2827 2662 2661
f 2827 2664 2662
f 2664 2663 2662
f 2827 2828 2664
f 2828 2829 2664
f 2829 2666 2664
f 2666 2665 2664
f 2829 2830 2666
f 2830 2831 2666
f 2831 2832 2666
f 2832 2667 2666
f 2832 2833 2667
f 2833 2668 2667
f 2833 2669 2668
f 2833 2834 2669
f 2834 2835 2669
f 2835 2836 2669
f 2836 2670 2669
f 2836 2837 2670
f 2837 2838 2670
f 2838 2671 2670
f 2673 2672 2671
f 2671 2674 2673
f 2671 2838 2674
f 2838 2839 2674
f 2839 2675 2674
f 2839 2840 2675
f 2840 2841 2675
f 2841 2842 2675
f 2842 2676 2675
f 2842 2843 2676
f 2843 2844 2676
f 2844 2677 2676
f 2844 2845 2677
f 2845 2678 2677
f 2845 2846 2678
f 2846 2679 2678
f 2846 2847 2679
f 2847 2680 2679
f 2847 2815 2680
f 2689 2684 2681
f 2683 2848 2682
f 2848 2849 2682
f 2849 2685 2682
f 2850 2848 2683
f 2851 2850 2683
f 2684 2851 2683
f 2689 2852 2684
f 2852 2853 2684
f 2853 2851 2684
f 2849 2699 2685
f 2699 2698 2685
f 2854 2687 2686
f 2513 2690 2686
f 2854 2688 2687
f 2855 2689 2688
f 2856 2855 2688
f 2690 2856 2688
f 2853 2852 2689
f 2857 2853 2689
f 2858 2857 2689
f 2855 2858 2689
f 2859 2856 2690
f 2691 2859 2690
f 2854 2686 2690
f 2688 2854 2690
f 2860 2691 2692
f 2861 2860 2692
f 2862 2861 2692
f 2863 2862 2692
f 2864 2863 2692
f 2693 2864 2692
f 2864 2693 2694
f 2865 2864 2694
f 2866 2865 2694
f 2867 2866 2694
f 2868 2867 2694
f 2695 2868 2694
f 2869 2868 2695
f 2360 2518 2697
f 2849 2870 2699
f 2870 2871 2699
f 2871 2700 2699
f 2871 2872 2700
f 2872 2701 2700
f 2872 2702 2701
f 2872 2873 2702
f 2873 2874 2702
f 2874 2875 2702
f 2875 2703 2702
f 2875 2876 2703
f 2876 2803 2703
f 2803 2704 2703
f 2803 2705 2704
f 2869 2528 2706
f 2867 2869 2706
f 2707 2867 2706
f 2877 2867 2707
f 2878 2877 2707
f 2879 2878 2707
f 2708 2879 2707
f 2880 2879 2708
f 2709 2880 2708
f 2710 2880 2709
f 2881 2880 2710
f 2711 2881 2710
f 2882 2881 2711
f 2712 2882 2711
f 2883 2882 2712
f 2884 2883 2712
f 2713 2884 2712
f 2714 2884 2713
f 2885 2884 2714
f 2715 2885 2714
f 2886 2885 2715
f 2887 2886 2715
f 2888 2887 2715
f 2889 2888 2715
f 2716 2889 2715
f 2717 2889 2716
f 2888 2889 2717
f 2890 2888 2717
f 2891 2890 2717
f 2718 2891 2717
f 2892 2891 2718
f 2719 2892 2718
f 2893 2892 2719
f 2720 2893 2719
f 2722 2893 2720
f 2721 2722 2720
f 2894 2893 2722
f 2723 2894 2722
f 2895 2894 2723
f 2724 2895 2723
f 2896 2895 2724
f 2897 2896 2724
f 2898 2897 2724
f 2725 2898 2724
f 2899 2898 2725
f 2727 2899 2725
f 2726 2727 2725
f 2900 2899 2727
f 2901 2900 2727
f 2728 2901 2727
f 2902 2901 2728
f 2729 2902 2728
f 2903 2902 2729
f 2730 2903 2729
f 2904 2903 2730
f 2732 2904 2730
f 2731 2732 2730
f 2905 2904 2732
f 2906 2905 2732
f 2733 2906 2732
f 2907 2906 2733
f 2734 2907 2733
f 2908 2907 2734
f 2735 2908 2734
f 2909 2908 2735
f 2736 2909 2735
f 2910 2909 2736
f 2737 2910 2736
f 2911 2910 2737
f 2738 2911 2737
f 2912 2911 2738
f 2739 2912 2738
f 2913 2912 2739
f 2914 2913 2739
f 2740 2914 2739
f 2742 2914 2740
f 2741 2742 2740
f 2915 2914 2742
f 2916 2915 2742
f 2743 2916 2742
f 2917 2916 2743
f 2744 2917 2743
f 2918 2917 2744
f 2919 2918 2744
f 2745 2919 2744
f 2747 2919 2745
f 2746 2747 2745
f 2920 2919 2747
f 2921 2920 2747
f 2748 2921 2747
f 2922 2921 2748
f 2749 2922 2748
f 2923 2922 2749
f 2924 2923 2749
f 2750 2924 2749
f 2925 2924 2750
f 2751 2925 2750
f 2926 2925 2751
f 2752 2926 2751
f 2927 2926 2752
f 2753 2927 2752
f 2928 2927 2753
f 2754 2928 2753
f 2756 2928 2754
f 2755 2756 2754
f 2929 2928 2756
f 2930 2929 2756
f 2757 2930 2756
f 2931 2930 2757
f 2932 2931 2757
f 2758 2932 2757
f 2759 2932 2758
f 2933 2932 2759
f 2934 2933 2759
f 2761 2934 2759
f 2760 2761 2759
f 2935 2934 2761
f 2936 2935 2761
f 2762 2936 2761
f 2763 2936 2762
f 2937 2936 2763
f 2938 2937 2763
f 2764 2938 2763
f 2765 2938 2764
f 2939 2938 2765
f 2940 2939 2765
f 2767 2940 2765
f 2766 2767 2765
f 2941 2940 2767
f 2942 2941 2767
f 2943 2942 2767
f 2768 2943 2767
f 2944 2943 2768
f 2769 2944 2768
f 2945 2944 2769
f 2770 2945 2769
f 2946 2945 2770
f 2771 2946 2770
f 2947 2946 2771
f 2772 2947 2771
f 2948 2947 2772
f 2773 2948 2772
f 2949 2948 2773
f 2774 2949 2773
f 2950 2949 2774
f 2775 2950 2774
f 2951 2950 2775
f 2776 2951 2775
f 2952 2951 2776
f 2777 2952 2776
f 2953 2952 2777
f 2778 2953 2777
f 2954 2953 2778
f 2779 2954 2778
f 2955 2954 2779
f 2956 2955 2779
f 2780 2956 2779
f 2781 2956 2780
f 2957 2956 2781
f 2958 2957 2781
f 2782 2958 2781
f 2959 2958 2782
f 2783 2959 2782
f 2960 2959 2783
f 2961 2960 2783
f 2784 2961 2783
f 2785 2962 2784
f 2962 2961 2784
f 2786 2963 2785
f 2963 2962 2785
f 2787 2964 2786
f 2964 2963 2786
f 2788 2964 2787
f 2789 2965 2788
f 2965 2966 2788
f 2966 2964 2788
f 2792 2791 2789
f 2791 2967 2789
f 2967 2968 2789
f 2968 2965 2789
f 2793 2969 2790
f 2969 2967 2790
f 2967 2791 2790
f 2794 2970 2793
f 2970 2969 2793
f 2802 2971 2794
f 2971 2972 2794
f 2972 2970 2794
f 2814 2973 2796
f 2973 2797 2796
f 2973 2974 2797
f 2974 2798 2797
f 2974 2975 2798
f 2975 2799 2798
f 2975 2976 2799
f 2976 2800 2799
f 2976 2977 2800
f 2977 2978 2800
f 2978 2802 2800
f 2802 2801 2800
f 2978 2979 2802
f 2979 2971 2802
f 2876 2980 2803
f 2980 2804 2803
f 2980 2981 2804
f 2981 2982 2804
f 2982 2806 2804
f 2806 2805 2804
f 2982 2983 2806
f 2983 2818 2806
f 2817 2984 2808
f 2984 2985 2808
f 2985 2810 2808
f 2985 2986 2810
f 2986 2987 2810
f 2987 2811 2810
f 2987 2988 2811
f 2988 2989 2811
f 2989 2812 2811
f 2989 2990 2812
f 2990 2813 2812
f 2990 2991 2813
f 2991 2973 2813
f 2973 2814 2813
f 2847 2992 2815
f 2992 2993 2815
f 2993 2994 2815
f 2994 2816 2815
f 2994 2995 2816
f 2995 2817 2816
f 2995 2996 2817
f 2985 2984 2817
f 2983 2997 2818
f 2997 2819 2818
f 2997 2998 2819
f 2998 2999 2819
f 2999 2820 2819
f 2999 3000 2820
f 3000 2821 2820
f 3000 3001 2821
f 3001 2823 2821
f 3001 2824 2823
f 3001 3002 2824
f 3002 3003 2824
f 3003 2825 2824
f 3003 3004 2825
f 3004 3005 2825
f 3005 3006 2825
f 3006 2826 2825
f 3006 3007 2826
f 3007 2827 2826
f 3007 3008 2827
f 3008 2828 2827
f 3008 3009 2828
f 3009 2830 2828
f 2830 2829 2828
f 3009 2831 2830
f 3009 3010 2831
f 3010 3011 2831
f 3011 3012 2831
f 3012 2832 2831
f 3012 2833 2832
f 3012 3013 2833
f 3013 3014 2833
f 3014 3015 2833
f 3015 3016 2833
f 2833 3016 2834
f 3016 2835 2834
f 3016 3017 2835
f 3017 3018 2835
f 3018 2836 2835
f 3018 3019 2836
f 3019 2839 2836
f 2839 2837 2836
f 2839 2838 2837
f 3019 3020 2839
f 3020 2840 2839
f 3020 3021 2840
f 3021 3022 2840
f 3022 3023 2840
f 3023 3024 2840
f 3024 2841 2840
f 3024 3025 2841
f 3025 2843 2841
f 2843 2842 2841
f 3025 3026 2843
f 3026 3027 2843
f 3027 2844 2843
f 3027 3028 2844
f 3028 2845 2844
f 3028 3029 2845
f 3029 3030 2845
f 3030 2846 2845
f 3030 2847 2846
f 3030 2992 2847
f 2850 3031 2848
f 3031 2870 2848
f 2870 2849 2848
f 2851 3032 2850
f 3032 3033 2850
f 3033 3034 2850
f 3034 2871 2850
f 2871 3031 2850
f 3035 3032 2851
f 3036 3035 2851
f 3037 3036 2851
f 2853 3037 2851
f 2857 3037 2853
f 2856 2858 2855
f 3038 2858 2856
f 3039 3038 2856
f 2860 3039 2856
f 2691 2860 2856
f 2859 2691 2856
f 3041 3040 2857
f 2858 3041 2857
f 3042 3041 2858
f 3038 3042 2858
f 3043 3039 2860
f 2861 3043 2860
f 3039 3043 2861
f 3044 3039 2861
f 2863 3044 2861
f 2862 2863 2861
f 3044 2863 2864
f 3045 3044 2864
f 3046 3045 2864
f 2865 3046 2864
f 3047 2865 2866
f 2877 3047 2866
f 2867 2877 2866
f 2868 2869 2867
f 2695 2528 2869
f 3031 2871 2870
f 3034 3048 2871
f 3048 3049 2871
f 3049 2872 2871
f 3049 3050 2872
f 3050 2873 2872
f 3050 3051 2873
f 3051 3052 2873
f 3052 2874 2873
f 3052 3053 2874
f 3053 2876 2874
f 2876 2875 2874
f 3053 3054 2876
f 3054 2980 2876
f 2878 3047 2877
f 3055 3047 2878
f 3056 3055 2878
f 2879 3056 2878
f 3057 3056 2879
f 2880 3057 2879
f 3058 3057 2880
f 2881 3058 2880
f 2882 3058 2881
f 3059 3058 2882
f 2883 3059 2882
f 2884 3059 2883
f 3060 3059 2884
f 2885 3060 2884
f 3061 3060 2885
f 2886 3061 2885
f 3062 3061 2886
f 3063 3062 2886
f 3064 3063 2886
f 2887 3064 2886
f 3065 3064 2887
f 3066 3065 2887
f 2888 3066 2887
f 3067 3066 2888
f 2890 3067 2888
f 3068 3067 2890
f 2892 3068 2890
f 2891 2892 2890
f 3069 3068 2892
f 2894 3069 2892
f 2893 2894 2892
f 3070 3069 2894
f 3071 3070 2894
f 2895 3071 2894
f 3072 3071 2895
f 2896 3072 2895
f 3073 3072 2896
f 3074 3073 2896
f 2898 3074 2896
f 2897 2898 2896
f 3075 3074 2898
f 3076 3075 2898
f 2900 3076 2898
f 2899 2900 2898
f 3077 3076 2900
f 3078 3077 2900
f 2901 3078 2900
f 3079 3078 2901
f 2902 3079 2901
f 3080 3079 2902
f 2903 3080 2902
f 3081 3080 2903
f 2905 3081 2903
f 2904 2905 2903
f 3082 3081 2905
f 3083 3082 2905
f 2906 3083 2905
f 3084 3083 2906
f 2907 3084 2906
f 3085 3084 2907
f 2908 3085 2907
f 3086 3085 2908
f 2909 3086 2908
f 3087 3086 2909
f 2910 3087 2909
f 3088 3087 2910
f 2911 3088 2910
f 3089 3088 2911
f 2912 3089 2911
f 3090 3089 2912
f 3091 3090 2912
f 2913 3091 2912
f 2915 3091 2913
f 2914 2915 2913
f 3092 3091 2915
f 3093 3092 2915
f 2916 3093 2915
f 3094 3093 2916
f 2917 3094 2916
f 3095 3094 2917
f 3096 3095 2917
f 2918 3096 2917
f 2920 3096 2918
f 2919 2920 2918
f 3097 3096 2920
f 3098 3097 2920
f 2922 3098 2920
f 2921 2922 2920
f 3099 3098 2922
f 3100 3099 2922
f 3101 3100 2922
f 2923 3101 2922
f 3102 3101 2923
f 2924 3102 2923
f 3103 3102 2924
f 2925 3103 2924
f 3104 3103 2925
f 2926 3104 2925
f 3105 3104 2926
f 2927 3105 2926
f 2929 3105 2927
f 2928 2929 2927
f 3106 3105 2929
f 3107 3106 2929
f 2930 3107 2929
f 3108 3107 2930
f 3109 3108 2930
f 2931 3109 2930
f 2932 3109 2931
f 3110 3109 2932
f 2933 3110 2932
f 3111 3110 2933
f 3112 3111 2933
f 2935 3112 2933
f 2934 2935 2933
f 3113 3112 2935
f 2936 3113 2935
f 3114 3113 2936
f 2937 3114 2936
f 3115 3114 2937
f 3116 3115 2937
f 2938 3116 2937
f 2939 3116 2938
f 2940 2941 2939
f 3118 3117 2941
f 2942 3118 2941
f 3119 3118 2942
f 2943 3119 2942
f 3120 3119 2943
f 3121 3120 2943
f 2944 3121 2943
f 2945 3121 2944
f 3122 3121 2945
f 2946 3122 2945
f 3123 3122 2946
f 2947 3123 2946
f 3124 3123 2947
f 2948 3124 2947
f 3125 3124 2948
f 3126 3125 2948
f 2949 3126 2948
f 3127 3126 2949
f 2950 3127 2949
f 3128 3127 2950
f 2951 3128 2950
f 3129 3128 2951
f 2952 3129 2951
f 3130 3129 2952
f 2953 3130 2952
f 2954 3130 2953
f 3131 3130 2954
f 2955 3131 2954
f 3132 3131 2955
f 2956 3132 2955
f 3133 3132 2956
f 2957 3133 2956
f 2958 3133 2957
f 3134 3133 2958
f 2959 3134 2958
f 3135 3134 2959
f 3136 3135 2959
f 2960 3136 2959
f 3137 3136 2960
f 2961 3137 2960
f 2962 3137 2961
f 2963 3138 2962
f 3138 3137 2962
f 2964 2966 2963
f 2966 3138 2963
f 2968 3139 2965
f 3139 3140 2965
f 3140 3141 2965
f 3141 2966 2965
f 3141 3142 2966
f 3142 3138 2966
f 2969 2968 2967
f 2969 3143 2968
f 3143 3144 2968
f 3144 3139 2968
f 2970 3145 2969
f 3145 3143 2969
f 2972 3146 2970
f 3146 3145 2970
f 2979 3147 2971
f 3147 3148 2971
f 3148 3146 2971
f 3146 2972 2971
f 2991 3149 2973
f 3149 3150 2973
f 3150 2974 2973
f 3150 3151 2974
f 3151 2975 2974
f 3151 3152 2975
f 3152 2976 2975
f 3152 3153 2976
f 3153 3154 2976
f 3154 2977 2976
f 3154 3155 2977
f 2979 2978 2977
f 3156 3157 2979
f 3157 3147 2979
f 3054 3158 2980
f 3158 2981 2980
f 3158 3159 2981
f 3159 3160 2981
f 3160 3161 2981
f 3161 2983 2981
f 2983 2982 2981
f 3161 2997 2983
f 2817 2996 2985
f 2996 2986 2985
f 2996 3162 2986
f 3162 3163 2986
f 3163 3164 2986
f 3164 2987 2986
f 3164 3165 2987
f 3165 2988 2987
f 3165 3166 2988
f 3166 2989 2988
f 3166 2990 2989
f 3166 3167 2990
f 3167 3168 2990
f 3168 2991 2990
f 3168 3149 2991
f 3030 3029 2992
f 3029 3169 2992
f 3169 3170 2992
f 3170 3171 2992
f 3171 2993 2992
f 3171 3172 2993
f 3172 2994 2993
f 3172 3173 2994
f 3173 2996 2994
f 2996 2995 2994
f 3173 3162 2996
f 2997 3174 2998
f 3174 3175 2998
f 3175 3176 2998
f 3176 2999 2998
f 3176 3177 2999
f 3177 3000 2999
f 3177 3178 3000
f 3000 3178 3001
f 3178 3002 3001
f 3002 3179 3003
f 3179 3180 3003
f 3003 3180 3004
f 3180 3005 3004
f 3180 3181 3005
f 3181 3182 3005
f 3182 3006 3005
f 3182 3007 3006
f 3182 3183 3007
f 3183 3184 3007
f 3184 3185 3007
f 3185 3008 3007
f 3185 3010 3008
f 3010 3009 3008
f 3185 3186 3010
f 3186 3187 3010
f 3187 3014 3010
f 3014 3011 3010
f 3014 3013 3011
f 3013 3012 3011
f 3187 3188 3014
f 3188 3189 3014
f 3189 3190 3014
f 3190 3016 3014
f 3016 3015 3014
f 3190 3017 3016
f 3190 3191 3017
f 3191 3192 3017
f 3192 3193 3017
f 3193 3018 3017
f 3193 3194 3018
f 3194 3022 3018
f 3022 3019 3018
f 3022 3021 3019
f 3021 3020 3019
f 3194 3195 3022
f 3195 3023 3022
f 3195 3196 3023
f 3196 3197 3023
f 3197 3024 3023
f 3197 3198 3024
f 3198 3199 3024
f 3199 3025 3024
f 3199 3200 3025
f 3200 3026 3025
f 3200 3201 3026
f 3201 3027 3026
f 3201 3202 3027
f 3202 3029 3027
f 3029 3028 3027
f 3202 3203 3029
f 3203 3169 3029
f 3204 3033 3032
f 3205 3204 3032
f 3206 3205 3032
f 3035 3206 3032
f 3204 3048 3033
f 3048 3034 3033
f 3207 3206 3035
f 3208 3207 3035
f 3209 3208 3035
f 3036 3209 3035
f 3040 3209 3036
f 2857 3040 3036
f 3037 2857 3036
f 3210 3042 3038
f 3211 3210 3038
f 3039 3211 3038
f 3212 3209 3040
f 3213 3212 3040
f 3214 3213 3040
f 3042 3214 3040
f 3041 3042 3040
f 3215 3214 3042
f 3210 3215 3042
f 3216 3044 3045
f 3217 3216 3045
f 3218 3217 3045
f 3046 3218 3045
f 3219 3218 3046
f 3220 3219 3046
f 3047 3220 3046
f 2865 3047 3046
f 3055 3220 3047
f 3204 3221 3048
f 3221 3222 3048
f 3222 3049 3048
f 3222 3223 3049
f 3223 3050 3049
f 3223 3224 3050
f 3224 3225 3050
f 3225 3051 3050
f 3225 3226 3051
f 3226 3052 3051
f 3226 3054 3052
f 3054 3053 3052
f 3226 3227 3054
f 3227 3228 3054
f 3228 3229 3054
f 3229 3159 3054
f 3159 3158 3054
f 3230 3220 3055
f 3231 3230 3055
f 3232 3231 3055
f 3056 3232 3055
f 3057 3232 3056
f 3233 3232 3057
f 3234 3233 3057
f 3058 3234 3057
f 3059 3234 3058
f 3235 3234 3059
f 3060 3235 3059
f 3236 3235 3060
f 3237 3236 3060
f 3061 3237 3060
f 3062 3237 3061
f 3238 3237 3062
f 3239 3238 3062
f 3240 3239 3062
f 3064 3240 3062
f 3063 3064 3062
f 3241 3240 3064
f 3242 3241 3064
f 3065 3242 3064
f 3243 3242 3065
f 3067 3243 3065
f 3066 3067 3065
f 3244 3243 3067
f 3069 3244 3067
f 3068 3069 3067
f 3245 3244 3069
f 3070 3245 3069
f 3246 3245 3070
f 3071 3246 3070
f 3247 3246 3071
f 3072 3247 3071
f 3248 3247 3072
f 3249 3248 3072
f 3073 3249 3072
f 3250 3249 3073
f 3074 3250 3073
f 3251 3250 3074
f 3075 3251 3074
f 3252 3251 3075
f 3077 3252 3075
f 3076 3077 3075
f 3253 3252 3077
f 3254 3253 3077
f 3078 3254 3077
f 3255 3254 3078
f 3079 3255 3078
f 3256 3255 3079
f 3257 3256 3079
f 3080 3257 3079
f 3082 3257 3080
f 3081 3082 3080
f 3258 3257 3082
f 3259 3258 3082
f 3083 3259 3082
f 3260 3259 3083
f 3084 3260 3083
f 3261 3260 3084
f 3085 3261 3084
f 3262 3261 3085
f 3086 3262 3085
f 3263 3262 3086
f 3087 3263 3086
f 3264 3263 3087
f 3088 3264 3087
f 3265 3264 3088
f 3089 3265 3088
f 3266 3265 3089
f 3267 3266 3089
f 3090 3267 3089
f 3092 3267 3090
f 3091 3092 3090
f 3268 3267 3092
f 3269 3268 3092
f 3093 3269 3092
f 3270 3269 3093
f 3094 3270 3093
f 3271 3270 3094
f 3272 3271 3094
f 3095 3272 3094
f 3097 3272 3095
f 3096 3097 3095
f 3273 3272 3097
f 3274 3273 3097
f 3099 3274 3097
f 3098 3099 3097
f 3275 3274 3099
f 3276 3275 3099
f 3277 3276 3099
f 3100 3277 3099
f 3278 3277 3100
f 3101 3278 3100
f 3279 3278 3101
f 3102 3279 3101
f 3280 3279 3102
f 3103 3280 3102
f 3281 3280 3103
f 3104 3281 3103
f 3106 3281 3104
f 3105 3106 3104
f 3282 3281 3106
f 3283 3282 3106
f 3107 3283 3106
f 3284 3283 3107
f 3285 3284 3107
f 3108 3285 3107
f 3109 3285 3108
f 3286 3285 3109
f 3110 3286 3109
f 3287 3286 3110
f 3288 3287 3110
f 3111 3288 3110
f 3289 3288 3111
f 3113 3289 3111
f 3112 3113 3111
f 3290 3289 3113
f 3291 3290 3113
f 3114 3291 3113
f 3115 3291 3114
f 3292 3291 3115
f 3116 3292 3115
f 3293 3292 3116
f 3118 3294 3117
f 3295 3294 3118
f 3296 3295 3118
f 3297 3296 3118
f 3119 3297 3118
f 3298 3297 3119
f 3120 3298 3119
f 3299 3298 3120
f 3121 3299 3120
f 3122 3299 3121
f 3300 3299 3122
f 3123 3300 3122
f 3301 3300 3123
f 3124 3301 3123
f 3302 3301 3124
f 3125 3302 3124
f 3303 3302 3125
f 3126 3303 3125
f 3304 3303 3126
f 3305 3304 3126
f 3127 3305 3126
f 3306 3305 3127
f 3128 3306 3127
f 3307 3306 3128
f 3129 3307 3128
f 3130 3307 3129
f 3308 3307 3130
f 3131 3308 3130
f 3309 3308 3131
f 3132 3309 3131
f 3310 3309 3132
f 3311 3310 3132
f 3133 3311 3132
f 3312 3311 3133
f 3134 3312 3133
f 3313 3312 3134
f 3135 3313 3134
f 3136 3314 3135
f 3314 3313 3135
f 3137 3314 3136
f 3138 3142 3137
f 3142 3314 3137
f 3144 3315 3139
f 3315 3316 3139
f 3316 3140 3139
f 3316 3141 3140
f 3316 3317 3141
f 3317 3318 3141
f 3318 3319 3141
f 3319 3320 3141
f 3320 3142 3141
f 3320 3321 3142
f 3321 3322 3142
f 3322 3314 3142
f 3145 3323 3143
f 3323 3144 3143
f 3323 3324 3144
f 3324 3325 3144
f 3325 3326 3144
f 3326 3327 3144
f 3327 3315 3144
f 3146 3328 3145
f 3328 3324 3145
f 3324 3323 3145
f 3148 3329 3146
f 3329 3328 3146
f 3157 3330 3147
f 3330 3331 3147
f 3331 3329 3147
f 3329 3148 3147
f 3168 3332 3149
f 3332 3150 3149
f 3332 3333 3150
f 3333 3334 3150
f 3334 3335 3150
f 3335 3336 3150
f 3336 3151 3150
f 3336 3337 3151
f 3337 3152 3151
f 3337 3338 3152
f 3338 3339 3152
f 3339 3340 3152
f 3340 3153 3152
f 3340 3341 3153
f 3341 3342 3153
f 3155 3154 3153
f 3229 3344 3159
f 3344 3345 3159
f 3345 3346 3159
f 3346 3160 3159
f 3346 3174 3160
f 3174 3161 3160
f 3174 2997 3161
f 3173 3172 3162
f 3172 3347 3162
f 3347 3163 3162
f 3347 3348 3163
f 3348 3349 3163
f 3349 3164 3163
f 3349 3165 3164
f 3349 3350 3165
f 3350 3167 3165
f 3167 3166 3165
f 3350 3351 3167
f 3351 3168 3167
f 3351 3333 3168
f 3333 3332 3168
f 3203 3352 3169
f 3352 3353 3169
f 3353 3170 3169
f 3353 3171 3170
f 3353 3354 3171
f 3354 3172 3171
f 3354 3355 3172
f 3355 3347 3172
f 3346 3356 3174
f 3356 3357 3174
f 3357 3358 3174
f 3358 3175 3174
f 3358 3359 3175
f 3359 3176 3175
f 3359 3360 3176
f 3360 3177 3176
f 3360 3361 3177
f 3361 3178 3177
f 3361 3179 3178
f 3179 3002 3178
f 3361 3362 3179
f 3362 3363 3179
f 3363 3180 3179
f 3363 3181 3180
f 3363 3364 3181
f 3364 3365 3181
f 3365 3183 3181
f 3183 3182 3181
f 3365 3366 3183
f 3366 3367 3183
f 3367 3184 3183
f 3367 3185 3184
f 3367 3368 3185
f 3368 3369 3185
f 3369 3186 3185
f 3369 3370 3186
f 3370 3371 3186
f 3371 3188 3186
f 3188 3187 3186
f 3371 3372 3188
f 3372 3373 3188
f 3373 3189 3188
f 3373 3374 3189
f 3374 3191 3189
f 3191 3190 3189
f 3374 3192 3191
f 3374 3375 3192
f 3375 3376 3192
f 3376 3194 3192
f 3194 3193 3192
f 3376 3377 3194
f 3377 3378 3194
f 3378 3195 3194
f 3378 3379 3195
f 3379 3196 3195
f 3379 3380 3196
f 3380 3381 3196
f 3381 3382 3196
f 3382 3197 3196
f 3382 3383 3197
f 3383 3384 3197
f 3384 3198 3197
f 3384 3385 3198
f 3385 3199 3198
f 3385 3200 3199
f 3385 3386 3200
f 3386 3202 3200
f 3202 3201 3200
f 3386 3387 3202
f 3387 3388 3202
f 3388 3352 3202
f 3352 3203 3202
f 3205 3389 3204
f 3389 3221 3204
f 3390 3389 3205
f 3391 3390 3205
f 3206 3391 3205
f 3207 3391 3206
f 3392 3391 3207
f 3393 3392 3207
f 3394 3393 3207
f 3394 3207 3208
f 3212 3394 3208
f 3209 3212 3208
f 3395 3215 3210
f 3396 3395 3210
f 3397 3396 3210
f 3211 3397 3210
f 3398 3397 3211
f 3039 3398 3211
f 3399 3394 3212
f 3213 3399 3212
f 3400 3399 3213
f 3401 3400 3213
f 3214 3401 3213
f 3215 3401 3214
f 3402 3401 3215
f 3395 3402 3215
f 3398 3044 3216
f 3403 3398 3216
f 3404 3403 3216
f 3405 3404 3216
f 3217 3405 3216
f 3406 3405 3217
f 3407 3406 3217
f 3219 3407 3217
f 3218 3219 3217
f 3230 3407 3219
f 3220 3230 3219
f 3408 3222 3221
f 3389 3408 3221
f 3409 3223 3222
f 3408 3409 3222
f 3410 3224 3223
f 3411 3410 3223
f 3409 3411 3223
f 3410 3412 3224
f 3412 3413 3224
f 3413 3414 3224
f 3414 3225 3224
f 3414 3227 3225
f 3227 3226 3225
f 3414 3415 3227
f 3415 3416 3227
f 3416 3228 3227
f 3416 3417 3228
f 3417 3418 3228
f 3418 3419 3228
f 3419 3344 3228
f 3344 3229 3228
f 3406 3407 3230
f 3420 3406 3230
f 3421 3420 3230
f 3231 3421 3230
f 3422 3421 3231
f 3232 3422 3231
f 3423 3422 3232
f 3233 3423 3232
f 3235 3423 3233
f 3234 3235 3233
f 3424 3423 3235
f 3237 3424 3235
f 3236 3237 3235
f 3425 3424 3237
f 3426 3425 3237
f 3238 3426 3237
f 3427 3426 3238
f 3428 3427 3238
f 3429 3428 3238
f 3239 3429 3238
f 3430 3429 3239
f 3431 3430 3239
f 3240 3431 3239
f 3241 3431 3240
f 3432 3431 3241
f 3242 3432 3241
f 3433 3432 3242
f 3245 3433 3242
f 3243 3245 3242
f 3244 3245 3243
f 3434 3433 3245
f 3246 3434 3245
f 3435 3434 3246
f 3247 3435 3246
f 3436 3435 3247
f 3437 3436 3247
f 3438 3437 3247
f 3248 3438 3247
f 3439 3438 3248
f 3249 3439 3248
f 3440 3439 3249
f 3250 3440 3249
f 3441 3440 3250
f 3251 3441 3250
f 3442 3441 3251
f 3253 3442 3251
f 3252 3253 3251
f 3443 3442 3253
f 3444 3443 3253
f 3254 3444 3253
f 3445 3444 3254
f 3255 3445 3254
f 3446 3445 3255
f 3447 3446 3255
f 3256 3447 3255
f 3258 3447 3256
f 3257 3258 3256
f 3448 3447 3258
f 3449 3448 3258
f 3259 3449 3258
f 3450 3449 3259
f 3260 3450 3259
f 3451 3450 3260
f 3261 3451 3260
f 3452 3451 3261
f 3262 3452 3261
f 3453 3452 3262
f 3263 3453 3262
f 3454 3453 3263
f 3264 3454 3263
f 3455 3454 3264
f 3265 3455 3264
f 3456 3455 3265
f 3457 3456 3265
f 3266 3457 3265
f 3267 3457 3266
f 3458 3457 3267
f 3269 3458 3267
f 3268 3269 3267
f 3459 3458 3269
f 3460 3459 3269
f 3270 3460 3269
f 3461 3460 3270
f 3462 3461 3270
f 3271 3462 3270
f 3273 3462 3271
f 3272 3273 3271
f 3463 3462 3273
f 3464 3463 3273
f 3275 3464 3273
f 3274 3275 3273
f 3465 3464 3275
f 3466 3465 3275
f 3467 3466 3275
f 3276 3467 3275
f 3468 3467 3276
f 3277 3468 3276
f 3469 3468 3277
f 3278 3469 3277
f 3470 3469 3278
f 3279 3470 3278
f 3471 3470 3279
f 3280 3471 3279
f 3282 3471 3280
f 3281 3282 3280
f 3472 3471 3282
f 3473 3472 3282
f 3283 3473 3282
f 3474 3473 3283
f 3475 3474 3283
f 3284 3475 3283
f 3285 3475 3284
f 3476 3475 3285
f 3286 3476 3285
f 3477 3476 3286
f 3478 3477 3286
f 3287 3478 3286
f 3288 3478 3287
f 3479 3478 3288
f 3480 3479 3288
f 3290 3480 3288
f 3289 3290 3288
f 3481 3480 3290
f 3482 3481 3290
f 3291 3482 3290
f 3292 3482 3291
f 3483 3482 3292
f 3484 3483 3292
f 3293 3484 3292
f 3485 3484 3293
f 3295 3486 3294
f 3296 3486 3295
f 3487 3486 3296
f 3297 3487 3296
f 3488 3487 3297
f 3489 3488 3297
f 3298 3489 3297
f 3490 3489 3298
f 3299 3490 3298
f 3491 3490 3299
f 3300 3491 3299
f 3492 3491 3300
f 3301 3492 3300
f 3493 3492 3301
f 3494 3493 3301
f 3302 3494 3301
f 3303 3494 3302
f 3495 3494 3303
f 3304 3495 3303
f 3496 3495 3304
f 3305 3496 3304
f 3497 3496 3305
f 3306 3497 3305
f 3498 3497 3306
f 3307 3498 3306
f 3499 3498 3307
f 3308 3499 3307
f 3500 3499 3308
f 3501 3500 3308
f 3309 3501 3308
f 3502 3501 3309
f 3310 3502 3309
f 3503 3502 3310
f 3311 3503 3310
f 3504 3503 3311
f 3322 3504 3311
f 3312 3322 3311
f 3313 3322 3312
f 3314 3322 3313
f 3327 3316 3315
f 3327 3318 3316
f 3318 3317 3316
f 3327 3505 3318
f 3505 3506 3318
f 3506 3507 3318
f 3507 3319 3318
f 3507 3508 3319
f 3508 3509 3319
f 3509 3320 3319
f 3509 3321 3320
f 3509 3510 3321
f 3510 3322 3321
f 3510 3511 3322
f 3511 3504 3322
f 3328 3512 3324
f 3512 3513 3324
f 3513 3514 3324
f 3514 3515 3324
f 3515 3325 3324
f 3515 3516 3325
f 3516 3326 3325
f 3516 3505 3326
f 3505 3327 3326
f 3329 3517 3328
f 3517 3512 3328
f 3331 3518 3329
f 3518 3517 3329
f 3519 3518 3330
f 3518 3331 3330
f 3351 3520 3333
f 3520 3334 3333
f 3520 3521 3334
f 3521 3522 3334
f 3522 3335 3334
f 3522 3523 3335
f 3523 3524 3335
f 3524 3338 3335
f 3338 3337 3335
f 3337 3336 3335
f 3524 3523 3338
f 3523 3525 3338
f 3525 3339 3338
f 3525 3526 3339
f 3526 3341 3339
f 3341 3340 3339
f 3526 3527 3341
f 3527 3528 3341
f 3528 3529 3341
f 3529 3343 3341
f 3343 3342 3341
f 3529 3530 3343
f 3530 3531 3343
f 3531 3532 3343
f 3419 3535 3344
f 3535 3536 3344
f 3536 3345 3344
f 3536 3356 3345
f 3356 3346 3345
f 3355 3537 3347
f 3537 3348 3347
f 3537 3538 3348
f 3538 3350 3348
f 3350 3349 3348
f 3538 3539 3350
f 3539 3540 3350
f 3540 3520 3350
f 3520 3351 3350
f 3388 3541 3352
f 3541 3542 3352
f 3542 3354 3352
f 3354 3353 3352
f 3542 3543 3354
f 3543 3544 3354
f 3544 3545 3354
f 3545 3355 3354
f 3545 3546 3355
f 3546 3537 3355
f 3536 3547 3356
f 3547 3548 3356
f 3548 3358 3356
f 3358 3357 3356
f 3548 3549 3358
f 3549 3550 3358
f 3550 3359 3358
f 3550 3551 3359
f 3551 3360 3359
f 3551 3552 3360
f 3552 3361 3360
f 3552 3362 3361
f 3552 3553 3362
f 3553 3364 3362
f 3364 3363 3362
f 3553 3554 3364
f 3554 3555 3364
f 3555 3556 3364
f 3556 3365 3364
f 3556 3557 3365
f 3557 3366 3365
f 3557 3368 3366
f 3368 3367 3366
f 3557 3558 3368
f 3558 3559 3368
f 3559 3369 3368
f 3559 3560 3369
f 3560 3370 3369
f 3560 3561 3370
f 3561 3562 3370
f 3562 3371 3370
f 3562 3372 3371
f 3562 3563 3372
f 3563 3373 3372
f 3563 3564 3373
f 3564 3374 3373
f 3564 3375 3374
f 3564 3563 3375
f 3563 3565 3375
f 3565 3566 3375
f 3566 3377 3375
f 3377 3376 3375
f 3566 3567 3377
f 3567 3378 3377
f 3567 3568 3378
f 3568 3380 3378
f 3380 3379 3378
f 3568 3381 3380
f 3568 3569 3381
f 3569 3570 3381
f 3570 3571 3381
f 3571 3572 3381
f 3572 3573 3381
f 3573 3382 3381
f 3573 3574 3382
f 3574 3383 3382
f 3574 3575 3383
f 3575 3384 3383
f 3575 3576 3384
f 3576 3577 3384
f 3577 3385 3384
f 3577 3578 3385
f 3578 3387 3385
f 3387 3386 3385
f 3578 3579 3387
f 3579 3580 3387
f 3580 3541 3387
f 3541 3388 3387
f 3581 3408 3389
f 3582 3581 3389
f 3390 3582 3389
f 3583 3582 3390
f 3391 3583 3390
f 3584 3583 3391
f 3392 3584 3391
f 3585 3584 3392
f 3394 3585 3392
f 3393 3394 3392
f 3586 3585 3394
f 3399 3586 3394
f 3587 3402 3395
f 3588 3587 3395
f 3396 3588 3395
f 3589 3588 3396
f 3397 3589 3396
f 3590 3589 3397
f 3398 3590 3397
f 3039 3044 3398
f 3404 3590 3398
f 3403 3404 3398
f 3591 3586 3399
f 3592 3591 3399
f 3593 3592 3399
f 3401 3593 3399
f 3400 3401 3399
f 3402 3593 3401
f 3587 3593 3402
f 3594 3590 3404
f 3595 3594 3404
f 3596 3595 3404
f 3597 3596 3404
f 3405 3597 3404
f 3598 3597 3405
f 3406 3598 3405
f 3599 3598 3406
f 3420 3599 3406
f 3600 3409 3408
f 3601 3600 3408
f 3581 3601 3408
f 3602 3411 3409
f 3600 3602 3409
f 3411 3603 3410
f 3603 3412 3410
f 3602 3604 3411
f 3604 3603 3411
f 3603 3605 3412
f 3605 3606 3412
f 3606 3413 3412
f 3606 3415 3413
f 3415 3414 3413
f 3606 3607 3415
f 3607 3608 3415
f 3608 3416 3415
f 3608 3417 3416
f 3608 3609 3417
f 3609 3610 3417
f 3610 3611 3417
f 3611 3419 3417
f 3419 3418 3417
f 3611 3535 3419
f 3612 3599 3420
f 3613 3612 3420
f 3421 3613 3420
f 3614 3613 3421
f 3422 3614 3421
f 3615 3614 3422
f 3423 3615 3422
f 3616 3615 3423
f 3617 3616 3423
f 3424 3617 3423
f 3425 3617 3424
f 3618 3617 3425
f 3426 3618 3425
f 3619 3618 3426
f 3427 3619 3426
f 3620 3619 3427
f 3621 3620 3427
f 3428 3621 3427
f 3622 3621 3428
f 3429 3622 3428
f 3623 3622 3429
f 3430 3623 3429
f 3624 3623 3430
f 3431 3624 3430
f 3625 3624 3431
f 3432 3625 3431
f 3434 3625 3432
f 3433 3434 3432
f 3626 3625 3434
f 3435 3626 3434
f 3627 3626 3435
f 3436 3627 3435
f 3628 3627 3436
f 3629 3628 3436
f 3630 3629 3436
f 3437 3630 3436
f 3631 3630 3437
f 3438 3631 3437
f 3632 3631 3438
f 3439 3632 3438
f 3633 3632 3439
f 3440 3633 3439
f 3634 3633 3440
f 3441 3634 3440
f 3635 3634 3441
f 3443 3635 3441
f 3442 3443 3441
f 3636 3635 3443
f 3637 3636 3443
f 3444 3637 3443
f 3638 3637 3444
f 3445 3638 3444
f 3639 3638 3445
f 3640 3639 3445
f 3446 3640 3445
f 3448 3640 3446
f 3447 3448 3446
f 3641 3640 3448
f 3642 3641 3448
f 3450 3642 3448
f 3449 3450 3448
f 3643 3642 3450
f 3644 3643 3450
f 3451 3644 3450
f 3645 3644 3451
f 3452 3645 3451
f 3646 3645 3452
f 3453 3646 3452
f 3647 3646 3453
f 3454 3647 3453
f 3648 3647 3454
f 3455 3648 3454
f 3649 3648 3455
f 3650 3649 3455
f 3456 3650 3455
f 3457 3650 3456
f 3651 3650 3457
f 3459 3651 3457
f 3458 3459 3457
f 3652 3651 3459
f 3653 3652 3459
f 3460 3653 3459
f 3654 3653 3460
f 3655 3654 3460
f 3461 3655 3460
f 3463 3655 3461
f 3462 3463 3461
f 3656 3655 3463
f 3657 3656 3463
f 3465 3657 3463
f 3464 3465 3463
f 3658 3657 3465
f 3659 3658 3465
f 3660 3659 3465
f 3466 3660 3465
f 3661 3660 3466
f 3467 3661 3466
f 3662 3661 3467
f 3468 3662 3467
f 3663 3662 3468
f 3469 3663 3468
f 3664 3663 3469
f 3470 3664 3469
f 3472 3664 3470
f 3471 3472 3470
f 3665 3664 3472
f 3666 3665 3472
f 3473 3666 3472
f 3667 3666 3473
f 3668 3667 3473
f 3474 3668 3473
f 3475 3668 3474
f 3669 3668 3475
f 3670 3669 3475
f 3476 3670 3475
f 3671 3670 3476
f 3477 3671 3476
f 3478 3671 3477
f 3672 3671 3478
f 3673 3672 3478
f 3479 3673 3478
f 3674 3673 3479
f 3481 3674 3479
f 3480 3481 3479
f 3675 3674 3481
f 3482 3675 3481
f 3676 3675 3482
f 3677 3676 3482
f 3483 3677 3482
f 3678 3677 3483
f 3484 3678 3483
f 3679 3678 3484
f 3485 3679 3484
f 3680 3679 3485
f 3681 3680 3485
f 3684 3683 3486
f 3487 3684 3486
f 3488 3684 3487
f 3489 3684 3488
f 3685 3684 3489
f 3490 3685 3489
f 3686 3685 3490
f 3687 3686 3490
f 3491 3687 3490
f 3492 3687 3491
f 3688 3687 3492
f 3493 3688 3492
f 3689 3688 3493
f 3690 3689 3493
f 3494 3690 3493
f 3691 3690 3494
f 3495 3691 3494
f 3692 3691 3495
f 3496 3692 3495
f 3497 3692 3496
f 3693 3692 3497
f 3498 3693 3497
f 3694 3693 3498
f 3499 3694 3498
f 3695 3694 3499
f 3501 3695 3499
f 3500 3501 3499
f 3696 3695 3501
f 3697 3696 3501
f 3502 3697 3501
f 3503 3697 3502
f 3511 3697 3503
f 3504 3511 3503
f 3516 3698 3505
f 3698 3699 3505
f 3699 3700 3505
f 3700 3701 3505
f 3701 3506 3505
f 3701 3507 3506
f 3701 3702 3507
f 3702 3703 3507
f 3703 3508 3507
f 3703 3704 3508
f 3704 3509 3508
f 3704 3510 3509
f 3704 3705 3510
f 3705 3706 3510
f 3706 3511 3510
f 3706 3707 3511
f 3707 3697 3511
f 3517 3708 3512
f 3708 3513 3512
f 3708 3709 3513
f 3709 3710 3513
f 3710 3711 3513
f 3711 3514 3513
f 3711 3698 3514
f 3698 3515 3514
f 3698 3516 3515
f 3518 3712 3517
f 3712 3708 3517
f 3519 3713 3518
f 3713 3712 3518
f 3714 3713 3519
f 3540 3521 3520
f 3540 3715 3521
f 3715 3716 3521
f 3716 3717 3521
f 3717 3522 3521
f 3717 3718 3522
f 3718 3719 3522
f 3719 3523 3522
f 3719 3718 3523
f 3718 3720 3523
f 3720 3721 3523
f 3721 3526 3523
f 3526 3525 3523
f 3721 3722 3526
f 3722 3723 3526
f 3723 3527 3526
f 3723 3724 3527
f 3724 3725 3527
f 3725 3528 3527
f 3725 3530 3528
f 3530 3529 3528
f 3725 3726 3530
f 3726 3727 3530
f 3727 3534 3530
f 3534 3531 3530
f 3534 3532 3531
f 3729 3728 3533
f 3730 3729 3533
f 3534 3730 3533
f 3731 3730 3534
f 3732 3731 3534
f 3727 3732 3534
f 3611 3733 3535
f 3733 3734 3535
f 3734 3536 3535
f 3734 3735 3536
f 3735 3547 3536
f 3546 3736 3537
f 3736 3539 3537
f 3539 3538 3537
f 3736 3737 3539
f 3737 3715 3539
f 3715 3540 3539
f 3580 3738 3541
f 3738 3739 3541
f 3739 3542 3541
f 3739 3740 3542
f 3740 3741 3542
f 3741 3543 3542
f 3741 3742 3543
f 3742 3743 3543
f 3743 3544 3543
f 3743 3545 3544
f 3743 3744 3545
f 3744 3546 3545
f 3744 3745 3546
f 3745 3746 3546
f 3746 3736 3546
f 3735 3747 3547
f 3747 3548 3547
f 3747 3748 3548
f 3748 3549 3548
f 3748 3749 3549
f 3749 3750 3549
f 3750 3550 3549
f 3750 3751 3550
f 3751 3551 3550
f 3751 3553 3551
f 3553 3552 3551
f 3751 3752 3553
f 3752 3753 3553
f 3753 3554 3553
f 3753 3754 3554
f 3754 3755 3554
f 3755 3756 3554
f 3756 3555 3554
f 3756 3757 3555
f 3757 3556 3555
f 3757 3758 3556
f 3758 3557 3556
f 3758 3558 3557
f 3758 3759 3558
f 3759 3559 3558
f 3759 3760 3559
f 3760 3761 3559
f 3761 3560 3559
f 3761 3762 3560
f 3762 3561 3560
f 3762 3763 3561
f 3763 3562 3561
f 3763 3563 3562
f 3763 3764 3563
f 3764 3765 3563
f 3765 3565 3563
f 3765 3766 3565
f 3766 3767 3565
f 3767 3768 3565
f 3768 3567 3565
f 3567 3566 3565
f 3768 3769 3567
f 3769 3770 3567
f 3770 3568 3567
f 3770 3569 3568
f 3770 3769 3569
f 3769 3771 3569
f 3771 3772 3569
f 3772 3570 3569
f 3772 3773 3570
f 3773 3774 3570
f 3774 3571 3570
f 3774 3773 3571
f 3773 3775 3571
f 3775 3574 3571
f 3574 3572 3571
f 3574 3573 3572
f 3775 3776 3574
f 3776 3777 3574
f 3777 3575 3574
f 3777 3778 3575
f 3778 3577 3575
f 3577 3576 3575
f 3778 3779 3577
f 3779 3780 3577
f 3780 3578 3577
f 3780 3781 3578
f 3781 3579 3578
f 3781 3782 3579
f 3782 3738 3579
f 3738 3580 3579
f 3783 3601 3581
f 3582 3783 3581
f 3583 3783 3582
f 3784 3783 3583
f 3785 3784 3583
f 3786 3785 3583
f 3584 3786 3583
f 3787 3786 3584
f 3788 3787 3584
f 3585 3788 3584
f 3592 3788 3585
f 3591 3592 3585
f 3586 3591 3585
f 3789 3593 3587
f 3790 3789 3587
f 3791 3790 3587
f 3792 3791 3587
f 3588 3792 3587
f 3793 3792 3588
f 3794 3793 3588
f 3590 3794 3588
f 3589 3590 3588
f 3594 3794 3590
f 3795 3788 3592
f 3789 3795 3592
f 3593 3789 3592
f 3793 3794 3594
f 3796 3793 3594
f 3797 3796 3594
f 3595 3797 3594
f 3798 3797 3595
f 3799 3798 3595
f 3596 3799 3595
f 3800 3799 3596
f 3597 3800 3596
f 3801 3800 3597
f 3598 3801 3597
f 3802 3801 3598
f 3599 3802 3598
f 3803 3802 3599
f 3804 3803 3599
f 3612 3804 3599
f 3601 3805 3600
f 3805 3602 3600
f 3806 3805 3601
f 3807 3806 3601
f 3783 3807 3601
f 3808 3604 3602
f 3805 3808 3602
f 3604 3809 3603
f 3809 3810 3603
f 3810 3811 3603
f 3811 3605 3603
f 3808 3812 3604
f 3812 3809 3604
f 3811 3608 3605
f 3608 3607 3605
f 3607 3606 3605
f 3811 3813 3608
f 3813 3814 3608
f 3814 3609 3608
f 3814 3815 3609
f 3815 3816 3609
f 3816 3817 3609
f 3817 3818 3609
f 3818 3611 3609
f 3611 3610 3609
f 3818 3819 3611
f 3819 3733 3611
f 3613 3804 3612
f 3614 3804 3613
f 3820 3804 3614
f 3615 3820 3614
f 3616 3820 3615
f 3821 3820 3616
f 3822 3821 3616
f 3617 3822 3616
f 3823 3822 3617
f 3618 3823 3617
f 3619 3823 3618
f 3824 3823 3619
f 3825 3824 3619
f 3826 3825 3619
f 3620 3826 3619
f 3827 3826 3620
f 3621 3827 3620
f 3828 3827 3621
f 3622 3828 3621
f 3829 3828 3622
f 3830 3829 3622
f 3624 3830 3622
f 3623 3624 3622
f 3831 3830 3624
f 3626 3831 3624
f 3625 3626 3624
f 3832 3831 3626
f 3833 3832 3626
f 3627 3833 3626
f 3834 3833 3627
f 3628 3834 3627
f 3835 3834 3628
f 3836 3835 3628
f 3837 3836 3628
f 3629 3837 3628
f 3838 3837 3629
f 3630 3838 3629
f 3839 3838 3630
f 3631 3839 3630
f 3840 3839 3631
f 3632 3840 3631
f 3841 3840 3632
f 3633 3841 3632
f 3842 3841 3633
f 3843 3842 3633
f 3634 3843 3633
f 3636 3843 3634
f 3635 3636 3634
f 3844 3843 3636
f 3845 3844 3636
f 3637 3845 3636
f 3846 3845 3637
f 3638 3846 3637
f 3847 3846 3638
f 3848 3847 3638
f 3639 3848 3638
f 3641 3848 3639
f 3640 3641 3639
f 3849 3848 3641
f 3850 3849 3641
f 3643 3850 3641
f 3642 3643 3641
f 3851 3850 3643
f 3852 3851 3643
f 3644 3852 3643
f 3853 3852 3644
f 3645 3853 3644
f 3854 3853 3645
f 3646 3854 3645
f 3855 3854 3646
f 3647 3855 3646
f 3856 3855 3647
f 3648 3856 3647
f 3857 3856 3648
f 3858 3857 3648
f 3649 3858 3648
f 3650 3858 3649
f 3859 3858 3650
f 3652 3859 3650
f 3651 3652 3650
f 3860 3859 3652
f 3861 3860 3652
f 3653 3861 3652
f 3862 3861 3653
f 3863 3862 3653
f 3654 3863 3653
f 3656 3863 3654
f 3655 3656 3654
f 3864 3863 3656
f 3865 3864 3656
f 3658 3865 3656
f 3657 3658 3656
f 3866 3865 3658
f 3867 3866 3658
f 3868 3867 3658
f 3659 3868 3658
f 3869 3868 3659
f 3660 3869 3659
f 3870 3869 3660
f 3661 3870 3660
f 3871 3870 3661
f 3662 3871 3661
f 3872 3871 3662
f 3663 3872 3662
f 3664 3872 3663
f 3873 3872 3664
f 3874 3873 3664
f 3665 3874 3664
f 3666 3874 3665
f 3875 3874 3666
f 3876 3875 3666
f 3667 3876 3666
f 3669 3876 3667
f 3668 3669 3667
f 3877 3876 3669
f 3878 3877 3669
f 3879 3878 3669
f 3670 3879 3669
f 3671 3879 3670
f 3880 3879 3671
f 3881 3880 3671
f 3672 3881 3671
f 3673 3881 3672
f 3882 3881 3673
f 3883 3882 3673
f 3675 3883 3673
f 3674 3675 3673
f 3884 3883 3675
f 3885 3884 3675
f 3676 3885 3675
f 3886 3885 3676
f 3677 3886 3676
f 3678 3886 3677
f 3680 3886 3678
f 3679 3680 3678
f 3887 3886 3680
f 3888 3887 3680
f 3889 3888 3680
f 3681 3889 3680
f 3890 3889 3681
f 3682 3890 3681
f 3891 3890 3682
f 3892 3891 3682
f 3893 3892 3682
f 3895 3894 3683
f 3896 3895 3683
f 3897 3896 3683
f 3685 3897 3683
f 3684 3685 3683
f 3898 3897 3685
f 3899 3898 3685
f 3686 3899 3685
f 3900 3899 3686
f 3687 3900 3686
f 3901 3900 3687
f 3688 3901 3687
f 3902 3901 3688
f 3689 3902 3688
f 3903 3902 3689
f 3690 3903 3689
f 3904 3903 3690
f 3905 3904 3690
f 3691 3905 3690
f 3692 3905 3691
f 3906 3905 3692
f 3693 3906 3692
f 3907 3906 3693
f 3694 3907 3693
f 3908 3907 3694
f 3909 3908 3694
f 3910 3909 3694
f 3695 3910 3694
f 3707 3910 3695
f 3696 3707 3695
f 3697 3707 3696
f 3711 3911 3698
f 3911 3912 3698
f 3912 3913 3698
f 3913 3699 3698
f 3913 3914 3699
f 3914 3700 3699
f 3914 3701 3700
f 3914 3915 3701
f 3915 3702 3701
f 3915 3703 3702
f 3915 3916 3703
f 3916 3704 3703
f 3916 3917 3704
f 3917 3918 3704
f 3918 3705 3704
f 3918 3706 3705
f 3918 3919 3706
f 3919 3920 3706
f 3920 3707 3706
f 3920 3910 3707
f 3712 3921 3708
f 3921 3709 3708
f 3921 3922 3709
f 3922 3923 3709
f 3923 3924 3709
f 3924 3710 3709
f 3924 3911 3710
f 3911 3711 3710
f 3713 3921 3712
f 3714 3922 3713
f 3922 3921 3713
f 3925 3926 3714
f 3926 3927 3714
f 3927 3923 3714
f 3923 3922 3714
f 3737 3716 3715
f 3737 3928 3716
f 3928 3929 3716
f 3929 3930 3716
f 3930 3931 3716
f 3931 3717 3716
f 3931 3718 3717
f 3931 3932 3718
f 3932 3933 3718
f 3933 3720 3718
f 3933 3934 3720
f 3934 3935 3720
f 3935 3721 3720
f 3935 3722 3721
f 3935 3934 3722
f 3934 3936 3722
f 3936 3937 3722
f 3937 3723 3722
f 3937 3938 3723
f 3938 3939 3723
f 3939 3724 3723
f 3939 3940 3724
f 3940 3726 3724
f 3726 3725 3724
f 3940 3941 3726
f 3941 3942 3726
f 3942 3732 3726
f 3732 3727 3726
f 3729 3943 3728
f 3944 3943 3729
f 3945 3944 3729
f 3946 3945 3729
f 3947 3946 3729
f 3730 3947 3729
f 3948 3947 3730
f 3731 3948 3730
f 3732 3948 3731
f 3942 3949 3732
f 3949 3948 3732
f 3819 3950 3733
f 3950 3951 3733
f 3951 3952 3733
f 3952 3953 3733
f 3953 3734 3733
f 3953 3954 3734
f 3954 3735 3734
f 3954 3955 3735
f 3955 3748 3735
f 3748 3747 3735
f 3746 3928 3736
f 3928 3737 3736
f 3782 3956 3738
f 3956 3957 3738
f 3957 3739 3738
f 3957 3958 3739
f 3958 3959 3739
f 3959 3740 3739
f 3959 3741 3740
f 3959 3960 3741
f 3960 3961 3741
f 3961 3962 3741
f 3962 3742 3741
f 3962 3963 3742
f 3963 3744 3742
f 3744 3743 3742
f 3963 3964 3744
f 3964 3965 3744
f 3965 3745 3744
f 3965 3966 3745
f 3966 3967 3745
f 3967 3746 3745
f 3967 3928 3746
f 3955 3749 3748
f 3955 3968 3749
f 3968 3969 3749
f 3969 3970 3749
f 3970 3971 3749
f 3971 3750 3749
f 3971 3752 3750
f 3752 3751 3750
f 3972 3753 3752
f 3972 3973 3753
f 3973 3754 3753
f 3973 3974 3754
f 3974 3975 3754
f 3975 3976 3754
f 3976 3977 3754
f 3977 3755 3754
f 3977 3756 3755
f 3977 3976 3756
f 3976 3978 3756
f 3978 3979 3756
f 3979 3757 3756
f 3979 3980 3757
f 3980 3758 3757
f 3980 3981 3758
f 3981 3759 3758
f 3981 3760 3759
f 3981 3982 3760
f 3982 3983 3760
f 3983 3761 3760
f 3983 3984 3761
f 3984 3762 3761
f 3984 3764 3762
f 3764 3763 3762
f 3984 3985 3764
f 3985 3986 3764
f 3986 3765 3764
f 3986 3766 3765
f 3986 3987 3766
f 3987 3988 3766
f 3988 3768 3766
f 3768 3767 3766
f 3988 3989 3768
f 3989 3769 3768
f 3989 3771 3769
f 3989 3990 3771
f 3990 3991 3771
f 3991 3772 3771
f 3991 3992 3772
f 3992 3993 3772
f 3993 3994 3772
f 3994 3995 3772
f 3995 3773 3772
f 3995 3996 3773
f 3996 3775 3773
f 3996 3776 3775
f 3996 3997 3776
f 3997 3998 3776
f 3998 3777 3776
f 3998 3999 3777
f 3999 3778 3777
f 3999 4000 3778
f 4000 3779 3778
f 4000 4001 3779
f 4001 4002 3779
f 4002 3782 3779
f 3782 3781 3779
f 3781 3780 3779
f 4002 3956 3782
f 3784 3807 3783
f 4003 3807 3784
f 4004 4003 3784
f 4005 4004 3784
f 3786 4005 3784
f 3785 3786 3784
f 4006 4005 3786
f 4007 4006 3786
f 4008 4007 3786
f 3787 4008 3786
f 3795 4008 3787
f 3788 3795 3787
f 3790 3795 3789
f 4008 3795 3790
f 4009 4008 3790
f 4010 4009 3790
f 4011 4010 3790
f 3791 4011 3790
f 3796 4011 3791
f 3792 3796 3791
f 3793 3796 3792
f 4012 4011 3796
f 4013 4012 3796
f 3797 4013 3796
f 4014 4013 3797
f 4015 4014 3797
f 3798 4015 3797
f 4016 4015 3798
f 3799 4016 3798
f 4017 4016 3799
f 3800 4017 3799
f 3801 4017 3800
f 4018 4017 3801
f 4019 4018 3801
f 3802 4019 3801
f 4020 4019 3802
f 3803 4020 3802
f 4021 4020 3803
f 3804 4021 3803
f 4022 4021 3804
f 4023 4022 3804
f 3820 4023 3804
f 4024 3808 3805
f 4025 4024 3805
f 3806 4025 3805
f 3807 4025 3806
f 4026 4025 3807
f 4003 4026 3807
f 4027 3812 3808
f 4028 4027 3808
f 4024 4028 3808
f 3812 4029 3809
f 4029 4030 3809
f 4030 4031 3809
f 4031 3811 3809
f 3811 3810 3809
f 4031 4032 3811
f 4032 3813 3811
f 4027 4033 3812
f 4033 4034 3812
f 4034 4029 3812
f 4032 4035 3813
f 4035 3814 3813
f 4035 4036 3814
f 4036 3815 3814
f 4036 4037 3815
f 4037 4038 3815
f 4038 4039 3815
f 4039 3817 3815
f 3817 3816 3815
f 4039 4040 3817
f 4040 3950 3817
f 3950 3819 3817
f 3819 3818 3817
f 3821 4023 3820
f 4041 4023 3821
f 3822 4041 3821
f 4042 4041 3822
f 3823 4042 3822
f 4043 4042 3823
f 3824 4043 3823
f 4044 4043 3824
f 4045 4044 3824
f 4046 4045 3824
f 3825 4046 3824
f 4047 4046 3825
f 3826 4047 3825
f 4048 4047 3826
f 3827 4048 3826
f 4049 4048 3827
f 4050 4049 3827
f 3828 4050 3827
f 3832 4050 3828
f 3829 3832 3828
f 3831 3832 3829
f 3830 3831 3829
f 4051 4050 3832
f 3833 4051 3832
f 4052 4051 3833
f 3834 4052 3833
f 4053 4052 3834
f 3835 4053 3834
f 4054 4053 3835
f 4055 4054 3835
f 4056 4055 3835
f 3836 4056 3835
f 3837 4056 3836
f 4057 4056 3837
f 3838 4057 3837
f 4058 4057 3838
f 3839 4058 3838
f 4059 4058 3839
f 3840 4059 3839
f 4060 4059 3840
f 3842 4060 3840
f 3841 3842 3840
f 4061 4060 3842
f 4062 4061 3842
f 3844 4062 3842
f 3843 3844 3842
f 4063 4062 3844
f 4064 4063 3844
f 3845 4064 3844
f 4065 4064 3845
f 3846 4065 3845
f 4066 4065 3846
f 3847 4066 3846
f 4067 4066 3847
f 3849 4067 3847
f 3848 3849 3847
f 4068 4067 3849
f 4069 4068 3849
f 3851 4069 3849
f 3850 3851 3849
f 4070 4069 3851
f 4071 4070 3851
f 3852 4071 3851
f 4072 4071 3852
f 3853 4072 3852
f 4073 4072 3853
f 3854 4073 3853
f 4074 4073 3854
f 3855 4074 3854
f 4075 4074 3855
f 3856 4075 3855
f 4076 4075 3856
f 4077 4076 3856
f 3857 4077 3856
f 3858 4077 3857
f 4078 4077 3858
f 3860 4078 3858
f 3859 3860 3858
f 4079 4078 3860
f 4080 4079 3860
f 3861 4080 3860
f 4081 4080 3861
f 4082 4081 3861
f 3862 4082 3861
f 3864 4082 3862
f 3863 3864 3862
f 4083 4082 3864
f 4084 4083 3864
f 3866 4084 3864
f 3865 3866 3864
f 4085 4084 3866
f 4086 4085 3866
f 4087 4086 3866
f 3867 4087 3866
f 4088 4087 3867
f 3868 4088 3867
f 4089 4088 3868
f 3869 4089 3868
f 4090 4089 3869
f 3870 4090 3869
f 4091 4090 3870
f 3871 4091 3870
f 3872 4091 3871
f 4092 4091 3872
f 4093 4092 3872
f 3873 4093 3872
f 3874 4093 3873
f 4094 4093 3874
f 4095 4094 3874
f 3875 4095 3874
f 3877 4095 3875
f 3876 3877 3875
f 4096 4095 3877
f 4097 4096 3877
f 4098 4097 3877
f 3878 4098 3877
f 3880 4098 3878
f 3879 3880 3878
f 4099 4098 3880
f 4100 4099 3880
f 3881 4100 3880
f 4101 4100 3881
f 4102 4101 3881
f 3882 4102 3881
f 4103 4102 3882
f 3884 4103 3882
f 3883 3884 3882
f 4104 4103 3884
f 4105 4104 3884
f 4106 4105 3884
f 3885 4106 3884
f 3886 4106 3885
f 4107 4106 3886
f 3888 4107 3886
f 3887 3888 3886
f 4108 4107 3888
f 4109 4108 3888
f 4110 4109 3888
f 3890 4110 3888
f 3889 3890 3888
f 4111 4110 3890
f 3891 4111 3890
f 4112 4111 3891
f 4113 4112 3891
f 4114 4113 3891
f 4115 4114 3891
f 3892 4115 3891
f 4116 4115 3892
f 3893 4116 3892
f 4118 4117 3894
f 3895 4118 3894
f 4119 4118 3895
f 3896 4119 3895
f 4120 4119 3896
f 3898 4120 3896
f 3897 3898 3896
f 4121 4120 3898
f 4122 4121 3898
f 3899 4122 3898
f 3900 4122 3899
f 4123 4122 3900
f 4124 4123 3900
f 3901 4124 3900
f 4125 4124 3901
f 3902 4125 3901
f 4126 4125 3902
f 3903 4126 3902
f 4127 4126 3903
f 3904 4127 3903
f 3905 4127 3904
f 4128 4127 3905
f 3906 4128 3905
f 4129 4128 3906
f 3908 4129 3906
f 3907 3908 3906
f 4130 4129 3908
f 3909 4130 3908
f 3920 4130 3909
f 3910 3920 3909
f 3924 4131 3911
f 4131 4132 3911
f 4132 4133 3911
f 4133 4134 3911
f 4134 3912 3911
f 4134 4135 3912
f 4135 3913 3912
f 4135 4136 3913
f 4136 3914 3913
f 4136 4137 3914
f 4137 3915 3914
f 4137 4138 3915
f 4138 3916 3915
f 4138 4139 3916
f 4139 3917 3916
f 4139 3918 3917
f 4139 4140 3918
f 4140 3919 3918
f 4141 3920 3919
f 4140 4141 3919
f 4142 4130 3920
f 4141 4142 3920
f 3927 4131 3923
f 4131 3924 3923
f 4143 4144 3925
f 4144 4145 3925
f 4145 4146 3925
f 4146 3926 3925
f 4146 4131 3926
f 4131 3927 3926
f 3967 3929 3928
f 3967 4147 3929
f 4147 4148 3929
f 4148 3930 3929
f 4148 4149 3930
f 4149 3931 3930
f 4149 4150 3931
f 4150 3932 3931
f 4150 4151 3932
f 4151 4152 3932
f 4152 3933 3932
f 4152 3934 3933
f 4152 4153 3934
f 4153 4154 3934
f 4154 4155 3934
f 4155 3936 3934
f 4155 4156 3936
f 4156 3938 3936
f 3938 3937 3936
f 4156 4157 3938
f 4157 4158 3938
f 4158 3940 3938
f 3940 3939 3938
f 4158 4159 3940
f 4159 3941 3940
f 4159 4160 3941
f 4160 4161 3941
f 4161 3949 3941
f 3949 3942 3941
f 3944 4162 3943
f 4163 4162 3944
f 4164 4163 3944
f 4165 4164 3944
f 3945 4165 3944
f 4166 4165 3945
f 3946 4166 3945
f 4167 4166 3946
f 3947 4167 3946
f 4168 4167 3947
f 3948 4168 3947
f 4169 4168 3948
f 3949 4169 3948
f 4161 4170 3949
f 4170 4169 3949
f 4040 4171 3950
f 4171 4172 3950
f 4172 3951 3950
f 4172 4173 3951
f 4173 4174 3951
f 4174 3952 3951
f 4174 4175 3952
f 4175 3954 3952
f 3954 3953 3952
f 4175 3968 3954
f 3968 3955 3954
f 4002 4176 3956
f 4176 4177 3956
f 4177 3957 3956
f 4177 4178 3957
f 4178 4179 3957
f 4179 3960 3957
f 3960 4180 3957
f 4180 3959 3957
f 3959 3958 3957
f 4180 3960 3959
f 4179 4181 3960
f 4181 3961 3960
f 4181 4182 3961
f 4182 3962 3961
f 4182 4183 3962
f 4183 4184 3962
f 4184 3963 3962
f 4184 3964 3963
f 4184 4185 3964
f 4185 4186 3964
f 4186 3965 3964
f 4186 4187 3965
f 4187 3966 3965
f 4187 3967 3966
f 4187 4147 3967
f 4175 4188 3968
f 4188 4189 3968
f 4189 3969 3968
f 4189 4190 3969
f 4190 4191 3969
f 4191 3973 3969
f 3969 3972 3970
f 3970 3752 3971
f 3969 3973 3972
f 3752 3970 3972
f 4191 4192 3973
f 4192 4193 3973
f 4193 3974 3973
f 4193 4194 3974
f 4194 4195 3974
f 4195 4196 3974
f 4196 3975 3974
f 4196 4197 3975
f 4197 4198 3975
f 4198 3976 3975
f 4198 4199 3976
f 4199 3978 3976
f 4199 3979 3978
f 4199 4200 3979
f 4200 4201 3979
f 4201 4202 3979
f 4202 3980 3979
f 4202 4203 3980
f 4203 3981 3980
f 4203 3982 3981
f 4203 4204 3982
f 4204 4205 3982
f 4205 3983 3982
f 4205 4206 3983
f 4206 3984 3983
f 4206 4207 3984
f 4207 3985 3984
f 4207 3986 3985
f 4207 4208 3986
f 4208 4209 3986
f 4209 3987 3986
f 4209 4210 3987
f 4210 4211 3987
f 4211 4212 3987
f 4212 3989 3987
f 3989 3988 3987
f 4212 4213 3989
f 4213 3990 3989
f 4213 4214 3990
f 4214 4215 3990
f 4215 3992 3990
f 3992 3991 3990
f 4215 3993 3992
f 4215 4216 3993
f 4216 4217 3993
f 4217 4218 3993
f 4218 3994 3993
f 4218 4219 3994
f 4219 4220 3994
f 4220 3995 3994
f 4220 4221 3995
f 4221 4222 3995
f 4222 3996 3995
f 4222 4223 3996
f 4223 3997 3996
f 4223 3999 3997
f 3999 3998 3997
f 4223 4000 3999
f 4223 4224 4000
f 4224 4002 4000
f 4002 4001 4000
f 4224 4176 4002
f 4225 4026 4003
f 4226 4225 4003
f 4227 4226 4003
f 4004 4227 4003
f 4006 4227 4004
f 4005 4006 4004
f 4228 4227 4006
f 4229 4228 4006
f 4230 4229 4006
f 4007 4230 4006
f 4231 4230 4007
f 4009 4231 4007
f 4008 4009 4007
f 4232 4231 4009
f 4233 4232 4009
f 4010 4233 4009
f 4234 4233 4010
f 4012 4234 4010
f 4011 4012 4010
f 4235 4234 4012
f 4236 4235 4012
f 4013 4236 4012
f 4237 4236 4013
f 4238 4237 4013
f 4014 4238 4013
f 4239 4238 4014
f 4015 4239 4014
f 4240 4239 4015
f 4016 4240 4015
f 4241 4240 4016
f 4017 4241 4016
f 4242 4241 4017
f 4018 4242 4017
f 4243 4242 4018
f 4019 4243 4018
f 4244 4243 4019
f 4020 4244 4019
f 4245 4244 4020
f 4021 4245 4020
f 4246 4245 4021
f 4022 4246 4021
f 4247 4246 4022
f 4023 4247 4022
f 4248 4247 4023
f 4041 4248 4023
f 4025 4028 4024
f 4249 4028 4025
f 4250 4249 4025
f 4026 4250 4025
f 4225 4250 4026
f 4028 4251 4027
f 4251 4252 4027
f 4252 4033 4027
f 4249 4253 4028
f 4253 4254 4028
f 4254 4251 4028
f 4034 4255 4029
f 4255 4256 4029
f 4256 4030 4029
f 4256 4032 4030
f 4032 4031 4030
f 4256 4257 4032
f 4257 4035 4032
f 4258 4034 4033
f 4252 4258 4033
f 4258 4259 4034
f 4259 4260 4034
f 4260 4255 4034
f 4257 4261 4035
f 4261 4262 4035
f 4262 4036 4035
f 4262 4263 4036
f 4263 4037 4036
f 4263 4264 4037
f 4264 4265 4037
f 4265 4038 4037
f 4265 4266 4038
f 4266 4267 4038
f 4267 4039 4038
f 4267 4268 4039
f 4268 4171 4039
f 4171 4040 4039
f 4269 4248 4041
f 4042 4269 4041
f 4043 4269 4042
f 4270 4269 4043
f 4044 4270 4043
f 4271 4270 4044
f 4272 4271 4044
f 4273 4272 4044
f 4046 4273 4044
f 4045 4046 4044
f 4274 4273 4046
f 4275 4274 4046
f 4047 4275 4046
f 4276 4275 4047
f 4048 4276 4047
f 4277 4276 4048
f 4051 4277 4048
f 4049 4051 4048
f 4050 4051 4049
f 4278 4277 4051
f 4052 4278 4051
f 4279 4278 4052
f 4053 4279 4052
f 4280 4279 4053
f 4281 4280 4053
f 4282 4281 4053
f 4054 4282 4053
f 4283 4282 4054
f 4284 4283 4054
f 4055 4284 4054
f 4056 4284 4055
f 4285 4284 4056
f 4057 4285 4056
f 4286 4285 4057
f 4058 4286 4057
f 4287 4286 4058
f 4059 4287 4058
f 4288 4287 4059
f 4061 4288 4059
f 4060 4061 4059
f 4289 4288 4061
f 4290 4289 4061
f 4063 4290 4061
f 4062 4063 4061
f 4291 4290 4063
f 4292 4291 4063
f 4064 4292 4063
f 4293 4292 4064
f 4065 4293 4064
f 4294 4293 4065
f 4066 4294 4065
f 4295 4294 4066
f 4068 4295 4066
f 4067 4068 4066
f 4296 4295 4068
f 4297 4296 4068
f 4070 4297 4068
f 4069 4070 4068
f 4298 4297 4070
f 4299 4298 4070
f 4071 4299 4070
f 4300 4299 4071
f 4072 4300 4071
f 4301 4300 4072
f 4073 4301 4072
f 4302 4301 4073
f 4074 4302 4073
f 4303 4302 4074
f 4075 4303 4074
f 4304 4303 4075
f 4305 4304 4075
f 4076 4305 4075
f 4078 4305 4076
f 4077 4078 4076
f 4306 4305 4078
f 4307 4306 4078
f 4079 4307 4078
f 4308 4307 4079
f 4080 4308 4079
f 4309 4308 4080
f 4310 4309 4080
f 4081 4310 4080
f 4083 4310 4081
f 4082 4083 4081
f 4311 4310 4083
f 4312 4311 4083
f 4085 4312 4083
f 4084 4085 4083
f 4313 4312 4085
f 4314 4313 4085
f 4315 4314 4085
f 4086 4315 4085
f 4316 4315 4086
f 4087 4316 4086
f 4317 4316 4087
f 4088 4317 4087
f 4318 4317 4088
f 4089 4318 4088
f 4319 4318 4089
f 4090 4319 4089
f 4091 4319 4090
f 4320 4319 4091
f 4092 4320 4091
f 4321 4320 4092
f 4322 4321 4092
f 4093 4322 4092
f 4323 4322 4093
f 4094 4323 4093
f 4096 4323 4094
f 4095 4096 4094
f 4324 4323 4096
f 4325 4324 4096
f 4326 4325 4096
f 4097 4326 4096
f 4099 4326 4097
f 4098 4099 4097
f 4327 4326 4099
f 4328 4327 4099
f 4100 4328 4099
f 4329 4328 4100
f 4330 4329 4100
f 4101 4330 4100
f 4102 4330 4101
f 4331 4330 4102
f 4332 4331 4102
f 4104 4332 4102
f 4103 4104 4102
f 4333 4332 4104
f 4334 4333 4104
f 4335 4334 4104
f 4105 4335 4104
f 4106 4335 4105
f 4336 4335 4106
f 4108 4336 4106
f 4107 4108 4106
f 4337 4336 4108
f 4338 4337 4108
f 4109 4338 4108
f 4339 4338 4109
f 4340 4339 4109
f 4111 4340 4109
f 4110 4111 4109
f 4341 4340 4111
f 4112 4341 4111
f 4342 4341 4112
f 4343 4342 4112
f 4344 4343 4112
f 4345 4344 4112
f 4113 4345 4112
f 4346 4345 4113
f 4114 4346 4113
f 4115 4346 4114
f 4347 4346 4115
f 4348 4347 4115
f 4116 4348 4115
f 4350 4349 4117
f 4351 4350 4117
f 4118 4351 4117
f 4352 4351 4118
f 4119 4352 4118
f 4353 4352 4119
f 4354 4353 4119
f 4121 4354 4119
f 4120 4121 4119
f 4355 4354 4121
f 4356 4355 4121
f 4122 4356 4121
f 4357 4356 4122
f 4358 4357 4122
f 4123 4358 4122
f 4124 4358 4123
f 4359 4358 4124
f 4125 4359 4124
f 4360 4359 4125
f 4126 4360 4125
f 4361 4360 4126
f 4127 4361 4126
f 4362 4361 4127
f 4363 4362 4127
f 4128 4363 4127
f 4142 4363 4128
f 4129 4142 4128
f 4130 4142 4129
f 4146 4132 4131
f 4146 4364 4132
f 4364 4133 4132
f 4364 4365 4133
f 4365 4134 4133
f 4365 4366 4134
f 4366 4135 4134
f 4366 4367 4135
f 4367 4136 4135
f 4367 4368 4136
f 4368 4137 4136
f 4368 4369 4137
f 4369 4138 4137
f 4369 4370 4138
f 4370 4139 4138
f 4370 4371 4139
f 4371 4372 4139
f 4372 4140 4139
f 4372 4141 4140
f 4373 4142 4141
f 4372 4373 4141
f 4374 4363 4142
f 4373 4374 4142
f 4375 4376 4143
f 4376 4377 4143
f 4377 4144 4143
f 4377 4378 4144
f 4378 4379 4144
f 4379 4145 4144
f 4379 4146 4145
f 4379 4380 4146
f 4380 4381 4146
f 4381 4364 4146
f 4187 4382 4147
f 4382 4383 4147
f 4383 4148 4147
f 4383 4384 4148
f 4384 4149 4148
f 4384 4385 4149
f 4385 4386 4149
f 4386 4387 4149
f 4387 4150 4149
f 4387 4151 4150
f 4387 4388 4151
f 4388 4389 4151
f 4389 4153 4151
f 4153 4152 4151
f 4389 4154 4153
f 4389 4390 4154
f 4390 4156 4154
f 4156 4155 4154
f 4390 4391 4156
f 4391 4392 4156
f 4392 4157 4156
f 4392 4393 4157
f 4393 4158 4157
f 4393 4159 4158
f 4393 4394 4159
f 4394 4160 4159
f 4394 4395 4160
f 4395 4396 4160
f 4396 4170 4160
f 4170 4161 4160
f 4398 4397 4162
f 4399 4398 4162
f 4400 4399 4162
f 4163 4400 4162
f 4164 4400 4163
f 4401 4400 4164
f 4402 4401 4164
f 4165 4402 4164
f 4403 4402 4165
f 4166 4403 4165
f 4404 4403 4166
f 4167 4404 4166
f 4405 4404 4167
f 4168 4405 4167
f 4406 4405 4168
f 4169 4406 4168
f 4170 4406 4169
f 4396 4407 4170
f 4407 4406 4170
f 4268 4408 4171
f 4408 4409 4171
f 4409 4410 4171
f 4410 4172 4171
f 4410 4173 4172
f 4410 4174 4173
f 4410 4411 4174
f 4411 4188 4174
f 4188 4175 4174
f 4224 4412 4176
f 4412 4413 4176
f 4413 4178 4176
f 4178 4177 4176
f 4413 4414 4178
f 4414 4415 4178
f 4415 4179 4178
f 4415 4416 4179
f 4416 4417 4179
f 4417 4181 4179
f 4417 4418 4181
f 4418 4182 4181
f 4418 4419 4182
f 4419 4183 4182
f 4419 4420 4183
f 4420 4421 4183
f 4421 4185 4183
f 4185 4184 4183
f 4421 4422 4185
f 4422 4382 4185
f 4382 4186 4185
f 4382 4187 4186
f 4411 4423 4188
f 4423 4424 4188
f 4424 4190 4188
f 4190 4189 4188
f 4424 4191 4190
f 4424 4425 4191
f 4425 4192 4191
f 4425 4426 4192
f 4426 4193 4192
f 4426 4194 4193
f 4426 4427 4194
f 4427 4428 4194
f 4428 4429 4194
f 4430 4195 4194
f 4430 4196 4195
f 4430 4197 4196
f 4430 4429 4197
f 4429 4431 4197
f 4431 4432 4197
f 4432 4433 4197
f 4433 4198 4197
f 4433 4199 4198
f 4433 4200 4199
f 4433 4434 4200
f 4434 4435 4200
f 4435 4201 4200
f 4435 4436 4201
f 4436 4202 4201
f 4436 4437 4202
f 4437 4203 4202
f 4437 4438 4203
f 4438 4204 4203
f 4438 4439 4204
f 4439 4440 4204
f 4440 4205 4204
f 4440 4441 4205
f 4441 4206 4205
f 4441 4208 4206
f 4208 4207 4206
f 4441 4442 4208
f 4442 4443 4208
f 4443 4444 4208
f 4444 4210 4208
f 4210 4209 4208
f 4444 4445 4210
f 4445 4446 4210
f 4446 4211 4210
f 4446 4447 4211
f 4447 4213 4211
f 4213 4212 4211
f 4447 4448 4213
f 4448 4214 4213
f 4448 4449 4214
f 4449 4450 4214
f 4450 4451 4214
f 4216 4215 4214
f 4214 4451 4216
f 4451 4217 4216
f 4451 4452 4217
f 4452 4453 4217
f 4453 4454 4217
f 4454 4218 4217
f 4454 4455 4218
f 4455 4456 4218
f 4456 4219 4218
f 4456 4457 4219
f 4457 4220 4219
f 4457 4222 4220
f 4222 4221 4220
f 4457 4458 4222
f 4458 4459 4222
f 4459 4223 4222
f 4459 4460 4223
f 4460 4224 4223
f 4460 4412 4224
f 4461 4250 4225
f 4462 4461 4225
f 4463 4462 4225
f 4228 4463 4225
f 4226 4228 4225
f 4227 4228 4226
f 4464 4463 4228
f 4465 4464 4228
f 4466 4465 4228
f 4229 4466 4228
f 4467 4466 4229
f 4230 4467 4229
f 4468 4467 4230
f 4232 4468 4230
f 4231 4232 4230
f 4469 4468 4232
f 4470 4469 4232
f 4233 4470 4232
f 4471 4470 4233
f 4472 4471 4233
f 4235 4472 4233
f 4234 4235 4233
f 4473 4472 4235
f 4474 4473 4235
f 4236 4474 4235
f 4475 4474 4236
f 4237 4475 4236
f 4476 4475 4237
f 4238 4476 4237
f 4477 4476 4238
f 4239 4477 4238
f 4478 4477 4239
f 4240 4478 4239
f 4479 4478 4240
f 4241 4479 4240
f 4480 4479 4241
f 4242 4480 4241
f 4481 4480 4242
f 4482 4481 4242
f 4243 4482 4242
f 4244 4482 4243
f 4483 4482 4244
f 4245 4483 4244
f 4484 4483 4245
f 4246 4484 4245
f 4247 4484 4246
f 4485 4484 4247
f 4486 4485 4247
f 4248 4486 4247
f 4269 4486 4248
f 4487 4253 4249
f 4461 4487 4249
f 4250 4461 4249
f 4254 4488 4251
f 4488 4252 4251
f 4488 4258 4252
f 4487 4489 4253
f 4489 4490 4253
f 4490 4254 4253
f 4490 4491 4254
f 4491 4488 4254
f 4260 4257 4255
f 4257 4256 4255
f 4260 4492 4257
f 4492 4261 4257
f 4488 4493 4258
f 4493 4494 4258
f 4494 4495 4258
f 4495 4259 4258
f 4495 4492 4259
f 4492 4260 4259
f 4492 4496 4261
f 4496 4497 4261
f 4497 4262 4261
f 4497 4498 4262
f 4498 4264 4262
f 4264 4263 4262
f 4498 4499 4264
f 4499 4500 4264
f 4500 4266 4264
f 4266 4265 4264
f 4500 4501 4266
f 4501 4267 4266
f 4501 4502 4267
f 4502 4408 4267
f 4408 4268 4267
f 4503 4486 4269
f 4270 4503 4269
f 4504 4503 4270
f 4271 4504 4270
f 4505 4504 4271
f 4506 4505 4271
f 4507 4506 4271
f 4272 4507 4271
f 4508 4507 4272
f 4273 4508 4272
f 4509 4508 4273
f 4510 4509 4273
f 4274 4510 4273
f 4276 4510 4274
f 4275 4276 4274
f 4511 4510 4276
f 4278 4511 4276
f 4277 4278 4276
f 4512 4511 4278
f 4513 4512 4278
f 4514 4513 4278
f 4279 4514 4278
f 4280 4514 4279
f 4515 4514 4280
f 4516 4515 4280
f 4517 4516 4280
f 4518 4517 4280
f 4281 4518 4280
f 4519 4518 4281
f 4282 4519 4281
f 4520 4519 4282
f 4283 4520 4282
f 4521 4520 4283
f 4522 4521 4283
f 4284 4522 4283
f 4286 4522 4284
f 4285 4286 4284
f 4523 4522 4286
f 4524 4523 4286
f 4287 4524 4286
f 4525 4524 4287
f 4289 4525 4287
f 4288 4289 4287
f 4526 4525 4289
f 4527 4526 4289
f 4291 4527 4289
f 4290 4291 4289
f 4528 4527 4291
f 4529 4528 4291
f 4292 4529 4291
f 4530 4529 4292
f 4293 4530 4292
f 4531 4530 4293
f 4294 4531 4293
f 4532 4531 4294
f 4296 4532 4294
f 4295 4296 4294
f 4533 4532 4296
f 4534 4533 4296
f 4298 4534 4296
f 4297 4298 4296
f 4535 4534 4298
f 4536 4535 4298
f 4299 4536 4298
f 4537 4536 4299
f 4300 4537 4299
f 4538 4537 4300
f 4301 4538 4300
f 4539 4538 4301
f 4302 4539 4301
f 4540 4539 4302
f 4303 4540 4302
f 4541 4540 4303
f 4542 4541 4303
f 4304 4542 4303
f 4306 4542 4304
f 4305 4306 4304
f 4543 4542 4306
f 4544 4543 4306
f 4307 4544 4306
f 4545 4544 4307
f 4308 4545 4307
f 4546 4545 4308
f 4547 4546 4308
f 4309 4547 4308
f 4311 4547 4309
f 4310 4311 4309
f 4548 4547 4311
f 4549 4548 4311
f 4313 4549 4311
f 4312 4313 4311
f 4550 4549 4313
f 4551 4550 4313
f 4552 4551 4313
f 4314 4552 4313
f 4553 4552 4314
f 4315 4553 4314
f 4554 4553 4315
f 4316 4554 4315
f 4555 4554 4316
f 4317 4555 4316
f 4556 4555 4317
f 4318 4556 4317
f 4319 4556 4318
f 4557 4556 4319
f 4558 4557 4319
f 4320 4558 4319
f 4559 4558 4320
f 4321 4559 4320
f 4560 4559 4321
f 4322 4560 4321
f 4324 4560 4322
f 4323 4324 4322
f 4561 4560 4324
f 4562 4561 4324
f 4563 4562 4324
f 4325 4563 4324
f 4327 4563 4325
f 4326 4327 4325
f 4564 4563 4327
f 4565 4564 4327
f 4566 4565 4327
f 4328 4566 4327
f 4567 4566 4328
f 4329 4567 4328
f 4330 4567 4329
f 4568 4567 4330
f 4569 4568 4330
f 4331 4569 4330
f 4570 4569 4331
f 4333 4570 4331
f 4332 4333 4331
f 4571 4570 4333
f 4572 4571 4333
f 4573 4572 4333
f 4334 4573 4333
f 4336 4573 4334
f 4335 4336 4334
f 4574 4573 4336
f 4337 4574 4336
f 4575 4574 4337
f 4339 4575 4337
f 4338 4339 4337
f 4576 4575 4339
f 4577 4576 4339
f 4341 4577 4339
f 4340 4341 4339
f 4578 4577 4341
f 4342 4578 4341
f 4579 4578 4342
f 4580 4579 4342
f 4581 4580 4342
f 4343 4581 4342
f 4344 4581 4343
f 4582 4581 4344
f 4345 4582 4344
f 4583 4582 4345
f 4346 4583 4345
f 4347 4583 4346
f 4584 4583 4347
f 4585 4584 4347
f 4348 4585 4347
f 4586 4585 4348
f 4400 4586 4348
f 4399 4400 4348
f 4587 4399 4348
f 4589 4588 4349
f 4590 4589 4349
f 4591 4590 4349
f 4351 4591 4349
f 4350 4351 4349
f 4592 4591 4351
f 4352 4592 4351
f 4593 4592 4352
f 4353 4593 4352
f 4594 4593 4353
f 4355 4594 4353
f 4354 4355 4353
f 4595 4594 4355
f 4356 4595 4355
f 4596 4595 4356
f 4357 4596 4356
f 4597 4596 4357
f 4598 4597 4357
f 4358 4598 4357
f 4359 4598 4358
f 4599 4598 4359
f 4600 4599 4359
f 4360 4600 4359
f 4361 4600 4360
f 4601 4600 4361
f 4362 4601 4361
f 4374 4601 4362
f 4363 4374 4362
f 4381 4602 4364
f 4602 4365 4364
f 4602 4603 4365
f 4603 4366 4365
f 4603 4604 4366
f 4604 4367 4366
f 4604 4605 4367
f 4605 4368 4367
f 4605 4606 4368
f 4606 4369 4368
f 4606 4607 4369
f 4607 4608 4369
f 4608 4370 4369
f 4608 4609 4370
f 4609 4371 4370
f 4609 4610 4371
f 4610 4372 4371
f 4611 4373 4372
f 4610 4611 4372
f 4612 4374 4373
f 4611 4612 4373
f 4613 4601 4374
f 4614 4613 4374
f 4612 4614 4374
f 4615 4616 4375
f 4616 4376 4375
f 4616 4377 4376
f 4616 4617 4377
f 4617 4618 4377
f 4618 4378 4377
f 4618 4619 4378
f 4619 4620 4378
f 4620 4380 4378
f 4380 4379 4378
f 4620 4621 4380
f 4621 4622 4380
f 4622 4381 4380
f 4622 4623 4381
f 4623 4602 4381
f 4422 4624 4382
f 4624 4625 4382
f 4625 4383 4382
f 4625 4626 4383
f 4626 4385 4383
f 4385 4627 4383
f 4627 4384 4383
f 4627 4385 4384
f 4626 4628 4385
f 4628 4629 4385
f 4629 4386 4385
f 4629 4630 4386
f 4630 4387 4386
f 4630 4388 4387
f 4630 4631 4388
f 4631 4632 4388
f 4632 4633 4388
f 4633 4390 4388
f 4390 4389 4388
f 4633 4634 4390
f 4634 4635 4390
f 4635 4636 4390
f 4636 4391 4390
f 4636 4394 4391
f 4394 4392 4391
f 4394 4393 4392
f 4636 4637 4394
f 4637 4638 4394
f 4638 4395 4394
f 4638 4639 4395
f 4639 4407 4395
f 4407 4396 4395
f 4587 4640 4397
f 4399 4587 4397
f 4398 4399 4397
f 4641 4586 4400
f 4401 4641 4400
f 4642 4641 4401
f 4643 4642 4401
f 4402 4643 4401
f 4403 4643 4402
f 4644 4643 4403
f 4645 4644 4403
f 4404 4645 4403
f 4646 4645 4404
f 4405 4646 4404
f 4406 4646 4405
f 4407 4647 4406
f 4647 4648 4406
f 4648 4649 4406
f 4649 4646 4406
f 4639 4650 4407
f 4650 4647 4407
f 4502 4651 4408
f 4651 4652 4408
f 4652 4653 4408
f 4653 4409 4408
f 4653 4654 4409
f 4654 4410 4409
f 4654 4411 4410
f 4654 4655 4411
f 4655 4656 4411
f 4656 4423 4411
f 4460 4657 4412
f 4657 4414 4412
f 4414 4413 4412
f 4657 4658 4414
f 4658 4415 4414
f 4658 4659 4415
f 4659 4660 4415
f 4660 4416 4415
f 4660 4661 4416
f 4661 4662 4416
f 4662 4417 4416
f 4662 4663 4417
f 4663 4418 4417
f 4663 4419 4418
f 4663 4664 4419
f 4664 4665 4419
f 4665 4420 4419
f 4665 4666 4420
f 4666 4667 4420
f 4667 4422 4420
f 4422 4421 4420
f 4667 4624 4422
f 4656 4425 4423
f 4425 4424 4423
f 4656 4668 4425
f 4668 4669 4425
f 4669 4426 4425
f 4669 4668 4426
f 4668 4670 4426
f 4670 4671 4426
f 4671 4427 4426
f 4671 4670 4427
f 4670 4672 4427
f 4672 4673 4427
f 4673 4674 4427
f 4674 4428 4427
f 4674 4675 4428
f 4675 4676 4428
f 4676 4431 4428
f 4431 4429 4428
f 4430 4194 4429
f 4676 4677 4431
f 4677 4678 4431
f 4678 4432 4431
f 4678 4434 4432
f 4434 4433 4432
f 4678 4679 4434
f 4679 4435 4434
f 4679 4680 4435
f 4680 4681 4435
f 4681 4682 4435
f 4682 4436 4435
f 4682 4437 4436
f 4682 4681 4437
f 4681 4683 4437
f 4683 4684 4437
f 4684 4438 4437
f 4684 4685 4438
f 4685 4439 4438
f 4685 4440 4439
f 4685 4686 4440
f 4686 4687 4440
f 4440 4442 4441
f 4440 4687 4442
f 4687 4688 4442
f 4688 4443 4442
f 4688 4445 4443
f 4445 4444 4443
f 4688 4689 4445
f 4689 4690 4445
f 4690 4691 4445
f 4691 4446 4445
f 4691 4692 4446
f 4692 4449 4446
f 4449 4447 4446
f 4449 4448 4447
f 4692 4693 4449
f 4693 4694 4449
f 4694 4451 4449
f 4451 4450 4449
f 4694 4452 4451
f 4694 4693 4452
f 4693 4695 4452
f 4695 4453 4452
f 4695 4696 4453
f 4696 4697 4453
f 4697 4454 4453
f 4697 4698 4454
f 4698 4699 4454
f 4699 4455 4454
f 4699 4700 4455
f 4700 4456 4455
f 4700 4701 4456
f 4701 4702 4456
f 4702 4457 4456
f 4702 4458 4457
f 4702 4703 4458
f 4703 4704 4458
f 4704 4459 4458
f 4704 4705 4459
f 4705 4460 4459
f 4705 4657 4460
f 4706 4487 4461
f 4707 4706 4461
f 4708 4707 4461
f 4709 4708 4461
f 4462 4709 4461
f 4464 4709 4462
f 4463 4464 4462
f 4710 4709 4464
f 4711 4710 4464
f 4465 4711 4464
f 4712 4711 4465
f 4466 4712 4465
f 4467 4712 4466
f 4468 4712 4467
f 4469 4712 4468
f 4713 4712 4469
f 4471 4713 4469
f 4470 4471 4469
f 4714 4713 4471
f 4715 4714 4471
f 4473 4715 4471
f 4472 4473 4471
f 4716 4715 4473
f 4717 4716 4473
f 4718 4717 4473
f 4474 4718 4473
f 4719 4718 4474
f 4720 4719 4474
f 4475 4720 4474
f 4721 4720 4475
f 4476 4721 4475
f 4477 4721 4476
f 4722 4721 4477
f 4478 4722 4477
f 4723 4722 4478
f 4724 4723 4478
f 4479 4724 4478
f 4725 4724 4479
f 4480 4725 4479
f 4726 4725 4480
f 4481 4726 4480
f 4727 4726 4481
f 4482 4727 4481
f 4728 4727 4482
f 4483 4728 4482
f 4729 4728 4483
f 4730 4729 4483
f 4484 4730 4483
f 4485 4730 4484
f 4731 4730 4485
f 4486 4731 4485
f 4732 4731 4486
f 4503 4732 4486
f 4733 4489 4487
f 4706 4733 4487
f 4491 4734 4488
f 4734 4735 4488
f 4735 4493 4488
f 4736 4490 4489
f 4733 4736 4489
f 4736 4737 4490
f 4737 4491 4490
f 4737 4738 4491
f 4738 4734 4491
f 4495 4739 4492
f 4739 4496 4492
f 4735 4740 4493
f 4740 4741 4493
f 4741 4739 4493
f 4739 4494 4493
f 4739 4495 4494
f 4739 4742 4496
f 4742 4743 4496
f 4743 4744 4496
f 4744 4498 4496
f 4498 4497 4496
f 4744 4745 4498
f 4745 4746 4498
f 4746 4747 4498
f 4747 4499 4498
f 4747 4748 4499
f 4748 4500 4499
f 4748 4749 4500
f 4749 4501 4500
f 4749 4750 4501
f 4750 4751 4501
f 4751 4651 4501
f 4651 4502 4501
f 4752 4732 4503
f 4504 4752 4503
f 4753 4752 4504
f 4505 4753 4504
f 4754 4753 4505
f 4755 4754 4505
f 4756 4755 4505
f 4506 4756 4505
f 4757 4756 4506
f 4507 4757 4506
f 4758 4757 4507
f 4509 4758 4507
f 4508 4509 4507
f 4759 4758 4509
f 4760 4759 4509
f 4512 4760 4509
f 4510 4512 4509
f 4511 4512 4510
f 4761 4760 4512
f 4513 4761 4512
f 4514 4761 4513
f 4762 4761 4514
f 4515 4762 4514
f 4763 4762 4515
f 4516 4763 4515
f 4764 4763 4516
f 4765 4764 4516
f 4766 4765 4516
f 4767 4766 4516
f 4517 4767 4516
f 4518 4767 4517
f 4766 4767 4518
f 4768 4766 4518
f 4769 4768 4518
f 4519 4769 4518
f 4770 4769 4519
f 4771 4770 4519
f 4520 4771 4519
f 4772 4771 4520
f 4521 4772 4520
f 4523 4772 4521
f 4522 4523 4521
f 4773 4772 4523
f 4774 4773 4523
f 4524 4774 4523
f 4775 4774 4524
f 4526 4775 4524
f 4525 4526 4524
f 4776 4775 4526
f 4777 4776 4526
f 4528 4777 4526
f 4527 4528 4526
f 4778 4777 4528
f 4779 4778 4528
f 4529 4779 4528
f 4780 4779 4529
f 4530 4780 4529
f 4781 4780 4530
f 4531 4781 4530
f 4782 4781 4531
f 4533 4782 4531
f 4532 4533 4531
f 4783 4782 4533
f 4784 4783 4533
f 4535 4784 4533
f 4534 4535 4533
f 4785 4784 4535
f 4786 4785 4535
f 4536 4786 4535
f 4787 4786 4536
f 4537 4787 4536
f 4788 4787 4537
f 4538 4788 4537
f 4789 4788 4538
f 4539 4789 4538
f 4790 4789 4539
f 4540 4790 4539
f 4791 4790 4540
f 4792 4791 4540
f 4541 4792 4540
f 4542 4792 4541
f 4793 4792 4542
f 4544 4793 4542
f 4543 4544 4542
f 4794 4793 4544
f 4795 4794 4544
f 4545 4795 4544
f 4796 4795 4545
f 4797 4796 4545
f 4546 4797 4545
f 4548 4797 4546
f 4547 4548 4546
f 4798 4797 4548
f 4799 4798 4548
f 4550 4799 4548
f 4549 4550 4548
f 4800 4799 4550
f 4801 4800 4550
f 4802 4801 4550
f 4551 4802 4550
f 4803 4802 4551
f 4552 4803 4551
f 4804 4803 4552
f 4553 4804 4552
f 4805 4804 4553
f 4554 4805 4553
f 4806 4805 4554
f 4555 4806 4554
f 4557 4806 4555
f 4556 4557 4555
f 4807 4806 4557
f 4808 4807 4557
f 4809 4808 4557
f 4558 4809 4557
f 4810 4809 4558
f 4559 4810 4558
f 4560 4810 4559
f 4811 4810 4560
f 4812 4811 4560
f 4561 4812 4560
f 4813 4812 4561
f 4562 4813 4561
f 4564 4813 4562
f 4563 4564 4562
f 4814 4813 4564
f 4815 4814 4564
f 4816 4815 4564
f 4565 4816 4564
f 4817 4816 4565
f 4566 4817 4565
f 4568 4817 4566
f 4567 4568 4566
f 4818 4817 4568
f 4819 4818 4568
f 4820 4819 4568
f 4569 4820 4568
f 4821 4820 4569
f 4571 4821 4569
f 4570 4571 4569
f 4822 4821 4571
f 4823 4822 4571
f 4824 4823 4571
f 4572 4824 4571
f 4574 4824 4572
f 4573 4574 4572
f 4825 4824 4574
f 4826 4825 4574
f 4576 4826 4574
f 4575 4576 4574
f 4827 4826 4576
f 4577 4827 4576
f 4828 4827 4577
f 4578 4828 4577
f 4829 4828 4578
f 4830 4829 4578
f 4579 4830 4578
f 4831 4830 4579
f 4832 4831 4579
f 4833 4832 4579
f 4834 4833 4579
f 4580 4834 4579
f 4835 4834 4580
f 4581 4835 4580
f 4836 4835 4581
f 4582 4836 4581
f 4837 4836 4582
f 4583 4837 4582
f 4838 4837 4583
f 4584 4838 4583
f 4839 4838 4584
f 4840 4839 4584
f 4586 4840 4584
f 4585 4586 4584
f 4841 4840 4586
f 4842 4841 4586
f 4641 4842 4586
f 4348 4640 4587
f 4844 4843 4588
f 4845 4844 4588
f 4589 4845 4588
f 4846 4845 4589
f 4847 4846 4589
f 4848 4847 4589
f 4590 4848 4589
f 4592 4848 4590
f 4591 4592 4590
f 4849 4848 4592
f 4593 4849 4592
f 4850 4849 4593
f 4851 4850 4593
f 4595 4851 4593
f 4594 4595 4593
f 4852 4851 4595
f 4853 4852 4595
f 4596 4853 4595
f 4854 4853 4596
f 4597 4854 4596
f 4855 4854 4597
f 4598 4855 4597
f 4856 4855 4598
f 4599 4856 4598
f 4857 4856 4599
f 4600 4857 4599
f 4613 4857 4600
f 4601 4613 4600
f 4623 4858 4602
f 4858 4603 4602
f 4858 4859 4603
f 4859 4604 4603
f 4859 4860 4604
f 4860 4605 4604
f 4860 4861 4605
f 4861 4606 4605
f 4861 4862 4606
f 4862 4863 4606
f 4863 4607 4606
f 4863 4608 4607
f 4863 4864 4608
f 4864 4865 4608
f 4865 4609 4608
f 4865 4610 4609
f 4866 4611 4610
f 4865 4866 4610
f 4867 4612 4611
f 4866 4867 4611
f 4867 4614 4612
f 4868 4857 4613
f 4614 4868 4613
f 4869 4868 4614
f 4870 4869 4614
f 4871 4870 4614
f 4872 4871 4614
f 4867 4872 4614
f 4873 4874 4615
f 4874 4875 4615
f 4875 4616 4615
f 4875 4876 4616
f 4876 4617 4616
f 4876 4877 4617
f 4877 4619 4617
f 4619 4618 4617
f 4877 4878 4619
f 4878 4879 4619
f 4879 4621 4619
f 4621 4620 4619
f 4879 4880 4621
f 4880 4622 4621
f 4880 4623 4622
f 4880 4881 4623
f 4881 4882 4623
f 4882 4858 4623
f 4667 4883 4624
f 4883 4884 4624
f 4884 4885 4624
f 4885 4625 4624
f 4885 4626 4625
f 4885 4884 4626
f 4884 4886 4626
f 4886 4887 4626
f 4887 4628 4626
f 4887 4888 4628
f 4888 4629 4628
f 4888 4889 4629
f 4889 4631 4629
f 4631 4630 4629
f 4889 4890 4631
f 4890 4632 4631
f 4890 4891 4632
f 4891 4892 4632
f 4892 4634 4632
f 4634 4633 4632
f 4892 4893 4634
f 4893 4635 4634
f 4893 4894 4635
f 4894 4636 4635
f 4894 4895 4636
f 4895 4637 4636
f 4895 4896 4637
f 4896 4638 4637
f 4896 4897 4638
f 4897 4639 4638
f 4897 4898 4639
f 4898 4899 4639
f 4899 4900 4639
f 4900 4650 4639
f 4901 4842 4641
f 4642 4901 4641
f 4902 4901 4642
f 4903 4902 4642
f 4643 4903 4642
f 4904 4903 4643
f 4644 4904 4643
f 4649 4904 4644
f 4645 4649 4644
f 4646 4649 4645
f 4650 4900 4647
f 4900 4905 4647
f 4905 4906 4647
f 4906 4648 4647
f 4906 4649 4648
f 4906 4907 4649
f 4907 4908 4649
f 4908 4909 4649
f 4909 4904 4649
f 4751 4910 4651
f 4910 4652 4651
f 4910 4911 4652
f 4911 4912 4652
f 4912 4653 4652
f 4912 4655 4653
f 4655 4654 4653
f 4912 4913 4655
f 4913 4914 4655
f 4914 4915 4655
f 4915 4656 4655
f 4915 4668 4656
f 4705 4916 4657
f 4916 4917 4657
f 4917 4918 4657
f 4918 4659 4657
f 4659 4658 4657
f 4918 4917 4659
f 4917 4919 4659
f 4919 4660 4659
f 4919 4920 4660
f 4920 4921 4660
f 4921 4661 4660
f 4921 4922 4661
f 4922 4662 4661
f 4922 4923 4662
f 4923 4924 4662
f 4924 4664 4662
f 4664 4663 4662
f 4924 4666 4664
f 4666 4665 4664
f 4924 4925 4666
f 4925 4926 4666
f 4926 4883 4666
f 4883 4667 4666
f 4915 4927 4668
f 4927 4670 4668
f 4927 4928 4670
f 4928 4929 4670
f 4929 4673 4670
f 4673 4672 4670
f 4929 4930 4673
f 4930 4931 4673
f 4931 4675 4673
f 4675 4674 4673
f 4931 4932 4675
f 4932 4933 4675
f 4933 4676 4675
f 4933 4677 4676
f 4933 4934 4677
f 4934 4678 4677
f 4934 4935 4678
f 4935 4936 4678
f 4936 4937 4678
f 4937 4679 4678
f 4937 4680 4679
f 4937 4936 4680
f 4936 4938 4680
f 4938 4939 4680
f 4939 4940 4680
f 4940 4681 4680
f 4940 4941 4681
f 4941 4683 4681
f 4941 4942 4683
f 4942 4684 4683
f 4942 4685 4684
f 4942 4943 4685
f 4943 4944 4685
f 4944 4945 4685
f 4945 4946 4685
f 4946 4686 4685
f 4946 4688 4686
f 4688 4687 4686
f 4946 4689 4688
f 4946 4947 4689
f 4947 4948 4689
f 4948 4949 4689
f 4949 4690 4689
f 4949 4691 4690
f 4949 4950 4691
f 4950 4951 4691
f 4951 4952 4691
f 4952 4692 4691
f 4952 4953 4692
f 4953 4693 4692
f 4953 4954 4693
f 4954 4695 4693
f 4954 4955 4695
f 4955 4696 4695
f 4955 4956 4696
f 4956 4697 4696
f 4956 4957 4697
f 4957 4958 4697
f 4958 4698 4697
f 4958 4959 4698
f 4959 4699 4698
f 4959 4960 4699
f 4960 4961 4699
f 4961 4701 4699
f 4701 4700 4699
f 4961 4962 4701
f 4962 4963 4701
f 4963 4702 4701
f 4963 4964 4702
f 4964 4965 4702
f 4965 4966 4702
f 4966 4703 4702
f 4966 4704 4703
f 4966 4967 4704
f 4967 4916 4704
f 4916 4705 4704
f 4968 4733 4706
f 4969 4968 4706
f 4707 4969 4706
f 4970 4969 4707
f 4971 4970 4707
f 4708 4971 4707
f 4710 4971 4708
f 4709 4710 4708
f 4972 4971 4710
f 4973 4972 4710
f 4974 4973 4710
f 4975 4974 4710
f 4711 4975 4710
f 4713 4975 4711
f 4712 4713 4711
f 4976 4975 4713
f 4714 4976 4713
f 4977 4976 4714
f 4978 4977 4714
f 4716 4978 4714
f 4715 4716 4714
f 4979 4978 4716
f 4980 4979 4716
f 4718 4980 4716
f 4717 4718 4716
f 4981 4980 4718
f 4982 4981 4718
f 4983 4982 4718
f 4719 4983 4718
f 4984 4983 4719
f 4720 4984 4719
f 4985 4984 4720
f 4721 4985 4720
f 4986 4985 4721
f 4722 4986 4721
f 4987 4986 4722
f 4988 4987 4722
f 4723 4988 4722
f 4724 4988 4723
f 4989 4988 4724
f 4725 4989 4724
f 4990 4989 4725
f 4991 4990 4725
f 4726 4991 4725
f 4727 4991 4726
f 4992 4991 4727
f 4993 4992 4727
f 4728 4993 4727
f 4729 4993 4728
f 4994 4993 4729
f 4995 4994 4729
f 4730 4995 4729
f 4996 4995 4730
f 4731 4996 4730
f 4732 4996 4731
f 4997 4996 4732
f 4998 4997 4732
f 4752 4998 4732
f 4999 4736 4733
f 5000 4999 4733
f 4968 5000 4733
f 4738 5001 4734
f 5001 4735 4734
f 5001 5002 4735
f 5002 5003 4735
f 5003 4740 4735
f 4999 5004 4736
f 5004 4737 4736
f 5004 5005 4737
f 5005 4738 4737
f 5005 5006 4738
f 5006 5007 4738
f 5007 5001 4738
f 4741 5008 4739
f 5008 4742 4739
f 5003 5008 4740
f 5008 4741 4740
f 5008 5009 4742
f 5009 5010 4742
f 5010 5011 4742
f 5011 5012 4742
f 5012 4744 4742
f 4744 4743 4742
f 5012 5013 4744
f 5013 4746 4744
f 4746 4745 4744
f 5013 5014 4746
f 5014 5015 4746
f 5015 5016 4746
f 5016 4747 4746
f 5016 4749 4747
f 4749 4748 4747
f 5016 5017 4749
f 5017 5018 4749
f 5018 4750 4749
f 5018 5019 4750
f 5019 5020 4750
f 5020 4751 4750
f 5020 4911 4751
f 4911 4910 4751
f 4753 4998 4752
f 5021 4998 4753
f 4754 5021 4753
f 5022 5021 4754
f 5023 5022 4754
f 5024 5023 4754
f 4755 5024 4754
f 5025 5024 4755
f 4756 5025 4755
f 5026 5025 4756
f 4757 5026 4756
f 5027 5026 4757
f 4759 5027 4757
f 4758 4759 4757
f 5028 5027 4759
f 5029 5028 4759
f 4761 5029 4759
f 4760 4761 4759
f 5030 5029 4761
f 5031 5030 4761
f 5032 5031 4761
f 4762 5032 4761
f 5033 5032 4762
f 4764 5033 4762
f 4763 4764 4762
f 5034 5033 4764
f 5035 5034 4764
f 4765 5035 4764
f 5036 5035 4765
f 4766 5036 4765
f 5037 5036 4766
f 4769 5037 4766
f 4768 4769 4766
f 5038 5037 4769
f 5039 5038 4769
f 5040 5039 4769
f 4770 5040 4769
f 4771 5040 4770
f 5041 5040 4771
f 4773 5041 4771
f 4772 4773 4771
f 5042 5041 4773
f 5043 5042 4773
f 4774 5043 4773
f 5044 5043 4774
f 4776 5044 4774
f 4775 4776 4774
f 5045 5044 4776
f 5046 5045 4776
f 4778 5046 4776
f 4777 4778 4776
f 5047 5046 4778
f 5048 5047 4778
f 4779 5048 4778
f 5049 5048 4779
f 4780 5049 4779
f 5050 5049 4780
f 4781 5050 4780
f 5051 5050 4781
f 4783 5051 4781
f 4782 4783 4781
f 5052 5051 4783
f 5053 5052 4783
f 4785 5053 4783
f 4784 4785 4783
f 5054 5053 4785
f 5055 5054 4785
f 4786 5055 4785
f 5056 5055 4786
f 4787 5056 4786
f 5057 5056 4787
f 4788 5057 4787
f 5058 5057 4788
f 4789 5058 4788
f 5059 5058 4789
f 4790 5059 4789
f 5060 5059 4790
f 5061 5060 4790
f 4791 5061 4790
f 4792 5061 4791
f 5062 5061 4792
f 4794 5062 4792
f 4793 4794 4792
f 5063 5062 4794
f 5064 5063 4794
f 4795 5064 4794
f 5065 5064 4795
f 5066 5065 4795
f 4796 5066 4795
f 4798 5066 4796
f 4797 4798 4796
f 5067 5066 4798
f 5068 5067 4798
f 4800 5068 4798
f 4799 4800 4798
f 5069 5068 4800
f 5070 5069 4800
f 5071 5070 4800
f 4801 5071 4800
f 5072 5071 4801
f 4802 5072 4801
f 5073 5072 4802
f 4803 5073 4802
f 5074 5073 4803
f 4804 5074 4803
f 5075 5074 4804
f 4805 5075 4804
f 4807 5075 4805
f 4806 4807 4805
f 5076 5075 4807
f 5077 5076 4807
f 4808 5077 4807
f 5078 5077 4808
f 5079 5078 4808
f 4809 5079 4808
f 4810 5079 4809
f 5080 5079 4810
f 5081 5080 4810
f 4811 5081 4810
f 5082 5081 4811
f 4812 5082 4811
f 4813 5082 4812
f 5083 5082 4813
f 5084 5083 4813
f 4814 5084 4813
f 5085 5084 4814
f 4815 5085 4814
f 4819 5086 4818
f 4820 5086 4819
f 5087 5086 4820
f 4822 5087 4820
f 4821 4822 4820
f 5088 5087 4822
f 5089 5088 4822
f 5090 5089 4822
f 4823 5090 4822
f 4825 5090 4823
f 4824 4825 4823
f 5091 5090 4825
f 4826 5091 4825
f 5092 5091 4826
f 5093 5092 4826
f 4828 5093 4826
f 4827 4828 4826
f 5094 5093 4828
f 4829 5094 4828
f 5095 5094 4829
f 5096 5095 4829
f 4831 5096 4829
f 4830 4831 4829
f 5097 5096 4831
f 5098 5097 4831
f 5099 5098 4831
f 4832 5099 4831
f 5100 5099 4832
f 4833 5100 4832
f 5101 5100 4833
f 5102 5101 4833
f 4834 5102 4833
f 4835 5102 4834
f 5103 5102 4835
f 5104 5103 4835
f 4836 5104 4835
f 4837 5104 4836
f 5105 5104 4837
f 4838 5105 4837
f 5106 5105 4838
f 4839 5106 4838
f 5107 5106 4839
f 5108 5107 4839
f 4841 5108 4839
f 4840 4841 4839
f 5109 5108 4841
f 4842 5109 4841
f 5110 5109 4842
f 4901 5110 4842
f 5112 5111 4843
f 4844 5112 4843
f 5113 5112 4844
f 5114 5113 4844
f 4846 5114 4844
f 4845 4846 4844
f 5115 5114 4846
f 5116 5115 4846
f 4849 5116 4846
f 4847 4849 4846
f 4848 4849 4847
f 5117 5116 4849
f 4850 5117 4849
f 5118 5117 4850
f 4852 5118 4850
f 4851 4852 4850
f 5119 5118 4852
f 5120 5119 4852
f 4853 5120 4852
f 5121 5120 4853
f 4854 5121 4853
f 5122 5121 4854
f 4855 5122 4854
f 4868 5122 4855
f 4856 4868 4855
f 4857 4868 4856
f 4882 4859 4858
f 4882 5123 4859
f 5123 5124 4859
f 5124 4860 4859
f 5124 5123 4860
f 5123 5125 4860
f 5125 4861 4860
f 5125 5126 4861
f 5126 5127 4861
f 5127 4862 4861
f 5127 5128 4862
f 5128 4863 4862
f 5128 5129 4863
f 5129 4864 4863
f 5129 5130 4864
f 5130 4865 4864
f 4872 4866 4865
f 5130 4872 4865
f 4872 4867 4866
f 5131 5122 4868
f 4869 5131 4868
f 5132 5131 4869
f 5133 5132 4869
f 5134 5133 4869
f 5135 5134 4869
f 4870 5135 4869
f 5136 5135 4870
f 4871 5136 4870
f 5137 5136 4871
f 4872 5137 4871
f 5138 5137 4872
f 5130 5138 4872
f 5139 5140 4873
f 5140 5141 4873
f 5141 5142 4873
f 5142 4874 4873
f 5142 4876 4874
f 4876 4875 4874
f 5142 5143 4876
f 5143 5144 4876
f 5144 5145 4876
f 5145 4878 4876
f 4878 4877 4876
f 5145 5146 4878
f 5146 5147 4878
f 5147 4880 4878
f 4880 4879 4878
f 5147 5148 4880
f 5148 4881 4880
f 5148 4882 4881
f 5148 5149 4882
f 5149 5150 4882
f 5150 5123 4882
f 4926 5151 4883
f 5151 5152 4883
f 5152 5153 4883
f 5153 4884 4883
f 5153 4886 4884
f 5153 5152 4886
f 5152 5154 4886
f 5154 5155 4886
f 5155 5156 4886
f 5156 4887 4886
f 5156 5157 4887
f 5157 4888 4887
f 5157 5158 4888
f 5158 4889 4888
f 5158 5159 4889
f 5159 4890 4889
f 5159 5160 4890
f 5160 5161 4890
f 5161 4891 4890
f 5161 5162 4891
f 5162 5163 4891
f 5163 4893 4891
f 4893 4892 4891
f 5163 5164 4893
f 5164 5165 4893
f 5165 4895 4893
f 4895 4894 4893
f 5165 5166 4895
f 5166 4897 4895
f 4897 4896 4895
f 5166 5167 4897
f 5167 5168 4897
f 5168 5169 4897
f 5169 4898 4897
f 5169 5170 4898
f 5170 5171 4898
f 5171 5172 4898
f 5172 4899 4898
f 5172 4900 4899
f 5172 5173 4900
f 5173 5174 4900
f 5174 4905 4900
f 4902 5110 4901
f 5175 5110 4902
f 4909 5175 4902
f 4903 4909 4902
f 4904 4909 4903
f 5174 4907 4905
f 4907 4906 4905
f 5174 5176 4907
f 5176 5177 4907
f 5177 4908 4907
f 5177 5178 4908
f 5178 4909 4908
f 5178 5179 4909
f 5179 5175 4909
f 5020 5180 4911
f 5180 5181 4911
f 5181 4913 4911
f 4913 4912 4911
f 5181 4927 4913
f 4927 4915 4913
f 4915 4914 4913
f 4967 5182 4916
f 5182 5183 4916
f 5183 4917 4916
f 5183 5184 4917
f 5184 5185 4917
f 5185 4920 4917
f 4920 4919 4917
f 5185 5186 4920
f 5186 5187 4920
f 5187 4921 4920
f 5187 5188 4921
f 5188 4922 4921
f 5188 5189 4922
f 5189 4923 4922
f 5189 5190 4923
f 5190 5191 4923
f 5191 4925 4923
f 4925 4924 4923
f 5191 5192 4925
f 5192 4926 4925
f 5192 5151 4926
f 5181 5193 4927
f 5193 4928 4927
f 5193 5194 4928
f 5194 5195 4928
f 5195 4929 4928
f 5195 5196 4929
f 5196 4930 4929
f 5196 4931 4930
f 5196 5197 4931
f 5197 5198 4931
f 5198 5199 4931
f 5199 5200 4931
f 5200 4932 4931
f 5200 5201 4932
f 5201 4933 4932
f 5201 5202 4933
f 5202 4935 4933
f 4935 4934 4933
f 5202 5203 4935
f 5203 4938 4935
f 4938 4936 4935
f 5203 5204 4938
f 5204 5205 4938
f 5205 4939 4938
f 5205 5206 4939
f 5206 4940 4939
f 5206 4941 4940
f 5206 5207 4941
f 5207 5208 4941
f 5208 5209 4941
f 5209 5210 4941
f 5210 4943 4941
f 4943 4942 4941
f 5210 5209 4943
f 5209 5211 4943
f 5211 5212 4943
f 5212 4944 4943
f 5212 5213 4944
f 5213 4945 4944
f 5213 4947 4945
f 4947 4946 4945
f 5213 5214 4947
f 5214 5215 4947
f 5215 5216 4947
f 5216 4948 4947
f 5216 4949 4948
f 5216 5217 4949
f 5217 5218 4949
f 5218 5219 4949
f 5219 4950 4949
f 5219 4951 4950
f 5219 5220 4951
f 5220 5221 4951
f 5221 4953 4951
f 4953 4952 4951
f 5221 5220 4953
f 5220 5222 4953
f 5222 5223 4953
f 5223 4954 4953
f 5223 5224 4954
f 5224 5225 4954
f 5225 4955 4954
f 5225 5226 4955
f 5226 5227 4955
f 5227 5228 4955
f 5228 4956 4955
f 5228 5229 4956
f 5229 5230 4956
f 5230 4957 4956
f 5230 5231 4957
f 5231 4959 4957
f 4959 4958 4957
f 5231 5232 4959
f 5232 5233 4959
f 5233 4961 4959
f 4961 4960 4959
f 5233 5234 4961
f 5234 5235 4961
f 5235 4963 4961
f 4963 4962 4961
f 5235 5236 4963
f 5236 4965 4963
f 4965 4964 4963
f 5236 5237 4965
f 5237 4967 4965
f 4967 4966 4965
f 5237 5238 4967
f 5238 5183 4967
f 5183 5182 4967
f 4969 5000 4968
f 5239 5000 4969
f 5240 5239 4969
f 5241 5240 4969
f 4972 5241 4969
f 4970 4972 4969
f 4971 4972 4970
f 5242 5241 4972
f 5243 5242 4972
f 5244 5243 4972
f 4973 5244 4972
f 5245 5244 4973
f 4974 5245 4973
f 4975 5245 4974
f 4976 5245 4975
f 5246 5245 4976
f 5247 5246 4976
f 5248 5247 4976
f 4977 5248 4976
f 4979 5248 4977
f 4978 4979 4977
f 5249 5248 4979
f 5250 5249 4979
f 4981 5250 4979
f 4980 4981 4979
f 5251 5250 4981
f 5252 5251 4981
f 5253 5252 4981
f 4982 5253 4981
f 5254 5253 4982
f 5255 5254 4982
f 4983 5255 4982
f 5256 5255 4983
f 4984 5256 4983
f 4985 5256 4984
f 5257 5256 4985
f 4986 5257 4985
f 5258 5257 4986
f 5259 5258 4986
f 4987 5259 4986
f 4988 5259 4987
f 5260 5259 4988
f 5261 5260 4988
f 4989 5261 4988
f 4990 5261 4989
f 5262 5261 4990
f 4991 5262 4990
f 5263 5262 4991
f 5264 5263 4991
f 4992 5264 4991
f 4993 5264 4992
f 5265 5264 4993
f 5266 5265 4993
f 4994 5266 4993
f 4995 5266 4994
f 5267 5266 4995
f 4996 5267 4995
f 5268 5267 4996
f 4997 5268 4996
f 4998 5268 4997
f 5269 5268 4998
f 5021 5269 4998
f 5000 5270 4999
f 5270 5271 4999
f 5271 5004 4999
f 5272 5270 5000
f 5273 5272 5000
f 5239 5273 5000
f 5007 5274 5001
f 5274 5275 5001
f 5275 5002 5001
f 5275 5276 5002
f 5276 5277 5002
f 5277 5008 5002
f 5008 5003 5002
f 5271 5278 5004
f 5278 5279 5004
f 5279 5005 5004
f 5279 5280 5005
f 5280 5281 5005
f 5281 5006 5005
f 5281 5007 5006
f 5281 5282 5007
f 5282 5283 5007
f 5283 5284 5007
f 5284 5275 5007
f 5275 5274 5007
f 5277 5285 5008
f 5285 5009 5008
f 5285 5286 5009
f 5286 5287 5009
f 5287 5288 5009
f 5288 5010 5009
f 5288 5013 5010
f 5013 5012 5010
f 5012 5011 5010
f 5288 5014 5013
f 5288 5289 5014
f 5289 5290 5014
f 5290 5015 5014
f 5290 5291 5015
f 5291 5292 5015
f 5292 5293 5015
f 5293 5294 5015
f 5294 5016 5015
f 5294 5017 5016
f 5294 5293 5017
f 5293 5295 5017
f 5295 5296 5017
f 5296 5018 5017
f 5296 5297 5018
f 5297 5298 5018
f 5298 5299 5018
f 5299 5019 5018
f 5299 5020 5019
f 5299 5180 5020
f 5300 5269 5021
f 5022 5300 5021
f 5301 5300 5022
f 5302 5301 5022
f 5303 5302 5022
f 5023 5303 5022
f 5304 5303 5023
f 5025 5304 5023
f 5024 5025 5023
f 5305 5304 5025
f 5306 5305 5025
f 5028 5306 5025
f 5026 5028 5025
f 5027 5028 5026
f 5307 5306 5028
f 5032 5307 5028
f 5031 5032 5028
f 5030 5031 5028
f 5029 5030 5028
f 5308 5307 5032
f 5309 5308 5032
f 5034 5309 5032
f 5033 5034 5032
f 5310 5309 5034
f 5311 5310 5034
f 5312 5311 5034
f 5035 5312 5034
f 5313 5312 5035
f 5314 5313 5035
f 5036 5314 5035
f 5038 5314 5036
f 5037 5038 5036
f 5315 5314 5038
f 5316 5315 5038
f 5317 5316 5038
f 5039 5317 5038
f 5318 5317 5039
f 5040 5318 5039
f 5042 5318 5040
f 5041 5042 5040
f 5319 5318 5042
f 5320 5319 5042
f 5043 5320 5042
f 5321 5320 5043
f 5045 5321 5043
f 5044 5045 5043
f 5322 5321 5045
f 5323 5322 5045
f 5047 5323 5045
f 5046 5047 5045
f 5324 5323 5047
f 5325 5324 5047
f 5048 5325 5047
f 5326 5325 5048
f 5049 5326 5048
f 5327 5326 5049
f 5050 5327 5049
f 5328 5327 5050
f 5052 5328 5050
f 5051 5052 5050
f 5329 5328 5052
f 5330 5329 5052
f 5054 5330 5052
f 5053 5054 5052
f 5331 5330 5054
f 5332 5331 5054
f 5055 5332 5054
f 5333 5332 5055
f 5056 5333 5055
f 5334 5333 5056
f 5057 5334 5056
f 5335 5334 5057
f 5058 5335 5057
f 5336 5335 5058
f 5059 5336 5058
f 5337 5336 5059
f 5338 5337 5059
f 5060 5338 5059
f 5061 5338 5060
f 5339 5338 5061
f 5063 5339 5061
f 5062 5063 5061
f 5340 5339 5063
f 5341 5340 5063
f 5064 5341 5063
f 5342 5341 5064
f 5343 5342 5064
f 5065 5343 5064
f 5067 5343 5065
f 5066 5067 5065
f 5344 5343 5067
f 5345 5344 5067
f 5069 5345 5067
f 5068 5069 5067
f 5346 5345 5069
f 5347 5346 5069
f 5348 5347 5069
f 5070 5348 5069
f 5349 5348 5070
f 5071 5349 5070
f 5350 5349 5071
f 5072 5350 5071
f 5351 5350 5072
f 5073 5351 5072
f 5352 5351 5073
f 5074 5352 5073
f 5075 5352 5074
f 5353 5352 5075
f 5076 5353 5075
f 5354 5353 5076
f 5355 5354 5076
f 5077 5355 5076
f 5356 5355 5077
f 5078 5356 5077
f 5079 5356 5078
f 5357 5356 5079
f 5358 5357 5079
f 5080 5358 5079
f 5359 5358 5080
f 5081 5359 5080
f 5082 5359 5081
f 5360 5359 5082
f 5361 5360 5082
f 5083 5361 5082
f 5084 5361 5083
f 5362 5361 5084
f 5091 5363 5088
f 5089 5091 5088
f 5090 5091 5089
f 5092 5363 5091
f 5094 5363 5092
f 5093 5094 5092
f 5364 5363 5094
f 5095 5364 5094
f 5365 5364 5095
f 5366 5365 5095
f 5097 5366 5095
f 5096 5097 5095
f 5367 5366 5097
f 5368 5367 5097
f 5369 5368 5097
f 5370 5369 5097
f 5098 5370 5097
f 5099 5370 5098
f 5371 5370 5099
f 5100 5371 5099
f 5372 5371 5100
f 5373 5372 5100
f 5101 5373 5100
f 5102 5373 5101
f 5374 5373 5102
f 5375 5374 5102
f 5103 5375 5102
f 5376 5375 5103
f 5104 5376 5103
f 5105 5376 5104
f 5377 5376 5105
f 5106 5377 5105
f 5378 5377 5106
f 5379 5378 5106
f 5107 5379 5106
f 5380 5379 5107
f 5109 5380 5107
f 5108 5109 5107
f 5381 5380 5109
f 5179 5381 5109
f 5110 5179 5109
f 5175 5179 5110
f 5385 5384 5111
f 5386 5385 5111
f 5113 5386 5111
f 5112 5113 5111
f 5387 5386 5113
f 5388 5387 5113
f 5115 5388 5113
f 5114 5115 5113
f 5389 5388 5115
f 5117 5389 5115
f 5116 5117 5115
f 5390 5389 5117
f 5391 5390 5117
f 5119 5391 5117
f 5118 5119 5117
f 5392 5391 5119
f 5393 5392 5119
f 5120 5393 5119
f 5394 5393 5120
f 5121 5394 5120
f 5131 5394 5121
f 5122 5131 5121
f 5150 5395 5123
f 5395 5125 5123
f 5395 5396 5125
f 5396 5126 5125
f 5396 5397 5126
f 5397 5127 5126
f 5397 5128 5127
f 5397 5138 5128
f 5138 5129 5128
f 5138 5130 5129
f 5398 5394 5131
f 5132 5398 5131
f 5399 5398 5132
f 5400 5399 5132
f 5401 5400 5132
f 5133 5401 5132
f 5402 5401 5133
f 5134 5402 5133
f 5403 5402 5134
f 5404 5403 5134
f 5135 5404 5134
f 5136 5404 5135
f 5405 5404 5136
f 5406 5405 5136
f 5137 5406 5136
f 5407 5406 5137
f 5138 5407 5137
f 5397 5408 5138
f 5408 5407 5138
f 5410 5409 5139
f 5409 5411 5139
f 5411 5412 5139
f 5412 5140 5139
f 5412 5413 5140
f 5413 5142 5140
f 5142 5141 5140
f 5413 5414 5142
f 5414 5143 5142
f 5414 5144 5143
f 5414 5415 5144
f 5415 5416 5144
f 5416 5146 5144
f 5146 5145 5144
f 5416 5417 5146
f 5417 5418 5146
f 5418 5149 5146
f 5149 5147 5146
f 5149 5148 5147
f 5418 5419 5149
f 5419 5420 5149
f 5420 5421 5149
f 5421 5150 5149
f 5421 5395 5150
f 5192 5422 5151
f 5422 5423 5151
f 5423 5424 5151
f 5424 5152 5151
f 5424 5425 5152
f 5425 5426 5152
f 5426 5154 5152
f 5426 5427 5154
f 5427 5155 5154
f 5427 5428 5155
f 5428 5157 5155
f 5157 5156 5155
f 5428 5429 5157
f 5429 5158 5157
f 5429 5430 5158
f 5430 5160 5158
f 5160 5159 5158
f 5430 5431 5160
f 5431 5432 5160
f 5432 5433 5160
f 5433 5162 5160
f 5162 5161 5160
f 5433 5434 5162
f 5434 5435 5162
f 5435 5164 5162
f 5164 5163 5162
f 5435 5436 5164
f 5436 5437 5164
f 5437 5166 5164
f 5166 5165 5164
f 5437 5438 5166
f 5438 5167 5166
f 5438 5439 5167
f 5439 5168 5167
f 5439 5440 5168
f 5440 5441 5168
f 5441 5170 5168
f 5170 5169 5168
f 5441 5442 5170
f 5442 5443 5170
f 5443 5444 5170
f 5444 5171 5170
f 5444 5173 5171
f 5173 5172 5171
f 5444 5445 5173
f 5445 5446 5173
f 5446 5174 5173
f 5446 5447 5174
f 5447 5448 5174
f 5448 5176 5174
f 5448 5449 5176
f 5449 5450 5176
f 5450 5177 5176
f 5450 5451 5177
f 5451 5178 5177
f 5452 5179 5178
f 5451 5452 5178
f 5452 5381 5179
f 5299 5298 5180
f 5298 5453 5180
f 5453 5454 5180
f 5454 5181 5180
f 5454 5193 5181
f 5238 5455 5183
f 5455 5184 5183
f 5455 5456 5184
f 5456 5457 5184
f 5457 5458 5184
f 5458 5459 5184
f 5459 5185 5184
f 5459 5186 5185
f 5459 5460 5186
f 5460 5461 5186
f 5461 5188 5186
f 5188 5187 5186
f 5461 5460 5188
f 5460 5462 5188
f 5462 5463 5188
f 5463 5189 5188
f 5463 5190 5189
f 5463 5464 5190
f 5464 5465 5190
f 5465 5466 5190
f 5466 5467 5190
f 5467 5191 5190
f 5467 5422 5191
f 5422 5192 5191
f 5454 5468 5193
f 5468 5469 5193
f 5469 5194 5193
f 5469 5197 5194
f 5197 5195 5194
f 5197 5196 5195
f 5469 5470 5197
f 5470 5198 5197
f 5470 5471 5198
f 5471 5472 5198
f 5472 5199 5198
f 5472 5473 5199
f 5473 5200 5199
f 5473 5474 5200
f 5474 5201 5200
f 5474 5203 5201
f 5203 5202 5201
f 5474 5475 5203
f 5475 5476 5203
f 5476 5477 5203
f 5477 5204 5203
f 5477 5478 5204
f 5478 5205 5204
f 5478 5207 5205
f 5207 5206 5205
f 5478 5479 5207
f 5479 5208 5207
f 5479 5480 5208
f 5480 5209 5208
f 5480 5481 5209
f 5481 5482 5209
f 5482 5211 5209
f 5482 5483 5211
f 5483 5484 5211
f 5484 5212 5211
f 5484 5214 5212
f 5214 5213 5212
f 5484 5485 5214
f 5485 5486 5214
f 5486 5487 5214
f 5487 5488 5214
f 5488 5215 5214
f 5488 5217 5215
f 5217 5216 5215
f 5488 5489 5217
f 5489 5490 5217
f 5490 5218 5217
f 5490 5491 5218
f 5491 5220 5218
f 5220 5219 5218
f 5491 5222 5220
f 5491 5492 5222
f 5492 5224 5222
f 5224 5223 5222
f 5492 5493 5224
f 5493 5225 5224
f 5493 5494 5225
f 5494 5495 5225
f 5495 5496 5225
f 5496 5497 5225
f 5497 5226 5225
f 5497 5498 5226
f 5498 5229 5226
f 5229 5227 5226
f 5229 5228 5227
f 5498 5499 5229
f 5499 5500 5229
f 5500 5501 5229
f 5501 5231 5229
f 5231 5230 5229
f 5501 5502 5231
f 5502 5503 5231
f 5503 5232 5231
f 5503 5234 5232
f 5234 5233 5232
f 5503 5504 5234
f 5504 5236 5234
f 5236 5235 5234
f 5504 5505 5236
f 5505 5238 5236
f 5238 5237 5236
f 5505 5506 5238
f 5506 5455 5238
f 5507 5273 5239
f 5508 5507 5239
f 5240 5508 5239
f 5242 5508 5240
f 5241 5242 5240
f 5509 5508 5242
f 5510 5509 5242
f 5511 5510 5242
f 5243 5511 5242
f 5246 5511 5243
f 5244 5246 5243
f 5245 5246 5244
f 5512 5511 5246
f 5513 5512 5246
f 5248 5513 5246
f 5247 5248 5246
f 5514 5513 5248
f 5515 5514 5248
f 5249 5515 5248
f 5516 5515 5249
f 5251 5516 5249
f 5250 5251 5249
f 5517 5516 5251
f 5518 5517 5251
f 5519 5518 5251
f 5252 5519 5251
f 5520 5519 5252
f 5253 5520 5252
f 5521 5520 5253
f 5254 5521 5253
f 5255 5521 5254
f 5522 5521 5255
f 5256 5522 5255
f 5523 5522 5256
f 5524 5523 5256
f 5257 5524 5256
f 5258 5524 5257
f 5525 5524 5258
f 5259 5525 5258
f 5526 5525 5259
f 5260 5526 5259
f 5261 5526 5260
f 5527 5526 5261
f 5528 5527 5261
f 5262 5528 5261
f 5529 5528 5262
f 5263 5529 5262
f 5264 5529 5263
f 5530 5529 5264
f 5531 5530 5264
f 5265 5531 5264
f 5266 5531 5265
f 5532 5531 5266
f 5267 5532 5266
f 5533 5532 5267
f 5534 5533 5267
f 5268 5534 5267
f 5535 5534 5268
f 5269 5535 5268
f 5536 5535 5269
f 5300 5536 5269
f 5537 5271 5270
f 5538 5537 5270
f 5272 5538 5270
f 5537 5539 5271
f 5539 5540 5271
f 5540 5278 5271
f 5273 5538 5272
f 5541 5538 5273
f 5542 5541 5273
f 5543 5542 5273
f 5507 5543 5273
f 5284 5544 5275
f 5544 5276 5275
f 5544 5545 5276
f 5545 5285 5276
f 5285 5277 5276
f 5540 5279 5278
f 5540 5546 5279
f 5546 5547 5279
f 5547 5280 5279
f 5547 5281 5280
f 5547 5282 5281
f 5547 5548 5282
f 5548 5549 5282
f 5549 5550 5282
f 5550 5551 5282
f 5551 5283 5282
f 5551 5552 5283
f 5552 5544 5283
f 5544 5284 5283
f 5545 5553 5285
f 5553 5286 5285
f 5553 5289 5286
f 5289 5288 5286
f 5288 5287 5286
f 5553 5554 5289
f 5554 5290 5289
f 5554 5555 5290
f 5555 5291 5290
f 5555 5556 5291
f 5556 5557 5291
f 5557 5558 5291
f 5558 5559 5291
f 5559 5292 5291
f 5559 5560 5292
f 5560 5293 5292
f 5560 5295 5293
f 5560 5561 5295
f 5561 5562 5295
f 5562 5296 5295
f 5562 5297 5296
f 5562 5561 5297
f 5561 5563 5297
f 5563 5564 5297
f 5564 5565 5297
f 5565 5298 5297
f 5565 5453 5298
f 5566 5536 5300
f 5301 5566 5300
f 5567 5566 5301
f 5568 5567 5301
f 5302 5568 5301
f 5569 5568 5302
f 5570 5569 5302
f 5303 5570 5302
f 5305 5570 5303
f 5304 5305 5303
f 5571 5570 5305
f 5572 5571 5305
f 5307 5572 5305
f 5306 5307 5305
f 5573 5572 5307
f 5308 5573 5307
f 5574 5573 5308
f 5310 5574 5308
f 5309 5310 5308
f 5575 5574 5310
f 5576 5575 5310
f 5577 5576 5310
f 5311 5577 5310
f 5578 5577 5311
f 5312 5578 5311
f 5579 5578 5312
f 5580 5579 5312
f 5313 5580 5312
f 5315 5580 5313
f 5314 5315 5313
f 5581 5580 5315
f 5582 5581 5315
f 5316 5582 5315
f 5583 5582 5316
f 5317 5583 5316
f 5584 5583 5317
f 5319 5584 5317
f 5318 5319 5317
f 5585 5584 5319
f 5586 5585 5319
f 5320 5586 5319
f 5587 5586 5320
f 5322 5587 5320
f 5321 5322 5320
f 5588 5587 5322
f 5589 5588 5322
f 5324 5589 5322
f 5323 5324 5322
f 5590 5589 5324
f 5591 5590 5324
f 5325 5591 5324
f 5592 5591 5325
f 5326 5592 5325
f 5593 5592 5326
f 5327 5593 5326
f 5594 5593 5327
f 5329 5594 5327
f 5328 5329 5327
f 5595 5594 5329
f 5596 5595 5329
f 5331 5596 5329
f 5330 5331 5329
f 5597 5596 5331
f 5598 5597 5331
f 5332 5598 5331
f 5599 5598 5332
f 5333 5599 5332
f 5600 5599 5333
f 5334 5600 5333
f 5601 5600 5334
f 5335 5601 5334
f 5602 5601 5335
f 5336 5602 5335
f 5603 5602 5336
f 5604 5603 5336
f 5337 5604 5336
f 5339 5604 5337
f 5338 5339 5337
f 5605 5604 5339
f 5606 5605 5339
f 5340 5606 5339
f 5607 5606 5340
f 5341 5607 5340
f 5608 5607 5341
f 5609 5608 5341
f 5342 5609 5341
f 5344 5609 5342
f 5343 5344 5342
f 5610 5609 5344
f 5611 5610 5344
f 5346 5611 5344
f 5345 5346 5344
f 5612 5611 5346
f 5613 5612 5346
f 5614 5613 5346
f 5347 5614 5346
f 5615 5614 5347
f 5348 5615 5347
f 5616 5615 5348
f 5349 5616 5348
f 5617 5616 5349
f 5350 5617 5349
f 5618 5617 5350
f 5351 5618 5350
f 5352 5618 5351
f 5619 5618 5352
f 5620 5619 5352
f 5353 5620 5352
f 5621 5620 5353
f 5354 5621 5353
f 5622 5621 5354
f 5355 5622 5354
f 5357 5622 5355
f 5356 5357 5355
f 5623 5622 5357
f 5624 5623 5357
f 5625 5624 5357
f 5358 5625 5357
f 5359 5625 5358
f 5626 5625 5359
f 5627 5626 5359
f 5360 5627 5359
f 5361 5627 5360
f 5628 5627 5361
f 5629 5628 5361
f 5362 5629 5361
f 5634 5633 5363
f 5364 5634 5363
f 5635 5634 5364
f 5365 5635 5364
f 5636 5635 5365
f 5637 5636 5365
f 5638 5637 5365
f 5639 5638 5365
f 5367 5639 5365
f 5366 5367 5365
f 5640 5639 5367
f 5368 5640 5367
f 5641 5640 5368
f 5369 5641 5368
f 5642 5641 5369
f 5370 5642 5369
f 5371 5642 5370
f 5643 5642 5371
f 5372 5643 5371
f 5644 5643 5372
f 5373 5644 5372
f 5645 5644 5373
f 5374 5645 5373
f 5375 5645 5374
f 5646 5645 5375
f 5376 5646 5375
f 5647 5646 5376
f 5377 5647 5376
f 5648 5647 5377
f 5649 5648 5377
f 5378 5649 5377
f 5650 5649 5378
f 5379 5650 5378
f 5452 5650 5379
f 5381 5452 5379
f 5380 5381 5379
f 5651 5382 5383
f 5652 5651 5383
f 5384 5652 5383
f 5653 5652 5384
f 5654 5653 5384
f 5385 5654 5384
f 5387 5654 5385
f 5386 5387 5385
f 5655 5654 5387
f 5656 5655 5387
f 5389 5656 5387
f 5388 5389 5387
f 5657 5656 5389
f 5390 5657 5389
f 5658 5657 5390
f 5392 5658 5390
f 5391 5392 5390
f 5659 5658 5392
f 5398 5659 5392
f 5393 5398 5392
f 5394 5398 5393
f 5421 5660 5395
f 5660 5661 5395
f 5661 5408 5395
f 5408 5396 5395
f 5408 5397 5396
f 5662 5659 5398
f 5663 5662 5398
f 5399 5663 5398
f 5664 5663 5399
f 5665 5664 5399
f 5400 5665 5399
f 5401 5665 5400
f 5666 5665 5401
f 5402 5666 5401
f 5667 5666 5402
f 5668 5667 5402
f 5403 5668 5402
f 5669 5668 5403
f 5404 5669 5403
f 5670 5669 5404
f 5405 5670 5404
f 5406 5670 5405
f 5407 5671 5406
f 5671 5670 5406
f 5408 5672 5407
f 5672 5671 5407
f 5661 5673 5408
f 5673 5674 5408
f 5674 5672 5408
f 5410 5675 5409
f 5675 5676 5409
f 5676 5677 5409
f 5677 5678 5409
f 5678 5411 5409
f 5678 5412 5411
f 5678 5679 5412
f 5679 5680 5412
f 5680 5681 5412
f 5681 5414 5412
f 5414 5413 5412
f 5681 5682 5414
f 5682 5415 5414
f 5682 5683 5415
f 5683 5684 5415
f 5684 5417 5415
f 5417 5416 5415
f 5684 5685 5417
f 5685 5686 5417
f 5686 5419 5417
f 5419 5418 5417
f 5686 5687 5419
f 5687 5420 5419
f 5687 5688 5420
f 5688 5421 5420
f 5688 5673 5421
f 5673 5660 5421
f 5467 5689 5422
f 5689 5423 5422
f 5689 5466 5423
f 5466 5690 5423
f 5690 5424 5423
f 5690 5691 5424
f 5691 5692 5424
f 5692 5425 5424
f 5692 5427 5425
f 5427 5426 5425
f 5692 5693 5427
f 5693 5694 5427
f 5695 5431 5430
f 5695 5432 5431
f 5695 5696 5432
f 5696 5697 5432
f 5697 5434 5432
f 5434 5433 5432
f 5697 5698 5434
f 5698 5699 5434
f 5699 5436 5434
f 5436 5435 5434
f 5699 5700 5436
f 5700 5438 5436
f 5438 5437 5436
f 5700 5439 5438
f 5700 5701 5439
f 5701 5702 5439
f 5702 5703 5439
f 5703 5704 5439
f 5704 5705 5439
f 5705 5440 5439
f 5705 5442 5440
f 5442 5441 5440
f 5705 5706 5442
f 5706 5707 5442
f 5707 5443 5442
f 5707 5708 5443
f 5708 5445 5443
f 5445 5444 5443
f 5708 5709 5445
f 5709 5710 5445
f 5710 5711 5445
f 5711 5446 5445
f 5711 5712 5446
f 5712 5448 5446
f 5448 5447 5446
f 5712 5713 5448
f 5713 5714 5448
f 5714 5715 5448
f 5715 5449 5448
f 5715 5716 5449
f 5716 5450 5449
f 5716 5717 5450
f 5717 5451 5450
f 5718 5452 5451
f 5717 5718 5451
f 5718 5650 5452
f 5565 5719 5453
f 5719 5720 5453
f 5720 5454 5453
f 5720 5468 5454
f 5506 5456 5455
f 5506 5721 5456
f 5721 5722 5456
f 5722 5723 5456
f 5723 5724 5456
f 5724 5457 5456
f 5724 5458 5457
f 5724 5725 5458
f 5725 5726 5458
f 5726 5459 5458
f 5726 5727 5459
f 5727 5728 5459
f 5728 5460 5459
f 5728 5464 5460
f 5464 5463 5460
f 5463 5462 5460
f 5728 5727 5464
f 5727 5729 5464
f 5729 5730 5464
f 5730 5465 5464
f 5730 5731 5465
f 5731 5732 5465
f 5732 5466 5465
f 5732 5690 5466
f 5689 5467 5466
f 5720 5733 5468
f 5733 5734 5468
f 5734 5470 5468
f 5470 5469 5468
f 5734 5735 5470
f 5735 5736 5470
f 5736 5471 5470
f 5736 5737 5471
f 5737 5738 5471
f 5738 5473 5471
f 5473 5472 5471
f 5738 5739 5473
f 5739 5475 5473
f 5475 5474 5473
f 5739 5740 5475
f 5740 5741 5475
f 5741 5742 5475
f 5742 5743 5475
f 5743 5476 5475
f 5743 5477 5476
f 5743 5742 5477
f 5742 5744 5477
f 5744 5745 5477
f 5745 5479 5477
f 5479 5478 5477
f 5745 5746 5479
f 5746 5747 5479
f 5747 5748 5479
f 5748 5480 5479
f 5748 5747 5480
f 5747 5749 5480
f 5749 5481 5480
f 5749 5750 5481
f 5750 5751 5481
f 5751 5752 5481
f 5752 5753 5481
f 5753 5482 5481
f 5753 5483 5482
f 5753 5486 5483
f 5486 5485 5483
f 5485 5484 5483
f 5753 5754 5486
f 5754 5755 5486
f 5755 5756 5486
f 5756 5757 5486
f 5757 5487 5486
f 5757 5758 5487
f 5758 5488 5487
f 5758 5759 5488
f 5759 5489 5488
f 5759 5760 5489
f 5760 5491 5489
f 5491 5490 5489
f 5760 5761 5491
f 5761 5492 5491
f 5761 5762 5492
f 5762 5494 5492
f 5494 5493 5492
f 5762 5763 5494
f 5763 5764 5494
f 5764 5765 5494
f 5765 5495 5494
f 5765 5766 5495
f 5766 5496 5495
f 5766 5767 5496
f 5767 5498 5496
f 5498 5497 5496
f 5767 5768 5498
f 5768 5499 5498
f 5768 5769 5499
f 5769 5500 5499
f 5769 5770 5500
f 5770 5771 5500
f 5771 5772 5500
f 5772 5501 5500
f 5772 5502 5501
f 5772 5773 5502
f 5773 5774 5502
f 5774 5503 5502
f 5774 5775 5503
f 5775 5776 5503
f 5776 5504 5503
f 5776 5777 5504
f 5777 5721 5504
f 5721 5505 5504
f 5721 5506 5505
f 5509 5543 5507
f 5508 5509 5507
f 5778 5543 5509
f 5779 5778 5509
f 5780 5779 5509
f 5510 5780 5509
f 5512 5780 5510
f 5511 5512 5510
f 5781 5780 5512
f 5782 5781 5512
f 5783 5782 5512
f 5783 5512 5513
f 5514 5783 5513
f 5784 5783 5514
f 5515 5784 5514
f 5785 5784 5515
f 5786 5785 5515
f 5517 5786 5515
f 5516 5517 5515
f 5787 5786 5517
f 5788 5787 5517
f 5789 5788 5517
f 5518 5789 5517
f 5790 5789 5518
f 5791 5790 5518
f 5519 5791 5518
f 5520 5791 5519
f 5792 5791 5520
f 5521 5792 5520
f 5793 5792 5521
f 5522 5793 5521
f 5794 5793 5522
f 5523 5794 5522
f 5795 5794 5523
f 5796 5795 5523
f 5524 5796 5523
f 5525 5796 5524
f 5797 5796 5525
f 5798 5797 5525
f 5526 5798 5525
f 5799 5798 5526
f 5527 5799 5526
f 5800 5799 5527
f 5528 5800 5527
f 5801 5800 5528
f 5802 5801 5528
f 5529 5802 5528
f 5530 5802 5529
f 5803 5802 5530
f 5531 5803 5530
f 5804 5803 5531
f 5532 5804 5531
f 5805 5804 5532
f 5533 5805 5532
f 5806 5805 5533
f 5534 5806 5533
f 5807 5806 5534
f 5535 5807 5534
f 5808 5807 5535
f 5536 5808 5535
f 5809 5808 5536
f 5566 5809 5536
f 5538 5810 5537
f 5810 5811 5537
f 5811 5539 5537
f 5541 5812 5538
f 5812 5810 5538
f 5811 5813 5539
f 5813 5540 5539
f 5813 5814 5540
f 5814 5546 5540
f 5542 5815 5541
f 5815 5816 5541
f 5816 5817 5541
f 5817 5812 5541
f 5818 5815 5542
f 5778 5818 5542
f 5543 5778 5542
f 5552 5819 5544
f 5819 5545 5544
f 5819 5820 5545
f 5820 5821 5545
f 5821 5822 5545
f 5822 5553 5545
f 5814 5823 5546
f 5823 5547 5546
f 5823 5824 5547
f 5824 5548 5547
f 5824 5825 5548
f 5825 5826 5548
f 5826 5827 5548
f 5827 5828 5548
f 5828 5550 5548
f 5550 5549 5548
f 5828 5829 5550
f 5829 5830 5550
f 5830 5831 5550
f 5831 5832 5550
f 5832 5551 5550
f 5832 5833 5551
f 5833 5834 5551
f 5834 5552 5551
f 5834 5833 5552
f 5833 5835 5552
f 5835 5819 5552
f 5822 5554 5553
f 5822 5836 5554
f 5836 5837 5554
f 5837 5555 5554
f 5837 5838 5555
f 5838 5557 5555
f 5557 5556 5555
f 5838 5839 5557
f 5839 5840 5557
f 5840 5841 5557
f 5841 5558 5557
f 5841 5842 5558
f 5842 5561 5558
f 5561 5559 5558
f 5561 5560 5559
f 5842 5843 5561
f 5843 5844 5561
f 5844 5563 5561
f 5844 5845 5563
f 5845 5733 5563
f 5733 5564 5563
f 5733 5719 5564
f 5719 5565 5564
f 5846 5809 5566
f 5847 5846 5566
f 5848 5847 5566
f 5567 5848 5566
f 5849 5848 5567
f 5850 5849 5567
f 5568 5850 5567
f 5851 5850 5568
f 5569 5851 5568
f 5570 5851 5569
f 5852 5851 5570
f 5573 5852 5570
f 5571 5573 5570
f 5572 5573 5571
f 5853 5852 5573
f 5854 5853 5573
f 5575 5854 5573
f 5574 5575 5573
f 5855 5854 5575
f 5856 5855 5575
f 5857 5856 5575
f 5576 5857 5575
f 5858 5857 5576
f 5577 5858 5576
f 5859 5858 5577
f 5578 5859 5577
f 5860 5859 5578
f 5861 5860 5578
f 5579 5861 5578
f 5581 5861 5579
f 5580 5581 5579
f 5862 5861 5581
f 5863 5862 5581
f 5864 5863 5581
f 5582 5864 5581
f 5583 5864 5582
f 5865 5864 5583
f 5585 5865 5583
f 5584 5585 5583
f 5866 5865 5585
f 5867 5866 5585
f 5586 5867 5585
f 5868 5867 5586
f 5588 5868 5586
f 5587 5588 5586
f 5869 5868 5588
f 5870 5869 5588
f 5590 5870 5588
f 5589 5590 5588
f 5871 5870 5590
f 5872 5871 5590
f 5591 5872 5590
f 5873 5872 5591
f 5592 5873 5591
f 5874 5873 5592
f 5593 5874 5592
f 5875 5874 5593
f 5595 5875 5593
f 5594 5595 5593
f 5876 5875 5595
f 5877 5876 5595
f 5597 5877 5595
f 5596 5597 5595
f 5878 5877 5597
f 5879 5878 5597
f 5598 5879 5597
f 5880 5879 5598
f 5599 5880 5598
f 5881 5880 5599
f 5600 5881 5599
f 5882 5881 5600
f 5601 5882 5600
f 5883 5882 5601
f 5602 5883 5601
f 5884 5883 5602
f 5885 5884 5602
f 5603 5885 5602
f 5605 5885 5603
f 5604 5605 5603
f 5886 5885 5605
f 5887 5886 5605
f 5606 5887 5605
f 5888 5887 5606
f 5607 5888 5606
f 5889 5888 5607
f 5890 5889 5607
f 5608 5890 5607
f 5610 5890 5608
f 5609 5610 5608
f 5891 5890 5610
f 5892 5891 5610
f 5612 5892 5610
f 5611 5612 5610
f 5893 5892 5612
f 5894 5893 5612
f 5895 5894 5612
f 5613 5895 5612
f 5896 5895 5613
f 5614 5896 5613
f 5897 5896 5614
f 5615 5897 5614
f 5898 5897 5615
f 5616 5898 5615
f 5899 5898 5616
f 5617 5899 5616
f 5618 5899 5617
f 5900 5899 5618
f 5901 5900 5618
f 5619 5901 5618
f 5620 5901 5619
f 5902 5901 5620
f 5903 5902 5620
f 5621 5903 5620
f 5622 5903 5621
f 5904 5903 5622
f 5905 5904 5622
f 5623 5905 5622
f 5906 5905 5623
f 5624 5906 5623
f 5626 5906 5624
f 5625 5626 5624
f 5907 5906 5626
f 5908 5907 5626
f 5909 5908 5626
f 5627 5909 5626
f 5910 5909 5627
f 5628 5910 5627
f 5629 5910 5628
f 5911 5910 5629
f 5630 5911 5629
f 5912 5911 5630
f 5913 5912 5630
f 5631 5913 5630
f 5914 5913 5631
f 5632 5914 5631
f 5915 5914 5632
f 5916 5915 5632
f 5634 5917 5633
f 5917 5918 5633
f 5635 5919 5634
f 5919 5920 5634
f 5920 5921 5634
f 5921 5917 5634
f 5636 5922 5635
f 5922 5923 5635
f 5923 5924 5635
f 5924 5925 5635
f 5925 5919 5635
f 5637 5926 5636
f 5926 5927 5636
f 5927 5928 5636
f 5928 5922 5636
f 5929 5926 5637
f 5930 5929 5637
f 5931 5930 5637
f 5638 5931 5637
f 5932 5931 5638
f 5640 5932 5638
f 5639 5640 5638
f 5933 5932 5640
f 5641 5933 5640
f 5934 5933 5641
f 5935 5934 5641
f 5642 5935 5641
f 5936 5935 5642
f 5937 5936 5642
f 5643 5937 5642
f 5938 5937 5643
f 5644 5938 5643
f 5645 5938 5644
f 5939 5938 5645
f 5940 5939 5645
f 5646 5940 5645
f 5647 5940 5646
f 5941 5940 5647
f 5942 5941 5647
f 5648 5942 5647
f 5943 5942 5648
f 5649 5943 5648
f 5650 5943 5649
f 5944 5943 5650
f 5718 5944 5650
f 5945 5382 5651
f 5946 5945 5651
f 5947 5946 5651
f 5653 5947 5651
f 5652 5653 5651
f 5948 5947 5653
f 5949 5948 5653
f 5655 5949 5653
f 5654 5655 5653
f 5950 5949 5655
f 5657 5950 5655
f 5656 5657 5655
f 5951 5950 5657
f 5952 5951 5657
f 5659 5952 5657
f 5658 5659 5657
f 5951 5952 5659
f 5662 5951 5659
f 5673 5661 5660
f 5953 5951 5662
f 5663 5953 5662
f 5954 5953 5663
f 5955 5954 5663
f 5956 5955 5663
f 5664 5956 5663
f 5957 5956 5664
f 5665 5957 5664
f 5958 5957 5665
f 5666 5958 5665
f 5959 5958 5666
f 5960 5959 5666
f 5667 5960 5666
f 5668 5960 5667
f 5961 5960 5668
f 5962 5961 5668
f 5669 5962 5668
f 5670 5963 5669
f 5963 5962 5669
f 5671 5964 5670
f 5964 5963 5670
f 5672 5964 5671
f 5674 5964 5672
f 5688 5965 5673
f 5965 5966 5673
f 5966 5674 5673
f 5966 5967 5674
f 5967 5968 5674
f 5968 5964 5674
f 5410 5969 5675
f 5969 5970 5675
f 5970 5971 5675
f 5971 5972 5675
f 5972 5676 5675
f 5972 5973 5676
f 5973 5974 5676
f 5974 5677 5676
f 5974 5680 5677
f 5680 5679 5677
f 5679 5678 5677
f 5974 5975 5680
f 5975 5976 5680
f 5976 5682 5680
f 5682 5681 5680
f 5976 5683 5682
f 5976 5977 5683
f 5977 5978 5683
f 5978 5685 5683
f 5685 5684 5683
f 5978 5979 5685
f 5979 5980 5685
f 5980 5687 5685
f 5687 5686 5685
f 5980 5965 5687
f 5965 5688 5687
f 5732 5731 5690
f 5731 5981 5690
f 5981 5982 5690
f 5982 5691 5690
f 5982 5981 5691
f 5981 5983 5691
f 5983 5693 5691
f 5693 5692 5691
f 5983 5984 5693
f 5984 5985 5693
f 5985 5986 5693
f 5986 5694 5693
f 5986 5987 5694
f 5988 5696 5695
f 5988 5989 5696
f 5989 5990 5696
f 5990 5698 5696
f 5698 5697 5696
f 5990 5991 5698
f 5991 5701 5698
f 5701 5700 5698
f 5700 5699 5698
f 5991 5992 5701
f 5992 5703 5701
f 5703 5702 5701
f 5992 5993 5703
f 5993 5994 5703
f 5994 5995 5703
f 5995 5996 5703
f 5996 5997 5703
f 5997 5704 5703
f 5997 5705 5704
f 5997 5998 5705
f 5998 5706 5705
f 5998 5999 5706
f 5999 6000 5706
f 6000 6001 5706
f 6001 5707 5706
f 6001 5709 5707
f 5709 5708 5707
f 6001 6002 5709
f 6002 6003 5709
f 6003 6004 5709
f 6004 5710 5709
f 6004 5713 5710
f 5713 5711 5710
f 5713 5712 5711
f 6004 6005 5713
f 6005 6006 5713
f 6006 6007 5713
f 6007 5714 5713
f 6007 5715 5714
f 6007 6008 5715
f 6008 5716 5715
f 6008 6009 5716
f 6009 5717 5716
f 5944 5718 5717
f 6009 5944 5717
f 5733 5720 5719
f 5777 6010 5721
f 6010 5722 5721
f 6010 6011 5722
f 6011 5723 5722
f 6011 6012 5723
f 6012 6013 5723
f 6013 5724 5723
f 6013 6014 5724
f 6014 5725 5724
f 6014 6015 5725
f 6015 6016 5725
f 6016 5727 5725
f 5727 5726 5725
f 6016 6017 5727
f 6017 5729 5727
f 6017 5730 5729
f 6017 6018 5730
f 6018 6019 5730
f 6019 5731 5730
f 6019 6020 5731
f 6020 6021 5731
f 6021 5981 5731
f 5845 6022 5733
f 6022 5734 5733
f 6022 6023 5734
f 6023 5735 5734
f 6023 6024 5735
f 6024 6025 5735
f 6025 5736 5735
f 6025 6026 5736
f 6026 5737 5736
f 6026 6027 5737
f 6027 6028 5737
f 6028 6029 5737
f 6029 5739 5737
f 5739 5738 5737
f 6029 6030 5739
f 6030 5741 5739
f 5741 5740 5739
f 6030 6031 5741
f 6031 6032 5741
f 6032 5744 5741
f 5744 5742 5741
f 6032 6033 5744
f 6033 6034 5744
f 6034 6035 5744
f 6035 5746 5744
f 5746 5745 5744
f 6035 5747 5746
f 6035 6036 5747
f 6036 6037 5747
f 6037 5749 5747
f 6037 6038 5749
f 6038 5750 5749
f 6038 6039 5750
f 6039 6040 5750
f 6040 5751 5750
f 6040 6041 5751
f 6041 6042 5751
f 6042 5752 5751
f 6042 5755 5752
f 5755 5754 5752
f 5754 5753 5752
f 6042 6041 5755
f 6041 6043 5755
f 6043 6044 5755
f 6044 5756 5755
f 6044 6045 5756
f 6045 6046 5756
f 6046 5757 5756
f 6046 5758 5757
f 6046 6047 5758
f 6047 5759 5758
f 6047 6048 5759
f 6048 5760 5759
f 6048 6049 5760
f 6049 5761 5760
f 6049 5763 5761
f 5763 5762 5761
f 6049 6050 5763
f 6050 6051 5763
f 6051 6052 5763
f 6052 5764 5763
f 6052 6053 5764
f 6053 5765 5764
f 6053 6054 5765
f 6054 5766 5765
f 6054 6055 5766
f 6055 5767 5766
f 6055 6056 5767
f 6056 5768 5767
f 6056 6057 5768
f 6057 6058 5768
f 6058 5769 5768
f 6058 6059 5769
f 6059 5770 5769
f 6059 6060 5770
f 6060 6061 5770
f 6061 5771 5770
f 6061 5773 5771
f 5773 5772 5771
f 6061 6062 5773
f 6062 5775 5773
f 5775 5774 5773
f 6062 6063 5775
f 6063 5777 5775
f 5777 5776 5775
f 6063 6064 5777
f 6064 6010 5777
f 6065 5818 5778
f 6066 6065 5778
f 6067 6066 5778
f 5779 6067 5778
f 5781 6067 5779
f 5780 5781 5779
f 6068 6067 5781
f 6069 6068 5781
f 6070 6069 5781
f 5782 6070 5781
f 5784 6070 5782
f 5783 5784 5782
f 5785 6070 5784
f 6071 6070 5785
f 6072 6071 5785
f 6073 6072 5785
f 5787 6073 5785
f 5786 5787 5785
f 6074 6073 5787
f 6075 6074 5787
f 6076 6075 5787
f 5788 6076 5787
f 6077 6076 5788
f 6078 6077 5788
f 5789 6078 5788
f 5790 6078 5789
f 6079 6078 5790
f 5791 6079 5790
f 6080 6079 5791
f 5792 6080 5791
f 6081 6080 5792
f 5793 6081 5792
f 6082 6081 5793
f 6083 6082 5793
f 5794 6083 5793
f 5795 6083 5794
f 6084 6083 5795
f 5796 6084 5795
f 6085 6084 5796
f 5797 6085 5796
f 6086 6085 5797
f 5798 6086 5797
f 6087 6086 5798
f 5799 6087 5798
f 6088 6087 5799
f 6089 6088 5799
f 5800 6089 5799
f 5801 6089 5800
f 6090 6089 5801
f 6091 6090 5801
f 5802 6091 5801
f 5803 6091 5802
f 6092 6091 5803
f 5804 6092 5803
f 6093 6092 5804
f 6094 6093 5804
f 5805 6094 5804
f 5806 6094 5805
f 6095 6094 5806
f 5807 6095 5806
f 6096 6095 5807
f 6097 6096 5807
f 5808 6097 5807
f 5809 6097 5808
f 6098 6097 5809
f 5846 6098 5809
f 5812 5811 5810
f 5812 6099 5811
f 6099 6100 5811
f 6100 5813 5811
f 5817 6101 5812
f 6101 6099 5812
f 6100 6102 5813
f 6102 5814 5813
f 6102 5823 5814
f 6103 5816 5815
f 6104 6103 5815
f 6065 6104 5815
f 5818 6065 5815
f 6103 6105 5816
f 6105 6106 5816
f 6106 5817 5816
f 6106 6101 5817
f 5835 6107 5819
f 6107 5821 5819
f 5821 5820 5819
f 6107 6108 5821
f 6108 5837 5821
f 5837 5836 5821
f 5836 5822 5821
f 6102 6109 5823
f 6109 5825 5823
f 5825 5824 5823
f 6109 6110 5825
f 6110 5826 5825
f 6110 6111 5826
f 6111 5827 5826
f 6111 6112 5827
f 6112 6113 5827
f 6113 6114 5827
f 6114 5828 5827
f 6114 5830 5828
f 5830 5829 5828
f 6114 6115 5830
f 6115 6116 5830
f 6116 6117 5830
f 6117 5831 5830
f 6117 6118 5831
f 6118 6119 5831
f 6119 5833 5831
f 5833 5832 5831
f 6119 6107 5833
f 6107 5835 5833
f 6108 6120 5837
f 6120 6121 5837
f 6121 5839 5837
f 5839 5838 5837
f 6121 6122 5839
f 6122 6123 5839
f 6123 6124 5839
f 6124 6125 5839
f 6125 6126 5839
f 6126 5840 5839
f 6126 5841 5840
f 6126 6127 5841
f 6127 5843 5841
f 5843 5842 5841
f 6127 6128 5843
f 6128 6129 5843
f 6129 5844 5843
f 6129 6130 5844
f 6130 5845 5844
f 6130 6131 5845
f 6131 6022 5845
f 6132 6098 5846
f 6133 6132 5846
f 6134 6133 5846
f 5848 6134 5846
f 5847 5848 5846
f 6135 6134 5848
f 6136 6135 5848
f 6137 6136 5848
f 5849 6137 5848
f 6138 6137 5849
f 5850 6138 5849
f 5851 6138 5850
f 5853 6138 5851
f 5852 5853 5851
f 6139 6138 5853
f 6140 6139 5853
f 5855 6140 5853
f 5854 5855 5853
f 6141 6140 5855
f 6142 6141 5855
f 6143 6142 5855
f 5856 6143 5855
f 6144 6143 5856
f 5858 6144 5856
f 5857 5858 5856
f 6145 6144 5858
f 6146 6145 5858
f 5859 6146 5858
f 6147 6146 5859
f 5860 6147 5859
f 6148 6147 5860
f 5862 6148 5860
f 5861 5862 5860
f 6149 6148 5862
f 6150 6149 5862
f 5863 6150 5862
f 6151 6150 5863
f 6152 6151 5863
f 5864 6152 5863
f 5866 6152 5864
f 5865 5866 5864
f 6153 6152 5866
f 6154 6153 5866
f 5867 6154 5866
f 6155 6154 5867
f 5869 6155 5867
f 5868 5869 5867
f 6156 6155 5869
f 6157 6156 5869
f 5871 6157 5869
f 5870 5871 5869
f 6158 6157 5871
f 6159 6158 5871
f 5872 6159 5871
f 6160 6159 5872
f 5873 6160 5872
f 6161 6160 5873
f 5874 6161 5873
f 6162 6161 5874
f 5876 6162 5874
f 5875 5876 5874
f 6163 6162 5876
f 6164 6163 5876
f 5878 6164 5876
f 5877 5878 5876
f 6165 6164 5878
f 6166 6165 5878
f 5879 6166 5878
f 6167 6166 5879
f 5880 6167 5879
f 6168 6167 5880
f 5881 6168 5880
f 6169 6168 5881
f 5882 6169 5881
f 6170 6169 5882
f 5883 6170 5882
f 6171 6170 5883
f 6172 6171 5883
f 5884 6172 5883
f 5886 6172 5884
f 5885 5886 5884
f 6173 6172 5886
f 6174 6173 5886
f 5887 6174 5886
f 6175 6174 5887
f 5888 6175 5887
f 6176 6175 5888
f 6177 6176 5888
f 5889 6177 5888
f 5891 6177 5889
f 5890 5891 5889
f 6178 6177 5891
f 6179 6178 5891
f 5893 6179 5891
f 5892 5893 5891
f 6180 6179 5893
f 6181 6180 5893
f 6182 6181 5893
f 5894 6182 5893
f 6183 6182 5894
f 5895 6183 5894
f 6184 6183 5895
f 5896 6184 5895
f 6185 6184 5896
f 5897 6185 5896
f 6186 6185 5897
f 5898 6186 5897
f 5899 6186 5898
f 6187 6186 5899
f 5900 6187 5899
f 6188 6187 5900
f 5901 6188 5900
f 6189 6188 5901
f 6190 6189 5901
f 5902 6190 5901
f 5903 6190 5902
f 6191 6190 5903
f 6192 6191 5903
f 5904 6192 5903
f 6193 6192 5904
f 5905 6193 5904
f 5906 6193 5905
f 6194 6193 5906
f 5907 6194 5906
f 6195 6194 5907
f 5908 6195 5907
f 6196 6195 5908
f 6197 6196 5908
f 5909 6197 5908
f 5911 6197 5909
f 5910 5911 5909
f 6198 6197 5911
f 6199 6198 5911
f 5912 6199 5911
f 6200 6199 5912
f 5914 6200 5912
f 5913 5914 5912
f 6201 6200 5914
f 5915 6201 5914
f 6202 6201 5915
f 6203 6202 5915
f 5916 6203 5915
f 5921 6204 5917
f 6204 5918 5917
f 5925 6205 5919
f 6205 6206 5919
f 6206 6207 5919
f 6207 5920 5919
f 6207 6208 5920
f 6208 5921 5920
f 6208 6209 5921
f 6209 6204 5921
f 5928 6210 5922
f 6210 6211 5922
f 6211 6212 5922
f 6212 5923 5922
f 6212 6213 5923
f 6213 6214 5923
f 6214 5924 5923
f 6214 5925 5924
f 6214 6215 5925
f 6215 6205 5925
f 6216 5927 5926
f 5929 6216 5926
f 6216 6217 5927
f 6217 6218 5927
f 6218 6219 5927
f 6219 5928 5927
f 6219 6220 5928
f 6220 6221 5928
f 6221 6222 5928
f 6222 6210 5928
f 6223 6216 5929
f 6224 6223 5929
f 5930 6224 5929
f 5931 6224 5930
f 6225 6224 5931
f 6226 6225 5931
f 5933 6226 5931
f 5932 5933 5931
f 6227 6226 5933
f 6228 6227 5933
f 5934 6228 5933
f 6229 6228 5934
f 5935 6229 5934
f 6230 6229 5935
f 5936 6230 5935
f 6231 6230 5936
f 6232 6231 5936
f 5937 6232 5936
f 6233 6232 5937
f 5938 6233 5937
f 5939 6233 5938
f 6234 6233 5939
f 6235 6234 5939
f 5940 6235 5939
f 6236 6235 5940
f 6237 6236 5940
f 5941 6237 5940
f 5942 6237 5941
f 6238 6237 5942
f 5943 6238 5942
f 6239 6238 5943
f 6240 6239 5943
f 5944 6240 5943
f 6241 6240 5944
f 6009 6241 5944
f 6242 5382 5945
f 6243 6242 5945
f 6244 6243 5945
f 6245 6244 5945
f 5946 6245 5945
f 6246 6245 5946
f 5948 6246 5946
f 5947 5948 5946
f 6247 6246 5948
f 6248 6247 5948
f 5950 6248 5948
f 5949 5950 5948
f 6249 6248 5950
f 5951 6249 5950
f 5954 6249 5951
f 5953 5954 5951
f 6250 6249 5954
f 6251 6250 5954
f 6252 6251 5954
f 6253 6252 5954
f 5955 6253 5954
f 6254 6253 5955
f 5956 6254 5955
f 5957 6254 5956
f 6255 6254 5957
f 6256 6255 5957
f 5958 6256 5957
f 6257 6256 5958
f 5959 6257 5958
f 5960 6257 5959
f 6258 6257 5960
f 6259 6258 5960
f 5961 6259 5960
f 5962 6260 5961
f 6260 6259 5961
f 5963 6260 5962
f 5968 6260 5964
f 6260 5963 5964
f 5980 5979 5965
f 5979 6261 5965
f 6261 6262 5965
f 6262 5966 5965
f 6262 6263 5966
f 6263 6264 5966
f 6264 5967 5966
f 6264 5968 5967
f 6264 6265 5968
f 6265 6259 5968
f 6259 6260 5968
f 5410 6266 5969
f 6266 6267 5969
f 6267 6268 5969
f 6268 5970 5969
f 6268 6269 5970
f 6269 6270 5970
f 6270 5971 5970
f 6270 5972 5971
f 6270 6271 5972
f 6271 6272 5972
f 6272 6273 5972
f 6273 5974 5972
f 5974 5973 5972
f 6273 5975 5974
f 6273 6274 5975
f 6274 6275 5975
f 6275 5977 5975
f 5977 5976 5975
f 6275 6276 5977
f 6276 6277 5977
f 6277 5979 5977
f 5979 5978 5977
f 6277 6278 5979
f 6278 6262 5979
f 6262 6261 5979
f 6021 6279 5981
f 6279 5984 5981
f 5984 5983 5981
f 6279 6280 5984
f 6280 6281 5984
f 6281 6282 5984
f 6282 6283 5984
f 6283 5985 5984
f 6283 6282 5985
f 6282 6284 5985
f 6284 6285 5985
f 6285 6286 5985
f 6286 5987 5985
f 5987 5986 5985
f 6292 6293 5989
f 6293 6294 5989
f 6294 6295 5989
f 6295 5991 5989
f 5991 5990 5989
f 6295 5993 5991
f 5993 5992 5991
f 6295 6294 5993
f 6294 6296 5993
f 6296 6297 5993
f 6297 5994 5993
f 6297 6298 5994
f 6298 6299 5994
f 6299 5995 5994
f 6299 6300 5995
f 6300 6301 5995
f 6301 6302 5995
f 6302 5996 5995
f 6302 5998 5996
f 5998 5997 5996
f 6302 6303 5998
f 6303 5999 5998
f 6303 6304 5999
f 6304 6305 5999
f 6305 6002 5999
f 6002 6000 5999
f 6002 6001 6000
f 6305 6306 6002
f 6306 6307 6002
f 6307 6308 6002
f 6308 6003 6002
f 6308 6005 6003
f 6005 6004 6003
f 6308 6309 6005
f 6309 6310 6005
f 6310 6006 6005
f 6310 6311 6006
f 6311 6312 6006
f 6312 6007 6006
f 6312 6313 6007
f 6313 6008 6007
f 6313 6241 6008
f 6241 6009 6008
f 6064 6314 6010
f 6314 6011 6010
f 6314 6012 6011
f 6314 6315 6012
f 6315 6316 6012
f 6316 6317 6012
f 6317 6014 6012
f 6014 6013 6012
f 6317 6318 6014
f 6318 6015 6014
f 6318 6319 6015
f 6319 6017 6015
f 6017 6016 6015
f 6319 6320 6017
f 6320 6018 6017
f 6320 6020 6018
f 6020 6019 6018
f 6320 6321 6020
f 6321 6322 6020
f 6322 6021 6020
f 6322 6280 6021
f 6280 6279 6021
f 6131 6023 6022
f 6131 6323 6023
f 6323 6024 6023
f 6323 6324 6024
f 6324 6325 6024
f 6325 6326 6024
f 6326 6025 6024
f 6326 6327 6025
f 6327 6026 6025
f 6327 6027 6026
f 6327 6326 6027
f 6326 6328 6027
f 6328 6329 6027
f 6329 6028 6027
f 6329 6330 6028
f 6330 6331 6028
f 6331 6029 6028
f 6331 6030 6029
f 6331 6031 6030
f 6331 6330 6031
f 6330 6332 6031
f 6332 6333 6031
f 6333 6334 6031
f 6334 6335 6031
f 6335 6033 6031
f 6033 6032 6031
f 6335 6336 6033
f 6336 6337 6033
f 6337 6338 6033
f 6338 6034 6033
f 6338 6037 6034
f 6037 6036 6034
f 6036 6035 6034
f 6338 6339 6037
f 6339 6038 6037
f 6339 6340 6038
f 6340 6341 6038
f 6341 6342 6038
f 6342 6039 6038
f 6342 6343 6039
f 6343 6041 6039
f 6041 6040 6039
f 6343 6344 6041
f 6344 6345 6041
f 6345 6043 6041
f 6345 6346 6043
f 6346 6045 6043
f 6045 6044 6043
f 6346 6347 6045
f 6347 6348 6045
f 6348 6349 6045
f 6349 6046 6045
f 6349 6048 6046
f 6048 6047 6046
f 6349 6350 6048
f 6350 6351 6048
f 6351 6050 6048
f 6050 6049 6048
f 6351 6352 6050
f 6352 6353 6050
f 6353 6354 6050
f 6354 6355 6050
f 6355 6052 6050
f 6052 6051 6050
f 6355 6053 6052
f 6355 6356 6053
f 6356 6357 6053
f 6357 6358 6053
f 6358 6054 6053
f 6358 6359 6054
f 6359 6360 6054
f 6360 6055 6054
f 6360 6056 6055
f 6360 6057 6056
f 6360 6361 6057
f 6361 6362 6057
f 6362 6363 6057
f 6363 6364 6057
f 6364 6059 6057
f 6059 6058 6057
f 6364 6365 6059
f 6365 6366 6059
f 6366 6060 6059
f 6366 6367 6060
f 6367 6368 6060
f 6368 6062 6060
f 6062 6061 6060
f 6368 6369 6062
f 6369 6370 6062
f 6370 6063 6062
f 6370 6371 6063
f 6371 6064 6063
f 6371 6372 6064
f 6372 6315 6064
f 6315 6314 6064
f 6373 6104 6065
f 6374 6373 6065
f 6375 6374 6065
f 6068 6375 6065
f 6066 6068 6065
f 6067 6068 6066
f 6376 6375 6068
f 6071 6376 6068
f 6069 6071 6068
f 6070 6071 6069
f 6377 6376 6071
f 6072 6377 6071
f 6378 6377 6072
f 6379 6378 6072
f 6074 6379 6072
f 6073 6074 6072
f 6380 6379 6074
f 6381 6380 6074
f 6382 6381 6074
f 6075 6382 6074
f 6383 6382 6075
f 6076 6383 6075
f 6384 6383 6076
f 6077 6384 6076
f 6385 6384 6077
f 6078 6385 6077
f 6386 6385 6078
f 6079 6386 6078
f 6387 6386 6079
f 6080 6387 6079
f 6388 6387 6080
f 6081 6388 6080
f 6389 6388 6081
f 6390 6389 6081
f 6082 6390 6081
f 6083 6390 6082
f 6391 6390 6083
f 6084 6391 6083
f 6392 6391 6084
f 6393 6392 6084
f 6085 6393 6084
f 6086 6393 6085
f 6394 6393 6086
f 6395 6394 6086
f 6087 6395 6086
f 6396 6395 6087
f 6088 6396 6087
f 6089 6396 6088
f 6397 6396 6089
f 6090 6397 6089
f 6398 6397 6090
f 6091 6398 6090
f 6092 6398 6091
f 6399 6398 6092
f 6093 6399 6092
f 6400 6399 6093
f 6094 6400 6093
f 6401 6400 6094
f 6095 6401 6094
f 6402 6401 6095
f 6096 6402 6095
f 6403 6402 6096
f 6097 6403 6096
f 6404 6403 6097
f 6098 6404 6097
f 6405 6404 6098
f 6132 6405 6098
f 6101 6406 6099
f 6406 6100 6099
f 6406 6407 6100
f 6407 6408 6100
f 6408 6102 6100
f 6106 6409 6101
f 6409 6410 6101
f 6410 6406 6101
f 6408 6407 6102
f 6407 6411 6102
f 6411 6412 6102
f 6412 6109 6102
f 6104 6373 6103
f 6373 6413 6103
f 6413 6414 6103
f 6414 6105 6103
f 6414 6415 6105
f 6415 6416 6105
f 6416 6106 6105
f 6416 6409 6106
f 6119 6417 6107
f 6417 6418 6107
f 6418 6120 6107
f 6120 6108 6107
f 6412 6110 6109
f 6412 6419 6110
f 6419 6420 6110
f 6420 6111 6110
f 6420 6419 6111
f 6419 6421 6111
f 6421 6422 6111
f 6422 6423 6111
f 6423 6424 6111
f 6424 6112 6111
f 6424 6115 6112
f 6115 6113 6112
f 6115 6114 6113
f 6424 6425 6115
f 6425 6426 6115
f 6426 6116 6115
f 6426 6427 6116
f 6427 6428 6116
f 6428 6429 6116
f 6429 6430 6116
f 6430 6431 6116
f 6431 6118 6116
f 6118 6117 6116
f 6431 6432 6118
f 6432 6433 6118
f 6433 6417 6118
f 6417 6119 6118
f 6418 6433 6120
f 6433 6434 6120
f 6434 6435 6120
f 6435 6122 6120
f 6122 6121 6120
f 6435 6436 6122
f 6436 6123 6122
f 6436 6437 6123
f 6437 6438 6123
f 6438 6439 6123
f 6439 6124 6123
f 6439 6440 6124
f 6440 6125 6124
f 6440 6441 6125
f 6441 6126 6125
f 6441 6442 6126
f 6442 6128 6126
f 6128 6127 6126
f 6442 6443 6128
f 6443 6444 6128
f 6444 6129 6128
f 6444 6323 6129
f 6323 6131 6129
f 6131 6130 6129
f 6445 6405 6132
f 6446 6445 6132
f 6447 6446 6132
f 6448 6447 6132
f 6133 6448 6132
f 6135 6448 6133
f 6134 6135 6133
f 6449 6448 6135
f 6450 6449 6135
f 6451 6450 6135
f 6136 6451 6135
f 6139 6451 6136
f 6137 6139 6136
f 6138 6139 6137
f 6452 6451 6139
f 6141 6452 6139
f 6140 6141 6139
f 6453 6452 6141
f 6454 6453 6141
f 6455 6454 6141
f 6143 6455 6141
f 6142 6143 6141
f 6456 6455 6143
f 6457 6456 6143
f 6145 6457 6143
f 6144 6145 6143
f 6458 6457 6145
f 6459 6458 6145
f 6460 6459 6145
f 6146 6460 6145
f 6147 6460 6146
f 6461 6460 6147
f 6148 6461 6147
f 6462 6461 6148
f 6463 6462 6148
f 6149 6463 6148
f 6150 6463 6149
f 6464 6463 6150
f 6465 6464 6150
f 6151 6465 6150
f 6153 6465 6151
f 6152 6153 6151
f 6466 6465 6153
f 6467 6466 6153
f 6154 6467 6153
f 6468 6467 6154
f 6156 6468 6154
f 6155 6156 6154
f 6469 6468 6156
f 6470 6469 6156
f 6158 6470 6156
f 6157 6158 6156
f 6471 6470 6158
f 6472 6471 6158
f 6159 6472 6158
f 6473 6472 6159
f 6160 6473 6159
f 6474 6473 6160
f 6161 6474 6160
f 6475 6474 6161
f 6163 6475 6161
f 6162 6163 6161
f 6476 6475 6163
f 6477 6476 6163
f 6165 6477 6163
f 6164 6165 6163
f 6478 6477 6165
f 6479 6478 6165
f 6166 6479 6165
f 6480 6479 6166
f 6167 6480 6166
f 6481 6480 6167
f 6168 6481 6167
f 6482 6481 6168
f 6169 6482 6168
f 6483 6482 6169
f 6170 6483 6169
f 6484 6483 6170
f 6485 6484 6170
f 6171 6485 6170
f 6173 6485 6171
f 6172 6173 6171
f 6486 6485 6173
f 6487 6486 6173
f 6174 6487 6173
f 6488 6487 6174
f 6175 6488 6174
f 6489 6488 6175
f 6490 6489 6175
f 6176 6490 6175
f 6178 6490 6176
f 6177 6178 6176
f 6491 6490 6178
f 6492 6491 6178
f 6180 6492 6178
f 6179 6180 6178
f 6493 6492 6180
f 6494 6493 6180
f 6495 6494 6180
f 6181 6495 6180
f 6496 6495 6181
f 6182 6496 6181
f 6497 6496 6182
f 6183 6497 6182
f 6498 6497 6183
f 6184 6498 6183
f 6499 6498 6184
f 6185 6499 6184
f 6187 6499 6185
f 6186 6187 6185
f 6500 6499 6187
f 6501 6500 6187
f 6502 6501 6187
f 6188 6502 6187
f 6503 6502 6188
f 6189 6503 6188
f 6190 6503 6189
f 6504 6503 6190
f 6505 6504 6190
f 6191 6505 6190
f 6506 6505 6191
f 6192 6506 6191
f 6193 6506 6192
f 6507 6506 6193
f 6508 6507 6193
f 6194 6508 6193
f 6509 6508 6194
f 6195 6509 6194
f 6510 6509 6195
f 6196 6510 6195
f 6198 6510 6196
f 6197 6198 6196
f 6511 6510 6198
f 6512 6511 6198
f 6513 6512 6198
f 6199 6513 6198
f 6514 6513 6199
f 6200 6514 6199
f 6201 6514 6200
f 6515 6514 6201
f 6202 6515 6201
f 6516 6515 6202
f 6517 6516 6202
f 6518 6517 6202
f 6203 6518 6202
f 5916 6518 6203
f 6215 6519 6205
f 6519 6520 6205
f 6520 6206 6205
f 6520 6208 6206
f 6208 6207 6206
f 6520 6521 6208
f 6521 6522 6208
f 6522 6209 6208
f 6222 6523 6210
f 6523 6524 6210
f 6524 6525 6210
f 6525 6526 6210
f 6526 6211 6210
f 6526 6527 6211
f 6527 6212 6211
f 6527 6528 6212
f 6528 6213 6212
f 6528 6529 6213
f 6529 6530 6213
f 6530 6214 6213
f 6530 6531 6214
f 6531 6519 6214
f 6519 6215 6214
f 6532 6217 6216
f 6533 6532 6216
f 6223 6533 6216
f 6534 6218 6217
f 6535 6534 6217
f 6532 6535 6217
f 6534 6536 6218
f 6536 6537 6218
f 6537 6538 6218
f 6538 6220 6218
f 6220 6219 6218
f 6538 6539 6220
f 6539 6221 6220
f 6539 6540 6221
f 6540 6541 6221
f 6541 6523 6221
f 6523 6222 6221
f 6542 6533 6223
f 6224 6542 6223
f 6543 6542 6224
f 6225 6543 6224
f 6544 6543 6225
f 6227 6544 6225
f 6226 6227 6225
f 6545 6544 6227
f 6546 6545 6227
f 6228 6546 6227
f 6229 6546 6228
f 6547 6546 6229
f 6230 6547 6229
f 6548 6547 6230
f 6231 6548 6230
f 6549 6548 6231
f 6232 6549 6231
f 6233 6549 6232
f 6550 6549 6233
f 6551 6550 6233
f 6234 6551 6233
f 6235 6551 6234
f 6552 6551 6235
f 6236 6552 6235
f 6237 6552 6236
f 6553 6552 6237
f 6238 6553 6237
f 6554 6553 6238
f 6555 6554 6238
f 6239 6555 6238
f 6240 6555 6239
f 6556 6555 6240
f 6557 6556 6240
f 6241 6557 6240
f 6313 6557 6241
f 6558 5382 6242
f 6559 6558 6242
f 6560 6559 6242
f 6243 6560 6242
f 6561 6560 6243
f 6562 6561 6243
f 6563 6562 6243
f 6244 6563 6243
f 6564 6563 6244
f 6245 6564 6244
f 6565 6564 6245
f 6247 6565 6245
f 6246 6247 6245
f 6250 6565 6247
f 6249 6250 6247
f 6248 6249 6247
f 6566 6565 6250
f 6567 6566 6250
f 6251 6567 6250
f 6252 6567 6251
f 6568 6567 6252
f 6569 6568 6252
f 6253 6569 6252
f 6254 6569 6253
f 6570 6569 6254
f 6571 6570 6254
f 6255 6571 6254
f 6572 6571 6255
f 6256 6572 6255
f 6257 6572 6256
f 6573 6572 6257
f 6574 6573 6257
f 6258 6574 6257
f 6259 6265 6258
f 6265 6574 6258
f 6278 6575 6262
f 6575 6576 6262
f 6576 6577 6262
f 6577 6263 6262
f 6577 6578 6263
f 6578 6264 6263
f 6578 6579 6264
f 6579 6265 6264
f 6579 6580 6265
f 6580 6574 6265
f 6582 6581 6266
f 6581 6269 6266
f 6269 6267 6266
f 6269 6268 6267
f 6581 6583 6269
f 6583 6584 6269
f 6584 6270 6269
f 6584 6585 6270
f 6585 6586 6270
f 6586 6271 6270
f 6586 6587 6271
f 6587 6588 6271
f 6588 6272 6271
f 6588 6589 6272
f 6589 6274 6272
f 6274 6273 6272
f 6589 6276 6274
f 6276 6275 6274
f 6589 6590 6276
f 6590 6575 6276
f 6575 6278 6276
f 6278 6277 6276
f 6322 6591 6280
f 6591 6281 6280
f 6591 6592 6281
f 6592 6593 6281
f 6593 6282 6281
f 6593 6594 6282
f 6594 6595 6282
f 6595 6284 6282
f 6595 6596 6284
f 6596 6597 6284
f 6597 6598 6284
f 6598 6599 6284
f 6599 6285 6284
f 6599 6600 6285
f 6600 6286 6285
f 6600 6287 6286
f 6600 6599 6287
f 6599 6601 6287
f 6601 6288 6287
f 6601 6602 6288
f 6602 6290 6288
f 6290 6289 6288
f 6602 6603 6290
f 6603 6604 6290
f 6604 6291 6290
f 6604 6605 6291
f 6608 6609 6292
f 6609 6610 6292
f 6610 6293 6292
f 6610 6611 6293
f 6611 6612 6293
f 6612 6296 6293
f 6296 6294 6293
f 6612 6297 6296
f 6612 6611 6297
f 6611 6613 6297
f 6613 6529 6297
f 6529 6614 6297
f 6614 6298 6297
f 6614 6615 6298
f 6615 6616 6298
f 6616 6300 6298
f 6300 6299 6298
f 6616 6617 6300
f 6617 6618 6300
f 6618 6619 6300
f 6619 6301 6300
f 6619 6303 6301
f 6303 6302 6301
f 6619 6620 6303
f 6620 6304 6303
f 6620 6621 6304
f 6621 6622 6304
f 6622 6306 6304
f 6306 6305 6304
f 6622 6623 6306
f 6623 6624 6306
f 6624 6625 6306
f 6625 6626 6306
f 6626 6307 6306
f 6626 6308 6307
f 6626 6627 6308
f 6627 6309 6308
f 6627 6628 6309
f 6628 6629 6309
f 6629 6630 6309
f 6630 6310 6309
f 6630 6631 6310
f 6631 6311 6310
f 6631 6312 6311
f 6631 6557 6312
f 6557 6313 6312
f 6372 6632 6315
f 6632 6633 6315
f 6633 6634 6315
f 6634 6635 6315
f 6635 6317 6315
f 6317 6316 6315
f 6635 6318 6317
f 6635 6636 6318
f 6636 6637 6318
f 6637 6638 6318
f 6638 6319 6318
f 6638 6639 6319
f 6639 6320 6319
f 6639 6640 6320
f 6640 6321 6320
f 6640 6641 6321
f 6641 6322 6321
f 6641 6591 6322
f 6444 6642 6323
f 6642 6643 6323
f 6643 6324 6323
f 6643 6644 6324
f 6644 6645 6324
f 6645 6646 6324
f 6646 6325 6324
f 6646 6647 6325
f 6647 6648 6325
f 6648 6328 6325
f 6328 6326 6325
f 6648 6649 6328
f 6649 6650 6328
f 6650 6651 6328
f 6651 6329 6328
f 6651 6333 6329
f 6333 6332 6329
f 6332 6330 6329
f 6651 6334 6333
f 6651 6652 6334
f 6652 6653 6334
f 6653 6336 6334
f 6336 6335 6334
f 6653 6654 6336
f 6654 6337 6336
f 6654 6655 6337
f 6655 6339 6337
f 6339 6338 6337
f 6655 6656 6339
f 6656 6340 6339
f 6656 6657 6340
f 6657 6658 6340
f 6658 6659 6340
f 6659 6341 6340
f 6659 6660 6341
f 6660 6343 6341
f 6343 6342 6341
f 6660 6661 6343
f 6661 6662 6343
f 6662 6344 6343
f 6662 6663 6344
f 6663 6345 6344
f 6663 6664 6345
f 6664 6346 6345
f 6664 6665 6346
f 6665 6347 6346
f 6665 6666 6347
f 6666 6348 6347
f 6666 6350 6348
f 6350 6349 6348
f 6666 6667 6350
f 6667 6352 6350
f 6352 6351 6350
f 6667 6668 6352
f 6668 6669 6352
f 6669 6670 6352
f 6670 6353 6352
f 6670 6671 6353
f 6671 6356 6353
f 6356 6354 6353
f 6356 6355 6354
f 6671 6672 6356
f 6672 6673 6356
f 6673 6357 6356
f 6673 6674 6357
f 6674 6675 6357
f 6675 6358 6357
f 6675 6359 6358
f 6675 6361 6359
f 6361 6360 6359
f 6675 6676 6361
f 6676 6677 6361
f 6677 6678 6361
f 6678 6362 6361
f 6678 6679 6362
f 6679 6363 6362
f 6679 6680 6363
f 6680 6681 6363
f 6681 6365 6363
f 6365 6364 6363
f 6681 6682 6365
f 6682 6367 6365
f 6367 6366 6365
f 6682 6683 6367
f 6683 6684 6367
f 6684 6685 6367
f 6685 6369 6367
f 6369 6368 6367
f 6685 6686 6369
f 6686 6371 6369
f 6371 6370 6369
f 6686 6632 6371
f 6632 6372 6371
f 6687 6413 6373
f 6688 6687 6373
f 6689 6688 6373
f 6690 6689 6373
f 6374 6690 6373
f 6376 6690 6374
f 6375 6376 6374
f 6691 6690 6376
f 6377 6691 6376
f 6692 6691 6377
f 6378 6692 6377
f 6693 6692 6378
f 6694 6693 6378
f 6380 6694 6378
f 6379 6380 6378
f 6695 6694 6380
f 6696 6695 6380
f 6697 6696 6380
f 6381 6697 6380
f 6698 6697 6381
f 6382 6698 6381
f 6699 6698 6382
f 6383 6699 6382
f 6700 6699 6383
f 6384 6700 6383
f 6701 6700 6384
f 6385 6701 6384
f 6702 6701 6385
f 6386 6702 6385
f 6703 6702 6386
f 6387 6703 6386
f 6704 6703 6387
f 6388 6704 6387
f 6705 6704 6388
f 6389 6705 6388
f 6706 6705 6389
f 6390 6706 6389
f 6707 6706 6390
f 6708 6707 6390
f 6391 6708 6390
f 6392 6708 6391
f 6709 6708 6392
f 6393 6709 6392
f 6710 6709 6393
f 6394 6710 6393
f 6711 6710 6394
f 6395 6711 6394
f 6712 6711 6395
f 6396 6712 6395
f 6713 6712 6396
f 6397 6713 6396
f 6714 6713 6397
f 6398 6714 6397
f 6715 6714 6398
f 6716 6715 6398
f 6399 6716 6398
f 6717 6716 6399
f 6400 6717 6399
f 6401 6717 6400
f 6718 6717 6401
f 6402 6718 6401
f 6719 6718 6402
f 6403 6719 6402
f 6720 6719 6403
f 6404 6720 6403
f 6721 6720 6404
f 6405 6721 6404
f 6722 6721 6405
f 6445 6722 6405
f 6410 6407 6406
f 6410 6723 6407
f 6723 6724 6407
f 6724 6411 6407
f 6416 6725 6409
f 6725 6410 6409
f 6725 6726 6410
f 6726 6727 6410
f 6727 6723 6410
f 6724 6728 6411
f 6728 6412 6411
f 6728 6419 6412
f 6687 6729 6413
f 6729 6730 6413
f 6730 6414 6413
f 6730 6415 6414
f 6730 6731 6415
f 6731 6732 6415
f 6732 6416 6415
f 6732 6725 6416
f 6433 6418 6417
f 6728 6733 6419
f 6733 6421 6419
f 6733 6734 6421
f 6734 6735 6421
f 6735 6423 6421
f 6423 6422 6421
f 6735 6736 6423
f 6736 6737 6423
f 6737 6425 6423
f 6425 6424 6423
f 6737 6427 6425
f 6427 6426 6425
f 6737 6738 6427
f 6738 6739 6427
f 6739 6740 6427
f 6740 6741 6427
f 6741 6428 6427
f 6741 6429 6428
f 6741 6742 6429
f 6742 6743 6429
f 6743 6430 6429
f 6743 6744 6430
f 6744 6432 6430
f 6432 6431 6430
f 6744 6434 6432
f 6434 6433 6432
f 6744 6745 6434
f 6745 6436 6434
f 6436 6435 6434
f 6745 6746 6436
f 6746 6437 6436
f 6746 6747 6437
f 6747 6748 6437
f 6748 6749 6437
f 6749 6439 6437
f 6439 6438 6437
f 6749 6750 6439
f 6750 6751 6439
f 6751 6440 6439
f 6751 6752 6440
f 6752 6441 6440
f 6752 6753 6441
f 6753 6442 6441
f 6753 6754 6442
f 6754 6443 6442
f 6754 6755 6443
f 6755 6444 6443
f 6755 6643 6444
f 6643 6642 6444
f 6756 6722 6445
f 6757 6756 6445
f 6758 6757 6445
f 6759 6758 6445
f 6446 6759 6445
f 6447 6759 6446
f 6760 6759 6447
f 6449 6760 6447
f 6448 6449 6447
f 6761 6760 6449
f 6762 6761 6449
f 6763 6762 6449
f 6450 6763 6449
f 6452 6763 6450
f 6451 6452 6450
f 6764 6763 6452
f 6453 6764 6452
f 6765 6764 6453
f 6766 6765 6453
f 6454 6766 6453
f 6767 6766 6454
f 6455 6767 6454
f 6768 6767 6455
f 6456 6768 6455
f 6769 6768 6456
f 6457 6769 6456
f 6770 6769 6457
f 6458 6770 6457
f 6771 6770 6458
f 6772 6771 6458
f 6459 6772 6458
f 6460 6772 6459
f 6773 6772 6460
f 6461 6773 6460
f 6774 6773 6461
f 6462 6774 6461
f 6775 6774 6462
f 6776 6775 6462
f 6463 6776 6462
f 6464 6776 6463
f 6777 6776 6464
f 6466 6777 6464
f 6465 6466 6464
f 6778 6777 6466
f 6779 6778 6466
f 6467 6779 6466
f 6780 6779 6467
f 6469 6780 6467
f 6468 6469 6467
f 6781 6780 6469
f 6782 6781 6469
f 6471 6782 6469
f 6470 6471 6469
f 6783 6782 6471
f 6784 6783 6471
f 6472 6784 6471
f 6785 6784 6472
f 6473 6785 6472
f 6786 6785 6473
f 6474 6786 6473
f 6787 6786 6474
f 6476 6787 6474
f 6475 6476 6474
f 6788 6787 6476
f 6789 6788 6476
f 6478 6789 6476
f 6477 6478 6476
f 6790 6789 6478
f 6791 6790 6478
f 6479 6791 6478
f 6792 6791 6479
f 6480 6792 6479
f 6793 6792 6480
f 6481 6793 6480
f 6794 6793 6481
f 6482 6794 6481
f 6795 6794 6482
f 6483 6795 6482
f 6796 6795 6483
f 6484 6796 6483
f 6797 6796 6484
f 6486 6797 6484
f 6485 6486 6484
f 6798 6797 6486
f 6799 6798 6486
f 6487 6799 6486
f 6800 6799 6487
f 6488 6800 6487
f 6801 6800 6488
f 6802 6801 6488
f 6489 6802 6488
f 6491 6802 6489
f 6490 6491 6489
f 6803 6802 6491
f 6804 6803 6491
f 6492 6804 6491
f 6805 6804 6492
f 6493 6805 6492
f 6806 6805 6493
f 6807 6806 6493
f 6494 6807 6493
f 6808 6807 6494
f 6495 6808 6494
f 6809 6808 6495
f 6496 6809 6495
f 6810 6809 6496
f 6497 6810 6496
f 6811 6810 6497
f 6498 6811 6497
f 6500 6811 6498
f 6499 6500 6498
f 6812 6811 6500
f 6813 6812 6500
f 6501 6813 6500
f 6814 6813 6501
f 6815 6814 6501
f 6502 6815 6501
f 6504 6815 6502
f 6503 6504 6502
f 6816 6815 6504
f 6817 6816 6504
f 6818 6817 6504
f 6505 6818 6504
f 6507 6818 6505
f 6506 6507 6505
f 6819 6818 6507
f 6820 6819 6507
f 6821 6820 6507
f 6508 6821 6507
f 6509 6821 6508
f 6822 6821 6509
f 6823 6822 6509
f 6511 6823 6509
f 6510 6511 6509
f 6824 6823 6511
f 6825 6824 6511
f 6512 6825 6511
f 6513 6825 6512
f 6826 6825 6513
f 6827 6826 6513
f 6514 6827 6513
f 6828 6827 6514
f 6515 6828 6514
f 6829 6828 6515
f 6516 6829 6515
f 6830 6829 6516
f 6831 6830 6516
f 6832 6831 6516
f 6517 6832 6516
f 6518 6832 6517
f 6833 6832 6518
f 6834 6833 6518
f 6531 6835 6519
f 6835 6836 6519
f 6836 6520 6519
f 6836 6609 6520
f 6609 6521 6520
f 6609 6608 6521
f 6608 6522 6521
f 6541 6524 6523
f 6541 6837 6524
f 6837 6838 6524
f 6838 6839 6524
f 6839 6840 6524
f 6840 6525 6524
f 6840 6526 6525
f 6840 6527 6526
f 6840 6841 6527
f 6841 6842 6527
f 6842 6843 6527
f 6843 6614 6527
f 6614 6844 6527
f 6844 6528 6527
f 6844 6529 6528
f 6613 6531 6529
f 6531 6530 6529
f 6844 6614 6529
f 6613 6835 6531
f 6845 6535 6532
f 6846 6845 6532
f 6533 6846 6532
f 6847 6846 6533
f 6542 6847 6533
f 6848 6536 6534
f 6849 6848 6534
f 6845 6849 6534
f 6535 6845 6534
f 6850 6537 6536
f 6851 6850 6536
f 6848 6851 6536
f 6850 6852 6537
f 6852 6853 6537
f 6853 6854 6537
f 6854 6538 6537
f 6854 6539 6538
f 6854 6855 6539
f 6855 6856 6539
f 6856 6540 6539
f 6856 6857 6540
f 6857 6858 6540
f 6858 6837 6540
f 6837 6541 6540
f 6543 6847 6542
f 6859 6847 6543
f 6860 6859 6543
f 6545 6860 6543
f 6544 6545 6543
f 6861 6860 6545
f 6862 6861 6545
f 6546 6862 6545
f 6863 6862 6546
f 6547 6863 6546
f 6864 6863 6547
f 6865 6864 6547
f 6548 6865 6547
f 6866 6865 6548
f 6549 6866 6548
f 6867 6866 6549
f 6868 6867 6549
f 6869 6868 6549
f 6550 6869 6549
f 6870 6869 6550
f 6551 6870 6550
f 6871 6870 6551
f 6552 6871 6551
f 6872 6871 6552
f 6553 6872 6552
f 6873 6872 6553
f 6554 6873 6553
f 6874 6873 6554
f 6875 6874 6554
f 6555 6875 6554
f 6556 6875 6555
f 6557 6876 6556
f 6876 6875 6556
f 6631 6876 6557
f 6878 6877 6558
f 6559 6878 6558
f 6879 6878 6559
f 6560 6879 6559
f 6880 6879 6560
f 6561 6880 6560
f 6881 6880 6561
f 6882 6881 6561
f 6563 6882 6561
f 6562 6563 6561
f 6883 6882 6563
f 6884 6883 6563
f 6564 6884 6563
f 6566 6884 6564
f 6565 6566 6564
f 6885 6884 6566
f 6886 6885 6566
f 6887 6886 6566
f 6567 6887 6566
f 6568 6887 6567
f 6888 6887 6568
f 6569 6888 6568
f 6889 6888 6569
f 6570 6889 6569
f 6890 6889 6570
f 6891 6890 6570
f 6571 6891 6570
f 6572 6891 6571
f 6892 6891 6572
f 6573 6892 6572
f 6574 6580 6573
f 6580 6892 6573
f 6590 6893 6575
f 6893 6576 6575
f 6893 6894 6576
f 6894 6895 6576
f 6895 6577 6576
f 6895 6896 6577
f 6896 6578 6577
f 6896 6897 6578
f 6897 6898 6578
f 6898 6579 6578
f 6898 6580 6579
f 6898 6899 6580
f 6899 6892 6580
f 6582 6900 6581
f 6900 6583 6581
f 6900 6901 6583
f 6901 6902 6583
f 6902 6584 6583
f 6902 6903 6584
f 6903 6904 6584
f 6904 6585 6584
f 6904 6586 6585
f 6904 6905 6586
f 6905 6906 6586
f 6906 6588 6586
f 6588 6587 6586
f 6906 6907 6588
f 6907 6590 6588
f 6590 6589 6588
f 6907 6893 6590
f 6641 6908 6591
f 6908 6909 6591
f 6909 6592 6591
f 6909 6910 6592
f 6910 6594 6592
f 6594 6593 6592
f 6910 6911 6594
f 6911 6912 6594
f 6912 6596 6594
f 6596 6595 6594
f 6912 6913 6596
f 6913 6597 6596
f 6913 6914 6597
f 6914 6915 6597
f 6915 6598 6597
f 6915 6601 6598
f 6601 6599 6598
f 6915 6916 6601
f 6916 6917 6601
f 6917 6918 6601
f 6918 6919 6601
f 6919 6602 6601
f 6602 6919 6603
f 6921 6920 6603
f 6920 6922 6603
f 6922 6604 6603
f 6922 6606 6604
f 6606 6605 6604
f 6922 6923 6606
f 6923 6924 6606
f 6924 6925 6606
f 6925 6607 6606
f 6836 6610 6609
f 6836 6835 6610
f 6835 6926 6610
f 6926 6611 6610
f 6926 6613 6611
f 6926 6835 6613
f 6843 6927 6614
f 6927 6615 6614
f 6927 6617 6615
f 6617 6616 6615
f 6927 6842 6617
f 6842 6928 6617
f 6928 6929 6617
f 6929 6618 6617
f 6929 6620 6618
f 6620 6619 6618
f 6929 6930 6620
f 6930 6621 6620
f 6930 6931 6621
f 6931 6623 6621
f 6623 6622 6621
f 6931 6932 6623
f 6932 6933 6623
f 6933 6934 6623
f 6934 6624 6623
f 6934 6935 6624
f 6935 6625 6624
f 6935 6936 6625
f 6936 6626 6625
f 6936 6628 6626
f 6628 6627 6626
f 6936 6937 6628
f 6937 6938 6628
f 6938 6939 6628
f 6939 6629 6628
f 6939 6940 6629
f 6940 6630 6629
f 6940 6631 6630
f 6940 6876 6631
f 6686 6941 6632
f 6941 6942 6632
f 6942 6943 6632
f 6943 6944 6632
f 6944 6633 6632
f 6944 6945 6633
f 6945 6634 6633
f 6945 6946 6634
f 6946 6947 6634
f 6947 6948 6634
f 6948 6635 6634
f 6948 6636 6635
f 6948 6949 6636
f 6949 6637 6636
f 6949 6639 6637
f 6639 6638 6637
f 6949 6950 6639
f 6950 6951 6639
f 6951 6640 6639
f 6951 6952 6640
f 6952 6908 6640
f 6908 6641 6640
f 6755 6953 6643
f 6953 6954 6643
f 6954 6644 6643
f 6954 6955 6644
f 6955 6956 6644
f 6956 6957 6644
f 6957 6645 6644
f 6957 6647 6645
f 6647 6646 6645
f 6957 6958 6647
f 6958 6959 6647
f 6959 6960 6647
f 6960 6649 6647
f 6649 6648 6647
f 6960 6961 6649
f 6961 6650 6649
f 6961 6651 6650
f 6961 6652 6651
f 6961 6962 6652
f 6962 6963 6652
f 6963 6964 6652
f 6964 6653 6652
f 6964 6965 6653
f 6965 6654 6653
f 6965 6656 6654
f 6656 6655 6654
f 6965 6966 6656
f 6966 6657 6656
f 6966 6967 6657
f 6967 6968 6657
f 6968 6969 6657
f 6969 6970 6657
f 6970 6658 6657
f 6970 6660 6658
f 6660 6659 6658
f 6970 6971 6660
f 6971 6972 6660
f 6972 6661 6660
f 6972 6973 6661
f 6973 6663 6661
f 6663 6662 6661
f 6973 6974 6663
f 6974 6975 6663
f 6975 6664 6663
f 6975 6976 6664
f 6976 6665 6664
f 6976 6977 6665
f 6977 6666 6665
f 6977 6668 6666
f 6668 6667 6666
f 6977 6978 6668
f 6978 6979 6668
f 6979 6980 6668
f 6980 6669 6668
f 6980 6981 6669
f 6981 6670 6669
f 6981 6982 6670
f 6982 6983 6670
f 6983 6672 6670
f 6672 6671 6670
f 6983 6984 6672
f 6984 6985 6672
f 6985 6673 6672
f 6985 6986 6673
f 6986 6676 6673
f 6676 6674 6673
f 6676 6675 6674
f 6986 6987 6676
f 6987 6988 6676
f 6988 6677 6676
f 6988 6989 6677
f 6989 6679 6677
f 6679 6678 6677
f 6989 6990 6679
f 6990 6991 6679
f 6991 6992 6679
f 6992 6993 6679
f 6993 6680 6679
f 6993 6994 6680
f 6994 6681 6680
f 6994 6683 6681
f 6683 6682 6681
f 6994 6995 6683
f 6995 6684 6683
f 6995 6996 6684
f 6996 6942 6684
f 6942 6941 6684
f 6941 6686 6684
f 6686 6685 6684
f 6997 6729 6687
f 6998 6997 6687
f 6999 6998 6687
f 7000 6999 6687
f 6688 7000 6687
f 6689 7000 6688
f 6691 7000 6689
f 6690 6691 6689
f 7001 7000 6691
f 7002 7001 6691
f 6692 7002 6691
f 6693 7002 6692
f 7003 7002 6693
f 7004 7003 6693
f 6695 7004 6693
f 6694 6695 6693
f 7005 7004 6695
f 7006 7005 6695
f 7007 7006 6695
f 6696 7007 6695
f 7008 7007 6696
f 6697 7008 6696
f 7009 7008 6697
f 7010 7009 6697
f 6698 7010 6697
f 7011 7010 6698
f 6699 7011 6698
f 7012 7011 6699
f 6700 7012 6699
f 7013 7012 6700
f 6701 7013 6700
f 6702 7013 6701
f 7014 7013 6702
f 6703 7014 6702
f 7015 7014 6703
f 7016 7015 6703
f 6704 7016 6703
f 6705 7016 6704
f 7017 7016 6705
f 6706 7017 6705
f 7018 7017 6706
f 7019 7018 6706
f 6707 7019 6706
f 6708 7019 6707
f 7020 7019 6708
f 6709 7020 6708
f 7021 7020 6709
f 7022 7021 6709
f 6710 7022 6709
f 6711 7022 6710
f 7023 7022 6711
f 7024 7023 6711
f 6712 7024 6711
f 6713 7024 6712
f 7025 7024 6713
f 6714 7025 6713
f 7026 7025 6714
f 6715 7026 6714
f 7027 7026 6715
f 6716 7027 6715
f 7028 7027 6716
f 6717 7028 6716
f 7029 7028 6717
f 6718 7029 6717
f 7030 7029 6718
f 7031 7030 6718
f 6719 7031 6718
f 6720 7031 6719
f 7032 7031 6720
f 7033 7032 6720
f 6721 7033 6720
f 6722 7033 6721
f 7034 7033 6722
f 6756 7034 6722
f 6727 6724 6723
f 6727 7035 6724
f 7035 7036 6724
f 7036 6728 6724
f 6732 7037 6725
f 7037 6726 6725
f 7037 6727 6726
f 7037 7038 6727
f 7038 7039 6727
f 7039 7040 6727
f 7040 7035 6727
f 7036 7041 6728
f 7041 6733 6728
f 6997 7042 6729
f 7042 6730 6729
f 7042 7043 6730
f 7043 6731 6730
f 7043 7044 6731
f 7044 7045 6731
f 7045 6732 6731
f 7045 7037 6732
f 7041 7046 6733
f 7046 6734 6733
f 7046 7047 6734
f 7047 6735 6734
f 7047 7048 6735
f 7048 7049 6735
f 7049 7050 6735
f 7050 6737 6735
f 6737 6736 6735
f 7050 6738 6737
f 7050 7051 6738
f 7051 6739 6738
f 7051 7052 6739
f 7052 7053 6739
f 7053 7054 6739
f 7054 7055 6739
f 7055 6740 6739
f 7055 6741 6740
f 7055 6742 6741
f 7055 7054 6742
f 7054 7056 6742
f 7056 7057 6742
f 7057 6743 6742
f 7057 7058 6743
f 7058 6745 6743
f 6745 6744 6743
f 7058 7059 6745
f 7059 7060 6745
f 7060 6746 6745
f 7060 7061 6746
f 7061 6747 6746
f 7061 7062 6747
f 7062 7063 6747
f 7063 7064 6747
f 7064 6748 6747
f 7064 6750 6748
f 6750 6749 6748
f 7064 7065 6750
f 7065 7066 6750
f 7066 6751 6750
f 7066 7067 6751
f 7067 7068 6751
f 7068 6752 6751
f 7068 6753 6752
f 7068 6754 6753
f 7068 7069 6754
f 7069 6755 6754
f 7069 6953 6755
f 7070 7034 6756
f 7071 7070 6756
f 7072 7071 6756
f 6757 7072 6756
f 7073 7072 6757
f 6758 7073 6757
f 7074 7073 6758
f 7075 7074 6758
f 6759 7075 6758
f 6761 7075 6759
f 6760 6761 6759
f 7076 7075 6761
f 7077 7076 6761
f 6764 7077 6761
f 6762 6764 6761
f 6763 6764 6762
f 7078 7077 6764
f 7079 7078 6764
f 7080 7079 6764
f 6765 7080 6764
f 7081 7080 6765
f 6766 7081 6765
f 7082 7081 6766
f 6767 7082 6766
f 7083 7082 6767
f 6768 7083 6767
f 7084 7083 6768
f 6769 7084 6768
f 6770 7084 6769
f 7085 7084 6770
f 7086 7085 6770
f 6771 7086 6770
f 7085 7086 6771
f 7087 7085 6771
f 7088 7087 6771
f 7089 7088 6771
f 6772 7089 6771
f 6774 7089 6772
f 6773 6774 6772
f 7090 7089 6774
f 7091 7090 6774
f 7092 7091 6774
f 6775 7092 6774
f 7093 7092 6775
f 6776 7093 6775
f 6778 7093 6776
f 6777 6778 6776
f 7094 7093 6778
f 7095 7094 6778
f 6779 7095 6778
f 7096 7095 6779
f 6781 7096 6779
f 6780 6781 6779
f 7097 7096 6781
f 7098 7097 6781
f 6783 7098 6781
f 6782 6783 6781
f 7099 7098 6783
f 7100 7099 6783
f 6784 7100 6783
f 7101 7100 6784
f 6785 7101 6784
f 7102 7101 6785
f 6786 7102 6785
f 7103 7102 6786
f 6788 7103 6786
f 6787 6788 6786
f 7104 7103 6788
f 7105 7104 6788
f 6790 7105 6788
f 6789 6790 6788
f 7106 7105 6790
f 7107 7106 6790
f 6791 7107 6790
f 7108 7107 6791
f 6792 7108 6791
f 7109 7108 6792
f 6793 7109 6792
f 7110 7109 6793
f 6794 7110 6793
f 7111 7110 6794
f 6795 7111 6794
f 7112 7111 6795
f 6796 7112 6795
f 7113 7112 6796
f 6798 7113 6796
f 6797 6798 6796
f 7114 7113 6798
f 7115 7114 6798
f 6799 7115 6798
f 7116 7115 6799
f 6800 7116 6799
f 7117 7116 6800
f 7118 7117 6800
f 6801 7118 6800
f 6803 7118 6801
f 6802 6803 6801
f 7119 7118 6803
f 7120 7119 6803
f 6804 7120 6803
f 7121 7120 6804
f 6805 7121 6804
f 7122 7121 6805
f 7123 7122 6805
f 6806 7123 6805
f 7124 7123 6806
f 6807 7124 6806
f 7125 7124 6807
f 6808 7125 6807
f 7126 7125 6808
f 6809 7126 6808
f 7127 7126 6809
f 6810 7127 6809
f 6812 7127 6810
f 6811 6812 6810
f 7128 7127 6812
f 7129 7128 6812
f 7130 7129 6812
f 6813 7130 6812
f 7131 7130 6813
f 6814 7131 6813
f 6815 7131 6814
f 7132 7131 6815
f 7133 7132 6815
f 6816 7133 6815
f 7134 7133 6816
f 6817 7134 6816
f 6818 7134 6817
f 7135 7134 6818
f 6819 7135 6818
f 7136 7135 6819
f 6820 7136 6819
f 7137 7136 6820
f 6821 7137 6820
f 7138 7137 6821
f 6822 7138 6821
f 7139 7138 6822
f 6823 7139 6822
f 6824 7139 6823
f 6825 7139 6824
f 7140 7139 6825
f 6826 7140 6825
f 7141 7140 6826
f 7142 7141 6826
f 6828 7142 6826
f 6827 6828 6826
f 7143 7142 6828
f 6829 7143 6828
f 7144 7143 6829
f 6830 7144 6829
f 7145 7144 6830
f 7146 7145 6830
f 7147 7146 6830
f 6831 7147 6830
f 6833 7147 6831
f 6832 6833 6831
f 7148 7147 6833
f 7149 7148 6833
f 6834 7149 6833
f 6518 7149 6834
f 6858 7150 6837
f 7150 7151 6837
f 7151 7152 6837
f 7152 7153 6837
f 7153 6838 6837
f 7153 7154 6838
f 7154 7155 6838
f 7155 6839 6838
f 7155 6841 6839
f 6841 6840 6839
f 7155 7154 6841
f 7154 6842 6841
f 7154 7156 6842
f 7156 6928 6842
f 6927 6843 6842
f 7157 6849 6845
f 7158 7157 6845
f 6846 7158 6845
f 6847 7158 6846
f 7159 7158 6847
f 6859 7159 6847
f 7160 6851 6848
f 7161 7160 6848
f 7157 7161 6848
f 6849 7157 6848
f 7162 6852 6850
f 7163 7162 6850
f 7164 7163 6850
f 7160 7164 6850
f 6851 7160 6850
f 7165 7166 6852
f 7166 7167 6852
f 7167 7168 6852
f 7168 6853 6852
f 7168 7169 6853
f 7169 6855 6853
f 6855 6854 6853
f 7169 7170 6855
f 7170 7171 6855
f 7171 6856 6855
f 7171 6857 6856
f 7171 7172 6857
f 7172 7173 6857
f 7173 7150 6857
f 7150 6858 6857
f 7174 7159 6859
f 7175 7174 6859
f 6861 7175 6859
f 6860 6861 6859
f 7176 7175 6861
f 6862 7176 6861
f 7177 7176 6862
f 6863 7177 6862
f 7178 7177 6863
f 7179 7178 6863
f 6864 7179 6863
f 6865 7179 6864
f 7180 7179 6865
f 6866 7180 6865
f 6867 7180 6866
f 7181 7180 6867
f 7182 7181 6867
f 6868 7182 6867
f 6869 7182 6868
f 7183 7182 6869
f 6870 7183 6869
f 7184 7183 6870
f 7185 7184 6870
f 6871 7185 6870
f 7186 7185 6871
f 6872 7186 6871
f 7187 7186 6872
f 7188 7187 6872
f 6873 7188 6872
f 6874 7188 6873
f 7189 7188 6874
f 7190 7189 6874
f 6875 7190 6874
f 6876 7190 6875
f 6940 7191 6876
f 7191 7190 6876
f 7193 7192 6877
f 6878 7193 6877
f 7194 7193 6878
f 6879 7194 6878
f 7195 7194 6879
f 6880 7195 6879
f 7196 7195 6880
f 7197 7196 6880
f 6881 7197 6880
f 7198 7197 6881
f 6883 7198 6881
f 6882 6883 6881
f 7199 7198 6883
f 6885 7199 6883
f 6884 6885 6883
f 7200 7199 6885
f 7201 7200 6885
f 6886 7201 6885
f 6887 7201 6886
f 7202 7201 6887
f 6888 7202 6887
f 7203 7202 6888
f 7204 7203 6888
f 6889 7204 6888
f 7205 7204 6889
f 6890 7205 6889
f 6891 7205 6890
f 6899 7205 6891
f 6892 6899 6891
f 6907 7206 6893
f 7206 6894 6893
f 7206 7207 6894
f 7207 6895 6894
f 7207 6896 6895
f 7207 7208 6896
f 7208 7209 6896
f 7209 6897 6896
f 7209 7210 6897
f 7210 6898 6897
f 7210 7211 6898
f 7211 6899 6898
f 7211 7212 6899
f 7212 7205 6899
f 6582 7213 6900
f 7213 7214 6900
f 7214 6901 6900
f 7214 6902 6901
f 7214 7215 6902
f 7215 7216 6902
f 7216 6903 6902
f 7216 6904 6903
f 7216 7217 6904
f 7217 7218 6904
f 7218 7219 6904
f 7219 6905 6904
f 7219 7220 6905
f 7220 7221 6905
f 7221 6906 6905
f 7221 6907 6906
f 7221 7206 6907
f 6952 7222 6908
f 7222 7223 6908
f 7223 7224 6908
f 7224 7225 6908
f 7225 6910 6908
f 6910 6909 6908
f 7225 7226 6910
f 7226 7227 6910
f 7227 7228 6910
f 7228 6911 6910
f 7228 7229 6911
f 7229 6914 6911
f 6914 6913 6911
f 6913 6912 6911
f 7229 7230 6914
f 7230 7231 6914
f 7231 6916 6914
f 6916 6915 6914
f 7231 6917 6916
f 7231 7232 6917
f 7232 6921 6917
f 6921 6603 6917
f 6603 6918 6917
f 6603 6919 6918
f 7232 6920 6921
f 7232 7233 6920
f 7233 7234 6920
f 7234 7235 6920
f 7235 6922 6920
f 7235 7236 6922
f 7236 6923 6922
f 7236 7237 6923
f 7237 7238 6923
f 7238 7239 6923
f 7239 7240 6923
f 7240 6924 6923
f 7240 6925 6924
f 7240 7241 6925
f 7241 6607 6925
f 7156 6930 6928
f 6930 6929 6928
f 7156 7242 6930
f 7242 6931 6930
f 7242 7243 6931
f 7243 7244 6931
f 7244 6932 6931
f 7244 7245 6932
f 7245 7246 6932
f 7246 7247 6932
f 7247 6933 6932
f 7247 7248 6933
f 7248 6934 6933
f 7248 6937 6934
f 6937 6935 6934
f 6937 6936 6935
f 7248 7249 6937
f 7249 7250 6937
f 7250 7251 6937
f 7251 6938 6937
f 7251 7252 6938
f 7252 6939 6938
f 7252 7191 6939
f 7191 6940 6939
f 6996 7253 6942
f 7253 6943 6942
f 7253 7254 6943
f 7254 6945 6943
f 6945 6944 6943
f 7254 7255 6945
f 7255 7256 6945
f 7256 7257 6945
f 7257 7258 6945
f 7258 6946 6945
f 7258 7259 6946
f 7259 7260 6946
f 7260 6949 6946
f 6949 6947 6946
f 6949 6948 6947
f 7260 7261 6949
f 7261 6950 6949
f 7261 7262 6950
f 7262 6951 6950
f 7262 7222 6951
f 7222 6952 6951
f 7069 7263 6953
f 7263 6954 6953
f 7263 7264 6954
f 7264 7265 6954
f 7265 7266 6954
f 7266 6955 6954
f 7266 7267 6955
f 7267 7268 6955
f 7268 6958 6955
f 6958 6956 6955
f 6958 6957 6956
f 7268 7269 6958
f 7269 7270 6958
f 7270 7271 6958
f 7271 6959 6958
f 7271 7272 6959
f 7272 7273 6959
f 7273 6960 6959
f 7273 6961 6960
f 7273 7272 6961
f 7272 6962 6961
f 7272 7274 6962
f 7274 7275 6962
f 7275 7276 6962
f 7276 6963 6962
f 7276 7277 6963
f 7277 6964 6963
f 7277 6966 6964
f 6966 6965 6964
f 7277 7278 6966
f 7278 6967 6966
f 7278 7279 6967
f 7279 7280 6967
f 7280 7281 6967
f 7281 7282 6967
f 7282 6968 6967
f 7282 7283 6968
f 7283 6969 6968
f 7283 7284 6969
f 7284 6970 6969
f 7284 7285 6970
f 7285 6971 6970
f 7285 6972 6971
f 7285 7286 6972
f 7286 7287 6972
f 7287 7288 6972
f 7288 6974 6972
f 6974 6973 6972
f 7288 7289 6974
f 7289 7290 6974
f 7290 6975 6974
f 7290 7291 6975
f 7291 6978 6975
f 6978 6976 6975
f 6978 6977 6976
f 7291 7292 6978
f 7292 7293 6978
f 7293 7294 6978
f 7294 6979 6978
f 7294 7295 6979
f 7295 6980 6979
f 7295 7296 6980
f 7296 6981 6980
f 7296 7297 6981
f 7297 6982 6981
f 7297 7298 6982
f 7298 6984 6982
f 6984 6983 6982
f 7298 6985 6984
f 7298 7299 6985
f 7299 7300 6985
f 7300 7301 6985
f 7301 7302 6985
f 7302 6986 6985
f 7302 6987 6986
f 7302 7303 6987
f 7303 6988 6987
f 7303 6990 6988
f 6990 6989 6988
f 7303 7304 6990
f 7304 7305 6990
f 7305 6991 6990
f 7305 7306 6991
f 7306 7307 6991
f 7307 6992 6991
f 7307 7308 6992
f 7308 6993 6992
f 7308 7309 6993
f 7309 6995 6993
f 6995 6994 6993
f 7309 7310 6995
f 7310 7311 6995
f 7311 7312 6995
f 7312 6996 6995
f 7312 7313 6996
f 7313 7253 6996
f 6998 7314 6997
f 7314 7315 6997
f 7315 7316 6997
f 7316 7042 6997
f 6999 7317 6998
f 7317 7314 6998
f 7001 7317 6999
f 7000 7001 6999
f 7318 7317 7001
f 7002 7318 7001
f 7319 7318 7002
f 7003 7319 7002
f 7320 7319 7003
f 7321 7320 7003
f 7005 7321 7003
f 7004 7005 7003
f 7322 7321 7005
f 7323 7322 7005
f 7324 7323 7005
f 7325 7324 7005
f 7006 7325 7005
f 7326 7325 7006
f 7007 7326 7006
f 7327 7326 7007
f 7008 7327 7007
f 7328 7327 7008
f 7329 7328 7008
f 7009 7329 7008
f 7330 7329 7009
f 7010 7330 7009
f 7331 7330 7010
f 7011 7331 7010
f 7332 7331 7011
f 7012 7332 7011
f 7013 7332 7012
f 7333 7332 7013
f 7014 7333 7013
f 7334 7333 7014
f 7335 7334 7014
f 7015 7335 7014
f 7016 7335 7015
f 7336 7335 7016
f 7017 7336 7016
f 7337 7336 7017
f 7338 7337 7017
f 7018 7338 7017
f 7019 7338 7018
f 7339 7338 7019
f 7340 7339 7019
f 7020 7340 7019
f 7021 7340 7020
f 7341 7340 7021
f 7022 7341 7021
f 7342 7341 7022
f 7343 7342 7022
f 7023 7343 7022
f 7024 7343 7023
f 7344 7343 7024
f 7345 7344 7024
f 7025 7345 7024
f 7026 7345 7025
f 7346 7345 7026
f 7347 7346 7026
f 7027 7347 7026
f 7028 7347 7027
f 7348 7347 7028
f 7029 7348 7028
f 7349 7348 7029
f 7350 7349 7029
f 7030 7350 7029
f 7031 7350 7030
f 7351 7350 7031
f 7352 7351 7031
f 7032 7352 7031
f 7033 7352 7032
f 7353 7352 7033
f 7354 7353 7033
f 7034 7354 7033
f 7070 7354 7034
f 7040 7036 7035
f 7040 7041 7036
f 7045 7355 7037
f 7355 7356 7037
f 7356 7038 7037
f 7356 7357 7038
f 7357 7358 7038
f 7358 7039 7038
f 7358 7040 7039
f 7358 7359 7040
f 7359 7360 7040
f 7360 7041 7040
f 7360 7047 7041
f 7047 7046 7041
f 7316 7361 7042
f 7361 7362 7042
f 7362 7043 7042
f 7362 7363 7043
f 7363 7044 7043
f 7363 7364 7044
f 7364 7045 7044
f 7364 7365 7045
f 7365 7355 7045
f 7360 7366 7047
f 7366 7367 7047
f 7367 7049 7047
f 7049 7048 7047
f 7367 7368 7049
f 7368 7369 7049
f 7369 7051 7049
f 7051 7050 7049
f 7369 7370 7051
f 7370 7371 7051
f 7371 7052 7051
f 7371 7372 7052
f 7372 7373 7052
f 7373 7374 7052
f 7374 7053 7052
f 7374 7054 7053
f 7374 7375 7054
f 7375 7056 7054
f 7375 7376 7056
f 7376 7060 7056
f 7060 7057 7056
f 7060 7059 7057
f 7059 7058 7057
f 7376 7377 7060
f 7377 7061 7060
f 7377 7378 7061
f 7378 7379 7061
f 7379 7062 7061
f 7379 7380 7062
f 7380 7381 7062
f 7381 7063 7062
f 7381 7065 7063
f 7065 7064 7063
f 7381 7382 7065
f 7382 7383 7065
f 7383 7066 7065
f 7383 7384 7066
f 7384 7263 7066
f 7263 7067 7066
f 7263 7068 7067
f 7263 7069 7068
f 7385 7354 7070
f 7386 7385 7070
f 7387 7386 7070
f 7388 7387 7070
f 7071 7388 7070
f 7072 7388 7071
f 7389 7388 7072
f 7390 7389 7072
f 7073 7390 7072
f 7391 7390 7073
f 7074 7391 7073
f 7075 7391 7074
f 7392 7391 7075
f 7076 7392 7075
f 7078 7392 7076
f 7077 7078 7076
f 7393 7392 7078
f 7394 7393 7078
f 7395 7394 7078
f 7396 7395 7078
f 7397 7396 7078
f 7079 7397 7078
f 7081 7397 7079
f 7080 7081 7079
f 7398 7397 7081
f 7399 7398 7081
f 7082 7399 7081
f 7400 7399 7082
f 7083 7400 7082
f 7401 7400 7083
f 7084 7401 7083
f 7087 7401 7084
f 7085 7087 7084
f 7402 7401 7087
f 7403 7402 7087
f 7404 7403 7087
f 7405 7404 7087
f 7088 7405 7087
f 7406 7405 7088
f 7089 7406 7088
f 7407 7406 7089
f 7090 7407 7089
f 7408 7407 7090
f 7091 7408 7090
f 7409 7408 7091
f 7092 7409 7091
f 7410 7409 7092
f 7094 7410 7092
f 7093 7094 7092
f 7411 7410 7094
f 7412 7411 7094
f 7095 7412 7094
f 7413 7412 7095
f 7097 7413 7095
f 7096 7097 7095
f 7414 7413 7097
f 7415 7414 7097
f 7099 7415 7097
f 7098 7099 7097
f 7416 7415 7099
f 7417 7416 7099
f 7100 7417 7099
f 7418 7417 7100
f 7101 7418 7100
f 7419 7418 7101
f 7102 7419 7101
f 7420 7419 7102
f 7104 7420 7102
f 7103 7104 7102
f 7421 7420 7104
f 7422 7421 7104
f 7106 7422 7104
f 7105 7106 7104
f 7423 7422 7106
f 7424 7423 7106
f 7107 7424 7106
f 7425 7424 7107
f 7108 7425 7107
f 7426 7425 7108
f 7109 7426 7108
f 7427 7426 7109
f 7110 7427 7109
f 7428 7427 7110
f 7111 7428 7110
f 7429 7428 7111
f 7430 7429 7111
f 7112 7430 7111
f 7114 7430 7112
f 7113 7114 7112
f 7431 7430 7114
f 7432 7431 7114
f 7115 7432 7114
f 7433 7432 7115
f 7116 7433 7115
f 7434 7433 7116
f 7435 7434 7116
f 7117 7435 7116
f 7119 7435 7117
f 7118 7119 7117
f 7436 7435 7119
f 7437 7436 7119
f 7121 7437 7119
f 7120 7121 7119
f 7438 7437 7121
f 7439 7438 7121
f 7440 7439 7121
f 7122 7440 7121
f 7441 7440 7122
f 7123 7441 7122
f 7442 7441 7123
f 7124 7442 7123
f 7443 7442 7124
f 7125 7443 7124
f 7444 7443 7125
f 7126 7444 7125
f 7128 7444 7126
f 7127 7128 7126
f 7445 7444 7128
f 7446 7445 7128
f 7129 7446 7128
f 7447 7446 7129
f 7130 7447 7129
f 7448 7447 7130
f 7132 7448 7130
f 7131 7132 7130
f 7449 7448 7132
f 7450 7449 7132
f 7451 7450 7132
f 7133 7451 7132
f 7135 7451 7133
f 7134 7135 7133
f 7452 7451 7135
f 7453 7452 7135
f 7136 7453 7135
f 7454 7453 7136
f 7137 7454 7136
f 7455 7454 7137
f 7138 7455 7137
f 7139 7455 7138
f 7456 7455 7139
f 7140 7456 7139
f 7141 7456 7140
f 7457 7456 7141
f 7458 7457 7141
f 7143 7458 7141
f 7142 7143 7141
f 7459 7458 7143
f 7145 7459 7143
f 7144 7145 7143
f 7460 7459 7145
f 7461 7460 7145
f 7462 7461 7145
f 7463 7462 7145
f 7146 7463 7145
f 7148 7463 7146
f 7147 7148 7146
f 7464 7463 7148
f 7465 7464 7148
f 7466 7465 7148
f 7149 7466 7148
f 7467 7466 7149
f 6518 7467 7149
f 7173 7468 7150
f 7468 7151 7150
f 7468 7469 7151
f 7469 7470 7151
f 7470 7244 7151
f 7244 7243 7151
f 7243 7153 7151
f 7153 7152 7151
f 7243 7242 7153
f 7242 7156 7153
f 7156 7154 7153
f 7471 7161 7157
f 7472 7471 7157
f 7158 7472 7157
f 7473 7472 7158
f 7159 7473 7158
f 7474 7473 7159
f 7174 7474 7159
f 7475 7164 7160
f 7476 7475 7160
f 7471 7476 7160
f 7161 7471 7160
f 7478 7477 7162
f 7163 7478 7162
f 7479 7478 7163
f 7480 7479 7163
f 7475 7480 7163
f 7164 7475 7163
f 7481 7482 7165
f 7482 7483 7165
f 7483 7484 7165
f 7484 7485 7165
f 7485 7166 7165
f 7485 7486 7166
f 7486 7487 7166
f 7487 7167 7166
f 7487 7170 7167
f 7170 7169 7167
f 7169 7168 7167
f 7487 7171 7170
f 7487 7488 7171
f 7488 7172 7171
f 7488 7489 7172
f 7489 7490 7172
f 7490 7468 7172
f 7468 7173 7172
f 7491 7474 7174
f 7176 7491 7174
f 7175 7176 7174
f 7492 7491 7176
f 7493 7492 7176
f 7177 7493 7176
f 7494 7493 7177
f 7178 7494 7177
f 7179 7494 7178
f 7495 7494 7179
f 7180 7495 7179
f 7496 7495 7180
f 7181 7496 7180
f 7182 7496 7181
f 7497 7496 7182
f 7183 7497 7182
f 7498 7497 7183
f 7184 7498 7183
f 7499 7498 7184
f 7185 7499 7184
f 7500 7499 7185
f 7186 7500 7185
f 7501 7500 7186
f 7502 7501 7186
f 7187 7502 7186
f 7188 7502 7187
f 7189 7503 7188
f 7503 7502 7188
f 7190 7504 7189
f 7504 7503 7189
f 7191 7505 7190
f 7505 7504 7190
f 7252 7506 7191
f 7506 7507 7191
f 7507 7505 7191
f 7511 7510 7193
f 7194 7511 7193
f 7512 7511 7194
f 7195 7512 7194
f 7513 7512 7195
f 7514 7513 7195
f 7515 7514 7195
f 7196 7515 7195
f 7516 7515 7196
f 7197 7516 7196
f 7517 7516 7197
f 7199 7517 7197
f 7198 7199 7197
f 7518 7517 7199
f 7519 7518 7199
f 7200 7519 7199
f 7201 7519 7200
f 7520 7519 7201
f 7202 7520 7201
f 7521 7520 7202
f 7522 7521 7202
f 7203 7522 7202
f 7212 7522 7203
f 7204 7212 7203
f 7205 7212 7204
f 7221 7220 7206
f 7220 7523 7206
f 7523 7207 7206
f 7523 7524 7207
f 7524 7208 7207
f 7524 7209 7208
f 7524 7525 7209
f 7525 7210 7209
f 7525 7526 7210
f 7526 7527 7210
f 7527 7211 7210
f 7527 7528 7211
f 7528 7212 7211
f 7528 7522 7212
f 6582 7529 7213
f 7529 7530 7213
f 7530 7531 7213
f 7531 7532 7213
f 7532 7214 7213
f 7532 7215 7214
f 7532 7533 7215
f 7533 7216 7215
f 7533 7534 7216
f 7534 7217 7216
f 7534 7535 7217
f 7535 7536 7217
f 7536 7537 7217
f 7537 7219 7217
f 7219 7218 7217
f 7537 7538 7219
f 7538 7523 7219
f 7523 7220 7219
f 7262 7539 7222
f 7539 7540 7222
f 7540 7541 7222
f 7541 7542 7222
f 7542 7223 7222
f 7542 7543 7223
f 7543 7224 7223
f 7543 7544 7224
f 7544 7226 7224
f 7226 7225 7224
f 7544 7545 7226
f 7545 7227 7226
f 7545 7546 7227
f 7546 7547 7227
f 7547 7229 7227
f 7229 7228 7227
f 7547 7548 7229
f 7548 7230 7229
f 7548 7549 7230
f 7549 7550 7230
f 7550 7231 7230
f 7550 7232 7231
f 7550 7549 7232
f 7549 7551 7232
f 7551 7552 7232
f 7552 7233 7232
f 7552 7553 7233
f 7553 7234 7233
f 7553 7554 7234
f 7554 7236 7234
f 7236 7235 7234
f 7554 7555 7236
f 7555 7556 7236
f 7556 7237 7236
f 7556 7557 7237
f 7557 7558 7237
f 7558 7559 7237
f 7559 7238 7237
f 7559 7560 7238
f 7560 7239 7238
f 7560 7240 7239
f 7560 7561 7240
f 7561 7241 7240
f 7470 7245 7244
f 7470 7469 7245
f 7469 7562 7245
f 7562 7563 7245
f 7563 7246 7245
f 7563 7564 7246
f 7564 7247 7246
f 7564 7249 7247
f 7249 7248 7247
f 7564 7565 7249
f 7565 7566 7249
f 7566 7567 7249
f 7567 7568 7249
f 7568 7250 7249
f 7568 7251 7250
f 7568 7506 7251
f 7506 7252 7251
f 7313 7255 7253
f 7255 7254 7253
f 7313 7569 7255
f 7569 7570 7255
f 7570 7571 7255
f 7571 7256 7255
f 7571 7572 7256
f 7572 7573 7256
f 7573 7257 7256
f 7573 7574 7257
f 7574 7575 7257
f 7575 7259 7257
f 7259 7258 7257
f 7575 7576 7259
f 7576 7261 7259
f 7261 7260 7259
f 7576 7539 7261
f 7539 7262 7261
f 7384 7577 7263
f 7577 7264 7263
f 7577 7578 7264
f 7578 7579 7264
f 7579 7266 7264
f 7266 7265 7264
f 7579 7580 7266
f 7580 7581 7266
f 7581 7267 7266
f 7581 7582 7267
f 7582 7269 7267
f 7269 7268 7267
f 7582 7583 7269
f 7583 7270 7269
f 7583 7584 7270
f 7584 7271 7270
f 7584 7274 7271
f 7274 7272 7271
f 7584 7585 7274
f 7585 7586 7274
f 7586 7587 7274
f 7587 7588 7274
f 7588 7589 7274
f 7589 7275 7274
f 7589 7590 7275
f 7590 7276 7275
f 7590 7278 7276
f 7278 7277 7276
f 7590 7591 7278
f 7591 7279 7278
f 7591 7592 7279
f 7592 7593 7279
f 7593 7594 7279
f 7594 7280 7279
f 7594 7595 7280
f 7595 7281 7280
f 7595 7596 7281
f 7596 7597 7281
f 7597 7283 7281
f 7283 7282 7281
f 7597 7598 7283
f 7598 7284 7283
f 7598 7286 7284
f 7286 7285 7284
f 7598 7599 7286
f 7599 7600 7286
f 7600 7601 7286
f 7601 7287 7286
f 7601 7602 7287
f 7602 7603 7287
f 7603 7289 7287
f 7289 7288 7287
f 7603 7604 7289
f 7604 7605 7289
f 7605 7290 7289
f 7605 7292 7290
f 7292 7291 7290
f 7605 7606 7292
f 7606 7607 7292
f 7607 7608 7292
f 7608 7293 7292
f 7608 7609 7293
f 7609 7294 7293
f 7609 7610 7294
f 7610 7296 7294
f 7296 7295 7294
f 7610 7611 7296
f 7611 7612 7296
f 7612 7297 7296
f 7612 7299 7297
f 7299 7298 7297
f 7612 7613 7299
f 7613 7614 7299
f 7614 7300 7299
f 7614 7615 7300
f 7615 7616 7300
f 7616 7301 7300
f 7616 7617 7301
f 7617 7303 7301
f 7303 7302 7301
f 7617 7618 7303
f 7618 7619 7303
f 7619 7304 7303
f 7619 7620 7304
f 7620 7305 7304
f 7620 7621 7305
f 7621 7622 7305
f 7622 7306 7305
f 7622 7623 7306
f 7623 7624 7306
f 7624 7307 7306
f 7624 7625 7307
f 7625 7309 7307
f 7309 7308 7307
f 7625 7626 7309
f 7626 7311 7309
f 7311 7310 7309
f 7626 7313 7311
f 7313 7312 7311
f 7626 7569 7313
f 7627 7315 7314
f 7628 7627 7314
f 7318 7628 7314
f 7317 7318 7314
f 7629 7316 7315
f 7627 7629 7315
f 7629 7630 7316
f 7630 7631 7316
f 7631 7361 7316
f 7632 7628 7318
f 7320 7632 7318
f 7319 7320 7318
f 7633 7632 7320
f 7634 7633 7320
f 7635 7634 7320
f 7322 7635 7320
f 7321 7322 7320
f 7636 7635 7322
f 7637 7636 7322
f 7638 7637 7322
f 7323 7638 7322
f 7639 7638 7323
f 7324 7639 7323
f 7325 7639 7324
f 7640 7639 7325
f 7326 7640 7325
f 7641 7640 7326
f 7327 7641 7326
f 7642 7641 7327
f 7328 7642 7327
f 7643 7642 7328
f 7644 7643 7328
f 7329 7644 7328
f 7645 7644 7329
f 7330 7645 7329
f 7646 7645 7330
f 7331 7646 7330
f 7332 7646 7331
f 7647 7646 7332
f 7333 7647 7332
f 7648 7647 7333
f 7649 7648 7333
f 7334 7649 7333
f 7335 7649 7334
f 7650 7649 7335
f 7336 7650 7335
f 7651 7650 7336
f 7652 7651 7336
f 7337 7652 7336
f 7338 7652 7337
f 7653 7652 7338
f 7654 7653 7338
f 7339 7654 7338
f 7340 7654 7339
f 7655 7654 7340
f 7656 7655 7340
f 7341 7656 7340
f 7342 7656 7341
f 7657 7656 7342
f 7343 7657 7342
f 7658 7657 7343
f 7344 7658 7343
f 7345 7658 7344
f 7659 7658 7345
f 7660 7659 7345
f 7346 7660 7345
f 7347 7660 7346
f 7661 7660 7347
f 7348 7661 7347
f 7662 7661 7348
f 7663 7662 7348
f 7349 7663 7348
f 7350 7663 7349
f 7664 7663 7350
f 7665 7664 7350
f 7351 7665 7350
f 7666 7665 7351
f 7352 7666 7351
f 7353 7666 7352
f 7667 7666 7353
f 7668 7667 7353
f 7354 7668 7353
f 7385 7668 7354
f 7365 7356 7355
f 7365 7669 7356
f 7669 7670 7356
f 7670 7357 7356
f 7670 7358 7357
f 7670 7671 7358
f 7671 7672 7358
f 7672 7673 7358
f 7673 7359 7358
f 7673 7366 7359
f 7366 7360 7359
f 7631 7362 7361
f 7631 7674 7362
f 7674 7675 7362
f 7675 7363 7362
f 7675 7364 7363
f 7675 7676 7364
f 7676 7365 7364
f 7676 7669 7365
f 7673 7677 7366
f 7677 7678 7366
f 7678 7368 7366
f 7368 7367 7366
f 7678 7679 7368
f 7679 7680 7368
f 7680 7370 7368
f 7370 7369 7368
f 7680 7681 7370
f 7681 7371 7370
f 7681 7680 7371
f 7680 7682 7371
f 7682 7683 7371
f 7683 7684 7371
f 7684 7685 7371
f 7685 7372 7371
f 7685 7686 7372
f 7686 7687 7372
f 7687 7373 7372
f 7687 7374 7373
f 7687 7688 7374
f 7688 7375 7374
f 7688 7377 7375
f 7377 7376 7375
f 7688 7689 7377
f 7689 7690 7377
f 7690 7691 7377
f 7691 7378 7377
f 7691 7692 7378
f 7692 7379 7378
f 7692 7693 7379
f 7693 7694 7379
f 7694 7380 7379
f 7694 7382 7380
f 7382 7381 7380
f 7694 7695 7382
f 7695 7696 7382
f 7696 7383 7382
f 7696 7577 7383
f 7577 7384 7383
f 7697 7668 7385
f 7698 7697 7385
f 7699 7698 7385
f 7700 7699 7385
f 7386 7700 7385
f 7387 7700 7386
f 7701 7700 7387
f 7702 7701 7387
f 7388 7702 7387
f 7389 7702 7388
f 7703 7702 7389
f 7704 7703 7389
f 7390 7704 7389
f 7393 7704 7390
f 7391 7393 7390
f 7392 7393 7391
f 7705 7704 7393
f 7394 7705 7393
f 7706 7705 7394
f 7707 7706 7394
f 7708 7707 7394
f 7395 7708 7394
f 7709 7708 7395
f 7396 7709 7395
f 7710 7709 7396
f 7398 7710 7396
f 7397 7398 7396
f 7711 7710 7398
f 7712 7711 7398
f 7399 7712 7398
f 7713 7712 7399
f 7714 7713 7399
f 7400 7714 7399
f 7402 7714 7400
f 7401 7402 7400
f 7713 7714 7402
f 7715 7713 7402
f 7403 7715 7402
f 7716 7403 7404
f 7717 7716 7404
f 7406 7717 7404
f 7405 7406 7404
f 7718 7717 7406
f 7407 7718 7406
f 7719 7718 7407
f 7408 7719 7407
f 7720 7719 7408
f 7409 7720 7408
f 7721 7720 7409
f 7411 7721 7409
f 7410 7411 7409
f 7722 7721 7411
f 7723 7722 7411
f 7412 7723 7411
f 7724 7723 7412
f 7414 7724 7412
f 7413 7414 7412
f 7725 7724 7414
f 7726 7725 7414
f 7416 7726 7414
f 7415 7416 7414
f 7727 7726 7416
f 7728 7727 7416
f 7417 7728 7416
f 7729 7728 7417
f 7418 7729 7417
f 7730 7729 7418
f 7419 7730 7418
f 7731 7730 7419
f 7421 7731 7419
f 7420 7421 7419
f 7732 7731 7421
f 7733 7732 7421
f 7422 7733 7421
f 7734 7733 7422
f 7423 7734 7422
f 7735 7734 7423
f 7424 7735 7423
f 7736 7735 7424
f 7425 7736 7424
f 7737 7736 7425
f 7426 7737 7425
f 7738 7737 7426
f 7427 7738 7426
f 7739 7738 7427
f 7428 7739 7427
f 7740 7739 7428
f 7741 7740 7428
f 7429 7741 7428
f 7741 7429 7430
f 7742 7741 7430
f 7431 7742 7430
f 7743 7742 7431
f 7432 7743 7431
f 7744 7743 7432
f 7433 7744 7432
f 7745 7744 7433
f 7746 7745 7433
f 7434 7746 7433
f 7436 7746 7434
f 7435 7436 7434
f 7747 7746 7436
f 7748 7747 7436
f 7438 7748 7436
f 7437 7438 7436
f 7749 7748 7438
f 7750 7749 7438
f 7751 7750 7438
f 7439 7751 7438
f 7752 7751 7439
f 7440 7752 7439
f 7753 7752 7440
f 7441 7753 7440
f 7754 7753 7441
f 7442 7754 7441
f 7755 7754 7442
f 7443 7755 7442
f 7445 7755 7443
f 7444 7445 7443
f 7756 7755 7445
f 7757 7756 7445
f 7446 7757 7445
f 7758 7757 7446
f 7447 7758 7446
f 7759 7758 7447
f 7449 7759 7447
f 7448 7449 7447
f 7760 7759 7449
f 7761 7760 7449
f 7762 7761 7449
f 7450 7762 7449
f 7763 7762 7450
f 7451 7763 7450
f 7452 7763 7451
f 7764 7763 7452
f 7453 7764 7452
f 7765 7764 7453
f 7454 7765 7453
f 7455 7765 7454
f 7456 7765 7455
f 7766 7765 7456
f 7457 7766 7456
f 7767 7766 7457
f 7768 7767 7457
f 7459 7768 7457
f 7458 7459 7457
f 7769 7768 7459
f 7770 7769 7459
f 7460 7770 7459
f 7771 7770 7460
f 7461 7771 7460
f 7772 7771 7461
f 7462 7772 7461
f 7464 7772 7462
f 7463 7464 7462
f 7773 7772 7464
f 7774 7773 7464
f 7465 7774 7464
f 7775 7774 7465
f 7466 7775 7465
f 7467 7775 7466
f 7776 7775 7467
f 7777 7776 7467
f 7778 7777 7467
f 7490 7779 7468
f 7779 7780 7468
f 7780 7469 7468
f 7780 7562 7469
f 7781 7476 7471
f 7472 7781 7471
f 7782 7781 7472
f 7473 7782 7472
f 7783 7782 7473
f 7784 7783 7473
f 7474 7784 7473
f 7785 7784 7474
f 7492 7785 7474
f 7491 7492 7474
f 7786 7480 7475
f 7787 7786 7475
f 7781 7787 7475
f 7476 7781 7475
f 7478 7479 7477
f 7790 7789 7479
f 7791 7790 7479
f 7786 7791 7479
f 7480 7786 7479
f 7792 7793 7481
f 7793 7482 7481
f 7793 7794 7482
f 7794 7795 7482
f 7795 7796 7482
f 7796 7483 7482
f 7796 7797 7483
f 7797 7798 7483
f 7798 7484 7483
f 7798 7799 7484
f 7799 7486 7484
f 7486 7485 7484
f 7799 7488 7486
f 7488 7487 7486
f 7799 7800 7488
f 7800 7489 7488
f 7800 7801 7489
f 7801 7802 7489
f 7802 7779 7489
f 7779 7490 7489
f 7803 7785 7492
f 7804 7803 7492
f 7493 7804 7492
f 7494 7804 7493
f 7805 7804 7494
f 7495 7805 7494
f 7806 7805 7495
f 7496 7806 7495
f 7807 7806 7496
f 7808 7807 7496
f 7497 7808 7496
f 7498 7808 7497
f 7499 7808 7498
f 7809 7808 7499
f 7500 7809 7499
f 7810 7809 7500
f 7811 7810 7500
f 7501 7811 7500
f 7812 7811 7501
f 7502 7812 7501
f 7503 7813 7502
f 7813 7812 7502
f 7504 7814 7503
f 7814 7813 7503
f 7505 7814 7504
f 7507 7815 7505
f 7815 7816 7505
f 7816 7814 7505
f 7568 7817 7506
f 7817 7818 7506
f 7818 7507 7506
f 7818 7815 7507
f 7819 7508 7509
f 7820 7819 7509
f 7511 7820 7509
f 7510 7511 7509
f 7821 7820 7511
f 7512 7821 7511
f 7822 7821 7512
f 7513 7822 7512
f 7823 7822 7513
f 7824 7823 7513
f 7825 7824 7513
f 7515 7825 7513
f 7514 7515 7513
f 7826 7825 7515
f 7827 7826 7515
f 7516 7827 7515
f 7518 7827 7516
f 7517 7518 7516
f 7828 7827 7518
f 7519 7828 7518
f 7829 7828 7519
f 7520 7829 7519
f 7830 7829 7520
f 7528 7830 7520
f 7521 7528 7520
f 7522 7528 7521
f 7538 7831 7523
f 7831 7524 7523
f 7831 7832 7524
f 7832 7525 7524
f 7832 7833 7525
f 7833 7526 7525
f 7833 7834 7526
f 7834 7527 7526
f 7835 7528 7527
f 7834 7835 7527
f 7836 7830 7528
f 7835 7836 7528
f 7837 7838 7529
f 7838 7839 7529
f 7839 7840 7529
f 7840 7530 7529
f 7840 7841 7530
f 7841 7531 7530
f 7841 7842 7531
f 7842 7532 7531
f 7842 7843 7532
f 7843 7533 7532
f 7843 7844 7533
f 7844 7534 7533
f 7844 7845 7534
f 7845 7535 7534
f 7845 7846 7535
f 7846 7847 7535
f 7847 7536 7535
f 7847 7848 7536
f 7848 7537 7536
f 7848 7831 7537
f 7831 7538 7537
f 7576 7849 7539
f 7849 7850 7539
f 7850 7851 7539
f 7851 7541 7539
f 7541 7540 7539
f 7851 7852 7541
f 7852 7853 7541
f 7853 7542 7541
f 7853 7854 7542
f 7854 7855 7542
f 7855 7856 7542
f 7856 7543 7542
f 7856 7545 7543
f 7545 7544 7543
f 7856 7857 7545
f 7857 7546 7545
f 7857 7858 7546
f 7858 7859 7546
f 7859 7548 7546
f 7548 7547 7546
f 7859 7860 7548
f 7860 7861 7548
f 7861 7549 7548
f 7861 7551 7549
f 7861 7862 7551
f 7862 7863 7551
f 7863 7864 7551
f 7864 7552 7551
f 7552 7864 7553
f 7864 7865 7553
f 7865 7555 7553
f 7555 7554 7553
f 7865 7866 7555
f 7866 7556 7555
f 7866 7867 7556
f 7867 7868 7556
f 7868 7869 7556
f 7869 7870 7556
f 7870 7557 7556
f 7870 7871 7557
f 7871 7872 7557
f 7872 7873 7557
f 7873 7558 7557
f 7873 7874 7558
f 7874 7875 7558
f 7875 7559 7558
f 7875 7560 7559
f 7875 7876 7560
f 7876 7561 7560
f 7876 7877 7561
f 7780 7878 7562
f 7878 7563 7562
f 7878 7565 7563
f 7565 7564 7563
f 7878 7879 7565
f 7879 7880 7565
f 7880 7566 7565
f 7880 7881 7566
f 7881 7567 7566
f 7881 7882 7567
f 7882 7883 7567
f 7883 7568 7567
f 7883 7817 7568
f 7626 7884 7569
f 7884 7885 7569
f 7885 7572 7569
f 7572 7570 7569
f 7572 7571 7570
f 7885 7886 7572
f 7886 7887 7572
f 7887 7573 7572
f 7887 7888 7573
f 7888 7574 7573
f 7888 7889 7574
f 7889 7849 7574
f 7849 7576 7574
f 7576 7575 7574
f 7696 7890 7577
f 7890 7891 7577
f 7891 7892 7577
f 7892 7578 7577
f 7892 7893 7578
f 7893 7894 7578
f 7894 7895 7578
f 7895 7580 7578
f 7580 7579 7578
f 7895 7896 7580
f 7896 7581 7580
f 7896 7582 7581
f 7896 7897 7582
f 7897 7898 7582
f 7898 7899 7582
f 7899 7583 7582
f 7899 7900 7583
f 7900 7585 7583
f 7585 7584 7583
f 7900 7901 7585
f 7901 7586 7585
f 7901 7902 7586
f 7902 7903 7586
f 7903 7904 7586
f 7904 7588 7586
f 7588 7587 7586
f 7904 7905 7588
f 7905 7590 7588
f 7590 7589 7588
f 7905 7906 7590
f 7906 7591 7590
f 7906 7907 7591
f 7907 7592 7591
f 7907 7908 7592
f 7908 7909 7592
f 7909 7593 7592
f 7909 7910 7593
f 7910 7594 7593
f 7910 7911 7594
f 7911 7595 7594
f 7911 7912 7595
f 7912 7596 7595
f 7912 7913 7596
f 7913 7599 7596
f 7599 7598 7596
f 7598 7597 7596
f 7913 7914 7599
f 7914 7600 7599
f 7914 7915 7600
f 7915 7602 7600
f 7602 7601 7600
f 7915 7916 7602
f 7916 7917 7602
f 7917 7604 7602
f 7604 7603 7602
f 7917 7606 7604
f 7606 7605 7604
f 7917 7918 7606
f 7918 7919 7606
f 7919 7920 7606
f 7920 7921 7606
f 7921 7607 7606
f 7921 7609 7607
f 7609 7608 7607
f 7921 7922 7609
f 7922 7923 7609
f 7923 7611 7609
f 7611 7610 7609
f 7923 7924 7611
f 7924 7925 7611
f 7925 7612 7611
f 7925 7926 7612
f 7926 7613 7612
f 7926 7927 7613
f 7927 7614 7613
f 7927 7928 7614
f 7928 7615 7614
f 7928 7929 7615
f 7929 7930 7615
f 7930 7617 7615
f 7617 7616 7615
f 7930 7931 7617
f 7931 7618 7617
f 7931 7932 7618
f 7932 7619 7618
f 7932 7933 7619
f 7933 7620 7619
f 7933 7934 7620
f 7934 7621 7620
f 7934 7935 7621
f 7935 7623 7621
f 7623 7622 7621
f 7935 7936 7623
f 7936 7937 7623
f 7937 7625 7623
f 7625 7624 7623
f 7937 7938 7625
f 7938 7626 7625
f 7938 7939 7626
f 7939 7884 7626
f 7628 7940 7627
f 7940 7941 7627
f 7941 7942 7627
f 7942 7629 7627
f 7632 7940 7628
f 7942 7943 7629
f 7943 7630 7629
f 7943 7944 7630
f 7944 7631 7630
f 7944 7945 7631
f 7945 7674 7631
f 7946 7940 7632
f 7947 7946 7632
f 7633 7947 7632
f 7634 7947 7633
f 7948 7947 7634
f 7949 7948 7634
f 7636 7949 7634
f 7635 7636 7634
f 7950 7949 7636
f 7951 7950 7636
f 7952 7951 7636
f 7953 7952 7636
f 7637 7953 7636
f 7638 7953 7637
f 7954 7953 7638
f 7955 7954 7638
f 7639 7955 7638
f 7956 7955 7639
f 7640 7956 7639
f 7957 7956 7640
f 7641 7957 7640
f 7958 7957 7641
f 7959 7958 7641
f 7642 7959 7641
f 7643 7959 7642
f 7960 7959 7643
f 7644 7960 7643
f 7961 7960 7644
f 7645 7961 7644
f 7962 7961 7645
f 7646 7962 7645
f 7963 7962 7646
f 7647 7963 7646
f 7964 7963 7647
f 7965 7964 7647
f 7648 7965 7647
f 7649 7965 7648
f 7966 7965 7649
f 7650 7966 7649
f 7967 7966 7650
f 7651 7967 7650
f 7968 7967 7651
f 7652 7968 7651
f 7969 7968 7652
f 7970 7969 7652
f 7653 7970 7652
f 7654 7970 7653
f 7971 7970 7654
f 7972 7971 7654
f 7655 7972 7654
f 7973 7972 7655
f 7656 7973 7655
f 7974 7973 7656
f 7657 7974 7656
f 7975 7974 7657
f 7658 7975 7657
f 7976 7975 7658
f 7659 7976 7658
f 7977 7976 7659
f 7660 7977 7659
f 7978 7977 7660
f 7661 7978 7660
f 7979 7978 7661
f 7662 7979 7661
f 7980 7979 7662
f 7663 7980 7662
f 7981 7980 7663
f 7982 7981 7663
f 7664 7982 7663
f 7983 7982 7664
f 7665 7983 7664
f 7666 7983 7665
f 7984 7983 7666
f 7667 7984 7666
f 7985 7984 7667
f 7986 7985 7667
f 7668 7986 7667
f 7697 7986 7668
f 7676 7987 7669
f 7987 7670 7669
f 7987 7988 7670
f 7988 7671 7670
f 7988 7989 7671
f 7989 7990 7671
f 7990 7672 7671
f 7990 7991 7672
f 7991 7677 7672
f 7677 7673 7672
f 7945 7992 7674
f 7992 7675 7674
f 7992 7993 7675
f 7993 7676 7675
f 7993 7994 7676
f 7994 7987 7676
f 7991 7995 7677
f 7995 7996 7677
f 7996 7997 7677
f 7997 7679 7677
f 7679 7678 7677
f 7997 7998 7679
f 7998 7999 7679
f 7999 7682 7679
f 7682 7680 7679
f 7999 8000 7682
f 8000 7683 7682
f 8000 8001 7683
f 8001 8002 7683
f 8002 8003 7683
f 8003 7685 7683
f 7685 7684 7683
f 8003 8004 7685
f 8004 8005 7685
f 8005 7686 7685
f 8005 8006 7686
f 8006 7687 7686
f 8006 8007 7687
f 8007 7688 7687
f 8007 7689 7688
f 8007 8008 7689
f 8008 8009 7689
f 8009 8010 7689
f 8010 7691 7689
f 7691 7690 7689
f 8010 8011 7691
f 8011 8012 7691
f 8012 7692 7691
f 8012 8013 7692
f 8013 7693 7692
f 8013 8014 7693
f 8014 7694 7693
f 8014 8015 7694
f 8015 7695 7694
f 8015 7890 7695
f 7890 7696 7695
f 8016 7986 7697
f 8017 8016 7697
f 8018 8017 7697
f 8019 8018 7697
f 7698 8019 7697
f 8020 8019 7698
f 7699 8020 7698
f 7700 8020 7699
f 8021 8020 7700
f 7701 8021 7700
f 8022 8021 7701
f 8023 8022 7701
f 7702 8023 7701
f 7705 8023 7702
f 7703 7705 7702
f 7704 7705 7703
f 8024 8023 7705
f 8025 8024 7705
f 7706 8025 7705
f 8026 8025 7706
f 7707 8026 7706
f 8027 8026 7707
f 8028 8027 7707
f 7709 8028 7707
f 7708 7709 7707
f 8029 8028 7709
f 8030 8029 7709
f 7710 8030 7709
f 7712 8030 7710
f 7711 7712 7710
f 8031 8030 7712
f 7713 8031 7712
f 7715 8031 7713
f 8032 7403 7716
f 8033 8032 7716
f 8034 8033 7716
f 7719 8034 7716
f 7718 7719 7716
f 7717 7718 7716
f 7722 8034 7719
f 7721 7722 7719
f 7720 7721 7719
f 7723 8034 7722
f 8035 8034 7723
f 7725 8035 7723
f 7724 7725 7723
f 8036 8035 7725
f 8037 8036 7725
f 7727 8037 7725
f 7726 7727 7725
f 8038 8037 7727
f 8039 8038 7727
f 7728 8039 7727
f 8040 8039 7728
f 7729 8040 7728
f 8041 8040 7729
f 7730 8041 7729
f 8042 8041 7730
f 7732 8042 7730
f 7731 7732 7730
f 8043 8042 7732
f 8044 8043 7732
f 7733 8044 7732
f 8045 8044 7733
f 7734 8045 7733
f 7735 8045 7734
f 8046 8045 7735
f 7736 8046 7735
f 7737 8046 7736
f 7738 8046 7737
f 7740 8047 7738
f 7739 7740 7738
f 7741 8047 7740
f 8048 8047 7741
f 7742 8048 7741
f 7743 8048 7742
f 8049 8048 7743
f 7744 8049 7743
f 8050 8049 7744
f 8051 8050 7744
f 7745 8051 7744
f 7746 8051 7745
f 8050 8051 7746
f 7747 8050 7746
f 8052 8050 7747
f 7749 8052 7747
f 7748 7749 7747
f 8053 8052 7749
f 8054 8053 7749
f 8055 8054 7749
f 7750 8055 7749
f 8056 8055 7750
f 7751 8056 7750
f 8057 8056 7751
f 7752 8057 7751
f 8058 8057 7752
f 7753 8058 7752
f 8059 8058 7753
f 7754 8059 7753
f 8060 8059 7754
f 7756 8060 7754
f 7755 7756 7754
f 8061 8060 7756
f 8062 8061 7756
f 7757 8062 7756
f 8063 8062 7757
f 7758 8063 7757
f 8064 8063 7758
f 7760 8064 7758
f 7759 7760 7758
f 8065 8064 7760
f 8066 8065 7760
f 7761 8066 7760
f 8067 8066 7761
f 7762 8067 7761
f 7764 8067 7762
f 7763 7764 7762
f 7765 8068 7764
f 8069 8070 7765
f 8070 8068 7765
f 8073 8072 7766
f 7769 8073 7766
f 7767 7769 7766
f 7768 7769 7767
f 8074 8073 7769
f 8075 8074 7769
f 7770 8075 7769
f 8076 8075 7770
f 7771 8076 7770
f 8077 8076 7771
f 7773 8077 7771
f 7772 7773 7771
f 8078 8077 7773
f 8079 8078 7773
f 8080 8079 7773
f 7774 8080 7773
f 7776 8080 7774
f 7775 7776 7774
f 8081 8080 7776
f 8082 8081 7776
f 8083 8082 7776
f 7777 8083 7776
f 7778 8083 7777
f 8084 8083 7778
f 7467 8084 7778
f 7802 8085 7779
f 8085 7780 7779
f 8085 7879 7780
f 7879 7878 7780
f 8086 7787 7781
f 8087 8086 7781
f 7782 8087 7781
f 8088 8087 7782
f 7783 8088 7782
f 8089 8088 7783
f 7784 8089 7783
f 8090 8089 7784
f 7803 8090 7784
f 7785 7803 7784
f 8091 7791 7786
f 8092 8091 7786
f 8086 8092 7786
f 7787 8086 7786
f 8096 8095 7788
f 7790 8096 7788
f 7789 7790 7788
f 8097 8096 7790
f 8098 8097 7790
f 8091 8098 7790
f 7791 8091 7790
f 8099 8100 7792
f 8100 8101 7792
f 8101 7793 7792
f 8101 8102 7793
f 8102 8103 7793
f 8103 7794 7793
f 8103 8104 7794
f 8104 8105 7794
f 8105 8106 7794
f 8106 7796 7794
f 7796 7795 7794
f 8106 8107 7796
f 8107 8108 7796
f 8108 7797 7796
f 8108 7801 7797
f 7801 7800 7797
f 7800 7799 7797
f 7799 7798 7797
f 8108 8109 7801
f 8109 8085 7801
f 8085 7802 7801
f 8110 8090 7803
f 7804 8110 7803
f 8111 8110 7804
f 8112 8111 7804
f 7805 8112 7804
f 8113 8112 7805
f 7806 8113 7805
f 8114 8113 7806
f 7807 8114 7806
f 8115 8114 7807
f 7808 8115 7807
f 8116 8115 7808
f 7809 8116 7808
f 8117 8116 7809
f 7810 8117 7809
f 8118 8117 7810
f 7811 8118 7810
f 8119 8118 7811
f 7812 8119 7811
f 7813 8120 7812
f 8120 8119 7812
f 7814 7816 7813
f 7816 8120 7813
f 7818 7817 7815
f 7817 8121 7815
f 8121 8122 7815
f 8122 8123 7815
f 8123 7816 7815
f 8123 8124 7816
f 8124 8125 7816
f 8125 8120 7816
f 7883 8121 7817
f 8126 7508 7819
f 8127 8126 7819
f 7821 8127 7819
f 7820 7821 7819
f 8128 8127 7821
f 8129 8128 7821
f 7822 8129 7821
f 7823 8129 7822
f 8130 8129 7823
f 8131 8130 7823
f 8132 8131 7823
f 8133 8132 7823
f 7824 8133 7823
f 7826 8133 7824
f 7825 7826 7824
f 8134 8133 7826
f 7828 8134 7826
f 7827 7828 7826
f 8135 8134 7828
f 8136 8135 7828
f 7829 8136 7828
f 7836 8136 7829
f 7830 7836 7829
f 7848 8137 7831
f 8137 7832 7831
f 8137 8138 7832
f 8138 8139 7832
f 8139 8140 7832
f 8140 7833 7832
f 8140 7834 7833
f 8141 7835 7834
f 8140 8141 7834
f 8142 7836 7835
f 8141 8142 7835
f 8143 8136 7836
f 8142 8143 7836
f 8144 8145 7838
f 8145 7840 7838
f 7840 7839 7838
f 8145 8146 7840
f 8146 8147 7840
f 8147 8148 7840
f 8148 7841 7840
f 8148 7842 7841
f 8148 8149 7842
f 8149 7843 7842
f 8149 8150 7843
f 8150 7844 7843
f 8150 8151 7844
f 8151 7845 7844
f 8151 8152 7845
f 8152 8153 7845
f 8153 7846 7845
f 8153 8154 7846
f 8154 7847 7846
f 8154 8137 7847
f 8137 7848 7847
f 7889 8155 7849
f 8155 7852 7849
f 7852 7850 7849
f 7852 7851 7850
f 8155 8156 7852
f 8156 8157 7852
f 8157 8158 7852
f 8158 7854 7852
f 7854 7853 7852
f 8158 8159 7854
f 8159 8160 7854
f 8160 8161 7854
f 8161 8162 7854
f 8162 7855 7854
f 8162 8163 7855
f 8163 8164 7855
f 8164 7856 7855
f 8164 7857 7856
f 8164 8163 7857
f 8163 8165 7857
f 8165 8166 7857
f 8166 7858 7857
f 8166 8167 7858
f 8167 8168 7858
f 8168 7860 7858
f 7860 7859 7858
f 8168 8169 7860
f 8169 8170 7860
f 8170 7861 7860
f 8170 7862 7861
f 8170 8171 7862
f 8171 8172 7862
f 7865 7863 7862
f 7865 7864 7863
f 8172 7868 7865
f 7868 7866 7865
f 7862 8172 7865
f 7868 7867 7866
f 8172 8171 7868
f 8171 8173 7868
f 8173 8174 7868
f 8174 8175 7868
f 8175 7869 7868
f 8175 8176 7869
f 8176 7871 7869
f 7871 7870 7869
f 8176 8177 7871
f 8177 8178 7871
f 8178 8179 7871
f 8179 7872 7871
f 8179 8180 7872
f 8180 7873 7872
f 8180 8181 7873
f 8181 7874 7873
f 8181 7875 7874
f 8181 7877 7875
f 7877 7876 7875
f 8085 8109 7879
f 8109 8182 7879
f 8182 8183 7879
f 8183 7880 7879
f 8183 8184 7880
f 8184 7881 7880
f 8184 8185 7881
f 8185 7882 7881
f 8186 7883 7882
f 8186 8121 7883
f 7939 8187 7884
f 8187 8188 7884
f 8188 8189 7884
f 8189 7885 7884
f 8189 7886 7885
f 8189 8188 7886
f 8188 8190 7886
f 8190 8191 7886
f 8191 7887 7886
f 8191 8192 7887
f 8192 8193 7887
f 8193 8194 7887
f 8194 7888 7887
f 8194 8155 7888
f 8155 7889 7888
f 8015 7891 7890
f 8015 8195 7891
f 8195 8196 7891
f 8196 7892 7891
f 8196 7893 7892
f 8196 8197 7893
f 8197 8198 7893
f 8198 8199 7893
f 8199 7894 7893
f 8199 8200 7894
f 8200 7895 7894
f 8200 7897 7895
f 7897 7896 7895
f 8200 8201 7897
f 8201 8202 7897
f 8202 7898 7897
f 8202 8203 7898
f 8203 7901 7898
f 7901 7899 7898
f 7901 7900 7899
f 8203 8204 7901
f 8204 8205 7901
f 8205 7902 7901
f 8205 8206 7902
f 8206 8207 7902
f 8207 8208 7902
f 8208 7903 7902
f 8208 7904 7903
f 8208 7906 7904
f 7906 7905 7904
f 8208 8209 7906
f 8209 7907 7906
f 8209 8210 7907
f 8210 8211 7907
f 8211 8212 7907
f 8212 7908 7907
f 8212 8213 7908
f 8213 7909 7908
f 8213 8214 7909
f 8214 7910 7909
f 8214 8215 7910
f 8215 7911 7910
f 8215 8216 7911
f 8216 7912 7911
f 8216 8217 7912
f 8217 7913 7912
f 8217 8218 7913
f 8218 7914 7913
f 8218 8219 7914
f 8219 7915 7914
f 8219 8220 7915
f 8220 7916 7915
f 8220 7918 7916
f 7918 7917 7916
f 8220 8221 7918
f 8221 8222 7918
f 8222 7919 7918
f 8222 8223 7919
f 8223 7920 7919
f 8223 8224 7920
f 8224 7921 7920
f 8224 8225 7921
f 8225 7922 7921
f 8225 8226 7922
f 8226 7923 7922
f 8226 8227 7923
f 8227 7924 7923
f 8227 8228 7924
f 8228 7925 7924
f 8228 8229 7925
f 8229 7926 7925
f 8229 8230 7926
f 8230 7927 7926
f 8230 8231 7927
f 8231 7928 7927
f 8231 8232 7928
f 8232 7929 7928
f 8232 8233 7929
f 8233 8234 7929
f 8234 7931 7929
f 7931 7930 7929
f 8234 8235 7931
f 8235 7933 7931
f 7933 7932 7931
f 8235 8236 7933
f 8236 8237 7933
f 8237 7935 7933
f 7935 7934 7933
f 8237 8238 7935
f 8238 8239 7935
f 8239 8240 7935
f 8240 7936 7935
f 8240 8241 7936
f 8241 8242 7936
f 8242 7937 7936
f 8242 7938 7937
f 8242 8243 7938
f 8243 8187 7938
f 8187 7939 7938
f 8244 7941 7940
f 7946 8244 7940
f 8244 8245 7941
f 8245 7942 7941
f 8245 8246 7942
f 8246 8247 7942
f 8247 7943 7942
f 8247 7944 7943
f 8247 8248 7944
f 8248 8249 7944
f 8249 7945 7944
f 8249 7992 7945
f 8250 8244 7946
f 8251 8250 7946
f 7947 8251 7946
f 7948 8251 7947
f 8252 8251 7948
f 8253 8252 7948
f 7950 8253 7948
f 7949 7950 7948
f 8254 8253 7950
f 8255 8254 7950
f 8256 8255 7950
f 7951 8256 7950
f 8257 8256 7951
f 8258 8257 7951
f 7952 8258 7951
f 7953 8258 7952
f 8259 8258 7953
f 7954 8259 7953
f 8260 8259 7954
f 7955 8260 7954
f 8261 8260 7955
f 7956 8261 7955
f 7957 8261 7956
f 8262 8261 7957
f 7958 8262 7957
f 8263 8262 7958
f 7959 8263 7958
f 8264 8263 7959
f 7960 8264 7959
f 8265 8264 7960
f 8266 8265 7960
f 7961 8266 7960
f 7962 8266 7961
f 8267 8266 7962
f 7963 8267 7962
f 8268 8267 7963
f 7964 8268 7963
f 8269 8268 7964
f 7965 8269 7964
f 8270 8269 7965
f 7966 8270 7965
f 8271 8270 7966
f 8272 8271 7966
f 7967 8272 7966
f 7968 8272 7967
f 8273 8272 7968
f 8274 8273 7968
f 7969 8274 7968
f 7970 8274 7969
f 8275 8274 7970
f 7971 8275 7970
f 8276 8275 7971
f 7972 8276 7971
f 8277 8276 7972
f 7973 8277 7972
f 8278 8277 7973
f 7974 8278 7973
f 8279 8278 7974
f 7975 8279 7974
f 8280 8279 7975
f 7976 8280 7975
f 8281 8280 7976
f 7977 8281 7976
f 8282 8281 7977
f 7978 8282 7977
f 8283 8282 7978
f 7979 8283 7978
f 8284 8283 7979
f 7980 8284 7979
f 8285 8284 7980
f 8286 8285 7980
f 7981 8286 7980
f 7982 8286 7981
f 8287 8286 7982
f 7983 8287 7982
f 8288 8287 7983
f 8289 8288 7983
f 7984 8289 7983
f 7985 8289 7984
f 8290 8289 7985
f 7986 8290 7985
f 8291 8290 7986
f 8016 8291 7986
f 7994 8292 7987
f 8292 8293 7987
f 8293 7988 7987
f 8293 8292 7988
f 8292 8294 7988
f 8294 8295 7988
f 8295 8296 7988
f 8296 8297 7988
f 8297 8298 7988
f 8298 7989 7988
f 8298 7990 7989
f 8298 7995 7990
f 7995 7991 7990
f 8249 8299 7992
f 8299 7993 7992
f 8299 8300 7993
f 8300 8301 7993
f 8301 7994 7993
f 8301 8292 7994
f 8298 8302 7995
f 8302 8303 7995
f 8303 7997 7995
f 7997 7996 7995
f 8303 8304 7997
f 8304 7998 7997
f 8304 8305 7998
f 8305 8306 7998
f 8306 8000 7998
f 8000 7999 7998
f 8306 8307 8000
f 8307 8308 8000
f 8308 8001 8000
f 8308 8309 8001
f 8309 8310 8001
f 8310 8311 8001
f 8311 8002 8001
f 8311 8004 8002
f 8004 8003 8002
f 8311 8312 8004
f 8312 8313 8004
f 8313 8005 8004
f 8313 8008 8005
f 8008 8007 8005
f 8007 8006 8005
f 8313 8314 8008
f 8314 8315 8008
f 8315 8316 8008
f 8316 8009 8008
f 8316 8317 8009
f 8317 8011 8009
f 8011 8010 8009
f 8317 8318 8011
f 8318 8012 8011
f 8318 8319 8012
f 8319 8320 8012
f 8320 8013 8012
f 8320 8321 8013
f 8321 8322 8013
f 8322 8014 8013
f 8322 8015 8014
f 8322 8321 8015
f 8321 8195 8015
f 8323 8291 8016
f 8324 8323 8016
f 8325 8324 8016
f 8326 8325 8016
f 8017 8326 8016
f 8018 8326 8017
f 8327 8326 8018
f 8328 8327 8018
f 8019 8328 8018
f 8020 8328 8019
f 8329 8328 8020
f 8330 8329 8020
f 8021 8330 8020
f 8331 8330 8021
f 8022 8331 8021
f 8024 8331 8022
f 8023 8024 8022
f 8332 8331 8024
f 8333 8332 8024
f 8334 8333 8024
f 8025 8334 8024
f 8026 8334 8025
f 8335 8334 8026
f 8027 8335 8026
f 8030 8335 8027
f 8029 8030 8027
f 8028 8029 8027
f 8031 8335 8030
f 8036 8034 8035
f 8038 8036 8037
f 8039 8036 8038
f 8041 8039 8040
f 8042 8043 8041
f 8046 8041 8043
f 8044 8046 8043
f 8045 8046 8044
f 8049 7738 8047
f 8048 8049 8047
f 8050 8336 8049
f 8053 8336 8050
f 8052 8053 8050
f 8337 8053 8054
f 8338 8337 8054
f 8056 8338 8054
f 8055 8056 8054
f 8339 8338 8056
f 8340 8339 8056
f 8057 8340 8056
f 8341 8340 8057
f 8058 8341 8057
f 8059 8341 8058
f 8342 8341 8059
f 8060 8342 8059
f 8343 8342 8060
f 8061 8343 8060
f 8344 8343 8061
f 8062 8344 8061
f 8345 8344 8062
f 8064 8345 8062
f 8063 8064 8062
f 8346 8345 8064
f 8347 8346 8064
f 8348 8347 8064
f 8065 8348 8064
f 8066 8348 8065
f 8070 8349 8068
f 8349 8350 8068
f 8350 8351 8068
f 8355 8356 8069
f 8356 8357 8069
f 8357 8358 8069
f 8358 8070 8069
f 8358 8359 8070
f 8359 8360 8070
f 8360 8361 8070
f 8361 8350 8070
f 8350 8349 8070
f 8364 8365 8071
f 8365 8366 8071
f 8366 8367 8071
f 8367 8362 8071
f 8369 8368 8072
f 8073 8369 8072
f 8370 8369 8073
f 8074 8370 8073
f 8371 8370 8074
f 8075 8371 8074
f 8076 8371 8075
f 8372 8371 8076
f 8373 8372 8076
f 8078 8373 8076
f 8077 8078 8076
f 8374 8373 8078
f 8375 8374 8078
f 8376 8375 8078
f 8079 8376 8078
f 8081 8376 8079
f 8080 8081 8079
f 8377 8376 8081
f 8378 8377 8081
f 8379 8378 8081
f 8380 8379 8081
f 8082 8380 8081
f 8381 8380 8082
f 8083 8381 8082
f 8382 8381 8083
f 8084 8382 8083
f 8383 8382 8084
f 8384 8092 8086
f 8385 8384 8086
f 8087 8385 8086
f 8386 8385 8087
f 8387 8386 8087
f 8088 8387 8087
f 8089 8387 8088
f 8388 8387 8089
f 8389 8388 8089
f 8110 8389 8089
f 8090 8110 8089
f 8390 8098 8091
f 8391 8390 8091
f 8384 8391 8091
f 8092 8384 8091
f 8395 8394 8093
f 8094 8395 8093
f 8396 8395 8094
f 8095 8396 8094
f 8397 8396 8095
f 8096 8397 8095
f 8398 8397 8096
f 8097 8398 8096
f 8399 8398 8097
f 8390 8399 8097
f 8098 8390 8097
f 8400 8100 8099
f 8400 8401 8100
f 8401 8101 8100
f 8401 8402 8101
f 8402 8102 8101
f 8402 8403 8102
f 8403 8103 8102
f 8403 8404 8103
f 8404 8405 8103
f 8405 8406 8103
f 8406 8104 8103
f 8406 8407 8104
f 8407 8105 8104
f 8407 8408 8105
f 8408 8409 8105
f 8409 8107 8105
f 8107 8106 8105
f 8409 8410 8107
f 8410 8108 8107
f 8410 8182 8108
f 8182 8109 8108
f 8411 8389 8110
f 8412 8411 8110
f 8111 8412 8110
f 8112 8412 8111
f 8413 8412 8112
f 8414 8413 8112
f 8113 8414 8112
f 8415 8414 8113
f 8114 8415 8113
f 8416 8415 8114
f 8115 8416 8114
f 8417 8416 8115
f 8116 8417 8115
f 8418 8417 8116
f 8117 8418 8116
f 8118 8418 8117
f 8119 8419 8118
f 8419 8418 8118
f 8120 8125 8119
f 8125 8420 8119
f 8420 8419 8119
f 8186 8185 8121
f 8185 8421 8121
f 8421 8422 8121
f 8422 8123 8121
f 8123 8122 8121
f 8422 8423 8123
f 8423 8424 8123
f 8424 8425 8123
f 8425 8124 8123
f 8425 8420 8124
f 8420 8125 8124
f 8427 8426 7508
f 8126 8427 7508
f 8428 8427 8126
f 8128 8428 8126
f 8127 8128 8126
f 8429 8428 8128
f 8430 8429 8128
f 8129 8430 8128
f 8431 8430 8129
f 8130 8431 8129
f 8432 8431 8130
f 8433 8432 8130
f 8434 8433 8130
f 8131 8434 8130
f 8435 8434 8131
f 8132 8435 8131
f 8133 8435 8132
f 8135 8435 8133
f 8134 8135 8133
f 8436 8435 8135
f 8143 8436 8135
f 8136 8143 8135
f 8154 8437 8137
f 8437 8438 8137
f 8438 8138 8137
f 8438 8439 8138
f 8439 8440 8138
f 8440 8139 8138
f 8440 8140 8139
f 8441 8141 8140
f 8440 8441 8140
f 8442 8142 8141
f 8441 8442 8141
f 8443 8143 8142
f 8444 8443 8142
f 8442 8444 8142
f 8445 8436 8143
f 8443 8445 8143
f 8446 8447 8144
f 8447 8145 8144
f 8447 8448 8145
f 8448 8449 8145
f 8449 8146 8145
f 8449 8450 8146
f 8450 8451 8146
f 8451 8147 8146
f 8451 8148 8147
f 8451 8452 8148
f 8452 8149 8148
f 8452 8150 8149
f 8452 8151 8150
f 8452 8453 8151
f 8453 8454 8151
f 8454 8152 8151
f 8454 8455 8152
f 8455 8456 8152
f 8456 8457 8152
f 8457 8153 8152
f 8457 8438 8153
f 8438 8437 8153
f 8437 8154 8153
f 8194 8458 8155
f 8458 8156 8155
f 8458 8459 8156
f 8459 8460 8156
f 8460 8159 8156
f 8159 8157 8156
f 8159 8158 8157
f 8460 8461 8159
f 8461 8462 8159
f 8462 8463 8159
f 8463 8464 8159
f 8464 8160 8159
f 8464 8161 8160
f 8464 8465 8161
f 8465 8466 8161
f 8466 8163 8161
f 8163 8162 8161
f 8466 8467 8163
f 8467 8468 8163
f 8468 8165 8163
f 8468 8167 8165
f 8167 8166 8165
f 8468 8469 8167
f 8469 8470 8167
f 8470 8471 8167
f 8471 8472 8167
f 8472 8473 8167
f 8473 8168 8167
f 8473 8474 8168
f 8474 8169 8168
f 8474 8171 8169
f 8171 8170 8169
f 8474 8475 8171
f 8475 8476 8171
f 8476 8477 8171
f 8477 8173 8171
f 8477 8174 8173
f 8477 8478 8174
f 8478 8176 8174
f 8176 8175 8174
f 8478 8479 8176
f 8479 8177 8176
f 8479 8480 8177
f 8480 8481 8177
f 8481 8482 8177
f 8482 8483 8177
f 8483 8484 8177
f 8484 8178 8177
f 8484 8483 8178
f 8483 8485 8178
f 8485 8179 8178
f 8485 8486 8179
f 8486 8180 8179
f 8486 8181 8180
f 8486 8487 8181
f 8487 7877 8181
f 8488 7561 7877
f 8487 8488 7877
f 8410 8489 8182
f 8489 8490 8182
f 8490 8183 8182
f 8490 8491 8183
f 8491 8184 8183
f 8491 8421 8184
f 8421 8185 8184
f 8186 7882 8185
f 8243 8492 8187
f 8492 8493 8187
f 8493 8494 8187
f 8494 8495 8187
f 8495 8188 8187
f 8495 8496 8188
f 8496 8190 8188
f 8496 8497 8190
f 8497 8192 8190
f 8192 8191 8190
f 8497 8498 8192
f 8498 8499 8192
f 8499 8500 8192
f 8500 8501 8192
f 8501 8193 8192
f 8501 8458 8193
f 8458 8194 8193
f 8321 8502 8195
f 8502 8196 8195
f 8502 8503 8196
f 8503 8197 8196
f 8503 8504 8197
f 8504 8505 8197
f 8505 8506 8197
f 8506 8199 8197
f 8199 8198 8197
f 8506 8507 8199
f 8507 8508 8199
f 8508 8201 8199
f 8201 8200 8199
f 8508 8509 8201
f 8509 8510 8201
f 8510 8511 8201
f 8511 8202 8201
f 8511 8204 8202
f 8204 8203 8202
f 8511 8512 8204
f 8512 8205 8204
f 8512 8513 8205
f 8513 8514 8205
f 8514 8515 8205
f 8515 8206 8205
f 8515 8516 8206
f 8516 8207 8206
f 8516 8209 8207
f 8209 8208 8207
f 8516 8517 8209
f 8517 8210 8209
f 8517 8518 8210
f 8518 8519 8210
f 8519 8520 8210
f 8520 8211 8210
f 8520 8521 8211
f 8521 8212 8211
f 8521 8522 8212
f 8522 8213 8212
f 8522 8523 8213
f 8523 8214 8213
f 8523 8524 8214
f 8524 8215 8214
f 8524 8525 8215
f 8525 8526 8215
f 8526 8216 8215
f 8526 8218 8216
f 8218 8217 8216
f 8526 8527 8218
f 8527 8528 8218
f 8528 8219 8218
f 8528 8529 8219
f 8529 8221 8219
f 8221 8220 8219
f 8529 8530 8221
f 8530 8531 8221
f 8531 8222 8221
f 8531 8532 8222
f 8532 8533 8222
f 8533 8223 8222
f 8533 8224 8223
f 8533 8534 8224
f 8534 8225 8224
f 8534 8535 8225
f 8535 8226 8225
f 8535 8536 8226
f 8536 8227 8226
f 8536 8537 8227
f 8537 8228 8227
f 8537 8538 8228
f 8538 8229 8228
f 8538 8539 8229
f 8539 8230 8229
f 8539 8540 8230
f 8540 8541 8230
f 8541 8231 8230
f 8541 8232 8231
f 8541 8542 8232
f 8542 8233 8232
f 8542 8543 8233
f 8543 8235 8233
f 8235 8234 8233
f 8543 8236 8235
f 8543 8544 8236
f 8544 8545 8236
f 8545 8546 8236
f 8546 8547 8236
f 8547 8237 8236
f 8547 8548 8237
f 8548 8238 8237
f 8548 8549 8238
f 8549 8239 8238
f 8549 8492 8239
f 8492 8241 8239
f 8241 8240 8239
f 8492 8242 8241
f 8492 8243 8242
f 8250 8550 8244
f 8550 8245 8244
f 8550 8551 8245
f 8551 8246 8245
f 8551 8247 8246
f 8551 8552 8247
f 8552 8553 8247
f 8553 8248 8247
f 8553 8249 8248
f 8553 8554 8249
f 8554 8299 8249
f 8555 8550 8250
f 8251 8555 8250
f 8556 8555 8251
f 8252 8556 8251
f 8557 8556 8252
f 8558 8557 8252
f 8254 8558 8252
f 8253 8254 8252
f 8559 8558 8254
f 8560 8559 8254
f 8561 8560 8254
f 8255 8561 8254
f 8562 8561 8255
f 8563 8562 8255
f 8256 8563 8255
f 8257 8563 8256
f 8564 8563 8257
f 8258 8564 8257
f 8565 8564 8258
f 8566 8565 8258
f 8259 8566 8258
f 8260 8566 8259
f 8567 8566 8260
f 8568 8567 8260
f 8261 8568 8260
f 8262 8568 8261
f 8569 8568 8262
f 8263 8569 8262
f 8570 8569 8263
f 8264 8570 8263
f 8571 8570 8264
f 8265 8571 8264
f 8572 8571 8265
f 8266 8572 8265
f 8573 8572 8266
f 8574 8573 8266
f 8267 8574 8266
f 8268 8574 8267
f 8575 8574 8268
f 8269 8575 8268
f 8576 8575 8269
f 8270 8576 8269
f 8577 8576 8270
f 8578 8577 8270
f 8271 8578 8270
f 8272 8578 8271
f 8579 8578 8272
f 8580 8579 8272
f 8273 8580 8272
f 8274 8580 8273
f 8581 8580 8274
f 8275 8581 8274
f 8582 8581 8275
f 8276 8582 8275
f 8583 8582 8276
f 8277 8583 8276
f 8584 8583 8277
f 8278 8584 8277
f 8585 8584 8278
f 8279 8585 8278
f 8586 8585 8279
f 8280 8586 8279
f 8281 8586 8280
f 8587 8586 8281
f 8282 8587 8281
f 8588 8587 8282
f 8589 8588 8282
f 8283 8589 8282
f 8284 8589 8283
f 8590 8589 8284
f 8591 8590 8284
f 8285 8591 8284
f 8286 8591 8285
f 8592 8591 8286
f 8287 8592 8286
f 8593 8592 8287
f 8288 8593 8287
f 8594 8593 8288
f 8595 8594 8288
f 8289 8595 8288
f 8290 8595 8289
f 8596 8595 8290
f 8597 8596 8290
f 8291 8597 8290
f 8323 8597 8291
f 8301 8598 8292
f 8598 8294 8292
f 8598 8599 8294
f 8599 8295 8294
f 8599 8600 8295
f 8600 8296 8295
f 8600 8601 8296
f 8601 8602 8296
f 8602 8603 8296
f 8603 8297 8296
f 8603 8302 8297
f 8302 8298 8297
f 8554 8604 8299
f 8604 8300 8299
f 8604 8301 8300
f 8604 8605 8301
f 8605 8606 8301
f 8606 8598 8301
f 8603 8607 8302
f 8607 8608 8302
f 8608 8304 8302
f 8304 8303 8302
f 8608 8609 8304
f 8609 8305 8304
f 8609 8610 8305
f 8610 8611 8305
f 8611 8307 8305
f 8307 8306 8305
f 8611 8612 8307
f 8612 8308 8307
f 8612 8613 8308
f 8613 8614 8308
f 8614 8615 8308
f 8615 8309 8308
f 8615 8616 8309
f 8616 8617 8309
f 8617 8310 8309
f 8617 8312 8310
f 8312 8311 8310
f 8617 8618 8312
f 8618 8314 8312
f 8314 8313 8312
f 8618 8619 8314
f 8619 8620 8314
f 8620 8621 8314
f 8621 8315 8314
f 8621 8316 8315
f 8621 8622 8316
f 8622 8623 8316
f 8623 8317 8316
f 8623 8622 8317
f 8622 8624 8317
f 8624 8625 8317
f 8625 8318 8317
f 8625 8626 8318
f 8626 8319 8318
f 8626 8627 8319
f 8627 8628 8319
f 8628 8320 8319
f 8628 8502 8320
f 8502 8321 8320
f 8629 8597 8323
f 8630 8629 8323
f 8324 8630 8323
f 8631 8630 8324
f 8325 8631 8324
f 8326 8631 8325
f 8632 8631 8326
f 8327 8632 8326
f 8328 8632 8327
f 8333 8632 8328
f 8329 8333 8328
f 8332 8333 8329
f 8331 8332 8329
f 8330 8331 8329
f 8633 8632 8333
f 8334 8633 8333
f 8053 8634 8336
f 8634 8635 8336
f 8635 8636 8336
f 8636 8637 8336
f 8638 8053 8337
f 8639 8638 8337
f 8640 8639 8337
f 8641 8640 8337
f 8339 8641 8337
f 8338 8339 8337
f 8640 8641 8339
f 8340 8640 8339
f 8341 8640 8340
f 8642 8640 8341
f 8342 8642 8341
f 8643 8642 8342
f 8644 8643 8342
f 8343 8644 8342
f 8645 8644 8343
f 8344 8645 8343
f 8346 8645 8344
f 8345 8346 8344
f 8646 8645 8346
f 8647 8646 8346
f 8352 8647 8346
f 8347 8352 8346
f 8348 8352 8347
f 8361 8648 8350
f 8648 8649 8350
f 8649 8351 8350
f 8649 8650 8351
f 8651 8647 8352
f 8652 8651 8352
f 8354 8652 8352
f 8353 8354 8352
f 8653 8652 8354
f 8654 8653 8354
f 8655 8654 8354
f 8656 8655 8354
f 8657 8658 8355
f 8658 8659 8355
f 8659 8660 8355
f 8660 8356 8355
f 8660 8661 8356
f 8661 8662 8356
f 8662 8357 8356
f 8662 8358 8357
f 8662 8663 8358
f 8663 8664 8358
f 8664 8665 8358
f 8665 8359 8358
f 8665 8360 8359
f 8665 8666 8360
f 8666 8464 8360
f 8464 8463 8360
f 8463 8462 8360
f 8462 8667 8360
f 8667 8648 8360
f 8648 8361 8360
f 8367 8668 8362
f 8668 8363 8362
f 8668 8657 8363
f 8368 8669 8364
f 8669 8670 8364
f 8670 8365 8364
f 8670 8671 8365
f 8671 8672 8365
f 8672 8673 8365
f 8673 8367 8365
f 8367 8366 8365
f 8673 8674 8367
f 8674 8675 8367
f 8675 8676 8367
f 8676 8677 8367
f 8677 8668 8367
f 8678 8669 8368
f 8679 8678 8368
f 8370 8679 8368
f 8369 8370 8368
f 8372 8679 8370
f 8371 8372 8370
f 8680 8679 8372
f 8681 8680 8372
f 8682 8681 8372
f 8374 8682 8372
f 8373 8374 8372
f 8683 8682 8374
f 8684 8683 8374
f 8685 8684 8374
f 8375 8685 8374
f 8377 8685 8375
f 8376 8377 8375
f 8686 8685 8377
f 8687 8686 8377
f 8688 8687 8377
f 8378 8688 8377
f 8379 8688 8378
f 8380 8688 8379
f 8689 8688 8380
f 8382 8689 8380
f 8381 8382 8380
f 8690 8689 8382
f 8691 8690 8382
f 8692 8691 8382
f 8693 8692 8382
f 8383 8693 8382
f 8084 8694 8383
f 8694 8695 8383
f 8696 8391 8384
f 8385 8696 8384
f 8697 8696 8385
f 8386 8697 8385
f 8698 8697 8386
f 8387 8698 8386
f 8699 8698 8387
f 8700 8699 8387
f 8388 8700 8387
f 8701 8700 8388
f 8411 8701 8388
f 8389 8411 8388
f 8702 8399 8390
f 8703 8702 8390
f 8696 8703 8390
f 8391 8696 8390
f 8708 8707 8392
f 8394 8708 8392
f 8393 8394 8392
f 8709 8708 8394
f 8710 8709 8394
f 8711 8710 8394
f 8395 8711 8394
f 8712 8711 8395
f 8396 8712 8395
f 8398 8712 8396
f 8397 8398 8396
f 8713 8712 8398
f 8702 8713 8398
f 8399 8702 8398
f 8714 8401 8400
f 8714 8715 8401
f 8715 8402 8401
f 8715 8716 8402
f 8716 8403 8402
f 8716 8717 8403
f 8717 8404 8403
f 8717 8718 8404
f 8718 8719 8404
f 8719 8406 8404
f 8406 8405 8404
f 8719 8720 8406
f 8720 8721 8406
f 8721 8407 8406
f 8721 8722 8407
f 8722 8408 8407
f 8722 8489 8408
f 8489 8410 8408
f 8410 8409 8408
f 8723 8701 8411
f 8412 8723 8411
f 8724 8723 8412
f 8413 8724 8412
f 8414 8724 8413
f 8725 8724 8414
f 8415 8725 8414
f 8726 8725 8415
f 8416 8726 8415
f 8417 8726 8416
f 8727 8726 8417
f 8728 8727 8417
f 8418 8728 8417
f 8419 8420 8418
f 8420 8728 8418
f 8425 8729 8420
f 8729 8730 8420
f 8730 8731 8420
f 8731 8728 8420
f 8491 8732 8421
f 8732 8733 8421
f 8733 8423 8421
f 8423 8422 8421
f 8733 8734 8423
f 8734 8735 8423
f 8735 8729 8423
f 8729 8424 8423
f 8729 8425 8424
f 8737 8736 8426
f 8738 8737 8426
f 8427 8738 8426
f 8429 8738 8427
f 8428 8429 8427
f 8739 8738 8429
f 8740 8739 8429
f 8430 8740 8429
f 8741 8740 8430
f 8431 8741 8430
f 8742 8741 8431
f 8743 8742 8431
f 8432 8743 8431
f 8744 8743 8432
f 8433 8744 8432
f 8445 8744 8433
f 8436 8445 8433
f 8434 8436 8433
f 8435 8436 8434
f 8457 8745 8438
f 8745 8746 8438
f 8746 8439 8438
f 8746 8440 8439
f 8746 8747 8440
f 8747 8441 8440
f 8748 8442 8441
f 8747 8748 8441
f 8748 8444 8442
f 8744 8445 8443
f 8444 8744 8443
f 8749 8744 8444
f 8750 8749 8444
f 8751 8750 8444
f 8748 8751 8444
f 8752 8753 8446
f 8753 8754 8446
f 8754 8447 8446
f 8754 8755 8447
f 8755 8448 8447
f 8755 8449 8448
f 8755 8756 8449
f 8756 8757 8449
f 8757 8450 8449
f 8757 8451 8450
f 8757 8758 8451
f 8758 8452 8451
f 8758 8759 8452
f 8759 8760 8452
f 8760 8453 8452
f 8760 8761 8453
f 8761 8762 8453
f 8762 8455 8453
f 8455 8454 8453
f 8762 8763 8455
f 8763 8764 8455
f 8764 8456 8455
f 8764 8457 8456
f 8764 8765 8457
f 8765 8766 8457
f 8766 8745 8457
f 8501 8500 8458
f 8500 8767 8458
f 8767 8768 8458
f 8768 8459 8458
f 8768 8461 8459
f 8461 8460 8459
f 8768 8769 8461
f 8769 8770 8461
f 8770 8667 8461
f 8667 8462 8461
f 8666 8771 8464
f 8771 8772 8464
f 8772 8465 8464
f 8772 8773 8465
f 8773 8467 8465
f 8467 8466 8465
f 8773 8469 8467
f 8469 8468 8467
f 8773 8774 8469
f 8774 8775 8469
f 8775 8470 8469
f 8775 8776 8470
f 8776 8471 8470
f 8776 8777 8471
f 8777 8778 8471
f 8778 8779 8471
f 8779 8780 8471
f 8780 8472 8471
f 8780 8474 8472
f 8474 8473 8472
f 8780 8781 8474
f 8781 8475 8474
f 8781 8782 8475
f 8782 8476 8475
f 8782 8783 8476
f 8783 8477 8476
f 8783 8784 8477
f 8784 8785 8477
f 8785 8478 8477
f 8785 8786 8478
f 8786 8479 8478
f 8786 8480 8479
f 8786 8787 8480
f 8787 8788 8480
f 8788 8481 8480
f 8788 8789 8481
f 8789 8483 8481
f 8483 8482 8481
f 8789 8790 8483
f 8790 8485 8483
f 8790 8791 8485
f 8791 8792 8485
f 8792 8486 8485
f 8792 8487 8486
f 8792 8793 8487
f 8793 8694 8487
f 8694 8488 8487
f 8722 8732 8489
f 8732 8490 8489
f 8732 8491 8490
f 8549 8794 8492
f 8794 8795 8492
f 8795 8493 8492
f 8795 8494 8493
f 8795 8796 8494
f 8796 8797 8494
f 8797 8798 8494
f 8798 8496 8494
f 8496 8495 8494
f 8798 8497 8496
f 8798 8498 8497
f 8798 8799 8498
f 8799 8800 8498
f 8800 8499 8498
f 8800 8801 8499
f 8801 8500 8499
f 8801 8802 8500
f 8802 8803 8500
f 8803 8804 8500
f 8804 8767 8500
f 8628 8805 8502
f 8805 8806 8502
f 8806 8503 8502
f 8806 8807 8503
f 8807 8504 8503
f 8807 8808 8504
f 8808 8809 8504
f 8809 8810 8504
f 8810 8505 8504
f 8810 8507 8505
f 8507 8506 8505
f 8810 8811 8507
f 8811 8812 8507
f 8812 8509 8507
f 8509 8508 8507
f 8812 8813 8509
f 8813 8814 8509
f 8814 8510 8509
f 8814 8512 8510
f 8512 8511 8510
f 8814 8815 8512
f 8815 8816 8512
f 8816 8513 8512
f 8816 8817 8513
f 8817 8818 8513
f 8818 8515 8513
f 8515 8514 8513
f 8818 8819 8515
f 8819 8820 8515
f 8820 8517 8515
f 8517 8516 8515
f 8820 8821 8517
f 8821 8518 8517
f 8821 8822 8518
f 8822 8823 8518
f 8823 8519 8518
f 8823 8824 8519
f 8824 8520 8519
f 8824 8825 8520
f 8825 8521 8520
f 8825 8826 8521
f 8826 8523 8521
f 8523 8522 8521
f 8826 8827 8523
f 8827 8828 8523
f 8828 8524 8523
f 8828 8829 8524
f 8829 8525 8524
f 8829 8830 8525
f 8830 8526 8525
f 8830 8831 8526
f 8831 8527 8526
f 8831 8832 8527
f 8832 8528 8527
f 8832 8833 8528
f 8833 8529 8528
f 8833 8834 8529
f 8834 8530 8529
f 8834 8835 8530
f 8835 8531 8530
f 8835 8836 8531
f 8836 8532 8531
f 8836 8837 8532
f 8837 8534 8532
f 8534 8533 8532
f 8837 8838 8534
f 8838 8839 8534
f 8839 8535 8534
f 8839 8840 8535
f 8840 8536 8535
f 8840 8841 8536
f 8841 8537 8536
f 8841 8842 8537
f 8842 8539 8537
f 8539 8538 8537
f 8842 8843 8539
f 8843 8844 8539
f 8844 8540 8539
f 8844 8845 8540
f 8845 8541 8540
f 8845 8846 8541
f 8846 8542 8541
f 8846 8847 8542
f 8847 8544 8542
f 8544 8543 8542
f 8847 8848 8544
f 8848 8546 8544
f 8546 8545 8544
f 8848 8849 8546
f 8849 8850 8546
f 8850 8548 8546
f 8548 8547 8546
f 8850 8851 8548
f 8851 8794 8548
f 8794 8549 8548
f 8555 8852 8550
f 8852 8853 8550
f 8853 8551 8550
f 8853 8854 8551
f 8854 8855 8551
f 8855 8552 8551
f 8855 8553 8552
f 8855 8856 8553
f 8856 8554 8553
f 8856 8857 8554
f 8857 8858 8554
f 8858 8604 8554
f 8556 8859 8555
f 8859 8860 8555
f 8860 8852 8555
f 8557 8861 8556
f 8861 8862 8556
f 8862 8859 8556
f 8558 8559 8557
f 8559 8863 8557
f 8863 8864 8557
f 8864 8861 8557
f 8606 8865 8598
f 8865 8599 8598
f 8865 8600 8599
f 8865 8866 8600
f 8866 8601 8600
f 8866 8867 8601
f 8867 8868 8601
f 8868 8869 8601
f 8869 8607 8601
f 8607 8602 8601
f 8607 8603 8602
f 8858 8857 8604
f 8857 8870 8604
f 8870 8871 8604
f 8871 8605 8604
f 8871 8606 8605
f 8871 8872 8606
f 8872 8873 8606
f 8873 8865 8606
f 8869 8874 8607
f 8874 8875 8607
f 8875 8609 8607
f 8609 8608 8607
f 8875 8876 8609
f 8876 8610 8609
f 8876 8877 8610
f 8877 8878 8610
f 8878 8612 8610
f 8612 8611 8610
f 8878 8879 8612
f 8879 8613 8612
f 8879 8880 8613
f 8880 8881 8613
f 8881 8882 8613
f 8882 8614 8613
f 8882 8883 8614
f 8883 8615 8614
f 8883 8884 8615
f 8884 8885 8615
f 8885 8616 8615
f 8885 8618 8616
f 8618 8617 8616
f 8885 8886 8618
f 8886 8619 8618
f 8886 8887 8619
f 8887 8888 8619
f 8888 8889 8619
f 8889 8620 8619
f 8889 8890 8620
f 8890 8891 8620
f 8891 8621 8620
f 8891 8622 8621
f 8891 8892 8622
f 8892 8624 8622
f 8892 8625 8624
f 8892 8893 8625
f 8893 8894 8625
f 8894 8895 8625
f 8895 8896 8625
f 8896 8627 8625
f 8627 8626 8625
f 8896 8895 8627
f 8895 8805 8627
f 8805 8628 8627
f 8630 8897 8629
f 8631 8897 8630
f 8632 8897 8631
f 8633 8897 8632
f 8053 8898 8634
f 8898 8899 8634
f 8899 8900 8634
f 8900 8901 8634
f 8901 8636 8634
f 8636 8635 8634
f 8901 8902 8636
f 8902 8903 8636
f 8903 8904 8636
f 8904 8637 8636
f 8904 8905 8637
f 8905 8906 8637
f 8906 8336 8637
f 8639 8907 8638
f 8642 8907 8639
f 8640 8642 8639
f 8643 8907 8642
f 8908 8907 8643
f 8909 8908 8643
f 8644 8909 8643
f 8646 8909 8644
f 8645 8646 8644
f 8910 8909 8646
f 8911 8910 8646
f 8651 8911 8646
f 8647 8651 8646
f 8667 8912 8648
f 8912 8649 8648
f 8912 8913 8649
f 8913 8650 8649
f 8913 8803 8650
f 8803 8914 8650
f 8914 8915 8650
f 8916 8911 8651
f 8653 8916 8651
f 8652 8653 8651
f 8917 8916 8653
f 8918 8917 8653
f 8919 8918 8653
f 8654 8919 8653
f 8920 8919 8654
f 8921 8920 8654
f 8922 8921 8654
f 8655 8922 8654
f 8923 8922 8655
f 8656 8923 8655
f 8668 8677 8657
f 8677 8676 8657
f 8676 8658 8657
f 8676 8659 8658
f 8676 8660 8659
f 8676 8925 8660
f 8925 8926 8660
f 8926 8927 8660
f 8927 8928 8660
f 8928 8661 8660
f 8928 8663 8661
f 8663 8662 8661
f 8928 8929 8663
f 8929 8771 8663
f 8771 8664 8663
f 8771 8666 8664
f 8666 8665 8664
f 8770 8912 8667
f 8678 8930 8669
f 8930 8931 8669
f 8931 8932 8669
f 8932 8670 8669
f 8932 8933 8670
f 8933 8671 8670
f 8933 8934 8671
f 8934 8935 8671
f 8935 8936 8671
f 8936 8674 8671
f 8674 8672 8671
f 8674 8673 8672
f 8936 8937 8674
f 8937 8938 8674
f 8938 8939 8674
f 8939 8940 8674
f 8940 8675 8674
f 8940 8925 8675
f 8925 8676 8675
f 8941 8930 8678
f 8942 8941 8678
f 8943 8942 8678
f 8680 8943 8678
f 8679 8680 8678
f 8944 8943 8680
f 8945 8944 8680
f 8681 8945 8680
f 8683 8945 8681
f 8682 8683 8681
f 8946 8945 8683
f 8947 8946 8683
f 8948 8947 8683
f 8684 8948 8683
f 8686 8948 8684
f 8685 8686 8684
f 8949 8948 8686
f 8950 8949 8686
f 8951 8950 8686
f 8687 8951 8686
f 8952 8951 8687
f 8688 8952 8687
f 8690 8952 8688
f 8689 8690 8688
f 8953 8952 8690
f 8954 8953 8690
f 8955 8954 8690
f 8691 8955 8690
f 8692 8955 8691
f 8956 8955 8692
f 8957 8956 8692
f 8958 8957 8692
f 8693 8958 8692
f 8959 8958 8693
f 8960 8959 8693
f 8383 8960 8693
f 8793 8961 8694
f 8961 8695 8694
f 8084 8488 8694
f 8961 8962 8695
f 8962 8963 8695
f 8963 8383 8695
f 8964 8703 8696
f 8697 8964 8696
f 8965 8964 8697
f 8698 8965 8697
f 8966 8965 8698
f 8699 8966 8698
f 8700 8966 8699
f 8967 8966 8700
f 8968 8967 8700
f 8723 8968 8700
f 8701 8723 8700
f 8969 8713 8702
f 8970 8969 8702
f 8971 8970 8702
f 8964 8971 8702
f 8703 8964 8702
f 8974 8973 8704
f 8975 8974 8704
f 8705 8975 8704
f 8976 8975 8705
f 8977 8976 8705
f 8978 8977 8705
f 8707 8978 8705
f 8706 8707 8705
f 8979 8978 8707
f 8980 8979 8707
f 8709 8980 8707
f 8708 8709 8707
f 8981 8980 8709
f 8982 8981 8709
f 8983 8982 8709
f 8711 8983 8709
f 8710 8711 8709
f 8984 8983 8711
f 8985 8984 8711
f 8712 8985 8711
f 8969 8985 8712
f 8713 8969 8712
f 8986 8987 8714
f 8987 8715 8714
f 8987 8988 8715
f 8988 8989 8715
f 8989 8716 8715
f 8989 8717 8716
f 8989 8990 8717
f 8990 8991 8717
f 8991 8718 8717
f 8991 8992 8718
f 8992 8993 8718
f 8993 8994 8718
f 8994 8720 8718
f 8720 8719 8718
f 8994 8995 8720
f 8995 8996 8720
f 8996 8721 8720
f 8996 8732 8721
f 8732 8722 8721
f 8997 8968 8723
f 8998 8997 8723
f 8999 8998 8723
f 8724 8999 8723
f 9000 8999 8724
f 8725 9000 8724
f 9001 9000 8725
f 8726 9001 8725
f 9002 9001 8726
f 8727 9002 8726
f 8731 9002 8727
f 8728 8731 8727
f 8735 9003 8729
f 9003 9004 8729
f 9004 9005 8729
f 9005 8730 8729
f 9005 9006 8730
f 9006 8731 8730
f 9006 9007 8731
f 9007 9008 8731
f 9008 9002 8731
f 8996 9009 8732
f 9009 8733 8732
f 9009 8734 8733
f 9009 9010 8734
f 9010 9003 8734
f 9003 8735 8734
f 9014 9013 8736
f 9015 9014 8736
f 8738 9015 8736
f 8737 8738 8736
f 9016 9015 8738
f 8739 9016 8738
f 9017 9016 8739
f 8740 9017 8739
f 9018 9017 8740
f 9019 9018 8740
f 8741 9019 8740
f 9020 9019 8741
f 9021 9020 8741
f 8742 9021 8741
f 8749 9021 8742
f 8743 8749 8742
f 8744 8749 8743
f 8766 9022 8745
f 9022 8746 8745
f 9022 9023 8746
f 9023 8747 8746
f 8751 8748 8747
f 9023 8751 8747
f 9024 9021 8749
f 9025 9024 8749
f 8750 9025 8749
f 9026 9025 8750
f 8751 9026 8750
f 9027 9026 8751
f 9028 9027 8751
f 9023 9028 8751
f 9030 9029 8752
f 9029 9031 8752
f 9031 8753 8752
f 9031 9032 8753
f 9032 9033 8753
f 9033 8754 8753
f 9033 9034 8754
f 9034 8755 8754
f 9034 9035 8755
f 9035 8756 8755
f 9035 9036 8756
f 9036 8757 8756
f 9036 9037 8757
f 9037 8758 8757
f 9037 8760 8758
f 8760 8759 8758
f 9037 9038 8760
f 9038 9039 8760
f 9039 9040 8760
f 9040 8761 8760
f 9040 9041 8761
f 9041 9042 8761
f 9042 8762 8761
f 9042 9043 8762
f 9043 8763 8762
f 9043 8766 8763
f 8766 8765 8763
f 8765 8764 8763
f 9043 9044 8766
f 9044 9028 8766
f 9028 9022 8766
f 8804 8769 8767
f 8769 8768 8767
f 8804 8803 8769
f 8803 8913 8769
f 8913 8912 8769
f 8912 8770 8769
f 8929 8772 8771
f 8929 8928 8772
f 8928 8774 8772
f 8774 8773 8772
f 8928 8927 8774
f 8927 8775 8774
f 8927 9045 8775
f 9045 8776 8775
f 9045 9046 8776
f 9046 8777 8776
f 9046 9047 8777
f 9047 9048 8777
f 9048 8781 8777
f 8781 8778 8777
f 8781 8779 8778
f 8781 8780 8779
f 9048 9049 8781
f 9049 9050 8781
f 9050 8782 8781
f 9050 9051 8782
f 9051 8783 8782
f 9051 9052 8783
f 9052 8784 8783
f 9052 9053 8784
f 9053 8785 8784
f 9053 9054 8785
f 9054 9055 8785
f 9055 8787 8785
f 8787 8786 8785
f 9055 9056 8787
f 9056 9057 8787
f 9057 9058 8787
f 9058 9059 8787
f 9059 9060 8787
f 9060 8788 8787
f 9060 8789 8788
f 9060 9061 8789
f 9061 9062 8789
f 9062 8790 8789
f 9062 8793 8790
f 8793 8791 8790
f 8793 8792 8791
f 9062 9063 8793
f 9063 8961 8793
f 8851 9064 8794
f 9064 9065 8794
f 9065 9066 8794
f 9066 8795 8794
f 9066 9065 8795
f 9065 8796 8795
f 9065 9067 8796
f 9067 9068 8796
f 9068 9069 8796
f 9069 9070 8796
f 9070 8798 8796
f 8798 8797 8796
f 9070 9071 8798
f 9071 8799 8798
f 9071 9072 8799
f 9072 8800 8799
f 9072 8801 8800
f 9072 9073 8801
f 9073 8914 8801
f 8914 8802 8801
f 8914 8803 8802
f 8895 9074 8805
f 9074 9075 8805
f 9075 8806 8805
f 9075 8807 8806
f 9075 9076 8807
f 9076 8808 8807
f 9076 9077 8808
f 9077 9078 8808
f 9078 9079 8808
f 9079 8811 8808
f 8811 8809 8808
f 8811 8810 8809
f 9079 9080 8811
f 9080 9081 8811
f 9081 9082 8811
f 9082 8812 8811
f 9082 9083 8812
f 9083 8815 8812
f 8815 8813 8812
f 8815 8814 8813
f 9083 9084 8815
f 9084 8816 8815
f 9084 9085 8816
f 9085 9086 8816
f 9086 9087 8816
f 9087 8817 8816
f 9087 8819 8817
f 8819 8818 8817
f 9087 9088 8819
f 9088 9089 8819
f 9089 8821 8819
f 8821 8820 8819
f 9089 9090 8821
f 9090 9091 8821
f 9091 9092 8821
f 9092 8822 8821
f 9092 9093 8822
f 9093 8823 8822
f 9093 9094 8823
f 9094 8824 8823
f 9094 9095 8824
f 9095 8825 8824
f 9095 9096 8825
f 9096 8826 8825
f 9096 9097 8826
f 9097 8827 8826
f 9097 8828 8827
f 9097 9098 8828
f 9098 9099 8828
f 9099 9100 8828
f 9100 8829 8828
f 9100 9101 8829
f 9101 9102 8829
f 9102 8831 8829
f 8831 8830 8829
f 9102 9103 8831
f 9103 9104 8831
f 9104 8832 8831
f 9104 9105 8832
f 9105 8833 8832
f 9105 9106 8833
f 9106 8834 8833
f 9106 9107 8834
f 9107 8835 8834
f 9107 9108 8835
f 9108 8836 8835
f 9108 9109 8836
f 9109 8838 8836
f 8838 8837 8836
f 9109 9110 8838
f 9110 9111 8838
f 9111 8839 8838
f 9111 9112 8839
f 9112 8840 8839
f 9112 8841 8840
f 9112 9113 8841
f 9113 9114 8841
f 9114 9115 8841
f 9115 8843 8841
f 8843 8842 8841
f 9115 9116 8843
f 9116 9117 8843
f 9117 9118 8843
f 9118 9119 8843
f 9119 8844 8843
f 9119 8846 8844
f 8846 8845 8844
f 9119 9120 8846
f 9120 9121 8846
f 9121 8847 8846
f 9121 9122 8847
f 9122 8849 8847
f 8849 8848 8847
f 9122 9123 8849
f 9123 9124 8849
f 9124 9125 8849
f 9125 8850 8849
f 9125 9064 8850
f 9064 8851 8850
f 8860 8853 8852
f 8860 9126 8853
f 9126 9127 8853
f 9127 8854 8853
f 9127 8855 8854
f 9127 9128 8855
f 9128 9129 8855
f 9129 8856 8855
f 9129 8857 8856
f 9129 9130 8857
f 9130 8870 8857
f 8862 9131 8859
f 9131 8860 8859
f 9131 9126 8860
f 8864 9132 8861
f 9132 9133 8861
f 9133 8862 8861
f 9133 9134 8862
f 9134 9131 8862
f 8873 9135 8865
f 9135 8866 8865
f 9135 9136 8866
f 9136 8867 8866
f 9136 9137 8867
f 9137 9138 8867
f 9138 9139 8867
f 9139 8874 8867
f 8874 8868 8867
f 8874 8869 8868
f 9130 9140 8870
f 9140 8871 8870
f 9140 9141 8871
f 9141 8872 8871
f 9141 8873 8872
f 9141 9142 8873
f 9142 9135 8873
f 9139 9143 8874
f 9143 9144 8874
f 9144 8876 8874
f 8876 8875 8874
f 9144 9145 8876
f 9145 8877 8876
f 9145 9146 8877
f 9146 9147 8877
f 9147 8879 8877
f 8879 8878 8877
f 9147 9148 8879
f 9148 8880 8879
f 9148 9149 8880
f 9149 9150 8880
f 9150 9151 8880
f 9151 8881 8880
f 9151 9152 8881
f 9152 8882 8881
f 9152 9153 8882
f 9153 8883 8882
f 9153 9154 8883
f 9154 8886 8883
f 8886 8884 8883
f 8886 8885 8884
f 9154 9155 8886
f 9155 8887 8886
f 9155 9156 8887
f 9156 8888 8887
f 9156 9157 8888
f 9157 9158 8888
f 9158 9159 8888
f 9159 9160 8888
f 9160 8889 8888
f 9160 9161 8889
f 9161 8890 8889
f 9161 9162 8890
f 9162 8891 8890
f 9162 8893 8891
f 8893 8892 8891
f 9162 9163 8893
f 9163 9164 8893
f 9164 8894 8893
f 9164 9165 8894
f 9165 9166 8894
f 9166 9074 8894
f 9074 8895 8894
f 8053 9167 8898
f 9167 9168 8898
f 9168 8899 8898
f 9168 9169 8899
f 9169 9170 8899
f 9170 9171 8899
f 9171 8900 8899
f 9171 8902 8900
f 8902 8901 8900
f 9171 9172 8902
f 9172 9173 8902
f 9173 9174 8902
f 9174 8903 8902
f 9174 9175 8903
f 9175 9176 8903
f 9176 8904 8903
f 9176 8905 8904
f 9176 9175 8905
f 9175 9177 8905
f 9177 9178 8905
f 9178 9179 8905
f 9179 9180 8905
f 9180 8906 8905
f 9180 9181 8906
f 9182 8907 8908
f 8909 9182 8908
f 9183 9182 8909
f 9184 9183 8909
f 8910 9184 8909
f 8916 9184 8910
f 8911 8916 8910
f 9073 9185 8914
f 9185 9186 8914
f 9187 9184 8916
f 8917 9187 8916
f 9188 9187 8917
f 9189 9188 8917
f 9190 9189 8917
f 8918 9190 8917
f 8919 9190 8918
f 9191 9190 8919
f 8920 9191 8919
f 9192 9191 8920
f 9193 9192 8920
f 9194 9193 8920
f 8921 9194 8920
f 8922 9194 8921
f 9195 9194 8922
f 9196 9195 8922
f 8923 9196 8922
f 9197 9196 8923
f 8924 9197 8923
f 8940 8939 8925
f 8939 9198 8925
f 9198 9046 8925
f 9046 9045 8925
f 9045 8926 8925
f 9045 8927 8926
f 8941 9199 8930
f 9199 9200 8930
f 9200 9201 8930
f 9201 8932 8930
f 8932 8931 8930
f 9201 9202 8932
f 9202 8933 8932
f 9202 9203 8933
f 9203 8934 8933
f 9203 9204 8934
f 9204 9205 8934
f 9205 9206 8934
f 9206 8935 8934
f 9206 8936 8935
f 9206 9205 8936
f 9205 8937 8936
f 9205 9207 8937
f 9207 9208 8937
f 9208 8938 8937
f 9208 9198 8938
f 9198 8939 8938
f 8942 9209 8941
f 9209 9210 8941
f 9210 9199 8941
f 9211 9209 8942
f 9212 9211 8942
f 9213 9212 8942
f 9214 9213 8942
f 8944 9214 8942
f 8943 8944 8942
f 8946 9214 8944
f 8945 8946 8944
f 9213 9214 8946
f 9215 9213 8946
f 9216 9215 8946
f 8947 9216 8946
f 8949 9216 8947
f 8948 8949 8947
f 9217 9216 8949
f 9218 9217 8949
f 9219 9218 8949
f 8950 9219 8949
f 8951 9219 8950
f 8953 9219 8951
f 8952 8953 8951
f 9220 9219 8953
f 9221 9220 8953
f 9222 9221 8953
f 8954 9222 8953
f 8956 9222 8954
f 8955 8956 8954
f 9223 9222 8956
f 9224 9223 8956
f 9225 9224 8956
f 8957 9225 8956
f 8958 9225 8957
f 9226 9225 8958
f 8959 9226 8958
f 9227 9226 8959
f 9228 9227 8959
f 8963 9228 8959
f 8960 8963 8959
f 8383 8963 8960
f 9063 9229 8961
f 9229 8962 8961
f 9229 9230 8962
f 9230 9228 8962
f 9228 8963 8962
f 9231 8971 8964
f 9232 9231 8964
f 8965 9232 8964
f 9233 9232 8965
f 8966 9233 8965
f 9234 9233 8966
f 8967 9234 8966
f 9235 9234 8967
f 9236 9235 8967
f 8998 9236 8967
f 8997 8998 8967
f 8968 8997 8967
f 9237 8985 8969
f 8970 9237 8969
f 9238 9237 8970
f 9239 9238 8970
f 9231 9239 8970
f 8971 9231 8970
f 8974 8972 8973
f 9240 8972 8974
f 9241 9240 8974
f 8975 9241 8974
f 8976 9241 8975
f 9242 9241 8976
f 9243 9242 8976
f 9244 9243 8976
f 8979 9244 8976
f 8977 8979 8976
f 8978 8979 8977
f 9245 9244 8979
f 9246 9245 8979
f 8981 9246 8979
f 8980 8981 8979
f 9247 9246 8981
f 9248 9247 8981
f 9249 9248 8981
f 8982 9249 8981
f 9250 9249 8982
f 8983 9250 8982
f 9251 9250 8983
f 8984 9251 8983
f 9237 9251 8984
f 8985 9237 8984
f 9252 9253 8986
f 9253 9254 8986
f 9254 8987 8986
f 9254 9255 8987
f 9255 8988 8987
f 9255 9256 8988
f 9256 8989 8988
f 9256 9257 8989
f 9257 8990 8989
f 9257 9258 8990
f 9258 9259 8990
f 9259 8991 8990
f 9259 8992 8991
f 9259 9260 8992
f 9260 9261 8992
f 9261 9262 8992
f 9262 9010 8992
f 9010 8993 8992
f 9010 8995 8993
f 8995 8994 8993
f 9010 9009 8995
f 9009 8996 8995
f 9263 9236 8998
f 8999 9263 8998
f 9264 9263 8999
f 9000 9264 8999
f 9008 9264 9000
f 9001 9008 9000
f 9002 9008 9001
f 9010 9262 9003
f 9262 9265 9003
f 9265 9004 9003
f 9265 9266 9004
f 9266 9005 9004
f 9266 9267 9005
f 9267 9268 9005
f 9268 9006 9005
f 9268 9269 9006
f 9269 9007 9006
f 9269 9270 9007
f 9270 9008 9007
f 9271 9264 9008
f 9270 9271 9008
f 9272 9011 9012
f 9273 9272 9012
f 9274 9273 9012
f 9275 9274 9012
f 9013 9275 9012
f 9015 9275 9013
f 9014 9015 9013
f 9276 9275 9015
f 9016 9276 9015
f 9277 9276 9016
f 9017 9277 9016
f 9278 9277 9017
f 9018 9278 9017
f 9279 9278 9018
f 9019 9279 9018
f 9280 9279 9019
f 9281 9280 9019
f 9020 9281 9019
f 9024 9281 9020
f 9021 9024 9020
f 9028 9023 9022
f 9282 9281 9024
f 9283 9282 9024
f 9025 9283 9024
f 9284 9283 9025
f 9285 9284 9025
f 9286 9285 9025
f 9026 9286 9025
f 9027 9286 9026
f 9287 9286 9027
f 9288 9287 9027
f 9028 9288 9027
f 9044 9289 9028
f 9289 9288 9028
f 9030 9290 9029
f 9290 9291 9029
f 9291 9292 9029
f 9292 9034 9029
f 9034 9033 9029
f 9033 9032 9029
f 9032 9031 9029
f 9292 9293 9034
f 9293 9294 9034
f 9294 9035 9034
f 9294 9036 9035
f 9294 9295 9036
f 9295 9037 9036
f 9295 9296 9037
f 9296 9038 9037
f 9296 9039 9038
f 9296 9297 9039
f 9297 9040 9039
f 9297 9298 9040
f 9298 9299 9040
f 9299 9042 9040
f 9042 9041 9040
f 9299 9300 9042
f 9300 9289 9042
f 9289 9044 9042
f 9044 9043 9042
f 9198 9047 9046
f 9198 9208 9047
f 9208 9301 9047
f 9301 9049 9047
f 9049 9048 9047
f 9301 9302 9049
f 9302 9050 9049
f 9302 9303 9050
f 9303 9304 9050
f 9304 9052 9050
f 9052 9051 9050
f 9304 9305 9052
f 9305 9053 9052
f 9305 9306 9053
f 9306 9054 9053
f 9306 9307 9054
f 9307 9056 9054
f 9056 9055 9054
f 9307 9308 9056
f 9308 9309 9056
f 9309 9057 9056
f 9309 9310 9057
f 9310 9311 9057
f 9311 9312 9057
f 9312 9058 9057
f 9312 9313 9058
f 9313 9059 9058
f 9313 9060 9059
f 9313 9314 9060
f 9314 9061 9060
f 9314 9062 9061
f 9314 9063 9062
f 9314 9315 9063
f 9315 9229 9063
f 9125 9316 9064
f 9316 9317 9064
f 9317 9067 9064
f 9067 9065 9064
f 9317 9068 9067
f 9317 9318 9068
f 9318 9319 9068
f 9319 9320 9068
f 9320 9321 9068
f 9321 9070 9068
f 9070 9069 9068
f 9321 9071 9070
f 9321 9320 9071
f 9320 9322 9071
f 9322 9323 9071
f 9323 9072 9071
f 9323 9324 9072
f 9324 9073 9072
f 9324 9185 9073
f 9166 9325 9074
f 9325 9075 9074
f 9325 9326 9075
f 9326 9076 9075
f 9326 9327 9076
f 9327 9077 9076
f 9327 9328 9077
f 9328 9329 9077
f 9329 9330 9077
f 9330 9078 9077
f 9330 9080 9078
f 9080 9079 9078
f 9330 9331 9080
f 9331 9332 9080
f 9332 9333 9080
f 9333 9082 9080
f 9082 9081 9080
f 9333 9334 9082
f 9334 9335 9082
f 9335 9084 9082
f 9084 9083 9082
f 9335 9336 9084
f 9336 9085 9084
f 9336 9337 9085
f 9337 9338 9085
f 9338 9339 9085
f 9339 9087 9085
f 9087 9086 9085
f 9339 9340 9087
f 9340 9088 9087
f 9340 9341 9088
f 9341 9090 9088
f 9090 9089 9088
f 9341 9342 9090
f 9342 9343 9090
f 9343 9344 9090
f 9344 9091 9090
f 9344 9345 9091
f 9345 9092 9091
f 9345 9346 9092
f 9346 9093 9092
f 9346 9347 9093
f 9347 9095 9093
f 9095 9094 9093
f 9347 9348 9095
f 9348 9349 9095
f 9349 9096 9095
f 9349 9098 9096
f 9098 9097 9096
f 9349 9350 9098
f 9350 9351 9098
f 9351 9352 9098
f 9352 9099 9098
f 9352 9100 9099
f 9352 9353 9100
f 9353 9354 9100
f 9354 9355 9100
f 9355 9101 9100
f 9355 9356 9101
f 9356 9103 9101
f 9103 9102 9101
f 9356 9357 9103
f 9357 9104 9103
f 9357 9358 9104
f 9358 9105 9104
f 9358 9359 9105
f 9359 9106 9105
f 9359 9360 9106
f 9360 9107 9106
f 9360 9361 9107
f 9361 9362 9107
f 9362 9108 9107
f 9362 9109 9108
f 9362 9363 9109
f 9363 9110 9109
f 9363 9364 9110
f 9364 9112 9110
f 9112 9111 9110
f 9364 9365 9112
f 9365 9113 9112
f 9365 9366 9113
f 9366 9367 9113
f 9367 9114 9113
f 9367 9116 9114
f 9116 9115 9114
f 9367 9368 9116
f 9368 9369 9116
f 9369 9118 9116
f 9118 9117 9116
f 9369 9370 9118
f 9370 9371 9118
f 9371 9120 9118
f 9120 9119 9118
f 9371 9372 9120
f 9372 9373 9120
f 9373 9121 9120
f 9373 9374 9121
f 9374 9123 9121
f 9123 9122 9121
f 9374 9375 9123
f 9375 9376 9123
f 9376 9124 9123
f 9376 9377 9124
f 9377 9378 9124
f 9378 9125 9124
f 9378 9379 9125
f 9379 9316 9125
f 9131 9380 9126
f 9380 9127 9126
f 9380 9381 9127
f 9381 9382 9127
f 9382 9128 9127
f 9382 9383 9128
f 9383 9129 9128
f 9383 9130 9129
f 9383 9384 9130
f 9384 9140 9130
f 9134 9380 9131
f 9385 9381 9134
f 9381 9380 9134
f 9142 9386 9135
f 9386 9136 9135
f 9386 9387 9136
f 9387 9388 9136
f 9388 9137 9136
f 9388 9389 9137
f 9389 9390 9137
f 9390 9391 9137
f 9391 9138 9137
f 9391 9143 9138
f 9143 9139 9138
f 9384 9392 9140
f 9392 9141 9140
f 9392 9393 9141
f 9393 9394 9141
f 9394 9395 9141
f 9395 9142 9141
f 9395 9396 9142
f 9396 9386 9142
f 9391 9397 9143
f 9397 9398 9143
f 9398 9145 9143
f 9145 9144 9143
f 9398 9399 9145
f 9399 9146 9145
f 9399 9400 9146
f 9400 9401 9146
f 9401 9148 9146
f 9148 9147 9146
f 9401 9402 9148
f 9402 9403 9148
f 9403 9149 9148
f 9403 9404 9149
f 9404 9405 9149
f 9405 9406 9149
f 9406 9150 9149
f 9406 9407 9150
f 9407 9408 9150
f 9408 9151 9150
f 9408 9409 9151
f 9409 9152 9151
f 9409 9153 9152
f 9409 9410 9153
f 9410 9411 9153
f 9411 9155 9153
f 9155 9154 9153
f 9411 9412 9155
f 9412 9157 9155
f 9157 9413 9155
f 9413 9156 9155
f 9413 9157 9156
f 9412 9414 9157
f 9414 9415 9157
f 9415 9416 9157
f 9416 9417 9157
f 9417 9418 9157
f 9418 9158 9157
f 9418 9161 9158
f 9161 9159 9158
f 9161 9160 9159
f 9418 9419 9161
f 9419 9163 9161
f 9163 9162 9161
f 9419 9420 9163
f 9420 9421 9163
f 9421 9165 9163
f 9165 9164 9163
f 9421 9422 9165
f 9422 9423 9165
f 9423 9325 9165
f 9325 9166 9165
f 8053 9424 9167
f 9424 9425 9167
f 9425 9426 9167
f 9426 9168 9167
f 9426 9427 9168
f 9427 9169 9168
f 9427 9428 9169
f 9428 9429 9169
f 9429 9430 9169
f 9430 9431 9169
f 9431 9170 9169
f 9431 9172 9170
f 9172 9171 9170
f 9431 9430 9172
f 9430 9432 9172
f 9432 9433 9172
f 9433 9434 9172
f 9434 9173 9172
f 9434 9435 9173
f 9435 9174 9173
f 9435 9436 9174
f 9436 9175 9174
f 9436 9437 9175
f 9437 9177 9175
f 9437 9438 9177
f 9438 9439 9177
f 9439 9178 9177
f 9439 9440 9178
f 9440 9441 9178
f 9441 9179 9178
f 9441 9442 9179
f 9442 9180 9179
f 9442 9181 9180
f 9442 9443 9181
f 9187 9444 9182
f 9184 9187 9182
f 9183 9184 9182
f 9324 9445 9185
f 9188 9444 9187
f 9446 9444 9188
f 9447 9446 9188
f 9189 9447 9188
f 9190 9447 9189
f 9448 9447 9190
f 9191 9448 9190
f 9449 9448 9191
f 9450 9449 9191
f 9192 9450 9191
f 9451 9450 9192
f 9193 9451 9192
f 9195 9451 9193
f 9194 9195 9193
f 9452 9451 9195
f 9453 9452 9195
f 9197 9453 9195
f 9196 9197 9195
f 9454 9453 9197
f 9455 9454 9197
f 9456 9455 9197
f 8924 9456 9197
f 9210 9200 9199
f 9210 9457 9200
f 9457 9458 9200
f 9458 9202 9200
f 9202 9201 9200
f 9458 9459 9202
f 9459 9460 9202
f 9460 9203 9202
f 9460 9461 9203
f 9461 9462 9203
f 9462 9463 9203
f 9463 9205 9203
f 9205 9204 9203
f 9463 9464 9205
f 9464 9465 9205
f 9465 9466 9205
f 9466 9208 9205
f 9208 9207 9205
f 9466 9302 9208
f 9302 9301 9208
f 9211 9467 9209
f 9467 9468 9209
f 9468 9469 9209
f 9469 9457 9209
f 9457 9210 9209
f 9470 9467 9211
f 9471 9470 9211
f 9472 9471 9211
f 9212 9472 9211
f 9473 9472 9212
f 9213 9473 9212
f 9474 9473 9213
f 9215 9474 9213
f 9217 9474 9215
f 9216 9217 9215
f 9475 9474 9217
f 9476 9475 9217
f 9477 9476 9217
f 9220 9477 9217
f 9218 9220 9217
f 9219 9220 9218
f 9478 9477 9220
f 9479 9478 9220
f 9480 9479 9220
f 9223 9480 9220
f 9221 9223 9220
f 9222 9223 9221
f 9481 9480 9223
f 9482 9481 9223
f 9483 9482 9223
f 9224 9483 9223
f 9484 9483 9224
f 9485 9484 9224
f 9226 9485 9224
f 9225 9226 9224
f 9486 9485 9226
f 9487 9486 9226
f 9488 9487 9226
f 9227 9488 9226
f 9228 9230 9227
f 9230 9489 9227
f 9489 9488 9227
f 9315 9489 9229
f 9489 9230 9229
f 9232 9239 9231
f 9490 9239 9232
f 9233 9490 9232
f 9491 9490 9233
f 9492 9491 9233
f 9234 9492 9233
f 9493 9492 9234
f 9235 9493 9234
f 9494 9493 9235
f 9271 9494 9235
f 9264 9271 9235
f 9263 9264 9235
f 9236 9263 9235
f 9495 9251 9237
f 9496 9495 9237
f 9238 9496 9237
f 9497 9496 9238
f 9498 9497 9238
f 9490 9498 9238
f 9239 9490 9238
f 9499 8972 9240
f 9500 9499 9240
f 9501 9500 9240
f 9241 9501 9240
f 9242 9501 9241
f 9502 9501 9242
f 9503 9502 9242
f 9504 9503 9242
f 9245 9504 9242
f 9243 9245 9242
f 9244 9245 9243
f 9505 9504 9245
f 9506 9505 9245
f 9247 9506 9245
f 9246 9247 9245
f 9507 9506 9247
f 9508 9507 9247
f 9509 9508 9247
f 9248 9509 9247
f 9510 9509 9248
f 9249 9510 9248
f 9511 9510 9249
f 9250 9511 9249
f 9495 9511 9250
f 9251 9495 9250
f 9512 9513 9252
f 9513 9514 9252
f 9514 9253 9252
f 9514 9254 9253
f 9514 9515 9254
f 9515 9516 9254
f 9516 9255 9254
f 9516 9256 9255
f 9516 9517 9256
f 9517 9257 9256
f 9517 9518 9257
f 9518 9519 9257
f 9519 9258 9257
f 9519 9520 9258
f 9520 9521 9258
f 9521 9522 9258
f 9522 9259 9258
f 9522 9523 9259
f 9523 9260 9259
f 9523 9265 9260
f 9265 9262 9260
f 9262 9261 9260
f 9523 9524 9265
f 9524 9266 9265
f 9524 9525 9266
f 9525 9267 9266
f 9525 9268 9267
f 9525 9526 9268
f 9526 9269 9268
f 9494 9270 9269
f 9526 9494 9269
f 9494 9271 9270
f 9527 9011 9272
f 9528 9527 9272
f 9529 9528 9272
f 9530 9529 9272
f 9531 9530 9272
f 9273 9531 9272
f 9274 9531 9273
f 9276 9531 9274
f 9275 9276 9274
f 9532 9531 9276
f 9533 9532 9276
f 9277 9533 9276
f 9278 9533 9277
f 9534 9533 9278
f 9535 9534 9278
f 9279 9535 9278
f 9536 9535 9279
f 9537 9536 9279
f 9280 9537 9279
f 9282 9537 9280
f 9281 9282 9280
f 9538 9537 9282
f 9284 9538 9282
f 9283 9284 9282
f 9539 9538 9284
f 9540 9539 9284
f 9285 9540 9284
f 9541 9540 9285
f 9286 9541 9285
f 9542 9541 9286
f 9287 9542 9286
f 9288 9300 9287
f 9300 9542 9287
f 9289 9300 9288
f 9030 9543 9290
f 9543 9544 9290
f 9544 9291 9290
f 9544 9545 9291
f 9545 9293 9291
f 9293 9292 9291
f 9545 9546 9293
f 9546 9294 9293
f 9546 9547 9294
f 9547 9295 9294
f 9547 9548 9295
f 9548 9296 9295
f 9548 9549 9296
f 9549 9297 9296
f 9549 9550 9297
f 9550 9551 9297
f 9551 9552 9297
f 9552 9298 9297
f 9552 9300 9298
f 9300 9299 9298
f 9552 9553 9300
f 9553 9542 9300
f 9466 9554 9302
f 9554 9303 9302
f 9554 9555 9303
f 9555 9305 9303
f 9305 9304 9303
f 9555 9556 9305
f 9556 9306 9305
f 9556 9557 9306
f 9557 9307 9306
f 9557 9558 9307
f 9558 9559 9307
f 9559 9308 9307
f 9559 9560 9308
f 9560 9309 9308
f 9560 9561 9309
f 9561 9310 9309
f 9561 9562 9310
f 9562 9311 9310
f 9562 9563 9311
f 9563 9312 9311
f 9563 9564 9312
f 9564 9313 9312
f 9564 9565 9313
f 9565 9314 9313
f 9565 9564 9314
f 9564 9566 9314
f 9566 9315 9314
f 9566 9564 9315
f 9564 9567 9315
f 9567 9568 9315
f 9568 9489 9315
f 9379 9318 9316
f 9318 9317 9316
f 9379 9569 9318
f 9569 9570 9318
f 9570 9571 9318
f 9571 9319 9318
f 9571 9572 9319
f 9572 9573 9319
f 9573 9322 9319
f 9322 9320 9319
f 9573 9574 9322
f 9574 9575 9322
f 9575 9323 9322
f 9576 9324 9323
f 9576 9445 9324
f 9423 9577 9325
f 9577 9578 9325
f 9578 9326 9325
f 9578 9579 9326
f 9579 9327 9326
f 9579 9328 9327
f 9579 9580 9328
f 9580 9581 9328
f 9581 9582 9328
f 9582 9329 9328
f 9582 9331 9329
f 9331 9330 9329
f 9582 9583 9331
f 9583 9584 9331
f 9584 9332 9331
f 9584 9334 9332
f 9334 9333 9332
f 9584 9585 9334
f 9585 9586 9334
f 9586 9336 9334
f 9336 9335 9334
f 9586 9587 9336
f 9587 9337 9336
f 9587 9588 9337
f 9588 9589 9337
f 9589 9590 9337
f 9590 9338 9337
f 9590 9340 9338
f 9340 9339 9338
f 9590 9591 9340
f 9591 9592 9340
f 9592 9342 9340
f 9342 9341 9340
f 9592 9593 9342
f 9593 9594 9342
f 9594 9595 9342
f 9595 9343 9342
f 9595 9344 9343
f 9595 9596 9344
f 9596 9345 9344
f 9596 9597 9345
f 9597 9346 9345
f 9597 9598 9346
f 9598 9348 9346
f 9348 9347 9346
f 9598 9599 9348
f 9599 9350 9348
f 9350 9349 9348
f 9599 9600 9350
f 9600 9601 9350
f 9601 9602 9350
f 9602 9353 9350
f 9353 9351 9350
f 9353 9352 9351
f 9602 9603 9353
f 9603 9604 9353
f 9604 9605 9353
f 9605 9606 9353
f 9606 9354 9353
f 9606 9607 9354
f 9607 9355 9354
f 9607 9357 9355
f 9357 9356 9355
f 9607 9608 9357
f 9608 9609 9357
f 9609 9358 9357
f 9609 9610 9358
f 9610 9359 9358
f 9610 9611 9359
f 9611 9360 9359
f 9611 9612 9360
f 9612 9361 9360
f 9612 9613 9361
f 9613 9362 9361
f 9613 9614 9362
f 9614 9363 9362
f 9614 9365 9363
f 9365 9364 9363
f 9614 9615 9365
f 9615 9616 9365
f 9616 9617 9365
f 9617 9366 9365
f 9617 9618 9366
f 9618 9367 9366
f 9618 9619 9367
f 9619 9368 9367
f 9619 9620 9368
f 9620 9370 9368
f 9370 9369 9368
f 9620 9621 9370
f 9621 9622 9370
f 9622 9371 9370
f 9622 9623 9371
f 9623 9372 9371
f 9623 9624 9372
f 9624 9373 9372
f 9624 9625 9373
f 9625 9375 9373
f 9375 9374 9373
f 9625 9626 9375
f 9626 9627 9375
f 9627 9377 9375
f 9377 9376 9375
f 9627 9628 9377
f 9628 9569 9377
f 9569 9379 9377
f 9379 9378 9377
f 9385 9629 9381
f 9629 9630 9381
f 9630 9382 9381
f 9630 9383 9382
f 9630 9631 9383
f 9631 9384 9383
f 9631 9632 9384
f 9396 9633 9386
f 9633 9387 9386
f 9633 9388 9387
f 9633 9634 9388
f 9634 9389 9388
f 9634 9635 9389
f 9635 9636 9389
f 9636 9637 9389
f 9637 9390 9389
f 9637 9397 9390
f 9397 9391 9390
f 9384 9632 9392
f 9632 9393 9392
f 9393 9638 9394
f 9638 9639 9394
f 9639 9640 9394
f 9640 9395 9394
f 9640 9641 9395
f 9641 9396 9395
f 9641 9642 9396
f 9642 9633 9396
f 9637 9643 9397
f 9643 9644 9397
f 9644 9399 9397
f 9399 9398 9397
f 9644 9645 9399
f 9645 9400 9399
f 9645 9646 9400
f 9646 9647 9400
f 9647 9402 9400
f 9402 9401 9400
f 9647 9648 9402
f 9648 9649 9402
f 9649 9403 9402
f 9649 9404 9403
f 9649 9650 9404
f 9650 9651 9404
f 9651 9652 9404
f 9652 9406 9404
f 9406 9405 9404
f 9652 9653 9406
f 9653 9654 9406
f 9654 9655 9406
f 9655 9407 9406
f 9655 9656 9407
f 9656 9410 9407
f 9410 9409 9407
f 9409 9408 9407
f 9656 9657 9410
f 9657 9411 9410
f 9657 9414 9411
f 9414 9412 9411
f 9657 9658 9414
f 9658 9415 9414
f 9658 9659 9415
f 9659 9660 9415
f 9660 9661 9415
f 9661 9662 9415
f 9662 9416 9415
f 9662 9417 9416
f 9662 9663 9417
f 9663 9418 9417
f 9663 9420 9418
f 9420 9419 9418
f 9663 9664 9420
f 9664 9665 9420
f 9665 9666 9420
f 9666 9422 9420
f 9422 9421 9420
f 9666 9667 9422
f 9667 9577 9422
f 9577 9423 9422
f 8053 9668 9424
f 9668 9669 9424
f 9669 9670 9424
f 9670 9426 9424
f 9426 9425 9424
f 9670 9671 9426
f 9671 9427 9426
f 9671 9672 9427
f 9672 9428 9427
f 9672 9673 9428
f 9673 9674 9428
f 9674 9675 9428
f 9675 9432 9428
f 9432 9429 9428
f 9432 9430 9429
f 9675 9676 9432
f 9676 9677 9432
f 9677 9433 9432
f 9677 9678 9433
f 9678 9679 9433
f 9679 9434 9433
f 9679 9680 9434
f 9680 9435 9434
f 9680 9681 9435
f 9681 9436 9435
f 9681 9682 9436
f 9682 9683 9436
f 9683 9437 9436
f 9683 9438 9437
f 9683 9684 9438
f 9684 9439 9438
f 9684 9685 9439
f 9685 9686 9439
f 9686 9687 9439
f 9687 9440 9439
f 9687 9688 9440
f 9688 9441 9440
f 9688 9689 9441
f 9689 9442 9441
f 9689 9443 9442
f 9689 9690 9443
f 9690 9691 9443
f 9691 9692 9443
f 9692 9693 9443
f 9693 9181 9443
f 9696 9182 9444
f 9446 9696 9444
f 9697 9696 9446
f 9447 9697 9446
f 9698 9697 9447
f 9699 9698 9447
f 9448 9699 9447
f 9700 9699 9448
f 9449 9700 9448
f 9701 9700 9449
f 9450 9701 9449
f 9452 9701 9450
f 9451 9452 9450
f 9702 9701 9452
f 9703 9702 9452
f 9454 9703 9452
f 9453 9454 9452
f 9704 9703 9454
f 9705 9704 9454
f 9706 9705 9454
f 9455 9706 9454
f 9707 9706 9455
f 9469 9708 9457
f 9708 9709 9457
f 9709 9459 9457
f 9459 9458 9457
f 9709 9710 9459
f 9710 9711 9459
f 9711 9460 9459
f 9711 9461 9460
f 9711 9712 9461
f 9712 9713 9461
f 9713 9714 9461
f 9714 9462 9461
f 9714 9464 9462
f 9464 9463 9462
f 9714 9556 9464
f 9556 9555 9464
f 9555 9554 9464
f 9554 9465 9464
f 9554 9466 9465
f 9470 9715 9467
f 9715 9468 9467
f 9715 9716 9468
f 9716 9708 9468
f 9708 9469 9468
f 9717 9715 9470
f 9718 9717 9470
f 9719 9718 9470
f 9720 9719 9470
f 9472 9720 9470
f 9471 9472 9470
f 9721 9720 9472
f 9473 9721 9472
f 9475 9721 9473
f 9474 9475 9473
f 9722 9721 9475
f 9723 9722 9475
f 9724 9723 9475
f 9476 9724 9475
f 9478 9724 9476
f 9477 9478 9476
f 9725 9724 9478
f 9726 9725 9478
f 9479 9726 9478
f 9481 9726 9479
f 9480 9481 9479
f 9727 9726 9481
f 9728 9727 9481
f 9729 9728 9481
f 9482 9729 9481
f 9730 9729 9482
f 9483 9730 9482
f 9731 9730 9483
f 9484 9731 9483
f 9732 9731 9484
f 9733 9732 9484
f 9486 9733 9484
f 9485 9486 9484
f 9734 9733 9486
f 9735 9734 9486
f 9736 9735 9486
f 9487 9736 9486
f 9488 9737 9487
f 9737 9736 9487
f 9568 9488 9489
f 9738 9498 9490
f 9739 9738 9490
f 9491 9739 9490
f 9740 9739 9491
f 9492 9740 9491
f 9741 9740 9492
f 9493 9741 9492
f 9742 9741 9493
f 9494 9742 9493
f 9743 9742 9494
f 9526 9743 9494
f 9744 9511 9495
f 9496 9744 9495
f 9745 9744 9496
f 9497 9745 9496
f 9746 9745 9497
f 9738 9746 9497
f 9498 9738 9497
f 9748 9747 9499
f 9749 9748 9499
f 9750 9749 9499
f 9500 9750 9499
f 9751 9750 9500
f 9752 9751 9500
f 9501 9752 9500
f 9753 9752 9501
f 9502 9753 9501
f 9754 9753 9502
f 9755 9754 9502
f 9503 9755 9502
f 9505 9755 9503
f 9504 9505 9503
f 9756 9755 9505
f 9757 9756 9505
f 9507 9757 9505
f 9506 9507 9505
f 9758 9757 9507
f 9759 9758 9507
f 9760 9759 9507
f 9761 9760 9507
f 9508 9761 9507
f 9509 9761 9508
f 9762 9761 9509
f 9744 9762 9509
f 9510 9744 9509
f 9511 9744 9510
f 9763 9764 9512
f 9764 9765 9512
f 9765 9513 9512
f 9765 9514 9513
f 9765 9766 9514
f 9766 9515 9514
f 9766 9767 9515
f 9767 9516 9515
f 9767 9768 9516
f 9768 9517 9516
f 9768 9769 9517
f 9769 9518 9517
f 9769 9770 9518
f 9770 9771 9518
f 9771 9772 9518
f 9772 9519 9518
f 9772 9773 9519
f 9773 9520 9519
f 9773 9521 9520
f 9773 9774 9521
f 9774 9775 9521
f 9775 9523 9521
f 9523 9522 9521
f 9775 9776 9523
f 9776 9524 9523
f 9776 9777 9524
f 9777 9525 9524
f 9777 9743 9525
f 9743 9526 9525
f 9778 9011 9527
f 9779 9778 9527
f 9780 9779 9527
f 9528 9780 9527
f 9781 9780 9528
f 9782 9781 9528
f 9783 9782 9528
f 9784 9783 9528
f 9529 9784 9528
f 9530 9784 9529
f 9532 9784 9530
f 9531 9532 9530
f 9785 9784 9532
f 9533 9785 9532
f 9786 9785 9533
f 9787 9786 9533
f 9534 9787 9533
f 9535 9787 9534
f 9788 9787 9535
f 9789 9788 9535
f 9790 9789 9535
f 9536 9790 9535
f 9537 9790 9536
f 9791 9790 9537
f 9792 9791 9537
f 9538 9792 9537
f 9793 9792 9538
f 9794 9793 9538
f 9539 9794 9538
f 9795 9794 9539
f 9540 9795 9539
f 9553 9795 9540
f 9541 9553 9540
f 9542 9553 9541
f 9030 9796 9543
f 9796 9797 9543
f 9797 9798 9543
f 9798 9544 9543
f 9798 9799 9544
f 9799 9800 9544
f 9800 9546 9544
f 9546 9545 9544
f 9800 9801 9546
f 9801 9547 9546
f 9801 9548 9547
f 9801 9802 9548
f 9802 9549 9548
f 9802 9803 9549
f 9803 9550 9549
f 9803 9804 9550
f 9804 9805 9550
f 9805 9806 9550
f 9806 9807 9550
f 9807 9551 9550
f 9807 9553 9551
f 9553 9552 9551
f 9807 9808 9553
f 9808 9809 9553
f 9809 9795 9553
f 9714 9713 9556
f 9713 9557 9556
f 9713 9712 9557
f 9712 9558 9557
f 9712 9810 9558
f 9810 9559 9558
f 9810 9811 9559
f 9811 9812 9559
f 9812 9813 9559
f 9813 9560 9559
f 9813 9814 9560
f 9814 9815 9560
f 9815 9561 9560
f 9815 9563 9561
f 9563 9562 9561
f 9815 9816 9563
f 9816 9567 9563
f 9567 9564 9563
f 9816 9817 9567
f 9817 9568 9567
f 9817 9818 9568
f 9818 9737 9568
f 9737 9488 9568
f 9628 9819 9569
f 9819 9820 9569
f 9820 9821 9569
f 9821 9570 9569
f 9821 9822 9570
f 9822 9571 9570
f 9822 9823 9571
f 9823 9572 9571
f 9823 9824 9572
f 9824 9574 9572
f 9574 9573 9572
f 9824 9825 9574
f 9825 9826 9574
f 9826 9575 9574
f 9826 9827 9575
f 9667 9828 9577
f 9828 9578 9577
f 9828 9829 9578
f 9829 9579 9578
f 9829 9580 9579
f 9829 9830 9580
f 9830 9831 9580
f 9831 9581 9580
f 9831 9832 9581
f 9832 9582 9581
f 9832 9833 9582
f 9833 9583 9582
f 9833 9585 9583
f 9585 9584 9583
f 9833 9834 9585
f 9834 9835 9585
f 9835 9587 9585
f 9587 9586 9585
f 9835 9836 9587
f 9836 9588 9587
f 9836 9837 9588
f 9837 9838 9588
f 9838 9839 9588
f 9839 9589 9588
f 9839 9591 9589
f 9591 9590 9589
f 9839 9840 9591
f 9840 9841 9591
f 9841 9842 9591
f 9842 9592 9591
f 9842 9843 9592
f 9843 9593 9592
f 9843 9844 9593
f 9844 9594 9593
f 9844 9845 9594
f 9845 9595 9594
f 9845 9846 9595
f 9846 9596 9595
f 9846 9847 9596
f 9847 9597 9596
f 9847 9848 9597
f 9848 9599 9597
f 9599 9598 9597
f 9848 9849 9599
f 9849 9600 9599
f 9849 9850 9600
f 9850 9851 9600
f 9851 9601 9600
f 9851 9603 9601
f 9603 9602 9601
f 9851 9852 9603
f 9852 9853 9603
f 9853 9854 9603
f 9854 9604 9603
f 9854 9855 9604
f 9855 9605 9604
f 9855 9856 9605
f 9856 9606 9605
f 9856 9857 9606
f 9857 9608 9606
f 9608 9607 9606
f 9857 9858 9608
f 9858 9859 9608
f 9859 9609 9608
f 9859 9860 9609
f 9860 9610 9609
f 9860 9861 9610
f 9861 9611 9610
f 9861 9862 9611
f 9862 9612 9611
f 9862 9863 9612
f 9863 9613 9612
f 9863 9615 9613
f 9615 9614 9613
f 9863 9864 9615
f 9864 9865 9615
f 9865 9866 9615
f 9866 9616 9615
f 9866 9867 9616
f 9867 9617 9616
f 9867 9868 9617
f 9868 9618 9617
f 9868 9869 9618
f 9869 9619 9618
f 9869 9870 9619
f 9870 9621 9619
f 9621 9620 9619
f 9870 9871 9621
f 9871 9872 9621
f 9872 9622 9621
f 9872 9873 9622
f 9873 9623 9622
f 9873 9874 9623
f 9874 9624 9623
f 9874 9875 9624
f 9875 9626 9624
f 9626 9625 9624
f 9875 9876 9626
f 9876 9877 9626
f 9877 9628 9626
f 9628 9627 9626
f 9877 9878 9628
f 9878 9819 9628
f 9629 9879 9630
f 9879 9631 9630
f 9879 9880 9631
f 9880 9639 9631
f 9631 9639 9632
f 9642 9881 9633
f 9881 9634 9633
f 9881 9882 9634
f 9882 9635 9634
f 9882 9883 9635
f 9883 9884 9635
f 9884 9885 9635
f 9885 9643 9635
f 9643 9636 9635
f 9643 9637 9636
f 9885 9886 9643
f 9886 9645 9643
f 9645 9644 9643
f 9886 9887 9645
f 9887 9888 9645
f 9888 9646 9645
f 9888 9889 9646
f 9889 9890 9646
f 9890 9648 9646
f 9648 9647 9646
f 9890 9891 9648
f 9891 9892 9648
f 9892 9649 9648
f 9892 9650 9649
f 9892 9893 9650
f 9893 9894 9650
f 9894 9895 9650
f 9895 9651 9650
f 9895 9653 9651
f 9653 9652 9651
f 9895 9896 9653
f 9896 9897 9653
f 9897 9898 9653
f 9898 9654 9653
f 9898 9655 9654
f 9898 9899 9655
f 9899 9656 9655
f 9899 9658 9656
f 9658 9657 9656
f 9899 9900 9658
f 9900 9659 9658
f 9900 9901 9659
f 9901 9902 9659
f 9902 9903 9659
f 9903 9660 9659
f 9903 9904 9660
f 9904 9661 9660
f 9904 9905 9661
f 9905 9662 9661
f 9905 9664 9662
f 9664 9663 9662
f 9905 9906 9664
f 9906 9665 9664
f 9906 9907 9665
f 9907 9908 9665
f 9908 9909 9665
f 9909 9666 9665
f 9909 9828 9666
f 9828 9667 9666
f 8053 9910 9668
f 9910 9911 9668
f 9911 9912 9668
f 9912 9913 9668
f 9913 9669 9668
f 9913 9671 9669
f 9671 9670 9669
f 9913 9914 9671
f 9914 9915 9671
f 9915 9916 9671
f 9916 9672 9671
f 9916 9673 9672
f 9916 9917 9673
f 9917 9918 9673
f 9918 9674 9673
f 9918 9919 9674
f 9919 9675 9674
f 9919 9920 9675
f 9920 9676 9675
f 9920 9921 9676
f 9921 9677 9676
f 9921 9922 9677
f 9922 9678 9677
f 9922 9923 9678
f 9923 9924 9678
f 9924 9680 9678
f 9680 9679 9678
f 9924 9925 9680
f 9925 9681 9680
f 9925 9926 9681
f 9926 9682 9681
f 9926 9927 9682
f 9927 9683 9682
f 9927 9928 9683
f 9928 9684 9683
f 9928 9929 9684
f 9929 9685 9684
f 9929 9930 9685
f 9930 9931 9685
f 9931 9932 9685
f 9932 9686 9685
f 9932 9933 9686
f 9933 9687 9686
f 9933 9690 9687
f 9690 9688 9687
f 9690 9689 9688
f 9933 9934 9690
f 9934 9691 9690
f 9934 9935 9691
f 9935 9936 9691
f 9936 9937 9691
f 9937 9938 9691
f 9938 9692 9691
f 9938 9693 9692
f 9827 9826 9694
f 9826 9825 9694
f 9825 9939 9694
f 9939 9695 9694
f 9939 9940 9695
f 9940 9941 9695
f 9941 9942 9695
f 9944 9696 9697
f 9945 9944 9697
f 9698 9945 9697
f 9699 9945 9698
f 9946 9945 9699
f 9947 9946 9699
f 9948 9947 9699
f 9700 9948 9699
f 9702 9948 9700
f 9701 9702 9700
f 9949 9948 9702
f 9950 9949 9702
f 9704 9950 9702
f 9703 9704 9702
f 9951 9950 9704
f 9952 9951 9704
f 9705 9952 9704
f 9953 9952 9705
f 9706 9953 9705
f 9707 9953 9706
f 9954 9953 9707
f 9955 9954 9707
f 9716 9956 9708
f 9956 9957 9708
f 9957 9958 9708
f 9958 9710 9708
f 9710 9709 9708
f 9958 9959 9710
f 9959 9960 9710
f 9960 9961 9710
f 9961 9711 9710
f 9961 9810 9711
f 9810 9712 9711
f 9717 9962 9715
f 9962 9963 9715
f 9963 9964 9715
f 9964 9956 9715
f 9956 9716 9715
f 9965 9962 9717
f 9966 9965 9717
f 9967 9966 9717
f 9718 9967 9717
f 9968 9967 9718
f 9722 9968 9718
f 9719 9722 9718
f 9721 9722 9719
f 9720 9721 9719
f 9969 9968 9722
f 9970 9969 9722
f 9723 9970 9722
f 9725 9970 9723
f 9724 9725 9723
f 9971 9970 9725
f 9972 9971 9725
f 9973 9972 9725
f 9726 9973 9725
f 9727 9973 9726
f 9974 9973 9727
f 9975 9974 9727
f 9728 9975 9727
f 9976 9975 9728
f 9729 9976 9728
f 9977 9976 9729
f 9978 9977 9729
f 9730 9978 9729
f 9979 9978 9730
f 9731 9979 9730
f 9980 9979 9731
f 9732 9980 9731
f 9981 9980 9732
f 9982 9981 9732
f 9734 9982 9732
f 9733 9734 9732
f 9735 9983 9734
f 9983 9984 9734
f 9984 9985 9734
f 9985 9981 9734
f 9981 9982 9734
f 9736 9983 9735
f 9737 9818 9736
f 9818 9983 9736
f 9986 9746 9738
f 9739 9986 9738
f 9987 9986 9739
f 9740 9987 9739
f 9741 9987 9740
f 9988 9987 9741
f 9742 9988 9741
f 9989 9988 9742
f 9743 9989 9742
f 9990 9989 9743
f 9991 9990 9743
f 9777 9991 9743
f 9992 9762 9744
f 9745 9992 9744
f 9993 9992 9745
f 9994 9993 9745
f 9986 9994 9745
f 9746 9986 9745
f 9996 9995 9747
f 9748 9996 9747
f 9997 9996 9748
f 9749 9997 9748
f 9998 9997 9749
f 9999 9998 9749
f 9751 9999 9749
f 9750 9751 9749
f 10000 9999 9751
f 10001 10000 9751
f 9752 10001 9751
f 9753 10001 9752
f 10002 10001 9753
f 10003 10002 9753
f 10004 10003 9753
f 9754 10004 9753
f 9756 10004 9754
f 9755 9756 9754
f 10005 10004 9756
f 10006 10005 9756
f 9758 10006 9756
f 9757 9758 9756
f 10007 10006 9758
f 10008 10007 9758
f 10009 10008 9758
f 10010 10009 9758
f 10011 10010 9758
f 9759 10011 9758
f 10012 10011 9759
f 10013 10012 9759
f 9760 10013 9759
f 9761 10013 9760
f 9992 10013 9761
f 9762 9992 9761
f 10014 10015 9763
f 10015 10016 9763
f 10016 9764 9763
f 10016 9765 9764
f 10016 10017 9765
f 10017 9766 9765
f 10017 10018 9766
f 10018 9767 9766
f 10018 10019 9767
f 10019 9768 9767
f 10019 10020 9768
f 10020 9769 9768
f 10020 10021 9769
f 10021 9770 9769
f 10021 10022 9770
f 10022 10023 9770
f 10023 10024 9770
f 10024 9771 9770
f 10024 10025 9771
f 10025 10026 9771
f 10026 9772 9771
f 10026 9773 9772
f 10026 9775 9773
f 9775 9774 9773
f 10026 9991 9775
f 9991 9776 9775
f 9991 9777 9776
f 10028 10027 9778
f 9779 10028 9778
f 10029 10028 9779
f 9780 10029 9779
f 10030 10029 9780
f 9781 10030 9780
f 10031 10030 9781
f 10032 10031 9781
f 10033 10032 9781
f 10034 10033 9781
f 9782 10034 9781
f 9785 10034 9782
f 9783 9785 9782
f 9784 9785 9783
f 10035 10034 9785
f 10036 10035 9785
f 9786 10036 9785
f 10037 10036 9786
f 9787 10037 9786
f 9788 10037 9787
f 10038 10037 9788
f 10039 10038 9788
f 10040 10039 9788
f 9791 10040 9788
f 9789 9791 9788
f 9790 9791 9789
f 9792 10040 9791
f 10041 10040 9792
f 9809 10041 9792
f 9793 9809 9792
f 9794 9809 9793
f 9795 9809 9794
f 9030 10042 9796
f 10042 10043 9796
f 10043 9797 9796
f 10043 10044 9797
f 10044 10045 9797
f 10045 9798 9797
f 10045 9799 9798
f 10045 10046 9799
f 10046 10047 9799
f 10047 9800 9799
f 10047 9801 9800
f 10047 9802 9801
f 10047 10046 9802
f 10046 10048 9802
f 10048 9804 9802
f 9804 9803 9802
f 10048 10049 9804
f 10049 10050 9804
f 10050 10051 9804
f 10051 9805 9804
f 10051 10050 9805
f 10050 10052 9805
f 10052 10053 9805
f 10053 10054 9805
f 10054 9806 9805
f 10054 9808 9806
f 9808 9807 9806
f 10054 10055 9808
f 10055 9809 9808
f 10056 10041 9809
f 10055 10056 9809
f 9961 10057 9810
f 10057 9811 9810
f 10057 10058 9811
f 10058 10059 9811
f 10059 9813 9811
f 9813 9812 9811
f 10059 10060 9813
f 10060 10061 9813
f 10061 10062 9813
f 10062 9814 9813
f 10062 10063 9814
f 10063 9815 9814
f 10063 9817 9815
f 9817 9816 9815
f 10063 10064 9817
f 10064 9818 9817
f 10064 10065 9818
f 10065 9983 9818
f 9878 10066 9819
f 10066 10067 9819
f 10067 9820 9819
f 10067 10068 9820
f 10068 10069 9820
f 10069 9821 9820
f 10069 9822 9821
f 10069 9823 9822
f 10069 10070 9823
f 10070 10071 9823
f 10071 10072 9823
f 10072 9825 9823
f 9825 9824 9823
f 10072 10073 9825
f 10073 10074 9825
f 10074 9939 9825
f 9909 10075 9828
f 10075 10076 9828
f 10076 10077 9828
f 10077 9829 9828
f 10077 10078 9829
f 10078 10079 9829
f 10079 10080 9829
f 10080 9830 9829
f 10080 10081 9830
f 10081 9831 9830
f 10081 10082 9831
f 10082 9832 9831
f 10082 9834 9832
f 9834 9833 9832
f 10082 10083 9834
f 10083 10084 9834
f 10084 9836 9834
f 9836 9835 9834
f 10084 10085 9836
f 10085 9837 9836
f 10085 10086 9837
f 10086 10087 9837
f 10087 10088 9837
f 10088 9838 9837
f 10088 9840 9838
f 9840 9839 9838
f 10088 10089 9840
f 10089 10090 9840
f 10090 10091 9840
f 10091 9842 9840
f 9842 9841 9840
f 10091 10092 9842
f 10092 10093 9842
f 10093 10094 9842
f 10094 9843 9842
f 10094 10095 9843
f 10095 9844 9843
f 10095 10096 9844
f 10096 9845 9844
f 10096 10097 9845
f 10097 9846 9845
f 10097 10098 9846
f 10098 9847 9846
f 10098 9849 9847
f 9849 9848 9847
f 10098 10099 9849
f 10099 10100 9849
f 10100 10101 9849
f 10101 9850 9849
f 10101 9852 9850
f 9852 9851 9850
f 10101 10102 9852
f 10102 10103 9852
f 10103 10104 9852
f 10104 9853 9852
f 10104 10105 9853
f 10105 9854 9853
f 10105 10106 9854
f 10106 10107 9854
f 10107 9855 9854
f 10107 10108 9855
f 10108 9856 9855
f 10108 9858 9856
f 9858 9857 9856
f 10108 10109 9858
f 10109 10110 9858
f 10110 9859 9858
f 10110 10111 9859
f 10111 9860 9859
f 10111 10112 9860
f 10112 9861 9860
f 10112 10113 9861
f 10113 9862 9861
f 10113 9864 9862
f 9864 9863 9862
f 10113 10114 9864
f 10114 10115 9864
f 10115 10116 9864
f 10116 9865 9864
f 10116 10117 9865
f 10117 9866 9865
f 10117 10118 9866
f 10118 9867 9866
f 10118 10119 9867
f 10119 9868 9867
f 10119 10120 9868
f 10120 9869 9868
f 10120 10121 9869
f 10121 9871 9869
f 9871 9870 9869
f 10121 10122 9871
f 10122 10123 9871
f 10123 9873 9871
f 9873 9872 9871
f 10123 10124 9873
f 10124 9874 9873
f 10124 10125 9874
f 10125 10126 9874
f 10126 9876 9874
f 9876 9875 9874
f 10126 10127 9876
f 10127 9878 9876
f 9878 9877 9876
f 10127 10128 9878
f 10128 10129 9878
f 10129 10066 9878
f 10131 10130 9883
f 10130 10132 9883
f 10132 9884 9883
f 10132 9885 9884
f 10132 10133 9885
f 10133 10134 9885
f 10134 9887 9885
f 9887 9886 9885
f 10134 10135 9887
f 10135 9888 9887
f 10135 10136 9888
f 10136 10137 9888
f 10137 9889 9888
f 10137 10138 9889
f 10138 9892 9889
f 9892 9891 9889
f 9891 9890 9889
f 10138 10139 9892
f 10139 9893 9892
f 10139 10140 9893
f 10140 10141 9893
f 10141 10142 9893
f 10142 10143 9893
f 10143 9894 9893
f 10143 9895 9894
f 10143 10144 9895
f 10144 9896 9895
f 10144 10145 9896
f 10145 9897 9896
f 10145 10146 9897
f 10146 9898 9897
f 10146 9900 9898
f 9900 9899 9898
f 10146 10147 9900
f 10147 9901 9900
f 10147 10148 9901
f 10148 10149 9901
f 10149 10150 9901
f 10150 10151 9901
f 10151 9902 9901
f 10151 10152 9902
f 10152 9903 9902
f 10152 9904 9903
f 10152 9906 9904
f 9906 9905 9904
f 10152 10153 9906
f 10153 9907 9906
f 10153 10154 9907
f 10154 10155 9907
f 10155 10156 9907
f 10156 9908 9907
f 10156 10075 9908
f 10075 9909 9908
f 8053 10157 9910
f 10157 10158 9910
f 10158 10159 9910
f 10159 10160 9910
f 10160 9911 9910
f 10160 10161 9911
f 10161 10162 9911
f 10162 10163 9911
f 10163 10164 9911
f 10164 9912 9911
f 10164 9914 9912
f 9914 9913 9912
f 10164 10163 9914
f 10163 10165 9914
f 10165 9915 9914
f 10165 10166 9915
f 10166 9916 9915
f 10166 10167 9916
f 10167 10168 9916
f 10168 10169 9916
f 10169 10170 9916
f 10170 9917 9916
f 10170 9919 9917
f 9919 9918 9917
f 10170 10171 9919
f 10171 10120 9919
f 10120 9920 9919
f 10120 10172 9920
f 10172 9921 9920
f 10172 10173 9921
f 10173 9922 9921
f 10173 10174 9922
f 10174 9923 9922
f 10174 10175 9923
f 10175 10176 9923
f 10176 9925 9923
f 9925 9924 9923
f 10176 10177 9925
f 10177 9926 9925
f 10177 10178 9926
f 10178 9928 9926
f 9928 9927 9926
f 10178 10179 9928
f 10179 10180 9928
f 10180 10181 9928
f 10181 9929 9928
f 10181 10182 9929
f 10182 9930 9929
f 10182 10183 9930
f 10183 10184 9930
f 10184 10185 9930
f 10185 10186 9930
f 10186 9931 9930
f 10186 9932 9931
f 10186 10187 9932
f 10187 9934 9932
f 9934 9933 9932
f 10187 10188 9934
f 10188 9935 9934
f 10188 10189 9935
f 10189 10190 9935
f 10190 10191 9935
f 10191 9936 9935
f 10191 9937 9936
f 10191 10192 9937
f 10192 9938 9937
f 10192 9693 9938
f 10074 10193 9939
f 10193 9941 9939
f 9941 9940 9939
f 10193 10194 9941
f 10194 10195 9941
f 10195 10196 9941
f 10196 9943 9941
f 9943 9942 9941
f 10196 10197 9943
f 9946 10198 9944
f 9945 9946 9944
f 10199 10198 9946
f 10200 10199 9946
f 9948 10200 9946
f 9947 9948 9946
f 10201 10200 9948
f 9950 10201 9948
f 9949 9950 9948
f 10202 10201 9950
f 10203 10202 9950
f 10204 10203 9950
f 10205 10204 9950
f 9951 10205 9950
f 10206 10205 9951
f 9954 10206 9951
f 9952 9954 9951
f 9953 9954 9952
f 10207 10206 9954
f 10208 10207 9954
f 9955 10208 9954
f 10209 10208 9955
f 10210 10209 9955
f 9964 10211 9956
f 10211 9957 9956
f 10211 10212 9957
f 10212 10213 9957
f 10213 9959 9957
f 9959 9958 9957
f 10213 10214 9959
f 10214 10057 9959
f 10057 9960 9959
f 10057 9961 9960
f 9965 10215 9962
f 10215 10216 9962
f 10216 10217 9962
f 10217 10218 9962
f 10218 10219 9962
f 10219 9963 9962
f 10219 10220 9963
f 10220 10211 9963
f 10211 9964 9963
f 10221 10215 9965
f 10222 10221 9965
f 10223 10222 9965
f 9966 10223 9965
f 10224 10223 9966
f 9967 10224 9966
f 10225 10224 9967
f 9969 10225 9967
f 9968 9969 9967
f 9971 10225 9969
f 9970 9971 9969
f 10226 10225 9971
f 10227 10226 9971
f 9974 10227 9971
f 9972 9974 9971
f 9973 9974 9972
f 10228 10227 9974
f 10229 10228 9974
f 9975 10229 9974
f 10230 10229 9975
f 9977 10230 9975
f 9976 9977 9975
f 10231 10230 9977
f 10232 10231 9977
f 10233 10232 9977
f 10234 10233 9977
f 9978 10234 9977
f 9979 10234 9978
f 10235 10234 9979
f 9980 10235 9979
f 10236 10235 9980
f 10237 10236 9980
f 9981 10237 9980
f 10238 10237 9981
f 10239 10238 9981
f 9985 10239 9981
f 10065 10240 9983
f 10240 9984 9983
f 10240 10239 9984
f 10239 9985 9984
f 10241 9994 9986
f 10242 10241 9986
f 9987 10242 9986
f 10243 10242 9987
f 9988 10243 9987
f 10244 10243 9988
f 10245 10244 9988
f 9989 10245 9988
f 9990 10245 9989
f 9991 10025 9990
f 10025 10245 9990
f 10026 10025 9991
f 10246 10013 9992
f 9993 10246 9992
f 10247 10246 9993
f 10248 10247 9993
f 10241 10248 9993
f 9994 10241 9993
f 10250 10249 9995
f 10251 10250 9995
f 9996 10251 9995
f 10252 10251 9996
f 10253 10252 9996
f 9997 10253 9996
f 10254 10253 9997
f 9998 10254 9997
f 10255 10254 9998
f 10000 10255 9998
f 9999 10000 9998
f 10256 10255 10000
f 10001 10256 10000
f 10257 10256 10001
f 10258 10257 10001
f 10002 10258 10001
f 10259 10258 10002
f 10260 10259 10002
f 10004 10260 10002
f 10003 10004 10002
f 10261 10260 10004
f 10005 10261 10004
f 10262 10261 10005
f 10007 10262 10005
f 10006 10007 10005
f 10263 10262 10007
f 10008 10263 10007
f 10009 10263 10008
f 10264 10263 10009
f 10265 10264 10009
f 10266 10265 10009
f 10010 10266 10009
f 10267 10266 10010
f 10011 10267 10010
f 10268 10267 10011
f 10012 10268 10011
f 10246 10268 10012
f 10013 10246 10012
f 10269 10270 10014
f 10270 10271 10014
f 10271 10015 10014
f 10271 10272 10015
f 10272 10016 10015
f 10272 10273 10016
f 10273 10274 10016
f 10274 10017 10016
f 10274 10018 10017
f 10274 10275 10018
f 10275 10276 10018
f 10276 10019 10018
f 10276 10020 10019
f 10276 10277 10020
f 10277 10021 10020
f 10277 10278 10021
f 10278 10022 10021
f 10278 10279 10022
f 10279 10280 10022
f 10280 10281 10022
f 10281 10282 10022
f 10282 10023 10022
f 10282 10024 10023
f 10282 10245 10024
f 10245 10025 10024
f 10283 10027 10028
f 10284 10283 10028
f 10029 10284 10028
f 10285 10284 10029
f 10030 10285 10029
f 10286 10285 10030
f 10031 10286 10030
f 10287 10286 10031
f 10288 10287 10031
f 10289 10288 10031
f 10032 10289 10031
f 10290 10289 10032
f 10035 10290 10032
f 10033 10035 10032
f 10034 10035 10033
f 10291 10290 10035
f 10292 10291 10035
f 10036 10292 10035
f 10037 10292 10036
f 10293 10292 10037
f 10038 10293 10037
f 10294 10293 10038
f 10295 10294 10038
f 10056 10295 10038
f 10039 10056 10038
f 10041 10056 10039
f 10040 10041 10039
f 10297 10296 10042
f 10296 10298 10042
f 10298 10043 10042
f 10298 10044 10043
f 10298 10299 10044
f 10299 10045 10044
f 10299 10300 10045
f 10300 10301 10045
f 10301 10049 10045
f 10049 10046 10045
f 10049 10048 10046
f 10301 10302 10049
f 10302 10303 10049
f 10303 10050 10049
f 10303 10304 10050
f 10304 10052 10050
f 10304 10305 10052
f 10305 10306 10052
f 10306 10307 10052
f 10307 10053 10052
f 10307 10308 10053
f 10308 10055 10053
f 10055 10054 10053
f 10295 10056 10055
f 10308 10295 10055
f 10214 10309 10057
f 10309 10058 10057
f 10309 10310 10058
f 10310 10311 10058
f 10311 10060 10058
f 10060 10059 10058
f 10311 10312 10060
f 10312 10313 10060
f 10313 10314 10060
f 10314 10061 10060
f 10314 10315 10061
f 10315 10062 10061
f 10315 10064 10062
f 10064 10063 10062
f 10315 10316 10064
f 10316 10065 10064
f 10316 10317 10065
f 10317 10240 10065
f 10129 10318 10066
f 10318 10067 10066
f 10318 10319 10067
f 10319 10068 10067
f 10319 10070 10068
f 10070 10069 10068
f 10319 10320 10070
f 10320 10321 10070
f 10321 10322 10070
f 10322 10071 10070
f 10322 10323 10071
f 10323 10072 10071
f 10323 10324 10072
f 10324 10073 10072
f 10324 10325 10073
f 10325 10074 10073
f 10325 10326 10074
f 10326 10194 10074
f 10194 10193 10074
f 10156 10327 10075
f 10327 10328 10075
f 10328 10329 10075
f 10329 10076 10075
f 10329 10077 10076
f 10329 10330 10077
f 10330 10078 10077
f 10330 10331 10078
f 10331 10332 10078
f 10332 10079 10078
f 10332 10333 10079
f 10333 10080 10079
f 10333 10081 10080
f 10333 10334 10081
f 10334 10335 10081
f 10335 10083 10081
f 10083 10082 10081
f 10335 10336 10083
f 10336 10337 10083
f 10337 10085 10083
f 10085 10084 10083
f 10337 10338 10085
f 10338 10339 10085
f 10339 10086 10085
f 10339 10340 10086
f 10340 10341 10086
f 10341 10089 10086
f 10089 10087 10086
f 10089 10088 10087
f 10341 10342 10089
f 10342 10343 10089
f 10343 10344 10089
f 10344 10090 10089
f 10344 10092 10090
f 10092 10091 10090
f 10344 10345 10092
f 10345 10346 10092
f 10346 10347 10092
f 10347 10094 10092
f 10094 10093 10092
f 10347 10348 10094
f 10348 10349 10094
f 10349 10350 10094
f 10350 10096 10094
f 10096 10095 10094
f 10350 10351 10096
f 10351 10352 10096
f 10352 10353 10096
f 10353 10354 10096
f 10354 10097 10096
f 10354 10099 10097
f 10099 10098 10097
f 10354 10353 10099
f 10353 10355 10099
f 10355 10356 10099
f 10356 10357 10099
f 10357 10101 10099
f 10101 10100 10099
f 10357 10358 10101
f 10358 10102 10101
f 10358 10359 10102
f 10359 10360 10102
f 10360 10103 10102
f 10360 10361 10103
f 10361 10104 10103
f 10361 10362 10104
f 10362 10105 10104
f 10362 10363 10105
f 10363 10106 10105
f 10363 10364 10106
f 10364 10107 10106
f 10364 10365 10107
f 10365 10109 10107
f 10109 10108 10107
f 10365 10366 10109
f 10366 10367 10109
f 10367 10110 10109
f 10367 10368 10110
f 10368 10111 10110
f 10368 10369 10111
f 10369 10112 10111
f 10369 10114 10112
f 10114 10113 10112
f 10369 10370 10114
f 10370 10179 10114
f 10179 10371 10114
f 10371 10115 10114
f 10371 10175 10115
f 10175 10116 10115
f 10175 10174 10116
f 10174 10117 10116
f 10174 10173 10117
f 10173 10118 10117
f 10173 10172 10118
f 10172 10119 10118
f 10172 10120 10119
f 10171 10372 10120
f 10372 10122 10120
f 10122 10121 10120
f 10372 10171 10122
f 10171 10170 10122
f 10170 10373 10122
f 10373 10124 10122
f 10124 10123 10122
f 10373 10374 10124
f 10374 10125 10124
f 10374 10168 10125
f 10168 10167 10125
f 10167 10375 10125
f 10375 10376 10125
f 10376 10126 10125
f 10376 10377 10126
f 10377 10127 10126
f 10377 10378 10127
f 10378 10128 10127
f 10378 10379 10128
f 10379 10129 10128
f 10379 10380 10129
f 10380 10318 10129
f 10131 10133 10130
f 10133 10132 10130
f 10131 10381 10133
f 10381 10135 10133
f 10135 10134 10133
f 10381 10382 10135
f 10382 10383 10135
f 10383 10136 10135
f 10383 10384 10136
f 10384 10385 10136
f 10385 10137 10136
f 10385 10386 10137
f 10386 10387 10137
f 10387 10139 10137
f 10139 10138 10137
f 10387 10388 10139
f 10388 10389 10139
f 10389 10140 10139
f 10389 10390 10140
f 10390 10391 10140
f 10391 10141 10140
f 10391 10392 10141
f 10392 10393 10141
f 10393 10142 10141
f 10393 10144 10142
f 10144 10143 10142
f 10393 10394 10144
f 10394 10145 10144
f 10394 10395 10145
f 10395 10396 10145
f 10396 10148 10145
f 10148 10147 10145
f 10147 10146 10145
f 10396 10397 10148
f 10397 10398 10148
f 10398 10399 10148
f 10399 10149 10148
f 10399 10400 10149
f 10400 10150 10149
f 10400 10401 10150
f 10401 10151 10150
f 10401 10153 10151
f 10153 10152 10151
f 10401 10154 10153
f 10401 10402 10154
f 10402 10403 10154
f 10403 10404 10154
f 10404 10327 10154
f 10327 10155 10154
f 10327 10156 10155
f 8053 10405 10157
f 10405 10406 10157
f 10406 10158 10157
f 10406 10407 10158
f 10407 10408 10158
f 10408 10409 10158
f 10409 10161 10158
f 10161 10159 10158
f 10161 10160 10159
f 10409 10410 10161
f 10410 10411 10161
f 10411 10412 10161
f 10412 10413 10161
f 10413 10414 10161
f 10414 10162 10161
f 10414 10165 10162
f 10165 10163 10162
f 10414 10413 10165
f 10413 10412 10165
f 10412 10415 10165
f 10415 10166 10165
f 10415 10375 10166
f 10375 10167 10166
f 10374 10373 10168
f 10373 10169 10168
f 10373 10170 10169
f 10371 10177 10175
f 10177 10176 10175
f 10371 10179 10177
f 10179 10178 10177
f 10370 10181 10179
f 10181 10180 10179
f 10370 10416 10181
f 10416 10417 10181
f 10417 10183 10181
f 10183 10182 10181
f 10417 10418 10183
f 10418 10419 10183
f 10419 10420 10183
f 10420 10421 10183
f 10421 10184 10183
f 10421 10422 10184
f 10422 10185 10184
f 10422 10188 10185
f 10188 10186 10185
f 10188 10187 10186
f 10422 10423 10188
f 10423 10189 10188
f 10423 10424 10189
f 10424 10425 10189
f 10425 10426 10189
f 10426 10190 10189
f 10426 10427 10190
f 10427 10191 10190
f 10427 10428 10191
f 10428 10429 10191
f 10429 10192 10191
f 10429 9693 10192
f 10326 10430 10194
f 10430 10195 10194
f 10430 10431 10195
f 10431 10196 10195
f 10431 10432 10196
f 10432 10433 10196
f 10433 10197 10196
f 10434 10198 10199
f 10435 10434 10199
f 10201 10435 10199
f 10200 10201 10199
f 10436 10435 10201
f 10203 10436 10201
f 10202 10203 10201
f 10437 10436 10203
f 10438 10437 10203
f 10439 10438 10203
f 10205 10439 10203
f 10204 10205 10203
f 10440 10439 10205
f 10441 10440 10205
f 10207 10441 10205
f 10206 10207 10205
f 10442 10441 10207
f 10443 10442 10207
f 10208 10443 10207
f 10209 10210 10208
f 10220 10447 10211
f 10447 10212 10211
f 10447 10310 10212
f 10310 10309 10212
f 10309 10214 10212
f 10214 10213 10212
f 10221 10448 10215
f 10448 10449 10215
f 10449 10450 10215
f 10450 10451 10215
f 10451 10452 10215
f 10452 10216 10215
f 10452 10217 10216
f 10452 10453 10217
f 10453 10454 10217
f 10454 10455 10217
f 10455 10218 10217
f 10455 10456 10218
f 10456 10457 10218
f 10457 10219 10218
f 10457 10220 10219
f 10457 10458 10220
f 10458 10447 10220
f 10459 10448 10221
f 10460 10459 10221
f 10461 10460 10221
f 10222 10461 10221
f 10462 10461 10222
f 10223 10462 10222
f 10463 10462 10223
f 10224 10463 10223
f 10226 10463 10224
f 10225 10226 10224
f 10228 10463 10226
f 10227 10228 10226
f 10464 10463 10228
f 10465 10464 10228
f 10466 10465 10228
f 10229 10466 10228
f 10231 10466 10229
f 10230 10231 10229
f 10467 10466 10231
f 10468 10467 10231
f 10469 10468 10231
f 10232 10469 10231
f 10234 10469 10232
f 10233 10234 10232
f 10470 10469 10234
f 10471 10470 10234
f 10235 10471 10234
f 10236 10471 10235
f 10472 10471 10236
f 10237 10472 10236
f 10238 10473 10237
f 10473 10474 10237
f 10474 10475 10237
f 10475 10472 10237
f 10239 10476 10238
f 10476 10473 10238
f 10240 10476 10239
f 10317 10476 10240
f 10477 10248 10241
f 10242 10477 10241
f 10478 10477 10242
f 10479 10478 10242
f 10243 10479 10242
f 10282 10479 10243
f 10244 10282 10243
f 10245 10282 10244
f 10247 10268 10246
f 10480 10268 10247
f 10481 10480 10247
f 10477 10481 10247
f 10248 10477 10247
f 10483 10482 10249
f 10484 10483 10249
f 10250 10484 10249
f 10485 10484 10250
f 10486 10485 10250
f 10487 10486 10250
f 10252 10487 10250
f 10251 10252 10250
f 10488 10487 10252
f 10253 10488 10252
f 10489 10488 10253
f 10254 10489 10253
f 10490 10489 10254
f 10491 10490 10254
f 10256 10491 10254
f 10255 10256 10254
f 10492 10491 10256
f 10493 10492 10256
f 10257 10493 10256
f 10494 10493 10257
f 10258 10494 10257
f 10495 10494 10258
f 10496 10495 10258
f 10497 10496 10258
f 10259 10497 10258
f 10261 10497 10259
f 10260 10261 10259
f 10498 10497 10261
f 10499 10498 10261
f 10263 10499 10261
f 10262 10263 10261
f 10500 10499 10263
f 10264 10500 10263
f 10501 10500 10264
f 10502 10501 10264
f 10503 10502 10264
f 10504 10503 10264
f 10265 10504 10264
f 10266 10504 10265
f 10503 10504 10266
f 10505 10503 10266
f 10506 10505 10266
f 10507 10506 10266
f 10267 10507 10266
f 10480 10507 10267
f 10268 10480 10267
f 10508 10509 10269
f 10509 10270 10269
f 10509 10271 10270
f 10509 10510 10271
f 10510 10272 10271
f 10510 10511 10272
f 10511 10273 10272
f 10511 10512 10273
f 10512 10274 10273
f 10512 10513 10274
f 10513 10275 10274
f 10513 10514 10275
f 10514 10276 10275
f 10514 10515 10276
f 10515 10277 10276
f 10515 10516 10277
f 10516 10278 10277
f 10516 10517 10278
f 10517 10279 10278
f 10517 10518 10279
f 10518 10519 10279
f 10519 10520 10279
f 10520 10521 10279
f 10521 10280 10279
f 10521 10281 10280
f 10521 10479 10281
f 10479 10282 10281
f 10522 10027 10283
f 10523 10522 10283
f 10284 10523 10283
f 10524 10523 10284
f 10285 10524 10284
f 10525 10524 10285
f 10286 10525 10285
f 10526 10525 10286
f 10287 10526 10286
f 10527 10526 10287
f 10528 10527 10287
f 10529 10528 10287
f 10288 10529 10287
f 10289 10529 10288
f 10291 10529 10289
f 10290 10291 10289
f 10530 10529 10291
f 10292 10530 10291
f 10531 10530 10292
f 10532 10531 10292
f 10293 10532 10292
f 10533 10532 10293
f 10294 10533 10293
f 10305 10533 10294
f 10306 10305 10294
f 10295 10308 10294
f 10297 10534 10296
f 10534 10299 10296
f 10299 10298 10296
f 10534 10535 10299
f 10535 10536 10299
f 10536 10300 10299
f 10536 10537 10300
f 10537 10538 10300
f 10538 10303 10300
f 10303 10539 10300
f 10539 10301 10300
f 10539 10302 10301
f 10539 10303 10302
f 10538 10540 10303
f 10540 10304 10303
f 10540 10541 10304
f 10541 10542 10304
f 10542 10543 10304
f 10543 10305 10304
f 10543 10544 10305
f 10544 10533 10305
f 10294 10308 10306
f 10308 10307 10306
f 10447 10458 10310
f 10458 10545 10310
f 10545 10312 10310
f 10312 10311 10310
f 10545 10546 10312
f 10546 10547 10312
f 10547 10548 10312
f 10548 10313 10312
f 10548 10549 10313
f 10549 10314 10313
f 10549 10316 10314
f 10316 10315 10314
f 10549 10550 10316
f 10550 10551 10316
f 10551 10317 10316
f 10551 10552 10317
f 10552 10476 10317
f 10380 10320 10318
f 10320 10319 10318
f 10380 10553 10320
f 10553 10554 10320
f 10554 10555 10320
f 10555 10321 10320
f 10555 10556 10321
f 10556 10322 10321
f 10556 10557 10322
f 10557 10323 10322
f 10557 10558 10323
f 10558 10324 10323
f 10558 10559 10324
f 10559 10325 10324
f 10559 10560 10325
f 10560 10430 10325
f 10430 10326 10325
f 10404 10561 10327
f 10561 10562 10327
f 10562 10328 10327
f 10562 10329 10328
f 10562 10563 10329
f 10563 10330 10329
f 10563 10564 10330
f 10564 10565 10330
f 10565 10566 10330
f 10566 10331 10330
f 10566 10567 10331
f 10567 10333 10331
f 10333 10332 10331
f 10567 10568 10333
f 10568 10334 10333
f 10568 10569 10334
f 10569 10336 10334
f 10336 10335 10334
f 10569 10570 10336
f 10570 10571 10336
f 10571 10338 10336
f 10338 10337 10336
f 10571 10572 10338
f 10572 10339 10338
f 10572 10573 10339
f 10573 10574 10339
f 10574 10575 10339
f 10575 10340 10339
f 10575 10342 10340
f 10342 10341 10340
f 10575 10576 10342
f 10576 10577 10342
f 10577 10578 10342
f 10578 10344 10342
f 10344 10343 10342
f 10578 10345 10344
f 10578 10579 10345
f 10579 10580 10345
f 10580 10581 10345
f 10581 10348 10345
f 10348 10346 10345
f 10348 10347 10346
f 10581 10582 10348
f 10582 10583 10348
f 10583 10584 10348
f 10584 10585 10348
f 10585 10349 10348
f 10585 10350 10349
f 10585 10584 10350
f 10584 10351 10350
f 10584 10586 10351
f 10586 10587 10351
f 10587 10352 10351
f 10587 10355 10352
f 10355 10353 10352
f 10587 10588 10355
f 10588 10589 10355
f 10589 10590 10355
f 10590 10358 10355
f 10358 10356 10355
f 10358 10357 10356
f 10590 10591 10358
f 10591 10592 10358
f 10592 10359 10358
f 10592 10593 10359
f 10593 10360 10359
f 10593 10594 10360
f 10594 10361 10360
f 10594 10595 10361
f 10595 10362 10361
f 10595 10596 10362
f 10596 10363 10362
f 10596 10597 10363
f 10597 10364 10363
f 10597 10598 10364
f 10598 10366 10364
f 10366 10365 10364
f 10598 10599 10366
f 10599 10600 10366
f 10600 10367 10366
f 10600 10416 10367
f 10416 10368 10367
f 10416 10370 10368
f 10370 10369 10368
f 10415 10601 10375
f 10601 10377 10375
f 10377 10376 10375
f 10601 10602 10377
f 10602 10378 10377
f 10602 10603 10378
f 10603 10379 10378
f 10603 10553 10379
f 10553 10380 10379
f 10131 10382 10381
f 10131 10604 10382
f 10604 10383 10382
f 10604 10605 10383
f 10605 10606 10383
f 10606 10384 10383
f 10606 10607 10384
f 10607 10385 10384
f 10607 10386 10385
f 10607 10608 10386
f 10608 10609 10386
f 10609 10388 10386
f 10388 10387 10386
f 10609 10610 10388
f 10610 10389 10388
f 10610 10611 10389
f 10611 10612 10389
f 10612 10613 10389
f 10613 10614 10389
f 10614 10390 10389
f 10614 10391 10390
f 10614 10615 10391
f 10615 10616 10391
f 10616 10392 10391
f 10616 10393 10392
f 10616 10395 10393
f 10395 10394 10393
f 10616 10617 10395
f 10617 10618 10395
f 10618 10397 10395
f 10397 10396 10395
f 10618 10619 10397
f 10619 10620 10397
f 10620 10621 10397
f 10621 10398 10397
f 10621 10622 10398
f 10622 10400 10398
f 10400 10399 10398
f 10622 10623 10400
f 10623 10624 10400
f 10624 10402 10400
f 10402 10401 10400
f 10624 10625 10402
f 10625 10626 10402
f 10626 10627 10402
f 10627 10561 10402
f 10561 10403 10402
f 10561 10404 10403
f 10629 10628 10405
f 10628 10407 10405
f 10407 10406 10405
f 10628 10630 10407
f 10630 10631 10407
f 10631 10632 10407
f 10632 10633 10407
f 10633 10408 10407
f 10633 10410 10408
f 10410 10409 10408
f 10633 10603 10410
f 10603 10634 10410
f 10634 10635 10410
f 10635 10415 10410
f 10415 10411 10410
f 10415 10412 10411
f 10635 10601 10415
f 10600 10418 10416
f 10418 10417 10416
f 10600 10599 10418
f 10599 10636 10418
f 10636 10637 10418
f 10637 10419 10418
f 10637 10638 10419
f 10638 10639 10419
f 10639 10420 10419
f 10639 10421 10420
f 10639 10423 10421
f 10423 10422 10421
f 10639 10640 10423
f 10640 10424 10423
f 10640 10641 10424
f 10641 10642 10424
f 10642 10643 10424
f 10643 10425 10424
f 10643 10644 10425
f 10644 10426 10425
f 10644 10645 10426
f 10645 10427 10426
f 10645 10428 10427
f 10645 10646 10428
f 10646 10429 10428
f 10560 10647 10430
f 10647 10648 10430
f 10648 10649 10430
f 10649 10431 10430
f 10649 10650 10431
f 10650 10432 10431
f 10650 10651 10432
f 10651 10433 10432
f 10651 10652 10433
f 10652 10653 10433
f 10654 10198 10434
f 10655 10654 10434
f 10656 10655 10434
f 10436 10656 10434
f 10435 10436 10434
f 10657 10656 10436
f 10437 10657 10436
f 10658 10657 10437
f 10659 10658 10437
f 10440 10659 10437
f 10438 10440 10437
f 10439 10440 10438
f 10660 10659 10440
f 10661 10660 10440
f 10662 10661 10440
f 10663 10662 10440
f 10442 10663 10440
f 10441 10442 10440
f 10664 10663 10442
f 10665 10664 10442
f 10443 10665 10442
f 10666 10665 10443
f 10445 10667 10444
f 10667 10668 10444
f 10668 10669 10444
f 10669 10670 10444
f 10446 10672 10445
f 10672 10673 10445
f 10673 10667 10445
f 10653 10652 10446
f 10652 10672 10446
f 10459 10674 10448
f 10674 10675 10448
f 10675 10676 10448
f 10676 10677 10448
f 10677 10449 10448
f 10677 10450 10449
f 10677 10451 10450
f 10677 10678 10451
f 10678 10452 10451
f 10678 10453 10452
f 10678 10679 10453
f 10679 10680 10453
f 10680 10681 10453
f 10681 10455 10453
f 10455 10454 10453
f 10681 10682 10455
f 10682 10683 10455
f 10683 10458 10455
f 10458 10456 10455
f 10458 10457 10456
f 10683 10546 10458
f 10546 10545 10458
f 10684 10674 10459
f 10685 10684 10459
f 10686 10685 10459
f 10687 10686 10459
f 10688 10687 10459
f 10461 10688 10459
f 10460 10461 10459
f 10689 10688 10461
f 10690 10689 10461
f 10462 10690 10461
f 10463 10690 10462
f 10464 10690 10463
f 10691 10690 10464
f 10692 10691 10464
f 10693 10692 10464
f 10465 10693 10464
f 10467 10693 10465
f 10466 10467 10465
f 10694 10693 10467
f 10695 10694 10467
f 10696 10695 10467
f 10468 10696 10467
f 10697 10696 10468
f 10469 10697 10468
f 10698 10697 10469
f 10699 10698 10469
f 10700 10699 10469
f 10470 10700 10469
f 10701 10700 10470
f 10471 10701 10470
f 10472 10701 10471
f 10475 10702 10472
f 10702 10701 10472
f 10476 10552 10473
f 10552 10703 10473
f 10703 10704 10473
f 10704 10474 10473
f 10704 10705 10474
f 10705 10475 10474
f 10705 10706 10475
f 10706 10702 10475
f 10707 10481 10477
f 10478 10707 10477
f 10521 10707 10478
f 10479 10521 10478
f 10708 10507 10480
f 10709 10708 10480
f 10707 10709 10480
f 10481 10707 10480
f 10483 10710 10482
f 10710 10711 10482
f 10711 10712 10482
f 10712 10713 10482
f 10714 10710 10483
f 10715 10714 10483
f 10716 10715 10483
f 10485 10716 10483
f 10484 10485 10483
f 10486 10716 10485
f 10717 10716 10486
f 10718 10717 10486
f 10488 10718 10486
f 10487 10488 10486
f 10719 10718 10488
f 10489 10719 10488
f 10720 10719 10489
f 10490 10720 10489
f 10721 10720 10490
f 10722 10721 10490
f 10492 10722 10490
f 10491 10492 10490
f 10723 10722 10492
f 10493 10723 10492
f 10724 10723 10493
f 10494 10724 10493
f 10725 10724 10494
f 10495 10725 10494
f 10726 10725 10495
f 10727 10726 10495
f 10728 10727 10495
f 10496 10728 10495
f 10498 10728 10496
f 10497 10498 10496
f 10729 10728 10498
f 10730 10729 10498
f 10731 10730 10498
f 10500 10731 10498
f 10499 10500 10498
f 10501 10731 10500
f 10732 10731 10501
f 10733 10732 10501
f 10734 10733 10501
f 10502 10734 10501
f 10505 10734 10502
f 10503 10505 10502
f 10735 10734 10505
f 10736 10735 10505
f 10737 10736 10505
f 10708 10737 10505
f 10506 10708 10505
f 10507 10708 10506
f 10738 10739 10508
f 10739 10740 10508
f 10740 10509 10508
f 10740 10741 10509
f 10741 10510 10509
f 10741 10742 10510
f 10742 10511 10510
f 10742 10743 10511
f 10743 10512 10511
f 10743 10744 10512
f 10744 10513 10512
f 10744 10514 10513
f 10744 10745 10514
f 10745 10515 10514
f 10745 10746 10515
f 10746 10516 10515
f 10746 10747 10516
f 10747 10517 10516
f 10747 10748 10517
f 10748 10736 10517
f 10736 10518 10517
f 10736 10737 10518
f 10737 10708 10518
f 10708 10519 10518
f 10708 10709 10519
f 10709 10520 10519
f 10707 10521 10520
f 10709 10707 10520
f 10750 10749 10522
f 10524 10750 10522
f 10523 10524 10522
f 10751 10750 10524
f 10752 10751 10524
f 10753 10752 10524
f 10525 10753 10524
f 10526 10753 10525
f 10754 10753 10526
f 10755 10754 10526
f 10756 10755 10526
f 10527 10756 10526
f 10531 10756 10527
f 10530 10531 10527
f 10528 10530 10527
f 10529 10530 10528
f 10757 10756 10531
f 10758 10757 10531
f 10532 10758 10531
f 10544 10758 10532
f 10533 10544 10532
f 10297 10759 10534
f 10759 10760 10534
f 10760 10761 10534
f 10761 10535 10534
f 10761 10762 10535
f 10762 10536 10535
f 10762 10537 10536
f 10762 10763 10537
f 10763 10764 10537
f 10764 10538 10537
f 10764 10542 10538
f 10542 10540 10538
f 10542 10541 10540
f 10764 10765 10542
f 10765 10766 10542
f 10766 10767 10542
f 10767 10543 10542
f 10767 10768 10543
f 10768 10544 10543
f 10768 10757 10544
f 10757 10758 10544
f 10683 10682 10546
f 10682 10769 10546
f 10769 10770 10546
f 10770 10547 10546
f 10770 10771 10547
f 10771 10550 10547
f 10550 10548 10547
f 10550 10549 10548
f 10771 10772 10550
f 10772 10773 10550
f 10773 10551 10550
f 10773 10774 10551
f 10774 10703 10551
f 10703 10552 10551
f 10603 10775 10553
f 10775 10776 10553
f 10776 10554 10553
f 10776 10777 10554
f 10777 10778 10554
f 10778 10555 10554
f 10778 10779 10555
f 10779 10556 10555
f 10779 10557 10556
f 10779 10780 10557
f 10780 10559 10557
f 10559 10558 10557
f 10780 10781 10559
f 10781 10647 10559
f 10647 10560 10559
f 10627 10782 10561
f 10782 10562 10561
f 10782 10783 10562
f 10783 10563 10562
f 10783 10784 10563
f 10784 10785 10563
f 10785 10564 10563
f 10785 10786 10564
f 10786 10787 10564
f 10787 10566 10564
f 10566 10565 10564
f 10787 10788 10566
f 10788 10789 10566
f 10789 10568 10566
f 10568 10567 10566
f 10789 10790 10568
f 10790 10791 10568
f 10791 10570 10568
f 10570 10569 10568
f 10791 10792 10570
f 10792 10793 10570
f 10793 10572 10570
f 10572 10571 10570
f 10793 10794 10572
f 10794 10573 10572
f 10794 10795 10573
f 10795 10796 10573
f 10796 10574 10573
f 10796 10576 10574
f 10576 10575 10574
f 10796 10797 10576
f 10797 10798 10576
f 10798 10799 10576
f 10799 10579 10576
f 10579 10577 10576
f 10579 10578 10577
f 10799 10800 10579
f 10800 10801 10579
f 10801 10580 10579
f 10801 10582 10580
f 10582 10581 10580
f 10801 10802 10582
f 10802 10803 10582
f 10803 10804 10582
f 10804 10805 10582
f 10805 10583 10582
f 10805 10806 10583
f 10806 10584 10583
f 10806 10807 10584
f 10807 10588 10584
f 10588 10586 10584
f 10588 10587 10586
f 10807 10808 10588
f 10808 10809 10588
f 10809 10810 10588
f 10810 10589 10588
f 10810 10811 10589
f 10811 10590 10589
f 10811 10812 10590
f 10812 10591 10590
f 10812 10813 10591
f 10813 10592 10591
f 10813 10814 10592
f 10814 10593 10592
f 10814 10815 10593
f 10815 10594 10593
f 10815 10816 10594
f 10816 10595 10594
f 10816 10817 10595
f 10817 10596 10595
f 10817 10637 10596
f 10637 10597 10596
f 10637 10636 10597
f 10636 10598 10597
f 10636 10599 10598
f 10635 10634 10601
f 10634 10602 10601
f 10634 10603 10602
f 10633 10818 10603
f 10818 10775 10603
f 10819 10610 10608
f 10610 10609 10608
f 10819 10611 10610
f 10819 10820 10611
f 10820 10821 10611
f 10821 10822 10611
f 10822 10612 10611
f 10822 10613 10612
f 10822 10823 10613
f 10823 10614 10613
f 10823 10824 10614
f 10824 10617 10614
f 10617 10615 10614
f 10617 10616 10615
f 10824 10825 10617
f 10825 10826 10617
f 10826 10619 10617
f 10619 10618 10617
f 10826 10827 10619
f 10827 10828 10619
f 10828 10829 10619
f 10829 10620 10619
f 10829 10830 10620
f 10830 10621 10620
f 10830 10623 10621
f 10623 10622 10621
f 10830 10831 10623
f 10831 10832 10623
f 10832 10625 10623
f 10625 10624 10623
f 10832 10833 10625
f 10833 10834 10625
f 10834 10835 10625
f 10835 10626 10625
f 10835 10782 10626
f 10782 10627 10626
f 10629 10836 10628
f 10836 10630 10628
f 10836 10837 10630
f 10837 10631 10630
f 10837 10838 10631
f 10838 10839 10631
f 10839 10775 10631
f 10775 10818 10631
f 10818 10632 10631
f 10818 10633 10632
f 10817 10840 10637
f 10840 10638 10637
f 10840 10640 10638
f 10640 10639 10638
f 10840 10841 10640
f 10841 10641 10640
f 10841 10842 10641
f 10842 10843 10641
f 10843 10844 10641
f 10844 10642 10641
f 10844 10845 10642
f 10845 10643 10642
f 10845 10846 10643
f 10846 10644 10643
f 10846 10847 10644
f 10847 10645 10644
f 10847 10646 10645
f 10847 10848 10646
f 10781 10849 10647
f 10849 10850 10647
f 10850 10851 10647
f 10851 10648 10647
f 10851 10852 10648
f 10852 10649 10648
f 10852 10853 10649
f 10853 10650 10649
f 10853 10854 10650
f 10854 10651 10650
f 10854 10855 10651
f 10855 10652 10651
f 10855 10856 10652
f 10856 10673 10652
f 10673 10672 10652
f 10857 10198 10654
f 10858 10857 10654
f 10859 10858 10654
f 10655 10859 10654
f 10657 10859 10655
f 10656 10657 10655
f 10860 10859 10657
f 10861 10860 10657
f 10658 10861 10657
f 10862 10861 10658
f 10660 10862 10658
f 10659 10660 10658
f 10863 10862 10660
f 10864 10863 10660
f 10661 10864 10660
f 10664 10864 10661
f 10662 10664 10661
f 10663 10664 10662
f 10865 10864 10664
f 10866 10865 10664
f 10867 10866 10664
f 10665 10867 10664
f 10868 10867 10665
f 10666 10868 10665
f 10673 10668 10667
f 10673 10856 10668
f 10856 10869 10668
f 10869 10870 10668
f 10870 10671 10668
f 10671 10669 10668
f 10671 10670 10669
f 10870 10871 10671
f 10871 10872 10671
f 10684 10873 10674
f 10873 10874 10674
f 10874 10875 10674
f 10875 10876 10674
f 10876 10675 10674
f 10876 10676 10675
f 10876 10677 10676
f 10876 10877 10677
f 10877 10678 10677
f 10877 10878 10678
f 10878 10879 10678
f 10879 10679 10678
f 10879 10880 10679
f 10880 10881 10679
f 10881 10680 10679
f 10881 10882 10680
f 10882 10682 10680
f 10682 10681 10680
f 10882 10883 10682
f 10883 10769 10682
f 10884 10873 10684
f 10885 10884 10684
f 10886 10885 10684
f 10685 10886 10684
f 10686 10886 10685
f 10887 10886 10686
f 10888 10887 10686
f 10687 10888 10686
f 10689 10888 10687
f 10688 10689 10687
f 10691 10888 10689
f 10690 10691 10689
f 10889 10888 10691
f 10890 10889 10691
f 10694 10890 10691
f 10692 10694 10691
f 10693 10694 10692
f 10891 10890 10694
f 10892 10891 10694
f 10893 10892 10694
f 10695 10893 10694
f 10894 10893 10695
f 10696 10894 10695
f 10895 10894 10696
f 10896 10895 10696
f 10697 10896 10696
f 10897 10896 10697
f 10698 10897 10697
f 10898 10897 10698
f 10699 10898 10698
f 10700 10898 10699
f 10899 10898 10700
f 10701 10899 10700
f 10900 10899 10701
f 10702 10900 10701
f 10706 10900 10702
f 10774 10901 10703
f 10901 10902 10703
f 10902 10704 10703
f 10902 10903 10704
f 10903 10705 10704
f 10903 10904 10705
f 10904 10706 10705
f 10904 10905 10706
f 10905 10906 10706
f 10906 10900 10706
f 10714 10907 10710
f 10907 10908 10710
f 10908 10909 10710
f 10909 10910 10710
f 10910 10711 10710
f 10910 10911 10711
f 10911 10912 10711
f 10912 10913 10711
f 10913 10712 10711
f 10913 10713 10712
f 10913 10914 10713
f 10914 10915 10713
f 10915 10482 10713
f 10916 10907 10714
f 10917 10916 10714
f 10918 10917 10714
f 10919 10918 10714
f 10715 10919 10714
f 10920 10919 10715
f 10717 10920 10715
f 10716 10717 10715
f 10921 10920 10717
f 10922 10921 10717
f 10719 10922 10717
f 10718 10719 10717
f 10923 10922 10719
f 10924 10923 10719
f 10720 10924 10719
f 10721 10924 10720
f 10925 10924 10721
f 10926 10925 10721
f 10723 10926 10721
f 10722 10723 10721
f 10927 10926 10723
f 10724 10927 10723
f 10928 10927 10724
f 10725 10928 10724
f 10929 10928 10725
f 10726 10929 10725
f 10930 10929 10726
f 10931 10930 10726
f 10932 10931 10726
f 10727 10932 10726
f 10728 10932 10727
f 10933 10932 10728
f 10729 10933 10728
f 10934 10933 10729
f 10730 10934 10729
f 10935 10934 10730
f 10936 10935 10730
f 10732 10936 10730
f 10731 10732 10730
f 10937 10936 10732
f 10938 10937 10732
f 10939 10938 10732
f 10734 10939 10732
f 10733 10734 10732
f 10940 10939 10734
f 10735 10940 10734
f 10736 10748 10735
f 10748 10941 10735
f 10941 10942 10735
f 10942 10940 10735
f 10943 10944 10738
f 10944 10739 10738
f 10944 10945 10739
f 10945 10740 10739
f 10945 10946 10740
f 10946 10741 10740
f 10946 10947 10741
f 10947 10742 10741
f 10947 10948 10742
f 10948 10743 10742
f 10948 10949 10743
f 10949 10744 10743
f 10949 10950 10744
f 10950 10745 10744
f 10950 10951 10745
f 10951 10746 10745
f 10951 10941 10746
f 10941 10747 10746
f 10941 10748 10747
f 10952 10749 10750
f 10751 10952 10750
f 10752 10952 10751
f 10953 10952 10752
f 10954 10953 10752
f 10753 10954 10752
f 10955 10954 10753
f 10754 10955 10753
f 10956 10955 10754
f 10957 10956 10754
f 10757 10957 10754
f 10755 10757 10754
f 10756 10757 10755
f 10958 10957 10757
f 10768 10958 10757
f 10297 10959 10759
f 10959 10960 10759
f 10960 10760 10759
f 10960 10961 10760
f 10961 10962 10760
f 10962 10761 10760
f 10962 10762 10761
f 10962 10963 10762
f 10963 10964 10762
f 10964 10965 10762
f 10965 10763 10762
f 10765 10764 10763
f 10763 10965 10765
f 10965 10766 10765
f 10965 10966 10766
f 10966 10958 10766
f 10958 10767 10766
f 10958 10768 10767
f 10883 10770 10769
f 10883 10967 10770
f 10967 10772 10770
f 10772 10771 10770
f 10967 10968 10772
f 10968 10773 10772
f 10968 10969 10773
f 10969 10774 10773
f 10969 10970 10774
f 10970 10971 10774
f 10971 10972 10774
f 10972 10901 10774
f 10839 10776 10775
f 10839 10838 10776
f 10838 10777 10776
f 10838 10973 10777
f 10973 10974 10777
f 10974 10778 10777
f 10974 10779 10778
f 10974 10975 10779
f 10975 10781 10779
f 10781 10780 10779
f 10975 10976 10781
f 10976 10849 10781
f 10835 10977 10782
f 10977 10783 10782
f 10977 10978 10783
f 10978 10784 10783
f 10978 10979 10784
f 10979 10980 10784
f 10980 10785 10784
f 10980 10981 10785
f 10981 10982 10785
f 10982 10788 10785
f 10788 10786 10785
f 10788 10787 10786
f 10982 10983 10788
f 10983 10984 10788
f 10984 10790 10788
f 10790 10789 10788
f 10984 10985 10790
f 10985 10792 10790
f 10792 10791 10790
f 10985 10986 10792
f 10986 10987 10792
f 10987 10794 10792
f 10794 10793 10792
f 10987 10988 10794
f 10988 10989 10794
f 10989 10990 10794
f 10990 10795 10794
f 10990 10796 10795
f 10990 10991 10796
f 10991 10992 10796
f 10992 10797 10796
f 10992 10993 10797
f 10993 10994 10797
f 10994 10995 10797
f 10995 10996 10797
f 10996 10798 10797
f 10996 10800 10798
f 10800 10799 10798
f 10996 10997 10800
f 10997 10802 10800
f 10802 10801 10800
f 10997 10998 10802
f 10998 10999 10802
f 10999 11000 10802
f 11000 10803 10802
f 11000 11001 10803
f 11001 10804 10803
f 11001 11002 10804
f 11002 10806 10804
f 10806 10805 10804
f 11002 10808 10806
f 10808 10807 10806
f 11002 11003 10808
f 11003 11004 10808
f 11004 11005 10808
f 11005 11006 10808
f 11006 10809 10808
f 11006 10810 10809
f 11006 11007 10810
f 11007 10811 10810
f 11007 11008 10811
f 11008 10812 10811
f 11008 11009 10812
f 11009 10813 10812
f 11009 11010 10813
f 11010 10814 10813
f 11010 10842 10814
f 10842 10815 10814
f 10842 10841 10815
f 10841 10816 10815
f 10841 10840 10816
f 10840 10817 10816
f 10819 11011 10820
f 11011 11012 10820
f 11012 11013 10820
f 11013 11014 10820
f 11014 10821 10820
f 11014 10822 10821
f 11014 11015 10822
f 11015 10825 10822
f 10825 10823 10822
f 10825 10824 10823
f 11015 11016 10825
f 11016 11017 10825
f 11017 10827 10825
f 10827 10826 10825
f 11017 11018 10827
f 11018 11019 10827
f 11019 11020 10827
f 11020 10828 10827
f 11020 11021 10828
f 11021 10829 10828
f 11021 10831 10829
f 10831 10830 10829
f 11021 11022 10831
f 11022 10833 10831
f 10833 10832 10831
f 11022 11023 10833
f 11023 11024 10833
f 11024 11025 10833
f 11025 10834 10833
f 11025 10977 10834
f 10977 10835 10834
f 10629 11026 10836
f 11026 11027 10836
f 11027 10973 10836
f 10973 10837 10836
f 10973 10838 10837
f 11010 11028 10842
f 11028 10843 10842
f 11028 11029 10843
f 11029 10844 10843
f 11029 11030 10844
f 11030 10845 10844
f 11030 11031 10845
f 11031 10846 10845
f 11031 10848 10846
f 10848 10847 10846
f 11031 11032 10848
f 11032 11033 10848
f 11033 10646 10848
f 10976 11034 10849
f 11034 11035 10849
f 11035 10850 10849
f 11035 11036 10850
f 11036 10851 10850
f 11036 11037 10851
f 11037 10852 10851
f 11037 11038 10852
f 11038 11039 10852
f 11039 10853 10852
f 11039 10854 10853
f 11039 11040 10854
f 11040 10855 10854
f 11040 11041 10855
f 11041 10856 10855
f 11041 11042 10856
f 11042 10869 10856
f 11043 10198 10857
f 10858 11043 10857
f 11044 11043 10858
f 11045 11044 10858
f 10859 11045 10858
f 11046 11045 10859
f 10860 11046 10859
f 10861 11046 10860
f 11047 11046 10861
f 11048 11047 10861
f 10863 11048 10861
f 10862 10863 10861
f 11049 11048 10863
f 11050 11049 10863
f 10864 11050 10863
f 10865 11050 10864
f 11051 11050 10865
f 11052 11051 10865
f 11053 11052 10865
f 11054 11053 10865
f 10867 11054 10865
f 10866 10867 10865
f 11055 11054 10867
f 11056 11055 10867
f 10868 11056 10867
f 11042 11058 10869
f 11058 10870 10869
f 11058 11059 10870
f 11059 10871 10870
f 11059 11060 10871
f 11060 11061 10871
f 11061 10872 10871
f 10884 11063 10873
f 11063 11064 10873
f 11064 11065 10873
f 11065 11066 10873
f 11066 10874 10873
f 11066 11067 10874
f 11067 10875 10874
f 11067 11068 10875
f 11068 10876 10875
f 11068 11069 10876
f 11069 10877 10876
f 11069 11070 10877
f 11070 11071 10877
f 11071 10878 10877
f 11071 11072 10878
f 11072 10879 10878
f 11072 10970 10879
f 10970 10969 10879
f 10969 10880 10879
f 10969 10968 10880
f 10968 10881 10880
f 10968 10883 10881
f 10883 10882 10881
f 10968 10967 10883
f 11073 11063 10884
f 11074 11073 10884
f 11075 11074 10884
f 11076 11075 10884
f 10885 11076 10884
f 11077 11076 10885
f 11078 11077 10885
f 10886 11078 10885
f 11079 11078 10886
f 10889 11079 10886
f 10887 10889 10886
f 10888 10889 10887
f 10891 11079 10889
f 10890 10891 10889
f 11080 11079 10891
f 11081 11080 10891
f 11082 11081 10891
f 10892 11082 10891
f 11083 11082 10892
f 10893 11083 10892
f 11084 11083 10893
f 10894 11084 10893
f 11085 11084 10894
f 11086 11085 10894
f 10895 11086 10894
f 10897 11086 10895
f 10896 10897 10895
f 11087 11086 10897
f 11088 11087 10897
f 10898 11088 10897
f 10906 11088 10898
f 10899 10906 10898
f 10900 10906 10899
f 10972 10902 10901
f 10972 11089 10902
f 11089 10903 10902
f 11089 11090 10903
f 11090 11091 10903
f 11091 10904 10903
f 11091 11092 10904
f 11092 11093 10904
f 11093 11094 10904
f 11094 10905 10904
f 11094 10906 10905
f 11094 11095 10906
f 11095 11088 10906
f 10916 11096 10907
f 11096 11097 10907
f 11097 11098 10907
f 11098 10908 10907
f 11098 11099 10908
f 11099 11100 10908
f 11100 11101 10908
f 11101 10909 10908
f 11101 11102 10909
f 11102 10911 10909
f 10911 10910 10909
f 11102 11103 10911
f 11103 11104 10911
f 11104 10912 10911
f 11104 11105 10912
f 11105 11106 10912
f 11106 10914 10912
f 10914 10913 10912
f 11106 11107 10914
f 11107 11108 10914
f 11108 11109 10914
f 11109 11110 10914
f 11110 10915 10914
f 11110 11111 10915
f 11112 11096 10916
f 11113 11112 10916
f 10917 11113 10916
f 11114 11113 10917
f 11115 11114 10917
f 11116 11115 10917
f 11117 11116 10917
f 10918 11117 10917
f 10919 11117 10918
f 10921 11117 10919
f 10920 10921 10919
f 11118 11117 10921
f 11119 11118 10921
f 10923 11119 10921
f 10922 10923 10921
f 11120 11119 10923
f 10924 11120 10923
f 11121 11120 10924
f 10925 11121 10924
f 11122 11121 10925
f 11123 11122 10925
f 11124 11123 10925
f 10927 11124 10925
f 10926 10927 10925
f 11125 11124 10927
f 10928 11125 10927
f 11126 11125 10928
f 10929 11126 10928
f 10930 11126 10929
f 11127 11126 10930
f 11128 11127 10930
f 10931 11128 10930
f 10933 11128 10931
f 10932 10933 10931
f 11129 11128 10933
f 10934 11129 10933
f 11130 11129 10934
f 10935 11130 10934
f 11131 11130 10935
f 11132 11131 10935
f 10937 11132 10935
f 10936 10937 10935
f 11133 11132 10937
f 11134 11133 10937
f 10940 11134 10937
f 10938 10940 10937
f 10939 10940 10938
f 10942 11135 10940
f 11135 11136 10940
f 11136 11134 10940
f 10951 11137 10941
f 11137 10942 10941
f 11137 11138 10942
f 11138 11135 10942
f 11139 11140 10943
f 11140 11141 10943
f 11141 10944 10943
f 11141 11142 10944
f 11142 11143 10944
f 11143 11144 10944
f 11144 10945 10944
f 11144 11145 10945
f 11145 10946 10945
f 11145 11146 10946
f 11146 10947 10946
f 11146 11147 10947
f 11147 10948 10947
f 11147 11148 10948
f 11148 10949 10948
f 11148 11137 10949
f 11137 10950 10949
f 11137 10951 10950
f 10953 10749 10952
f 10954 11149 10953
f 11149 10749 10953
f 10955 11149 10954
f 10956 11149 10955
f 10958 11149 10956
f 10957 10958 10956
f 10966 10963 10958
f 10963 11149 10958
f 11150 10960 10959
f 11150 11151 10960
f 11151 10961 10960
f 11151 11152 10961
f 11152 10962 10961
f 11152 10963 10962
f 11152 11149 10963
f 10966 11153 10963
f 11153 10964 10963
f 11153 10965 10964
f 11153 10966 10965
f 11072 11154 10970
f 11154 10972 10970
f 10972 10971 10970
f 11154 11155 10972
f 11155 11089 10972
f 11027 11156 10973
f 11156 11157 10973
f 11157 10974 10973
f 11157 10976 10974
f 10976 10975 10974
f 11157 11156 10976
f 11156 11158 10976
f 11158 11159 10976
f 11159 11034 10976
f 11025 11160 10977
f 11160 11161 10977
f 11161 10978 10977
f 11161 10979 10978
f 11161 11162 10979
f 11162 10980 10979
f 11162 11163 10980
f 11163 11164 10980
f 11164 11165 10980
f 11165 10982 10980
f 10982 10981 10980
f 11165 11166 10982
f 11166 10983 10982
f 11166 11167 10983
f 11167 11168 10983
f 11168 10985 10983
f 10985 10984 10983
f 11168 11169 10985
f 11169 10986 10985
f 11169 11170 10986
f 11170 10988 10986
f 10988 10987 10986
f 11170 11171 10988
f 11171 11172 10988
f 11172 11173 10988
f 11173 11174 10988
f 11174 10989 10988
f 11174 11175 10989
f 11175 10992 10989
f 10992 10991 10989
f 10991 10990 10989
f 11175 11176 10992
f 11176 10993 10992
f 11176 11177 10993
f 11177 11178 10993
f 11178 11179 10993
f 11179 10995 10993
f 10995 10994 10993
f 11179 11180 10995
f 11180 11181 10995
f 11181 10997 10995
f 10997 10996 10995
f 11181 11182 10997
f 11182 10998 10997
f 11182 11183 10998
f 11183 11184 10998
f 11184 11185 10998
f 11185 10999 10998
f 11185 11186 10999
f 11186 11000 10999
f 11186 11001 11000
f 11186 11003 11001
f 11003 11002 11001
f 11186 11187 11003
f 11187 11004 11003
f 11187 11188 11004
f 11188 11189 11004
f 11189 11190 11004
f 11190 11005 11004
f 11190 11191 11005
f 11191 11006 11005
f 11191 11192 11006
f 11192 11007 11006
f 11192 11193 11007
f 11193 11008 11007
f 11193 11194 11008
f 11194 11009 11008
f 11194 11028 11009
f 11028 11010 11009
f 11196 11195 11011
f 11195 11197 11011
f 11197 11012 11011
f 11197 11013 11012
f 11197 11198 11013
f 11198 11014 11013
f 11198 11016 11014
f 11016 11015 11014
f 11198 11199 11016
f 11199 11200 11016
f 11200 11018 11016
f 11018 11017 11016
f 11200 11201 11018
f 11201 11202 11018
f 11202 11203 11018
f 11203 11019 11018
f 11203 11204 11019
f 11204 11021 11019
f 11021 11020 11019
f 11204 11205 11021
f 11205 11206 11021
f 11206 11023 11021
f 11023 11022 11021
f 11206 11207 11023
f 11207 11208 11023
f 11208 11209 11023
f 11209 11024 11023
f 11209 11160 11024
f 11160 11025 11024
f 10629 11210 11026
f 11210 11211 11026
f 11211 11156 11026
f 11156 11027 11026
f 11194 11212 11028
f 11212 11029 11028
f 11212 11213 11029
f 11213 11030 11029
f 11213 11032 11030
f 11032 11031 11030
f 11213 11214 11032
f 11214 11215 11032
f 11215 11033 11032
f 11215 11216 11033
f 11159 11217 11034
f 11217 11035 11034
f 11217 11218 11035
f 11218 11219 11035
f 11219 11036 11035
f 11219 11037 11036
f 11219 11220 11037
f 11220 11221 11037
f 11221 11038 11037
f 11221 11039 11038
f 11221 11222 11039
f 11222 11040 11039
f 11222 11223 11040
f 11223 11041 11040
f 11223 11224 11041
f 11224 11058 11041
f 11058 11042 11041
f 11044 11225 11043
f 11226 11225 11044
f 11045 11226 11044
f 11046 11226 11045
f 11227 11226 11046
f 11228 11227 11046
f 11047 11228 11046
f 11229 11228 11047
f 11049 11229 11047
f 11048 11049 11047
f 11051 11229 11049
f 11050 11051 11049
f 11228 11229 11051
f 11230 11228 11051
f 11231 11230 11051
f 11232 11231 11051
f 11052 11232 11051
f 11233 11232 11052
f 11053 11233 11052
f 11055 11233 11053
f 11054 11055 11053
f 11234 11233 11055
f 11235 11234 11055
f 11056 11235 11055
f 11062 11236 11057
f 11236 11237 11057
f 11237 11238 11057
f 11224 11240 11058
f 11240 11241 11058
f 11241 11242 11058
f 11242 11059 11058
f 11242 11243 11059
f 11243 11060 11059
f 11243 11244 11060
f 11244 11062 11060
f 11062 11061 11060
f 11244 11236 11062
f 11073 11245 11063
f 11245 11246 11063
f 11246 11064 11063
f 11246 11247 11064
f 11247 11248 11064
f 11248 11249 11064
f 11249 11067 11064
f 11067 11065 11064
f 11067 11066 11065
f 11249 11250 11067
f 11250 11068 11067
f 11250 11251 11068
f 11251 11069 11068
f 11251 11070 11069
f 11251 11252 11070
f 11252 11253 11070
f 11253 11071 11070
f 11253 11254 11071
f 11254 11072 11071
f 11254 11155 11072
f 11155 11154 11072
f 11255 11245 11073
f 11256 11255 11073
f 11257 11256 11073
f 11258 11257 11073
f 11259 11258 11073
f 11260 11259 11073
f 11074 11260 11073
f 11261 11260 11074
f 11075 11261 11074
f 11262 11261 11075
f 11077 11262 11075
f 11076 11077 11075
f 11263 11262 11077
f 11078 11263 11077
f 11264 11263 11078
f 11080 11264 11078
f 11079 11080 11078
f 11265 11264 11080
f 11081 11265 11080
f 11266 11265 11081
f 11082 11266 11081
f 11083 11266 11082
f 11267 11266 11083
f 11268 11267 11083
f 11084 11268 11083
f 11085 11268 11084
f 11269 11268 11085
f 11086 11269 11085
f 11087 11269 11086
f 11095 11269 11087
f 11088 11095 11087
f 11155 11270 11089
f 11270 11090 11089
f 11270 11271 11090
f 11271 11092 11090
f 11092 11091 11090
f 11271 11272 11092
f 11272 11273 11092
f 11273 11274 11092
f 11274 11093 11092
f 11274 11094 11093
f 11275 11095 11094
f 11274 11275 11094
f 11276 11269 11095
f 11277 11276 11095
f 11275 11277 11095
f 11112 11278 11096
f 11278 11279 11096
f 11279 11098 11096
f 11098 11097 11096
f 11279 11280 11098
f 11280 11281 11098
f 11281 11282 11098
f 11282 11099 11098
f 11282 11283 11099
f 11283 11100 11099
f 11283 11284 11100
f 11284 11285 11100
f 11285 11102 11100
f 11102 11101 11100
f 11285 11286 11102
f 11286 11103 11102
f 11286 11287 11103
f 11287 11104 11103
f 11287 11288 11104
f 11288 11105 11104
f 11288 11289 11105
f 11289 11290 11105
f 11290 11107 11105
f 11107 11106 11105
f 11290 11291 11107
f 11291 11108 11107
f 11291 11292 11108
f 11292 11293 11108
f 11293 11294 11108
f 11294 11109 11108
f 11294 11295 11109
f 11295 11110 11109
f 11295 11111 11110
f 11295 11140 11111
f 11140 11139 11111
f 11296 11278 11112
f 11297 11296 11112
f 11113 11297 11112
f 11298 11297 11113
f 11114 11298 11113
f 11299 11298 11114
f 11300 11299 11114
f 11115 11300 11114
f 11301 11300 11115
f 11116 11301 11115
f 11118 11301 11116
f 11117 11118 11116
f 11302 11301 11118
f 11303 11302 11118
f 11120 11303 11118
f 11119 11120 11118
f 11304 11303 11120
f 11305 11304 11120
f 11121 11305 11120
f 11122 11305 11121
f 11306 11305 11122
f 11123 11306 11122
f 11307 11306 11123
f 11308 11307 11123
f 11126 11308 11123
f 11125 11126 11123
f 11124 11125 11123
f 11309 11308 11126
f 11310 11309 11126
f 11311 11310 11126
f 11127 11311 11126
f 11129 11311 11127
f 11128 11129 11127
f 11312 11311 11129
f 11130 11312 11129
f 11313 11312 11130
f 11314 11313 11130
f 11131 11314 11130
f 11132 11315 11131
f 11315 11316 11131
f 11316 11314 11131
f 11317 11315 11132
f 11136 11317 11132
f 11133 11136 11132
f 11134 11136 11133
f 11138 11318 11135
f 11318 11319 11135
f 11319 11136 11135
f 11319 11320 11136
f 11320 11317 11136
f 11148 11321 11137
f 11321 11138 11137
f 11321 11322 11138
f 11322 11323 11138
f 11323 11318 11138
f 11295 11294 11140
f 11294 11324 11140
f 11324 11142 11140
f 11142 11141 11140
f 11324 11325 11142
f 11325 11326 11142
f 11326 11143 11142
f 11326 11144 11143
f 11326 11327 11144
f 11327 11145 11144
f 11327 11328 11145
f 11328 11146 11145
f 11328 11329 11146
f 11329 11147 11146
f 11329 11321 11147
f 11321 11148 11147
f 11254 11330 11155
f 11330 11270 11155
f 11211 11331 11156
f 11331 11158 11156
f 11331 11332 11158
f 11332 11159 11158
f 11332 11333 11159
f 11333 11334 11159
f 11334 11217 11159
f 11209 11335 11160
f 11335 11161 11160
f 11335 11336 11161
f 11336 11162 11161
f 11336 11337 11162
f 11337 11163 11162
f 11337 11338 11163
f 11338 11339 11163
f 11339 11166 11163
f 11166 11164 11163
f 11166 11165 11164
f 11339 11340 11166
f 11340 11341 11166
f 11341 11342 11166
f 11342 11167 11166
f 11342 11169 11167
f 11169 11168 11167
f 11342 11343 11169
f 11343 11344 11169
f 11344 11171 11169
f 11171 11170 11169
f 11344 11345 11171
f 11345 11172 11171
f 11345 11173 11172
f 11345 11346 11173
f 11346 11347 11173
f 11347 11348 11173
f 11348 11174 11173
f 11348 11176 11174
f 11176 11175 11174
f 11348 11349 11176
f 11349 11350 11176
f 11350 11177 11176
f 11350 11351 11177
f 11351 11352 11177
f 11352 11353 11177
f 11353 11178 11177
f 11353 11354 11178
f 11354 11179 11178
f 11354 11355 11179
f 11355 11182 11179
f 11182 11180 11179
f 11182 11181 11180
f 11355 11356 11182
f 11356 11357 11182
f 11357 11358 11182
f 11358 11183 11182
f 11358 11359 11183
f 11359 11360 11183
f 11360 11184 11183
f 11360 11185 11184
f 11360 11361 11185
f 11361 11186 11185
f 11361 11188 11186
f 11188 11187 11186
f 11361 11362 11188
f 11362 11363 11188
f 11363 11189 11188
f 11363 11190 11189
f 11363 11364 11190
f 11364 11365 11190
f 11365 11366 11190
f 11366 11367 11190
f 11367 11368 11190
f 11368 11191 11190
f 11368 11369 11191
f 11369 11193 11191
f 11193 11192 11191
f 11369 11370 11193
f 11370 11371 11193
f 11371 11212 11193
f 11212 11194 11193
f 11196 11372 11195
f 11372 11373 11195
f 11373 11374 11195
f 11374 11197 11195
f 11374 11199 11197
f 11199 11198 11197
f 11374 11375 11199
f 11375 11376 11199
f 11376 11201 11199
f 11201 11200 11199
f 11376 11377 11201
f 11377 11378 11201
f 11378 11379 11201
f 11379 11380 11201
f 11380 11202 11201
f 11380 11203 11202
f 11380 11205 11203
f 11205 11204 11203
f 11380 11381 11205
f 11381 11382 11205
f 11382 11383 11205
f 11383 11207 11205
f 11207 11206 11205
f 11383 11384 11207
f 11384 11385 11207
f 11385 11386 11207
f 11386 11335 11207
f 11335 11208 11207
f 11335 11209 11208
f 10405 11210 10629
f 10405 11387 11210
f 11387 11388 11210
f 11388 11331 11210
f 11331 11211 11210
f 11371 11389 11212
f 11389 11213 11212
f 11389 11214 11213
f 11389 11390 11214
f 11390 11216 11214
f 11216 11215 11214
f 11390 11391 11216
f 11391 11392 11216
f 11392 11033 11216
f 11334 11393 11217
f 11393 11218 11217
f 11393 11394 11218
f 11394 11220 11218
f 11220 11219 11218
f 11394 11395 11220
f 11395 11396 11220
f 11396 11221 11220
f 11396 11397 11221
f 11397 11398 11221
f 11398 11222 11221
f 11398 11224 11222
f 11224 11223 11222
f 11398 11399 11224
f 11399 11240 11224
f 11400 11225 11226
f 11401 11400 11226
f 11227 11401 11226
f 11402 11401 11227
f 11228 11402 11227
f 11403 11402 11228
f 11230 11403 11228
f 11404 11403 11230
f 11231 11404 11230
f 11405 11404 11231
f 11232 11405 11231
f 11406 11405 11232
f 11407 11406 11232
f 11233 11407 11232
f 11234 11407 11233
f 11408 11407 11234
f 11409 11408 11234
f 11244 11410 11236
f 11410 11411 11236
f 11411 11412 11236
f 11412 11237 11236
f 11412 11239 11237
f 11239 11238 11237
f 11412 11413 11239
f 11413 11414 11239
f 11414 11415 11239
f 11399 11417 11240
f 11417 11418 11240
f 11418 11241 11240
f 11418 11419 11241
f 11419 11242 11241
f 11419 11420 11242
f 11420 11243 11242
f 11420 11410 11243
f 11410 11244 11243
f 11255 11421 11245
f 11421 11422 11245
f 11422 11423 11245
f 11423 11246 11245
f 11423 11424 11246
f 11424 11247 11246
f 11424 11425 11247
f 11425 11426 11247
f 11426 11248 11247
f 11426 11250 11248
f 11250 11249 11248
f 11426 11427 11250
f 11427 11428 11250
f 11428 11251 11250
f 11428 11252 11251
f 11428 11429 11252
f 11429 11330 11252
f 11330 11253 11252
f 11330 11254 11253
f 11430 11421 11255
f 11431 11430 11255
f 11256 11431 11255
f 11257 11432 11256
f 11432 11433 11256
f 11433 11431 11256
f 11434 11432 11257
f 11435 11434 11257
f 11436 11435 11257
f 11437 11436 11257
f 11258 11437 11257
f 11438 11437 11258
f 11259 11438 11258
f 11261 11438 11259
f 11260 11261 11259
f 11439 11438 11261
f 11440 11439 11261
f 11263 11440 11261
f 11262 11263 11261
f 11441 11440 11263
f 11442 11441 11263
f 11264 11442 11263
f 11443 11442 11264
f 11265 11443 11264
f 11444 11443 11265
f 11266 11444 11265
f 11445 11444 11266
f 11446 11445 11266
f 11267 11446 11266
f 11268 11446 11267
f 11447 11446 11268
f 11276 11447 11268
f 11269 11276 11268
f 11330 11448 11270
f 11448 11449 11270
f 11449 11271 11270
f 11449 11450 11271
f 11450 11272 11271
f 11450 11451 11272
f 11451 11452 11272
f 11452 11273 11272
f 11452 11453 11273
f 11453 11274 11273
f 11453 11277 11274
f 11277 11275 11274
f 11454 11447 11276
f 11277 11454 11276
f 11455 11454 11277
f 11456 11455 11277
f 11457 11456 11277
f 11453 11457 11277
f 11458 11280 11278
f 11280 11279 11278
f 11458 11459 11280
f 11459 11460 11280
f 11460 11461 11280
f 11461 11281 11280
f 11461 11462 11281
f 11462 11282 11281
f 11462 11463 11282
f 11463 11283 11282
f 11463 11284 11283
f 11463 11464 11284
f 11464 11286 11284
f 11286 11285 11284
f 11464 11465 11286
f 11465 11287 11286
f 11465 11466 11287
f 11466 11288 11287
f 11466 11467 11288
f 11467 11289 11288
f 11467 11468 11289
f 11468 11469 11289
f 11469 11291 11289
f 11291 11290 11289
f 11469 11470 11291
f 11470 11292 11291
f 11470 11327 11292
f 11327 11326 11292
f 11326 11325 11292
f 11325 11293 11292
f 11325 11324 11293
f 11324 11294 11293
f 11297 11278 11296
f 11298 11278 11297
f 11471 11278 11298
f 11472 11471 11298
f 11299 11472 11298
f 11473 11472 11299
f 11474 11473 11299
f 11300 11474 11299
f 11302 11474 11300
f 11301 11302 11300
f 11473 11474 11302
f 11475 11473 11302
f 11304 11475 11302
f 11303 11304 11302
f 11476 11475 11304
f 11305 11476 11304
f 11477 11476 11305
f 11306 11477 11305
f 11478 11477 11306
f 11479 11478 11306
f 11307 11479 11306
f 11480 11479 11307
f 11308 11480 11307
f 11481 11480 11308
f 11309 11481 11308
f 11482 11481 11309
f 11483 11482 11309
f 11484 11483 11309
f 11312 11484 11309
f 11310 11312 11309
f 11311 11312 11310
f 11485 11484 11312
f 11486 11485 11312
f 11313 11486 11312
f 11314 11487 11313
f 11487 11486 11313
f 11316 11488 11314
f 11488 11489 11314
f 11489 11487 11314
f 11317 11320 11315
f 11320 11488 11315
f 11488 11316 11315
f 11323 11488 11318
f 11488 11319 11318
f 11488 11320 11319
f 11329 11490 11321
f 11490 11491 11321
f 11491 11322 11321
f 11491 11492 11322
f 11492 11323 11322
f 11492 11488 11323
f 11470 11493 11327
f 11493 11328 11327
f 11493 11490 11328
f 11490 11329 11328
f 11429 11494 11330
f 11494 11495 11330
f 11495 11448 11330
f 11388 11332 11331
f 11388 11387 11332
f 11387 11496 11332
f 11496 11333 11332
f 11496 11497 11333
f 11497 11334 11333
f 11497 11393 11334
f 11386 11498 11335
f 11498 11336 11335
f 11498 11499 11336
f 11499 11337 11336
f 11499 11500 11337
f 11500 11501 11337
f 11501 11502 11337
f 11502 11338 11337
f 11502 11340 11338
f 11340 11339 11338
f 11502 11503 11340
f 11503 11504 11340
f 11504 11505 11340
f 11505 11341 11340
f 11505 11343 11341
f 11343 11342 11341
f 11505 11506 11343
f 11506 11507 11343
f 11507 11508 11343
f 11508 11345 11343
f 11345 11344 11343
f 11508 11509 11345
f 11509 11346 11345
f 11509 11510 11346
f 11510 11511 11346
f 11511 11512 11346
f 11512 11348 11346
f 11348 11347 11346
f 11512 11349 11348
f 11512 11513 11349
f 11513 11350 11349
f 11513 11514 11350
f 11514 11351 11350
f 11514 11515 11351
f 11515 11516 11351
f 11516 11517 11351
f 11517 11352 11351
f 11517 11353 11352
f 11517 11516 11353
f 11516 11518 11353
f 11518 11356 11353
f 11356 11354 11353
f 11356 11355 11354
f 11518 11519 11356
f 11519 11357 11356
f 11519 11520 11357
f 11520 11358 11357
f 11520 11521 11358
f 11521 11359 11358
f 11521 11522 11359
f 11522 11360 11359
f 11522 11523 11360
f 11523 11361 11360
f 11523 11524 11361
f 11524 11525 11361
f 11525 11362 11361
f 11525 11365 11362
f 11365 11364 11362
f 11364 11363 11362
f 11525 11524 11365
f 11524 11526 11365
f 11526 11527 11365
f 11527 11528 11365
f 11528 11366 11365
f 11528 11391 11366
f 11391 11529 11366
f 11529 11367 11366
f 11529 11370 11367
f 11370 11369 11367
f 11369 11368 11367
f 11529 11391 11370
f 11391 11390 11370
f 11390 11389 11370
f 11389 11371 11370
f 11531 11530 11372
f 11530 11373 11372
f 11530 11375 11373
f 11375 11374 11373
f 11530 11532 11375
f 11532 11533 11375
f 11533 11377 11375
f 11377 11376 11375
f 11533 11534 11377
f 11534 11535 11377
f 11535 11536 11377
f 11536 11537 11377
f 11537 11378 11377
f 11537 11381 11378
f 11381 11379 11378
f 11381 11380 11379
f 11537 11538 11381
f 11538 11382 11381
f 11538 11539 11382
f 11539 11540 11382
f 11540 11384 11382
f 11384 11383 11382
f 11540 11541 11384
f 11541 11542 11384
f 11542 11498 11384
f 11498 11385 11384
f 11498 11386 11385
f 11528 11392 11391
f 11528 11527 11392
f 11497 11543 11393
f 11543 11544 11393
f 11544 11395 11393
f 11395 11394 11393
f 11544 11545 11395
f 11545 11546 11395
f 11546 11397 11395
f 11397 11396 11395
f 11546 11547 11397
f 11547 11399 11397
f 11399 11398 11397
f 11547 11548 11399
f 11548 11549 11399
f 11549 11550 11399
f 11550 11417 11399
f 11551 11225 11400
f 11552 11551 11400
f 11553 11552 11400
f 11401 11553 11400
f 11554 11553 11401
f 11402 11554 11401
f 11555 11554 11402
f 11403 11555 11402
f 11405 11555 11403
f 11404 11405 11403
f 11556 11555 11405
f 11557 11556 11405
f 11558 11557 11405
f 11406 11558 11405
f 11408 11558 11406
f 11407 11408 11406
f 11559 11558 11408
f 11560 11559 11408
f 11409 11560 11408
f 11420 11561 11410
f 11561 11562 11410
f 11562 11411 11410
f 11562 11563 11411
f 11563 11413 11411
f 11413 11412 11411
f 11563 11564 11413
f 11564 11565 11413
f 11565 11566 11413
f 11566 11414 11413
f 11566 11567 11414
f 11567 11416 11414
f 11416 11415 11414
f 11567 11568 11416
f 11568 11569 11416
f 11569 11570 11416
f 11550 11572 11417
f 11572 11418 11417
f 11572 11573 11418
f 11573 11419 11418
f 11573 11574 11419
f 11574 11420 11419
f 11574 11575 11420
f 11575 11561 11420
f 11430 11576 11421
f 11576 11577 11421
f 11577 11578 11421
f 11578 11422 11421
f 11578 11423 11422
f 11578 11579 11423
f 11579 11424 11423
f 11579 11580 11424
f 11580 11581 11424
f 11581 11582 11424
f 11582 11425 11424
f 11582 11427 11425
f 11427 11426 11425
f 11582 11583 11427
f 11583 11428 11427
f 11583 11494 11428
f 11494 11429 11428
f 11431 11584 11430
f 11584 11576 11430
f 11433 11585 11431
f 11585 11584 11431
f 11434 11586 11432
f 11586 11587 11432
f 11587 11588 11432
f 11588 11589 11432
f 11589 11590 11432
f 11590 11433 11432
f 11590 11591 11433
f 11591 11585 11433
f 11592 11586 11434
f 11593 11592 11434
f 11435 11593 11434
f 11594 11593 11435
f 11595 11594 11435
f 11596 11595 11435
f 11437 11596 11435
f 11436 11437 11435
f 11597 11596 11437
f 11598 11597 11437
f 11439 11598 11437
f 11438 11439 11437
f 11599 11598 11439
f 11600 11599 11439
f 11441 11600 11439
f 11440 11441 11439
f 11601 11600 11441
f 11442 11601 11441
f 11443 11601 11442
f 11602 11601 11443
f 11444 11602 11443
f 11603 11602 11444
f 11445 11603 11444
f 11604 11603 11445
f 11446 11604 11445
f 11605 11604 11446
f 11454 11605 11446
f 11447 11454 11446
f 11495 11606 11448
f 11606 11449 11448
f 11606 11450 11449
f 11606 11607 11450
f 11607 11608 11450
f 11608 11451 11450
f 11608 11609 11451
f 11609 11610 11451
f 11610 11452 11451
f 11610 11457 11452
f 11457 11453 11452
f 11611 11605 11454
f 11455 11611 11454
f 11612 11611 11455
f 11613 11612 11455
f 11614 11613 11455
f 11609 11614 11455
f 11456 11609 11455
f 11457 11609 11456
f 11610 11609 11457
f 11615 11459 11458
f 11615 11616 11459
f 11616 11617 11459
f 11617 11618 11459
f 11618 11461 11459
f 11461 11460 11459
f 11618 11619 11461
f 11619 11620 11461
f 11620 11621 11461
f 11621 11462 11461
f 11621 11622 11462
f 11622 11463 11462
f 11622 11465 11463
f 11465 11464 11463
f 11622 11623 11465
f 11623 11624 11465
f 11624 11466 11465
f 11624 11625 11466
f 11625 11467 11466
f 11625 11491 11467
f 11491 11468 11467
f 11491 11490 11468
f 11490 11493 11468
f 11493 11470 11468
f 11470 11469 11468
f 11626 11278 11471
f 11627 11626 11471
f 11628 11627 11471
f 11629 11628 11471
f 11472 11629 11471
f 11630 11629 11472
f 11473 11630 11472
f 11476 11630 11473
f 11475 11476 11473
f 11477 11630 11476
f 11631 11630 11477
f 11632 11631 11477
f 11478 11632 11477
f 11479 11632 11478
f 11633 11632 11479
f 11634 11633 11479
f 11481 11634 11479
f 11480 11481 11479
f 11635 11634 11481
f 11636 11635 11481
f 11482 11636 11481
f 11637 11636 11482
f 11638 11637 11482
f 11639 11638 11482
f 11483 11639 11482
f 11485 11639 11483
f 11484 11485 11483
f 11486 11640 11485
f 11640 11638 11485
f 11638 11639 11485
f 11487 11641 11486
f 11641 11640 11486
f 11489 11642 11487
f 11642 11643 11487
f 11643 11641 11487
f 11492 11642 11488
f 11642 11489 11488
f 11625 11642 11491
f 11642 11492 11491
f 11583 11644 11494
f 11644 11645 11494
f 11645 11495 11494
f 11645 11646 11495
f 11646 11647 11495
f 11647 11648 11495
f 11648 11606 11495
f 11496 11543 11497
f 11542 11649 11498
f 11649 11650 11498
f 11650 11499 11498
f 11650 11500 11499
f 11650 11651 11500
f 11651 11652 11500
f 11652 11653 11500
f 11653 11501 11500
f 11653 11503 11501
f 11503 11502 11501
f 11653 11654 11503
f 11654 11655 11503
f 11655 11506 11503
f 11506 11504 11503
f 11506 11505 11504
f 11655 11656 11506
f 11656 11507 11506
f 11656 11657 11507
f 11657 11658 11507
f 11658 11509 11507
f 11509 11508 11507
f 11658 11659 11509
f 11659 11510 11509
f 11659 11660 11510
f 11660 11661 11510
f 11661 11662 11510
f 11662 11513 11510
f 11513 11511 11510
f 11513 11512 11511
f 11662 11663 11513
f 11663 11514 11513
f 11663 11664 11514
f 11664 11515 11514
f 11664 11665 11515
f 11665 11516 11515
f 11665 11518 11516
f 11666 11520 11519
f 11666 11521 11520
f 11666 11667 11521
f 11667 11522 11521
f 11667 11668 11522
f 11668 11523 11522
f 11668 11526 11523
f 11526 11524 11523
f 11668 11669 11526
f 11526 11392 11527
f 11531 11670 11530
f 11670 11532 11530
f 11670 11671 11532
f 11671 11672 11532
f 11672 11534 11532
f 11534 11533 11532
f 11672 11673 11534
f 11673 11674 11534
f 11674 11675 11534
f 11675 11676 11534
f 11676 11535 11534
f 11676 11536 11535
f 11676 11538 11536
f 11538 11537 11536
f 11676 11677 11538
f 11677 11539 11538
f 11677 11678 11539
f 11678 11679 11539
f 11679 11680 11539
f 11680 11541 11539
f 11541 11540 11539
f 11680 11681 11541
f 11681 11649 11541
f 11649 11542 11541
f 11496 11682 11543
f 11682 11683 11543
f 11683 11545 11543
f 11545 11544 11543
f 11683 11684 11545
f 11684 11548 11545
f 11548 11547 11545
f 11547 11546 11545
f 11684 11685 11548
f 11685 11549 11548
f 11685 11686 11549
f 11686 11550 11549
f 11686 11687 11550
f 11687 11573 11550
f 11573 11572 11550
f 11553 11688 11551
f 11552 11553 11551
f 11689 11688 11553
f 11554 11689 11553
f 11690 11689 11554
f 11691 11690 11554
f 11692 11691 11554
f 11555 11692 11554
f 11557 11692 11555
f 11556 11557 11555
f 11693 11692 11557
f 11694 11693 11557
f 11695 11694 11557
f 11696 11695 11557
f 11558 11696 11557
f 11697 11696 11558
f 11560 11697 11558
f 11559 11560 11558
f 11571 11697 11560
f 11575 11698 11561
f 11698 11562 11561
f 11698 11564 11562
f 11564 11563 11562
f 11698 11699 11564
f 11699 11700 11564
f 11700 11701 11564
f 11701 11702 11564
f 11702 11565 11564
f 11702 11567 11565
f 11567 11566 11565
f 11702 11703 11567
f 11703 11704 11567
f 11704 11568 11567
f 11704 11705 11568
f 11705 11569 11568
f 11705 11706 11569
f 11709 11697 11571
f 11708 11709 11571
f 11687 11710 11573
f 11710 11711 11573
f 11711 11574 11573
f 11711 11712 11574
f 11712 11575 11574
f 11712 11699 11575
f 11699 11698 11575
f 11584 11713 11576
f 11713 11714 11576
f 11714 11577 11576
f 11714 11715 11577
f 11715 11578 11577
f 11715 11579 11578
f 11715 11716 11579
f 11716 11580 11579
f 11716 11717 11580
f 11717 11718 11580
f 11718 11644 11580
f 11644 11581 11580
f 11644 11583 11581
f 11583 11582 11581
f 11585 11719 11584
f 11719 11720 11584
f 11720 11713 11584
f 11591 11721 11585
f 11721 11719 11585
f 11722 11587 11586
f 11592 11722 11586
f 11723 11588 11587
f 11724 11723 11587
f 11722 11724 11587
f 11725 11589 11588
f 11726 11725 11588
f 11727 11726 11588
f 11728 11727 11588
f 11729 11728 11588
f 11723 11729 11588
f 11725 11730 11589
f 11730 11731 11589
f 11731 11590 11589
f 11731 11732 11590
f 11732 11733 11590
f 11733 11591 11590
f 11733 11721 11591
f 11734 11722 11592
f 11593 11734 11592
f 11735 11734 11593
f 11594 11735 11593
f 11736 11735 11594
f 11737 11736 11594
f 11738 11737 11594
f 11595 11738 11594
f 11597 11738 11595
f 11596 11597 11595
f 11739 11738 11597
f 11740 11739 11597
f 11599 11740 11597
f 11598 11599 11597
f 11741 11740 11599
f 11742 11741 11599
f 11601 11742 11599
f 11600 11601 11599
f 11743 11742 11601
f 11602 11743 11601
f 11744 11743 11602
f 11603 11744 11602
f 11611 11744 11603
f 11605 11611 11603
f 11604 11605 11603
f 11648 11607 11606
f 11648 11745 11607
f 11745 11746 11607
f 11746 11747 11607
f 11747 11608 11607
f 11747 11748 11608
f 11748 11749 11608
f 11749 11609 11608
f 11749 11614 11609
f 11750 11744 11611
f 11612 11750 11611
f 11751 11750 11612
f 11752 11751 11612
f 11753 11752 11613
f 11748 11753 11613
f 11614 11748 11613
f 11752 11612 11613
f 11749 11748 11614
f 11626 11616 11615
f 11627 11617 11616
f 11626 11627 11616
f 11627 11754 11617
f 11754 11755 11617
f 11755 11756 11617
f 11756 11619 11617
f 11619 11618 11617
f 11756 11755 11619
f 11755 11637 11619
f 11637 11620 11619
f 11637 11638 11620
f 11638 11640 11620
f 11640 11621 11620
f 11640 11643 11621
f 11643 11622 11621
f 11643 11623 11622
f 11643 11642 11623
f 11642 11624 11623
f 11642 11625 11624
f 11615 11278 11626
f 11631 11754 11627
f 11630 11631 11627
f 11628 11630 11627
f 11629 11630 11628
f 11632 11754 11631
f 11635 11754 11632
f 11633 11635 11632
f 11634 11635 11633
f 11755 11754 11635
f 11636 11755 11635
f 11637 11755 11636
f 11641 11643 11640
f 11718 11646 11644
f 11646 11645 11644
f 11718 11717 11646
f 11717 11757 11646
f 11757 11648 11646
f 11648 11647 11646
f 11757 11758 11648
f 11758 11745 11648
f 11681 11759 11649
f 11759 11760 11649
f 11760 11650 11649
f 11760 11651 11650
f 11760 11761 11651
f 11761 11762 11651
f 11762 11763 11651
f 11763 11652 11651
f 11763 11764 11652
f 11764 11654 11652
f 11654 11653 11652
f 11764 11765 11654
f 11765 11656 11654
f 11656 11655 11654
f 11765 11766 11656
f 11766 11657 11656
f 11766 11767 11657
f 11767 11768 11657
f 11768 11659 11657
f 11659 11658 11657
f 11768 11769 11659
f 11769 11660 11659
f 11769 11770 11660
f 11770 11771 11660
f 11771 11772 11660
f 11772 11661 11660
f 11772 11663 11661
f 11663 11662 11661
f 11772 11773 11663
f 11773 11774 11663
f 11774 11664 11663
f 11774 11775 11664
f 11775 11665 11664
f 11775 11518 11665
f 11669 11668 11667
f 11776 11673 11671
f 11673 11672 11671
f 11776 11777 11673
f 11777 11778 11673
f 11778 11779 11673
f 11779 11674 11673
f 11779 11780 11674
f 11780 11675 11674
f 11780 11677 11675
f 11677 11676 11675
f 11780 11781 11677
f 11781 11678 11677
f 11781 11782 11678
f 11782 11783 11678
f 11783 11784 11678
f 11784 11679 11678
f 11784 11785 11679
f 11785 11680 11679
f 11785 11759 11680
f 11759 11681 11680
f 11496 11786 11682
f 11786 11684 11682
f 11684 11683 11682
f 11786 11787 11684
f 11787 11685 11684
f 11787 11686 11685
f 11787 11786 11686
f 11786 11788 11686
f 11788 11789 11686
f 11789 11790 11686
f 11790 11710 11686
f 11710 11687 11686
f 11791 11688 11689
f 11690 11791 11689
f 11792 11791 11690
f 11793 11792 11690
f 11692 11793 11690
f 11691 11692 11690
f 11794 11793 11692
f 11693 11794 11692
f 11795 11794 11693
f 11796 11795 11693
f 11694 11796 11693
f 11695 11796 11694
f 11709 11796 11695
f 11696 11709 11695
f 11697 11709 11696
f 11712 11797 11699
f 11797 11798 11699
f 11798 11799 11699
f 11799 11700 11699
f 11799 11800 11700
f 11800 11701 11700
f 11800 11801 11701
f 11801 11703 11701
f 11703 11702 11701
f 11801 11802 11703
f 11802 11803 11703
f 11803 11704 11703
f 11803 11804 11704
f 11804 11705 11704
f 11804 11805 11705
f 11805 11806 11705
f 11806 11706 11705
f 11806 11707 11706
f 11806 11807 11707
f 11808 11709 11708
f 11809 11796 11709
f 11808 11809 11709
f 11790 11810 11710
f 11810 11811 11710
f 11811 11711 11710
f 11811 11797 11711
f 11797 11712 11711
f 11720 11812 11713
f 11812 11714 11713
f 11812 11715 11714
f 11812 11813 11715
f 11813 11716 11715
f 11813 11814 11716
f 11814 11717 11716
f 11814 11758 11717
f 11758 11757 11717
f 11721 11815 11719
f 11815 11720 11719
f 11815 11816 11720
f 11816 11812 11720
f 11733 11817 11721
f 11817 11815 11721
f 11818 11724 11722
f 11734 11818 11722
f 11819 11729 11723
f 11724 11819 11723
f 11820 11819 11724
f 11818 11820 11724
f 11726 11821 11725
f 11821 11730 11725
f 11727 11822 11726
f 11822 11823 11726
f 11823 11824 11726
f 11824 11821 11726
f 11825 11822 11727
f 11826 11825 11727
f 11827 11826 11727
f 11728 11827 11727
f 11819 11827 11728
f 11729 11819 11728
f 11821 11824 11730
f 11824 11828 11730
f 11828 11732 11730
f 11732 11731 11730
f 11828 11829 11732
f 11829 11733 11732
f 11829 11830 11733
f 11830 11817 11733
f 11831 11818 11734
f 11735 11831 11734
f 11832 11831 11735
f 11736 11832 11735
f 11833 11832 11736
f 11834 11833 11736
f 11835 11834 11736
f 11737 11835 11736
f 11739 11835 11737
f 11738 11739 11737
f 11836 11835 11739
f 11837 11836 11739
f 11741 11837 11739
f 11740 11741 11739
f 11838 11837 11741
f 11839 11838 11741
f 11743 11839 11741
f 11742 11743 11741
f 11750 11839 11743
f 11744 11750 11743
f 11758 11840 11745
f 11840 11841 11745
f 11841 11746 11745
f 11841 11842 11746
f 11842 11843 11746
f 11843 11747 11746
f 11843 11842 11747
f 11842 11844 11747
f 11844 11753 11747
f 11753 11748 11747
f 11838 11839 11750
f 11751 11838 11750
f 11845 11838 11751
f 11846 11845 11751
f 11847 11846 11751
f 11752 11847 11751
f 11848 11847 11752
f 11753 11848 11752
f 11844 11848 11753
f 11814 11849 11758
f 11849 11850 11758
f 11850 11851 11758
f 11851 11840 11758
f 11785 11852 11759
f 11852 11853 11759
f 11853 11760 11759
f 11853 11854 11760
f 11854 11761 11760
f 11854 11855 11761
f 11855 11856 11761
f 11856 11857 11761
f 11857 11762 11761
f 11857 11763 11762
f 11857 11858 11763
f 11858 11765 11763
f 11765 11764 11763
f 11858 11859 11765
f 11859 11860 11765
f 11860 11766 11765
f 11860 11767 11766
f 11860 11861 11767
f 11861 11862 11767
f 11862 11769 11767
f 11769 11768 11767
f 11862 11863 11769
f 11863 11864 11769
f 11864 11770 11769
f 11864 11865 11770
f 11865 11866 11770
f 11866 11867 11770
f 11867 11771 11770
f 11867 11773 11771
f 11773 11772 11771
f 11867 11868 11773
f 11868 11774 11773
f 11868 11869 11774
f 11869 11870 11774
f 11870 11775 11774
f 11872 11871 11777
f 11871 11873 11777
f 11873 11778 11777
f 11873 11779 11778
f 11873 11781 11779
f 11781 11780 11779
f 11873 11874 11781
f 11874 11782 11781
f 11874 11875 11782
f 11875 11876 11782
f 11876 11877 11782
f 11877 11878 11782
f 11878 11783 11782
f 11878 11784 11783
f 11878 11852 11784
f 11852 11785 11784
f 11879 11789 11786
f 11789 11788 11786
f 11879 11880 11789
f 11880 11881 11789
f 11881 11882 11789
f 11882 11810 11789
f 11810 11790 11789
f 11883 11688 11791
f 11884 11883 11791
f 11885 11884 11791
f 11792 11885 11791
f 11794 11885 11792
f 11793 11794 11792
f 11886 11885 11794
f 11887 11886 11794
f 11795 11887 11794
f 11796 11887 11795
f 11809 11887 11796
f 11811 11888 11797
f 11888 11889 11797
f 11889 11890 11797
f 11890 11891 11797
f 11891 11892 11797
f 11892 11798 11797
f 11892 11893 11798
f 11893 11799 11798
f 11893 11894 11799
f 11894 11800 11799
f 11894 11895 11800
f 11895 11896 11800
f 11896 11801 11800
f 11896 11897 11801
f 11897 11802 11801
f 11897 11898 11802
f 11898 11803 11802
f 11898 11899 11803
f 11899 11804 11803
f 11899 11900 11804
f 11900 11805 11804
f 11900 11901 11805
f 11901 11902 11805
f 11902 11806 11805
f 11902 11903 11806
f 11903 11807 11806
f 11903 11904 11807
f 11906 11809 11808
f 11905 11906 11808
f 11907 11887 11809
f 11908 11907 11809
f 11909 11908 11809
f 11906 11909 11809
f 11882 11889 11810
f 11889 11888 11810
f 11888 11811 11810
f 11816 11813 11812
f 11816 11849 11813
f 11849 11814 11813
f 11817 11910 11815
f 11910 11816 11815
f 11910 11911 11816
f 11911 11849 11816
f 11830 11912 11817
f 11912 11913 11817
f 11913 11910 11817
f 11914 11820 11818
f 11831 11914 11818
f 11915 11827 11819
f 11916 11915 11819
f 11820 11916 11819
f 11917 11916 11820
f 11914 11917 11820
f 11825 11918 11822
f 11918 11919 11822
f 11919 11920 11822
f 11920 11921 11822
f 11921 11823 11822
f 11921 11922 11823
f 11922 11923 11823
f 11923 11824 11823
f 11923 11829 11824
f 11829 11828 11824
f 11924 11918 11825
f 11925 11924 11825
f 11926 11925 11825
f 11827 11926 11825
f 11826 11827 11825
f 11927 11926 11827
f 11915 11927 11827
f 11923 11928 11829
f 11928 11830 11829
f 11928 11929 11830
f 11929 11930 11830
f 11930 11912 11830
f 11931 11914 11831
f 11832 11931 11831
f 11833 11931 11832
f 11932 11931 11833
f 11933 11932 11833
f 11934 11933 11833
f 11834 11934 11833
f 11935 11934 11834
f 11836 11935 11834
f 11835 11836 11834
f 11838 11935 11836
f 11837 11838 11836
f 11845 11935 11838
f 11851 11936 11840
f 11936 11841 11840
f 11936 11937 11841
f 11937 11842 11841
f 11937 11848 11842
f 11848 11844 11842
f 11934 11935 11845
f 11938 11934 11845
f 11939 11938 11845
f 11940 11939 11845
f 11847 11940 11845
f 11846 11847 11845
f 11941 11940 11847
f 11848 11941 11847
f 11937 11942 11848
f 11942 11941 11848
f 11911 11943 11849
f 11943 11850 11849
f 11943 11851 11850
f 11943 11944 11851
f 11944 11945 11851
f 11945 11946 11851
f 11946 11937 11851
f 11937 11936 11851
f 11878 11947 11852
f 11947 11853 11852
f 11947 11948 11853
f 11948 11854 11853
f 11948 11949 11854
f 11949 11950 11854
f 11950 11951 11854
f 11951 11855 11854
f 11951 11952 11855
f 11952 11856 11855
f 11952 11953 11856
f 11953 11857 11856
f 11953 11859 11857
f 11859 11858 11857
f 11953 11954 11859
f 11954 11955 11859
f 11955 11860 11859
f 11955 11956 11860
f 11956 11861 11860
f 11956 11957 11861
f 11957 11958 11861
f 11958 11863 11861
f 11863 11862 11861
f 11958 11959 11863
f 11959 11960 11863
f 11960 11864 11863
f 11960 11961 11864
f 11961 11865 11864
f 11961 11962 11865
f 11962 11963 11865
f 11963 11868 11865
f 11868 11866 11865
f 11868 11867 11866
f 11963 11869 11868
f 11963 11962 11869
f 11872 11964 11871
f 11964 11874 11871
f 11874 11873 11871
f 11964 11965 11874
f 11965 11875 11874
f 11965 11966 11875
f 11966 11967 11875
f 11967 11968 11875
f 11968 11969 11875
f 11969 11876 11875
f 11969 11877 11876
f 11969 11947 11877
f 11947 11878 11877
f 11879 11881 11880
f 11970 11889 11881
f 11889 11882 11881
f 11971 11688 11883
f 11972 11971 11883
f 11973 11972 11883
f 11884 11973 11883
f 11886 11973 11884
f 11885 11886 11884
f 11974 11973 11886
f 11907 11974 11886
f 11887 11907 11886
f 11970 11975 11889
f 11975 11890 11889
f 11975 11891 11890
f 11975 11976 11891
f 11976 11977 11891
f 11977 11893 11891
f 11893 11892 11891
f 11977 11978 11893
f 11978 11894 11893
f 11978 11979 11894
f 11979 11895 11894
f 11979 11980 11895
f 11980 11981 11895
f 11981 11897 11895
f 11897 11896 11895
f 11981 11982 11897
f 11982 11899 11897
f 11899 11898 11897
f 11982 11983 11899
f 11983 11984 11899
f 11984 11985 11899
f 11985 11900 11899
f 11985 11986 11900
f 11986 11987 11900
f 11987 11901 11900
f 11987 11988 11901
f 11988 11903 11901
f 11903 11902 11901
f 11988 11989 11903
f 11989 11904 11903
f 11989 11990 11904
f 11991 11906 11905
f 11991 11909 11906
f 11992 11974 11907
f 11993 11992 11907
f 11908 11993 11907
f 11909 11993 11908
f 11994 11993 11909
f 11991 11994 11909
f 11913 11911 11910
f 11913 11944 11911
f 11944 11943 11911
f 11930 11995 11912
f 11995 11913 11912
f 11995 11944 11913
f 11996 11917 11914
f 11931 11996 11914
f 11997 11927 11915
f 11916 11997 11915
f 11998 11997 11916
f 11917 11998 11916
f 11999 11998 11917
f 11996 11999 11917
f 11924 11919 11918
f 11924 12000 11919
f 12000 12001 11919
f 12001 11920 11919
f 12001 12002 11920
f 12002 11921 11920
f 12002 12003 11921
f 12003 11922 11921
f 12003 11928 11922
f 11928 11923 11922
f 11925 12004 11924
f 12004 12005 11924
f 12005 12006 11924
f 12006 12007 11924
f 11927 12004 11925
f 11926 11927 11925
f 12005 12004 11927
f 12006 12005 11927
f 11997 12006 11927
f 12003 12008 11928
f 12008 12009 11928
f 12009 12010 11928
f 12010 11929 11928
f 12010 11930 11929
f 12010 12011 11930
f 12011 11995 11930
f 12012 11996 11931
f 11932 12012 11931
f 12013 12012 11932
f 12014 12013 11932
f 12015 12014 11932
f 11933 12015 11932
f 11938 12015 11933
f 11934 11938 11933
f 11946 11945 11937
f 11945 11942 11937
f 12016 12015 11938
f 12017 12016 11938
f 11940 12017 11938
f 12018 11940 11938
f 11939 12018 11938
f 11940 12018 11939
f 12019 12017 11940
f 11941 12019 11940
f 12020 12019 11941
f 11942 12020 11941
f 11945 12021 11942
f 12021 12022 11942
f 12022 12020 11942
f 11995 12023 11944
f 12023 12024 11944
f 12024 11945 11944
f 12024 12021 11945
f 11969 12025 11947
f 12025 12026 11947
f 12026 11948 11947
f 12026 11949 11948
f 12026 12027 11949
f 12027 12028 11949
f 12028 12029 11949
f 12029 11950 11949
f 12029 12030 11950
f 12030 11951 11950
f 12030 12031 11951
f 12031 11952 11951
f 12031 11955 11952
f 11955 11954 11952
f 11954 11953 11952
f 12031 12032 11955
f 12032 11956 11955
f 12032 12033 11956
f 12033 11957 11956
f 12033 12034 11957
f 12034 12035 11957
f 12035 11959 11957
f 11959 11958 11957
f 12035 12036 11959
f 12036 12037 11959
f 12037 11960 11959
f 12037 11961 11960
f 12037 12038 11961
f 12038 12039 11961
f 12039 11962 11961
f 12039 11869 11962
f 11872 12040 11964
f 12040 11965 11964
f 12040 12041 11965
f 12041 11966 11965
f 12041 12042 11966
f 12042 12043 11966
f 12043 12044 11966
f 12044 12045 11966
f 12045 11967 11966
f 12045 12025 11967
f 12025 11968 11967
f 12025 11969 11968
f 12046 11688 11971
f 12047 12046 11971
f 12048 12047 11971
f 11974 12048 11971
f 11972 11974 11971
f 11973 11974 11972
f 12049 12048 11974
f 12050 12049 11974
f 11992 12050 11974
f 12051 11978 11976
f 11978 11977 11976
f 12051 12052 11978
f 12052 11979 11978
f 12052 12053 11979
f 12053 12054 11979
f 12054 11980 11979
f 12054 11983 11980
f 11983 11982 11980
f 11982 11981 11980
f 12054 12053 11983
f 12053 12055 11983
f 12055 12056 11983
f 12056 12057 11983
f 12057 11984 11983
f 12057 11985 11984
f 12057 12058 11985
f 12058 11986 11985
f 12058 12059 11986
f 12059 12060 11986
f 12060 11987 11986
f 12060 12061 11987
f 12061 11989 11987
f 11989 11988 11987
f 12061 12062 11989
f 12062 11990 11989
f 12062 12063 11990
f 12063 12064 11990
f 12065 11994 11991
f 11993 12050 11992
f 12066 12050 11993
f 12067 12066 11993
f 11994 12067 11993
f 12065 12067 11994
f 12011 12068 11995
f 12068 12023 11995
f 12069 11999 11996
f 12012 12069 11996
f 12070 12006 11997
f 11998 12070 11997
f 11999 12070 11998
f 12071 12070 11999
f 12069 12071 11999
f 11924 12072 12000
f 12072 12073 12000
f 12073 12001 12000
f 12073 12074 12001
f 12074 12002 12001
f 12074 12008 12002
f 12008 12003 12002
f 12075 12007 12006
f 12070 12075 12006
f 12074 12076 12008
f 12076 12077 12008
f 12077 12009 12008
f 12077 12010 12009
f 12077 12078 12010
f 12078 12079 12010
f 12079 12080 12010
f 12080 12011 12010
f 12080 12068 12011
f 12081 12069 12012
f 12013 12081 12012
f 12014 12082 12013
f 12082 12083 12013
f 12083 12079 12013
f 12079 12078 12013
f 12078 12081 12013
f 12016 12082 12014
f 12015 12016 12014
f 12084 12082 12016
f 12085 12084 12016
f 12019 12085 12016
f 12017 12019 12016
f 12022 12085 12019
f 12020 12022 12019
f 12024 12068 12021
f 12068 12080 12021
f 12080 12022 12021
f 12080 12084 12022
f 12084 12085 12022
f 12068 12024 12023
f 12045 12086 12025
f 12086 12087 12025
f 12087 12026 12025
f 12087 12027 12026
f 12087 12088 12027
f 12088 12089 12027
f 12089 12028 12027
f 12089 12090 12028
f 12090 12029 12028
f 12090 12091 12029
f 12091 12030 12029
f 12091 12032 12030
f 12032 12031 12030
f 12091 12092 12032
f 12092 12093 12032
f 12093 12033 12032
f 12093 12094 12033
f 12094 12034 12033
f 12094 12095 12034
f 12095 12036 12034
f 12036 12035 12034
f 12095 12096 12036
f 12096 12037 12036
f 12096 12097 12037
f 12097 12038 12037
f 12097 12098 12038
f 12038 11869 12039
f 12100 12099 12042
f 12099 12043 12042
f 12099 12101 12043
f 12101 12086 12043
f 12086 12044 12043
f 12086 12045 12044
f 12047 12102 12046
f 12102 12103 12046
f 12103 12104 12046
f 12104 12105 12046
f 12106 12102 12047
f 12107 12106 12047
f 12066 12107 12047
f 12050 12066 12047
f 12049 12050 12047
f 12048 12049 12047
f 12051 12108 12052
f 12108 12053 12052
f 12108 12105 12053
f 12105 12104 12053
f 12104 12055 12053
f 12104 12103 12055
f 12103 12109 12055
f 12109 12056 12055
f 12109 12057 12056
f 12109 12110 12057
f 12110 12058 12057
f 12110 12111 12058
f 12111 12059 12058
f 12111 12112 12059
f 12112 12113 12059
f 12113 12060 12059
f 12113 12114 12060
f 12114 12062 12060
f 12062 12061 12060
f 12114 12063 12062
f 12114 12115 12063
f 12115 12116 12063
f 12116 12064 12063
f 12064 12116 12065
f 12116 12066 12065
f 12066 12067 12065
f 12117 12107 12066
f 12116 12117 12066
f 12081 12071 12069
f 12071 12075 12070
f 12081 12075 12071
f 12119 12118 12072
f 12118 12120 12072
f 12120 12073 12072
f 12120 12121 12073
f 12121 12076 12073
f 12076 12074 12073
f 12121 12077 12076
f 12121 12122 12077
f 12122 12081 12077
f 12081 12078 12077
f 12083 12082 12079
f 12082 12080 12079
f 12122 12120 12081
f 12084 12080 12082
f 12101 12123 12086
f 12123 12087 12086
f 12123 12124 12087
f 12124 12125 12087
f 12125 12126 12087
f 12126 12088 12087
f 12126 12127 12088
f 12127 12090 12088
f 12090 12089 12088
f 12127 12128 12090
f 12128 12129 12090
f 12129 12092 12090
f 12092 12091 12090
f 12129 12130 12092
f 12130 12131 12092
f 12131 12093 12092
f 12131 12094 12093
f 12131 12098 12094
f 12098 12096 12094
f 12096 12095 12094
f 12098 12097 12096
f 12131 12132 12098
f 12132 12038 12098
f 12100 12133 12099
f 12133 12134 12099
f 12134 12123 12099
f 12123 12101 12099
f 12106 12135 12102
f 12135 12136 12102
f 12136 12137 12102
f 12137 12103 12102
f 12137 12110 12103
f 12110 12109 12103
f 12107 12117 12106
f 12117 12138 12106
f 12138 12139 12106
f 12139 12140 12106
f 12140 12135 12106
f 11976 12108 12051
f 12137 12136 12110
f 12136 12141 12110
f 12141 12112 12110
f 12112 12111 12110
f 12141 12142 12112
f 12142 12138 12112
f 12138 12114 12112
f 12114 12113 12112
f 12138 12115 12114
f 12115 12117 12116
f 12115 12138 12117
f 12119 12143 12118
f 12143 12144 12118
f 12144 12145 12118
f 12145 12081 12118
f 12081 12146 12118
f 12146 12120 12118
f 12146 12081 12120
f 12122 12121 12120
f 12134 12147 12123
f 12147 12124 12123
f 12147 12148 12124
f 12148 12149 12124
f 12149 12150 12124
f 12150 12125 12124
f 12150 12151 12125
f 12151 12126 12125
f 12151 12128 12126
f 12128 12127 12126
f 12151 12152 12128
f 12152 12153 12128
f 12153 12130 12128
f 12130 12129 12128
f 12153 12154 12130
f 12154 12131 12130
f 12154 12155 12131
f 12155 12132 12131
f 12156 12147 12133
f 12147 12134 12133
f 12140 12157 12135
f 12157 12141 12135
f 12141 12136 12135
f 12142 12139 12138
f 12142 12157 12139
f 12157 12140 12139
f 12157 12142 12141
f 12143 12158 12144
f 12158 12145 12144
f 12156 12159 12147
f 12159 12160 12147
f 12160 12148 12147
f 12160 12161 12148
f 12161 12162 12148
f 12162 12150 12148
f 12150 12149 12148
f 12162 12163 12150
f 12163 12164 12150
f 12164 12152 12150
f 12152 12151 12150
f 12164 12165 12152
f 12165 12155 12152
f 12155 12154 12152
f 12154 12153 12152
f 12165 12132 12155
f 12167 12166 12160
f 12166 12163 12160
f 12163 12161 12160
f 12163 12162 12161
f 12166 12168 12163
f 12168 12169 12163
f 12169 12165 12163
f 12165 12164 12163
f 12169 12170 12165
f 12167 12171 12166
f 12171 12172 12166
f 12172 12168 12166
f 12172 12173 12168
f 12173 12170 12168
f 12170 12169 12168
f 11519 11667 11666
f 10042 10959 10297
f 246 202 201
f 291 246 201
f 331 291 201
f 243 331 201
f 562 490 526
f 639 562 526
f 716 639 526
f 799 716 526
f 850 799 526
f 854 1050 850
f 606 719 760
f 606 760 759
f 607 606 759
f 607 759 854
f 850 526 565
f 850 565 607
f 850 607 854
f 8488 8084 7561
f 8084 7467 7561
f 7467 6518 7561
f 12119 12072 11924
f 12119 11924 12007
f 12143 12119 12007
f 12143 12007 12075
f 12173 12172 12179
f 12178 12173 12179
f 12183 8629 8897
f 12183 8897 12174
f 12182 12183 12174
f 12182 12174 12175
f 12181 12182 12175
f 12181 12175 12176
f 12180 12181 12176
f 12180 12176 12177
f 12179 12180 12177
f 12179 12177 12178
f 8336 12184 8049
f 12184 7738 8049
f 8334 12185 8633
f 12185 8897 8633
f 11870 11869 12192
f 12191 11669 11667
f 12178 12165 12170
f 12170 12173 12178
f 12165 12178 12177
f 12174 12193 12175
f 12176 12175 12193
f 8897 12193 12174
f 12185 12193 8897
f 12193 12185 12189
f 12190 8033 8034
f 12190 8032 8033
f 12188 12195 12196
f 11775 12196 12195
f 12192 12188 12196
f 11775 12195 12197
f 12188 12197 12195
f 11518 11775 12197
f 12191 12198 11669
f 11526 11669 12198
f 11526 12199 12200
f 12186 12200 12199
f 11392 11526 12200
f 12038 12201 11869
f 12192 11869 12201
f 8334 12202 12204
f 12038 12203 12202
f 12189 12204 12203
f 12202 12203 12204
f 12192 12196 11870
f 11775 11870 12196
f 7715 12205 12206
f 12194 12206 12205
f 8031 7715 12206
f 12194 12207 12209
f 12187 12208 12207
f 11519 12209 12208
f 12207 12208 12209
f 8032 12210 12211
f 12194 12211 12210
f 7403 8032 12211
f 12187 12207 12212
f 12194 12212 12207
f 12190 12187 12212
f 8036 12213 12214
f 12186 12214 12213
f 8034 8036 12214
f 8031 12215 12216
f 12188 12216 12215
f 8335 8031 12216
f 8334 12217 12202
f 12192 12201 12217
f 12038 12202 12201
f 12217 12201 12202
f 12176 12218 12219
f 12189 12219 12218
f 12177 12176 12219
f 12165 12220 12132
f 12189 12132 12220
f 12177 12219 12220
f 12189 12220 12219
f 12165 12177 12220
f 12192 12221 12216
f 8335 12216 12221
f 12188 12192 12216
f 12189 12218 12193
f 12176 12193 12218
f 12188 12222 12197
f 12194 12223 12222
f 11518 12197 12223
f 12222 12223 12197
f 11518 12223 12209
f 12194 12209 12223
f 11519 11518 12209
f 12187 12224 12191
f 12186 12191 12224
f 8334 12204 12185
f 12189 12185 12204
f 12189 12203 12132
f 12038 12132 12203
f 9693 12225 12226
f 7738 12226 12225
f 9181 9693 12226
f 11519 12208 12227
f 12187 12227 12208
f 11667 11519 12227
f 11033 12228 12229
f 8041 12229 12228
f 10646 11033 12229
f 12190 12230 12224
f 12186 12224 12230
f 12187 12190 12224
f 10646 12229 12231
f 8041 12231 12229
f 10429 10646 12231
f 10429 12232 12233
f 8046 12233 12232
f 9693 10429 12233
f 8906 12234 8336
f 12184 8336 12234
f 7738 12225 12233
f 9693 12233 12225
f 8046 7738 12233
f 12184 12235 12226
f 9181 12226 12235
f 7738 12184 12226
f 9181 12235 12234
f 12184 12234 12235
f 8906 9181 12234
f 8046 12232 12231
f 10429 12231 12232
f 8041 8046 12231
f 12186 12199 12198
f 11526 12198 12199
f 12191 12186 12198
f 8335 12221 12217
f 12192 12217 12221
f 8334 8335 12217
f 12190 12212 12210
f 12194 12210 12212
f 8032 12190 12210
f 12194 12222 12206
f 12188 12215 12222
f 8031 12206 12215
f 12222 12215 12206
f 11667 12227 12191
f 12187 12191 12227
f 11392 12200 12236
f 12186 12236 12200
f 11033 11392 12236
f 7403 12211 12205
f 12194 12205 12211
f 7715 7403 12205
f 8039 12237 12213
f 12186 12213 12237
f 8036 8039 12213
f 8034 12214 12230
f 12186 12230 12214
f 12190 8034 12230
f 11033 12236 12238
f 12186 12237 12236
f 8039 12238 12237
f 12236 12237 12238
f 8041 12228 12238
f 11033 12238 12228
f 8039 8041 12238
f 10405 12239 11387
f 12239 11496 11387
f 11970 12240 11975
f 12240 11225 11551
f 12240 11970 11881
f 12240 11881 11879
f 11225 12240 11043
f 12108 12241 12242
f 11688 12242 12241
f 12105 12108 12242
f 11976 12243 12241
f 11688 12241 12243
f 12108 11976 12241
f 11688 12243 12244
f 11976 12244 12243
f 11551 11688 12244
f 11975 12245 12244
f 11551 12244 12245
f 11976 11975 12244
f 11551 12245 12240
f 11975 12240 12245
f 11786 12246 12247
f 11043 12247 12246
f 11879 11786 12247
f 12105 12242 12046
f 11688 12046 12242
f 11043 12246 12248
f 11786 12248 12246
f 10198 11043 12248
f 11879 12247 12240
f 11043 12240 12247
f 10198 12248 12249
f 9944 12250 12251
f 11496 12251 12250
f 9696 9944 12251
f 10198 12249 12250
f 11496 12250 12249
f 9944 10198 12250
f 12239 12252 12251
f 9696 12251 12252
f 11496 12239 12251
f 8638 12253 8053
f 10405 8053 12253
f 10405 12254 12255
f 9182 12255 12254
f 12239 10405 12255
f 8907 12256 12253
f 10405 12253 12256
f 8638 8907 12253
f 9182 12254 12256
f 10405 12256 12254
f 8907 9182 12256
f 9696 12252 12255
f 12239 12255 12252
f 9182 9696 12255
f 12248 12257 12249
f 11496 12249 12257
f 11496 12257 11786
f 12248 11786 12257
f 5429 5428 12258
f 12273 5429 12258
f 12273 12258 12259
f 12272 12273 12259
f 12272 12259 12260
f 12271 12272 12260
f 12271 12260 12261
f 12270 12271 12261
f 12265 4816 4817
f 12265 4817 12266
f 12270 12261 12262
f 12269 12270 12262
f 12264 12265 12266
f 12264 12266 12267
f 12263 12264 12267
f 12263 12267 12268
f 12263 12268 12269
f 12262 12263 12269
f 2979 2977 3156
f 3156 2977 12274
f 12283 3156 12274
f 12283 12274 12275
f 12282 12283 12275
f 12282 12275 12276
f 12281 12282 12276
f 12281 12276 12277
f 12280 12281 12277
f 12278 2939 2941
f 12278 2941 12279
f 12278 12279 12280
f 12277 12278 12280
f 12288 3342 3343
f 12288 3343 12289
f 12287 12288 12289
f 12287 12289 12290
f 12286 12287 12290
f 12286 12290 12291
f 3485 3293 12284
f 12293 3485 12284
f 12293 12284 12285
f 12292 12293 12285
f 12292 12285 12286
f 12291 12292 12286
f 12303 5987 6286
f 12303 6286 12304
f 12302 12303 12304
f 12302 12304 12305
f 12301 12302 12305
f 12301 12305 12306
f 12300 12301 12306
f 12300 12306 12307
f 12299 12300 12307
f 12299 12307 12308
f 12298 12299 12308
f 12298 12308 12309
f 12297 12298 12309
f 12297 12309 12310
f 12297 12310 12311
f 12296 12297 12311
f 12296 12311 12312
f 12295 12296 12312
f 12295 12312 12313
f 12294 12295 12313
f 12294 12313 5629
f 12294 5629 5362
f 8354 8353 12316
f 12315 8354 12316
f 12315 12316 12317
f 12314 12315 12317
f 12314 12317 8650
f 12314 8650 8915
f 8924 12318 9456
f 8924 8656 12315
f 8656 8354 12315
f 8924 8923 8656
f 12318 12314 8915
f 8924 12319 12318
f 12314 12318 12319
f 12314 12319 12315
f 8924 12315 12319
f 7561 12321 7241
f 12321 6607 7241
f 5916 12322 6518
f 12322 12320 6518
f 12320 12323 6518
f 12323 7561 6518
f 5630 5629 12313
f 5630 12313 12312
f 6605 12326 6291
f 6287 6288 6289
f 6287 12304 6286
f 12312 12327 5630
f 5631 5630 12327
f 5631 12328 12329
f 12311 12329 12328
f 5632 5631 12329
f 12322 12330 12331
f 12320 12322 12331
f 12309 12332 12333
f 12325 12333 12332
f 12310 12309 12333
f 5632 12334 12335
f 12325 12335 12334
f 5916 5632 12335
f 12308 12336 12332
f 12325 12332 12336
f 12309 12308 12332
f 12320 12331 12337
f 12323 12320 12337
f 12322 12338 12330
f 12325 12339 12338
f 12338 12339 12330
f 12307 12340 12341
f 12308 12307 12341
f 12325 12336 12339
f 12308 12341 12336
f 12336 12341 12339
f 12326 12342 6291
f 6290 6291 12342
f 12325 12334 12343
f 5632 12329 12334
f 12311 12343 12329
f 12334 12329 12343
f 12310 12333 12343
f 12325 12343 12333
f 12311 12310 12343
f 12311 12328 12327
f 5631 12327 12328
f 12312 12311 12327
f 5916 12335 12338
f 12325 12338 12335
f 12322 5916 12338
f 12323 12337 12345
f 12321 12345 12344
f 12337 12344 12345
f 12321 12344 12346
f 6607 12321 12346
f 6605 12347 12348
f 6607 12348 12347
f 12326 6605 12348
f 6607 12347 6606
f 6605 6606 12347
f 6290 12342 12349
f 12326 12349 12342
f 6289 6290 12349
f 12326 12350 12349
f 12306 12351 12350
f 6289 12349 12351
f 12350 12351 12349
f 12306 12352 12340
f 12307 12306 12340
f 12304 12353 12354
f 6289 12354 12353
f 12305 12304 12354
f 12305 12354 12351
f 6289 12351 12354
f 12306 12305 12351
f 12326 12348 12346
f 6607 12346 12348
f 6289 12353 6287
f 12304 6287 12353
f 12306 12350 12352
f 12330 12355 12356
f 12324 12356 12355
f 12331 12330 12356
f 12331 12356 12357
f 12324 12357 12356
f 12337 12331 12357
f 12339 12358 12355
f 12324 12355 12358
f 12330 12339 12355
f 12340 12359 12360
f 12324 12360 12359
f 12341 12340 12360
f 12341 12360 12358
f 12324 12358 12360
f 12339 12341 12358
f 12337 12357 12361
f 12324 12361 12357
f 12344 12337 12361
f 12344 12361 12362
f 12324 12362 12361
f 12346 12344 12362
f 12352 12363 12359
f 12324 12359 12363
f 12340 12352 12359
f 12346 12362 12364
f 12324 12364 12362
f 12326 12346 12364
f 12350 12365 12363
f 12324 12363 12365
f 12352 12350 12363
f 12326 12364 12365
f 12324 12365 12364
f 12350 12326 12365
f 7561 12366 12321
f 12345 12321 12366
f 12366 12367 12345
f 12323 12345 12367
f 12367 12368 12323
f 7561 12323 12368
f 7561 12368 12366
f 12367 12366 12368
f 3682 12369 3893
f 3485 12293 3681
f 4397 4640 12370
f 3534 12289 3532
f 12289 3534 3533
f 3343 3532 12289
f 4116 12371 4348
f 4640 4348 12371
f 4640 12372 12373
f 12369 12373 12372
f 12370 4640 12373
f 4397 12374 4162
f 3943 4162 12374
f 12293 12292 12375
f 4116 12376 12371
f 12369 12372 12376
f 4640 12371 12372
f 12376 12372 12371
f 3681 12377 3682
f 12369 3682 12377
f 12293 12375 12377
f 12369 12377 12375
f 3681 12293 12377
f 12370 12378 12374
f 3943 12374 12378
f 4397 12370 12374
f 12290 12379 3728
f 3533 3728 12379
f 12369 12376 3893
f 4116 3893 12376
f 12292 12380 12373
f 12370 12373 12380
f 12370 12381 12378
f 12290 12382 12381
f 3943 12378 12382
f 12381 12382 12378
f 12290 12381 12291
f 12370 12291 12381
f 3943 12382 3728
f 12290 3728 12382
f 12370 12380 12291
f 12292 12291 12380
f 3533 12379 12289
f 12290 12289 12379
f 12292 12383 12375
f 12369 12375 12383
f 12369 12383 12373
f 12292 12373 12383
f 5139 12384 5410
f 12384 6266 5410
f 8752 12385 9030
f 12385 10042 9030
f 11151 12389 11152
f 10959 12389 11150
f 11151 11150 12389
f 7837 7529 6582
f 8144 7838 12398
f 12398 7838 7837
f 12397 9011 9778
f 7193 7510 12394
f 7192 12395 6877
f 7509 12394 7510
f 7193 12394 7192
f 12394 12395 7192
f 12396 4375 4143
f 3330 3157 12283
f 3156 12283 3157
f 12279 3117 12280
f 3117 12279 2941
f 12280 3117 3294
f 10027 12401 12400
f 12387 12402 12403
f 8446 12403 12402
f 12398 12387 12403
f 12384 12404 12405
f 12391 12405 12404
f 6266 12384 12405
f 12389 12406 11152
f 11149 11152 12406
f 12385 12407 12409
f 12388 12408 12407
f 12397 12409 12408
f 12407 12408 12409
f 12395 12410 6877
f 6558 6877 12410
f 6582 12411 12412
f 12395 12412 12411
f 7837 6582 12412
f 12396 12413 4375
f 4615 4375 12413
f 6266 12414 12411
f 12395 12411 12414
f 6582 6266 12411
f 8446 12415 12416
f 8426 12416 12415
f 8752 8446 12416
f 7837 12412 12417
f 12395 12417 12412
f 12398 7837 12417
f 12398 12403 8144
f 8446 8144 12403
f 9012 12418 12419
f 12397 12408 12418
f 12388 12419 12408
f 12418 12408 12419
f 9013 12420 12421
f 12388 12421 12420
f 8736 9013 12421
f 12391 12422 12405
f 12395 12414 12422
f 6266 12405 12414
f 12422 12414 12405
f 10749 12423 12424
f 12389 12424 12423
f 10522 10749 12424
f 12397 12425 12400
f 10027 12400 12425
f 10042 12397 12400
f 9012 12419 12420
f 12388 12420 12419
f 9013 9012 12420
f 10027 12425 9778
f 12397 9778 12425
f 10522 12426 12401
f 10959 12401 12426
f 10027 10522 12401
f 12397 12418 9011
f 9012 9011 12418
f 11149 12406 12423
f 12389 12423 12406
f 10749 11149 12423
f 3714 12427 12428
f 12399 12428 12427
f 3925 3714 12428
f 10959 12426 12424
f 10522 12424 12426
f 12389 10959 12424
f 8736 12421 12429
f 12388 12429 12421
f 8426 8736 12429
f 4349 12430 12431
f 12386 12431 12430
f 4117 4349 12431
f 8426 12415 12432
f 8446 12432 12415
f 7508 8426 12432
f 12398 12417 12433
f 12395 12433 12417
f 12387 12398 12433
f 12387 12434 12402
f 7508 12432 12434
f 8446 12402 12432
f 12434 12432 12402
f 7509 12435 12394
f 12387 12394 12435
f 6558 12410 12436
f 12395 12422 12410
f 12391 12436 12422
f 12410 12422 12436
f 6558 12436 12437
f 12391 12437 12436
f 5382 6558 12437
f 8426 12429 12416
f 12388 12438 12429
f 8752 12416 12438
f 12429 12438 12416
f 12399 12439 12441
f 3519 12440 12439
f 12281 12441 12440
f 12439 12440 12441
f 12396 12442 12443
f 3925 12428 12442
f 12399 12443 12428
f 12442 12428 12443
f 12396 12444 12413
f 4615 12413 12445
f 12444 12445 12413
f 5139 12446 12448
f 12392 12447 12446
f 12390 12448 12447
f 12446 12447 12448
f 4349 12449 12430
f 12392 12450 12449
f 12386 12430 12450
f 12449 12450 12430
f 4873 12451 12446
f 12392 12446 12451
f 5139 4873 12446
f 3519 12439 12427
f 12399 12427 12439
f 3714 3519 12427
f 4615 12445 12451
f 12392 12451 12445
f 4873 4615 12451
f 7508 12434 12435
f 12387 12435 12434
f 7509 7508 12435
f 12396 12443 12452
f 12399 12452 12443
f 12282 12453 12283
f 3330 12283 12453
f 12281 12454 12441
f 12393 12455 12454
f 12399 12441 12455
f 12454 12455 12441
f 8752 12438 12407
f 12388 12407 12438
f 12385 8752 12407
f 12281 12440 12456
f 3519 12456 12440
f 12282 12281 12456
f 3330 12453 12456
f 12282 12456 12453
f 3519 3330 12456
f 3683 12457 12458
f 12393 12458 12457
f 3486 3683 12458
f 12393 12459 12455
f 12399 12455 12452
f 12459 12452 12455
f 12393 12454 12460
f 12390 12461 12448
f 4588 12462 12449
f 12392 12449 12462
f 4349 4588 12449
f 3925 12442 4143
f 12396 4143 12442
f 4843 12463 12462
f 12392 12462 12463
f 4588 4843 12462
f 12392 12463 12447
f 4843 12464 12463
f 12390 12447 12464
f 12463 12464 12447
f 12386 12450 12444
f 12387 12433 12394
f 12395 12394 12433
f 12390 12465 12467
f 5383 12466 12465
f 12391 12467 12466
f 12465 12466 12467
f 5383 12465 12468
f 12390 12468 12465
f 5384 5383 12468
f 5384 12468 12469
f 12390 12469 12468
f 5111 5384 12469
f 5111 12469 12464
f 12390 12464 12469
f 4843 5111 12464
f 3486 12458 12470
f 12393 12470 12458
f 3294 3486 12470
f 12385 12409 10042
f 12397 10042 12409
f 5382 12437 12466
f 12391 12466 12437
f 5383 5382 12466
f 3894 12471 12457
f 12393 12457 12471
f 3683 3894 12457
f 3894 12472 12471
f 12393 12471 12459
f 12472 12459 12471
f 4117 12431 12472
f 12386 12472 12431
f 3894 4117 12472
f 3294 12470 12460
f 12393 12460 12470
f 12280 3294 12460
f 12384 12461 12404
f 12390 12467 12461
f 12391 12404 12467
f 12461 12467 12404
f 12401 12473 12400
f 10042 12400 12473
f 10042 12473 10959
f 12401 10959 12473
f 12452 12474 12475
f 12386 12475 12474
f 12396 12452 12475
f 12459 12476 12474
f 12386 12474 12476
f 12452 12459 12474
f 12461 12477 12448
f 5139 12448 12477
f 5139 12477 12384
f 12461 12384 12477
f 12396 12475 12444
f 12386 12444 12475
f 12386 12476 12472
f 12459 12472 12476
f 12454 12478 12460
f 12280 12460 12478
f 12280 12478 12281
f 12454 12281 12478
f 12444 12479 12445
f 12392 12445 12479
f 12392 12479 12450
f 12444 12450 12479
f 5429 12273 5430
f 4818 12266 4817
f 12483 6204 6209
f 12483 5918 6204
f 12482 6209 6522
f 6209 12482 12483
f 12483 12482 12480
f 6608 12484 6522
f 12482 6522 12484
f 12272 12485 12273
f 5430 12273 12485
f 12481 12486 12488
f 12270 12487 12486
f 6608 12488 12487
f 12486 12487 12488
f 12271 12489 12490
f 12481 12490 12489
f 12272 12271 12490
f 12269 12491 12492
f 12482 12492 12491
f 12270 12269 12492
f 5430 12493 12494
f 12481 12494 12493
f 5695 5430 12494
f 5430 12485 12493
f 12272 12490 12485
f 12481 12493 12490
f 12485 12490 12493
f 5086 12495 12497
f 12480 12496 12495
f 12267 12497 12496
f 12495 12496 12497
f 6292 12498 12488
f 12481 12488 12498
f 6608 6292 12488
f 5988 12499 12500
f 12481 12500 12499
f 5989 5988 12500
f 5989 12500 12498
f 12481 12498 12500
f 6292 5989 12498
f 5695 12494 12499
f 12481 12499 12494
f 5988 5695 12499
f 6608 12487 12484
f 12270 12492 12487
f 12482 12484 12492
f 12487 12492 12484
f 12482 12501 12502
f 12268 12502 12501
f 12480 12482 12502
f 12267 12496 12502
f 12480 12502 12496
f 12268 12267 12502
f 12480 12503 12504
f 5087 12504 12503
f 12483 12480 12504
f 4818 12505 12266
f 12267 12266 12505
f 5086 12497 12505
f 12267 12505 12497
f 4818 5086 12505
f 5087 12503 12495
f 12480 12495 12503
f 5086 5087 12495
f 12270 12486 12489
f 12481 12489 12486
f 12271 12270 12489
f 5918 12506 12507
f 5088 12507 12506
f 5633 5918 12507
f 5633 12507 5363
f 5088 5363 12507
f 5088 12506 12508
f 5918 12508 12506
f 5087 5088 12508
f 12483 12504 12508
f 5087 12508 12504
f 5918 12483 12508
f 12268 12501 12491
f 12482 12491 12501
f 12269 12268 12491
f 9186 12509 8914
f 12509 8915 8914
f 8915 12510 12318
f 12510 9456 12318
f 9456 12511 9455
f 12511 9707 9455
f 11560 11409 12514
f 11570 11569 11706
f 11409 11234 11235
f 10653 12517 10433
f 10446 12517 10653
f 10445 12517 10446
f 11416 11570 12514
f 9827 9694 9445
f 9186 9185 9445
f 9827 9576 9575
f 9827 9445 9576
f 9576 9323 9575
f 12064 12518 11990
f 11904 11990 12518
f 12065 12519 12518
f 11904 12518 12519
f 12064 12065 12518
f 11904 12520 12521
f 11905 12521 12520
f 11807 11904 12521
f 11707 12522 12523
f 11708 12523 12522
f 11706 11707 12523
f 11807 12521 12524
f 11905 12524 12521
f 11707 11807 12524
f 11991 12525 12519
f 11904 12519 12525
f 12065 11991 12519
f 11708 12526 11808
f 11905 11808 12526
f 11905 12520 12525
f 11904 12525 12520
f 11991 11905 12525
f 11571 12527 12528
f 11570 12528 12527
f 11708 11571 12528
f 12512 12529 12530
f 10197 12530 12529
f 12517 12512 12530
f 12514 12531 11560
f 11571 11560 12531
f 11706 12523 12528
f 11708 12528 12523
f 11570 11706 12528
f 11707 12524 12522
f 11905 12526 12524
f 11708 12522 12526
f 12524 12526 12522
f 11415 12532 12534
f 12514 12533 12532
f 11235 12534 12533
f 12532 12533 12534
f 11570 12527 12531
f 11571 12531 12527
f 12514 11570 12531
f 12514 12532 11416
f 11415 11416 12532
f 12515 12535 12537
f 12516 12536 12535
f 10444 12537 12536
f 12535 12536 12537
f 11415 12534 12538
f 11235 12538 12534
f 11239 11415 12538
f 11239 12539 12540
f 11056 12540 12539
f 11238 11239 12540
f 11056 12539 12538
f 11239 12538 12539
f 11235 11056 12538
f 10868 12541 12540
f 11238 12540 12541
f 11056 10868 12540
f 10671 12542 10670
f 12515 10670 12542
f 10666 12543 12544
f 11057 12544 12543
f 10868 10666 12544
f 11238 12541 12544
f 10868 12544 12541
f 11057 11238 12544
f 10666 12545 12543
f 12513 12546 12545
f 11057 12543 12546
f 12545 12546 12543
f 11062 12547 12548
f 12513 12548 12547
f 11061 11062 12548
f 11057 12546 12547
f 12513 12547 12546
f 11062 11057 12547
f 10443 12549 12545
f 12513 12545 12549
f 10666 10443 12545
f 12513 12550 12552
f 10210 12551 12550
f 12515 12552 12551
f 12550 12551 12552
f 10210 12550 12553
f 12513 12553 12550
f 10208 10210 12553
f 9707 12554 12555
f 12516 12555 12554
f 9955 9707 12555
f 12515 12542 12552
f 10671 12556 12542
f 12513 12552 12556
f 12542 12556 12552
f 10872 12557 12556
f 12513 12556 12557
f 10671 10872 12556
f 11061 12548 12557
f 12513 12557 12548
f 10872 11061 12557
f 10444 12536 12558
f 12516 12558 12536
f 10445 10444 12558
f 12515 12537 10670
f 10444 10670 12537
f 12510 12559 12560
f 12512 12560 12559
f 9456 12510 12560
f 12515 12551 9955
f 10210 9955 12551
f 10208 12553 12549
f 12513 12549 12553
f 10443 10208 12549
f 12512 12561 12563
f 12516 12562 12561
f 12511 12563 12562
f 12561 12562 12563
f 12512 12563 12560
f 12511 12562 12554
f 12516 12554 12562
f 9707 12511 12554
f 10445 12558 12564
f 12516 12564 12558
f 12517 10445 12564
f 12517 12564 12561
f 12516 12561 12564
f 12512 12517 12561
f 12510 12565 12559
f 9943 12566 12565
f 12512 12559 12566
f 12565 12566 12559
f 9955 12555 12535
f 12516 12535 12555
f 12515 9955 12535
f 10197 12529 12566
f 12512 12566 12529
f 9943 10197 12566
f 9943 12567 12568
f 8915 12568 12567
f 9942 9943 12568
f 9942 12569 12570
f 12509 12570 12569
f 9695 9942 12570
f 9695 12571 9694
f 9445 9694 12571
f 11235 12533 11409
f 12514 11409 12533
f 12517 12530 10433
f 10197 10433 12530
f 9186 12572 12570
f 9695 12570 12572
f 12509 9186 12570
f 9445 12571 12572
f 9695 12572 12571
f 9186 9445 12572
f 12509 12569 12568
f 9942 12568 12569
f 8915 12509 12568
f 9943 12565 12567
f 12563 12573 12560
f 9456 12560 12573
f 9456 12573 12511
f 12563 12511 12573
f 12565 12574 12567
f 8915 12567 12574
f 8915 12574 12510
f 12565 12510 12574
f 7766 12575 7765
f 12575 8069 7765
f 8363 8657 12575
f 12575 12576 8363
f 12576 8362 8363
f 12575 8657 8355
f 8071 8362 12576
f 12576 12575 7766
f 12575 8355 8069
f 7766 12577 12576
f 8071 12576 12577
f 8364 12578 8368
f 8072 8368 12578
f 8072 12579 12577
f 8071 12577 12579
f 7766 8072 12577
f 8071 12579 12578
f 8072 12578 12579
f 8364 8071 12578
f 7162 12580 6852
f 12580 7165 6852
f 12590 11111 11139
f 8705 8704 8706
f 8394 8393 8093
f 8706 8392 8707
f 8393 8392 12584
f 7479 7789 7477
f 10269 12591 12592
f 12586 12592 12591
f 10508 10269 12592
f 12587 12593 12595
f 12584 12594 12593
f 8706 12595 12594
f 12593 12594 12595
f 12586 12596 12597
f 10014 12597 12596
f 12588 12586 12597
f 9499 12598 12599
f 12583 12599 12598
f 8972 9499 12599
f 10943 12600 12601
f 12583 12601 12600
f 11139 10943 12601
f 11139 12601 12602
f 12583 12602 12601
f 12590 11139 12602
f 10738 12604 12603
f 8973 12605 8704
f 12587 8704 12605
f 9512 12606 12607
f 12588 12607 12606
f 9763 9512 12607
f 10738 12608 12600
f 12583 12600 12608
f 10943 10738 12600
f 12586 12588 12609
f 12583 12610 12611
f 12587 12605 12610
f 8973 12611 12605
f 12610 12605 12611
f 9763 12607 12597
f 12588 12597 12607
f 10014 9763 12597
f 10508 12592 12604
f 12586 12604 12592
f 10738 10508 12604
f 9995 12612 12613
f 12590 12613 12612
f 9747 9995 12613
f 12588 12614 12615
f 9252 12615 12614
f 12585 12588 12615
f 10915 12616 10482
f 10249 10482 12616
f 12590 12617 11111
f 10915 11111 12617
f 10249 12616 12618
f 10915 12617 12616
f 12590 12618 12617
f 12616 12617 12618
f 10249 12618 12612
f 12590 12612 12618
f 9995 10249 12612
f 12584 12619 8393
f 8093 8393 12619
f 10014 12596 12591
f 12586 12591 12596
f 10269 10014 12591
f 12581 12620 12609
f 9747 12621 12598
f 12583 12598 12621
f 9499 9747 12598
f 8706 12594 8392
f 12584 8392 12594
f 12583 12621 12602
f 9747 12613 12621
f 12590 12602 12613
f 12621 12613 12602
f 8972 12599 12611
f 12583 12611 12599
f 8973 8972 12611
f 8986 12622 12615
f 12585 12615 12622
f 9252 8986 12615
f 8099 12623 12624
f 12585 12624 12623
f 8400 8099 12624
f 12589 12626 12625
f 12585 12623 12628
f 12623 12627 12628
f 8400 12629 8714
f 8986 8714 12629
f 7477 12630 12631
f 12589 12631 12630
f 7162 7477 12631
f 12581 12632 12633
f 12585 12628 12632
f 12632 12628 12633
f 12580 12634 12635
f 12589 12625 12634
f 7792 12635 12625
f 12634 12625 12635
f 12580 12636 7165
f 7481 7165 12636
f 7477 12637 12630
f 7788 12638 12637
f 12589 12630 12638
f 12637 12638 12630
f 12581 12633 12640
f 12582 12640 12633
f 12584 12581 12640
f 7162 12631 12634
f 12589 12634 12631
f 12580 7162 12634
f 7481 12636 12635
f 12580 12635 12636
f 7792 7481 12635
f 12582 12639 12641
f 12589 12638 12639
f 7788 12641 12638
f 12639 12638 12641
f 12587 12620 12593
f 12587 12595 8704
f 8706 8704 12595
f 12583 12608 12610
f 10738 12603 12608
f 12608 12603 12610
f 8095 12642 12641
f 12582 12641 12642
f 7788 8095 12641
f 8093 12643 12644
f 12582 12644 12643
f 8094 8093 12644
f 8094 12644 12642
f 12582 12642 12644
f 8095 8094 12642
f 9252 12614 12606
f 12588 12606 12614
f 9512 9252 12606
f 8093 12619 12643
f 12584 12640 12619
f 12582 12643 12640
f 12619 12640 12643
f 7788 12637 7789
f 7477 7789 12637
f 8986 12629 12622
f 8400 12624 12629
f 12585 12622 12624
f 12629 12624 12622
f 12604 12645 12646
f 12587 12646 12645
f 12603 12604 12646
f 12586 12647 12645
f 12587 12645 12647
f 12604 12586 12645
f 12588 12648 12609
f 12581 12609 12648
f 12620 12649 12609
f 12586 12609 12649
f 12587 12647 12649
f 12586 12649 12647
f 12620 12587 12649
f 12626 12650 12625
f 7792 12625 12650
f 7792 12650 8099
f 12626 8099 12650
f 8099 12651 12623
f 12627 12623 12651
f 12627 12652 12653
f 12582 12653 12652
f 12628 12627 12653
f 12628 12653 12633
f 12582 12633 12653
f 12582 12652 12639
f 12627 12639 12652
f 12627 12651 12626
f 8099 12626 12651
f 12639 12654 12589
f 12626 12589 12654
f 12626 12654 12627
f 12639 12627 12654
f 12620 12655 12593
f 12584 12593 12655
f 12584 12655 12581
f 12620 12581 12655
f 12603 12646 12610
f 12587 12610 12646
f 12632 12656 12585
f 12588 12585 12656
f 12588 12656 12648
f 12656 12657 12648
f 12581 12648 12657
f 12581 12657 12632
f 12656 12632 12657
f 12301 12259 12302
f 12300 12299 12261
f 12263 12262 12297
f 12298 12262 12299
f 12301 12300 12260
f 12300 12261 12260
f 5694 5987 12659
f 12258 5428 12659
f 12301 12260 12259
f 5085 12265 12658
f 12264 12658 12265
f 12263 12297 12296
f 5084 12658 5362
f 5085 12658 5084
f 12294 12658 12295
f 5362 12658 12294
f 12262 12298 12297
f 5987 12303 12659
f 12265 5085 4816
f 5085 4815 4816
f 12261 12299 12262
f 12259 12660 12661
f 12659 12661 12660
f 12302 12259 12661
f 12659 12662 5694
f 5427 5694 12662
f 5427 12662 5428
f 12659 5428 12662
f 12659 12660 12258
f 12259 12258 12660
f 12295 12663 12664
f 12264 12664 12663
f 12296 12295 12664
f 12302 12661 12303
f 12659 12303 12661
f 12264 12663 12658
f 12295 12658 12663
f 12296 12664 12263
f 12264 12263 12664
f 12317 8351 8650
f 8353 8352 8348
f 8068 12666 12665
f 12317 12666 8351
f 8068 8351 12666
f 12316 12667 12665
f 8066 12668 8348
f 8353 8348 12668
f 7764 12667 12669
f 12316 12669 12667
f 8067 7764 12669
f 8067 12669 12670
f 12316 12670 12669
f 8066 8067 12670
f 8353 12668 12670
f 8066 12670 12668
f 12316 8353 12670
f 12666 12671 12665
f 12316 12665 12671
f 12316 12671 12317
f 12666 12317 12671
f 12667 12672 12665
f 8068 12665 12672
f 8068 12672 7764
f 12667 7764 12672
f 3155 3153 3342
f 2977 3155 3342
f 12274 2977 3342
f 12288 12274 3342
f 12286 12275 12287
f 12274 12288 12287
f 12274 12287 12275
f 12278 12277 12284
f 3293 2939 12278
f 2939 3293 3116
f 12285 12276 12286
f 12275 12286 12276
f 12285 12284 12277
f 12277 12276 12285
f 12278 12284 3293

