#Obj File : Exported From rapidform (INUS Technology Co. Ltd.)

mtllib 20_F_2635G.mtl

v -64.510002 -8.370000 7.200000
v -64.110001 -6.600000 7.420000
v -64.139999 -7.200000 9.180000
v -64.300003 -8.690000 9.190000
v -63.119999 -10.090000 8.760000
v -63.230000 -10.010000 7.450000
v -62.700001 -8.800000 6.630000
v -63.840000 -8.310000 5.470000
v -63.410000 -7.040000 5.270000
v -63.500000 -5.590000 5.530000
v -63.799999 -5.250000 7.420000
v -63.730000 -5.500000 8.960000
v -62.720001 -5.800000 10.530000
v -63.380001 -7.420000 10.690000
v -63.680000 -8.330000 10.160000
v -62.240002 -9.610000 10.750000
v -61.880001 -11.520000 9.150000
v -60.310001 -11.690000 7.160000
v -61.660000 -9.970000 4.930000
v -62.759998 -8.610000 5.260000
v -62.740002 -7.350000 4.050000
v -62.259998 -5.610000 4.150000
v -61.759998 -3.970000 4.080000
v -63.029999 -3.970000 5.430000
v -63.540001 -4.120000 7.080000
v -63.020000 -4.220000 8.660000
v -61.930000 -4.080000 9.890000
v -60.820000 -4.170000 11.190000
v -61.560001 -5.910000 11.770000
v -62.389999 -6.930000 11.290000
v -62.490002 -8.090000 11.430000
v -60.770000 -11.250000 10.560000
v -60.730000 -9.680000 11.580000
v -60.970001 -8.520000 11.890000
v -61.680000 -7.480000 11.900000
v -61.049999 -12.660000 9.280000
v -59.610001 -11.910000 8.770000
v -58.639999 -13.800000 7.820000
v -59.130001 -13.460000 6.210000
v -59.900002 -12.670000 4.770000
v -60.310001 -11.620000 5.860000
v -60.599998 -11.420000 4.770000
v -60.580002 -11.320000 3.390000
v -61.110001 -9.710000 3.140000
v -61.619999 -8.370000 3.160000
v -61.430000 -6.930000 3.010000
v -60.950001 -5.710000 3.250000
v -60.619999 -4.300000 3.320000
v -61.099998 -2.670000 9.280000
v -59.430000 -2.750000 9.670000
v -60.389999 -5.330000 12.160000
v -58.930000 -4.140000 11.860000
v -58.040001 -2.940000 10.460000
v -59.840000 -6.900000 12.250000
v -59.169998 -11.450000 11.370000
v -59.439999 -9.850000 11.940000
v -60.049999 -8.700000 12.210000
v -58.189999 -13.190000 11.090000
v -58.439999 -15.070000 9.400000
v -57.590000 -16.090000 6.980000
v -56.970001 -15.940000 5.080000
v -58.189999 -14.370000 3.110000
v -59.900002 -12.860000 2.690000
v -59.900002 -11.110000 2.160000
v -60.419998 -9.950000 2.530000
v -60.830002 -8.620000 2.200000
v -60.660000 -7.420000 2.500000
v -59.259998 -6.030000 2.550000
v -58.950001 -4.530000 2.850000
v -59.180000 -5.450000 12.350000
v -57.419998 -5.380000 12.320000
v -58.320000 -3.980000 11.810000
v -56.450001 -2.920000 10.840000
v -54.820000 -2.580000 8.860000
v -58.849998 -8.270000 12.260000
v -58.090000 -6.980000 12.410000
v -58.090000 -11.630000 11.960000
v -57.830002 -10.130000 12.340000
v -58.029999 -8.840000 12.390000
v -56.810001 -11.650000 12.480000
v -56.849998 -13.450000 12.390000
v -56.490002 -15.100000 11.670000
v -57.540001 -14.910000 10.740000
v -56.799999 -16.389999 10.460000
v -57.380001 -16.400000 9.100000
v -56.950001 -17.730000 7.480000
v -55.980000 -17.540001 5.150000
v -55.509998 -17.340000 3.260000
v -56.410000 -15.770000 2.780000
v -57.090000 -14.240000 1.810000
v -58.130001 -13.110000 1.790000
v -59.310001 -13.160000 1.910000
v -58.720001 -11.480000 1.660000
v -59.299999 -10.150000 1.610000
v -59.630001 -8.960000 1.810000
v -59.669998 -7.540000 2.120000
v -57.700001 -7.320000 2.050000
v -57.240002 -5.560000 2.500000
v -57.459999 -4.390000 2.650000
v -56.240002 -7.370000 12.670000
v -55.060001 -5.300000 12.280000
v -55.509998 -4.050000 11.460000
v -56.930000 -4.060000 11.630000
v -54.480000 -2.980000 10.430000
v -52.540001 -4.090000 10.100000
v -52.919998 -2.950000 8.390000
v -52.990002 -2.920000 7.290000
v -56.869999 -10.070000 12.310000
v -56.430000 -8.880000 12.870000
v -57.349998 -8.690000 12.740000
v -55.380001 -12.990000 13.160000
v -55.000000 -11.120000 13.250000
v -55.779999 -10.450000 12.830000
v -55.279999 -14.660000 12.830000
v -55.759998 -16.740000 11.550000
v -54.930000 -16.400000 12.470000
v -55.549999 -17.920000 10.550000
v -56.250000 -17.870001 9.300000
v -54.779999 -19.370001 8.910000
v -54.520000 -19.600000 6.730000
v -54.619999 -19.160000 5.080000
v -54.299999 -18.870001 3.050000
v -54.430000 -17.360001 2.100000
v -55.139999 -16.090000 1.970000
v -55.680000 -14.390000 1.340000
v -56.209999 -12.800000 1.020000
v -57.209999 -11.990000 1.060000
v -57.500000 -10.220000 1.100000
v -58.169998 -9.130000 1.450000
v -55.980000 -8.480000 1.660000
v -56.310001 -7.220000 2.020000
v -55.340000 -5.900000 2.370000
v -56.500000 -4.180000 2.910000
v -54.439999 -9.000000 13.290000
v -53.490002 -7.000000 13.020000
v -53.340000 -5.520000 12.690000
v -53.700001 -4.140000 11.130000
v -51.330002 -5.870000 12.580000
v -49.270000 -5.640000 10.830000
v -51.310001 -4.290000 8.910000
v -51.849998 -3.850000 8.100000
v -49.459999 -5.450000 7.330000
v -54.340000 -14.220000 13.570000
v -54.189999 -13.050000 13.610000
v -53.549999 -11.680000 13.820000
v -54.060001 -10.480000 13.520000
v -53.660000 -15.830000 13.660000
v -54.720001 -18.190001 11.940000
v -53.529999 -17.850000 13.160000
v -54.650002 -19.049999 10.620000
v -53.349998 -20.730000 10.880000
v -53.580002 -21.129999 8.720000
v -53.259998 -20.940001 6.990000
v -53.060001 -20.709999 5.090000
v -52.779999 -20.400000 3.050000
v -53.060001 -18.860001 1.900000
v -53.740002 -18.000000 2.020000
v -53.119999 -16.680000 1.260000
v -54.320000 -16.260000 1.490000
v -53.799999 -14.520000 1.050000
v -54.310001 -12.850000 0.840000
v -55.200001 -12.140000 0.880000
v -56.029999 -10.700000 0.920000
v -54.130001 -10.470000 1.230000
v -54.070000 -8.400000 1.770000
v -54.450001 -7.200000 2.120000
v -53.529999 -5.890000 2.660000
v -53.270000 -10.000000 13.730000
v -52.430000 -8.820000 13.790000
v -52.189999 -7.550000 13.410000
v -50.130001 -7.590000 13.450000
v -49.549999 -6.060000 12.550000
v -48.200001 -7.490000 12.920000
v -46.700001 -7.120000 12.240000
v -47.590000 -5.870000 10.560000
v -48.049999 -6.000000 9.070000
v -45.980000 -7.200000 7.630000
v -47.740002 -7.440000 4.620000
v -49.860001 -6.770000 4.220000
v -53.209999 -14.260000 14.070000
v -53.470001 -13.210000 13.920000
v -52.029999 -12.770000 14.520000
v -52.430000 -11.380000 14.300000
v -51.930000 -10.140000 14.170000
v -52.529999 -17.660000 14.130000
v -52.349998 -16.110001 14.530000
v -52.369999 -14.770000 14.470000
v -53.000000 -19.709999 12.780000
v -52.139999 -19.260000 13.900000
v -52.209999 -21.350000 12.780000
v -51.930000 -22.580000 12.420000
v -52.450001 -22.690001 10.670000
v -52.709999 -22.510000 8.920000
v -52.189999 -22.360001 7.020000
v -52.009998 -22.100000 5.430000
v -51.290001 -22.030001 3.390000
v -51.279999 -20.450001 2.100000
v -51.730000 -18.980000 1.470000
v -52.259998 -17.730000 1.340000
v -51.119999 -16.200001 0.990000
v -52.000000 -14.360000 0.760000
v -52.349998 -12.840000 0.740000
v -53.240002 -12.200000 0.870000
v -51.910000 -10.690000 1.100000
v -52.389999 -8.450000 1.870000
v -53.450001 -7.400000 2.130000
v -52.880001 -7.220000 2.240000
v -52.250000 -7.240000 2.340000
v -50.270000 -7.490000 2.640000
v -51.529999 -8.910000 14.030000
v -51.380001 -7.620000 13.950000
v -50.349998 -9.040000 14.180000
v -49.400002 -8.660000 14.140000
v -48.599998 -8.510000 13.830000
v -47.259998 -8.960000 13.900000
v -45.919998 -8.750000 13.400000
v -44.099998 -8.530000 12.640000
v -45.860001 -7.170000 11.270000
v -45.180000 -7.270000 9.510000
v -42.799999 -9.040000 8.790000
v -43.419998 -9.060000 6.920000
v -44.160000 -8.820000 5.500000
v -46.209999 -9.910000 2.210000
v -48.430000 -7.540000 2.440000
v -50.509998 -14.400000 15.240000
v -50.389999 -12.720000 15.150000
v -51.090000 -11.710000 14.680000
v -51.349998 -11.700000 14.220000
v -51.750000 -10.700000 14.570000
v -50.009998 -10.730000 14.840000
v -51.450001 -18.910000 14.640000
v -51.660000 -17.830000 14.690000
v -50.860001 -16.910000 15.360000
v -51.490002 -20.959999 13.910000
v -50.730000 -20.440001 14.880000
v -51.040001 -22.840000 13.740000
v -50.919998 -24.100000 12.440000
v -50.860001 -24.320000 10.380000
v -50.939999 -24.080000 8.560000
v -50.939999 -23.809999 7.010000
v -50.630001 -23.580000 5.040000
v -49.560001 -23.629999 3.070000
v -50.070000 -22.250000 2.270000
v -50.009998 -20.639999 1.660000
v -50.150002 -18.980000 1.050000
v -50.459999 -17.740000 0.910000
v -49.060001 -16.340000 0.830000
v -49.689999 -14.410000 0.670000
v -50.520000 -13.340000 0.830000
v -51.240002 -12.210000 0.770000
v -49.919998 -10.710000 1.120000
v -50.450001 -9.020000 1.680000
v -48.520000 -8.890000 1.840000
v -47.959999 -9.980000 14.550000
v -45.549999 -10.210000 14.530000
v -43.740002 -10.180000 14.140000
v -42.189999 -10.190000 13.640000
v -42.299999 -9.130000 12.430000
v -43.049999 -8.820000 10.830000
v -40.939999 -10.440000 10.570000
v -41.070000 -10.460000 8.870000
v -41.209999 -10.540000 7.890000
v -42.080002 -10.390000 6.940000
v -42.270000 -10.500000 5.500000
v -43.369999 -11.510000 2.560000
v -48.009998 -10.730000 1.310000
v -46.570000 -11.950000 1.300000
v -45.160000 -11.680000 1.830000
v -49.400002 -15.890000 16.010000
v -49.070000 -14.540000 15.910000
v -48.810001 -13.420000 15.540000
v -49.240002 -12.270000 15.310000
v -47.349998 -12.240000 15.450000
v -50.380001 -19.150000 15.420000
v -50.570000 -18.309999 15.370000
v -49.590000 -18.410000 16.120001
v -48.279999 -17.450001 16.959999
v -49.799999 -22.110001 15.180000
v -49.419998 -20.639999 15.890000
v -49.610001 -19.660000 15.960000
v -49.709999 -24.370001 14.540000
v -50.130001 -25.190001 12.820000
v -49.770000 -25.600000 10.850000
v -49.470001 -25.950001 9.090000
v -49.669998 -25.650000 7.630000
v -49.599998 -25.450001 5.560000
v -48.799999 -25.440001 3.890000
v -47.980000 -25.059999 2.760000
v -48.380001 -23.530001 2.150000
v -49.290001 -22.719999 2.120000
v -48.529999 -21.309999 1.340000
v -47.820000 -19.030001 0.800000
v -48.470001 -18.170000 0.660000
v -47.209999 -16.780001 0.690000
v -47.509998 -14.920000 0.710000
v -48.080002 -13.460000 0.960000
v -49.189999 -12.260000 0.860000
v -45.070000 -11.840000 15.210000
v -42.959999 -11.860000 14.910000
v -41.480000 -11.730000 14.290000
v -40.189999 -11.600000 13.730000
v -41.360001 -10.330000 13.190000
v -40.720001 -10.610000 12.630000
v -39.509998 -11.830000 11.690000
v -39.290001 -11.990000 10.530000
v -39.529999 -11.960000 9.330000
v -40.349998 -11.680000 8.240000
v -40.630001 -11.420000 7.660000
v -40.700001 -12.840000 5.580000
v -42.599998 -13.370000 2.600000
v -44.639999 -13.420000 1.460000
v -46.520000 -13.600000 0.990000
v -48.520000 -15.970000 16.440001
v -48.020000 -14.820000 15.950000
v -47.880001 -13.630000 15.800000
v -46.180000 -13.700000 15.920000
v -44.029999 -13.690000 16.090000
v -48.299999 -19.809999 16.910000
v -47.000000 -18.940001 17.980000
v -46.730000 -17.320000 17.760000
v -47.090000 -16.090000 17.100000
v -47.880001 -15.350000 16.680000
v -48.549999 -23.950001 15.920000
v -48.560001 -22.360001 16.410000
v -48.720001 -21.290001 16.389999
v -48.540001 -25.600000 15.120000
v -49.139999 -25.850000 14.300000
v -49.070000 -25.969999 12.900000
v -48.700001 -26.889999 11.210000
v -48.500000 -27.100000 9.170000
v -48.430000 -27.100000 7.360000
v -48.490002 -26.910000 5.680000
v -47.400002 -27.170000 4.370000
v -46.779999 -26.650000 3.060000
v -46.619999 -25.080000 2.210000
v -47.049999 -23.520000 1.700000
v -47.650002 -22.410000 1.490000
v -46.650002 -21.240000 0.790000
v -46.119999 -19.100000 0.680000
v -46.480000 -17.840000 0.630000
v -45.139999 -16.370001 0.990000
v -46.189999 -15.010000 0.950000
v -42.490002 -13.050000 15.660000
v -41.959999 -12.760000 15.290000
v -40.570000 -13.330000 15.130000
v -39.200001 -13.230000 14.030000
v -37.779999 -13.440000 12.590000
v -39.560001 -11.850000 12.690000
v -37.840000 -13.340000 10.610000
v -38.520000 -13.540000 8.440000
v -39.520000 -12.990000 7.440000
v -39.080002 -14.750000 5.670000
v -39.869999 -14.910000 4.170000
v -40.980000 -14.940000 2.930000
v -41.840000 -14.600000 2.270000
v -43.720001 -14.820000 1.450000
v -42.630001 -16.160000 1.260000
v -46.490002 -14.900000 16.299999
v -44.250000 -15.320000 17.100000
v -42.200001 -15.300000 16.889999
v -40.810001 -14.760000 16.230000
v -47.450001 -21.559999 17.490000
v -46.240002 -20.480000 18.379999
v -45.639999 -18.959999 18.650000
v -46.009998 -17.760000 18.120001
v -45.919998 -16.770000 17.969999
v -46.009998 -15.380000 17.410000
v -47.730000 -23.040001 17.160000
v -47.599998 -24.629999 16.830000
v -47.830002 -25.610001 16.100000
v -47.480000 -27.080000 15.210000
v -48.450001 -26.790001 14.490000
v -48.840000 -27.059999 13.030000
v -48.439999 -27.139999 12.010000
v -47.349998 -28.490000 11.680000
v -47.320000 -28.520000 9.320000
v -47.230000 -28.520000 7.330000
v -47.209999 -28.360001 5.350000
v -45.790001 -28.990000 4.180000
v -44.990002 -28.180000 3.050000
v -45.009998 -26.610001 2.300000
v -45.590000 -25.309999 2.050000
v -45.500000 -23.660000 1.360000
v -45.950001 -22.430000 1.120000
v -44.610001 -21.299999 0.680000
v -44.369999 -19.600000 0.790000
v -44.080002 -17.930000 0.950000
v -39.130001 -14.840000 15.560000
v -38.250000 -14.590000 14.720000
v -36.990002 -14.720000 13.710000
v -35.709999 -15.090000 12.970000
v -34.840000 -15.130000 11.920000
v -35.380001 -14.830000 10.740000
v -36.529999 -14.860000 8.590000
v -37.910000 -14.930000 6.950000
v -37.619999 -16.600000 5.030000
v -39.080002 -16.219999 4.100000
v -39.730000 -15.930000 3.620000
v -40.790001 -16.150000 2.180000
v -42.250000 -18.370001 1.080000
v -39.980000 -17.590000 2.130000
v -44.770000 -16.850000 18.290001
v -42.750000 -16.750000 18.160000
v -41.639999 -16.530001 17.629999
v -40.290001 -16.340000 17.320000
v -39.180000 -16.180000 16.719999
v -38.810001 -15.360000 16.200001
v -46.590000 -22.889999 18.030001
v -45.380001 -22.270000 18.719999
v -44.369999 -20.750000 19.010000
v -44.169998 -19.410000 18.980000
v -44.259998 -18.340000 18.690001
v -46.119999 -24.180000 17.950001
v -46.090000 -25.480000 17.540001
v -46.509998 -26.820000 16.660000
v -46.230000 -28.690001 15.850000
v -47.099998 -28.490000 14.690000
v -47.570000 -27.520000 13.380000
v -47.130001 -28.730000 13.250000
v -46.549999 -30.080000 12.910000
v -45.730000 -30.410000 10.840000
v -45.919998 -30.059999 9.210000
v -46.189999 -29.930000 7.370000
v -45.650002 -30.020000 5.560000
v -44.310001 -30.330000 4.490000
v -43.619999 -29.740000 3.380000
v -42.919998 -28.190001 2.300000
v -43.369999 -27.110001 2.110000
v -43.590000 -25.990000 1.700000
v -43.970001 -24.410000 1.370000
v -43.549999 -22.430000 0.720000
v -42.459999 -20.900000 0.760000
v -42.490002 -19.719999 0.770000
v -37.230000 -16.180000 15.490000
v -36.480000 -15.380000 14.380000
v -34.480000 -16.620001 13.420000
v -33.820000 -16.219999 12.420000
v -33.358685 -16.782156 11.146254
v -33.261944 -17.029381 9.786797
v -34.123768 -16.538433 9.225902
v -34.918873 -17.195400 6.874084
v -35.380001 -19.270000 3.290000
v -37.970001 -18.260000 2.570000
v -40.380001 -19.799999 1.290000
v -38.730000 -19.139999 1.980000
v -42.450001 -18.160000 18.790001
v -40.750000 -17.940001 18.350000
v -39.669998 -17.650000 17.840000
v -38.230000 -17.920000 17.370001
v -37.750000 -16.610001 16.450001
v -45.189999 -24.020000 18.600000
v -43.610001 -23.629999 19.250000
v -44.000000 -22.490000 19.080000
v -42.910000 -21.559999 19.150000
v -42.340000 -19.670000 19.190001
v -44.970001 -25.510000 18.420000
v -45.090000 -27.299999 17.559999
v -44.580002 -26.760000 18.129999
v -44.840000 -28.940001 17.020000
v -45.090000 -30.270000 15.960000
v -46.000000 -30.000000 14.760000
v -45.740002 -28.879999 14.690000
v -46.310001 -29.070000 14.030000
v -44.840000 -30.780001 13.320000
v -44.259998 -31.670000 11.360000
v -44.349998 -31.650000 9.130000
v -44.480000 -31.330000 7.040000
v -43.849998 -31.320000 5.340000
v -42.430000 -31.340000 4.130000
v -42.029999 -30.120001 3.120000
v -41.560001 -28.889999 2.260000
v -41.099998 -27.330000 1.680000
v -41.840000 -26.030001 1.430000
v -41.880001 -23.959999 1.060000
v -42.480000 -22.860001 0.730000
v -40.990002 -21.570000 0.820000
v -36.389999 -18.120001 16.459999
v -35.470001 -17.690001 15.410000
v -35.520000 -16.799999 14.690000
v -33.860001 -18.200001 14.580000
v -33.230000 -17.809999 13.650000
v -32.018871 -18.121393 12.546697
v -32.899757 -17.305965 11.851146
v -31.820000 -18.059999 9.780000
v -32.240002 -19.090000 7.020000
v -36.590000 -19.650000 2.410000
v -35.580002 -21.379999 2.190000
v -34.490002 -20.969999 2.690000
v -33.104015 -20.493576 4.122761
v -37.740002 -19.400000 2.160000
v -39.230000 -21.200001 1.320000
v -37.689999 -20.610001 1.730000
v -40.349998 -19.889999 18.900000
v -38.529999 -19.049999 18.290001
v -38.740002 -18.209999 17.879999
v -37.299999 -19.580000 17.900000
v -36.299999 -19.510000 17.450001
v -43.430000 -25.370001 19.040001
v -41.900002 -25.070000 19.530001
v -41.810001 -23.639999 19.650000
v -42.259998 -22.580000 19.350000
v -40.790001 -21.559999 19.379999
v -43.209999 -26.910000 18.790001
v -43.410000 -28.540001 18.350000
v -43.099998 -30.570000 17.620001
v -44.180000 -30.370001 16.700001
v -43.619999 -31.690001 16.030001
v -44.459999 -31.440001 14.970000
v -44.279999 -30.580000 14.360000
v -43.410000 -31.930000 13.500000
v -42.430000 -33.419998 11.390000
v -42.700001 -33.230000 9.180000
v -43.020000 -33.060001 7.250000
v -42.310001 -32.880001 5.800000
v -40.939999 -32.950001 4.340000
v -41.259998 -31.570000 3.750000
v -40.380001 -30.389999 2.800000
v -40.419998 -28.969999 2.160000
v -39.310001 -27.629999 1.450000
v -39.810001 -25.930000 1.230000
v -39.959999 -24.320000 1.100000
v -40.180000 -23.040001 1.000000
v -37.880001 -22.809999 1.410000
v -35.400002 -19.639999 16.980000
v -34.349998 -19.230000 15.860000
v -33.200001 -19.430000 15.140000
v -32.119999 -19.610001 14.450000
v -32.540001 -18.389999 13.910000
v -31.450001 -19.260000 13.490000
v -30.341108 -19.558292 12.548623
v -30.990000 -18.450001 12.160000
v -30.855270 -18.635719 11.240030
v -30.290001 -19.350000 9.640000
v -29.250000 -22.660000 4.660000
v -31.443024 -21.151356 4.736433
v -35.799999 -22.760000 1.870000
v -34.889999 -22.850000 2.070000
v -33.730000 -22.930000 2.450000
v -32.509998 -22.420000 3.060000
v -31.216269 -22.243542 3.911245
v -38.660000 -21.440001 19.030001
v -37.459999 -20.809999 18.420000
v -36.029999 -20.690001 17.910000
v -34.480000 -21.180000 17.290001
v -41.290001 -26.620001 19.480000
v -40.509998 -25.170000 19.590000
v -40.419998 -24.040001 19.540001
v -40.380001 -23.030001 19.500000
v -38.490002 -22.930000 19.389999
v -41.590000 -28.559999 19.219999
v -41.580002 -30.280001 18.780001
v -42.340000 -32.230000 17.180000
v -41.139999 -32.150002 18.309999
v -42.200001 -33.419998 16.100000
v -43.259998 -33.180000 14.820000
v -43.000000 -33.160000 13.180000
v -41.650002 -33.880001 13.190000
v -40.310001 -35.419998 11.280000
v -40.830002 -34.860001 9.210000
v -41.200001 -34.500000 7.160000
v -40.110001 -34.570000 5.760000
v -38.970001 -34.560001 4.560000
v -39.730000 -33.139999 3.740000
v -39.820000 -32.009998 3.410000
v -38.119999 -31.520000 2.820000
v -38.790001 -30.049999 2.040000
v -38.939999 -29.080000 1.910000
v -37.150002 -28.340000 1.690000
v -37.259998 -26.639999 1.230000
v -38.509998 -26.049999 1.100000
v -38.189999 -24.639999 1.020000
v -36.240002 -24.639999 1.370000
v -34.900002 -24.080000 1.810000
v -33.430000 -20.879999 16.360001
v -32.299999 -20.629999 15.420000
v -31.049999 -20.950001 14.720000
v -30.370001 -20.629999 13.950000
v -29.071484 -21.069576 13.327585
v -28.110001 -20.799999 12.290000
v -29.885139 -19.557552 11.412405
v -30.080996 -24.267929 3.592404
v -28.513613 -24.271877 4.203907
v -27.428726 -24.528214 4.530044
v -33.380001 -24.219999 2.320000
v -32.209999 -23.850000 2.810000
v -36.500000 -22.700001 18.830000
v -34.900002 -22.309999 18.110001
v -33.180000 -22.730000 17.490000
v -32.189999 -22.450001 16.730000
v -40.029999 -28.340000 19.760000
v -39.869999 -26.969999 19.889999
v -39.529999 -25.660000 19.750000
v -39.400002 -24.400000 19.660000
v -37.939999 -24.629999 19.650000
v -36.000000 -24.600000 19.309999
v -40.130001 -30.010000 19.459999
v -39.680000 -31.700001 19.219999
v -41.160000 -33.549999 17.370001
v -40.160000 -33.709999 18.290001
v -38.740002 -33.590000 19.090000
v -40.730000 -35.090000 16.309999
v -41.310001 -34.770000 15.010000
v -41.580002 -33.770000 14.450000
v -40.360001 -35.150002 13.650000
v -40.139999 -35.439999 12.720000
v -38.330002 -37.680000 12.840000
v -39.000000 -36.930000 10.740000
v -39.250000 -36.549999 9.160000
v -39.220001 -36.080002 7.200000
v -38.090000 -36.209999 5.530000
v -36.930000 -35.930000 4.460000
v -37.549999 -34.450001 3.910000
v -38.450001 -33.470001 3.570000
v -36.490002 -33.200001 3.120000
v -35.880001 -31.430000 2.490000
v -35.970001 -29.870001 2.110000
v -37.529999 -29.969999 2.140000
v -35.000000 -28.160000 1.750000
v -35.590000 -27.160000 1.610000
v -36.029999 -26.219999 1.430000
v -34.580002 -25.990000 1.720000
v -33.029999 -26.040001 2.160000
v -31.730000 -22.049999 15.890000
v -30.379999 -22.260000 15.360000
v -30.030001 -21.520000 14.560000
v -28.580000 -22.379999 14.410000
v -28.043438 -21.986851 13.427491
v -27.280001 -21.340000 12.260000
v -31.469999 -25.549999 2.620000
v -29.559999 -25.870001 3.230000
v -28.610001 -25.680000 3.620000
v -27.309999 -25.629999 4.080000
v -26.059999 -25.420000 4.690000
v -26.001175 -24.709469 5.071086
v -33.790001 -24.360001 18.629999
v -32.820000 -23.760000 17.940001
v -31.520000 -23.910000 17.370001
v -30.267584 -23.675282 16.407219
v -30.900000 -22.690001 16.110001
v -39.060001 -29.889999 19.920000
v -38.669998 -28.280001 20.010000
v -39.139999 -27.450001 19.920000
v -38.009998 -26.209999 20.010000
v -36.570000 -25.719999 19.750000
v -35.290001 -25.930000 19.670000
v -33.540001 -25.980000 19.270000
v -38.709999 -31.260000 19.780001
v -37.770000 -32.790001 19.850000
v -39.660000 -35.099998 17.469999
v -38.509998 -35.180000 18.480000
v -37.320000 -35.299999 19.299999
v -36.430000 -34.360001 20.090000
v -39.250000 -36.430000 16.520000
v -40.080002 -36.419998 15.500000
v -40.500000 -36.330002 14.320000
v -38.689999 -37.529999 15.200000
v -37.200001 -39.470001 14.720000
v -36.639999 -39.770000 12.590000
v -36.959999 -39.310001 10.700000
v -38.060001 -38.020000 10.880000
v -38.020000 -38.160000 9.210000
v -38.040001 -37.820000 7.380000
v -36.860001 -38.000000 6.280000
v -36.000000 -37.459999 4.830000
v -35.320000 -36.110001 3.960000
v -35.169998 -34.360001 3.280000
v -36.549999 -34.540001 3.690000
v -35.310001 -33.220001 2.940000
v -34.299999 -31.980000 2.560000
v -34.549999 -30.490000 2.060000
v -33.610001 -29.170000 2.000000
v -33.720001 -27.430000 1.940000
v -32.380001 -27.780001 2.140000
v -30.969999 -27.480000 2.490000
v -29.036446 -23.528421 15.448468
v -28.166018 -23.079712 14.429548
v -29.180000 -27.260000 2.990000
v -27.430000 -27.010000 3.550000
v -25.580000 -27.250000 4.060000
v -24.685120 -26.554138 4.714911
v -24.790483 -25.564865 5.185744
v -22.480000 -25.500000 6.360000
v -31.870001 -25.969999 18.700001
v -30.850000 -25.400000 18.150000
v -29.830000 -25.330000 17.420000
v -28.030001 -25.410000 16.450001
v -37.660000 -30.690001 19.940001
v -37.220001 -29.080000 19.920000
v -37.330002 -27.610001 19.950001
v -35.590000 -27.410000 20.080000
v -33.509998 -27.360001 19.740000
v -32.439999 -27.240000 19.469999
v -31.379999 -27.120001 19.139999
v -37.610001 -31.660000 19.940001
v -36.840000 -33.020000 20.040001
v -36.320000 -31.889999 20.150000
v -38.029999 -36.689999 17.760000
v -37.080002 -36.680000 18.840000
v -35.779999 -36.650002 19.940001
v -34.790001 -35.970001 20.750000
v -34.869999 -34.470001 20.600000
v -35.240002 -33.189999 19.950001
v -38.119999 -37.689999 16.770000
v -37.000000 -38.250000 15.750000
v -36.540001 -39.250000 16.860001
v -35.799999 -40.099998 15.330000
v -36.110001 -41.110001 14.360000
v -35.720001 -41.290001 12.850000
v -35.639999 -40.990002 10.870000
v -35.750000 -40.610001 8.940000
v -36.820000 -39.360001 9.120000
v -36.580002 -39.320000 7.650000
v -35.230000 -39.869999 6.330000
v -34.759998 -39.060001 5.100000
v -34.369999 -37.520000 4.040000
v -34.730000 -36.590000 4.000000
v -33.169998 -35.169998 3.180000
v -33.509998 -33.430000 2.690000
v -32.090000 -32.250000 2.570000
v -32.419998 -30.350000 2.310000
v -32.310001 -29.150000 2.200000
v -30.879999 -29.320000 2.390000
v -28.750000 -28.950001 2.790000
v -26.820000 -28.709999 3.210000
v -24.879999 -28.520000 3.730000
v -23.180000 -28.150000 4.370000
v -22.781248 -26.859337 5.174794
v -20.697836 -27.060026 5.275328
v -19.399851 -25.729893 7.233992
v -19.394722 -25.586077 9.780251
v -29.770000 -26.870001 18.389999
v -28.708363 -26.593975 17.698551
v -27.459999 -28.400000 18.530001
v -36.880001 -30.360001 19.830000
v -35.990002 -30.020000 19.969999
v -36.369999 -28.790001 20.190001
v -35.029999 -29.219999 20.180000
v -33.110001 -29.150000 20.190001
v -31.240000 -28.510000 19.730000
v -29.480000 -28.350000 19.139999
v -35.099998 -31.930000 20.049999
v -34.099998 -30.750000 20.490000
v -36.750000 -38.029999 18.110001
v -36.259998 -38.020000 16.870001
v -35.779999 -38.279999 19.110001
v -34.889999 -38.419998 20.219999
v -33.849998 -37.459999 21.010000
v -33.310001 -35.939999 21.299999
v -33.310001 -34.450001 21.100000
v -34.099998 -33.369999 20.490000
v -34.669998 -33.349998 20.400000
v -34.419998 -32.250000 20.170000
v -35.000000 -40.000000 16.840000
v -34.840000 -41.310001 15.830000
v -35.209999 -42.270000 14.660000
v -35.619999 -42.240002 13.590000
v -34.380001 -42.930000 12.910000
v -34.419998 -42.630001 10.960000
v -34.450001 -42.340000 9.170000
v -34.419998 -42.099998 7.680000
v -35.209999 -40.650002 7.410000
v -34.139999 -41.360001 6.470000
v -33.540001 -40.549999 5.180000
v -33.110001 -39.099998 4.310000
v -33.200001 -37.939999 3.830000
v -33.000000 -36.759998 3.530000
v -31.240000 -36.389999 3.060000
v -30.809999 -34.439999 2.550000
v -31.510000 -33.549999 2.650000
v -30.059999 -32.400002 2.530000
v -30.410000 -30.700001 2.420000
v -31.440001 -30.540001 2.350000
v -28.469999 -30.660000 2.670000
v -26.340000 -30.400000 2.940000
v -24.250000 -30.160000 3.310000
v -21.950001 -29.730000 3.780000
v -21.370001 -28.440001 4.350000
v -19.549999 -28.740000 4.090000
v -18.459999 -27.030001 4.860000
v -18.280001 -26.030001 5.920000
v -18.209999 -25.139999 8.910000
v -16.889999 -25.170000 8.060000
v -20.850000 -26.690001 12.250000
v -18.319448 -25.224249 13.050830
v -16.950001 -24.170000 11.120000
v -28.410000 -30.180000 20.129999
v -26.000000 -30.370001 19.950001
v -24.376453 -29.747375 19.056545
v -25.763596 -28.109341 17.744040
v -31.740000 -30.770000 20.629999
v -30.469999 -30.110001 20.360001
v -33.549999 -32.270000 20.889999
v -31.600000 -32.180000 21.059999
v -35.880001 -39.259998 18.129999
v -34.580002 -39.689999 19.209999
v -34.139999 -39.980000 18.040001
v -34.070000 -39.939999 20.040001
v -33.119999 -39.900002 20.820000
v -32.110001 -38.180000 21.740000
v -32.160000 -36.130001 21.660000
v -32.439999 -35.110001 21.570000
v -31.420000 -33.820000 21.490000
v -32.770000 -33.529999 21.160000
v -34.220001 -41.180000 16.959999
v -35.509998 -40.980000 16.809999
v -34.540001 -42.660000 16.590000
v -33.980000 -42.639999 15.140000
v -34.169998 -43.880001 14.720000
v -33.490002 -44.400002 12.640000
v -33.290001 -44.180000 10.950000
v -33.139999 -43.939999 9.070000
v -33.259998 -43.660000 7.400000
v -33.599998 -42.369999 6.770000
v -32.500000 -42.220001 5.550000
v -32.119999 -40.750000 4.380000
v -31.910000 -39.389999 4.010000
v -31.910000 -38.189999 3.570000
v -29.809999 -37.930000 3.100000
v -28.910000 -36.000000 2.660000
v -29.040001 -34.480000 2.640000
v -29.450001 -33.430000 2.580000
v -27.930000 -32.419998 2.620000
v -25.910000 -32.080002 2.710000
v -23.850000 -31.820000 2.850000
v -21.760000 -31.540001 3.020000
v -19.950001 -31.250000 3.220000
v -20.450001 -30.129999 3.780000
v -19.490000 -30.000000 3.590000
v -18.049999 -29.790001 3.280000
v -18.340000 -28.750000 3.810000
v -17.160000 -27.719999 3.970000
v -16.350000 -25.590000 5.360000
v -15.070000 -22.639999 10.380000
v -15.560000 -25.059999 7.600000
v -18.390272 -25.812704 15.357943
v -20.338394 -27.168091 15.818268
v -16.639999 -23.910000 15.000000
v -16.950001 -24.030001 13.190000
v -15.650000 -22.639999 11.900000
v -15.840000 -22.709999 13.470000
v -29.480000 -31.799999 21.020000
v -27.430000 -32.099998 21.230000
v -25.820000 -31.840000 21.059999
v -23.920000 -31.580000 20.830000
v -22.139999 -31.360001 20.610001
v -22.336704 -29.428566 18.646824
v -22.860001 -28.340000 16.959999
v -29.299999 -33.790001 21.790001
v -34.200001 -40.610001 19.400000
v -34.700001 -40.830002 18.840000
v -33.830002 -40.029999 18.570000
v -32.869999 -41.049999 18.920000
v -33.150002 -42.549999 17.490000
v -33.290001 -41.150002 20.049999
v -31.920000 -39.950001 22.049999
v -32.189999 -41.590000 21.360001
v -32.590000 -42.490002 20.090000
v -30.850000 -39.049999 22.530001
v -31.230000 -37.959999 22.080000
v -30.870001 -36.720001 21.850000
v -30.950001 -35.320000 21.830000
v -29.510000 -35.299999 21.950001
v -33.619999 -44.230000 16.580000
v -32.900002 -44.779999 14.690000
v -32.610001 -45.410000 12.870000
v -32.209999 -45.650002 10.950000
v -31.910000 -45.570000 9.040000
v -31.600000 -45.200001 6.870000
v -32.240002 -43.880001 6.280000
v -31.250000 -43.759998 5.160000
v -31.110001 -42.320000 4.370000
v -31.020000 -41.070000 3.970000
v -30.830000 -39.790001 3.590000
v -28.980000 -39.680000 2.990000
v -27.590000 -37.820000 2.550000
v -27.139999 -36.090000 2.540000
v -27.520000 -34.840000 2.530000
v -27.430000 -33.830002 2.570000
v -25.469999 -33.750000 2.590000
v -23.459999 -33.490002 2.580000
v -21.459999 -33.310001 2.510000
v -19.120001 -32.810001 2.370000
v -18.400000 -31.540001 2.760000
v -16.820000 -31.620001 2.290000
v -15.970000 -29.700001 2.710000
v -16.520000 -28.740000 3.260000
v -14.910000 -27.760000 3.010000
v -14.960000 -25.360001 4.070000
v -15.130000 -23.990000 4.500000
v -15.610000 -24.230000 5.080000
v -15.130000 -21.219999 8.190000
v -14.080000 -19.660000 10.660000
v -14.800000 -21.070000 12.700000
v -14.880000 -22.760000 6.210000
v -18.910000 -27.160000 17.350000
v -17.559999 -25.780001 16.770000
v -16.280001 -24.520000 17.250000
v -15.380000 -22.230000 15.440000
v -15.330000 -22.709999 16.980000
v -14.730000 -20.940001 14.960000
v -27.379999 -33.570000 22.000000
v -25.459999 -33.500000 22.150000
v -23.639999 -33.279999 22.200001
v -21.670000 -32.820000 22.020000
v -20.480000 -31.450001 21.379999
v -20.330000 -30.150000 20.150000
v -20.670000 -29.090000 18.780001
v -21.638210 -28.713009 17.910349
v -20.835882 -28.031404 17.312763
v -28.400000 -35.040001 22.379999
v -27.270000 -35.049999 22.650000
v -32.320000 -42.500000 18.930000
v -32.770000 -44.040001 18.590000
v -32.630001 -44.180000 17.280001
v -31.040001 -41.610001 22.410000
v -30.059999 -40.560001 23.150000
v -31.219999 -42.959999 21.770000
v -31.600000 -44.070000 20.549999
v -32.209999 -44.049999 19.530001
v -29.290001 -38.990002 23.160000
v -29.780001 -37.900002 22.530001
v -30.490000 -37.700001 22.160000
v -29.700001 -36.740002 21.969999
v -28.600000 -37.040001 22.900000
v -27.400000 -36.209999 23.030001
v -32.150002 -45.599998 17.049999
v -32.220001 -46.150002 14.970000
v -31.590000 -46.779999 12.960000
v -31.230000 -47.040001 11.040000
v -30.770000 -47.189999 9.170000
v -30.420000 -47.160000 7.320000
v -29.709999 -46.950001 5.610000
v -30.280001 -45.200001 4.980000
v -30.170000 -43.930000 4.210000
v -30.059999 -42.650002 3.810000
v -29.940001 -41.380001 3.480000
v -28.290001 -41.230000 2.710000
v -27.660000 -39.840000 2.470000
v -26.559999 -38.500000 2.120000
v -25.490000 -36.939999 2.200000
v -25.280001 -35.430000 2.360000
v -23.389999 -35.250000 2.260000
v -21.500000 -35.009998 2.140000
v -19.360001 -34.990002 1.760000
v -18.180000 -34.669998 1.550000
v -17.129999 -33.250000 1.800000
v -15.450000 -33.169998 1.440000
v -15.700000 -31.860001 1.870000
v -14.860000 -30.780001 1.970000
v -14.750000 -29.260000 2.430000
v -13.300000 -28.850000 1.990000
v -13.070000 -26.990000 2.500000
v -13.480000 -25.629999 3.150000
v -13.470000 -23.760000 3.800000
v -14.140000 -23.030001 4.770000
v -14.530000 -22.670000 5.480000
v -14.400000 -20.840000 6.870000
v -13.590000 -19.530001 7.760000
v -14.040000 -19.900000 8.870000
v -13.280000 -19.139999 8.970000
v -13.110000 -17.730000 9.480000
v -13.410000 -17.690001 11.460000
v -13.750000 -18.190001 13.190000
v -14.190000 -19.540001 12.770000
v -14.090000 -19.230000 14.540000
v -13.720000 -21.340000 5.740000
v -18.879999 -28.700001 19.469999
v -18.020000 -27.190001 18.330000
v -16.940001 -25.910000 17.459999
v -15.180000 -23.080000 18.510000
v -15.760000 -24.650000 19.280001
v -16.330000 -25.780001 19.090000
v -17.139999 -27.100000 19.230000
v -14.400000 -21.020000 16.930000
v -14.070000 -21.469999 18.850000
v -13.810000 -19.370001 16.650000
v -25.260000 -35.250000 23.080000
v -23.420000 -34.900002 23.290001
v -21.959999 -34.660000 23.639999
v -20.379999 -33.439999 23.020000
v -19.540001 -31.790001 22.110001
v -18.459999 -30.139999 21.100000
v -19.510000 -30.129999 20.510000
v -25.820000 -36.480000 23.450001
v -31.770000 -45.590000 18.809999
v -30.379999 -43.139999 22.530001
v -29.350000 -42.279999 23.440001
v -28.900000 -40.869999 23.860001
v -28.370001 -39.540001 23.719999
v -30.469999 -44.709999 21.850000
v -30.730000 -45.709999 20.719999
v -31.360001 -45.490002 20.110001
v -27.840000 -38.389999 23.559999
v -26.370001 -37.919998 23.790001
v -31.389999 -46.000000 17.480000
v -31.120001 -47.290001 17.290001
v -31.450001 -47.310001 15.420000
v -30.209999 -48.830002 13.150000
v -30.350000 -48.450001 11.120000
v -29.740000 -48.740002 9.300000
v -28.990000 -48.919998 7.300000
v -28.950001 -48.419998 6.100000
v -28.150000 -48.349998 4.800000
v -28.889999 -47.090000 4.860000
v -28.820000 -45.889999 4.180000
v -29.639999 -44.529999 4.020000
v -28.969999 -43.209999 3.190000
v -27.129999 -42.570000 2.380000
v -26.680000 -40.959999 2.060000
v -26.860001 -39.950001 2.140000
v -25.230000 -39.599998 1.820000
v -25.440001 -38.150002 1.940000
v -24.180000 -37.830002 1.870000
v -24.360001 -36.570000 2.060000
v -23.240000 -36.799999 1.920000
v -21.820000 -36.619999 1.820000
v -20.000000 -36.560001 1.590000
v -18.299999 -36.619999 1.220000
v -17.030001 -35.950001 1.050000
v -16.459999 -34.820000 1.190000
v -15.060000 -35.259998 0.880000
v -12.820000 -34.430000 0.580000
v -13.370000 -32.880001 0.990000
v -14.250000 -31.889999 1.490000
v -13.430000 -30.780001 1.490000
v -11.700000 -30.070000 1.210000
v -12.080000 -28.559999 1.640000
v -11.350000 -26.730000 1.780000
v -12.470000 -25.879999 2.570000
v -11.960000 -24.139999 2.950000
v -12.340000 -22.160000 3.980000
v -13.060000 -21.520000 4.890000
v -12.720000 -19.340000 6.490000
v -12.540000 -18.330000 7.430000
v -12.940000 -18.290001 8.270000
v -12.200000 -16.730000 7.760000
v -12.620000 -16.049999 9.620000
v -12.810000 -16.120001 11.450000
v -13.230000 -16.610001 13.060000
v -13.520000 -16.500000 14.920000
v -13.730000 -17.889999 14.810000
v -13.470000 -17.680000 16.549999
v -11.960000 -19.870001 4.910000
v -17.840000 -28.770000 20.280001
v -14.460000 -22.780001 19.590000
v -14.910000 -24.270000 20.180000
v -15.300000 -25.680000 20.770000
v -16.059999 -26.870001 20.620001
v -16.910000 -29.120001 21.410000
v -13.150000 -19.459999 18.559999
v -12.920000 -19.969999 19.850000
v -13.480000 -21.150000 19.820000
v -13.350000 -22.070000 20.809999
v -12.720000 -17.969999 18.180000
v -24.570000 -36.580002 23.770000
v -22.980000 -36.680000 24.180000
v -21.059999 -35.970001 24.410000
v -20.770000 -34.980000 23.990000
v -20.680000 -34.560001 23.650000
v -19.370001 -34.689999 24.270000
v -18.549999 -33.139999 23.620001
v -18.490000 -32.090000 22.879999
v -17.680000 -30.690001 22.150000
v -24.280001 -37.880001 24.299999
v -30.520000 -45.970001 19.309999
v -30.959999 -47.270000 19.080000
v -29.459999 -44.349998 23.049999
v -28.430000 -43.990002 24.090000
v -28.209999 -42.439999 24.260000
v -28.170000 -41.310001 24.080000
v -27.309999 -39.900002 23.750000
v -26.610001 -38.439999 24.150000
v -29.440001 -46.139999 22.580000
v -29.900000 -46.869999 21.400000
v -30.400000 -47.020000 20.350000
v -25.950001 -39.849998 24.320000
v -24.799999 -39.270000 24.570000
v -30.090000 -48.689999 18.570000
v -29.830000 -49.090000 16.920000
v -30.440001 -48.619999 15.460000
v -29.090000 -50.439999 15.000000
v -28.940001 -50.700001 12.780000
v -28.660000 -50.759998 11.170000
v -28.910000 -50.270000 9.540000
v -28.180000 -50.389999 7.670000
v -27.469999 -50.549999 6.360000
v -27.290001 -49.919998 5.340000
v -26.379999 -49.849998 3.780000
v -27.340000 -48.299999 3.760000
v -27.980000 -47.150002 3.960000
v -27.680000 -46.060001 3.120000
v -27.730000 -44.320000 2.980000
v -26.090000 -43.970001 2.110000
v -26.320000 -42.700001 2.030000
v -25.680000 -41.619999 1.670000
v -23.610001 -40.750000 1.320000
v -22.900000 -39.040001 1.490000
v -22.510000 -37.750000 1.650000
v -20.370001 -38.459999 1.220000
v -17.760000 -37.970001 0.920000
v -15.930000 -37.480000 0.610000
v -15.330000 -36.369999 0.740000
v -13.250000 -36.700001 0.450000
v -10.830000 -35.900002 0.170000
v -10.750000 -34.380001 0.280000
v -11.440000 -33.180000 0.560000
v -12.130000 -32.160000 0.860000
v -10.080000 -31.559999 0.570000
v -10.240000 -29.889999 0.800000
v -10.560000 -28.680000 1.060000
v -9.450000 -26.809999 1.090000
v -9.780000 -25.180000 1.580000
v -10.400000 -24.150000 2.110000
v -10.640000 -22.309999 2.830000
v -11.580000 -22.400000 3.370000
v -11.250000 -20.959999 3.750000
v -11.510000 -17.530001 5.730000
v -11.300000 -17.910000 7.080000
v -11.590000 -15.960000 6.700000
v -11.700000 -14.500000 7.600000
v -12.250000 -14.610000 9.520000
v -12.570000 -14.410000 11.600000
v -12.700000 -14.680000 12.820000
v -12.580000 -14.690000 14.390000
v -12.530000 -14.960000 15.590000
v -12.800000 -15.940000 16.850000
v -12.190000 -16.320000 18.209999
v -10.520000 -19.080000 3.870000
v -10.420000 -17.309999 4.410000
v -14.020000 -23.959999 21.270000
v -14.560000 -25.590000 21.780001
v -15.170000 -27.120001 22.100000
v -15.710000 -28.780001 22.549999
v -16.000000 -30.370001 23.290001
v -17.010000 -31.840000 23.530001
v -12.260000 -18.150000 19.219999
v -11.730000 -18.370001 20.450001
v -12.040000 -20.010000 21.080000
v -12.570000 -20.790001 20.900000
v -12.010000 -21.190001 21.910000
v -12.130000 -23.080000 23.000000
v -13.340000 -23.719999 22.150000
v -11.460000 -16.850000 19.700001
v -22.240000 -38.590000 25.070000
v -20.250000 -37.590000 25.299999
v -19.160000 -35.990002 25.020000
v -18.680000 -35.290001 24.850000
v -17.549999 -35.169998 25.290001
v -17.500000 -33.660000 24.480000
v -23.309999 -39.689999 25.139999
v -29.389999 -48.590000 20.250000
v -28.250000 -45.950001 23.690001
v -27.480000 -45.240002 24.660000
v -27.680000 -44.099998 24.540001
v -27.059999 -43.060001 24.850000
v -27.030001 -41.279999 24.320000
v -28.270000 -47.380001 22.860001
v -28.580000 -48.360001 21.709999
v -25.730000 -41.700001 24.959999
v -24.219999 -41.070000 25.180000
v -28.780001 -50.180000 19.100000
v -29.219999 -49.279999 17.889999
v -28.889999 -50.259998 17.250000
v -28.299999 -51.840000 16.840000
v -28.110001 -52.130001 14.710000
v -27.840000 -52.000000 13.040000
v -27.559999 -52.060001 11.160000
v -27.440001 -51.980000 9.390000
v -26.830000 -52.070000 7.530000
v -26.660000 -51.590000 6.460000
v -25.910000 -51.639999 5.240000
v -25.139999 -51.380001 3.780000
v -25.129999 -49.849998 2.820000
v -25.969999 -48.299999 2.840000
v -26.770000 -47.740002 3.120000
v -26.160000 -46.220001 2.230000
v -24.950001 -45.520000 1.610000
v -24.150000 -43.860001 1.470000
v -24.719999 -42.950001 1.580000
v -22.879999 -42.330002 1.150000
v -21.570000 -40.910000 0.980000
v -21.559999 -39.880001 1.140000
v -19.260000 -40.160000 0.670000
v -17.049999 -39.540001 0.570000
v -14.920000 -39.040001 0.290000
v -14.070000 -37.950001 0.360000
v -12.150000 -38.570000 0.170000
v -9.830000 -37.439999 0.030000
v -8.750000 -35.939999 0.040000
v -9.160000 -34.349998 0.150000
v -9.470000 -33.080002 0.300000
v -7.930000 -31.850000 0.270000
v -8.300000 -30.379999 0.410000
v -8.530000 -29.040001 0.550000
v -7.550000 -26.850000 0.630000
v -7.930000 -25.559999 0.900000
v -8.350000 -24.180000 1.260000
v -9.420000 -23.990000 1.710000
v -9.130000 -22.420000 1.980000
v -9.660000 -21.049999 2.600000
v -10.340000 -20.990000 3.060000
v -9.660000 -19.650000 3.040000
v -10.700000 -16.129999 5.140000
v -10.980000 -14.970000 5.940000
v -11.150000 -13.120000 6.600000
v -11.700000 -12.990000 7.580000
v -12.060000 -13.070000 9.280000
v -12.340000 -12.840000 11.410000
v -12.500000 -12.840000 12.940000
v -12.760000 -13.460000 13.880000
v -12.250000 -12.950000 15.150000
v -11.550000 -13.230000 15.900000
v -11.890000 -13.670000 16.760000
v -12.210000 -14.790000 16.900000
v -11.710000 -14.650000 18.360001
v -10.880000 -14.920000 19.570000
v -9.230000 -17.629999 3.280000
v -9.070000 -15.910000 3.510000
v -9.850000 -14.620000 4.530000
v -13.370000 -25.370001 23.150000
v -14.430000 -27.110001 23.200001
v -14.760000 -28.750000 23.700001
v -15.050000 -30.360001 24.209999
v -15.480000 -31.840000 24.740000
v -15.820000 -33.810001 25.549999
v -10.600000 -16.879999 21.190001
v -10.700000 -18.260000 21.809999
v -10.930000 -19.870001 22.309999
v -10.810000 -21.350000 23.340000
v -10.160000 -22.990000 24.570000
v -11.320000 -24.420000 24.469999
v -12.390000 -24.559999 23.690001
v -9.800000 -15.300000 21.139999
v -22.090000 -39.939999 25.740000
v -20.580000 -39.759998 25.870001
v -18.760000 -39.169998 26.190001
v -18.639999 -37.779999 25.940001
v -18.450001 -36.669998 25.629999
v -16.889999 -36.770000 26.209999
v -16.309999 -35.279999 25.959999
v -22.290001 -41.430000 25.840000
v -27.910000 -50.090000 20.639999
v -27.240000 -49.099998 20.010000
v -27.299999 -47.650002 23.709999
v -26.570000 -46.779999 24.670000
v -26.100000 -45.290001 25.209999
v -26.010000 -43.990002 25.230000
v -25.780001 -42.849998 25.250000
v -27.180000 -48.779999 22.379999
v -27.250000 -49.950001 21.610001
v -24.500000 -43.029999 25.700001
v -22.930000 -42.570000 25.860001
v -27.260000 -51.860001 19.990000
v -28.000000 -51.700001 18.610001
v -28.200001 -50.740002 17.760000
v -26.620001 -53.130001 18.090000
v -26.879999 -52.529999 16.600000
v -27.309999 -53.099998 15.020000
v -26.850000 -53.279999 13.200000
v -26.360001 -53.450001 11.310000
v -26.040001 -53.439999 9.430000
v -25.920000 -53.209999 8.050000
v -25.059999 -53.610001 6.710000
v -24.940001 -53.200001 5.570000
v -23.879999 -53.040001 4.010000
v -23.670000 -51.529999 2.800000
v -23.799999 -49.910000 2.180000
v -24.690001 -48.889999 2.220000
v -25.430000 -47.880001 2.270000
v -24.400000 -47.799999 1.740000
v -23.270000 -46.759998 1.210000
v -23.540001 -45.689999 1.210000
v -22.059999 -44.580002 0.880000
v -20.590000 -42.619999 0.590000
v -20.510000 -41.500000 0.700000
v -18.170000 -41.720001 0.300000
v -16.020000 -41.119999 0.280000
v -13.910000 -40.560001 0.110000
v -13.020000 -39.580002 0.100000
v -11.110000 -40.150002 0.020000
v -8.820000 -39.009998 -0.030000
v -7.550000 -37.590000 -0.060000
v -6.980000 -35.889999 -0.030000
v -6.930000 -34.349998 0.010000
v -7.560000 -33.680000 0.080000
v -5.970000 -31.969999 0.070000
v -6.370000 -30.559999 0.150000
v -6.630000 -29.129999 0.280000
v -5.650000 -27.180000 0.320000
v -5.510000 -25.280001 0.420000
v -6.460000 -24.410000 0.650000
v -6.500000 -22.420000 0.860000
v -7.960000 -22.549999 1.410000
v -7.980000 -21.190001 1.590000
v -8.450000 -19.910000 2.180000
v -8.080000 -17.850000 2.400000
v -10.310000 -12.870000 5.360000
v -10.900000 -11.450000 6.140000
v -11.530000 -11.610000 7.630000
v -11.920000 -11.570000 9.360000
v -12.210000 -11.380000 11.350000
v -12.290000 -11.650000 12.200000
v -12.450000 -11.850000 13.050000
v -12.420000 -11.630000 14.770000
v -11.730000 -11.730000 16.780001
v -11.230000 -12.110000 18.030001
v -11.350000 -13.350000 18.100000
v -10.620000 -13.110000 19.230000
v -9.480000 -13.450000 20.719999
v -7.670000 -15.880000 2.480000
v -8.280000 -14.340000 3.170000
v -9.020000 -14.510000 3.730000
v -8.810000 -13.070000 3.760000
v -9.640000 -12.250000 4.520000
v -12.380000 -25.670000 24.340000
v -12.580000 -27.490000 25.059999
v -13.740000 -27.160000 24.010000
v -13.900000 -28.629999 24.730000
v -13.910000 -30.570000 25.450001
v -14.340000 -31.780001 25.629999
v -14.520000 -33.000000 26.090000
v -15.080000 -35.430000 26.700001
v -13.450000 -34.470001 27.379999
v -9.510000 -16.719999 22.139999
v -9.680000 -17.969999 22.610001
v -9.730000 -19.450001 23.290001
v -9.200000 -21.020000 24.340000
v -8.640000 -22.840000 25.330000
v -10.110000 -24.180000 25.049999
v -8.680000 -24.250000 25.520000
v -11.450000 -25.590000 25.120001
v -10.200000 -25.330000 25.540001
v -8.530000 -13.740000 21.700001
v -8.630000 -15.140000 22.170000
v -8.930000 -16.120001 22.379999
v -21.240000 -41.150002 26.320000
v -20.059999 -41.029999 26.360001
v -19.020000 -40.959999 26.459999
v -17.590000 -40.680000 26.959999
v -17.139999 -39.060001 26.730000
v -17.889999 -38.180000 26.170000
v -17.090000 -37.990002 26.480000
v -15.720000 -37.820000 26.990000
v -15.350000 -36.660000 26.889999
v -21.580000 -43.029999 26.219999
v -20.480000 -42.639999 26.530001
v -25.900000 -51.669998 21.340000
v -26.330000 -49.090000 23.219999
v -25.299999 -48.410000 24.450001
v -25.030001 -46.840000 25.160000
v -25.160000 -45.720001 25.530001
v -25.150000 -44.509998 25.650000
v -26.420000 -49.959999 22.260000
v -26.160000 -49.130001 21.309999
v -23.900000 -44.669998 25.940001
v -22.100000 -44.389999 26.230000
v -25.510000 -53.330002 19.780001
v -24.520000 -54.779999 18.549999
v -25.350000 -54.910000 16.670000
v -26.650000 -53.549999 16.850000
v -25.870001 -53.970001 14.860000
v -26.270000 -53.799999 13.610000
v -25.120001 -55.000000 11.680000
v -24.680000 -55.009998 9.420000
v -24.129999 -54.889999 7.280000
v -23.400000 -54.540001 5.190000
v -22.360001 -54.509998 3.560000
v -22.580000 -53.139999 2.880000
v -22.629999 -51.900002 2.380000
v -22.260000 -50.279999 1.720000
v -22.230000 -48.349998 1.260000
v -23.480000 -48.700001 1.710000
v -21.290001 -46.820000 0.700000
v -21.660000 -45.880001 0.780000
v -20.030001 -45.290001 0.410000
v -20.400000 -44.369999 0.500000
v -19.090000 -43.270000 0.220000
v -16.660000 -43.070000 0.110000
v -15.000000 -42.599998 0.120000
v -12.870000 -42.110001 -0.010000
v -11.990000 -41.130001 0.020000
v -10.070000 -41.689999 -0.060000
v -7.780000 -40.549999 -0.070000
v -6.580000 -39.209999 -0.100000
v -5.970000 -37.650002 -0.070000
v -5.290000 -36.049999 -0.050000
v -4.750000 -34.430000 -0.030000
v -5.560000 -33.689999 -0.010000
v -3.980000 -31.879999 0.020000
v -4.460000 -30.520000 0.050000
v -4.980000 -29.320000 0.110000
v -3.500000 -27.549999 0.140000
v -3.600000 -25.170000 0.210000
v -3.900000 -23.510000 0.280000
v -4.550000 -22.540001 0.420000
v -5.650000 -20.840000 0.860000
v -6.810000 -20.990000 1.210000
v -7.170000 -19.610001 1.620000
v -6.900000 -17.950001 1.750000
v -6.240000 -16.120001 1.770000
v -10.370000 -10.120000 5.280000
v -11.180000 -9.990000 6.420000
v -11.510000 -10.350000 7.500000
v -11.860000 -9.960000 9.570000
v -12.030000 -10.310000 10.990000
v -12.090000 -9.840000 12.460000
v -12.670000 -10.290000 13.920000
v -12.240000 -9.770000 15.500000
v -11.690000 -10.010000 16.639999
v -10.980000 -9.940000 17.940001
v -10.250000 -10.610000 19.100000
v -10.310000 -11.800000 19.219999
v -9.160000 -11.440000 20.629999
v -7.900000 -12.260000 22.150000
v -5.910000 -14.320000 1.820000
v -7.070000 -13.250000 2.510000
v -8.070000 -13.150000 3.130000
v -8.040000 -11.960000 3.200000
v -8.870000 -10.640000 3.770000
v -10.820000 -26.930000 26.320000
v -12.940000 -28.990000 25.760000
v -12.030000 -28.730000 26.020000
v -11.100000 -28.420000 26.180000
v -12.840000 -30.360001 26.270000
v -13.650000 -31.900000 26.330000
v -12.760000 -32.240002 27.120001
v -13.580000 -33.009998 27.000000
v -13.700000 -36.740002 27.590000
v -12.590000 -36.099998 28.270000
v -12.110000 -34.580002 28.070000
v -12.110000 -33.580002 27.770000
v -8.450000 -17.459999 23.370001
v -8.970000 -19.120001 23.860001
v -7.410000 -20.510000 24.799999
v -7.520000 -22.209999 26.040001
v -7.700000 -24.320000 26.650000
v -6.480000 -23.670000 26.830000
v -8.840000 -25.959999 26.139999
v -7.660000 -25.650000 27.030001
v -9.990000 -25.980000 26.139999
v -7.780000 -13.820000 22.480000
v -7.840000 -14.930000 22.820000
v -8.120000 -16.070000 23.150000
v -19.330000 -42.230000 26.820000
v -17.240000 -42.099998 27.350000
v -15.990000 -40.730000 27.570000
v -15.460000 -39.220001 27.420000
v -14.400000 -38.020000 27.500000
v -20.120001 -44.189999 26.709999
v -18.350000 -43.750000 27.190001
v -25.209999 -50.509998 23.129999
v -24.750000 -52.150002 22.469999
v -23.889999 -53.689999 21.480000
v -24.770000 -53.389999 20.650000
v -23.780001 -50.220001 24.490000
v -23.610001 -48.549999 25.230000
v -24.000000 -47.290001 25.620001
v -24.120001 -46.029999 25.540001
v -22.650000 -46.040001 25.860001
v -21.330000 -46.070000 26.690001
v -19.799999 -45.779999 26.920000
v -23.750000 -54.820000 19.969999
v -22.950001 -55.200001 18.910000
v -23.230000 -56.320000 18.670000
v -23.879999 -55.340000 17.379999
v -24.010000 -56.410000 16.750000
v -24.129999 -56.480000 14.810000
v -25.139999 -55.150002 15.010000
v -24.980000 -55.340000 13.700000
v -24.000000 -56.639999 12.750000
v -23.360001 -56.939999 10.780000
v -23.330000 -56.639999 9.310000
v -23.020000 -56.529999 7.570000
v -22.670000 -56.400002 6.590000
v -22.180000 -56.310001 5.520000
v -21.180000 -56.060001 3.700000
v -21.160000 -54.490002 2.700000
v -21.309999 -53.009998 2.220000
v -21.910000 -52.230000 2.080000
v -20.809999 -50.810001 1.190000
v -20.000000 -48.790001 0.900000
v -19.340000 -46.930000 0.490000
v -18.110001 -45.529999 0.240000
v -18.350000 -44.689999 0.210000
v -16.240000 -44.759998 0.110000
v -14.420000 -43.860001 0.040000
v -11.770000 -43.680000 -0.020000
v -10.950000 -42.680000 -0.010000
v -9.030000 -43.270000 -0.080000
v -6.790000 -42.139999 -0.120000
v -5.500000 -40.750000 -0.090000
v -4.850000 -39.230000 -0.100000
v -4.070000 -37.730000 -0.090000
v -3.450000 -36.160000 -0.070000
v -3.010000 -34.340000 -0.050000
v -3.440000 -33.090000 -0.040000
v -1.970000 -31.629999 -0.020000
v -2.600000 -30.320000 0.010000
v -3.230000 -29.290001 0.050000
v -1.200000 -28.549999 -0.010000
v -1.330000 -26.700001 0.050000
v -2.490000 -25.889999 0.120000
v -1.510000 -24.100000 0.080000
v -2.690000 -22.559999 0.210000
v -3.310000 -21.500000 0.290000
v -4.020000 -19.900000 0.580000
v -5.610000 -19.590000 1.070000
v -5.450000 -18.090000 1.150000
v -4.640000 -16.240000 1.150000
v -4.180000 -14.260000 1.090000
v -9.480000 -8.370000 4.090000
v -10.610000 -8.230000 5.150000
v -11.190000 -8.380000 6.190000
v -11.350000 -8.840000 6.980000
v -11.700000 -8.770000 8.660000
v -11.960000 -8.270000 10.760000
v -12.070000 -8.720000 12.290000
v -11.400000 -8.700000 13.670000
v -12.110000 -8.310000 15.300000
v -11.570000 -8.400000 16.809999
v -10.930000 -8.590000 18.030001
v -10.110000 -8.780000 19.209999
v -9.090000 -8.920000 20.510000
v -9.190000 -10.150000 20.420000
v -8.210000 -9.590000 21.530001
v -7.280000 -10.720000 22.580000
v -6.630000 -12.110000 23.230000
v -6.180000 -13.480000 23.629999
v -6.860000 -14.590000 23.330000
v -4.560000 -13.150000 1.330000
v -5.820000 -13.080000 1.850000
v -5.750000 -11.520000 1.820000
v -7.130000 -11.780000 2.550000
v -7.590000 -10.330000 2.740000
v -7.950000 -8.640000 2.890000
v -9.470000 -28.299999 27.160000
v -9.530000 -27.110001 26.549999
v -11.790000 -30.270000 26.830000
v -10.680000 -29.879999 26.940001
v -11.480000 -31.530001 27.600000
v -11.250000 -32.950001 27.799999
v -12.840000 -38.330002 28.100000
v -11.920000 -37.599998 28.850000
v -11.600000 -36.270000 28.469999
v -11.300000 -34.939999 28.299999
v -11.030000 -33.619999 28.370001
v -8.130000 -19.100000 24.459999
v -7.160000 -18.120001 24.389999
v -7.220000 -16.299999 23.950001
v -6.750000 -21.209999 25.820000
v -5.450000 -20.870001 25.969999
v -6.030000 -19.260000 25.200001
v -6.380000 -22.450001 26.100000
v -6.950000 -25.410000 27.709999
v -5.690000 -25.270000 27.610001
v -5.530000 -24.260000 27.610001
v -4.160000 -23.719999 27.680000
v -5.440000 -22.420000 26.750000
v -9.070000 -27.190001 26.820000
v -8.500000 -27.360001 27.520000
v -7.520000 -27.219999 27.590000
v -5.940000 -26.799999 28.139999
v -16.059999 -43.779999 27.830000
v -16.160000 -42.490002 27.770000
v -15.180000 -41.599998 28.110001
v -14.490000 -39.990002 28.000000
v -18.260000 -45.610001 27.299999
v -16.879999 -45.660000 27.780001
v -23.590000 -51.959999 23.549999
v -22.799999 -53.500000 22.830000
v -22.049999 -55.080002 21.980000
v -22.930000 -55.000000 20.990000
v -22.920000 -51.919998 24.360001
v -22.510000 -50.669998 25.040001
v -22.049999 -49.169998 25.709999
v -22.740000 -47.680000 25.709999
v -21.500000 -47.450001 26.150000
v -20.230000 -47.639999 26.770000
v -19.070000 -47.360001 27.120001
v -17.860001 -47.060001 27.400000
v -21.930000 -56.470001 20.490000
v -22.049999 -56.930000 19.299999
v -21.719999 -57.959999 18.540001
v -22.480000 -57.709999 16.809999
v -23.160000 -56.980000 15.580000
v -22.320000 -58.189999 14.760000
v -22.500000 -58.150002 12.890000
v -22.240000 -58.209999 11.010000
v -21.910000 -58.259998 9.240000
v -21.639999 -58.080002 7.570000
v -21.320000 -57.790001 6.020000
v -20.309999 -57.730000 4.490000
v -19.500000 -57.650002 3.310000
v -19.809999 -56.150002 2.580000
v -20.110001 -54.500000 2.100000
v -20.559999 -53.560001 2.040000
v -19.680000 -52.240002 1.130000
v -18.570000 -50.310001 0.610000
v -18.080000 -49.029999 0.550000
v -17.299999 -47.439999 0.350000
v -16.620001 -45.990002 0.050000
v -14.360000 -46.290001 0.010000
v -12.390000 -45.430000 0.000000
v -9.860000 -45.180000 -0.060000
v -9.730000 -44.220001 -0.070000
v -8.130000 -44.709999 -0.070000
v -5.700000 -43.889999 -0.110000
v -4.520000 -42.400002 -0.140000
v -3.770000 -40.849998 -0.130000
v -2.890000 -39.299999 -0.100000
v -2.170000 -37.740002 -0.100000
v -1.480000 -36.230000 -0.090000
v -1.030000 -34.349998 -0.060000
v -1.420000 -33.070000 -0.050000
v 0.200000 -31.639999 -0.060000
v -0.440000 -30.129999 -0.010000
v 1.200000 -28.629999 -0.030000
v 0.670000 -27.160000 -0.040000
v 0.390000 -25.340000 -0.010000
v 0.130000 -23.500000 -0.020000
v -0.300000 -22.010000 0.050000
v -1.430000 -21.040001 0.150000
v -2.330000 -19.990000 0.240000
v -1.940000 -18.459999 0.260000
v -3.560000 -18.260000 0.650000
v -2.740000 -16.730000 0.590000
v -2.220000 -14.230000 0.580000
v -2.450000 -12.750000 0.660000
v -3.690000 -11.650000 0.960000
v -8.400000 -6.850000 2.990000
v -9.770000 -6.870000 4.090000
v -10.440000 -7.160000 5.080000
v -11.110000 -6.730000 6.080000
v -11.400000 -6.910000 6.980000
v -11.740000 -7.020000 8.640000
v -11.910000 -7.000000 10.720000
v -12.110000 -7.000000 12.650000
v -12.470000 -7.170000 14.460000
v -12.140000 -6.970000 15.770000
v -11.460000 -6.680000 17.049999
v -10.840000 -7.010000 18.360001
v -10.160000 -7.400000 19.260000
v -9.090000 -7.310000 20.459999
v -8.270000 -7.510000 21.490000
v -8.260000 -8.530000 21.430000
v -7.500000 -8.070000 22.230000
v -6.500000 -8.890000 23.200001
v -6.020000 -10.400000 23.709999
v -5.800000 -11.670000 23.860001
v -5.510000 -12.880000 24.100000
v -5.520000 -14.980000 24.190001
v -4.190000 -14.290000 24.969999
v -5.620000 -16.520000 24.120001
v -4.660000 -10.160000 1.210000
v -5.790000 -9.860000 1.640000
v -6.480000 -10.130000 1.990000
v -6.730000 -8.730000 1.860000
v -6.590000 -6.870000 1.860000
v -8.920000 -30.040001 27.950001
v -8.780000 -28.959999 27.969999
v -7.820000 -28.870001 28.040001
v -11.030000 -30.610001 27.660000
v -10.320000 -31.410000 27.510000
v -9.740000 -30.559999 27.990000
v -10.120000 -32.220001 28.430000
v -13.010000 -40.160000 28.790001
v -11.310000 -38.980000 29.350000
v -10.420000 -37.500000 29.320000
v -11.160000 -36.730000 28.910000
v -10.700000 -35.439999 29.059999
v -9.520000 -33.740002 29.090000
v -6.150000 -17.940001 24.520000
v -4.790000 -21.490000 27.100000
v -3.420000 -20.959999 27.030001
v -3.810000 -19.150000 26.370001
v -4.930000 -19.420000 25.700001
v -5.580000 -19.680000 25.930000
v -5.400000 -18.160000 25.219999
v -3.800000 -26.100000 28.500000
v -1.880000 -25.120001 28.799999
v -2.150000 -23.750000 28.160000
v -2.370000 -22.809999 27.930000
v -3.410000 -22.250000 27.490000
v -6.500000 -28.690001 28.750000
v -4.730000 -28.469999 29.150000
v -4.460000 -27.280001 28.780001
v -15.710000 -45.630001 27.850000
v -14.540000 -45.549999 28.299999
v -15.270000 -44.060001 28.250000
v -15.050000 -42.939999 28.010000
v -13.510000 -42.770000 28.730000
v -13.900000 -41.220001 28.139999
v -16.719999 -47.130001 27.780001
v -15.280000 -47.110001 27.980000
v -21.680000 -53.349998 24.000000
v -20.719999 -54.939999 23.520000
v -20.170000 -56.779999 22.600000
v -21.740000 -51.580002 25.139999
v -20.760000 -53.040001 24.850000
v -21.660000 -50.439999 25.520000
v -20.350000 -50.389999 26.049999
v -20.480000 -48.730000 26.410000
v -18.420000 -49.189999 27.170000
v -16.920000 -48.430000 27.780001
v -20.260000 -58.200001 20.559999
v -21.160000 -57.820000 19.600000
v -21.290001 -56.959999 19.430000
v -20.510000 -59.360001 18.580000
v -21.490000 -59.340000 17.469999
v -20.719999 -58.540001 17.110001
v -21.129999 -58.660000 15.610000
v -21.340000 -59.759998 14.630000
v -21.129999 -59.660000 12.910000
v -21.000000 -59.630001 11.140000
v -20.639999 -59.720001 9.320000
v -20.040001 -59.840000 7.430000
v -20.120001 -59.279999 6.220000
v -19.260000 -59.279999 4.910000
v -18.400000 -59.150002 3.480000
v -18.280001 -57.590000 2.520000
v -18.610001 -56.259998 1.930000
v -18.850000 -54.490002 1.540000
v -19.100000 -53.400002 1.350000
v -17.750000 -52.360001 0.660000
v -16.969999 -50.680000 0.490000
v -16.129999 -49.110001 0.320000
v -15.540000 -47.660000 0.100000
v -13.230000 -47.889999 0.010000
v -11.140000 -47.220001 -0.030000
v -8.960000 -46.730000 -0.060000
v -8.300000 -45.689999 -0.100000
v -6.260000 -46.029999 -0.070000
v -3.830000 -45.189999 -0.100000
v -4.150000 -44.080002 -0.110000
v -2.840000 -43.160000 -0.130000
v -1.810000 -41.090000 -0.130000
v -0.930000 -39.349998 -0.110000
v -0.130000 -37.709999 -0.120000
v 0.470000 -36.169998 -0.100000
v 0.870000 -34.360001 -0.080000
v 0.560000 -33.139999 -0.050000
v 2.170000 -32.150002 -0.080000
v 2.580000 -29.940001 -0.070000
v 3.130000 -28.190001 -0.070000
v 2.640000 -27.250000 -0.060000
v 2.150000 -26.070000 -0.040000
v 2.410000 -24.000000 -0.060000
v 1.840000 -22.510000 -0.030000
v 0.860000 -21.459999 -0.020000
v 0.290000 -19.350000 0.080000
v -0.310000 -17.379999 0.090000
v -1.240000 -16.840000 0.250000
v -0.080000 -15.010000 0.240000
v -0.370000 -12.760000 0.260000
v -1.270000 -11.230000 0.380000
v -2.660000 -10.180000 0.620000
v -4.000000 -9.190000 0.930000
v -7.960000 -5.110000 2.490000
v -9.260000 -5.160000 3.530000
v -10.280000 -5.440000 4.710000
v -11.180000 -5.540000 6.130000
v -11.720000 -5.720000 7.210000
v -11.880000 -5.340000 8.680000
v -11.950000 -5.460000 9.730000
v -11.930000 -5.460000 10.890000
v -11.890000 -5.440000 12.750000
v -12.420000 -5.360000 14.800000
v -11.920000 -5.600000 16.360001
v -11.120000 -5.090000 17.870001
v -10.270000 -5.340000 18.870001
v -9.000000 -5.590000 20.440001
v -7.780000 -5.730000 21.930000
v -7.190000 -6.660000 22.530001
v -6.320000 -7.120000 23.209999
v -5.310000 -9.630000 24.370001
v -5.450000 -8.040000 24.160000
v -5.800000 -7.460000 23.760000
v -4.670000 -11.120000 24.719999
v -4.570000 -12.790000 24.850000
v -4.740000 -16.070000 24.980000
v -3.040000 -16.030001 25.629999
v -3.240000 -14.730000 25.570000
v -2.350000 -13.720000 25.799999
v -3.290000 -12.080000 25.440001
v -4.350000 -17.350000 25.400000
v -5.400000 -8.840000 1.310000
v -4.190000 -7.460000 1.030000
v -5.590000 -5.520000 1.300000
v -6.820000 -5.310000 1.850000
v -9.260000 -31.430000 28.030001
v -8.100000 -31.830000 28.950001
v -7.850000 -30.290001 28.520000
v -6.600000 -30.480000 29.129999
v -13.240000 -41.290001 28.770000
v -11.880000 -41.709999 29.389999
v -10.910000 -40.689999 29.969999
v -10.150000 -39.230000 30.100000
v -9.900000 -38.080002 29.879999
v -9.100000 -36.430000 29.690001
v -10.010000 -36.270000 29.629999
v -9.520000 -35.220001 29.400000
v -8.570000 -34.680000 29.840000
v -8.020000 -33.389999 29.629999
v -2.020000 -21.950001 27.580000
v -2.430000 -20.980000 27.440001
v -1.980000 -19.940001 27.190001
v -2.190000 -17.559999 26.490000
v -3.470000 -17.719999 26.120001
v -3.200000 -27.760000 29.240000
v -1.250000 -26.600000 29.290001
v 0.120000 -25.100000 29.190001
v 0.080000 -23.830000 28.850000
v -1.310000 -23.860001 28.559999
v -0.560000 -22.270000 28.100000
v -5.320000 -30.049999 29.670000
v -3.630000 -29.879999 29.780001
v -3.810000 -28.740000 29.549999
v -14.200000 -47.380001 28.790001
v -12.980000 -46.880001 29.209999
v -13.230000 -45.500000 29.000000
v -13.550000 -44.450001 28.750000
v -14.270000 -44.230000 28.370001
v -12.220000 -44.290001 29.379999
v -11.790000 -42.779999 29.370001
v -15.220000 -48.570000 28.260000
v -14.030000 -48.380001 28.700001
v -19.370001 -54.560001 24.940001
v -18.110001 -56.330002 24.540001
v -18.469999 -58.380001 22.709999
v -19.430000 -58.160000 21.740000
v -20.520000 -51.689999 25.559999
v -19.150000 -53.130001 25.709999
v -19.180000 -51.750000 26.170000
v -18.730000 -50.560001 26.740000
v -16.969999 -50.980000 27.490000
v -15.250000 -50.070000 28.180000
v -18.809999 -59.240002 20.980000
v -19.700001 -59.540001 19.799999
v -19.150000 -60.869999 18.820000
v -19.350000 -60.139999 17.420000
v -20.190001 -60.730000 16.840000
v -20.190001 -60.130001 15.410000
v -20.280001 -61.290001 14.690000
v -19.879999 -61.250000 12.860000
v -19.660000 -61.119999 11.060000
v -19.700001 -60.919998 9.560000
v -18.930000 -61.400002 7.650000
v -18.620001 -61.160000 6.640000
v -18.360001 -60.900002 5.550000
v -17.120001 -60.779999 3.690000
v -16.860001 -59.189999 2.590000
v -17.040001 -57.599998 1.990000
v -17.629999 -56.689999 1.880000
v -16.520000 -55.200001 1.110000
v -17.450001 -53.919998 0.870000
v -15.770000 -52.430000 0.340000
v -15.090000 -50.810001 0.270000
v -14.490000 -49.240002 0.090000
v -12.180000 -49.439999 0.010000
v -10.060000 -48.860001 -0.010000
v -7.890000 -48.279999 -0.040000
v -7.050000 -47.240002 -0.080000
v -5.170000 -47.840000 -0.060000
v -2.890000 -46.740002 -0.040000
v -1.860000 -45.220001 -0.090000
v -2.290000 -44.169998 -0.110000
v -0.580000 -43.130001 -0.150000
v 0.190000 -41.220001 -0.140000
v 1.070000 -39.410000 -0.150000
v 1.920000 -37.669998 -0.120000
v 2.780000 -35.889999 -0.110000
v 2.590000 -34.410000 -0.090000
v 2.440000 -33.320000 -0.070000
v 4.080000 -32.330002 -0.100000
v 4.440000 -30.139999 -0.080000
v 4.810000 -28.139999 -0.090000
v 4.460000 -27.010000 -0.080000
v 3.980000 -26.049999 -0.070000
v 3.890000 -24.100000 -0.050000
v 3.740000 -22.100000 -0.100000
v 3.060000 -21.120001 -0.030000
v 2.340000 -19.879999 -0.020000
v 2.150000 -17.540001 0.040000
v 0.890000 -16.900000 0.080000
v 2.370000 -15.240000 0.060000
v 2.130000 -12.930000 0.080000
v 0.880000 -12.280000 0.140000
v 0.420000 -10.540000 0.160000
v -0.200000 -8.630000 0.260000
v -1.980000 -8.910000 0.540000
v -7.230000 -3.710000 1.870000
v -8.320000 -3.880000 2.370000
v -9.480000 -3.730000 3.470000
v -10.490000 -3.910000 5.040000
v -11.310000 -4.030000 6.460000
v -11.800000 -4.090000 7.340000
v -11.930000 -4.380000 8.040000
v -12.080000 -3.780000 9.390000
v -12.190000 -4.060000 10.710000
v -11.930000 -3.780000 12.710000
v -11.340000 -3.930000 14.400000
v -12.390000 -3.760000 15.400000
v -11.760000 -3.910000 16.559999
v -11.100000 -3.870000 17.879999
v -10.230000 -3.730000 19.230000
v -8.830000 -3.940000 20.469999
v -7.770000 -3.810000 21.600000
v -7.130000 -4.190000 22.299999
v -6.610000 -5.580000 22.730000
v -5.500000 -4.210000 23.020000
v -5.940000 -5.740000 23.389999
v -4.900000 -5.980000 24.080000
v -3.890000 -9.660000 25.100000
v -3.770000 -8.200000 25.150000
v -4.440000 -7.430000 24.740000
v -3.150000 -10.300000 25.389999
v -2.410000 -16.559999 26.129999
v -1.550000 -16.080000 26.240000
v -1.850000 -15.020000 25.670000
v -0.860000 -14.330000 26.219999
v -1.470000 -13.320000 26.230000
v -1.080000 -12.070000 26.450001
v -2.270000 -11.900000 26.090000
v -1.810000 -10.350000 26.090000
v -1.610000 -7.070000 0.470000
v -2.750000 -4.990000 0.520000
v -4.880000 -4.410000 1.070000
v -6.760000 -32.980000 29.610001
v -6.250000 -31.820000 29.850000
v -4.440000 -31.809999 29.990000
v -11.020000 -43.090000 29.930000
v -9.620000 -42.430000 30.139999
v -9.560000 -40.939999 30.559999
v -9.150000 -39.360001 30.400000
v -8.790000 -37.799999 30.100000
v -8.450000 -36.470001 30.160000
v -7.290000 -35.160000 30.120001
v -7.140000 -33.759998 30.100000
v -1.190000 -21.010000 27.670000
v -0.210000 -19.840000 27.750000
v -0.600000 -17.990000 27.180000
v -0.950000 -16.860001 26.760000
v -2.880000 -28.900000 29.620001
v -1.290000 -28.299999 29.750000
v -0.080000 -27.100000 29.629999
v 1.410000 -25.879999 29.590000
v 2.090000 -23.520000 29.190001
v 1.480000 -22.270000 28.770000
v -0.090000 -23.070000 28.570000
v 0.690000 -20.740000 28.299999
v -1.910000 -31.330000 30.490000
v -2.200000 -29.740000 29.930000
v -12.230000 -48.389999 29.379999
v -11.430000 -46.840000 29.629999
v -12.240000 -45.799999 29.440001
v -11.290000 -45.419998 29.910000
v -11.110000 -44.290001 29.879999
v -13.220000 -49.889999 29.000000
v -17.840000 -54.509998 25.870001
v -18.520000 -53.669998 25.840000
v -17.219999 -58.610001 24.080000
v -16.129999 -57.840000 25.240000
v -16.350000 -56.330002 25.799999
v -16.680000 -55.020000 26.180000
v -17.350000 -59.919998 22.790001
v -18.080000 -59.619999 21.959999
v -17.790001 -52.500000 26.780001
v -16.420000 -52.340000 27.410000
v -15.150000 -52.430000 27.959999
v -14.020000 -51.830002 28.440001
v -12.110000 -51.389999 29.209999
v -17.650000 -60.910000 21.270000
v -17.879999 -60.080002 19.850000
v -18.620001 -58.759998 19.440001
v -18.809999 -59.980000 18.770000
v -18.410000 -61.099998 17.240000
v -18.900000 -61.549999 15.690000
v -18.530001 -62.840000 14.600000
v -18.480000 -62.770000 12.870000
v -18.230000 -62.709999 11.040000
v -18.010000 -62.529999 8.960000
v -16.920000 -63.169998 6.940000
v -17.190001 -62.450001 6.020000
v -16.209999 -62.410000 4.570000
v -15.300000 -62.279999 3.310000
v -15.630000 -60.840000 2.660000
v -15.690000 -59.529999 2.300000
v -15.580000 -58.000000 1.620000
v -15.460000 -56.389999 0.960000
v -14.770000 -54.599998 0.510000
v -15.190000 -53.669998 0.520000
v -13.740000 -52.450001 0.140000
v -13.420000 -50.849998 0.050000
v -11.050000 -51.009998 -0.060000
v -8.990000 -50.389999 -0.050000
v -6.880000 -49.849998 -0.040000
v -6.000000 -48.869999 -0.050000
v -4.120000 -49.450001 -0.050000
v -1.860000 -48.320000 -0.040000
v -0.560000 -46.889999 -0.060000
v -0.030000 -45.189999 -0.090000
v -0.280000 -44.139999 -0.120000
v 1.440000 -42.980000 -0.150000
v 2.280000 -41.200001 -0.160000
v 3.160000 -39.410000 -0.130000
v 3.990000 -37.650002 -0.150000
v 4.820000 -35.880001 -0.130000
v 4.920000 -34.349998 -0.110000
v 4.360000 -33.750000 -0.090000
v 6.130000 -32.340000 -0.090000
v 6.520000 -29.950001 -0.090000
v 6.520000 -28.219999 -0.100000
v 6.400000 -26.910000 -0.070000
v 6.070000 -25.600000 -0.030000
v 5.420000 -24.100000 -0.060000
v 5.590000 -22.139999 -0.070000
v 4.970000 -21.000000 -0.080000
v 4.290000 -19.860001 -0.040000
v 3.880000 -17.549999 -0.020000
v 3.210000 -16.350000 0.010000
v 4.380000 -15.150000 0.030000
v 3.980000 -12.770000 0.050000
v 3.250000 -11.610000 0.060000
v 2.370000 -10.670000 0.080000
v 1.870000 -8.680000 0.110000
v 1.520000 -6.880000 0.060000
v -0.170000 -6.970000 0.240000
v -6.000000 -2.080000 1.250000
v -7.920000 -1.950000 1.920000
v -8.810000 -2.150000 2.630000
v -9.230000 -2.720000 3.060000
v -10.610000 -2.070000 4.540000
v -11.000000 -2.620000 5.220000
v -11.650000 -2.500000 6.830000
v -12.090000 -2.760000 8.680000
v -12.210000 -2.470000 10.800000
v -12.010000 -2.400000 12.310000
v -12.790000 -2.400000 13.220000
v -12.660000 -2.400000 14.490000
v -12.350000 -2.560000 15.540000
v -11.550000 -2.230000 16.980000
v -11.020000 -2.630000 17.940001
v -9.970000 -2.100000 19.299999
v -9.110000 -2.120000 20.350000
v -8.160000 -2.470000 20.959999
v -7.460000 -2.770000 21.750000
v -6.320000 -2.760000 22.629999
v -4.250000 -4.350000 23.930000
v -3.100000 -3.670000 23.520000
v -4.220000 -2.180000 22.969999
v -5.120000 -2.450000 22.240000
v -3.330000 -6.000000 24.959999
v -3.370000 -4.450000 24.480000
v -2.040000 -8.290000 25.490000
v -2.310000 -6.840000 25.360001
v 0.240000 -16.070000 26.980000
v 0.420000 -14.290000 26.910000
v -0.120000 -13.190000 26.139999
v 0.480000 -11.760000 26.430000
v 0.120000 -9.890000 26.430000
v -0.160000 -8.210000 26.059999
v -0.400000 -5.320000 0.180000
v -1.540000 -3.780000 0.260000
v -2.620000 -3.860000 0.390000
v -3.470000 -2.710000 0.440000
v -5.670000 -33.599998 30.299999
v -4.050000 -32.419998 30.809999
v -2.350000 -33.299999 30.940001
v -9.920000 -44.419998 30.230000
v -7.930000 -43.639999 30.820000
v -8.410000 -42.549999 30.610001
v -7.710000 -41.490002 30.889999
v -7.510000 -39.220001 30.900000
v -7.890000 -37.959999 30.510000
v -7.360000 -36.410000 30.410000
v -6.840000 -35.299999 30.549999
v -5.490000 -35.389999 30.750000
v 1.050000 -19.290001 28.190001
v 1.000000 -17.740000 27.690001
v -2.550000 -28.930000 29.850000
v -0.950000 -29.260000 30.240000
v 0.770000 -28.820000 30.270000
v 0.760000 -27.490000 29.820000
v 2.700000 -27.379999 30.090000
v 3.060000 -25.549999 29.879999
v 2.930000 -24.510000 29.709999
v 4.170000 -23.520000 29.379999
v 3.700000 -22.030001 29.180000
v 2.650000 -20.709999 28.780001
v 1.750000 -19.980000 28.629999
v -0.430000 -33.160000 31.160000
v 0.200000 -31.320000 30.879999
v -0.390000 -30.049999 30.520000
v -1.430000 -30.129999 30.330000
v -11.280000 -49.849998 29.530001
v -10.780000 -48.610001 29.959999
v -10.370000 -47.250000 29.980000
v -10.070000 -45.950001 29.940001
v -17.030001 -53.900002 26.570000
v -15.860000 -59.660000 24.440001
v -15.860000 -61.150002 23.100000
v -14.700000 -59.430000 25.459999
v -14.930000 -57.610001 26.230000
v -15.640000 -56.849998 26.049999
v -15.120000 -55.580002 26.910000
v -15.770000 -53.540001 27.340000
v -16.709999 -61.150002 22.139999
v -13.930000 -54.040001 28.059999
v -13.160000 -53.240002 28.520000
v -11.400000 -53.020000 29.200001
v -10.200000 -51.720001 29.639999
v -9.970000 -50.299999 29.709999
v -15.940000 -62.630001 21.290001
v -17.280001 -62.349998 20.020000
v -18.120001 -62.520000 16.900000
v -17.240000 -63.080002 15.580000
v -17.900000 -64.269997 14.690000
v -17.180000 -64.250000 12.970000
v -16.820000 -64.279999 11.080000
v -16.450001 -64.269997 9.230000
v -16.030001 -64.269997 7.510000
v -15.660000 -64.260002 6.430000
v -15.340000 -64.050003 5.310000
v -13.990000 -63.840000 3.550000
v -13.910000 -62.270000 2.490000
v -14.360000 -60.799999 2.030000
v -14.970000 -59.930000 1.980000
v -13.890000 -58.330002 1.230000
v -14.430000 -56.910000 0.780000
v -13.140000 -55.439999 0.500000
v -13.360000 -53.740002 0.290000
v -11.780000 -52.529999 -0.010000
v -9.480000 -52.389999 -0.050000
v -7.910000 -51.910000 -0.030000
v -5.850000 -51.380001 -0.040000
v -5.010000 -50.419998 -0.060000
v -3.090000 -51.009998 -0.050000
v -0.810000 -49.849998 -0.060000
v 0.450000 -48.500000 -0.060000
v 1.110000 -47.000000 -0.080000
v 1.890000 -45.450001 -0.070000
v 2.590000 -43.900002 -0.110000
v 3.430000 -42.470001 -0.120000
v 4.320000 -41.040001 -0.120000
v 5.250000 -39.330002 -0.150000
v 6.280000 -37.490002 -0.150000
v 6.590000 -35.930000 -0.130000
v 6.880000 -34.360001 -0.120000
v 6.360000 -33.770000 -0.110000
v 8.120000 -32.340000 -0.080000
v 8.530000 -29.950001 -0.050000
v 8.770000 -28.230000 -0.030000
v 8.340000 -27.500000 -0.070000
v 8.130000 -25.670000 0.010000
v 7.810000 -24.110001 0.000000
v 7.440000 -22.590000 -0.020000
v 6.870000 -21.139999 -0.030000
v 6.230000 -19.870001 -0.030000
v 5.820000 -17.520000 -0.010000
v 5.100000 -16.360001 0.010000
v 6.340000 -15.140000 0.020000
v 5.910000 -12.790000 0.020000
v 5.210000 -11.530000 0.020000
v 4.560000 -10.170000 0.020000
v 3.560000 -8.650000 0.000000
v 3.520000 -6.760000 0.020000
v 2.280000 -5.530000 0.020000
v 1.180000 -5.500000 0.080000
v -4.350000 -0.530000 0.640000
v -6.360000 -0.470000 1.160000
v -7.960000 -0.500000 1.980000
v -8.750000 -0.680000 2.630000
v -9.440000 -0.750000 3.320000
v -10.340000 -1.050000 4.400000
v -11.220000 -0.920000 5.580000
v -11.940000 -1.030000 6.700000
v -12.210000 -0.920000 8.870000
v -12.430000 -0.900000 10.900000
v -12.470000 -0.880000 12.770000
v -12.550000 -1.000000 14.580000
v -11.750000 -0.870000 16.639999
v -11.100000 -0.880000 17.910000
v -10.380000 -1.000000 18.830000
v -9.130000 -0.460000 19.969999
v -8.350000 -0.720000 20.670000
v -7.380000 -0.910000 21.490000
v -5.920000 -1.310000 22.370001
v -1.870000 -5.100000 24.400000
v -1.180000 -3.510000 23.910000
v -1.660000 -2.170000 23.440001
v -3.280000 -2.330000 23.799999
v -2.520000 -0.540000 22.889999
v -4.130000 -0.820000 22.900000
v -0.190000 -6.670000 25.620001
v -1.080000 -6.060000 25.180000
v 1.540000 -16.250000 27.580000
v 2.140000 -14.480000 27.240000
v 1.730000 -12.770000 26.879999
v 1.160000 -12.230000 26.780001
v 2.090000 -10.690000 26.559999
v 0.830000 -10.180000 26.120001
v 2.100000 -8.760000 26.110001
v 1.470000 -7.550000 25.879999
v 1.370000 -5.680000 25.129999
v 1.440000 -4.260000 0.070000
v 0.060000 -2.550000 0.190000
v -1.650000 -2.440000 0.300000
v -1.610000 -0.690000 0.340000
v -4.590000 -33.880001 30.770000
v -3.090000 -34.910000 31.219999
v -1.950000 -34.849998 31.520000
v -0.580000 -34.630001 31.400000
v -8.400000 -46.099998 30.590000
v -6.300000 -45.220001 31.270000
v -6.230000 -43.650002 31.379999
v -6.800000 -42.560001 31.250000
v -5.950000 -41.330002 31.469999
v -5.740000 -39.189999 31.299999
v -6.270000 -38.130001 31.049999
v -6.710000 -36.990002 30.910000
v -5.150000 -37.070000 31.170000
v -3.290000 -36.889999 31.400000
v 2.350000 -18.330000 28.290001
v 2.700000 -16.320000 27.750000
v 0.920000 -29.299999 30.740000
v 2.130000 -30.100000 30.740000
v 2.180000 -28.790001 30.360001
v 3.040000 -28.910000 30.469999
v 4.330000 -28.490000 30.440001
v 4.610000 -26.740000 30.170000
v 4.240000 -25.620001 30.010000
v 4.040000 -24.520000 29.910000
v 5.910000 -23.969999 29.950001
v 5.550000 -22.100000 29.510000
v 4.940000 -20.520000 29.190001
v 3.750000 -19.760000 28.799999
v 3.240000 -19.200001 28.410000
v 1.270000 -34.389999 31.459999
v 0.950000 -33.330002 31.309999
v 2.030000 -32.419998 31.230000
v -9.550000 -48.869999 29.740000
v -9.280000 -47.599998 30.410000
v -14.730000 -61.240002 24.350000
v -14.010000 -63.040001 23.290001
v -14.940000 -62.799999 22.379999
v -13.620000 -58.009998 26.750000
v -12.650000 -59.549999 26.629999
v -13.590000 -61.200001 25.320000
v -13.820000 -56.549999 27.209999
v -13.860000 -55.400002 27.629999
v -12.560000 -55.619999 28.219999
v -11.390000 -54.790001 28.920000
v -9.680000 -54.630001 29.570000
v -9.560000 -52.950001 29.840000
v -9.110000 -51.790001 30.040001
v -8.970000 -50.689999 29.860001
v -7.770000 -49.299999 30.469999
v -13.910000 -64.410004 21.760000
v -14.820000 -64.160004 20.719999
v -16.190001 -64.059998 18.920000
v -17.670000 -62.570000 18.480000
v -16.620001 -63.049999 17.120001
v -17.080000 -64.389999 16.660000
v -16.170000 -64.879997 14.820000
v -15.780000 -65.669998 13.120000
v -15.390000 -65.820000 11.240000
v -15.010000 -65.879997 9.310000
v -14.670000 -65.820000 7.550000
v -14.350000 -65.510002 6.030000
v -13.320000 -65.550003 4.450000
v -12.490000 -65.360001 3.280000
v -12.640000 -64.099998 2.750000
v -12.060000 -62.450001 1.760000
v -13.480000 -61.419998 1.730000
v -12.540000 -59.900002 0.980000
v -11.780000 -57.639999 0.470000
v -12.430000 -56.740002 0.520000
v -10.950000 -55.639999 0.200000
v -11.160000 -54.070000 0.090000
v -8.960000 -54.119999 0.020000
v -7.280000 -53.200001 -0.050000
v -4.770000 -53.000000 -0.040000
v -3.940000 -51.990002 -0.030000
v -2.060000 -52.560001 -0.040000
v 0.210000 -51.419998 -0.040000
v 1.430000 -50.080002 -0.060000
v 2.170000 -48.590000 -0.080000
v 2.990000 -47.099998 -0.050000
v 3.780000 -45.570000 -0.080000
v 4.580000 -44.029999 -0.080000
v 5.390000 -42.500000 -0.080000
v 6.320000 -40.930000 -0.100000
v 7.290000 -39.290001 -0.120000
v 8.290000 -37.490002 -0.130000
v 8.400000 -36.180000 -0.110000
v 8.640000 -34.880001 -0.090000
v 8.390000 -33.759998 -0.150000
v 10.010000 -32.410000 -0.050000
v 10.590000 -29.980000 0.030000
v 10.720000 -28.170000 0.080000
v 10.390000 -27.490000 0.010000
v 10.000000 -26.200001 0.070000
v 10.280000 -24.209999 0.130000
v 9.490000 -22.620001 0.100000
v 8.850000 -21.270000 0.060000
v 8.190000 -19.990000 0.030000
v 7.810000 -17.549999 0.020000
v 7.050000 -16.370001 0.030000
v 8.340000 -15.170000 0.050000
v 7.910000 -12.720000 0.030000
v 7.190000 -11.510000 0.020000
v 6.470000 -10.480000 0.010000
v 6.370000 -8.590000 -0.030000
v 5.420000 -7.040000 -0.040000
v 4.370000 -5.630000 -0.020000
v 3.310000 -4.340000 0.000000
v -2.650000 0.870000 0.260000
v -4.460000 0.940000 0.550000
v -6.300000 0.970000 1.270000
v -8.170000 1.030000 2.040000
v -9.010000 0.740000 2.580000
v -9.680000 0.560000 3.420000
v -11.080000 0.820000 5.070000
v -11.980000 0.450000 6.680000
v -12.450000 0.620000 8.920000
v -12.650000 0.900000 11.120000
v -12.740000 0.720000 13.000000
v -12.780000 0.710000 14.970000
v -11.740000 0.900000 16.740000
v -11.150000 0.660000 17.740000
v -10.430000 0.500000 18.719999
v -9.010000 0.790000 19.980000
v -7.770000 0.810000 20.850000
v -6.370000 0.710000 21.500000
v -6.000000 0.190000 22.230000
v -4.180000 0.780000 22.400000
v 0.400000 -4.290000 24.600000
v 0.260000 -2.360000 23.610001
v -0.150000 -0.620000 22.860001
v -0.540000 0.940000 22.350000
v -1.980000 1.080000 22.400000
v -2.830000 0.860000 22.490000
v 3.990000 -14.630000 27.650000
v 3.840000 -12.940000 27.270000
v 2.820000 -12.210000 26.959999
v 4.300000 -10.690000 26.770000
v 3.960000 -8.800000 26.230000
v 3.710000 -7.070000 25.670000
v 2.570000 -7.290000 25.750000
v 3.010000 -6.000000 25.219999
v 2.880000 -4.340000 24.570000
v 2.170000 -2.890000 24.010000
v 2.400000 -2.450000 0.100000
v 1.660000 -0.630000 0.180000
v 0.100000 -0.860000 0.240000
v 0.370000 0.520000 0.280000
v -1.290000 2.150000 0.450000
v -2.130000 -36.470001 31.830000
v -0.870000 -36.110001 31.650000
v 0.810000 -35.930000 31.650000
v -7.540000 -47.520000 30.830000
v -5.820000 -47.169998 31.209999
v -5.010000 -45.380001 31.600000
v -5.070000 -43.959999 31.590000
v -5.150000 -42.279999 31.510000
v -6.180000 -42.590000 31.639999
v -5.450000 -41.169998 31.790001
v -4.590000 -39.959999 31.860001
v -4.240000 -38.160000 31.400000
v -4.970000 -38.080002 31.450001
v -2.460000 -38.410000 31.650000
v -0.500000 -37.919998 31.820000
v 3.800000 -17.799999 28.340000
v 3.300000 -16.780001 28.260000
v 4.230000 -15.910000 28.049999
v 4.070000 -31.250000 31.200001
v 3.820000 -29.799999 30.790001
v 5.440000 -29.889999 31.139999
v 5.730000 -28.459999 30.889999
v 5.570000 -27.139999 30.660000
v 5.800000 -25.770000 30.290001
v 5.130000 -25.530001 30.080000
v 7.790000 -25.330000 30.510000
v 7.800000 -23.660000 30.209999
v 7.690000 -22.420000 29.990000
v 6.910000 -21.260000 29.620001
v 5.800000 -20.900000 29.580000
v 6.560000 -19.260000 29.299999
v 5.670000 -18.290001 28.959999
v 4.380000 -18.250000 28.840000
v 2.740000 -36.049999 31.900000
v 2.790000 -34.549999 31.650000
v 2.370000 -33.730000 31.500000
v 3.330000 -33.680000 31.610001
v 4.660000 -33.110001 31.660000
v -13.030000 -62.720001 24.629999
v -12.270000 -64.599998 23.900000
v -13.170000 -64.500000 22.940001
v -12.550000 -57.980000 27.350000
v -12.910000 -57.029999 27.500000
v -12.410000 -61.360001 26.040001
v -11.410000 -61.020000 26.879999
v -11.080000 -59.150002 27.760000
v -11.730000 -58.130001 27.730000
v -12.390000 -62.360001 25.469999
v -12.000000 -57.080002 27.990000
v -10.430000 -56.910000 28.760000
v -8.130000 -56.040001 29.820000
v -8.340000 -54.480000 30.160000
v -8.930000 -53.660000 29.990000
v -8.130000 -52.470001 30.410000
v -7.520000 -50.869999 30.209999
v -6.500000 -50.080002 30.990000
v -6.230000 -48.830002 31.049999
v -12.280000 -65.970001 22.469999
v -13.200000 -66.099998 21.410000
v -13.900000 -65.779999 20.410000
v -12.950000 -64.489998 20.719999
v -13.910000 -64.589996 19.650000
v -14.920000 -65.879997 18.670000
v -15.750000 -65.870003 17.040001
v -15.600000 -65.940002 15.500000
v -14.070000 -67.410004 13.690000
v -13.970000 -67.330002 11.450000
v -13.650000 -67.410004 9.500000
v -12.940000 -67.589996 7.490000
v -13.030000 -67.059998 6.240000
v -12.440000 -67.050003 5.020000
v -11.270000 -66.889999 3.590000
v -11.240000 -65.440002 2.540000
v -11.780000 -64.339996 2.380000
v -10.410000 -64.250000 1.460000
v -9.870000 -62.259998 0.940000
v -10.270000 -61.130001 0.740000
v -11.560000 -60.939999 0.880000
v -10.400000 -59.770000 0.490000
v -10.050000 -57.930000 0.360000
v -10.410000 -56.689999 0.240000
v -8.860000 -55.650002 0.060000
v -6.700000 -55.540001 0.010000
v -5.260000 -54.689999 0.010000
v -2.880000 -54.490002 -0.030000
v -2.730000 -53.529999 -0.050000
v -1.140000 -54.009998 -0.020000
v 1.300000 -53.180000 -0.040000
v 2.600000 -51.650002 -0.050000
v 3.240000 -50.180000 -0.080000
v 4.090000 -48.680000 -0.050000
v 4.870000 -47.169998 -0.090000
v 5.700000 -45.680000 -0.070000
v 6.510000 -44.130001 -0.030000
v 7.370000 -42.560001 -0.030000
v 8.300000 -40.950001 -0.030000
v 9.290000 -39.270000 -0.050000
v 10.330000 -37.509998 -0.110000
v 10.390000 -36.250000 -0.080000
v 10.380000 -34.849998 -0.050000
v 10.330000 -33.520000 -0.040000
v 12.060000 -32.029999 0.100000
v 11.670000 -30.620001 0.000000
v 13.060000 -28.889999 0.230000
v 12.410000 -27.219999 0.240000
v 11.620000 -26.129999 0.190000
v 12.200000 -24.370001 0.290000
v 11.440000 -22.260000 0.260000
v 10.730000 -21.209999 0.200000
v 10.180000 -20.010000 0.150000
v 9.870000 -17.650000 0.150000
v 9.070000 -16.410000 0.080000
v 10.370000 -15.190000 0.120000
v 9.870000 -12.770000 0.070000
v 9.220000 -11.490000 0.040000
v 8.610000 -10.050000 0.010000
v 7.670000 -8.600000 -0.030000
v 7.510000 -6.750000 -0.050000
v 6.360000 -5.640000 -0.040000
v 5.260000 -4.350000 -0.050000
v 4.540000 -2.090000 0.010000
v -3.300000 2.520000 0.610000
v -4.640000 2.320000 0.790000
v -6.390000 2.400000 1.260000
v -8.080000 2.480000 2.010000
v -9.560000 2.660000 2.840000
v -10.100000 2.100000 3.630000
v -11.300000 2.220000 4.960000
v -12.170000 2.390000 5.970000
v -12.290000 1.920000 7.050000
v -12.710000 2.120000 8.940000
v -13.000000 2.280000 11.220000
v -12.390000 2.070000 11.830000
v -13.290000 2.400000 13.250000
v -12.710000 2.060000 14.950000
v -11.980000 2.470000 16.830000
v -11.250000 2.270000 17.690001
v -10.490000 2.080000 18.549999
v -8.850000 2.610000 20.160000
v -7.450000 2.300000 21.070000
v -6.220000 2.360000 21.570000
v -4.740000 2.500000 21.270000
v -2.670000 2.190000 22.200001
v -3.430000 3.340000 21.650000
v 1.990000 -0.540000 22.750000
v 1.420000 1.030000 22.150000
v 0.250000 2.200000 21.680000
v -0.690000 2.110000 21.860001
v -1.380000 1.920000 22.049999
v 4.480000 -14.980000 27.959999
v 5.690000 -14.330000 27.900000
v 4.690000 -13.510000 27.540001
v 5.280000 -12.130000 27.330000
v 6.520000 -10.380000 26.830000
v 5.980000 -8.720000 26.270000
v 5.600000 -6.880000 25.820000
v 4.410000 -5.390000 25.040001
v 3.950000 -6.500000 25.219999
v 3.610000 -4.290000 24.430000
v 4.250000 -2.880000 24.070000
v 3.970000 -0.960000 22.870001
v 3.500000 -0.710000 0.130000
v 3.460000 0.870000 0.190000
v 1.750000 0.760000 0.240000
v 1.510000 2.370000 0.350000
v 0.350000 3.950000 0.480000
v -1.540000 3.980000 0.530000
v -3.400000 3.760000 0.780000
v 1.400000 -37.910000 32.099998
v -4.830000 -48.740002 31.510000
v -4.350000 -47.119999 31.950001
v -3.880000 -45.439999 31.650000
v -4.260000 -44.419998 31.879999
v -3.460000 -42.849998 31.879999
v -4.000000 -41.250000 31.850000
v -2.800000 -40.029999 32.230000
v -1.130000 -39.459999 32.040001
v 0.530000 -39.470001 32.290001
v 0.440000 -38.320000 32.189999
v 5.650000 -16.450001 28.530001
v 6.180000 -31.420000 31.629999
v 6.700000 -30.100000 31.680000
v 7.130000 -28.760000 31.190001
v 7.090000 -27.420000 30.879999
v 9.310000 -27.330000 31.120001
v 10.140000 -25.260000 30.760000
v 9.880000 -23.620001 30.459999
v 8.550000 -23.920000 30.420000
v 9.090000 -22.459999 30.209999
v 8.730000 -20.750000 29.930000
v 8.110000 -19.370001 29.639999
v 8.060000 -17.600000 29.250000
v 6.870000 -16.900000 28.900000
v 3.700000 -37.849998 32.430000
v 4.730000 -36.570000 32.310001
v 4.280000 -34.869999 31.820000
v 6.080000 -35.009998 32.060001
v 6.720000 -33.180000 32.080002
v -11.140000 -63.790001 25.400000
v -10.370000 -66.110001 24.350000
v -11.400000 -66.040001 23.410000
v -11.530000 -62.299999 26.090000
v -10.080000 -62.509998 26.770000
v -9.930000 -61.049999 27.570000
v -9.970000 -59.759998 28.040001
v -9.970000 -58.619999 28.430000
v -8.410000 -58.570000 29.120001
v -6.880000 -57.599998 29.879999
v -7.160000 -56.180000 30.030001
v -6.990000 -55.040001 30.090000
v -7.240000 -53.860001 30.430000
v -6.530000 -52.389999 30.330000
v -5.680000 -51.419998 30.980000
v -5.290000 -50.169998 31.309999
v -10.640000 -67.470001 22.820000
v -11.470000 -67.330002 21.910000
v -11.870000 -67.370003 21.000000
v -12.790000 -67.169998 20.020000
v -13.460000 -67.230003 18.480000
v -14.280000 -67.050003 16.969999
v -14.170000 -66.059998 17.270000
v -14.760000 -67.169998 15.390000
v -13.670000 -68.570000 15.130000
v -11.760000 -69.550003 13.450000
v -12.750000 -68.629997 12.900000
v -12.340000 -68.949997 11.620000
v -12.530000 -68.760002 9.560000
v -11.950000 -69.019997 8.120000
v -11.200000 -69.250000 6.650000
v -11.000000 -68.550003 5.190000
v -9.230000 -68.480003 3.220000
v -10.210000 -67.230003 2.960000
v -10.150000 -66.300003 2.060000
v -8.760000 -65.459999 1.210000
v -8.510000 -64.110001 0.780000
v -8.150000 -62.290001 0.560000
v -8.460000 -60.970001 0.320000
v -9.310000 -60.150002 0.410000
v -8.110000 -58.740002 0.160000
v -8.200000 -57.150002 0.100000
v -5.990000 -57.220001 0.040000
v -4.430000 -56.259998 0.000000
v -1.890000 -56.070000 -0.010000
v -1.300000 -55.000000 -0.030000
v 0.780000 -55.299999 -0.030000
v 3.070000 -54.509998 -0.020000
v 2.800000 -53.410000 -0.030000
v 4.130000 -52.470001 -0.050000
v 5.180000 -50.430000 -0.040000
v 6.030000 -48.750000 -0.090000
v 6.840000 -47.209999 -0.090000
v 7.590000 -45.750000 -0.070000
v 8.410000 -44.209999 -0.040000
v 9.310000 -42.660000 0.000000
v 10.220000 -41.020000 0.070000
v 11.250000 -39.349998 0.070000
v 12.420000 -37.509998 0.010000
v 12.470000 -36.259998 0.010000
v 12.410000 -34.889999 0.050000
v 12.420000 -33.480000 0.060000
v 13.970000 -32.360001 0.210000
v 14.450000 -30.150000 0.350000
v 15.180000 -28.190001 0.480000
v 14.560000 -26.719999 0.460000
v 13.490000 -26.100000 0.370000
v 14.440000 -23.990000 0.510000
v 13.500000 -22.070000 0.430000
v 12.440000 -21.129999 0.330000
v 11.710000 -19.980000 0.290000
v 12.150000 -18.260000 0.280000
v 11.210000 -16.480000 0.170000
v 12.510000 -14.860000 0.170000
v 11.670000 -12.890000 0.110000
v 11.170000 -11.580000 0.060000
v 10.530000 -10.340000 0.040000
v 10.440000 -8.120000 0.000000
v 9.480000 -7.050000 -0.070000
v 8.370000 -5.630000 -0.040000
v 7.270000 -4.340000 -0.020000
v 6.610000 -2.420000 0.030000
v 6.430000 -0.660000 0.110000
v 5.420000 0.740000 0.200000
v -4.700000 3.510000 0.940000
v -6.350000 3.810000 1.300000
v -8.310000 4.170000 2.140000
v -9.730000 3.910000 2.920000
v -10.510000 3.910000 3.680000
v -11.030000 3.850000 4.410000
v -11.750000 3.730000 5.550000
v -12.420000 3.700000 6.870000
v -13.040000 3.600000 8.690000
v -13.480000 3.800000 11.030000
v -13.930000 3.970000 13.360000
v -13.220000 3.910000 14.860000
v -12.290000 4.020000 16.570000
v -11.460000 3.830000 17.830000
v -10.720000 3.600000 18.549999
v -9.270000 4.080000 20.090000
v -7.270000 3.800000 20.820000
v -7.900000 4.960000 20.520000
v -6.110000 3.780000 20.580000
v -5.150000 3.420000 21.059999
v -5.430000 3.750000 20.540001
v -4.410000 4.950000 20.809999
v -1.080000 3.280000 21.379999
v -2.400000 3.530000 21.520000
v -2.250000 4.820000 20.799999
v 3.720000 0.880000 21.750000
v 2.460000 0.990000 21.870001
v 2.640000 2.710000 20.790001
v 0.720000 3.370000 20.900000
v 6.570000 -15.000000 28.500000
v 8.000000 -14.260000 28.139999
v 7.620000 -12.910000 27.670000
v 6.370000 -12.940000 27.730000
v 7.190000 -11.760000 27.379999
v 8.410000 -10.300000 26.910000
v 8.020000 -8.670000 26.360001
v 7.500000 -6.980000 25.709999
v 6.370000 -6.480000 25.250000
v 5.730000 -4.200000 24.680000
v 6.350000 -2.190000 23.680000
v 6.020000 -0.800000 22.709999
v 5.610000 0.610000 21.820000
v 4.240000 2.180000 0.320000
v 3.130000 2.230000 0.330000
v 3.291051 3.406989 0.646282
v 1.456916 5.159810 0.839199
v -0.490000 5.700000 0.780000
v -1.980000 5.470000 0.780000
v -3.790000 5.350000 0.940000
v -5.750000 5.120000 1.270000
v 1.710000 -39.730000 32.709999
v 3.600000 -39.419998 32.740002
v -4.030000 -50.360001 31.690001
v -3.290000 -48.700001 31.910000
v -2.950000 -47.340000 31.889999
v -2.370000 -45.770000 32.270000
v -2.050000 -44.000000 32.099998
v -1.770000 -42.570000 32.099998
v -2.080000 -41.580002 32.029999
v -0.460000 -41.450001 32.299999
v 2.260000 -41.540001 32.810001
v 8.110000 -15.370000 28.910000
v 8.240000 -31.500000 31.889999
v 7.480000 -30.530001 31.760000
v 8.550000 -29.200001 31.440001
v 9.630000 -28.680000 31.549999
v 11.100000 -28.180000 31.400000
v 10.730000 -27.230000 31.170000
v 11.740000 -26.090000 31.080000
v 11.870000 -23.780001 30.610001
v 11.490000 -22.379999 30.350000
v 10.450000 -22.110001 30.260000
v 10.510000 -20.600000 30.209999
v 9.870000 -19.389999 30.000000
v 8.940000 -19.410000 29.950001
v 9.490000 -18.080000 29.620001
v 9.110000 -16.760000 29.270000
v 5.040000 -38.980000 32.880001
v 4.700000 -37.889999 32.660000
v 5.860000 -37.650002 32.830002
v 5.640000 -36.480000 32.650002
v 7.120000 -36.099998 32.380001
v 7.410000 -34.610001 32.619999
v 7.630000 -33.340000 32.520000
v -9.420000 -65.349998 25.730000
v -9.860000 -63.990002 26.180000
v -9.340000 -67.839996 23.850000
v -8.210000 -67.550003 25.090000
v -8.720000 -63.990002 26.860001
v -8.550000 -62.340000 27.690001
v -9.340000 -61.529999 27.620001
v -8.880000 -60.259998 28.459999
v -7.030000 -60.279999 29.309999
v -5.960000 -59.160000 30.030001
v -5.560000 -57.779999 30.469999
v -5.540000 -56.279999 30.450001
v -6.250000 -55.320000 30.080000
v -6.180000 -53.810001 30.200001
v -4.910000 -53.509998 30.900000
v -4.440000 -51.810001 31.379999
v -8.960000 -69.029999 22.799999
v -9.970000 -68.930000 21.820000
v -11.060000 -68.419998 21.250000
v -11.450000 -68.529999 20.250000
v -10.710000 -67.949997 19.530001
v -11.810000 -67.720001 18.250000
v -13.180000 -68.580002 17.230000
v -12.490000 -67.919998 16.850000
v -11.690000 -69.269997 15.490000
v -11.370000 -70.309998 14.770000
v -9.680000 -71.150002 13.830000
v -9.930000 -71.029999 12.450000
v -10.350000 -70.650002 11.170000
v -10.740000 -70.239998 9.230000
v -9.630000 -70.760002 7.670000
v -9.060000 -70.750000 6.410000
v -8.600000 -70.169998 4.950000
v -6.860000 -70.029999 3.170000
v -7.470000 -68.440002 2.180000
v -8.650000 -67.570000 2.210000
v -7.670000 -66.970001 1.420000
v -7.150000 -65.320000 0.730000
v -7.560000 -64.510002 0.670000
v -6.310000 -62.950001 0.400000
v -6.390000 -60.919998 0.170000
v -7.270000 -60.240002 0.180000
v -5.790000 -58.740002 0.050000
v -3.670000 -58.669998 0.030000
v -2.270000 -57.830002 0.040000
v 0.090000 -57.580002 -0.010000
v 0.160000 -56.520000 -0.020000
v 1.770000 -57.009998 -0.020000
v 4.190000 -56.049999 -0.040000
v 5.050000 -54.520000 -0.050000
v 4.630000 -53.509998 -0.040000
v 6.350000 -52.470001 -0.050000
v 7.140000 -50.610001 -0.070000
v 8.010000 -48.830002 -0.080000
v 8.840000 -47.189999 -0.080000
v 9.480000 -45.730000 -0.100000
v 10.250000 -44.380001 -0.030000
v 11.190000 -42.830002 0.020000
v 12.150000 -41.139999 0.140000
v 13.110000 -39.450001 0.180000
v 14.100000 -37.720001 0.220000
v 15.300000 -35.930000 0.240000
v 14.540000 -34.889999 0.160000
v 14.540000 -33.470001 0.180000
v 15.980000 -31.990000 0.420000
v 15.540000 -30.650000 0.420000
v 16.840000 -28.860001 0.590000
v 16.610001 -27.020000 0.650000
v 16.170000 -25.510000 0.630000
v 16.280001 -23.549999 0.690000
v 15.750000 -22.010000 0.640000
v 14.670000 -20.809999 0.510000
v 13.530000 -19.930000 0.440000
v 14.450000 -17.840000 0.440000
v 13.390000 -16.370001 0.290000
v 14.490000 -14.630000 0.290000
v 13.690000 -12.830000 0.160000
v 12.890000 -12.260000 0.110000
v 12.510000 -10.210000 0.080000
v 11.900000 -8.080000 0.050000
v 11.680000 -6.680000 0.020000
v 10.540000 -5.970000 -0.020000
v 9.270000 -4.360000 -0.030000
v 8.560000 -2.420000 0.060000
v 8.070000 -0.700000 0.160000
v 7.550000 1.060000 0.260000
v 6.420000 2.160000 0.370000
v 5.613816 2.942673 0.815165
v -7.940000 5.490000 1.860000
v -9.430000 5.700000 2.360000
v -10.440000 5.470000 3.410000
v -11.670000 5.250000 4.610000
v -12.570000 5.460000 6.310000
v -12.910000 5.020000 7.230000
v -13.330000 5.170000 8.920000
v -13.630000 5.280000 10.870000
v -14.420000 5.570000 13.200000
v -13.870000 5.400000 14.790000
v -13.300000 5.250000 16.200001
v -12.190000 5.730000 17.830000
v -11.510000 5.400000 18.250000
v -10.730000 5.220000 19.139999
v -9.830000 5.280000 19.639999
v -8.530000 6.670000 20.389999
v -6.240000 5.270000 20.780001
v -7.240000 6.850000 19.900000
v -2.750000 7.010000 20.040001
v -4.500000 7.120000 20.360001
v -5.680000 6.610000 20.480000
v -0.490000 4.900000 20.350000
v -1.240000 6.390000 19.870001
v 4.560000 0.950000 21.530001
v 4.790000 2.460000 20.500000
v 4.480000 4.090000 19.219999
v 2.350000 4.280000 19.790001
v 0.900000 4.980000 19.820000
v 10.160000 -14.230000 28.520000
v 9.630000 -12.910000 27.660000
v 8.460000 -11.770000 27.410000
v 7.690000 -12.010000 27.600000
v 10.260000 -10.650000 27.200001
v 9.970000 -8.630000 26.420000
v 9.580000 -7.060000 25.889999
v 8.820000 -5.660000 25.170000
v 7.940000 -6.450000 25.379999
v 7.530000 -5.910000 25.219999
v 7.560000 -4.220000 24.580000
v 7.930000 -2.410000 23.690001
v 8.160000 -0.660000 22.570000
v 7.790000 1.250000 21.200001
v 6.520000 1.970000 20.670000
v 5.630000 1.140000 21.370001
v 3.563323 4.904423 1.318416
v 2.067695 7.044261 1.367984
v 0.958129 6.867160 1.066378
v -0.370000 6.910000 0.950000
v -2.340000 6.970000 0.970000
v -4.170000 6.900000 1.080000
v -6.030000 6.850000 1.330000
v -8.140000 7.170000 1.840000
v 4.200000 -41.080002 33.169998
v 5.970000 -40.540001 33.310001
v -3.100000 -51.930000 31.879999
v -2.670000 -50.480000 32.009998
v -2.150000 -49.220001 31.910000
v -1.420000 -47.669998 32.150002
v -1.170000 -46.110001 32.119999
v -0.120000 -44.560001 32.459999
v -0.840000 -43.029999 32.259998
v 0.060000 -42.889999 32.389999
v 1.430000 -43.110001 32.750000
v 3.320000 -43.160000 33.160000
v 4.990000 -42.939999 33.450001
v 10.750000 -16.040001 29.209999
v 9.280000 -32.970001 32.169998
v 10.250000 -31.280001 31.990000
v 9.970000 -29.799999 31.700001
v 12.110000 -29.840000 31.969999
v 13.050000 -28.230000 31.490000
v 12.430000 -27.170000 31.320000
v 13.800000 -26.160000 31.320000
v 13.720000 -24.270000 30.850000
v 13.570000 -22.440001 30.430000
v 12.470000 -22.420000 30.389999
v 12.880000 -21.070000 30.190001
v 11.380000 -21.160000 30.100000
v 12.250000 -19.620001 30.209999
v 11.450000 -18.080000 29.920000
v 6.700000 -39.009998 33.290001
v 7.330000 -37.779999 33.200001
v 6.920000 -36.990002 32.849998
v 8.730000 -36.790001 33.150002
v 9.030000 -35.110001 32.820000
v 8.880000 -33.900002 32.619999
v -7.880000 -65.620003 26.629999
v -8.200000 -69.040001 23.760000
v -7.040000 -67.260002 26.410000
v -6.690000 -68.910004 25.549999
v -6.770000 -70.309998 24.230000
v -7.390000 -63.970001 27.660000
v -7.500000 -62.790001 28.120001
v -7.640000 -61.439999 28.559999
v -6.280000 -61.689999 29.260000
v -4.900000 -60.919998 30.120001
v -4.400000 -59.410000 30.700001
v -4.310000 -57.939999 30.900000
v -4.330000 -56.509998 31.080000
v -4.750000 -55.240002 30.870001
v -5.440000 -55.099998 30.410000
v -3.510000 -54.810001 31.459999
v -3.400000 -53.400002 31.620001
v -7.670000 -70.480003 22.760000
v -8.290000 -70.169998 21.959999
v -8.100000 -69.230003 21.490000
v -9.000000 -70.349998 20.770000
v -9.350000 -69.589996 19.320000
v -9.930000 -69.489998 17.770000
v -11.020000 -68.760002 17.209999
v -9.810000 -70.489998 15.590000
v -8.540000 -72.110001 14.880000
v -7.000000 -73.330002 13.050000
v -8.860000 -71.910004 12.630000
v -8.680000 -72.239998 11.190000
v -8.640000 -71.940002 9.150000
v -7.820000 -72.300003 7.470000
v -7.900000 -71.830002 6.720000
v -7.000000 -71.970001 5.620000
v -5.870000 -71.739998 4.440000
v -4.860000 -71.570000 3.170000
v -5.440000 -70.019997 2.230000
v -6.440000 -69.139999 2.110000
v -5.630000 -67.760002 1.220000
v -4.930000 -65.419998 0.600000
v -5.550000 -64.610001 0.390000
v -4.060000 -63.009998 0.240000
v -4.500000 -61.490002 0.150000
v -5.100000 -60.310001 0.080000
v -3.230000 -60.279999 0.060000
v -1.050000 -59.700001 0.000000
v 1.040000 -59.130001 0.010000
v 1.670000 -58.049999 -0.020000
v 3.720000 -58.380001 -0.020000
v 6.230000 -57.610001 -0.070000
v 6.460000 -56.220001 -0.040000
v 6.520000 -54.560001 -0.050000
v 6.560000 -53.509998 -0.050000
v 8.310000 -52.490002 -0.050000
v 9.150000 -50.660000 -0.050000
v 10.030000 -48.860001 -0.060000
v 10.890000 -47.090000 -0.090000
v 11.730000 -45.369999 -0.130000
v 11.610000 -44.480000 -0.130000
v 13.020000 -43.259998 -0.030000
v 14.100000 -41.299999 0.190000
v 14.990000 -39.570000 0.320000
v 15.900000 -37.860001 0.420000
v 16.730000 -36.119999 0.460000
v 17.400000 -34.430000 0.510000
v 16.590000 -33.709999 0.400000
v 18.180000 -31.770000 0.640000
v 17.530001 -30.330000 0.630000
v 19.170000 -28.700001 0.850000
v 18.670000 -27.110001 0.840000
v 18.240000 -25.469999 0.840000
v 17.799999 -23.530001 0.840000
v 17.700001 -22.049999 0.850000
v 16.879999 -21.240000 0.700000
v 16.309999 -19.100000 0.580000
v 15.870000 -17.330000 0.600000
v 15.300000 -16.120001 0.410000
v 16.340000 -14.580000 0.360000
v 15.660000 -12.750000 0.190000
v 14.680000 -11.730000 0.110000
v 13.850000 -10.700000 0.090000
v 14.600000 -8.820000 0.060000
v 13.460000 -7.040000 0.040000
v 12.400000 -5.500000 0.030000
v 11.190000 -4.470000 0.020000
v 10.570000 -2.060000 0.080000
v 9.670000 -0.700000 0.130000
v 9.580000 1.030000 0.240000
v 8.420000 2.230000 0.380000
v 7.344013 2.307083 0.542411
v -9.570000 7.010000 2.340000
v -10.660000 7.140000 3.030000
v -11.090000 6.740000 3.610000
v -12.330000 7.100000 4.980000
v -13.210000 6.900000 6.270000
v -13.550000 6.830000 7.330000
v -13.690000 6.590000 8.610000
v -14.110000 6.860000 11.170000
v -13.460000 6.630000 12.110000
v -14.620000 7.170000 13.440000
v -14.170000 6.950000 14.820000
v -13.520000 6.870000 16.280001
v -12.480000 6.880000 17.940001
v -11.530000 6.860000 18.570000
v -10.860000 6.620000 19.270000
v -10.030000 6.820000 19.680000
v -8.150000 8.460000 20.080000
v -10.150000 8.750000 19.750000
v -6.110000 8.460000 20.100000
v -0.860000 8.330000 18.870001
v -2.670000 8.650000 19.510000
v -4.240000 8.500000 19.940001
v -0.020000 6.380000 19.410000
v 6.523409 3.643795 18.828251
v 4.846916 5.597807 17.428942
v 3.860000 5.570000 18.120001
v 3.240000 5.370000 18.639999
v 2.770000 5.140000 18.990000
v 1.700000 6.720000 18.459999
v 12.120000 -14.220000 28.730000
v 11.740000 -12.790000 28.370001
v 10.920000 -12.090000 28.000000
v 12.330000 -10.520000 27.469999
v 12.030000 -8.390000 26.450001
v 11.550000 -6.750000 25.670000
v 10.440000 -5.850000 25.320000
v 10.830000 -4.540000 24.670000
v 9.380000 -4.200000 24.500000
v 10.350000 -2.410000 23.680000
v 9.540000 -0.780000 22.740000
v 9.570000 -0.520000 22.200001
v 9.870000 0.920000 21.760000
v 9.090000 2.350000 20.670000
v 8.851451 3.800280 19.120764
v 2.382123 8.639308 1.967031
v 1.027716 8.867298 1.475186
v -0.150602 8.319477 1.191862
v -2.590000 8.450000 1.090000
v -4.560000 8.440000 1.120000
v -6.450000 8.390000 1.360000
v -7.830000 8.220000 1.630000
v -9.550000 8.930000 2.010000
v -10.360000 8.540000 2.600000
v 6.710000 -42.270000 33.880001
v 8.060000 -40.759998 33.610001
v 7.360000 -39.730000 33.619999
v -2.080000 -53.419998 32.139999
v -1.450000 -51.740002 32.330002
v -1.350000 -50.430000 32.450001
v -0.100000 -48.689999 32.360001
v -0.470000 -47.490002 32.369999
v 0.240000 -46.340000 32.619999
v 1.830000 -45.450001 32.939999
v 1.630000 -44.410000 32.860001
v 3.340000 -44.650002 33.240002
v 4.690000 -44.139999 33.470001
v 6.160000 -44.570000 33.639999
v 7.780000 -43.799999 34.060001
v 12.100000 -16.400000 29.670000
v 13.460000 -15.150000 29.139999
v 11.200000 -33.639999 32.750000
v 11.810000 -31.580000 32.340000
v 12.510000 -30.600000 32.310001
v 13.680000 -30.360001 32.380001
v 14.490000 -28.690001 32.130001
v 14.910000 -26.840000 31.889999
v 14.860000 -25.830000 31.490000
v 15.880000 -24.670000 31.129999
v 15.450000 -22.510000 30.480000
v 15.030000 -20.520000 30.049999
v 14.020000 -19.080000 29.889999
v 13.350000 -17.950001 30.080000
v 12.950000 -16.700001 29.840000
v 8.290000 -38.459999 33.750000
v 10.060000 -37.880001 33.590000
v 10.100000 -36.599998 33.529999
v 10.920000 -35.509998 33.240002
v -6.640000 -65.660004 27.480000
v -6.410000 -64.400002 28.100000
v -5.890000 -68.800003 26.459999
v -5.670000 -67.190002 27.370001
v -5.550000 -65.959999 27.959999
v -5.160000 -70.400002 25.639999
v -5.250000 -71.900002 24.770000
v -6.090000 -72.190002 23.629999
v -6.790000 -71.830002 22.620001
v -6.430000 -63.139999 28.610001
v -4.950000 -63.200001 29.469999
v -3.570000 -62.279999 30.510000
v -3.890000 -61.119999 30.580000
v -3.180000 -60.180000 31.090000
v -2.990000 -58.230000 31.410000
v -2.650000 -56.410000 31.670000
v -2.280000 -54.880001 31.950001
v -7.250000 -71.699997 21.590000
v -7.110000 -70.839996 20.750000
v -8.970000 -71.839996 19.030001
v -8.020000 -70.570000 19.420000
v -8.990000 -71.050003 17.410000
v -8.300000 -72.040001 16.150000
v -6.690000 -73.599998 15.450000
v -4.330000 -75.389999 14.420000
v -4.480000 -75.120003 12.770000
v -4.520000 -75.019997 11.120000
v -7.130000 -73.599998 11.120000
v -6.930000 -73.620003 9.630000
v -6.230000 -73.720001 7.740000
v -6.000000 -73.269997 6.490000
v -4.590000 -73.389999 5.630000
v -3.300000 -73.150002 4.140000
v -3.360000 -71.650002 2.540000
v -4.050000 -70.070000 1.810000
v -4.690000 -68.930000 1.500000
v -3.540000 -67.760002 0.830000
v -3.210000 -65.529999 0.470000
v -3.550000 -64.330002 0.340000
v -2.090000 -63.360001 0.150000
v -2.320000 -61.799999 0.060000
v -0.500000 -61.619999 0.040000
v 2.270000 -60.860001 0.020000
v 3.000000 -59.669998 -0.010000
v 4.940000 -60.299999 -0.030000
v 7.070000 -59.169998 -0.070000
v 8.300000 -57.639999 -0.080000
v 8.470000 -56.220001 -0.070000
v 8.810000 -54.549999 -0.050000
v 8.360000 -53.860001 -0.030000
v 10.350000 -52.500000 -0.040000
v 11.200000 -50.650002 -0.020000
v 12.010000 -48.860001 -0.050000
v 12.900000 -47.090000 -0.050000
v 13.760000 -45.279999 -0.090000
v 13.480000 -44.270000 -0.060000
v 15.360000 -43.189999 0.050000
v 16.070000 -41.410000 0.260000
v 16.980000 -39.669998 0.440000
v 17.809999 -37.959999 0.560000
v 18.580000 -36.240002 0.680000
v 19.100000 -34.340000 0.730000
v 18.709999 -33.060001 0.700000
v 20.200001 -31.620001 0.890000
v 19.690001 -30.209999 0.850000
v 21.270000 -28.670000 1.020000
v 20.790001 -27.110001 1.010000
v 20.389999 -25.459999 1.020000
v 20.100000 -23.549999 1.030000
v 19.430000 -22.530001 0.950000
v 18.700001 -21.420000 0.830000
v 18.270000 -19.370001 0.710000
v 17.750000 -17.340000 0.570000
v 16.920000 -16.629999 0.510000
v 18.240000 -14.670000 0.400000
v 17.610001 -12.760000 0.250000
v 16.559999 -11.690000 0.190000
v 15.670000 -10.640000 0.120000
v 16.580000 -8.680000 0.070000
v 15.850000 -7.080000 0.060000
v 15.120000 -5.400000 0.020000
v 13.430000 -4.360000 0.020000
v 12.760000 -2.370000 0.050000
v 12.180000 -0.250000 0.120000
v 11.560000 0.730000 0.180000
v 10.360000 2.080000 0.320000
v 8.573819 3.303685 1.073806
v -11.420000 8.490000 3.460000
v -12.400000 8.340000 4.520000
v -13.610000 8.720000 5.700000
v -13.820000 8.420000 6.890000
v -14.200000 8.150000 8.490000
v -14.810000 8.450000 10.920000
v -15.140000 8.680000 13.410000
v -14.690000 8.680000 15.290000
v -13.930000 8.230000 16.309999
v -13.180000 8.330000 17.709999
v -12.230000 8.260000 18.629999
v -10.540000 8.180000 19.170000
v -7.560000 10.150000 20.180000
v -9.230000 9.800000 19.940001
v -10.740000 10.500000 19.730000
v -11.890000 10.270000 19.180000
v -12.690000 9.550000 18.559999
v -5.330000 9.970000 19.870001
v -6.350000 10.060000 20.020000
v 0.250000 9.010000 17.870001
v -0.870000 10.200000 18.090000
v -1.750000 10.160000 18.700001
v -2.880000 9.940000 19.270000
v -4.070000 9.770000 19.700001
v 3.957191 7.450372 16.241371
v 3.556027 6.973894 17.053596
v 3.168057 6.653625 17.594233
v 2.325758 8.219291 16.992851
v 1.010000 10.000000 16.920000
v 13.790000 -13.040000 28.370001
v 13.150000 -11.860000 28.090000
v 14.410000 -9.930000 27.420000
v 14.120000 -8.340000 26.730000
v 13.510000 -6.650000 25.830000
v 12.390000 -7.280000 25.990000
v 12.380000 -5.210000 25.070000
v 12.320000 -3.690000 24.309999
v 11.090000 -3.500000 23.910000
v 11.290000 -2.670000 23.910000
v 12.340000 -1.860000 23.389999
v 12.160000 -0.290000 22.930000
v 11.380000 0.390000 22.400000
v 11.600000 1.160000 21.590000
v 11.210000 2.570000 20.950001
v 9.810000 3.330000 20.350000
v 10.602959 4.549281 19.353781
v 9.789245 5.255729 18.403597
v 9.089490 5.352285 17.574566
v 1.933158 10.374094 2.135444
v 0.535946 10.425768 1.670390
v -1.150000 10.140000 1.340000
v -3.120000 10.000000 1.210000
v -5.190000 10.020000 1.220000
v -7.130000 9.970000 1.410000
v -9.030000 9.870000 1.700000
v -10.760000 10.220000 2.150000
v -11.140000 9.800000 2.770000
v -12.220000 9.990000 3.730000
v 9.010000 -42.340000 34.400002
v 9.860000 -40.680000 33.959999
v 9.430000 -39.470001 33.619999
v -0.880000 -54.770000 32.349998
v -0.780000 -53.200001 32.480000
v -0.270000 -51.970001 32.240002
v 0.160000 -50.549999 32.189999
v 1.250000 -50.400002 32.720001
v 1.650000 -48.520000 32.840000
v 1.110000 -47.630001 32.740002
v 2.640000 -47.029999 33.110001
v 3.180000 -45.779999 33.290001
v 4.620000 -46.119999 33.709999
v 5.590000 -45.509998 33.590000
v 6.480000 -45.750000 34.020000
v 7.590000 -45.660000 34.029999
v 9.190000 -45.349998 34.380001
v 8.670000 -44.180000 34.490002
v 9.920000 -43.040001 34.259998
v 14.480000 -16.799999 29.639999
v 15.820000 -15.060000 28.950001
v 15.210000 -13.440000 28.469999
v 13.250000 -34.389999 33.160000
v 12.690000 -33.470001 32.900002
v 13.730000 -32.290001 32.740002
v 14.790000 -30.500000 32.619999
v 16.400000 -29.180000 32.529999
v 16.639999 -27.600000 32.029999
v 16.430000 -25.889999 31.559999
v 17.990000 -25.059999 31.230000
v 18.070000 -23.660000 30.840000
v 17.549999 -22.459999 30.530001
v 16.830000 -20.850000 30.139999
v 16.570000 -19.379999 29.750000
v 15.830000 -18.000000 29.680000
v 11.190000 -39.180000 33.919998
v 11.670000 -37.750000 33.660000
v 11.120000 -36.849998 33.520000
v 12.750000 -36.630001 33.639999
v -5.250000 -64.599998 28.809999
v -4.310000 -70.190002 26.900000
v -4.680000 -68.779999 27.400000
v -4.750000 -67.489998 27.900000
v -4.740000 -66.349998 28.379999
v -3.960000 -64.800003 29.490000
v -4.080000 -71.650002 26.370001
v -3.040000 -71.059998 25.090000
v -4.660000 -73.269997 24.540001
v -5.230000 -73.260002 23.190001
v -6.110000 -73.160004 22.379999
v -6.760000 -73.209999 20.990000
v -2.600000 -63.959999 30.709999
v -2.040000 -62.220001 31.340000
v -2.500000 -61.169998 31.270000
v -1.240000 -59.950001 32.090000
v -1.800000 -58.410000 31.910000
v -1.650000 -56.950001 32.020000
v -7.850000 -72.099998 20.790001
v -6.800000 -72.459999 19.250000
v -7.770000 -73.330002 18.850000
v -7.540000 -73.110001 17.370001
v -9.700000 -72.089996 17.400000
v -4.310000 -75.489998 16.750000
v -2.620000 -76.870003 15.450000
v -2.300000 -76.980003 14.140000
v -1.970000 -76.720001 12.530000
v -1.880000 -76.510002 10.930000
v -2.110000 -76.320000 9.530000
v -4.700000 -74.860001 9.270000
v -4.100000 -74.959999 8.440000
v -3.400000 -74.860001 7.240000
v -2.090000 -74.870003 6.020000
v -0.870000 -74.849998 5.170000
v -2.240000 -73.449997 3.520000
v -2.200000 -71.860001 2.370000
v -2.530000 -70.129997 1.380000
v -2.970000 -68.959999 1.130000
v -1.690000 -67.820000 0.570000
v -1.280000 -65.699997 0.350000
v -1.530000 -64.430000 0.170000
v 0.050000 -63.410000 0.050000
v 2.290000 -62.799999 0.010000
v 4.260000 -62.270000 0.000000
v 4.350000 -61.290001 -0.010000
v 5.900000 -61.750000 -0.030000
v 8.390000 -60.820000 -0.050000
v 9.320000 -59.369999 -0.100000
v 9.770000 -57.880001 -0.070000
v 10.520000 -56.230000 -0.070000
v 10.870000 -54.549999 -0.050000
v 10.410000 -53.869999 -0.080000
v 12.400000 -52.509998 -0.020000
v 13.190000 -50.660000 0.020000
v 14.030000 -48.860001 0.050000
v 14.920000 -47.070000 0.040000
v 15.750000 -45.270000 0.000000
v 15.580000 -44.220001 0.000000
v 17.400000 -43.180000 0.180000
v 18.180000 -41.419998 0.360000
v 18.959999 -39.709999 0.570000
v 19.770000 -37.990002 0.730000
v 20.590000 -36.310001 0.890000
v 21.049999 -34.340000 0.970000
v 20.670000 -33.080002 0.930000
v 22.200001 -31.610001 1.070000
v 21.709999 -30.170000 1.050000
v 23.260000 -28.709999 1.150000
v 22.780001 -27.219999 1.150000
v 22.379999 -25.520000 1.180000
v 22.110001 -23.549999 1.190000
v 21.469999 -22.549999 1.100000
v 20.760000 -21.549999 1.000000
v 20.219999 -19.540001 0.790000
v 19.719999 -17.440001 0.610000
v 18.870001 -16.709999 0.550000
v 20.260000 -14.710000 0.460000
v 19.610001 -12.760000 0.300000
v 18.549999 -11.680000 0.220000
v 17.620001 -10.630000 0.150000
v 18.540001 -8.660000 0.050000
v 17.830000 -7.050000 0.040000
v 17.120001 -5.480000 0.000000
v 16.490000 -3.830000 0.020000
v 15.370000 -3.970000 0.040000
v 14.570000 -2.700000 0.020000
v 14.480000 -0.420000 0.020000
v 13.480000 0.830000 0.110000
v 12.410000 2.200000 0.230000
v 11.020949 3.156011 0.434157
v 10.702443 5.359384 1.170029
v 10.215701 7.757672 1.870159
v 9.772237 9.338945 2.396590
v 9.318351 10.220304 3.105629
v -13.280000 10.040000 4.880000
v -14.360000 10.170000 6.090000
v -14.670000 9.980000 7.370000
v -14.650000 9.610000 8.710000
v -15.350000 10.190000 10.800000
v -15.510000 10.180000 13.090000
v -15.360000 10.450000 15.090000
v -14.680000 9.990000 16.200001
v -13.900000 9.730000 17.260000
v -6.560000 11.720000 19.920000
v -8.500000 11.770000 19.980000
v -9.610000 11.180000 19.930000
v -11.220000 11.980000 19.610001
v -12.410000 11.650000 18.940001
v -13.730000 11.120000 17.940001
v -4.530000 11.350000 19.620001
v -0.620000 11.320000 17.500000
v -1.700000 11.570000 18.080000
v -2.190000 11.170000 18.530001
v -3.450000 11.350000 19.190001
v 4.025814 8.558247 14.730349
v 3.183931 8.626229 15.846137
v 2.384464 10.299310 15.188948
v 1.120000 11.480000 15.860000
v -0.030000 12.900000 16.379999
v 14.320000 -12.810000 27.940001
v 14.540000 -10.710000 27.990000
v 16.350000 -9.740000 27.500000
v 16.000000 -8.350000 26.910000
v 15.800000 -7.170000 26.469999
v 14.720000 -7.200000 26.330000
v 15.720000 -6.610000 25.910000
v 14.640000 -5.130000 25.500000
v 13.340000 -4.300000 25.010000
v 14.090000 -2.680000 24.610001
v 12.670000 -2.580000 24.049999
v 13.750000 -2.010000 23.790001
v 14.370000 -0.470000 23.299999
v 13.720000 0.910000 22.780001
v 13.010000 1.810000 22.290001
v 12.450000 2.240000 21.400000
v 12.460000 4.150000 20.270000
v 11.030000 3.590000 20.290001
v 11.595291 5.888915 19.130238
v 10.616944 6.257344 18.311378
v 9.573989 6.847292 17.243788
v 1.677752 11.841056 2.402436
v 0.783637 11.455306 1.975259
v -0.680000 11.950000 1.790000
v -2.150000 11.740000 1.450000
v -3.940000 11.630000 1.240000
v -5.910000 11.560000 1.220000
v -7.830000 11.580000 1.390000
v -9.790000 11.660000 1.800000
v -11.780000 11.860000 2.610000
v -12.780000 11.400000 3.610000
v -14.260000 11.720000 5.200000
v 11.620000 -41.189999 34.430000
v 0.030000 -56.980000 32.669998
v 0.570000 -54.880001 32.500000
v 0.670000 -53.540001 32.369999
v 0.290000 -52.450001 32.730000
v 2.030000 -52.040001 33.110001
v 2.910000 -50.139999 33.320000
v 3.160000 -48.830002 33.240002
v 5.060000 -47.730000 33.450001
v 6.850000 -47.090000 34.320000
v 8.860000 -46.950001 34.410000
v 10.590000 -46.910000 35.099998
v 10.400000 -45.500000 35.000000
v 10.670000 -44.060001 34.720001
v 9.600000 -44.160000 34.459999
v 11.320000 -42.750000 34.630001
v 15.750000 -16.410000 29.330000
v 17.240000 -15.990000 29.000000
v 17.420000 -14.420000 28.530001
v 17.170000 -13.150000 28.440001
v 15.990000 -12.980000 28.139999
v 15.450000 -12.130000 28.209999
v 14.950000 -35.939999 33.740002
v 15.180000 -34.400002 33.240002
v 14.480000 -33.360001 33.009998
v 15.810000 -32.360001 32.869999
v 15.570000 -30.780001 32.650002
v 16.790001 -30.610001 32.389999
v 18.280001 -30.299999 32.520000
v 18.360001 -28.450001 32.270000
v 17.110001 -28.480000 32.099998
v 17.330000 -27.250000 31.650000
v 18.139999 -26.200001 31.920000
v 20.120001 -25.299999 31.290001
v 19.700001 -23.820000 30.850000
v 19.260000 -22.379999 30.480000
v 18.469999 -22.170000 30.260000
v 18.770000 -20.820000 30.240000
v 17.719999 -19.459999 29.860001
v 17.910000 -17.830000 29.500000
v 12.750000 -39.240002 34.240002
v 12.920000 -38.150002 33.880001
v 14.430000 -37.869999 34.330002
v -3.420000 -69.209999 28.209999
v -3.130000 -70.580002 27.330000
v -3.470000 -71.690002 26.969999
v -3.720000 -67.629997 28.650000
v -3.760000 -66.230003 29.120001
v -2.820000 -66.300003 29.959999
v -3.180000 -73.089996 26.719999
v -2.110000 -71.070000 26.000000
v -2.310000 -72.089996 25.280001
v -2.380000 -73.110001 24.440001
v -3.680000 -71.160004 23.860001
v -4.350000 -74.639999 24.120001
v -4.780000 -74.650002 23.260000
v -4.250000 -72.709999 22.400000
v -5.330000 -74.639999 21.150000
v -5.750000 -74.750000 19.400000
v -1.220000 -65.699997 31.469999
v -1.030000 -63.980000 31.820000
v -1.110000 -62.689999 31.860001
v -1.100000 -61.470001 32.000000
v 0.030000 -61.110001 32.830002
v -0.400000 -59.830002 32.639999
v 0.390000 -58.759998 33.150002
v -5.520000 -74.099998 18.530001
v -3.610000 -75.599998 18.190001
v -2.480000 -77.300003 17.990000
v -1.680000 -78.019997 16.629999
v -0.190000 -78.570000 15.220000
v 0.320000 -78.349998 13.780000
v 1.070000 -78.440002 12.620000
v 1.130000 -77.889999 10.570000
v 0.360000 -76.309998 7.100000
v 1.070000 -74.919998 4.660000
v 0.780000 -73.330002 2.750000
v -0.740000 -73.430000 3.330000
v -0.480000 -71.870003 1.910000
v -0.960000 -70.059998 1.190000
v -1.260000 -68.989998 0.840000
v 0.240000 -67.949997 0.420000
v 0.450000 -66.150002 0.220000
v 0.540000 -64.809998 0.090000
v 2.360000 -64.680000 0.020000
v 5.150000 -63.970001 -0.020000
v 5.780000 -62.799999 -0.020000
v 7.810000 -63.080002 -0.020000
v 10.250000 -62.250000 -0.070000
v 10.620000 -61.009998 -0.040000
v 11.140000 -59.470001 -0.070000
v 11.810000 -57.680000 -0.080000
v 11.590000 -56.790001 -0.110000
v 13.030000 -55.320000 -0.060000
v 12.540000 -53.900002 0.000000
v 14.380000 -52.459999 -0.050000
v 15.220000 -50.639999 0.050000
v 16.059999 -48.860001 0.120000
v 16.879999 -47.080002 0.150000
v 17.730000 -45.250000 0.150000
v 17.580000 -44.209999 0.170000
v 19.400000 -43.169998 0.350000
v 20.209999 -41.410000 0.520000
v 20.990000 -39.689999 0.690000
v 21.770000 -38.040001 0.850000
v 22.440001 -36.330002 1.010000
v 23.080000 -34.360001 1.160000
v 22.660000 -33.009998 1.130000
v 24.309999 -31.540001 1.230000
v 23.770000 -30.129999 1.190000
v 25.290001 -28.620001 1.200000
v 24.799999 -27.200001 1.200000
v 24.240000 -25.940001 1.230000
v 24.260000 -23.650000 1.300000
v 23.389999 -22.549999 1.230000
v 22.709999 -21.530001 1.140000
v 22.250000 -19.719999 0.900000
v 21.760000 -17.549999 0.680000
v 20.850000 -16.809999 0.600000
v 22.340000 -14.850000 0.460000
v 21.719999 -12.730000 0.290000
v 20.700001 -11.610000 0.200000
v 19.610001 -10.630000 0.170000
v 20.540001 -8.610000 0.030000
v 19.840000 -7.070000 -0.010000
v 19.150000 -5.420000 -0.030000
v 18.570000 -3.610000 -0.050000
v 17.459999 -2.740000 -0.050000
v 16.260000 -2.510000 -0.010000
v 16.520000 -0.770000 -0.080000
v 15.810000 0.940000 0.000000
v 15.070000 2.540000 0.020000
v 13.300000 3.720000 0.270000
v 11.996554 4.357599 0.507380
v 12.716059 6.708273 0.616271
v 11.441995 8.471164 1.194725
v 10.628484 10.178728 1.676071
v 9.863459 11.646333 2.312487
v 9.248760 11.745501 3.166457
v -14.960000 11.550000 6.410000
v -15.200000 11.500000 7.470000
v -15.380000 11.450000 8.740000
v -15.030000 11.210000 10.040000
v -16.430000 11.840000 11.010000
v -16.299999 11.840000 13.310000
v -15.690000 11.590000 15.000000
v -15.300000 11.500000 15.910000
v -14.870000 11.260000 16.650000
v -5.360000 13.310000 19.200001
v -7.130000 13.430000 19.559999
v -7.850000 13.130000 19.670000
v -8.780000 13.020000 19.700001
v -10.370000 12.860000 19.549999
v -11.470000 13.150000 19.360001
v -12.980000 13.330000 18.740000
v -13.950000 12.730000 18.160000
v -15.250000 12.700000 16.860001
v -3.130000 12.510000 18.540001
v -1.170000 12.740000 17.299999
v -1.790000 12.670000 17.799999
v 9.043148 7.542602 16.030699
v 9.610947 8.987837 16.534494
v 10.149523 10.962863 16.990341
v 9.254820 10.783024 15.571422
v 8.653313 11.447698 14.085864
v 3.628678 9.896820 13.685822
v 2.820000 11.486280 13.338842
v 2.051668 11.510830 14.595184
v 1.311296 12.928190 14.439612
v -0.250000 14.880000 15.280000
v -1.340000 15.000000 16.590000
v -2.280000 14.100000 17.549999
v 16.770000 -11.320000 27.980000
v 18.309999 -10.050000 27.530001
v 18.040001 -8.190000 26.990000
v 17.330000 -6.770000 26.400000
v 16.600000 -5.710000 26.260000
v 15.840000 -4.320000 25.760000
v 14.780000 -3.770000 25.180000
v 15.960000 -2.420000 24.870001
v 15.160000 -2.200000 24.280001
v 14.820000 -1.320000 24.260000
v 16.010000 -0.410000 23.709999
v 15.810000 0.750000 23.350000
v 15.270000 1.970000 22.760000
v 14.740000 2.200000 22.120001
v 14.100000 3.250000 22.200001
v 13.340000 3.270000 21.400000
v 14.630000 4.130000 21.139999
v 14.026044 5.730020 20.255070
v 12.554627 6.846396 19.695082
v 11.511874 7.117068 18.956242
v 11.413537 6.880405 18.224144
v 10.697152 8.067687 18.036823
v 0.993376 13.932976 2.831702
v -0.114454 12.916131 2.159666
v -1.820000 13.540000 1.770000
v -3.090000 13.340000 1.470000
v -4.810000 13.180000 1.230000
v -6.630000 13.110000 1.130000
v -8.580000 13.120000 1.200000
v -10.470000 13.190000 1.570000
v -12.410000 13.440000 2.250000
v -13.580000 13.370000 2.910000
v -14.180000 13.140000 3.960000
v -15.080000 13.040000 5.000000
v -15.560000 13.060000 5.950000
v -15.670000 12.960000 7.070000
v 13.060000 -42.790001 35.090000
v 13.900000 -40.820000 34.779999
v 13.560000 -39.730000 34.580002
v 1.640000 -57.700001 33.590000
v 1.740000 -56.419998 33.209999
v 1.590000 -55.150002 32.939999
v 1.460000 -53.759998 32.860001
v 2.910000 -53.549999 33.259998
v 3.090000 -51.840000 33.790001
v 3.770000 -50.470001 33.689999
v 4.260000 -49.099998 33.790001
v 5.590000 -49.240002 33.660000
v 7.270000 -49.119999 34.209999
v 9.620000 -48.700001 35.070000
v 11.870000 -48.349998 35.639999
v 11.270000 -47.279999 35.990002
v 12.150000 -46.189999 35.400002
v 10.930000 -45.799999 35.529999
v 11.800000 -44.750000 35.209999
v 19.309999 -15.830000 28.850000
v 18.610001 -14.390000 28.350000
v 18.129999 -13.430000 27.980000
v 18.780001 -12.120000 28.129999
v 15.350000 -36.630001 34.560001
v 17.190001 -36.009998 33.990002
v 16.799999 -34.380001 33.369999
v 16.459999 -33.389999 33.090000
v 18.010000 -32.410000 32.889999
v 20.090000 -31.280001 32.630001
v 19.790001 -29.920000 32.360001
v 20.330000 -28.629999 32.110001
v 19.200001 -28.450001 31.969999
v 19.290001 -27.660000 32.119999
v 20.750000 -27.219999 31.780001
v 22.260000 -25.730000 31.219999
v 21.809999 -23.900000 30.790001
v 21.129999 -22.520000 30.469999
v 20.760000 -20.980000 30.240000
v 20.110001 -19.379999 29.809999
v 18.490000 -18.379999 29.940001
v 20.320000 -17.780001 29.309999
v 15.400000 -39.340000 34.740002
v 15.960000 -38.029999 34.560001
v 16.469999 -36.910000 34.570000
v -2.180000 -70.610001 28.549999
v -2.590000 -68.940002 29.340000
v -2.830000 -67.860001 29.420000
v -1.660000 -70.800003 27.120001
v -1.650000 -68.000000 30.709999
v -1.390000 -72.290001 27.180000
v -1.690000 -73.120003 25.590000
v -1.630000 -74.830002 24.959999
v -2.820000 -73.870003 23.240000
v -4.420000 -73.750000 21.379999
v -4.370000 -74.169998 20.680000
v -3.640000 -75.209999 19.530001
v -0.210000 -67.440002 32.320000
v -0.070000 -65.739998 32.529999
v -0.070000 -64.410004 32.570000
v -0.180000 -63.070000 32.529999
v 1.260000 -63.119999 33.680000
v 1.470000 -61.049999 33.740002
v 1.100000 -60.099998 33.500000
v 2.530000 -59.470001 34.279999
v -2.710000 -76.639999 20.129999
v -2.170000 -77.930000 19.620001
v -0.820000 -79.900002 19.280001
v -0.280000 -79.739998 17.590000
v 1.100000 -80.220001 16.230000
v 2.160000 -80.150002 15.510000
v 2.670000 -79.860001 14.710000
v 3.520000 -79.730003 14.030000
v 4.570000 -79.730003 12.600000
v 4.920000 -78.209999 8.850000
v 2.970000 -76.580002 6.840000
v 2.760000 -74.949997 4.450000
v 3.000000 -73.260002 2.190000
v 2.460000 -71.870003 1.260000
v 1.070000 -71.870003 1.700000
v 1.500000 -70.419998 0.860000
v 0.620000 -69.389999 0.620000
v 2.330000 -67.980003 0.250000
v 2.380000 -66.239998 0.060000
v 4.640000 -66.360001 0.080000
v 7.040000 -65.379997 0.010000
v 7.200000 -64.320000 -0.020000
v 8.740000 -64.790001 -0.010000
v 11.180000 -63.849998 -0.040000
v 12.250000 -62.230000 -0.050000
v 11.590000 -61.450001 -0.060000
v 13.010000 -60.150002 -0.050000
v 13.760000 -57.660000 -0.050000
v 13.490000 -56.480000 -0.060000
v 15.070000 -55.090000 -0.070000
v 14.710000 -53.830002 -0.050000
v 16.370001 -52.430000 -0.050000
v 17.200001 -50.630001 0.090000
v 18.010000 -48.860001 0.190000
v 18.900000 -47.060001 0.270000
v 19.730000 -45.259998 0.320000
v 19.559999 -44.220001 0.340000
v 21.400000 -43.189999 0.540000
v 22.200001 -41.369999 0.640000
v 23.059999 -39.669998 0.800000
v 23.840000 -38.000000 0.980000
v 24.520000 -36.419998 1.160000
v 24.950001 -34.700001 1.190000
v 25.490000 -33.000000 1.330000
v 26.230000 -31.280001 1.390000
v 25.780001 -30.030001 1.270000
v 27.260000 -28.580000 1.220000
v 26.870001 -27.080000 1.160000
v 26.379999 -25.500000 1.170000
v 25.820000 -23.549999 1.220000
v 25.620001 -22.070000 1.150000
v 24.520000 -21.049999 1.040000
v 23.670000 -20.000000 0.970000
v 24.350000 -18.209999 0.740000
v 23.010000 -16.910000 0.640000
v 24.570000 -14.900000 0.440000
v 23.830000 -12.960000 0.310000
v 22.940001 -12.280000 0.280000
v 22.379999 -10.270000 0.150000
v 22.290001 -8.090000 -0.010000
v 21.639999 -7.060000 -0.020000
v 21.180000 -5.530000 -0.020000
v 20.610001 -3.560000 -0.100000
v 19.350000 -2.460000 -0.110000
v 18.040001 -1.440000 -0.090000
v 18.370001 0.280000 -0.120000
v 17.219999 2.350000 -0.080000
v 16.490000 3.940000 -0.100000
v 15.330000 3.890000 0.050000
v 14.420000 5.180000 0.150000
v 14.220000 7.380000 0.380000
v 13.610000 8.960000 0.660000
v 12.750000 9.830000 0.930000
v 11.840000 10.980000 1.270000
v 11.000494 13.000798 1.971195
v 10.135043 12.850797 2.305233
v 9.836571 13.631272 2.880391
v 1.111923 15.481065 3.337423
v -15.960000 12.760000 8.800000
v -15.960000 12.750000 10.280000
v -17.270000 13.340000 10.940000
v -17.110001 13.190000 12.920000
v -16.790001 13.320000 14.570000
v -16.240000 12.910000 15.620000
v -3.760000 14.610000 18.350000
v -5.340000 14.820000 19.000000
v -7.340000 14.700000 19.230000
v -8.970000 14.380000 19.389999
v -10.530000 14.250000 19.410000
v -12.500000 14.660000 18.879999
v -14.300000 14.960000 18.080000
v -15.110000 14.320000 17.240000
v -16.490000 14.300000 15.820000
v 10.887909 10.115849 17.903463
v 9.880017 12.261003 16.545212
v 10.600583 12.268332 17.426321
v 11.294825 11.848280 18.079283
v 9.230594 13.216809 15.290826
v 8.510312 13.011870 13.590582
v 2.375677 13.707839 11.739512
v 0.824045 15.554660 12.839696
v 0.490311 14.866100 14.092268
v -0.020000 16.290001 13.640000
v -0.940000 16.330000 15.290000
v -1.360000 16.260000 16.260000
v -2.660000 16.400000 17.000000
v -3.000000 15.860000 17.420000
v -4.290000 15.980000 17.990000
v 19.690001 -10.440000 27.660000
v 20.280001 -8.540000 27.070000
v 19.450001 -7.060000 26.780001
v 18.540001 -6.700000 26.610001
v 18.709999 -5.260000 26.139999
v 17.410000 -5.490000 26.070000
v 17.270000 -4.240000 26.059999
v 16.990000 -3.510000 25.160000
v 16.900000 -2.560000 25.639999
v 17.920000 -1.920000 25.070000
v 17.209999 -0.810000 24.379999
v 15.970000 -1.110000 24.500000
v 17.709999 0.790000 23.809999
v 16.430000 0.720000 23.850000
v 17.080000 2.020000 23.209999
v 16.930000 3.620000 22.900000
v 15.490000 3.480000 22.250000
v 16.549999 4.160000 21.900000
v 15.791625 5.777373 21.247814
v 14.984296 7.177309 20.376802
v 13.844227 6.964275 19.727039
v 13.876546 8.402202 19.987387
v 12.514704 8.572000 19.525061
v 11.609007 8.130949 19.014568
v 11.988989 9.658949 18.986168
v -0.084999 15.744826 2.833018
v -1.636519 15.172433 2.126589
v -3.630000 14.810000 1.440000
v -5.610000 14.760000 1.150000
v -7.370000 14.620000 1.030000
v -9.160000 14.610000 1.110000
v -11.030000 14.750000 1.490000
v -12.690000 14.860000 2.080000
v -13.850000 14.910000 2.460000
v -14.510000 14.820000 3.460000
v -15.510000 14.850000 4.730000
v -16.000000 14.390000 5.360000
v -16.260000 14.260000 6.960000
v -16.770000 14.340000 9.200000
v 13.820000 -44.389999 35.560001
v 13.630000 -42.959999 35.840000
v 14.860000 -42.950001 35.470001
v 16.010000 -41.070000 35.070000
v 2.850000 -57.730000 34.169998
v 2.450000 -56.770000 33.619999
v 2.980000 -55.430000 33.169998
v 4.720000 -54.650002 33.709999
v 3.390000 -53.509998 33.849998
v 4.240000 -52.259998 33.340000
v 4.780000 -50.650002 34.060001
v 6.390000 -50.700001 33.919998
v 7.630000 -50.720001 34.830002
v 8.950000 -50.459999 35.139999
v 10.550000 -50.590000 35.619999
v 11.820000 -50.160000 36.130001
v 12.160000 -49.049999 36.630001
v 13.330000 -49.020000 36.459999
v 13.490000 -47.169998 35.840000
v 13.730000 -45.910000 35.730000
v 20.719999 -15.950000 28.770000
v 20.350000 -14.950000 28.559999
v 20.180000 -13.580000 28.410000
v 20.580000 -11.430000 28.000000
v 17.510000 -38.000000 34.549999
v 18.910000 -36.480000 34.070000
v 18.660000 -35.259998 33.889999
v 18.930000 -33.970001 33.340000
v 20.850000 -33.040001 32.939999
v 21.980000 -31.620001 32.580002
v 21.559999 -30.190001 32.430000
v 22.370001 -28.510000 31.930000
v 21.100000 -28.389999 31.780001
v 22.230000 -27.139999 31.600000
v 23.590000 -27.059999 31.389999
v 24.230000 -25.129999 30.889999
v 23.290001 -24.330000 30.760000
v 23.639999 -22.969999 30.450001
v 22.379999 -22.680000 30.480000
v 22.930000 -21.389999 30.219999
v 21.879999 -19.250000 29.650000
v 20.440001 -19.120001 29.469999
v 21.559999 -17.780001 29.219999
v 22.469999 -16.320000 28.629999
v 16.830000 -39.509998 34.810001
v -2.010000 -69.400002 30.070000
v -1.330000 -70.650002 29.610001
v -1.320000 -71.650002 29.549999
v -1.860000 -72.260002 28.570000
v -1.040000 -69.570000 31.070000
v -0.330000 -69.309998 32.020000
v -1.760000 -73.339996 28.260000
v -0.400000 -73.949997 27.889999
v -1.030000 -73.900002 26.540001
v -0.920000 -75.480003 26.910000
v -1.230000 -76.720001 25.809999
v -1.680000 -76.550003 23.959999
v -2.180000 -75.379997 23.290001
v -2.550000 -75.120003 22.420000
v -3.040000 -74.830002 21.299999
v -2.260000 -76.389999 21.889999
v 0.690000 -66.459999 33.259998
v 0.630000 -67.809998 33.200001
v 0.520000 -69.230003 33.090000
v 0.690000 -64.940002 33.259998
v 1.890000 -65.519997 34.419998
v 2.640000 -63.810001 34.860001
v 2.750000 -62.490002 34.730000
v 2.420000 -61.450001 34.360001
v 3.970000 -61.029999 35.330002
v 4.690000 -59.180000 35.389999
v 4.130000 -57.900002 34.730000
v -1.860000 -78.110001 21.570000
v -1.200000 -79.849998 21.170000
v -0.300000 -81.610001 20.639999
v 0.130000 -81.419998 19.400000
v 0.660000 -81.419998 18.420000
v 1.660000 -81.629997 17.080000
v 2.570000 -81.650002 16.180000
v 3.530000 -81.760002 15.430000
v 4.320000 -81.379997 14.440000
v 5.110000 -81.029999 13.610000
v 6.570000 -81.089996 12.010000
v 6.010000 -79.820000 11.470000
v 7.430000 -79.800003 9.350000
v 6.400000 -78.290001 7.790000
v 6.200000 -76.870003 5.710000
v 4.570000 -76.750000 6.230000
v 4.170000 -75.279999 3.950000
v 4.920000 -73.269997 1.990000
v 4.720000 -72.050003 1.350000
v 4.400000 -70.750000 0.710000
v 2.940000 -70.540001 0.760000
v 3.430000 -69.120003 0.290000
v 4.050000 -67.849998 0.150000
v 5.830000 -68.019997 0.090000
v 7.910000 -66.910004 0.070000
v 8.590000 -65.830002 0.000000
v 10.700000 -66.150002 0.010000
v 13.130000 -65.330002 -0.050000
v 12.710000 -64.040001 -0.030000
v 13.850000 -62.860001 -0.050000
v 13.580000 -61.400002 -0.020000
v 15.290000 -60.189999 -0.020000
v 15.700000 -57.660000 -0.050000
v 15.440000 -56.400002 -0.060000
v 17.059999 -55.070000 -0.040000
v 16.709999 -53.750000 -0.060000
v 18.340000 -52.410000 -0.070000
v 19.170000 -50.619999 0.080000
v 20.049999 -48.840000 0.240000
v 20.879999 -47.060001 0.420000
v 21.709999 -45.250000 0.510000
v 21.570000 -44.209999 0.530000
v 23.330000 -43.110001 0.740000
v 24.200001 -41.340000 0.770000
v 25.080000 -39.590000 0.860000
v 25.950001 -37.910000 1.000000
v 26.690001 -36.369999 1.280000
v 26.809999 -34.820000 1.230000
v 27.219999 -33.259998 1.230000
v 27.889999 -31.320000 1.270000
v 27.660000 -30.070000 1.300000
v 29.129999 -28.760000 1.090000
v 28.760000 -27.250000 1.090000
v 28.450001 -25.540001 1.040000
v 28.160000 -23.549999 1.040000
v 27.520000 -22.440001 1.020000
v 26.580000 -20.850000 0.940000
v 25.600000 -19.920000 0.900000
v 26.530001 -17.850000 0.640000
v 25.500000 -16.410000 0.550000
v 26.639999 -14.780000 0.380000
v 25.910000 -12.960000 0.260000
v 24.969999 -12.280000 0.220000
v 24.400000 -10.620000 0.150000
v 24.170000 -8.010000 0.020000
v 23.580000 -6.650000 -0.060000
v 22.590000 -6.010000 -0.010000
v 23.240000 -4.420000 -0.100000
v 21.969999 -2.170000 -0.140000
v 20.129999 -1.400000 -0.150000
v 20.480000 0.460000 -0.190000
v 19.400000 2.730000 -0.160000
v 18.580000 4.180000 -0.170000
v 17.450001 5.020000 -0.110000
v 16.200001 5.310000 0.010000
v 16.450001 7.060000 0.130000
v 15.700000 8.920000 0.280000
v 14.650000 10.030000 0.620000
v 13.850000 10.970000 0.890000
v 13.170000 12.820000 1.280000
v 12.480000 14.800000 1.760000
v 11.140000 14.950000 2.280000
v 10.542883 14.468315 2.525740
v 10.415125 16.002399 3.101210
v 9.256582 15.443466 4.344588
v 0.550514 16.975697 3.573910
v -17.620001 15.050000 11.210000
v -17.530001 14.650000 12.820000
v -17.250000 14.420000 14.530000
v -5.970000 16.200001 18.600000
v -7.730000 16.190001 19.000000
v -9.570000 16.090000 19.080000
v -11.630000 15.960000 19.049999
v -13.650000 16.520000 18.540001
v -14.730000 16.299999 17.980000
v -15.990000 16.350000 16.750000
v -16.750000 15.810000 16.020000
v -17.680000 15.920000 14.550000
v 12.304173 11.431588 18.911095
v 10.098482 13.696900 16.812321
v 10.540323 13.129503 17.365465
v 11.517143 13.511250 18.213953
v 12.618402 13.028773 18.980927
v 8.734850 14.750840 13.934942
v 9.283522 15.042827 15.351898
v 9.946732 14.964765 16.523916
v 8.347989 13.968640 12.810655
v -0.573058 18.257187 13.048227
v -0.906570 17.529617 14.203359
v -2.180687 17.919430 15.965795
v -3.170000 17.480000 17.049999
v -4.390000 17.400000 17.660000
v -6.360000 17.670000 18.330000
v 20.490000 -10.150000 27.330000
v 22.000000 -10.000000 27.260000
v 22.120001 -8.100000 26.760000
v 21.540001 -7.140000 26.650000
v 20.940001 -5.960000 26.670000
v 19.490000 -5.880000 26.580000
v 20.500000 -5.110000 26.090000
v 20.370001 -3.770000 25.590000
v 18.680000 -4.000000 25.950001
v 18.370001 -2.810000 25.930000
v 19.910000 -2.020000 25.110001
v 19.620001 -0.570000 24.670000
v 18.290001 -0.740000 24.709999
v 18.469999 0.350000 24.650000
v 19.790001 1.190000 23.870001
v 18.980000 2.500000 23.160000
v 18.350000 3.790000 22.559999
v 17.750000 5.400000 22.320000
v 16.744148 6.969925 21.651949
v 15.904419 7.041455 21.032785
v 16.058002 8.276820 20.837038
v 15.084501 8.408351 20.316101
v 15.081001 9.711185 20.382891
v 13.967066 9.792813 20.040318
v 13.137752 9.610276 19.727972
v 13.892663 11.288789 19.811344
v -1.523584 17.437494 2.587050
v -2.773441 16.740746 1.976433
v -4.140000 16.450001 1.490000
v -6.470000 16.490000 0.980000
v -8.350000 16.170000 0.880000
v -9.670000 15.880000 0.840000
v -11.590000 16.230000 1.170000
v -13.610000 16.540001 1.970000
v -14.760000 16.350000 2.840000
v -15.550000 16.240000 3.860000
v -16.280001 16.160000 4.870000
v -16.740000 16.120001 5.770000
v -16.969999 15.890000 7.040000
v -17.389999 15.890000 9.180000
v -17.070000 15.830000 10.310000
v 15.540000 -45.889999 36.119999
v 15.730000 -43.930000 35.759998
v 16.980000 -42.590000 35.540001
v 18.629999 -40.990002 35.189999
v 18.400000 -39.540001 34.860001
v 3.910000 -56.549999 34.290001
v 3.130000 -56.630001 33.549999
v 5.530000 -56.419998 34.980000
v 6.160000 -54.820000 34.509998
v 6.160000 -53.590000 34.310001
v 5.270000 -53.220001 33.799999
v 5.950000 -52.419998 33.990002
v 7.630000 -52.529999 34.889999
v 8.760000 -51.840000 35.650002
v 9.960000 -51.740002 35.529999
v 11.300000 -51.869999 36.330002
v 11.100000 -50.650002 36.430000
v 12.400000 -51.610001 36.869999
v 13.220000 -50.849998 36.990002
v 14.950000 -50.270000 37.349998
v 14.620000 -48.709999 36.759998
v 14.470000 -47.669998 36.340000
v 21.180000 -14.820000 28.469999
v 20.320000 -14.550000 28.280001
v 21.990000 -13.540000 28.139999
v 21.850000 -11.740000 27.980000
v 21.450001 -10.600000 27.770000
v 19.430000 -38.020000 34.470001
v 20.469999 -36.700001 34.070000
v 19.540001 -36.160000 33.869999
v 19.500000 -35.240002 33.570000
v 21.030001 -34.880001 33.430000
v 23.139999 -34.430000 33.040001
v 22.780001 -32.810001 32.759998
v 22.750000 -31.760000 32.410000
v 23.760000 -30.600000 32.150002
v 24.400000 -28.360001 31.629999
v 23.260000 -28.309999 31.590000
v 25.580000 -26.920000 31.180000
v 25.740000 -25.490000 30.920000
v 25.760000 -24.219999 30.580000
v 24.570000 -23.930000 30.490000
v 25.809999 -22.930000 30.320000
v 24.250000 -22.230000 29.959999
v 24.900000 -21.110001 29.860001
v 23.430000 -20.540001 29.639999
v 24.150000 -19.260000 29.360001
v 22.549999 -18.969999 29.030001
v 23.879999 -17.670000 28.790001
v 24.680000 -16.209999 28.309999
v 23.660000 -15.870000 28.090000
v 23.719999 -14.740000 28.010000
v 23.520000 -13.090000 27.700001
v -0.880000 -70.930000 30.490000
v -0.190000 -70.720001 29.370001
v -0.850000 -73.489998 29.420000
v -0.180000 -70.889999 31.840000
v 0.550000 -70.760002 33.000000
v 0.220000 -75.239998 29.110001
v -0.260000 -75.599998 28.080000
v -0.780000 -76.849998 27.770000
v -1.670000 -76.779999 27.200001
v -0.950000 -78.349998 26.670000
v -1.330000 -78.169998 24.709999
v -1.660000 -77.820000 23.100000
v 1.610000 -67.830002 34.250000
v 1.420000 -69.519997 34.150002
v 1.210000 -70.650002 33.919998
v 2.740000 -67.529999 35.450001
v 3.070000 -65.690002 35.430000
v 3.780000 -63.990002 35.740002
v 3.560000 -62.750000 35.349998
v 4.640000 -62.310001 36.080002
v 5.410000 -60.930000 36.160000
v 5.900000 -59.610001 36.009998
v 6.280000 -57.860001 35.880001
v 5.150000 -57.849998 35.270000
v -1.180000 -79.910004 23.430000
v -0.780000 -81.690002 22.610001
v 0.210000 -83.019997 21.490000
v 0.670000 -83.180000 20.400000
v 1.070000 -82.750000 19.299999
v 2.380000 -83.150002 17.830000
v 3.070000 -82.989998 16.910000
v 4.010000 -83.010002 15.970000
v 4.890000 -82.940002 15.090000
v 5.720000 -82.910004 14.310000
v 6.650000 -82.540001 13.130000
v 8.160000 -82.610001 11.710000
v 7.710000 -81.370003 11.020000
v 8.720000 -81.839996 10.490000
v 9.680000 -81.209999 9.240000
v 9.020000 -79.690002 8.330000
v 8.180000 -78.089996 6.560000
v 7.070000 -78.279999 7.360000
v 7.890000 -76.500000 4.610000
v 7.380000 -75.089996 3.310000
v 5.290000 -75.209999 3.430000
v 6.810000 -73.470001 1.960000
v 6.700000 -72.150002 1.230000
v 6.540000 -70.910004 0.580000
v 6.360000 -69.360001 0.230000
v 5.010000 -69.300003 0.320000
v 8.750000 -69.110001 0.260000
v 9.820000 -67.540001 0.070000
v 11.910000 -67.989998 0.040000
v 14.180000 -66.879997 0.010000
v 15.240000 -65.330002 -0.030000
v 14.610000 -64.150002 -0.040000
v 16.170000 -62.820000 0.000000
v 15.660000 -61.500000 -0.030000
v 17.410000 -60.209999 -0.020000
v 17.719999 -57.650002 -0.020000
v 17.420000 -56.369999 -0.040000
v 19.070000 -55.029999 -0.050000
v 18.700001 -53.730000 -0.040000
v 20.340000 -52.410000 -0.030000
v 21.190001 -50.599998 0.100000
v 22.030001 -48.840000 0.290000
v 22.879999 -47.060001 0.450000
v 23.690001 -45.209999 0.660000
v 23.490000 -44.180000 0.700000
v 25.350000 -43.130001 0.860000
v 26.129999 -41.250000 0.930000
v 27.090000 -39.560001 0.820000
v 28.010000 -37.770000 0.870000
v 28.959999 -35.950001 1.080000
v 28.830000 -34.560001 1.260000
v 28.530001 -33.610001 1.210000
v 29.670000 -31.990000 1.040000
v 29.430000 -30.260000 1.090000
v 30.969999 -28.940001 0.900000
v 30.590000 -27.469999 0.930000
v 30.260000 -26.090000 0.940000
v 30.420000 -23.660000 0.900000
v 29.490000 -22.520000 0.880000
v 28.770000 -21.450001 0.850000
v 28.299999 -19.180000 0.690000
v 27.930000 -17.309999 0.510000
v 27.389999 -16.160000 0.480000
v 28.500000 -14.700000 0.320000
v 27.900000 -12.890000 0.240000
v 27.010000 -12.260000 0.170000
v 26.410000 -10.650000 0.120000
v 26.240000 -8.000000 0.020000
v 25.740000 -6.600000 -0.010000
v 24.540001 -5.920000 -0.080000
v 25.459999 -4.260000 -0.090000
v 24.500000 -2.030000 -0.130000
v 23.520000 -0.530000 -0.150000
v 22.090000 -0.330000 -0.150000
v 22.450001 0.890000 -0.170000
v 21.410000 2.720000 -0.190000
v 20.660000 4.250000 -0.180000
v 19.340000 5.350000 -0.140000
v 18.049999 6.320000 -0.120000
v 18.510000 8.280000 0.100000
v 16.820000 10.020000 0.410000
v 15.630000 11.420000 0.680000
v 14.750000 12.540000 0.970000
v 15.220000 14.550000 1.100000
v 13.510000 15.750000 1.510000
v 12.430000 16.370001 2.010000
v 11.590000 16.000000 2.350000
v 11.580000 17.770000 2.660000
v 10.140000 18.010000 3.460000
v 9.405093 17.459854 4.506707
v 8.705175 16.674330 6.354004
v -4.124966 21.397615 1.841366
v -3.241047 19.858318 2.078517
v -2.555848 18.817692 2.315528
v -18.490000 16.270000 11.200000
v -18.290001 15.990000 12.770000
v -8.500000 17.900000 18.799999
v -9.860000 17.469999 18.900000
v -11.940000 17.879999 18.770000
v -13.700000 17.830000 18.430000
v -15.340000 17.980000 17.750000
v -16.100000 17.540001 16.980000
v -17.120001 17.959999 15.930000
v -17.770000 17.500000 14.890000
v -18.490000 17.469999 12.630000
v 13.334952 12.562295 19.478367
v 10.683314 14.872833 17.460310
v 10.949352 14.201284 17.773268
v 12.774034 14.441238 19.029184
v 11.821237 15.651840 18.353947
v 14.356722 14.218388 19.680740
v 8.364935 15.654513 12.096033
v 8.744898 16.041346 13.766684
v 9.161803 16.111828 14.918135
v 9.769725 16.113667 16.183266
v 10.229138 16.034779 16.931170
v 10.660037 15.770281 17.409586
v -0.492011 19.254700 11.602159
v -1.500630 20.970043 12.128064
v -1.685492 20.271879 13.483193
v -1.610000 19.520000 14.040000
v -2.980000 19.750000 16.100000
v -4.160000 19.719999 16.860001
v -4.860000 19.100000 17.450001
v -6.550000 19.260000 18.260000
v -8.490000 19.230000 18.530001
v 22.650000 -11.740000 27.600000
v 23.850000 -10.380000 26.990000
v 23.360001 -8.520000 26.540001
v 23.410000 -7.160000 26.139999
v 22.780001 -5.900000 26.049999
v 21.980000 -4.180000 25.580000
v 21.709999 -2.260000 24.879999
v 21.420000 -0.770000 24.500000
v 21.309999 0.680000 24.120001
v 19.940001 0.450000 24.530001
v 21.090000 2.210000 23.180000
v 20.129999 2.310000 23.490000
v 20.469999 3.660000 22.559999
v 19.420000 3.850000 22.549999
v 19.780001 5.390000 21.940001
v 18.980000 6.990000 21.770000
v 17.842176 6.980089 21.888344
v 17.820131 8.672611 21.118343
v 16.605261 9.918679 20.738960
v 15.966904 11.597898 20.329716
v 15.096049 12.665132 20.010033
v -3.790203 18.040300 1.749985
v -6.510000 18.000000 0.920000
v -8.040000 17.840000 0.820000
v -9.450000 17.740000 0.670000
v -11.530000 17.590000 0.810000
v -13.900000 18.080000 1.770000
v -14.890000 17.980000 2.430000
v -15.870000 18.120001 3.320000
v -16.760000 17.750000 4.270000
v -17.129999 17.440001 5.170000
v -17.510000 17.379999 6.700000
v -18.080000 17.590000 8.710000
v -18.059999 16.549999 8.950000
v -18.379999 17.389999 10.510000
v 15.550000 -47.580002 36.650002
v 17.510000 -47.020000 36.790001
v 17.990000 -45.279999 36.540001
v 17.400000 -43.900002 36.020000
v 19.320000 -42.430000 35.740002
v 20.549999 -40.889999 35.230000
v 20.510000 -39.380001 34.759998
v 6.870000 -56.220001 35.770000
v 6.860000 -55.049999 35.360001
v 7.160000 -53.939999 35.029999
v 8.620000 -53.720001 35.369999
v 10.250000 -53.549999 36.180000
v 11.440000 -53.439999 36.919998
v 12.800000 -53.029999 37.259998
v 12.880000 -51.950001 37.660000
v 13.990000 -51.900002 37.549999
v 15.720000 -51.799999 37.950001
v 15.570000 -50.630001 38.119999
v 16.959999 -50.459999 37.820000
v 16.280001 -48.799999 37.110001
v 20.570000 -38.040001 34.430000
v 21.559999 -38.070000 34.410000
v 22.590000 -36.939999 34.139999
v 21.360001 -36.119999 33.720001
v 20.660000 -35.389999 33.910000
v 22.820000 -36.009998 33.549999
v 24.809999 -36.020000 33.500000
v 25.150000 -34.419998 32.919998
v 24.670000 -33.439999 32.730000
v 24.330000 -32.360001 32.529999
v 26.000000 -31.330000 31.920000
v 26.100000 -29.799999 31.590000
v 25.330000 -29.120001 31.639999
v 27.110001 -27.740000 31.180000
v 27.590000 -25.629999 30.760000
v 27.730000 -23.959999 30.629999
v 26.410000 -23.840000 30.270000
v 27.719999 -22.490000 30.240000
v 26.309999 -22.120001 29.889999
v 26.740000 -20.870001 29.690001
v 25.410000 -20.750000 29.559999
v 25.040001 -19.840000 29.820000
v 26.190001 -18.910000 29.139999
v 25.440001 -17.559999 28.750000
v 26.820000 -16.309999 28.180000
v 26.030001 -14.620000 27.870001
v 24.430000 -14.970000 27.879999
v 24.620001 -13.340000 27.459999
v 25.170000 -11.370000 26.940001
v -0.010000 -72.610001 31.600000
v -0.780000 -72.430000 30.480000
v -0.280000 -73.809998 30.850000
v -0.260000 -75.220001 30.540001
v 0.640000 -72.349998 32.930000
v 1.360000 -72.169998 34.080002
v 0.790000 -76.730003 30.070000
v 0.010000 -76.809998 28.840000
v -0.460000 -78.449997 28.559999
v -0.360000 -80.139999 27.510000
v -0.860000 -80.059998 26.379999
v -1.070000 -79.599998 25.260000
v 2.520000 -68.860001 35.349998
v 2.370000 -69.980003 35.270000
v 2.110000 -71.709999 35.110001
v 4.210000 -65.849998 36.389999
v 4.560000 -67.199997 36.950001
v 3.810000 -68.940002 36.660000
v 3.350000 -70.089996 36.400002
v 4.920000 -64.220001 36.529999
v 5.700000 -62.439999 36.740002
v 5.690000 -61.509998 36.490002
v 6.950000 -60.299999 36.900002
v 8.010000 -58.270000 36.419998
v 8.060000 -56.400002 36.330002
v -0.870000 -81.510002 25.080000
v -0.600000 -82.440002 23.870001
v 0.510000 -84.209999 22.860001
v 1.220000 -84.440002 20.860001
v 1.790000 -84.139999 19.719999
v 2.710000 -84.419998 18.680000
v 3.690000 -84.769997 17.620001
v 4.250000 -84.169998 16.730000
v 6.050000 -84.910004 15.490000
v 6.180000 -84.059998 14.720000
v 7.840000 -84.459999 13.330000
v 8.530000 -83.959999 12.350000
v 9.730000 -84.029999 11.290000
v 9.210000 -82.900002 10.950000
v 10.190000 -83.070000 10.220000
v 11.570000 -82.610001 8.970000
v 10.950000 -81.010002 8.290000
v 9.940000 -80.160004 8.050000
v 10.130000 -78.680000 6.260000
v 9.490000 -76.690002 4.360000
v 9.280000 -75.019997 2.930000
v 9.140000 -73.330002 1.570000
v 8.810000 -72.180000 1.100000
v 8.490000 -70.970001 0.510000
v 10.660000 -71.040001 0.550000
v 11.060000 -69.389999 0.230000
v 12.830000 -69.570000 0.180000
v 15.290000 -68.639999 0.120000
v 16.459999 -67.099998 0.040000
v 16.910000 -65.339996 0.010000
v 16.620001 -64.080002 -0.030000
v 18.180000 -62.790001 -0.010000
v 17.780001 -61.490002 -0.040000
v 19.430000 -60.180000 -0.020000
v 19.770000 -57.610001 -0.030000
v 19.440001 -56.360001 -0.010000
v 21.070000 -55.049999 0.020000
v 20.730000 -53.720001 0.010000
v 22.360001 -52.430000 0.050000
v 23.180000 -50.619999 0.130000
v 24.030001 -48.840000 0.220000
v 24.920000 -47.060001 0.440000
v 25.750000 -45.259998 0.710000
v 25.549999 -44.180000 0.800000
v 27.389999 -43.119999 0.860000
v 28.180000 -41.310001 0.760000
v 29.040001 -39.529999 0.710000
v 29.969999 -37.770000 0.640000
v 30.969999 -35.900002 0.710000
v 31.080000 -34.349998 0.800000
v 30.500000 -33.680000 0.950000
v 31.959999 -31.940001 0.710000
v 31.420000 -30.430000 0.820000
v 32.939999 -28.900000 0.590000
v 32.470001 -27.459999 0.710000
v 32.080002 -26.209999 0.760000
v 32.180000 -23.639999 0.670000
v 31.719999 -22.000000 0.680000
v 30.840000 -21.430000 0.690000
v 30.240000 -19.459999 0.590000
v 29.750000 -17.350000 0.480000
v 28.969999 -16.670000 0.460000
v 30.370001 -14.730000 0.290000
v 29.850000 -12.750000 0.220000
v 29.020000 -12.210000 0.180000
v 28.379999 -10.600000 0.100000
v 28.150000 -8.090000 -0.010000
v 27.670000 -6.680000 -0.030000
v 27.270000 -5.180000 -0.040000
v 26.889999 -3.580000 -0.080000
v 26.629999 -2.200000 -0.080000
v 26.450001 -0.350000 -0.110000
v 25.530001 0.640000 -0.110000
v 23.760000 0.830000 -0.150000
v 23.459999 2.400000 -0.120000
v 22.780001 4.070000 -0.040000
v 21.950001 5.760000 -0.010000
v 20.200001 6.430000 -0.020000
v 20.520000 8.550000 0.120000
v 19.230000 10.480000 0.300000
v 18.090000 11.870000 0.600000
v 16.629999 12.560000 0.700000
v 17.219999 14.290000 0.900000
v 16.570000 16.450001 1.040000
v 15.490000 17.709999 1.260000
v 14.090000 17.190001 1.460000
v 12.900000 17.430000 1.840000
v 13.350000 19.299999 2.000000
v 11.560000 19.500000 2.930000
v 10.520000 19.340000 3.880000
v 9.440000 19.299999 4.970000
v 8.987851 18.377268 5.784701
v 8.781066 19.214575 8.104679
v 8.547933 17.171230 8.643600
v -4.763331 19.986158 1.502605
v -9.780000 19.200001 18.709999
v -11.480000 19.280001 18.730000
v -12.750000 19.299999 18.080000
v -13.950000 19.330000 18.129999
v -15.350000 19.389999 17.700001
v -16.410000 19.520000 17.170000
v -17.190001 19.129999 16.139999
v -18.280001 19.250000 14.570000
v -18.860001 19.200001 12.800000
v -18.980000 19.320000 10.440000
v 13.260000 15.480571 19.251242
v 13.720997 17.254198 19.242645
v 11.841685 17.703463 18.317484
v 10.582378 17.091534 17.211315
v 16.222559 13.475646 19.918486
v 16.437710 15.305065 19.792044
v 15.298192 16.090462 19.715508
v 8.521151 18.247776 10.841331
v 8.672175 18.135939 13.011760
v 9.020884 17.303246 14.367942
v 9.647713 17.129230 15.825963
v -0.516981 19.981857 10.608649
v -1.662036 22.946760 9.905439
v -2.130000 22.740000 11.590000
v -2.580000 22.520000 13.010000
v -2.540000 21.910000 14.020000
v -2.180000 20.760000 14.150000
v -2.930000 21.150000 15.070000
v -3.480000 21.059999 16.410000
v -4.790000 21.010000 16.969999
v -5.970000 20.940001 17.540001
v -7.280000 20.840000 18.000000
v -9.170000 20.940001 18.330000
v -10.630000 20.379999 18.610001
v 25.520000 -9.700000 26.510000
v 24.709999 -8.300000 26.200001
v 24.090000 -7.390000 25.980000
v 24.690001 -5.910000 25.389999
v 23.680000 -5.300000 25.510000
v 23.670000 -4.260000 25.080000
v 23.340000 -2.230000 24.370001
v 22.730000 -0.470000 23.879999
v 22.040001 0.300000 23.860001
v 22.670000 1.730000 22.959999
v 22.180000 3.810000 22.020000
v 21.580000 5.380000 21.559999
v 21.559999 7.100000 20.809999
v 20.070000 7.070000 21.320000
v 19.910000 8.720000 20.730000
v 18.693649 10.228242 20.523973
v 17.526276 11.137752 20.438063
v 16.688940 11.764592 20.135038
v 17.211185 12.602546 20.134781
v -6.490000 19.480000 1.020000
v -8.430000 19.590000 0.660000
v -9.760000 19.139999 0.740000
v -12.080000 19.250000 0.890000
v -13.970000 19.370001 1.440000
v -15.450000 19.629999 2.040000
v -16.040001 19.299999 2.920000
v -17.250000 19.670000 4.030000
v -17.590000 19.350000 5.020000
v -18.090000 19.010000 6.580000
v -18.540001 18.990000 8.550000
v 18.230000 -48.660000 37.360001
v 19.250000 -47.380001 37.040001
v 19.830000 -45.580002 36.700001
v 19.260000 -44.459999 36.410000
v 18.920000 -43.250000 36.410000
v 20.270000 -43.799999 36.320000
v 21.100000 -42.450001 35.650002
v 20.820000 -41.540001 35.650002
v 22.360001 -41.099998 35.250000
v 22.510000 -39.340000 34.689999
v 7.730000 -55.049999 35.849998
v 7.590000 -53.939999 35.860001
v 8.810000 -54.939999 35.820000
v 9.190000 -53.860001 36.270000
v 9.760000 -54.959999 36.270000
v 10.860000 -55.529999 37.130001
v 11.400000 -55.070000 37.790001
v 12.780000 -54.660000 37.520000
v 13.030000 -53.689999 38.060001
v 14.370000 -53.619999 38.020000
v 17.139999 -53.599998 38.720001
v 17.110001 -51.919998 38.250000
v 18.600000 -51.740002 38.470001
v 19.360001 -49.840000 37.869999
v 22.690001 -38.029999 34.360001
v 23.959999 -37.759998 34.180000
v 24.059999 -36.630001 34.070000
v 26.280001 -37.790001 33.830002
v 26.530001 -36.240002 33.520000
v 26.510000 -34.799999 32.910000
v 26.620001 -33.439999 32.549999
v 26.110001 -32.410000 32.419998
v 28.180000 -31.610001 31.860001
v 27.530001 -30.240000 31.740000
v 27.379999 -29.129999 31.400000
v 29.010000 -29.030001 31.270000
v 29.610001 -27.160000 30.879999
v 29.610001 -25.740000 30.610001
v 29.770000 -23.900000 30.129999
v 29.200001 -22.350000 29.900000
v 28.150000 -22.090000 29.670000
v 28.370001 -20.879999 29.500000
v 27.389999 -20.650000 29.250000
v 28.040001 -19.120001 28.840000
v 27.450001 -17.629999 28.530001
v 26.870001 -16.889999 28.770000
v 28.690001 -16.639999 27.879999
v 28.230000 -14.520000 27.480000
v 27.490000 -13.250000 27.299999
v 26.190001 -13.260000 27.530001
v 26.730000 -11.920000 26.990000
v 26.730000 -9.790000 26.270000
v 0.820000 -73.879997 32.849998
v 0.670000 -74.050003 31.600000
v 0.500000 -75.680000 31.270000
v 0.140000 -76.559998 30.990000
v 1.400000 -73.879997 34.130001
v 2.150000 -73.820000 35.320000
v 0.750000 -78.160004 30.879999
v 0.450000 -78.040001 29.440001
v 0.320000 -79.680000 29.410000
v -0.330000 -79.870003 28.719999
v 0.180000 -81.320000 28.790001
v 0.050000 -81.779999 27.219999
v -0.210000 -81.309998 26.139999
v 3.260000 -71.980003 36.509998
v 3.090000 -73.809998 36.500000
v 5.500000 -65.650002 37.330002
v 6.070000 -64.349998 37.330002
v 4.900000 -68.800003 37.590000
v 5.970000 -67.129997 37.919998
v 6.530000 -65.900002 37.990002
v 4.740000 -70.639999 37.820000
v 4.530000 -72.360001 37.919998
v 6.680000 -62.840000 37.419998
v 6.960000 -61.680000 37.320000
v 8.260000 -61.369999 37.770000
v 9.050000 -59.450001 37.480000
v 9.900000 -57.970001 37.270000
v 9.710000 -56.529999 36.910000
v 9.040000 -55.490002 36.529999
v 0.030000 -83.180000 26.129999
v -0.160000 -83.959999 24.840000
v 0.800000 -85.730003 25.120001
v 1.280000 -86.309998 22.879999
v 2.110000 -86.070000 21.190001
v 3.350000 -85.949997 19.370001
v 4.120000 -85.730003 18.180000
v 5.280000 -86.290001 17.290001
v 6.040000 -85.970001 16.260000
v 7.580000 -86.370003 15.070000
v 8.130000 -85.870003 14.020000
v 9.540000 -86.120003 12.790000
v 10.070000 -85.669998 12.090000
v 11.180000 -85.489998 10.910000
v 10.720000 -84.279999 10.610000
v 11.750000 -84.489998 9.930000
v 13.150000 -84.010002 8.820000
v 12.500000 -82.769997 8.480000
v 12.790000 -81.639999 7.590000
v 11.500000 -80.180000 7.200000
v 12.520000 -79.540001 6.200000
v 11.440000 -78.120003 4.930000
v 11.090000 -76.760002 3.820000
v 11.230000 -74.830002 2.380000
v 10.660000 -73.639999 1.500000
v 10.830000 -72.559998 0.960000
v 12.710000 -72.489998 0.790000
v 12.730000 -70.980003 0.460000
v 14.680000 -70.870003 0.360000
v 17.340000 -70.029999 0.220000
v 16.910000 -68.830002 0.150000
v 18.100000 -67.779999 0.120000
v 18.820000 -65.360001 0.030000
v 18.540001 -64.129997 0.010000
v 20.129999 -62.799999 -0.010000
v 19.770000 -61.490002 0.010000
v 21.430000 -60.180000 0.000000
v 21.760000 -57.650002 0.020000
v 21.459999 -56.369999 0.010000
v 23.129999 -55.049999 0.020000
v 22.750000 -53.740002 0.030000
v 24.400000 -52.450001 0.080000
v 25.200001 -50.630001 0.100000
v 26.059999 -48.840000 0.210000
v 26.889999 -47.060001 0.360000
v 27.770000 -45.270000 0.580000
v 27.580000 -44.189999 0.690000
v 29.370001 -43.110001 0.690000
v 30.200001 -41.340000 0.640000
v 31.030001 -39.570000 0.550000
v 31.910000 -37.790001 0.470000
v 32.880001 -35.910000 0.340000
v 33.000000 -34.369999 0.370000
v 32.480000 -33.669998 0.550000
v 33.980000 -31.930000 0.360000
v 33.450001 -30.500000 0.510000
v 34.860001 -29.160000 0.340000
v 34.610001 -26.780001 0.390000
v 33.630001 -26.150000 0.530000
v 34.320000 -24.150000 0.380000
v 33.680000 -22.000000 0.440000
v 32.810001 -21.350000 0.530000
v 32.250000 -19.430000 0.480000
v 31.719999 -17.430000 0.390000
v 30.900000 -16.750000 0.380000
v 32.380001 -14.700000 0.200000
v 31.809999 -12.680000 0.120000
v 30.980000 -12.080000 0.110000
v 30.480000 -10.050000 0.060000
v 29.730000 -8.040000 -0.020000
v 29.379999 -6.890000 -0.050000
v 29.120001 -5.510000 -0.040000
v 28.690001 -4.060000 -0.070000
v 28.260000 -2.630000 -0.040000
v 28.200001 -0.280000 -0.050000
v 27.580000 0.930000 -0.040000
v 26.830000 2.120000 -0.020000
v 25.340000 2.190000 -0.100000
v 25.490000 3.570000 -0.020000
v 24.342279 5.450595 0.180533
v 23.268534 7.354013 0.217033
v 22.030001 7.470000 0.050000
v 22.280001 8.940000 0.280000
v 21.270000 10.440000 0.480000
v 20.260000 11.080000 0.470000
v 19.670000 13.060000 0.840000
v 18.530001 14.230000 0.970000
v 18.180000 16.080000 1.130000
v 18.160000 17.850000 1.240000
v 17.410000 19.240000 1.120000
v 15.470000 19.290001 1.380000
v 14.760000 20.930000 1.640000
v 13.110000 21.129999 2.080000
v 12.200000 21.129999 2.710000
v 11.480000 20.790001 3.380000
v 10.600000 20.559999 4.050000
v 9.770000 20.860001 5.360000
v 9.140000 20.730000 6.870000
v 8.650000 21.920000 9.290000
v 8.450000 20.620001 10.460000
v 8.630000 19.480000 9.970000
v -5.839810 21.644405 1.283308
v -7.260000 21.070000 1.000000
v -12.930000 21.260000 18.530001
v -14.140000 20.740000 18.139999
v -15.710000 20.879999 17.430000
v -16.969999 20.950001 16.610001
v -17.990000 20.850000 15.670000
v -18.889999 20.820000 14.460000
v -19.570000 20.830000 12.890000
v -19.940001 20.799999 11.300000
v -19.080000 20.540001 8.580000
v -20.100000 22.090000 9.510000
v 16.278421 17.560604 19.675076
v 14.813119 19.537176 19.501617
v 13.190622 19.546427 19.101345
v 12.066603 19.171549 18.483866
v 10.819422 18.987890 17.429724
v 9.726597 18.630892 15.897898
v 18.410120 14.659293 19.600653
v 17.419491 16.231577 19.684698
v 8.555902 20.678257 12.244552
v 8.552577 19.149084 12.512823
v 8.756918 19.404387 13.450061
v 9.032894 18.793419 14.411159
v -2.972431 26.098099 9.888302
v -2.570874 24.467754 11.174530
v -2.780000 24.150000 12.080000
v -3.030000 23.610001 12.930000
v -3.740000 23.469999 14.430000
v -3.430000 22.330000 14.880000
v -4.480000 22.770000 15.930000
v -5.400000 22.230000 17.070000
v -6.640000 22.400000 17.799999
v -8.120000 22.600000 17.990000
v -9.050000 22.150000 18.129999
v -10.420000 22.570000 18.280001
v -11.750000 22.190001 18.340000
v 26.150000 -8.630000 26.129999
v 25.549999 -8.540000 26.190001
v 25.799999 -7.560000 25.850000
v 26.490000 -6.670000 25.190001
v 26.740000 -4.930000 24.549999
v 25.379999 -4.020000 24.320000
v 24.639999 -4.230000 24.709999
v 24.860001 -2.790000 24.110001
v 24.660000 -0.970000 23.410000
v 23.750000 -0.740000 23.670000
v 24.170000 0.730000 22.799999
v 24.100000 2.720000 21.900000
v 23.180000 3.330000 21.930000
v 23.660000 4.960000 20.840000
v 22.570000 5.310000 21.180000
v 22.850000 7.110000 20.200001
v 22.209999 8.650000 19.910000
v 21.219999 8.670000 20.330000
v 21.150000 10.190000 19.870001
v 19.670780 11.066274 20.056625
v 18.597107 11.331933 20.200260
v 18.738855 12.423569 19.944103
v -9.200000 20.959999 0.750000
v -11.000000 20.870001 0.740000
v -12.830000 20.799999 0.950000
v -14.660000 20.840000 1.290000
v -16.049999 20.870001 1.980000
v -16.930000 20.889999 2.990000
v -17.879999 20.840000 3.950000
v -18.410000 20.860001 5.280000
v -18.650000 20.709999 6.780000
v 20.070000 -48.349998 37.430000
v 21.170000 -46.880001 37.090000
v 21.969999 -45.240002 36.750000
v 21.290001 -44.430000 36.570000
v 22.980000 -43.009998 35.950001
v 24.230000 -40.980000 35.090000
v 24.360001 -39.500000 34.560001
v 11.390000 -56.669998 37.610001
v 12.600000 -56.480000 37.939999
v 14.030000 -56.299999 38.720001
v 14.160000 -54.970001 38.270000
v 15.420000 -55.270000 38.820000
v 16.820000 -55.279999 39.130001
v 17.540001 -55.049999 39.610001
v 19.230000 -54.700001 39.410000
v 19.559999 -53.110001 38.779999
v 20.540001 -51.720001 38.599998
v 21.059999 -50.349998 38.380001
v 21.430000 -48.759998 37.770000
v 25.920000 -39.910000 34.439999
v 27.400000 -39.040001 33.959999
v 27.480000 -38.020000 33.730000
v 28.680000 -36.970001 33.110001
v 27.410000 -36.509998 33.250000
v 28.260000 -35.119999 32.630001
v 27.719999 -33.430000 32.240002
v 27.580000 -32.230000 32.330002
v 29.299999 -33.549999 31.990000
v 30.000000 -31.959999 31.709999
v 30.469999 -30.370001 31.299999
v 31.100000 -28.520000 30.910000
v 30.820000 -27.490000 30.850000
v 31.490000 -25.990000 30.450001
v 31.700001 -24.309999 29.780001
v 30.590000 -23.830000 29.719999
v 31.129999 -22.780001 29.469999
v 30.170000 -22.570000 29.680000
v 30.590000 -21.250000 29.190001
v 29.480000 -21.000000 29.309999
v 30.000000 -19.520000 28.750000
v 29.620001 -17.830000 28.200001
v 30.639999 -16.120001 27.480000
v 29.559999 -15.100000 27.219999
v 30.260000 -13.560000 26.910000
v 28.700001 -12.150000 26.940001
v 28.360001 -10.190000 26.370001
v 28.170000 -8.530000 25.770000
v 27.080000 -7.570000 25.879999
v 1.290000 -75.309998 34.070000
v 0.930000 -75.250000 32.810001
v 1.650000 -75.250000 31.690001
v 0.880000 -76.769997 32.290001
v 2.060000 -75.720001 35.369999
v 2.930000 -75.730003 36.599998
v 1.700000 -78.489998 32.130001
v 1.680000 -80.110001 31.820000
v 0.740000 -79.820000 30.969999
v 0.370000 -79.769997 30.490000
v 0.180000 -81.220001 30.660000
v 0.930000 -83.169998 30.080000
v 0.420000 -83.480003 27.930000
v 4.080000 -73.970001 37.720001
v 3.870000 -75.730003 37.759998
v 7.330000 -64.370003 38.040001
v 7.670000 -63.070000 37.970001
v 5.570000 -70.190002 38.560001
v 5.930000 -68.790001 38.490002
v 6.670000 -67.440002 38.520000
v 7.270000 -66.279999 38.570000
v 8.890000 -64.739998 39.040001
v 5.480000 -72.070000 38.709999
v 6.440000 -71.620003 39.419998
v 5.090000 -74.209999 38.830002
v 6.280000 -73.650002 39.750000
v 9.380000 -62.720001 38.380001
v 9.690000 -61.029999 38.150002
v 9.410000 -60.160000 38.000000
v 10.660000 -59.709999 37.990002
v 10.170000 -58.459999 38.119999
v 11.590000 -57.930000 38.049999
v 10.630000 -56.970001 37.770000
v 0.370000 -84.589996 26.690001
v 0.760000 -86.160004 27.629999
v 1.160000 -87.760002 26.500000
v 1.730000 -87.820000 24.830000
v 2.130000 -87.599998 23.510000
v 2.580000 -87.720001 22.469999
v 3.220000 -87.779999 21.430000
v 4.450000 -87.900002 19.719999
v 5.010000 -87.589996 18.770000
v 5.570000 -87.320000 17.860001
v 7.010000 -87.639999 16.500000
v 8.440000 -87.900002 15.130000
v 9.330000 -87.680000 13.910000
v 10.280000 -87.480003 12.750000
v 11.300000 -87.050003 11.610000
v 12.510000 -87.029999 10.510000
v 12.190000 -85.769997 10.270000
v 13.260000 -85.989998 9.680000
v 15.020000 -85.570000 8.640000
v 14.730000 -83.980003 8.060000
v 13.890000 -82.879997 7.840000
v 14.920000 -81.769997 6.790000
v 14.190000 -79.879997 5.710000
v 13.630000 -78.070000 4.260000
v 12.510000 -78.190002 4.740000
v 12.570000 -76.959999 3.550000
v 12.640000 -75.309998 2.340000
v 12.880000 -73.949997 1.260000
v 14.690000 -73.919998 1.150000
v 14.690000 -72.389999 0.710000
v 16.629999 -72.370003 0.660000
v 19.420000 -71.650002 0.450000
v 19.370001 -70.050003 0.230000
v 18.790001 -68.930000 0.160000
v 20.420000 -67.769997 0.120000
v 20.770000 -65.400002 0.050000
v 20.520000 -64.160004 0.020000
v 22.100000 -62.770000 0.040000
v 21.740000 -61.450001 0.000000
v 23.340000 -60.099998 0.000000
v 23.799999 -57.619999 0.010000
v 23.500000 -56.389999 0.020000
v 25.139999 -55.090000 0.040000
v 24.750000 -53.750000 0.070000
v 26.450001 -52.480000 0.070000
v 27.219999 -50.639999 0.110000
v 28.030001 -48.830002 0.150000
v 28.870001 -47.070000 0.220000
v 29.709999 -45.240002 0.390000
v 29.570000 -44.200001 0.550000
v 31.340000 -43.139999 0.420000
v 32.160000 -41.340000 0.430000
v 33.020000 -39.570000 0.390000
v 33.849998 -37.810001 0.300000
v 34.570000 -36.110001 0.190000
v 35.180000 -34.419998 0.070000
v 34.410000 -33.680000 0.170000
v 36.029999 -31.780001 0.100000
v 35.490002 -30.410000 0.240000
v 37.020000 -28.719999 0.100000
v 36.430000 -26.900000 0.090000
v 35.470001 -25.459999 0.260000
v 36.500000 -23.959999 0.160000
v 35.619999 -22.030001 0.200000
v 34.959999 -21.020000 0.270000
v 34.049999 -19.520000 0.300000
v 33.669998 -17.490000 0.270000
v 32.849998 -16.770000 0.270000
v 34.270000 -14.790000 0.130000
v 33.770000 -12.780000 0.070000
v 33.130001 -11.580000 0.060000
v 32.320000 -10.120000 0.020000
v 32.160000 -8.070000 -0.060000
v 31.430000 -6.680000 -0.070000
v 30.549999 -5.960000 -0.110000
v 31.030001 -4.490000 -0.050000
v 30.209999 -2.790000 -0.020000
v 30.059999 -0.280000 0.010000
v 29.559999 0.990000 0.030000
v 28.969999 2.350000 0.050000
v 28.400000 3.920000 0.060000
v 26.860001 3.780000 0.040000
v 26.639153 4.970075 0.447438
v 25.723131 6.589812 0.722719
v 24.719833 8.293625 0.759496
v 23.512062 8.653220 0.441663
v 23.539272 10.105572 0.694152
v 22.219999 11.020000 0.700000
v 21.440001 12.640000 1.030000
v 20.860001 15.110000 1.490000
v 19.549999 15.860000 1.330000
v 19.219999 17.700001 1.470000
v 19.320000 19.820000 1.440000
v 17.920000 21.120001 1.170000
v 16.459999 20.959999 1.320000
v 15.700000 22.590000 1.390000
v 13.570000 22.740000 1.780000
v 12.950000 22.180000 2.160000
v 11.870000 22.330000 2.970000
v 11.010000 22.250000 3.810000
v 10.180000 21.959999 4.920000
v 9.540000 22.129999 6.050000
v 9.120000 21.990000 6.850000
v 9.160000 23.600000 7.050000
v 8.470000 23.990000 9.610000
v 8.150000 23.559999 10.890000
v 8.360000 22.280001 11.430000
v -5.300865 22.936682 1.518870
v -6.973091 23.083439 1.043765
v -8.200000 22.570000 0.790000
v -10.100000 22.469999 0.640000
v -13.750000 22.690001 18.330000
v -15.000000 22.760000 17.870001
v -16.240000 22.510000 17.160000
v -17.520000 22.450001 16.320000
v -18.850000 22.580000 15.190000
v -19.520000 22.160000 14.400000
v -20.520000 22.680000 12.770000
v -20.730000 22.160000 11.400000
v -19.230000 21.950001 8.300000
v -19.450001 22.420000 7.010000
v -20.459999 23.879999 8.230000
v -21.430000 24.040001 9.390000
v -21.520000 23.629999 10.990000
v 18.359634 17.544333 19.441675
v 17.385256 19.308504 19.649458
v 16.216284 19.333590 19.641634
v 16.177666 20.981503 19.534369
v 14.444439 21.174334 19.483709
v 13.210004 20.961544 19.146381
v 11.908023 20.772892 18.500324
v 10.828780 20.551519 17.622799
v 9.895298 20.410072 16.353331
v 9.148210 20.064333 14.686234
v 20.790001 12.930000 19.180000
v 20.930000 15.200000 18.940001
v 19.480000 16.219999 19.250000
v 8.463404 23.152441 13.059205
v 9.285761 21.945730 15.073792
v -4.339488 29.296524 8.655820
v -4.180971 28.129171 11.141359
v -3.500683 26.584703 11.369091
v -3.070803 25.720543 11.205331
v -3.450000 25.660000 12.320000
v -4.030000 25.160000 13.550000
v -5.230000 25.190001 15.190000
v -4.780000 23.959999 15.450000
v -5.690000 24.420000 16.139999
v -6.540000 23.790001 17.049999
v -8.070000 23.950001 17.740000
v -9.360000 24.260000 17.940001
v -10.310000 23.760000 18.030001
v -12.060000 23.820000 18.080000
v -13.310000 23.639999 18.100000
v 28.520000 -7.110000 25.070000
v 28.299999 -5.330000 24.379999
v 28.480000 -3.840000 23.780001
v 27.190001 -3.590000 23.950001
v 26.080000 -2.770000 24.000000
v 26.270000 -1.190000 22.959999
v 25.670000 0.500000 22.320000
v 25.520000 2.270000 21.450001
v 25.080000 4.260000 20.480000
v 24.530001 5.800000 19.910000
v 24.150000 7.000000 19.459999
v 23.910000 8.960000 18.670000
v 22.870001 9.550000 19.170000
v 22.160000 9.940000 19.440001
v 22.360001 11.430000 18.799999
v -12.020000 22.420000 0.700000
v -13.780000 22.370001 1.000000
v -15.470000 22.360001 1.390000
v -16.650000 22.309999 2.120000
v -17.670000 22.320000 3.040000
v -18.450001 22.280001 4.140000
v -18.920000 22.100000 5.130000
v 21.430000 -47.689999 37.650002
v 23.120001 -47.209999 37.259998
v 23.540001 -45.389999 36.590000
v 23.270000 -44.410000 36.410000
v 24.430000 -43.919998 36.000000
v 25.350000 -42.520000 35.650002
v 25.420000 -41.360001 35.090000
v 12.010000 -56.849998 38.279999
v 13.280000 -58.020000 38.930000
v 14.840000 -58.009998 39.970001
v 15.080000 -56.599998 39.619999
v 16.150000 -56.230000 39.290001
v 17.629999 -56.290001 39.750000
v 20.080000 -56.279999 40.169998
v 21.270000 -54.840000 39.759998
v 21.510000 -53.400002 39.180000
v 21.600000 -52.169998 38.669998
v 22.910000 -50.630001 38.160000
v 23.430000 -48.910000 37.990002
v 27.580000 -40.939999 34.580002
v 28.870001 -39.130001 33.750000
v 28.320000 -38.259998 33.619999
v 29.059999 -38.080002 33.430000
v 30.280001 -37.980000 33.160000
v 30.209999 -36.570000 32.680000
v 30.430000 -35.060001 32.110001
v 29.350000 -34.570000 32.189999
v 31.250000 -33.169998 31.670000
v 31.330000 -31.580000 31.620001
v 30.290001 -31.510000 31.410000
v 32.310001 -30.090000 30.940001
v 32.450001 -28.719999 30.660000
v 32.669998 -27.030001 30.480000
v 33.119999 -25.290001 29.850000
v 32.150002 -25.209999 30.049999
v 33.689999 -23.730000 29.120001
v 32.529999 -23.750000 29.260000
v 32.770000 -22.719999 29.040001
v 32.340000 -20.959999 28.690001
v 31.430000 -19.879999 28.620001
v 31.700001 -18.410000 28.260000
v 30.799999 -17.850000 28.030001
v 32.119999 -17.350000 27.540001
v 32.590000 -15.800000 26.980000
v 31.400000 -14.720000 26.959999
v 32.110001 -13.410000 26.549999
v 31.260000 -11.900000 26.389999
v 30.320000 -10.580000 26.309999
v 29.660000 -8.380000 25.389999
v 28.719999 -8.130000 25.389999
v 1.570000 -76.910004 34.950001
v 1.080000 -76.500000 33.610001
v 1.110000 -78.190002 33.380001
v 2.610000 -76.830002 36.189999
v 2.370000 -78.099998 35.700001
v 3.510000 -77.320000 37.590000
v 2.980000 -77.860001 36.900002
v 2.130000 -79.919998 33.250000
v 2.360000 -81.559998 33.080002
v 1.710000 -81.430000 32.020000
v 1.120000 -81.379997 31.580000
v 1.030000 -82.739998 31.940001
v 1.670000 -84.720001 31.590000
v 1.110000 -84.800003 30.440001
v 0.830000 -84.769997 29.120001
v 4.810000 -75.779999 38.880001
v 4.420000 -76.839996 38.669998
v 4.050000 -77.879997 38.500000
v 7.020000 -70.139999 39.490002
v 7.190000 -68.930000 39.259998
v 7.700000 -67.570000 39.220001
v 8.330000 -66.169998 39.310001
v 9.570000 -66.129997 39.860001
v 10.070000 -64.730003 39.810001
v 10.960000 -64.050003 39.330002
v 10.260000 -63.290001 39.110001
v 7.330000 -73.239998 40.570000
v 7.700000 -71.580002 40.220001
v 7.980000 -70.459999 40.099998
v 6.020000 -75.589996 40.049999
v 7.330000 -75.379997 40.990002
v 8.150000 -74.680000 41.520000
v 11.540000 -62.650002 39.259998
v 10.690000 -61.220001 38.709999
v 11.320000 -60.049999 39.090000
v 12.020000 -59.419998 38.509998
v 12.300000 -58.459999 39.009998
v 1.010000 -86.449997 29.530001
v 1.040000 -88.080002 28.709999
v 1.140000 -88.839996 27.570000
v 1.790000 -89.570000 26.139999
v 2.330000 -89.209999 24.860001
v 2.730000 -88.870003 23.680000
v 3.730000 -89.209999 22.049999
v 5.200000 -89.540001 20.120001
v 5.900000 -89.389999 19.080000
v 6.670000 -89.199997 17.990000
v 7.700000 -88.919998 16.889999
v 9.000000 -89.389999 15.440000
v 9.590000 -89.199997 14.650000
v 10.220000 -89.230003 13.850000
v 11.390000 -89.250000 12.580000
v 11.980000 -88.669998 11.710000
v 13.390000 -88.660004 10.480000
v 13.490000 -87.339996 10.040000
v 14.770000 -87.570000 9.440000
v 17.180000 -87.160004 8.370000
v 16.450001 -85.519997 8.080000
v 15.620000 -84.580002 8.000000
v 16.340000 -83.199997 7.140000
v 16.809999 -80.949997 5.820000
v 15.820000 -79.870003 5.280000
v 15.350000 -78.320000 4.050000
v 14.920000 -76.620003 2.880000
v 13.640000 -76.800003 3.170000
v 13.480000 -75.510002 2.100000
v 14.970000 -75.349998 1.980000
v 16.790001 -75.349998 1.890000
v 16.770000 -73.820000 1.010000
v 18.730000 -73.860001 0.930000
v 21.389999 -73.269997 0.750000
v 21.440001 -71.639999 0.360000
v 21.219999 -69.989998 0.220000
v 20.840000 -68.919998 0.170000
v 22.430000 -67.750000 0.130000
v 22.770000 -65.330002 0.070000
v 22.410000 -64.099998 0.040000
v 24.100000 -62.759998 0.020000
v 23.709999 -61.450001 0.020000
v 25.389999 -60.139999 0.020000
v 25.820000 -57.669998 0.020000
v 25.580000 -56.439999 0.030000
v 27.139999 -55.070000 0.020000
v 26.790001 -53.750000 0.060000
v 28.400000 -52.439999 0.030000
v 29.230000 -50.619999 0.050000
v 30.040001 -48.849998 0.070000
v 30.879999 -47.049999 0.150000
v 31.680000 -45.230000 0.210000
v 31.490000 -44.189999 0.300000
v 33.299999 -43.119999 0.190000
v 34.180000 -41.330002 0.250000
v 35.000000 -39.610001 0.260000
v 35.869999 -37.830002 0.200000
v 36.820000 -35.910000 0.050000
v 36.709999 -34.369999 0.000000
v 36.500000 -33.080002 0.050000
v 38.090000 -31.709999 0.030000
v 37.590000 -30.209999 0.070000
v 39.180000 -28.590000 -0.030000
v 38.860001 -26.600000 -0.040000
v 37.509998 -26.010000 0.070000
v 38.450001 -23.770000 0.030000
v 37.619999 -22.049999 0.060000
v 36.599998 -21.040001 0.100000
v 35.889999 -20.030001 0.080000
v 36.169998 -18.430000 0.100000
v 34.900002 -16.930000 0.150000
v 36.430000 -14.760000 0.010000
v 35.599998 -12.750000 -0.010000
v 34.750000 -12.260000 0.020000
v 34.360001 -10.520000 -0.010000
v 34.189999 -8.710000 -0.060000
v 33.480000 -7.470000 -0.060000
v 33.299999 -5.670000 -0.080000
v 32.419998 -4.310000 -0.060000
v 32.430000 -2.210000 -0.010000
v 31.760000 -0.340000 0.040000
v 31.469999 0.950000 0.050000
v 30.980000 2.260000 0.130000
v 30.410000 3.690000 0.180000
v 29.918644 4.755493 0.473645
v 28.400213 5.311587 0.887159
v 25.292931 9.983656 1.264764
v 24.627003 9.924000 0.908496
v 24.461458 11.074427 1.268999
v 23.347502 12.341631 1.507979
v 22.742832 15.163300 2.655428
v 20.840000 18.879999 2.300000
v 21.000000 23.450001 2.710000
v 18.910000 22.709999 1.450000
v 17.510000 22.540001 1.180000
v 16.959999 24.139999 1.190000
v 14.790000 24.340000 1.390000
v 13.180000 24.309999 2.000000
v 12.380000 23.959999 2.470000
v 11.540000 23.700001 3.010000
v 10.540000 23.600000 3.990000
v 9.790000 23.590000 4.970000
v 9.740000 25.240000 5.060000
v 8.830000 25.730000 7.410000
v 8.400000 25.670000 9.390000
v 8.102664 25.164000 11.521269
v 8.010000 24.000000 12.100000
v -5.357186 24.249275 1.696735
v -7.009699 24.649027 1.124621
v -9.366102 24.306011 0.567753
v -10.780000 23.790001 0.470000
v -13.260000 24.129999 0.610000
v -14.900000 24.219999 17.770000
v -15.850000 24.090000 17.459999
v -16.770000 24.070000 16.969999
v -18.270000 24.139999 16.090000
v -18.959999 23.680000 15.370000
v -19.990000 24.120001 14.430000
v -20.830000 23.820000 13.410000
v -21.510000 25.360001 11.520000
v -19.650000 23.850000 5.540000
v -20.049999 23.930000 7.130000
v -20.760000 25.410000 7.240000
v -21.209999 25.160000 9.150000
v 20.139999 17.559999 18.830000
v 19.570000 19.360001 18.870001
v 18.469999 19.340000 19.350000
v 18.559999 21.160000 19.129999
v 17.175123 22.708872 19.267935
v 15.463200 22.685244 19.359903
v 14.606740 22.154158 19.410076
v 13.226537 22.344694 19.093838
v 11.710014 22.402882 18.327610
v 10.808046 21.817005 17.669060
v 10.070571 21.691362 16.760950
v 22.590000 13.350000 18.270000
v 22.280001 15.030000 18.040001
v 21.990000 16.420000 18.010000
v 21.469999 17.540001 18.129999
v 8.339289 24.821196 13.261038
v 8.674401 24.364237 14.145670
v 9.200660 24.014805 15.193518
v 10.361680 23.314451 16.972727
v -5.020013 30.560295 10.019133
v -5.513940 31.779554 9.261254
v -4.939718 29.952126 10.934862
v -5.150000 29.770000 11.920000
v -4.740000 28.080000 12.780000
v -4.010000 27.049999 12.170000
v -4.370000 26.680000 13.130000
v -5.700000 27.350000 14.650000
v -6.590000 26.490000 15.960000
v -6.150000 25.420000 16.010000
v -7.090000 25.610001 16.620001
v -8.130000 25.200001 17.400000
v -9.340000 25.459999 17.650000
v -10.840000 25.629999 17.790001
v -12.430000 25.410000 17.790001
v -14.040000 25.299999 17.860001
v 29.990000 -6.720000 24.610001
v 29.760000 -5.460000 24.020000
v 29.836977 -4.003695 23.629078
v 29.512184 -2.450697 22.780363
v 28.745739 -3.343023 23.133345
v 27.590000 -2.470000 23.200001
v 26.950001 -3.370000 23.660000
v 26.430000 -2.150000 23.389999
v 27.552694 -0.822068 22.340120
v 27.100000 0.180000 21.980000
v 26.459999 0.400000 22.080000
v 26.969999 1.740000 21.200001
v 27.090000 3.740000 19.910000
v 26.315920 5.738516 18.847115
v 25.141933 6.997545 18.800039
v 24.719999 8.190000 18.459999
v 24.889999 9.740000 17.420000
v 24.150000 9.960000 18.040001
v 23.620001 11.150000 18.020000
v 23.430000 12.960000 17.580000
v -14.750000 23.740000 0.750000
v -16.590000 24.020000 1.510000
v -17.570000 23.680000 2.040000
v -18.350000 23.780001 3.000000
v -19.459999 23.750000 4.120000
v 25.330000 -47.520000 37.130001
v 25.500000 -45.490002 36.410000
v 25.270000 -44.439999 36.180000
v 26.950001 -43.180000 35.419998
v 13.060000 -59.230000 39.119999
v 14.480000 -59.680000 39.689999
v 16.379999 -59.520000 40.250000
v 16.450001 -57.950001 40.529999
v 16.000000 -57.020000 39.889999
v 18.360001 -57.049999 40.439999
v 20.070000 -57.189999 40.740002
v 22.100000 -57.639999 40.790001
v 21.940001 -56.119999 40.299999
v 22.959999 -54.650002 39.779999
v 21.900000 -53.849998 39.759998
v 23.549999 -53.240002 39.220001
v 23.490000 -51.980000 38.619999
v 24.850000 -50.689999 38.099998
v 25.350000 -49.290001 37.779999
v 28.980000 -42.220001 34.720001
v 29.100000 -41.139999 34.310001
v 30.360001 -40.080002 33.970001
v 31.650000 -39.240002 33.160000
v 31.930000 -37.689999 32.639999
v 31.389999 -36.259998 32.380001
v 31.480000 -35.189999 32.250000
v 32.720001 -34.700001 31.690001
v 32.590000 -33.090000 31.410000
v 32.509998 -32.180000 31.290001
v 33.639999 -30.750000 30.700001
v 33.619999 -29.090000 30.410000
v 34.639999 -27.290001 29.870001
v 34.020000 -26.020000 29.790001
v 35.480000 -24.540001 28.879999
v 35.240002 -22.260000 28.360001
v 33.930000 -22.469999 28.709999
v 33.930000 -21.150000 28.280001
v 33.919998 -19.600000 27.990000
v 32.549999 -19.370001 28.250000
v 33.369999 -18.209999 27.690001
v 34.169998 -16.440001 26.969999
v 33.770000 -14.360000 26.549999
v 32.810001 -13.210000 26.270000
v 33.080002 -11.910000 26.110001
v 31.600000 -11.760000 26.070000
v 32.330002 -10.510000 25.950001
v 31.910000 -8.440000 25.219999
v 31.030001 -6.990000 24.389999
v 1.780000 -78.209999 34.750000
v 2.030000 -79.690002 34.889999
v 3.050000 -79.730003 36.880001
v 3.040000 -79.820000 35.650002
v 3.700000 -79.410004 38.150002
v 2.540000 -81.769997 34.779999
v 2.700000 -82.959999 33.980000
v 1.350000 -82.940002 33.349998
v 1.840000 -84.389999 33.330002
v 2.040000 -86.400002 32.889999
v 1.820000 -86.199997 31.740000
v 1.500000 -86.230003 30.920000
v 5.570000 -76.940002 39.939999
v 4.970000 -77.980003 39.549999
v 4.660000 -79.769997 39.520000
v 8.410000 -69.089996 39.990002
v 8.630000 -67.860001 39.810001
v 10.380000 -67.589996 40.650002
v 11.280000 -65.820000 40.639999
v 11.190000 -64.769997 40.259998
v 12.790000 -63.959999 40.060001
v 10.830000 -63.070000 39.630001
v 8.870000 -73.169998 41.470001
v 9.210000 -72.040001 41.160000
v 9.050000 -70.940002 40.779999
v 9.360000 -69.449997 40.580002
v 6.500000 -77.230003 40.830002
v 7.600000 -76.739998 41.470001
v 8.750000 -76.199997 42.200001
v 9.620000 -74.779999 42.349998
v 10.030000 -73.160004 42.139999
v 13.360000 -62.340000 39.919998
v 12.460000 -61.459999 39.919998
v 11.770000 -61.080002 39.410000
v 12.930000 -60.139999 39.840000
v 1.460000 -87.639999 30.719999
v 1.390000 -89.050003 30.080000
v 1.440000 -90.419998 28.580000
v 1.790000 -90.760002 26.879999
v 2.530000 -91.110001 25.540001
v 3.090000 -90.870003 24.480000
v 3.820000 -90.519997 22.990000
v 4.990000 -90.940002 21.490000
v 5.390000 -90.570000 20.690001
v 6.470000 -91.150002 19.590000
v 7.300000 -90.900002 18.340000
v 8.200000 -90.779999 17.270000
v 9.070000 -90.809998 16.059999
v 10.340000 -90.959999 14.670000
v 10.610000 -90.320000 14.130000
v 11.860000 -90.830002 12.750000
v 12.550000 -90.629997 11.930000
v 13.350000 -90.320000 11.120000
v 15.220000 -90.279999 9.920000
v 14.890000 -88.949997 9.770000
v 16.219999 -89.190002 9.190000
v 17.570000 -89.279999 8.590000
v 19.379999 -88.699997 8.080000
v 19.100000 -87.209999 7.860000
v 18.719999 -85.540001 7.460000
v 17.450001 -85.669998 7.820000
v 17.469999 -84.339996 7.360000
v 17.250000 -82.809998 6.780000
v 18.139999 -81.360001 5.810000
v 18.620001 -79.650002 4.720000
v 17.120001 -79.750000 4.940000
v 17.250000 -78.489998 3.870000
v 16.650000 -77.050003 2.850000
v 18.770000 -76.860001 2.650000
v 18.730000 -75.370003 1.780000
v 20.580000 -75.419998 1.740000
v 23.330000 -74.790001 1.270000
v 23.330000 -73.239998 0.600000
v 23.240000 -71.620003 0.340000
v 22.900000 -69.970001 0.210000
v 22.719999 -68.900002 0.160000
v 24.379999 -67.839996 0.140000
v 24.790001 -65.349998 0.070000
v 24.459999 -64.099998 0.040000
v 26.110001 -62.820000 0.030000
v 25.750000 -61.470001 0.040000
v 27.420000 -60.200001 0.030000
v 27.770000 -57.639999 0.020000
v 27.490000 -56.400002 0.020000
v 29.080000 -55.049999 0.040000
v 28.719999 -53.740002 0.010000
v 30.330000 -52.419998 -0.010000
v 31.170000 -50.639999 0.010000
v 32.029999 -48.840000 0.050000
v 32.849998 -47.060001 0.040000
v 33.660000 -45.230000 0.070000
v 33.470001 -44.180000 0.130000
v 35.299999 -43.130001 0.050000
v 36.160000 -41.340000 0.110000
v 37.040001 -39.610001 0.100000
v 37.830002 -37.880001 0.070000
v 38.570000 -36.150002 0.020000
v 39.290001 -34.430000 -0.070000
v 38.480000 -33.650002 -0.030000
v 40.299999 -31.730000 -0.070000
v 39.730000 -30.139999 -0.030000
v 41.389999 -28.490000 -0.040000
v 40.759998 -26.700001 -0.080000
v 39.930000 -26.219999 -0.050000
v 40.580002 -24.150000 -0.050000
v 39.689999 -22.049999 -0.040000
v 38.570000 -20.959999 0.010000
v 37.619999 -19.920000 0.040000
v 38.520000 -18.070000 -0.020000
v 37.410000 -16.480000 0.000000
v 38.549999 -14.690000 -0.090000
v 37.680000 -12.710000 -0.120000
v 36.810001 -11.310000 -0.110000
v 35.680000 -10.700000 -0.060000
v 36.119999 -8.690000 -0.110000
v 35.419998 -6.720000 -0.120000
v 34.599998 -6.020000 -0.090000
v 35.119999 -4.380000 -0.100000
v 33.660000 -2.940000 -0.050000
v 34.439999 -1.080000 -0.030000
v 33.480000 0.290000 0.070000
v 32.980000 2.130000 0.150000
v 32.470001 3.490000 0.200000
v 31.870001 4.890000 0.290000
v 31.586138 7.187390 0.562525
v 25.183603 11.196110 1.802265
v 24.707056 12.177215 2.050620
v 24.359245 13.491039 2.869548
v 24.597157 15.139469 5.020061
v 23.520224 18.693586 5.585282
v 22.559999 21.799999 4.890000
v 23.110001 23.400000 5.860000
v 22.860001 26.059999 5.630000
v 20.580000 25.950001 2.410000
v 19.879999 24.129999 1.950000
v 19.059999 24.420000 1.330000
v 18.299999 25.650000 0.830000
v 16.340000 25.650000 0.830000
v 14.880000 25.379999 1.330000
v 13.010000 25.809999 1.910000
v 11.670000 25.750000 2.460000
v 11.220000 25.110001 3.070000
v 9.950000 27.150000 4.130000
v 9.200000 26.969999 5.520000
v 8.890000 26.969999 7.050000
v 8.390000 27.080000 8.940000
v 8.020000 27.080000 10.070000
v 8.199425 26.965866 11.338951
v 8.323605 26.827291 13.110105
v 8.232336 25.693230 12.968054
v -8.020144 28.205112 1.162449
v -7.718316 26.538237 1.038991
v -9.352129 25.909304 0.613815
v -11.220000 25.910000 0.310000
v -13.180000 25.690001 0.560000
v -15.450000 25.730000 0.750000
v -16.580000 25.260000 1.310000
v -15.610000 25.750000 17.500000
v -16.680000 25.330000 17.059999
v -18.440001 25.600000 16.090000
v -19.360001 25.410000 15.390000
v -20.129999 25.160000 14.770000
v -21.040001 25.260000 13.410000
v -21.860001 27.049999 9.360000
v -22.160000 27.330000 11.510000
v -21.440001 27.240000 13.220000
v -20.510000 26.700001 14.600000
v -19.719999 25.350000 4.080000
v -20.309999 25.420000 5.570000
v -21.010000 27.030001 5.500000
v -21.480000 27.080000 7.410000
v 21.090000 19.410000 18.080000
v 20.469999 21.250000 18.309999
v 19.760000 22.910000 18.590000
v 18.480000 23.639999 18.980000
v 16.735561 24.475428 19.202787
v 15.405026 24.030087 19.216415
v 13.837006 23.590975 19.084528
v 12.207879 23.674030 18.549866
v 11.275991 23.634483 17.970037
v 23.389999 14.610000 17.190001
v 23.320000 16.520000 16.799999
v 22.570000 16.469999 17.559999
v 22.629999 17.940001 17.280001
v 21.950001 18.840000 17.700001
v 8.530918 26.233700 14.003276
v 9.068684 25.690285 15.032509
v 10.214656 25.674620 16.721996
v 11.387443 24.969067 17.917805
v -5.680000 31.590000 10.720000
v -6.200000 31.200001 12.250000
v -6.080000 29.889999 13.190000
v -5.590000 28.840000 13.430000
v -6.430000 29.010000 14.640000
v -7.170000 28.639999 15.360000
v -8.040000 28.150000 16.270000
v -7.550000 26.900000 16.620001
v -8.990000 26.870001 17.090000
v -10.470000 26.740000 17.549999
v -11.580000 27.160000 17.799999
v -12.490000 26.680000 17.660000
v -13.970000 26.850000 17.530001
v -15.570000 26.990000 17.410000
v 31.040001 -5.590000 24.160000
v 31.031052 -4.936934 23.570351
v 30.917185 -4.241784 23.402044
v 31.349255 -2.899196 22.822218
v 31.874378 -1.255149 21.875198
v 29.872454 -0.753027 21.803312
v 28.482340 -1.067983 22.059603
v 28.442387 0.344578 21.506454
v 29.152988 2.309731 20.251425
v 28.676571 4.245814 19.088842
v 27.559999 4.140000 19.340000
v 27.731583 4.993496 18.427425
v 27.176889 6.472681 17.352842
v 26.372652 8.148095 16.723974
v 25.737995 10.616588 16.008398
v 24.990000 11.410000 16.570000
v 24.510000 11.320000 17.120001
v 24.490499 12.870745 16.539164
v 24.049999 14.170000 16.690001
v -17.820000 25.280001 2.010000
v -18.799999 25.150000 2.650000
v 26.379999 -48.450001 37.220001
v 26.820000 -47.160000 36.770000
v 26.610001 -46.080002 36.419998
v 27.740000 -44.810001 36.020000
v 29.690001 -44.209999 35.200001
v 14.080000 -61.119999 39.970001
v 15.650000 -61.430000 40.889999
v 17.680000 -60.740002 41.060001
v 17.400000 -59.619999 40.500000
v 18.129999 -58.590000 40.259998
v 19.469999 -58.000000 40.650002
v 20.730000 -59.230000 41.009998
v 23.260000 -59.369999 41.230000
v 23.930000 -57.709999 40.630001
v 23.900000 -56.619999 40.430000
v 23.400000 -55.599998 40.340000
v 24.930000 -54.580002 39.570000
v 23.910000 -53.810001 39.680000
v 25.370001 -53.180000 39.070000
v 25.629999 -51.799999 38.490002
v 26.500000 -50.330002 37.990002
v 27.730000 -49.299999 37.360001
v 30.580000 -42.480000 34.490002
v 29.940001 -41.439999 34.340000
v 30.620001 -41.349998 34.189999
v 31.650000 -41.700001 34.009998
v 32.500000 -40.580002 33.320000
v 32.889999 -39.439999 32.900002
v 33.470001 -38.279999 32.410000
v 32.779999 -36.610001 32.180000
v 34.369999 -36.200001 31.629999
v 34.060001 -34.919998 31.549999
v 34.950001 -33.950001 30.940001
v 33.799999 -32.380001 30.920000
v 35.349998 -31.650000 30.320000
v 35.360001 -29.990000 30.049999
v 34.770000 -29.080000 30.049999
v 36.529999 -28.260000 29.330000
v 35.480000 -27.209999 29.430000
v 36.049999 -26.200001 29.059999
v 37.279999 -25.309999 28.450001
v 36.990002 -23.760000 28.150000
v 36.470001 -22.520000 28.090000
v 36.310001 -21.059999 27.830000
v 35.580002 -21.040001 28.040001
v 35.070000 -21.040001 28.170000
v 35.650002 -19.879999 27.850000
v 35.700001 -18.090000 27.200001
v 35.880001 -16.070000 26.459999
v 35.169998 -15.050000 26.480000
v 35.500000 -13.580000 26.170000
v 33.990002 -12.990000 26.389999
v 34.790001 -11.750000 26.010000
v 34.110001 -10.410000 25.700001
v 33.090000 -11.220000 25.790001
v 33.919998 -8.700000 25.230000
v 33.730000 -7.060000 24.580000
v 32.360001 -6.870000 24.620001
v 32.909187 -5.619232 23.795364
v 2.720000 -81.440002 36.520000
v 3.430000 -81.800003 38.220001
v 4.370000 -81.500000 39.459999
v 2.560000 -82.900002 36.130001
v 2.710000 -84.209999 35.220001
v 2.480000 -86.540001 35.060001
v 2.420000 -87.860001 34.450001
v 2.070000 -87.650002 32.860001
v 2.010000 -87.500000 31.530001
v 6.010000 -78.489998 40.720001
v 5.730000 -80.309998 40.860001
v 5.220000 -81.529999 40.490002
v 11.010000 -69.209999 41.349998
v 12.340000 -67.370003 41.520000
v 12.650000 -66.040001 41.230000
v 12.630000 -64.720001 41.040001
v 14.190000 -64.550003 41.299999
v 14.010000 -63.099998 40.799999
v 10.060000 -72.000000 41.650002
v 10.820000 -70.720001 41.139999
v 7.110000 -78.760002 41.700001
v 7.820000 -78.029999 41.900002
v 9.220000 -77.879997 42.750000
v 9.980000 -76.519997 43.060001
v 10.660000 -75.010002 42.860001
v 11.220000 -73.430000 42.650002
v 11.660000 -71.949997 42.389999
v 11.440000 -70.739998 41.980000
v 14.330000 -61.740002 40.959999
v 1.710000 -89.089996 31.650000
v 1.560000 -90.959999 31.459999
v 1.500000 -90.699997 29.980000
v 1.630000 -92.379997 29.799999
v 1.970000 -92.330002 28.090000
v 1.920000 -91.190002 27.620001
v 2.360000 -92.330002 26.879999
v 2.870000 -92.269997 25.670000
v 3.610000 -92.370003 24.420000
v 4.540000 -92.480003 22.879999
v 5.510000 -92.250000 21.520000
v 6.480000 -92.070000 20.180000
v 7.940000 -92.580002 18.540001
v 8.620000 -92.400002 17.600000
v 9.380000 -92.339996 16.469999
v 10.190000 -92.309998 15.300000
v 11.080000 -92.440002 14.220000
v 11.660000 -91.820000 13.370000
v 12.820000 -92.440002 12.180000
v 13.620000 -92.000000 11.340000
v 15.300000 -92.000000 10.300000
v 17.100000 -91.769997 9.420000
v 16.510000 -90.470001 9.370000
v 17.559999 -90.519997 8.980000
v 19.200001 -90.500000 8.460000
v 21.370001 -90.230003 7.980000
v 21.260000 -88.610001 7.640000
v 20.400000 -87.459999 7.630000
v 20.809999 -85.489998 6.970000
v 20.400000 -84.339996 6.690000
v 18.700001 -84.050003 6.980000
v 18.129999 -82.949997 6.790000
v 19.540001 -81.529999 5.730000
v 20.350000 -79.930000 4.640000
v 20.469999 -78.150002 3.400000
v 18.780001 -78.290001 3.660000
v 20.629999 -76.839996 2.540000
v 22.610001 -76.949997 2.420000
v 25.280001 -76.349998 1.830000
v 25.270000 -74.680000 1.090000
v 25.030001 -73.110001 0.640000
v 24.740000 -71.750000 0.420000
v 25.360001 -70.110001 0.240000
v 24.530001 -69.419998 0.160000
v 26.410000 -67.889999 0.130000
v 26.799999 -65.389999 0.070000
v 26.530001 -64.160004 0.040000
v 28.110001 -62.799999 0.060000
v 27.770000 -61.490002 0.030000
v 29.379999 -60.169998 0.050000
v 29.730000 -57.619999 0.040000
v 29.440001 -56.369999 0.020000
v 31.049999 -55.029999 0.010000
v 30.680000 -53.740002 0.010000
v 32.299999 -52.430000 0.020000
v 33.150002 -50.630001 0.000000
v 34.020000 -48.849998 -0.030000
v 34.889999 -47.049999 -0.020000
v 35.669998 -45.230000 -0.020000
v 35.490002 -44.160000 0.030000
v 37.320000 -43.119999 -0.060000
v 38.209999 -41.320000 -0.020000
v 39.070000 -39.540001 0.010000
v 39.889999 -37.840000 0.020000
v 40.580002 -36.240002 -0.050000
v 40.970001 -34.369999 -0.070000
v 40.669998 -33.189999 -0.060000
v 42.060001 -32.169998 -0.050000
v 42.560001 -30.020000 -0.060000
v 43.250000 -28.200001 -0.090000
v 42.840000 -27.030001 -0.080000
v 42.500000 -25.299999 -0.070000
v 42.189999 -23.500000 -0.060000
v 42.130001 -21.940001 -0.050000
v 40.880001 -20.900000 -0.050000
v 39.689999 -19.920000 -0.050000
v 40.639999 -17.860001 -0.060000
v 39.549999 -16.320000 -0.080000
v 40.599998 -14.630000 -0.130000
v 39.689999 -12.750000 -0.190000
v 38.639999 -11.750000 -0.180000
v 37.910000 -10.730000 -0.220000
v 38.389999 -8.970000 -0.210000
v 37.459999 -6.710000 -0.200000
v 36.490002 -5.920000 -0.180000
v 37.130001 -4.100000 -0.140000
v 35.770000 -2.580000 -0.110000
v 36.500000 -0.900000 -0.070000
v 35.669998 0.430000 0.020000
v 35.160000 1.890000 0.110000
v 34.580002 3.440000 0.220000
v 34.000000 4.790000 0.320000
v 33.769356 7.407596 0.553140
v 32.781048 8.763448 0.900400
v 31.957058 8.337241 1.107598
v 32.351730 9.758878 1.429862
v 24.734129 16.796175 6.820881
v 25.188799 15.564937 6.893407
v 24.030001 20.850000 7.200000
v 24.209999 19.250000 7.150000
v 25.093609 18.098560 8.599935
v 23.209999 22.049999 5.990000
v 23.690001 25.080000 7.030000
v 23.879999 23.600000 7.300000
v 23.879999 22.590000 7.240000
v 22.500000 28.780001 5.240000
v 23.320000 28.320000 6.500000
v 23.790001 28.120001 7.370000
v 24.389999 26.559999 8.620000
v 20.900000 29.870001 2.020000
v 18.670000 27.480000 1.070000
v 19.480000 25.650000 1.360000
v 16.590000 27.420000 0.840000
v 15.220000 27.139999 0.990000
v 13.250000 27.070000 1.570000
v 12.080000 27.059999 2.250000
v 11.310000 26.860001 2.630000
v 10.800000 28.510000 2.950000
v 9.410000 29.010000 4.650000
v 8.900000 28.780001 5.680000
v 8.850000 28.200001 6.690000
v 8.370000 28.469999 8.770000
v 8.187274 28.577274 10.963516
v 8.382275 28.484978 12.994324
v 8.737719 28.289156 14.592594
v 8.601316 27.176744 14.275155
v -9.669831 27.507742 0.604098
v -11.440000 27.190001 0.290000
v -13.500000 27.219999 0.360000
v -15.410000 27.400000 0.600000
v -16.530001 27.090000 0.960000
v -18.020000 26.950001 1.540000
v -19.280001 26.639999 2.600000
v -17.059999 26.920000 17.000000
v -18.090000 26.620001 16.469999
v -19.219999 26.900000 15.870000
v -22.219999 28.770000 7.650000
v -22.670000 28.600000 9.340000
v -22.850000 28.719999 11.250000
v -21.980000 28.650000 12.700000
v -21.360001 28.610001 13.900000
v -20.200001 28.500000 14.880000
v -18.860001 28.190001 16.120001
v -20.420000 26.959999 3.810000
v -20.790001 28.490000 3.920000
v -21.580000 28.620001 5.510000
v 22.540001 20.430000 17.139999
v 21.440001 20.900000 17.780001
v 21.580000 22.540001 17.540001
v 20.670000 22.700001 18.150000
v 20.530001 24.330000 18.120001
v 18.870001 24.959999 18.709999
v 17.410000 25.379999 19.150000
v 16.291149 25.747036 19.332367
v 15.327621 25.444225 19.133123
v 13.951900 25.202536 18.946051
v 12.647643 24.860823 18.648582
v 24.590050 15.473488 15.530405
v 24.180000 18.010000 15.520000
v 23.440001 17.980000 16.490000
v 23.610001 19.410000 16.240000
v 9.057408 27.486620 15.283273
v 9.942199 27.434328 16.480963
v 10.927171 27.523985 17.381117
v 11.464627 26.691202 17.772919
v 12.888041 26.484842 18.460880
v -6.340337 33.503231 9.968824
v -6.710000 32.840000 11.600000
v -7.590000 32.650002 13.150000
v -6.940000 31.500000 13.030000
v -7.020000 30.680000 13.680000
v -7.680000 30.590000 14.760000
v -8.600000 30.120001 15.700000
v -10.170000 29.580000 16.760000
v -9.790000 28.410000 17.030001
v -11.520000 28.520000 17.350000
v -13.560000 28.299999 17.330000
v -15.740000 28.420000 17.150000
v -17.580000 28.379999 16.860001
v 32.444839 -3.985591 23.071939
v 32.351151 -2.522114 22.323013
v 33.719604 -2.514213 22.437860
v 34.631550 -1.035245 21.903135
v 33.955303 -0.256568 20.938881
v 32.105740 -0.156763 20.853786
v 30.359077 0.339869 21.135374
v 30.659468 -0.542626 21.584562
v 31.294189 1.833225 20.244616
v 30.047955 2.508971 19.772629
v 30.545094 3.727591 19.215839
v 29.937317 5.139144 17.791573
v 28.725189 4.999527 17.966383
v 26.780092 10.077844 14.504686
v 25.983191 11.866397 15.034012
v 25.260000 12.550000 15.730000
v 25.526812 13.541632 14.906831
v 28.139999 -47.580002 36.689999
v 27.750000 -46.279999 36.389999
v 29.209999 -46.090000 36.070000
v 30.629999 -45.939999 35.520000
v 31.840000 -45.240002 34.939999
v 31.620001 -43.770000 34.630001
v 15.190000 -62.980000 41.549999
v 15.730000 -62.549999 41.189999
v 16.200001 -62.660000 41.900002
v 16.850000 -61.700001 41.610001
v 17.940001 -62.430000 41.860001
v 18.320000 -61.450001 41.689999
v 19.430000 -61.130001 41.680000
v 18.680000 -60.040001 41.130001
v 19.500000 -59.770000 41.500000
v 20.530001 -60.080002 41.849998
v 21.410000 -61.060001 41.849998
v 23.639999 -61.000000 41.910000
v 23.940001 -60.020000 41.639999
v 24.750000 -59.799999 41.349998
v 25.440001 -58.230000 40.639999
v 25.059999 -56.669998 40.200001
v 24.959999 -55.500000 40.099998
v 26.740000 -55.230000 39.520000
v 26.850000 -53.520000 38.919998
v 27.299999 -52.189999 38.490002
v 28.360001 -50.930000 37.990002
v 29.700001 -50.049999 37.150002
v 29.590000 -48.470001 36.639999
v 31.610001 -42.740002 34.310001
v 32.560001 -43.080002 34.150002
v 33.400002 -42.209999 33.400002
v 33.980000 -40.630001 32.779999
v 33.930000 -39.700001 32.639999
v 35.110001 -39.400002 32.049999
v 34.709999 -37.869999 31.860001
v 35.860001 -37.470001 31.290001
v 35.250000 -36.369999 31.340000
v 35.490002 -35.480000 31.030001
v 36.730000 -34.619999 30.379999
v 36.740002 -32.840000 30.120001
v 36.650002 -31.290001 29.850000
v 36.400002 -30.320000 29.760000
v 38.070000 -30.330000 29.170000
v 38.509998 -28.190001 28.670000
v 38.470001 -26.620001 28.440001
v 37.110001 -26.680000 28.830000
v 38.410000 -25.170000 28.090000
v 38.279999 -23.680000 27.740000
v 37.669998 -22.209999 27.809999
v 37.150002 -21.250000 27.570000
v 37.580002 -19.500000 27.139999
v 36.330002 -19.160000 27.330000
v 37.590000 -17.420000 26.639999
v 36.779999 -16.590000 26.750000
v 37.290001 -15.020000 26.190001
v 36.020000 -14.900000 26.290001
v 36.410000 -13.120000 25.549999
v 36.310001 -11.530000 25.600000
v 35.770000 -10.180000 25.580000
v 35.799999 -8.700000 25.059999
v 35.689999 -7.120000 24.719999
v 35.240002 -5.840000 24.160000
v 33.919998 -6.480000 23.830000
v 33.150002 -6.060000 24.360001
v 34.886852 -4.959230 23.370081
v 34.380283 -3.952960 22.957170
v 2.930000 -82.930000 37.730000
v 2.650000 -82.860001 36.930000
v 4.170000 -83.400002 39.590000
v 3.420000 -84.379997 38.459999
v 5.140000 -83.169998 40.740002
v 2.690000 -84.029999 36.980000
v 2.900000 -85.849998 36.970001
v 2.980000 -87.690002 36.720001
v 2.520000 -89.349998 35.779999
v 2.200000 -89.489998 34.410000
v 1.940000 -89.160004 33.700001
v 2.230000 -88.889999 32.560001
v 6.930000 -80.180000 41.880001
v 6.780000 -81.639999 42.139999
v 6.340000 -82.919998 41.970001
v 12.280000 -68.970001 42.180000
v 12.470000 -67.889999 42.040001
v 14.110000 -67.230003 42.029999
v 13.400000 -66.320000 41.810001
v 14.250000 -65.919998 41.590000
v 15.970000 -65.660004 42.230000
v 15.380000 -64.330002 41.950001
v 7.780000 -79.919998 42.340000
v 8.690000 -79.599998 42.799999
v 10.570000 -79.610001 43.560001
v 10.780000 -78.019997 43.310001
v 10.790000 -76.989998 43.279999
v 12.010000 -75.559998 43.610001
v 12.430000 -73.639999 43.290001
v 12.900000 -71.860001 42.889999
v 12.760000 -70.580002 42.299999
v 12.970000 -69.339996 42.549999
v 1.750000 -90.440002 33.549999
v 1.580000 -92.449997 33.439999
v 1.600000 -92.680000 31.540001
v 1.710000 -94.059998 30.670000
v 1.660000 -94.050003 29.530001
v 2.110000 -94.089996 28.260000
v 2.460000 -93.820000 27.250000
v 3.310000 -93.650002 25.700001
v 3.840000 -93.440002 24.660000
v 4.960000 -94.120003 23.200001
v 5.620000 -93.919998 22.230000
v 6.260000 -93.790001 21.370001
v 7.130000 -93.690002 20.139999
v 7.910000 -93.529999 19.080000
v 9.130000 -94.250000 17.940001
v 9.730000 -93.730003 17.020000
v 10.670000 -94.129997 15.520000
v 11.170000 -93.699997 14.510000
v 12.270000 -94.010002 13.180000
v 12.680000 -93.430000 12.450000
v 14.180000 -93.930000 11.180000
v 15.390000 -93.470001 10.510000
v 17.280001 -93.809998 9.730000
v 19.200001 -93.440002 8.940000
v 18.740000 -91.790001 8.810000
v 20.740000 -92.430000 8.420000
v 23.209999 -91.800003 8.050000
v 23.020000 -90.139999 7.810000
v 23.070000 -88.769997 7.580000
v 23.070000 -87.239998 7.190000
v 21.450001 -87.480003 7.350000
v 22.690001 -85.620003 6.740000
v 22.590000 -84.120003 6.200000
v 21.450001 -83.379997 6.130000
v 20.360001 -83.169998 6.270000
v 18.790001 -83.080002 6.620000
v 20.680000 -81.849998 5.630000
v 22.639999 -80.379997 4.690000
v 22.590000 -78.570000 3.530000
v 24.559999 -78.629997 3.470000
v 27.299999 -77.959999 2.890000
v 27.350000 -76.309998 1.650000
v 27.379999 -74.669998 1.070000
v 26.889999 -74.000000 0.790000
v 26.900000 -72.519997 0.600000
v 26.820000 -70.519997 0.350000
v 26.730000 -69.099998 0.230000
v 28.320000 -67.889999 0.190000
v 28.760000 -65.379997 0.100000
v 28.469999 -64.120003 0.060000
v 30.070000 -62.790001 0.040000
v 29.730000 -61.480000 0.050000
v 31.340000 -60.150002 0.060000
v 31.700001 -57.619999 0.030000
v 31.400000 -56.360001 0.030000
v 33.029999 -55.040001 0.040000
v 32.650002 -53.730000 0.010000
v 34.279999 -52.430000 -0.010000
v 35.130001 -50.650002 -0.040000
v 36.009998 -48.880001 -0.040000
v 36.880001 -47.090000 -0.050000
v 37.720001 -45.230000 -0.080000
v 37.529999 -44.180000 -0.090000
v 39.389999 -43.130001 -0.110000
v 40.240002 -41.310001 -0.060000
v 41.180000 -39.520000 -0.030000
v 42.029999 -37.730000 -0.060000
v 42.849998 -35.919998 -0.080000
v 42.709999 -34.410000 -0.060000
v 42.430000 -33.209999 -0.060000
v 43.939999 -31.860001 -0.060000
v 43.570000 -30.620001 -0.040000
v 44.709999 -28.910000 -0.050000
v 44.470001 -27.309999 -0.070000
v 44.189999 -26.070000 -0.040000
v 44.430000 -24.049999 -0.040000
v 43.630001 -22.379999 -0.030000
v 43.119999 -20.950001 -0.040000
v 42.439999 -19.480000 -0.020000
v 42.259998 -17.299999 -0.030000
v 41.509998 -16.110001 -0.090000
v 42.610001 -14.560000 -0.100000
v 41.880001 -12.730000 -0.180000
v 40.830002 -11.630000 -0.220000
v 39.689999 -10.620000 -0.270000
v 40.619999 -8.600000 -0.250000
v 39.560001 -6.680000 -0.230000
v 38.560001 -5.920000 -0.210000
v 39.299999 -4.030000 -0.160000
v 37.860001 -2.430000 -0.110000
v 38.540001 -0.760000 -0.050000
v 37.630001 1.150000 0.070000
v 36.650002 1.730000 0.020000
v 37.259998 3.310000 0.210000
v 36.139999 4.800000 0.360000
v 35.958782 7.400379 0.573233
v 35.590000 8.910000 0.540000
v 34.380001 9.900000 0.730000
v 33.187473 9.867825 1.016146
v 33.309502 11.035061 1.184550
v 32.766418 11.908871 1.880655
v 25.268251 16.320221 7.949219
v 25.583811 16.064819 9.068384
v 25.877747 15.996161 10.959165
v 24.500000 22.389999 8.640000
v 24.850000 20.660000 9.200000
v 25.059999 19.639999 8.980000
v 25.330000 19.330000 10.770000
v 25.532461 17.734915 10.740459
v 24.110001 25.350000 7.900000
v 24.260000 24.410000 8.060000
v 22.570000 31.280001 5.470000
v 23.150000 30.059999 6.450000
v 24.040001 29.950001 8.360000
v 24.280001 28.280001 8.600000
v 24.820000 28.299999 10.030000
v 25.059999 26.500000 11.120000
v 25.020000 25.180000 10.510000
v 24.650000 25.020000 9.180000
v 20.510000 32.939999 1.710000
v 19.200001 31.170000 0.760000
v 19.700001 30.070000 1.160000
v 18.879999 29.150000 0.790000
v 17.420000 28.790001 0.510000
v 16.299999 28.430000 0.780000
v 14.410000 28.570000 0.840000
v 12.500000 28.600000 1.310000
v 11.900000 28.629999 1.970000
v 11.390000 30.379999 2.250000
v 9.990000 30.410000 3.450000
v 9.500000 30.280001 4.690000
v 9.060000 30.309999 5.600000
v 8.740000 30.490000 6.910000
v 8.350000 29.920000 8.420000
v 8.120520 30.049042 10.558680
v 8.102249 30.138811 11.823584
v 8.379262 30.326681 13.195168
v 8.836816 29.920275 14.681099
v 9.261848 29.590672 15.812060
v 9.161819 28.622528 15.653461
v -10.158287 29.160362 0.636276
v -11.980000 28.780001 0.400000
v -13.990000 28.719999 0.440000
v -16.290001 28.889999 0.720000
v -17.740000 28.600000 1.280000
v -18.860001 28.309999 1.660000
v -19.920000 28.309999 2.460000
v -22.120001 30.190001 5.400000
v -22.760000 30.389999 7.530000
v -23.170000 30.320000 9.460000
v -22.980000 29.879999 10.650000
v -22.200001 30.570000 12.940000
v -21.360001 30.000000 14.070000
v -19.969999 30.080000 15.110000
v -18.650000 29.940001 15.690000
v -17.530001 29.680000 16.490000
v -20.170000 29.920000 2.550000
v -21.290001 30.120001 4.010000
v 23.680000 21.370001 15.850000
v 22.740000 22.389999 16.610001
v 22.350000 24.170000 16.700001
v 21.430000 24.190001 17.480000
v 21.059999 25.780001 17.469999
v 20.350000 25.570000 18.030001
v 19.180000 26.650000 18.250000
v 17.559999 26.639999 19.010000
v 16.299999 26.950001 19.430000
v 15.383366 26.597967 19.110188
v 14.391188 26.435980 18.874800
v 25.664728 15.137758 13.964799
v 25.442802 16.377073 13.855805
v 25.070000 17.670000 14.150000
v 24.799999 19.420000 14.170000
v 24.250000 19.530001 15.170000
v 24.420000 21.280001 14.620000
v 9.835635 29.190617 16.624626
v 10.948948 29.136080 17.554855
v 12.364630 28.676609 18.141951
v 14.696921 28.212257 18.700209
v -7.151556 34.876694 7.166617
v -7.221815 35.194561 9.587194
v -7.070000 34.980000 10.930000
v -8.290000 34.689999 12.390000
v -9.320000 34.209999 13.970000
v -8.550000 32.810001 14.180000
v -7.930000 31.740000 14.140000
v -8.790000 31.959999 15.000000
v -9.570000 31.840000 15.950000
v -11.120000 31.129999 16.490000
v -11.640000 29.950001 16.889999
v -13.610000 30.389999 16.770000
v -15.720000 29.840000 16.850000
v 35.681755 -2.841615 22.862282
v 34.639759 -2.183398 22.033026
v 36.227879 -1.719171 21.770630
v 36.179451 -0.754149 21.862581
v 36.161953 -0.193795 21.238056
v 35.748138 0.616619 21.404531
v 35.276615 0.992894 20.448429
v 33.867855 0.837816 20.501291
v 32.758121 0.774263 20.389904
v 33.372120 2.033372 20.278492
v 32.458363 3.507027 19.522507
v 31.048313 2.832780 19.607288
v 32.184624 5.398257 18.492823
v 31.058939 5.992935 17.306332
v 26.474749 12.394439 13.517274
v 29.379999 -47.360001 36.360001
v 30.490000 -47.299999 36.000000
v 32.630001 -47.020000 35.240002
v 33.200001 -45.340000 34.500000
v 32.750000 -44.310001 34.389999
v 16.580000 -63.980000 41.790001
v 18.110001 -64.250000 42.320000
v 18.430000 -63.049999 42.389999
v 19.850000 -62.779999 42.320000
v 20.250000 -61.580002 42.040001
v 22.400000 -62.650002 42.470001
v 22.350000 -61.509998 42.250000
v 24.340000 -62.430000 42.459999
v 24.540001 -61.410000 42.340000
v 25.809999 -60.700001 41.599998
v 26.379999 -59.360001 40.919998
v 27.480000 -58.070000 40.270000
v 26.410000 -57.790001 40.389999
v 26.370001 -56.919998 40.290001
v 28.510000 -56.480000 39.529999
v 28.780001 -54.770000 38.919998
v 28.350000 -53.610001 38.680000
v 28.360001 -52.270000 38.230000
v 29.170000 -52.360001 38.130001
v 30.549999 -51.529999 37.470001
v 30.980000 -50.250000 36.900002
v 31.459999 -48.970001 36.330002
v 34.380001 -44.009998 33.639999
v 35.180000 -42.290001 32.770000
v 34.930000 -41.160000 32.509998
v 36.740002 -40.950001 31.730000
v 37.160000 -39.000000 31.049999
v 37.730000 -37.470001 30.469999
v 36.720001 -36.220001 30.629999
v 37.849998 -35.919998 30.049999
v 37.889999 -34.389999 29.809999
v 37.389999 -33.570000 29.910000
v 38.270000 -32.389999 29.379999
v 39.779999 -31.299999 28.730000
v 39.880001 -29.879999 28.510000
v 39.810001 -28.400000 28.340000
v 39.619999 -27.049999 28.150000
v 39.970001 -25.610001 27.950001
v 39.709999 -24.280001 27.799999
v 39.889999 -22.090000 27.139999
v 38.799999 -21.370001 27.180000
v 39.939999 -19.860001 26.610001
v 39.290001 -17.969999 26.209999
v 38.709999 -16.520000 26.150000
v 38.860001 -14.520000 25.830000
v 37.990002 -14.430000 25.860001
v 37.740002 -13.390000 25.799999
v 37.700001 -11.780000 25.209999
v 37.740002 -10.180000 24.879999
v 36.680000 -10.160000 25.180000
v 37.459999 -8.870000 24.690001
v 37.630001 -7.060000 24.299999
v 36.549999 -5.920000 24.200001
v 37.022560 -4.467645 23.169558
v 4.770000 -84.949997 40.779999
v 4.060000 -84.730003 39.680000
v 3.940000 -86.260002 39.830002
v 3.300000 -86.029999 38.549999
v 6.020000 -84.820000 42.000000
v 3.980000 -87.540001 37.730000
v 3.030000 -89.260002 37.980000
v 2.660000 -91.099998 37.680000
v 2.290000 -91.050003 36.080002
v 2.160000 -90.690002 35.310001
v 2.450000 -90.540001 34.470001
v 7.560000 -81.389999 42.580002
v 8.370000 -81.139999 43.009998
v 7.360000 -82.870003 42.759998
v 8.150000 -82.599998 43.240002
v 7.180000 -84.889999 43.000000
v 8.240000 -84.389999 43.709999
v 13.610000 -67.930000 42.660000
v 14.530000 -69.150002 43.009998
v 15.760000 -67.430000 42.869999
v 17.690001 -67.260002 43.340000
v 17.450001 -65.830002 42.830002
v 10.100000 -81.459999 43.970001
v 11.190000 -81.040001 44.419998
v 11.250000 -80.070000 44.070000
v 12.190000 -79.389999 44.119999
v 11.300000 -78.489998 43.740002
v 12.000000 -77.099998 43.250000
v 13.120000 -76.809998 44.150002
v 13.530000 -75.040001 44.259998
v 13.640000 -73.750000 43.900002
v 13.980000 -72.169998 43.560001
v 14.510000 -70.730003 43.139999
v 13.680000 -70.599998 42.790001
v 1.910000 -91.790001 35.049999
v 1.870000 -93.839996 35.430000
v 1.590000 -94.019997 33.439999
v 1.620000 -93.709999 32.150002
v 1.730000 -95.370003 31.660000
v 1.630000 -95.330002 30.469999
v 1.970000 -95.349998 29.430000
v 2.140000 -95.169998 28.530001
v 2.410000 -95.599998 27.610001
v 2.950000 -95.389999 26.760000
v 3.880000 -95.199997 25.430000
v 4.520000 -94.809998 24.240000
v 5.670000 -95.720001 23.000000
v 6.410000 -95.820000 22.100000
v 6.790000 -95.230003 21.379999
v 7.900000 -95.250000 20.010000
v 8.790000 -95.120003 18.580000
v 9.830000 -95.580002 17.230000
v 10.120000 -95.150002 16.700001
v 11.060000 -95.570000 15.320000
v 11.870000 -95.379997 14.090000
v 12.720000 -95.220001 12.960000
v 13.710000 -95.059998 11.770000
v 15.020000 -95.269997 10.960000
v 16.719999 -95.500000 10.190000
v 17.830000 -95.339996 9.660000
v 19.459999 -95.110001 9.150000
v 21.010000 -94.779999 8.620000
v 20.469999 -93.669998 8.590000
v 21.190001 -93.699997 8.530000
v 22.559999 -93.849998 8.560000
v 24.930000 -93.309998 8.760000
v 24.900000 -91.709999 8.430000
v 25.270000 -90.330002 8.230000
v 24.469999 -89.320000 7.750000
v 25.160000 -87.059998 7.180000
v 24.840000 -85.559998 6.630000
v 24.680000 -84.139999 6.100000
v 23.680000 -83.459999 5.880000
v 22.870001 -81.919998 5.310000
v 24.809999 -81.919998 5.250000
v 24.730000 -80.220001 4.440000
v 26.730000 -80.230003 4.410000
v 29.219999 -79.610001 4.220000
v 29.340000 -77.870003 2.680000
v 28.820000 -76.500000 1.930000
v 29.510000 -74.820000 1.060000
v 29.070000 -73.529999 0.780000
v 28.540001 -72.449997 0.480000
v 28.850000 -70.330002 0.330000
v 28.559999 -69.160004 0.220000
v 30.270000 -67.889999 0.180000
v 30.700001 -65.379997 0.080000
v 30.420000 -64.110001 0.060000
v 32.040001 -62.799999 0.050000
v 31.709999 -61.439999 0.060000
v 33.310001 -60.150002 0.040000
v 33.700001 -57.619999 0.030000
v 33.380001 -56.369999 0.030000
v 35.009998 -55.029999 0.010000
v 34.639999 -53.730000 -0.010000
v 36.290001 -52.430000 -0.040000
v 37.130001 -50.660000 -0.030000
v 37.980000 -48.919998 -0.070000
v 38.880001 -47.160000 -0.100000
v 39.849998 -45.220001 -0.120000
v 39.619999 -44.180000 -0.130000
v 41.540001 -43.040001 -0.160000
v 42.259998 -41.310001 -0.140000
v 43.180000 -39.529999 -0.100000
v 44.400002 -37.549999 -0.080000
v 44.750000 -35.900002 -0.080000
v 45.049999 -34.360001 -0.070000
v 44.369999 -33.669998 -0.060000
v 46.070000 -31.709999 -0.060000
v 45.450001 -30.320000 -0.060000
v 46.950001 -28.650000 -0.050000
v 46.580002 -26.889999 -0.040000
v 45.660000 -26.139999 -0.040000
v 46.279999 -24.309999 -0.040000
v 45.470001 -22.230000 -0.020000
v 44.779999 -21.129999 -0.010000
v 44.320000 -19.940001 -0.030000
v 44.080002 -17.379999 -0.040000
v 43.360001 -15.970000 -0.080000
v 44.490002 -14.600000 -0.080000
v 43.860001 -12.860000 -0.130000
v 43.020000 -12.260000 -0.180000
v 42.450001 -10.390000 -0.180000
v 42.540001 -8.160000 -0.220000
v 41.919998 -6.500000 -0.220000
v 40.680000 -5.920000 -0.230000
v 41.509998 -4.310000 -0.190000
v 40.549999 -2.070000 -0.070000
v 40.349998 -0.350000 0.060000
v 39.810001 0.940000 0.320000
v 39.169998 2.520000 0.470000
v 38.599998 3.980000 0.550000
v 38.180000 5.090000 0.620000
v 37.857388 6.879622 0.769891
v 37.651936 8.988983 0.833723
v 36.560001 10.060000 0.720000
v 34.000000 11.460000 1.000000
v 33.953289 12.964381 1.349179
v 32.846241 14.007487 2.378064
v 32.410549 15.794499 2.836787
v 32.445713 17.558573 3.622283
v 25.616079 17.470358 12.421029
v 25.856024 16.041233 12.875231
v 24.870001 23.760000 9.640000
v 25.100000 22.250000 10.160000
v 25.230000 21.059999 10.380000
v 25.299999 21.020000 12.520000
v 25.430000 19.020000 12.960000
v 22.410000 34.340000 5.150000
v 23.389999 32.680000 7.220000
v 23.549999 31.520000 7.550000
v 24.020000 31.559999 9.700000
v 24.590000 29.670000 10.790000
v 25.059999 28.410000 11.530000
v 24.780001 26.610001 12.540000
v 24.910000 25.340000 12.550000
v 25.180000 24.070000 12.460000
v 25.100000 23.959999 10.980000
v 19.260000 36.060001 0.600000
v 18.500000 33.389999 0.400000
v 17.590000 31.709999 0.350000
v 17.990000 30.600000 0.560000
v 16.410000 30.469999 0.530000
v 14.390000 29.889999 0.580000
v 12.540000 29.959999 1.180000
v 13.350000 31.629999 1.060000
v 11.080000 32.060001 1.960000
v 10.500000 31.799999 2.810000
v 9.950000 31.750000 3.670000
v 9.090000 31.730000 4.940000
v 8.790000 31.830000 6.720000
v 8.435592 31.960835 8.267766
v 8.293309 31.686840 9.299022
v 8.081805 31.569332 10.744001
v 8.226406 31.583399 12.544544
v 8.613166 31.974262 14.184491
v 9.004013 31.558739 15.038121
v 9.641250 31.198185 16.205778
v 9.752421 30.274776 16.573973
v -8.766319 30.292488 1.259359
v -10.889834 30.622145 0.567142
v -12.510000 30.280001 0.310000
v -14.480000 30.150000 0.420000
v -16.360001 30.180000 0.670000
v -18.020000 30.450001 1.070000
v -18.930000 29.990000 1.420000
v -22.070000 31.889999 4.210000
v -22.690001 31.740000 5.550000
v -23.139999 31.879999 7.510000
v -23.719999 31.879999 9.440000
v -23.500000 31.559999 10.580000
v -22.600000 31.740000 12.480000
v -21.709999 31.870001 14.160000
v -20.969999 31.430000 14.490000
v -19.719999 31.590000 15.310000
v -18.430000 31.600000 15.830000
v -16.879999 31.500000 15.660000
v -19.809999 31.660000 1.710000
v -20.950001 31.690001 2.760000
v 24.059999 22.950001 15.180000
v 23.540001 23.450001 15.800000
v 23.450001 25.309999 15.410000
v 22.260000 25.590000 16.540001
v 22.090000 27.129999 16.530001
v 20.830000 27.379999 17.490000
v 20.190001 27.090000 17.830000
v 19.510000 28.570000 17.860001
v 17.889999 28.660000 18.340000
v 16.660000 28.200001 18.920000
v 25.049999 22.480000 13.680000
v 24.590000 24.150000 14.070000
v 10.652341 30.116013 17.459473
v 10.463777 31.056797 17.225910
v 11.889756 30.028093 18.078224
v 11.526989 31.060982 17.891371
v 13.832764 29.985098 18.375139
v 12.893968 31.103624 18.216480
v 16.160000 30.030001 18.440001
v 14.799303 30.007933 18.447300
v -8.142373 36.720364 9.120845
v -8.529910 37.702374 7.515373
v -8.300000 36.430000 10.640000
v -9.000000 36.320000 11.880000
v -10.170000 36.439999 12.940000
v -11.030000 35.889999 14.080000
v -10.210000 34.560001 14.380000
v -10.280000 33.590000 15.100000
v -9.250000 33.150002 14.570000
v -11.880000 32.950001 16.180000
v -12.830000 31.670000 16.559999
v -14.710000 32.150002 16.590000
v 37.761944 -2.217230 22.017744
v 38.326473 -0.308608 21.037977
v 37.504208 0.628584 20.888403
v 36.536713 2.069488 20.640024
v 35.699265 2.178230 20.342205
v 34.737717 2.177405 20.183098
v 34.288296 3.220005 19.961981
v 34.310509 5.095464 19.290716
v 33.502640 5.731601 18.668741
v 33.823231 6.876479 18.558273
v 32.209251 6.736402 17.705572
v 31.779432 5.915025 17.896755
v 31.499779 7.039803 16.574600
v 32.263592 8.217631 16.752766
v 32.132538 9.926407 15.460003
v 33.150002 -49.220001 35.799999
v 34.360001 -48.430000 35.029999
v 34.490002 -46.939999 34.509998
v 34.070000 -45.830002 34.310001
v 19.250000 -65.599998 43.209999
v 19.410000 -64.190002 42.700001
v 20.480000 -64.099998 43.020000
v 20.610001 -63.009998 42.889999
v 21.790001 -63.360001 42.970001
v 23.230000 -64.519997 43.330002
v 24.920000 -63.880001 42.889999
v 25.969999 -62.730000 42.360001
v 25.690001 -61.680000 42.180000
v 27.139999 -61.680000 41.730000
v 28.350000 -59.970001 40.740002
v 29.770000 -57.990002 39.709999
v 28.370001 -57.790001 39.849998
v 30.280001 -56.169998 39.009998
v 30.209999 -54.939999 38.650002
v 30.100000 -53.480000 38.299999
v 31.500000 -53.250000 37.810001
v 32.259998 -51.639999 37.009998
v 32.209999 -50.410000 36.610001
v 35.700001 -45.750000 33.709999
v 36.049999 -44.360001 33.130001
v 36.439999 -43.029999 32.490002
v 38.130001 -42.439999 31.580000
v 38.349998 -40.840000 31.020000
v 38.549999 -39.320000 30.610001
v 38.880001 -37.720001 30.080000
v 39.130001 -36.049999 29.660000
v 38.919998 -34.790001 29.549999
v 38.860001 -33.730000 29.379999
v 40.380001 -33.290001 28.750000
v 41.299999 -31.410000 28.260000
v 40.709999 -30.360001 28.290001
v 41.150002 -28.969999 27.930000
v 41.200001 -27.100000 27.700001
v 40.310001 -27.150000 28.160000
v 40.869999 -25.809999 27.700001
v 41.150002 -24.160000 27.510000
v 41.540001 -22.379999 26.870001
v 41.029999 -20.969999 26.660000
v 41.900002 -19.610001 26.370001
v 40.580002 -19.180000 26.120001
v 40.450001 -17.969999 26.120001
v 40.279999 -16.440001 25.690001
v 40.040001 -14.790000 25.370001
v 39.599998 -13.330000 25.160000
v 38.580002 -13.300000 25.389999
v 38.860001 -12.250000 25.070000
v 39.500000 -10.360000 24.330000
v 38.810001 -8.410000 24.120001
v 39.169998 -6.810000 23.650000
v 38.270000 -6.460000 23.430000
v 39.130001 -4.180000 22.510000
v 38.265114 -3.004122 22.440933
v 5.600000 -86.519997 42.099998
v 4.720000 -86.379997 40.990002
v 4.590000 -87.900002 41.130001
v 3.880000 -87.730003 40.090000
v 3.340000 -87.629997 39.270000
v 7.220000 -86.540001 43.360001
v 3.820000 -89.239998 39.990002
v 3.170000 -91.129997 39.720001
v 2.910000 -92.480003 39.540001
v 2.570000 -92.739998 37.750000
v 2.340000 -92.330002 36.380001
v 9.540000 -82.750000 44.119999
v 9.300000 -84.010002 44.430000
v 8.160000 -85.919998 43.930000
v 9.210000 -86.169998 44.740002
v 10.260000 -85.599998 45.439999
v 15.450000 -70.620003 43.980000
v 15.850000 -69.209999 43.770000
v 16.530001 -67.940002 43.880001
v 17.330000 -68.570000 43.650002
v 18.250000 -68.699997 44.060001
v 18.389999 -67.650002 44.209999
v 19.670000 -67.320000 43.959999
v 10.960000 -83.050003 44.840000
v 12.050000 -82.500000 44.709999
v 12.880000 -80.959999 45.099998
v 13.470000 -79.360001 45.009998
v 13.140000 -78.230003 44.700001
v 14.270000 -77.040001 44.810001
v 14.650000 -75.260002 44.200001
v 14.930000 -73.709999 44.360001
v 14.910000 -72.430000 44.139999
v 2.700000 -93.519997 36.340000
v 2.230000 -94.029999 37.430000
v 2.060000 -95.769997 36.759998
v 1.880000 -95.690002 34.709999
v 1.640000 -95.190002 33.520000
v 1.850000 -96.940002 32.889999
v 1.850000 -97.230003 30.670000
v 1.950000 -96.540001 29.520000
v 2.680000 -96.839996 27.809999
v 3.590000 -96.849998 26.420000
v 4.490000 -96.779999 25.150000
v 5.640000 -96.739998 23.440001
v 6.930000 -97.150002 21.969999
v 7.740000 -96.970001 20.860001
v 8.720000 -96.860001 19.809999
v 9.430000 -96.760002 18.490000
v 10.130000 -96.739998 17.090000
v 10.830000 -96.650002 15.830000
v 11.710000 -97.070000 14.570000
v 12.350000 -96.870003 13.680000
v 13.270000 -96.699997 12.620000
v 13.990000 -96.480003 11.660000
v 15.520000 -96.610001 10.790000
v 17.290001 -97.269997 9.960000
v 18.480000 -97.110001 9.600000
v 19.719999 -96.529999 9.360000
v 21.940001 -96.419998 8.690000
v 22.490000 -95.199997 8.690000
v 24.340000 -95.559998 9.030000
v 26.520000 -94.760002 9.470000
v 25.940001 -93.599998 9.110000
v 26.379999 -92.709999 9.120000
v 26.450001 -91.120003 8.760000
v 27.440001 -88.949997 8.390000
v 26.879999 -87.440002 7.650000
v 27.059999 -85.510002 6.920000
v 26.510000 -84.510002 6.430000
v 25.770000 -83.470001 5.930000
v 27.139999 -81.900002 5.360000
v 29.280001 -81.410004 5.400000
v 31.090000 -80.889999 5.260000
v 31.160000 -79.599998 4.440000
v 31.190001 -78.089996 3.110000
v 31.540001 -76.389999 1.830000
v 30.610001 -75.519997 1.370000
v 31.389999 -73.629997 0.640000
v 31.320000 -71.980003 0.460000
v 30.420000 -70.680000 0.330000
v 30.440001 -69.190002 0.200000
v 32.189999 -67.940002 0.090000
v 32.680000 -65.379997 0.040000
v 32.410000 -64.129997 0.020000
v 34.020000 -62.790001 0.010000
v 33.669998 -61.450001 -0.010000
v 35.310001 -60.139999 -0.020000
v 35.709999 -57.610001 0.000000
v 35.400002 -56.369999 0.010000
v 37.070000 -55.049999 -0.050000
v 36.669998 -53.730000 -0.030000
v 38.340000 -52.439999 -0.060000
v 39.119999 -50.669998 -0.090000
v 39.990002 -48.950001 -0.090000
v 40.790001 -47.259998 -0.080000
v 41.639999 -45.619999 -0.090000
v 42.650002 -43.910000 -0.150000
v 43.520000 -42.490002 -0.200000
v 44.230000 -41.200001 -0.140000
v 45.060001 -39.619999 -0.110000
v 45.980000 -37.959999 -0.060000
v 46.980000 -36.430000 -0.060000
v 46.930000 -35.230000 -0.050000
v 47.160000 -33.290001 -0.060000
v 48.119999 -31.270000 -0.060000
v 47.549999 -30.049999 -0.050000
v 48.959999 -28.530001 -0.060000
v 48.580002 -26.820000 -0.050000
v 47.520000 -26.080000 -0.050000
v 48.520000 -24.059999 -0.040000
v 47.549999 -22.090000 -0.040000
v 46.509998 -21.110001 -0.020000
v 45.759998 -19.969999 0.050000
v 46.209999 -18.170000 0.000000
v 45.330002 -16.219999 -0.070000
v 46.470001 -14.670000 -0.070000
v 45.619999 -12.770000 -0.090000
v 44.810001 -12.280000 -0.120000
v 44.290001 -10.690000 -0.160000
v 44.130001 -8.570000 -0.210000
v 43.619999 -6.630000 -0.210000
v 42.610001 -5.440000 -0.210000
v 43.380001 -4.310000 -0.190000
v 42.650002 -2.050000 0.010000
v 41.990002 -0.310000 0.240000
v 41.689999 0.820000 0.430000
v 41.176723 2.374805 0.799736
v 40.579170 4.243130 1.071203
v 39.568665 4.848743 0.884174
v 39.459999 6.530000 1.060000
v 39.470001 8.450000 1.200000
v 38.409214 10.237850 0.908447
v 37.653679 10.886249 0.851076
v 36.779369 12.792163 0.913363
v 35.279999 13.030000 1.040000
v 35.321602 14.669558 1.246396
v 33.784153 15.329280 1.785710
v 33.006653 15.719474 2.156646
v 33.390694 17.148075 2.262253
v 33.561375 19.050470 2.952392
v 32.761444 19.281813 4.259440
v 32.219666 12.326302 14.875013
v 25.250000 22.809999 11.300000
v 25.250000 22.549999 12.560000
v 22.400000 36.630001 4.900000
v 23.170000 35.869999 6.330000
v 23.309999 34.770000 6.570000
v 23.920000 33.639999 8.630000
v 24.230000 32.820000 11.320000
v 24.299999 31.670000 11.170000
v 24.180000 30.559999 12.530000
v 24.760000 28.870001 12.490000
v 24.299999 27.450001 14.090000
v 24.330000 25.870001 14.080000
v 19.382114 38.230755 1.421671
v 17.580000 37.430000 0.110000
v 17.570000 35.889999 0.030000
v 18.070000 34.779999 0.260000
v 16.870001 33.779999 0.100000
v 15.660000 31.980000 0.300000
v 14.640000 33.450001 0.280000
v 12.590000 33.439999 0.910000
v 11.560000 33.110001 1.640000
v 10.230000 33.709999 2.610000
v 9.740000 33.090000 3.560000
v 9.110000 33.180000 5.110000
v 8.670000 33.270000 6.600000
v 8.453341 33.498676 7.972455
v 8.626223 33.313190 8.974266
v 8.364665 33.254272 10.460573
v 8.094445 32.561733 10.833611
v 8.261827 33.500324 12.514032
v 8.816369 33.489876 14.582893
v 9.129708 32.856068 15.339765
v 9.812938 32.945000 16.319941
v 10.644624 32.805614 17.229774
v -8.845396 32.130169 1.715905
v -10.802023 32.077339 0.850683
v -13.400000 32.049999 0.310000
v -15.360000 31.660000 0.450000
v -16.719999 31.340000 0.590000
v -18.629999 31.530001 0.880000
v -21.570000 33.290001 2.750000
v -22.559999 33.450001 3.720000
v -23.100000 33.590000 5.390000
v -23.469999 33.349998 7.400000
v -23.830000 33.259998 9.040000
v -24.000000 33.270000 10.570000
v -23.020000 33.290001 12.380000
v -21.799999 33.480000 13.960000
v -20.860001 33.259998 14.490000
v -19.690001 33.020000 15.380000
v -18.190001 33.049999 15.890000
v -17.190001 32.860001 16.059999
v -16.280001 32.830002 16.040001
v -18.500000 33.040001 0.960000
v -20.250000 33.250000 1.860000
v 23.270000 27.120001 15.450000
v 23.020000 28.680000 15.630000
v 21.709999 28.840000 16.750000
v 20.950001 28.410000 17.320000
v 20.320000 30.170000 17.299999
v 18.830000 30.330000 18.030001
v 17.940001 29.850000 18.200001
v 11.385102 32.488106 17.775957
v 12.611235 33.176937 18.111345
v 14.603557 31.675135 18.296370
v 13.609439 32.666584 18.210897
v 17.340000 31.620001 18.110001
v 15.640000 31.690001 18.360001
v -9.079555 38.506207 9.040776
v -9.100000 38.040001 10.530000
v -9.690000 37.540001 11.580000
v -10.760000 37.709999 12.630000
v -11.790000 37.549999 13.680000
v -12.790000 37.340000 14.580000
v -12.460000 35.849998 15.070000
v -11.730000 34.560001 15.270000
v -13.000000 34.540001 15.990000
v -13.470000 33.290001 16.370001
v -14.550000 33.590000 16.450001
v -16.139999 34.270000 16.049999
v 39.329601 -2.381243 21.739161
v 39.538265 -0.775771 21.001814
v 39.776287 0.788601 20.393051
v 39.287205 2.304379 20.121363
v 38.075336 3.365421 20.083220
v 36.525421 4.044782 20.195618
v 35.446747 3.621925 20.102436
v 35.486713 4.778575 19.863354
v 35.939915 5.577972 19.465466
v 35.879623 6.868748 19.144779
v 35.317547 8.583623 18.790749
v 34.030739 8.587139 18.239439
v 33.128181 8.036854 17.790672
v 33.530994 9.768679 17.348183
v 33.205242 11.552163 16.323784
v 33.470001 -50.750000 36.299999
v 35.189999 -50.099998 35.389999
v 35.779999 -48.369999 34.509998
v 35.480000 -47.340000 34.250000
v 20.010000 -66.139999 43.779999
v 21.100000 -65.570000 43.650002
v 21.420000 -64.400002 43.450001
v 22.110001 -64.660004 43.639999
v 22.889999 -65.910004 43.990002
v 23.660000 -65.660004 43.720001
v 24.809999 -65.489998 43.610001
v 26.990000 -65.320000 43.240002
v 26.709999 -63.880001 42.730000
v 27.030001 -62.820000 42.160000
v 28.540001 -62.529999 41.799999
v 28.520000 -61.380001 41.330002
v 30.040001 -61.439999 40.970001
v 29.840000 -59.790001 40.340000
v 31.290001 -59.790001 40.009998
v 32.349998 -57.660000 38.959999
v 31.570000 -56.169998 38.730000
v 31.230000 -54.950001 38.410000
v 32.470001 -54.009998 37.970001
v 33.520000 -52.279999 36.840000
v 37.049999 -46.930000 33.500000
v 36.650002 -45.759998 33.299999
v 37.619999 -44.650002 32.560001
v 39.310001 -43.790001 31.510000
v 39.590000 -42.369999 30.940001
v 39.720001 -41.000000 30.549999
v 39.959999 -39.480000 30.059999
v 40.240002 -37.950001 29.620001
v 40.459999 -36.380001 29.200001
v 40.480000 -35.099998 28.959999
v 39.580002 -34.880001 29.280001
v 42.029999 -34.840000 28.290001
v 42.419998 -32.950001 27.840000
v 42.240002 -31.549999 27.799999
v 42.009998 -29.969999 27.660000
v 41.270000 -30.180000 28.070000
v 41.700001 -28.740000 27.500000
v 42.880001 -27.059999 26.940001
v 42.189999 -25.280001 27.080000
v 41.810001 -24.450001 27.170000
v 42.939999 -22.760000 26.540001
v 42.580002 -21.030001 26.510000
v 41.720001 -20.990000 26.360001
v 43.919998 -19.680000 25.910000
v 43.270000 -17.799999 25.740000
v 41.580002 -18.370001 25.959999
v 41.500000 -19.160000 26.000000
v 41.759998 -16.530001 25.350000
v 41.509998 -14.810000 24.889999
v 41.189999 -13.110000 24.610001
v 40.110001 -12.030000 24.650000
v 41.130001 -11.250000 24.170000
v 40.820000 -9.890000 23.709999
v 40.650002 -8.600000 23.450001
v 39.790001 -8.630000 23.820000
v 40.270000 -7.160000 23.160000
v 40.250000 -5.310000 22.590000
v 39.209999 -5.710000 23.040001
v 40.680000 -3.570000 21.879999
v 40.090000 -2.860000 21.719999
v 5.580000 -88.150002 42.470001
v 6.700000 -87.980003 43.349998
v 5.110000 -89.629997 42.240002
v 4.460000 -89.410004 41.250000
v 7.950000 -88.129997 44.270000
v 9.020000 -87.550003 44.810001
v 4.380000 -90.919998 41.660000
v 3.780000 -91.800003 41.020000
v 3.390000 -93.669998 40.910000
v 2.780000 -94.019997 39.630001
v 2.580000 -93.680000 38.660000
v 10.410000 -84.160004 45.160000
v 10.490000 -87.440002 45.770000
v 11.530000 -87.089996 46.450001
v 11.660000 -85.680000 46.259998
v 11.600000 -84.250000 45.650002
v 16.389999 -72.180000 44.340000
v 17.150000 -70.389999 44.130001
v 16.840000 -69.169998 44.209999
v 19.230000 -70.239998 44.770000
v 19.410000 -68.599998 44.450001
v 20.420000 -67.989998 44.900002
v 21.760000 -67.190002 44.169998
v 20.730000 -66.410004 43.950001
v 12.050000 -83.180000 45.410000
v 13.250000 -83.040001 45.450001
v 13.780000 -81.370003 45.660000
v 14.660000 -79.800003 45.430000
v 14.900000 -78.099998 45.180000
v 15.140000 -76.800003 45.189999
v 14.980000 -76.559998 44.599998
v 15.620000 -75.570000 44.869999
v 15.970000 -73.930000 44.369999
v 2.450000 -95.190002 38.820000
v 2.140000 -97.269997 38.630001
v 2.170000 -97.330002 37.020000
v 2.650000 -97.180000 36.020000
v 2.120000 -96.769997 34.860001
v 2.190000 -98.309998 33.990002
v 1.690000 -98.559998 32.459999
v 1.820000 -98.430000 31.120001
v 2.140000 -98.720001 29.490000
v 2.510000 -97.919998 28.670000
v 3.400000 -98.470001 27.200001
v 4.240000 -98.419998 26.059999
v 4.830000 -98.019997 25.170000
v 6.020000 -98.339996 23.750000
v 6.850000 -98.120003 22.549999
v 7.930000 -98.669998 21.320000
v 8.230000 -98.190002 20.580000
v 9.220000 -98.430000 19.230000
v 9.940000 -98.220001 17.920000
v 10.460000 -97.959999 16.930000
v 11.310000 -98.290001 15.400000
v 11.800000 -97.980003 14.490000
v 12.590000 -98.209999 13.350000
v 13.620000 -98.250000 12.140000
v 15.020000 -97.989998 11.210000
v 17.120001 -98.440002 10.230000
v 18.610001 -98.629997 9.640000
v 19.139999 -98.160004 9.450000
v 20.620001 -98.220001 9.170000
v 23.020000 -97.980003 9.110000
v 23.700001 -96.839996 9.070000
v 25.440001 -97.330002 9.490000
v 26.780001 -96.379997 9.760000
v 27.910000 -95.320000 9.990000
v 28.809999 -93.730003 10.040000
v 27.240000 -93.379997 9.520000
v 27.600000 -92.080002 9.450000
v 27.270000 -91.279999 9.140000
v 28.940001 -89.660004 9.230000
v 29.150000 -87.610001 8.420000
v 28.020000 -87.510002 8.050000
v 29.139999 -85.959999 7.610000
v 28.570000 -84.860001 6.970000
v 27.959999 -83.529999 6.300000
v 29.760000 -83.389999 6.500000
v 31.900000 -82.410004 6.430000
v 32.959999 -80.930000 5.510000
v 32.910000 -79.510002 4.480000
v 32.720001 -78.250000 3.250000
v 33.090000 -76.690002 2.270000
v 33.490002 -75.169998 1.420000
v 32.880001 -73.949997 0.840000
v 33.250000 -71.650002 0.260000
v 33.160000 -70.059998 0.180000
v 32.470001 -69.430000 0.100000
v 34.290001 -67.900002 0.040000
v 34.669998 -65.370003 0.000000
v 34.389999 -64.129997 -0.010000
v 36.049999 -62.770000 -0.050000
v 35.669998 -61.459999 -0.050000
v 37.360001 -60.139999 -0.070000
v 37.779999 -57.599998 -0.070000
v 37.470001 -56.389999 -0.030000
v 39.139999 -55.040001 -0.080000
v 38.700001 -53.730000 -0.070000
v 40.400002 -52.439999 -0.120000
v 41.160000 -50.660000 -0.090000
v 41.950001 -48.919998 -0.080000
v 42.770000 -47.230000 -0.120000
v 43.459999 -45.709999 -0.110000
v 44.230000 -44.290001 -0.150000
v 45.220001 -42.740002 -0.130000
v 46.090000 -41.209999 -0.150000
v 46.930000 -39.680000 -0.130000
v 47.770000 -38.049999 -0.080000
v 48.520000 -36.500000 -0.050000
v 49.020000 -34.869999 -0.010000
v 49.330002 -33.189999 -0.040000
v 49.770000 -31.250000 -0.060000
v 49.470001 -29.940001 -0.060000
v 50.930000 -28.500000 -0.020000
v 50.580002 -26.809999 -0.050000
v 49.480000 -26.040001 -0.040000
v 50.500000 -24.020000 -0.020000
v 49.570000 -22.040001 -0.030000
v 48.560001 -21.010000 -0.030000
v 47.610001 -19.930000 -0.010000
v 48.490002 -18.059999 -0.050000
v 47.419998 -16.410000 -0.050000
v 48.509998 -14.680000 -0.080000
v 47.590000 -12.740000 -0.090000
v 46.560001 -11.740000 -0.100000
v 45.750000 -10.700000 -0.120000
v 46.360001 -8.890000 -0.110000
v 45.459999 -6.710000 -0.170000
v 44.430000 -5.490000 -0.170000
v 45.299999 -4.320000 -0.100000
v 44.619999 -2.490000 0.090000
v 44.490002 -0.490000 0.350000
v 43.639999 0.340000 0.400000
v 43.040001 1.800000 0.930000
v 42.905598 3.979042 1.771831
v 41.830002 4.970000 1.670000
v 40.990002 6.450000 1.550000
v 39.034405 11.969315 1.102075
v 38.140026 14.805892 0.971096
v 36.680866 14.726029 1.047570
v 36.450001 16.590000 1.120000
v 34.330002 17.219999 1.500000
v 34.730000 18.879999 1.730000
v 34.639999 20.600000 2.520000
v 33.706707 20.712229 3.835624
v 32.973251 20.617720 5.366970
v 33.234875 13.260518 16.050892
v 32.826561 15.019878 15.374093
v 22.088512 40.364639 5.378206
v 23.420000 37.529999 7.480000
v 23.559999 35.980000 7.450000
v 23.600000 35.090000 7.490000
v 24.000000 35.349998 8.860000
v 24.000000 34.830002 10.810000
v 23.799999 34.250000 12.730000
v 24.040001 33.099998 12.340000
v 24.049999 32.220001 12.980000
v 23.330000 31.459999 14.240000
v 23.430000 30.030001 14.490000
v 23.959999 28.860001 14.440000
v 24.340000 28.900000 13.420000
v 18.989916 40.931313 1.560637
v 16.587013 39.122643 0.262211
v 15.690000 37.590000 0.170000
v 15.770000 36.310001 0.210000
v 15.730000 34.950001 0.180000
v 13.730000 35.330002 0.430000
v 12.440000 34.639999 0.900000
v 10.650000 34.869999 2.010000
v 9.480000 35.090000 3.330000
v 9.170000 34.759998 4.310000
v 8.760000 34.470001 5.160000
v 8.549504 34.648834 6.692232
v 8.328466 34.744385 8.222683
v 8.559112 34.750256 9.531411
v 8.467671 34.753124 10.696731
v 8.125836 34.915607 12.109015
v 8.275358 35.354176 13.611067
v 8.868185 35.257450 14.913853
v 9.461543 34.996613 15.932615
v 9.709505 34.170288 16.196589
v 10.922112 34.801964 17.342527
v 11.686007 33.947811 17.832317
v -10.355557 34.170444 1.460682
v -13.107352 33.781605 0.442514
v -15.260000 33.660000 0.280000
v -16.540001 33.099998 0.270000
v -21.059999 35.020000 2.060000
v -22.430000 34.959999 3.050000
v -22.840000 34.560001 3.780000
v -23.430000 34.860001 5.450000
v -24.049999 34.980000 7.450000
v -24.410000 34.950001 9.400000
v -24.410000 34.580002 10.770000
v -23.309999 35.029999 12.520000
v -22.250000 35.049999 13.510000
v -21.320000 34.770000 14.040000
v -20.160000 34.759998 15.100000
v -19.100000 34.680000 15.490000
v -18.090000 34.380001 15.860000
v -17.559999 34.820000 0.500000
v -19.469999 34.820000 1.030000
v 22.610001 30.700001 15.540000
v 21.750000 30.020000 16.389999
v 21.110001 31.790001 16.629999
v 19.730000 31.920000 17.379999
v 18.900000 31.459999 17.870001
v 14.391255 34.437157 18.267672
v 12.807007 36.065987 18.158421
v 15.600000 33.230000 18.100000
v 18.590000 33.150002 17.690001
v 17.240000 33.180000 18.030001
v -9.555388 39.784473 7.638030
v -10.018153 40.083733 9.223686
v -10.150000 39.520000 10.310000
v -10.640000 39.380001 11.180000
v -11.460000 39.250000 12.240000
v -12.420000 39.000000 13.430000
v -13.670000 38.869999 14.370000
v -14.380000 37.410000 15.070000
v -14.150000 35.830002 15.500000
v -14.450000 34.580002 16.040001
v -15.910000 36.630001 15.600000
v -17.860001 36.020000 15.540000
v 41.169998 -1.320000 20.700001
v 40.820000 0.650000 20.170000
v 40.820000 2.260000 19.700001
v 40.695957 4.285765 19.292585
v 39.088421 4.944554 19.508329
v 37.309910 5.250329 19.674580
v 36.232651 4.979855 19.868280
v 36.747066 6.267224 19.428270
v 37.991676 7.041877 19.248737
v 36.982285 8.392791 19.037947
v 36.541271 9.819181 18.852707
v 35.356461 9.742481 18.672962
v 34.594269 9.545631 18.342205
v 34.354008 11.369967 17.130280
v 35.293049 10.740374 18.214273
v 34.272869 12.624132 16.709805
v 34.410000 -50.980000 36.220001
v 35.290001 -52.360001 36.150002
v 36.540001 -51.799999 35.419998
v 36.919998 -50.220001 34.779999
v 36.849998 -48.959999 34.310001
v 23.809999 -67.519997 44.500000
v 24.450001 -66.209999 44.189999
v 25.730000 -67.190002 44.259998
v 28.100000 -67.080002 43.880001
v 28.709999 -65.470001 43.000000
v 28.290001 -64.589996 42.790001
v 28.030001 -63.360001 42.630001
v 29.299999 -64.129997 42.320000
v 30.090000 -62.900002 41.639999
v 30.570000 -62.360001 41.250000
v 31.629999 -62.680000 41.070000
v 31.430000 -61.220001 40.520000
v 32.830002 -60.970001 40.000000
v 33.400002 -59.209999 39.110001
v 33.990002 -57.650002 38.380001
v 33.919998 -56.240002 37.970001
v 32.980000 -55.619999 38.139999
v 34.590000 -54.000000 37.020000
v 38.520000 -48.610001 33.500000
v 38.650002 -46.990002 32.849998
v 38.220001 -46.080002 32.750000
v 39.520000 -45.759998 32.049999
v 40.570000 -44.520000 31.180000
v 40.869999 -42.759998 30.520000
v 40.990002 -41.200001 30.059999
v 41.330002 -39.660000 29.570000
v 41.599998 -38.060001 29.080000
v 41.910000 -36.650002 28.610001
v 43.250000 -36.369999 28.110001
v 43.660000 -34.529999 27.559999
v 43.630001 -33.279999 27.400000
v 43.750000 -31.620001 27.129999
v 43.470001 -30.000000 27.070000
v 42.889999 -28.820000 27.150000
v 44.459999 -28.270000 26.459999
v 44.799999 -26.590000 26.139999
v 44.099998 -25.129999 26.280001
v 43.380001 -24.549999 26.500000
v 44.630001 -22.930000 25.860001
v 44.860001 -21.090000 26.000000
v 45.880001 -19.500000 25.670000
v 45.570000 -17.799999 25.059999
v 44.340000 -17.900000 25.370001
v 44.450001 -16.370001 24.930000
v 43.110001 -16.340000 25.139999
v 43.040001 -14.720000 24.559999
v 42.189999 -13.500000 24.190001
v 42.830002 -12.130000 24.080000
v 42.330002 -10.130000 23.520000
v 42.009998 -8.540000 22.980000
v 41.639999 -7.040000 22.590000
v 41.650002 -5.230000 21.910000
v 41.099998 -4.240000 21.830000
v 41.820000 -2.940000 20.969999
v 6.270000 -89.410004 43.400002
v 7.810000 -89.480003 44.410000
v 5.880000 -91.110001 43.340000
v 5.070000 -90.930000 42.480000
v 9.290000 -89.430000 45.279999
v 10.870000 -89.309998 46.230000
v 4.990000 -92.110001 42.700001
v 4.460000 -93.680000 42.189999
v 3.730000 -95.389999 41.490002
v 3.210000 -95.160004 40.720001
v 2.680000 -95.110001 39.970001
v 11.990000 -88.720001 46.959999
v 13.010000 -87.099998 46.910000
v 12.870000 -85.870003 46.639999
v 12.670000 -84.660004 46.180000
v 17.280001 -73.849998 45.009998
v 17.700001 -71.940002 44.860001
v 17.420000 -70.980003 44.680000
v 19.139999 -72.480003 45.119999
v 21.299999 -71.610001 45.340000
v 20.930000 -70.150002 45.060001
v 20.730000 -69.389999 44.939999
v 22.330000 -69.169998 45.009998
v 14.010000 -84.250000 46.320000
v 14.440000 -82.660004 46.160000
v 14.730000 -81.419998 45.860001
v 15.100000 -80.230003 46.080002
v 16.250000 -79.650002 45.990002
v 15.520000 -78.500000 45.750000
v 16.370001 -76.980003 45.209999
v 16.780001 -75.330002 45.099998
v 3.010000 -96.470001 40.500000
v 2.850000 -98.449997 40.369999
v 2.060000 -98.750000 39.020000
v 1.880000 -98.510002 38.049999
v 1.750000 -98.449997 37.189999
v 2.490000 -98.419998 36.220001
v 2.430000 -98.339996 35.360001
v 2.420000 -99.449997 35.209999
v 2.240000 -99.519997 33.389999
v 2.000000 -99.510002 31.969999
v 1.660000 -99.510002 31.150000
v 1.830000 -99.589996 30.120001
v 2.330000 -99.440002 28.940001
v 3.200000 -99.580002 27.480000
v 4.380000 -99.459999 26.080000
v 4.930000 -99.519997 25.360001
v 5.850000 -99.639999 24.490000
v 6.780000 -99.570000 23.309999
v 7.690000 -99.529999 22.270000
v 8.440000 -99.470001 21.000000
v 9.330000 -99.610001 19.559999
v 9.980000 -99.570000 18.500000
v 10.490000 -99.580002 17.370001
v 11.330000 -99.610001 15.700000
v 11.880000 -99.519997 14.560000
v 12.510000 -99.550003 13.280000
v 13.530000 -99.519997 11.940000
v 14.870000 -99.459999 11.060000
v 16.690001 -99.550003 10.390000
v 17.820000 -99.510002 10.010000
v 18.969999 -99.570000 9.580000
v 20.700001 -99.610001 8.910000
v 22.660000 -99.500000 8.910000
v 24.840000 -99.410004 9.500000
v 24.940001 -98.360001 9.500000
v 26.389999 -98.669998 9.910000
v 27.690001 -97.959999 10.250000
v 28.500000 -96.470001 10.320000
v 28.959999 -95.169998 10.260000
v 30.700001 -95.089996 10.750000
v 31.100000 -93.260002 10.740000
v 30.340000 -92.070000 10.350000
v 28.969999 -92.239998 9.930000
v 29.180000 -91.129997 9.790000
v 30.740000 -90.260002 9.930000
v 31.320000 -88.660004 9.610000
v 30.660000 -87.620003 8.930000
v 30.790001 -86.040001 8.200000
v 30.580000 -84.839996 7.520000
v 32.410000 -84.150002 7.760000
v 34.189999 -82.489998 7.360000
v 33.480000 -81.540001 6.240000
v 34.889999 -80.260002 5.630000
v 35.150002 -78.209999 3.770000
v 34.680000 -77.019997 2.470000
v 35.029999 -75.169998 1.600000
v 35.040001 -73.510002 0.900000
v 35.180000 -71.629997 0.290000
v 35.130001 -70.019997 0.120000
v 34.470001 -69.419998 0.070000
v 36.320000 -67.900002 0.020000
v 36.720001 -65.360001 -0.030000
v 36.380001 -64.099998 -0.040000
v 38.110001 -62.790001 -0.110000
v 37.700001 -61.459999 -0.070000
v 39.389999 -60.169998 -0.100000
v 39.950001 -57.669998 -0.100000
v 39.549999 -56.349998 -0.100000
v 41.279999 -54.930000 -0.120000
v 40.799999 -53.709999 -0.150000
v 42.459999 -52.480000 -0.150000
v 43.119999 -50.700001 -0.120000
v 43.939999 -48.939999 -0.120000
v 44.779999 -47.160000 -0.090000
v 45.590000 -45.360001 -0.120000
v 45.450001 -44.490002 -0.110000
v 46.930000 -43.250000 -0.140000
v 47.930000 -41.389999 -0.140000
v 48.779999 -39.750000 -0.080000
v 49.669998 -38.180000 -0.060000
v 50.459999 -36.549999 -0.020000
v 50.900002 -34.889999 0.010000
v 51.520000 -32.990002 0.030000
v 51.570000 -31.340000 -0.040000
v 51.400002 -30.020000 -0.040000
v 52.959999 -28.540001 0.030000
v 52.660000 -26.750000 -0.040000
v 51.490002 -26.020000 -0.030000
v 52.500000 -23.940001 0.010000
v 51.599998 -22.030001 -0.010000
v 50.570000 -20.990000 -0.030000
v 49.580002 -19.940001 -0.030000
v 50.490002 -18.010000 -0.050000
v 49.480000 -16.360001 -0.050000
v 50.490002 -14.720000 -0.100000
v 49.599998 -12.720000 -0.120000
v 48.540001 -11.680000 -0.100000
v 47.590000 -10.650000 -0.120000
v 48.500000 -8.670000 -0.100000
v 47.759998 -7.060000 -0.050000
v 47.119999 -5.290000 -0.030000
v 46.709999 -3.490000 0.040000
v 45.750000 -2.830000 0.120000
v 46.427002 -1.013146 0.493038
v 45.580914 1.058952 0.975018
v 44.709999 1.760000 0.970000
v 44.844696 3.631130 2.185319
v 43.639999 5.510000 3.030000
v 42.740002 5.460000 2.250000
v 43.450001 6.650000 3.110000
v 40.320000 14.070000 1.090000
v 39.487064 16.687317 0.868085
v 38.180000 16.500000 0.930000
v 38.049999 18.059999 0.930000
v 36.320000 18.219999 1.220000
v 36.500000 19.690001 1.310000
v 35.410000 20.360001 1.830000
v 36.070000 22.129999 1.950000
v 34.529999 22.330000 3.410000
v 33.891724 22.309589 5.046746
v 33.162613 22.023783 7.107964
v 34.008263 14.775629 16.630930
v 32.837963 17.238867 15.007325
v 33.253792 16.471434 15.838129
v 33.761520 16.234900 16.422419
v 21.974619 43.991882 5.655211
v 22.864838 41.812218 7.194726
v 23.230000 40.650002 7.490000
v 23.240000 39.500000 7.440000
v 23.740000 39.099998 9.230000
v 23.780001 37.540001 9.090000
v 23.889999 36.750000 8.990000
v 24.170000 36.730000 10.650000
v 23.559999 36.290001 12.460000
v 23.080000 35.900002 14.160000
v 23.309999 34.330002 13.810000
v 23.530001 33.570000 13.570000
v 22.799999 33.470001 14.730000
v 22.750000 31.900000 15.110000
v 16.250370 41.549248 0.291690
v 14.729028 40.171906 0.116276
v 15.240000 39.290001 0.080000
v 14.220000 38.349998 0.220000
v 14.270000 36.740002 0.270000
v 12.330000 36.810001 0.710000
v 10.950000 36.279999 1.490000
v 9.510000 36.730000 2.840000
v 9.030000 36.369999 3.830000
v 8.720000 36.049999 4.860000
v 8.479863 36.013100 6.413964
v 8.166181 36.177555 8.444036
v 8.000977 35.972099 9.672435
v 8.433936 35.976521 10.699190
v 7.998874 36.259846 11.829833
v 8.071093 36.510845 13.382337
v 8.716675 36.747322 15.027998
v 9.227419 36.441265 15.821368
v 9.814718 36.280720 16.506777
v 10.291107 35.657413 16.980680
v 11.479834 37.648628 17.976328
v -12.045683 36.213367 0.989532
v -12.386704 34.861313 0.712853
v -13.853594 35.396717 0.416154
v -15.520000 34.720001 0.190000
v -19.850000 36.509998 1.170000
v -21.870001 36.759998 1.930000
v -22.629999 36.560001 2.770000
v -22.780001 36.060001 3.450000
v -23.530001 36.090000 5.050000
v -24.450001 36.520000 7.490000
v -24.879999 36.490002 9.340000
v -24.510000 36.189999 10.560000
v -23.750000 36.189999 12.150000
v -22.730000 36.590000 13.180000
v -21.740000 36.669998 13.930000
v -20.520000 36.169998 14.050000
v -20.070000 35.880001 14.680000
v -18.790001 36.099998 15.270000
v -16.021309 36.534538 0.409748
v -17.980000 36.459999 0.630000
v 22.230000 32.029999 15.890000
v 21.590000 33.290001 16.320000
v 20.600000 33.169998 16.799999
v 19.820000 33.009998 17.290001
v 16.080000 35.029999 18.340000
v 15.720000 36.540001 18.320000
v 14.320000 36.270000 18.250000
v 14.340000 37.869999 18.059999
v 12.580000 39.410000 17.900000
v 17.389999 34.639999 18.160000
v 19.959999 34.630001 16.900000
v 18.490000 34.730000 17.620001
v -10.705352 41.550865 8.688903
v -10.673690 41.895378 6.923927
v -10.780000 41.180000 9.600000
v -11.210000 41.020000 10.420000
v -11.880000 40.669998 11.610000
v -13.270000 40.930000 12.860000
v -14.170000 40.389999 13.860000
v -15.440000 39.169998 14.710000
v -15.470000 38.070000 15.100000
v -17.480000 38.230000 15.010000
v -19.730000 37.380001 14.740000
v 42.939999 -1.880000 19.860001
v 42.549999 -0.280000 19.639999
v 41.959999 1.060000 19.610001
v 41.549999 1.880000 19.549999
v 42.549999 3.630000 18.719999
v 41.744900 5.902083 18.701239
v 39.820576 6.856469 19.052990
v 38.919991 7.862356 19.126732
v 38.822136 9.403830 18.883705
v 37.431637 11.574220 18.643381
v 36.009998 -53.849998 36.279999
v 37.080002 -53.500000 35.990002
v 37.410000 -53.080002 35.400002
v 37.840000 -51.930000 34.919998
v 38.290001 -50.740002 34.310001
v 37.660000 -49.419998 34.290001
v 24.719999 -69.059998 45.000000
v 24.650000 -67.830002 44.599998
v 27.219999 -68.599998 44.689999
v 26.719999 -67.620003 44.500000
v 27.340000 -67.779999 44.400002
v 29.530001 -68.750000 44.459999
v 30.320000 -67.150002 43.509998
v 30.420000 -65.669998 42.750000
v 30.719999 -64.040001 41.950001
v 32.080002 -64.699997 41.919998
v 33.580002 -64.089996 41.139999
v 33.509998 -62.349998 40.360001
v 33.630001 -61.259998 39.840000
v 34.840000 -60.139999 38.939999
v 35.669998 -58.150002 37.880001
v 34.669998 -56.919998 37.889999
v 35.110001 -55.610001 37.240002
v 36.200001 -55.310001 36.730000
v 39.540001 -50.080002 33.419998
v 40.000000 -48.410000 32.740002
v 40.009998 -47.400002 32.439999
v 41.049999 -47.110001 31.770000
v 40.669998 -45.709999 31.500000
v 41.919998 -45.279999 30.820000
v 41.860001 -43.689999 30.370001
v 42.160000 -42.290001 29.809999
v 41.779999 -41.450001 29.799999
v 42.750000 -40.000000 29.040001
v 42.939999 -38.259998 28.600000
v 44.200001 -38.060001 28.030001
v 44.560001 -36.230000 27.590000
v 44.849998 -34.380001 27.040001
v 44.459999 -33.619999 27.040001
v 45.310001 -32.169998 26.500000
v 45.389999 -29.730000 26.240000
v 45.660000 -28.190001 26.010000
v 45.959999 -27.000000 25.780001
v 46.130001 -25.280001 25.559999
v 45.270000 -25.459999 25.850000
v 44.900002 -24.580000 25.860001
v 46.090000 -23.520000 25.400000
v 45.740002 -22.510000 25.500000
v 46.540001 -21.100000 25.270000
v 46.599998 -19.590000 25.260000
v 47.400002 -18.410000 24.870001
v 46.779999 -16.639999 24.580000
v 45.619999 -16.379999 24.360001
v 46.009998 -15.060000 24.450001
v 44.430000 -14.860000 24.700001
v 44.500000 -13.500000 24.309999
v 44.480000 -11.700000 23.639999
v 43.330002 -11.490000 23.590000
v 43.410000 -10.460000 23.639999
v 43.770000 -8.560000 22.540001
v 43.000000 -6.910000 22.040001
v 42.310001 -6.040000 21.959999
v 43.060001 -5.230000 21.309999
v 42.709999 -3.780000 20.780001
v 7.500000 -91.080002 44.610001
v 9.260000 -91.010002 45.560001
v 7.060000 -92.800003 44.570000
v 5.890000 -92.419998 43.549999
v 10.920000 -91.050003 46.419998
v 11.830000 -90.750000 46.840000
v 12.830000 -90.379997 47.369999
v 5.760000 -93.699997 43.639999
v 5.200000 -95.260002 43.369999
v 4.610000 -96.519997 42.700001
v 3.810000 -96.599998 41.660000
v 13.240000 -89.089996 47.279999
v 14.210000 -87.779999 47.360001
v 14.530000 -85.629997 46.970001
v 17.650000 -75.379997 45.869999
v 18.990000 -74.050003 45.540001
v 20.490000 -73.459999 45.770000
v 22.059999 -73.500000 46.259998
v 23.299999 -72.000000 45.990002
v 23.360001 -70.360001 45.450001
v 23.559999 -69.339996 45.529999
v 15.330000 -84.040001 46.830002
v 15.070000 -82.919998 46.740002
v 15.280000 -81.580002 46.520000
v 17.010000 -81.489998 46.820000
v 17.730000 -79.550003 46.830002
v 17.540001 -78.300003 46.529999
v 16.969999 -77.989998 45.919998
v 17.790001 -77.029999 46.070000
v 3.890000 -97.919998 41.889999
v 3.780000 -99.470001 41.770000
v 2.950000 -99.430000 40.740002
v 2.270000 -99.480003 39.700001
v 1.950000 -99.419998 38.680000
v 1.710000 -99.559998 37.270000
v 2.620000 -99.599998 36.389999
v 26.730000 -99.449997 10.090000
v 28.820000 -99.410004 10.670000
v 28.850000 -98.269997 10.570000
v 30.030001 -97.459999 10.810000
v 32.340000 -96.500000 11.280000
v 33.040001 -94.800003 11.280000
v 32.919998 -93.239998 11.110000
v 32.639999 -92.089996 10.950000
v 32.130001 -90.989998 10.560000
v 32.560001 -89.019997 10.110000
v 33.240002 -87.239998 9.710000
v 32.660000 -86.160004 8.940000
v 33.820000 -84.620003 8.590000
v 35.480000 -83.230003 8.490000
v 36.279999 -81.209999 7.270000
v 35.360001 -80.959999 6.590000
v 36.290001 -79.699997 5.900000
v 36.869999 -77.889999 4.020000
v 37.160000 -76.230003 2.550000
v 36.630001 -75.459999 1.770000
v 37.119999 -73.199997 0.870000
v 36.639999 -71.809998 0.480000
v 37.279999 -70.110001 0.160000
v 36.509998 -69.419998 0.090000
v 38.360001 -67.879997 0.040000
v 38.759998 -65.440002 -0.070000
v 38.480000 -64.129997 -0.080000
v 40.240002 -62.830002 -0.110000
v 39.770000 -61.480000 -0.120000
v 41.500000 -60.130001 -0.140000
v 41.900002 -58.080002 -0.110000
v 42.500000 -56.160000 -0.140000
v 43.209999 -54.520000 -0.150000
v 42.840000 -53.619999 -0.170000
v 44.380001 -52.450001 -0.160000
v 45.070000 -50.740002 -0.130000
v 45.849998 -49.000000 -0.080000
v 46.709999 -47.180000 -0.110000
v 47.610001 -45.299999 -0.110000
v 47.330002 -44.279999 -0.120000
v 49.119999 -43.220001 -0.100000
v 49.799999 -41.520000 -0.100000
v 50.630001 -39.880001 -0.110000
v 51.389999 -38.320000 -0.070000
v 52.540001 -36.720001 0.000000
v 52.660000 -35.119999 0.050000
v 53.099998 -33.389999 0.110000
v 54.009205 -31.338602 0.193994
v 53.430000 -30.520000 0.030000
v 54.994751 -28.806870 0.442890
v 54.410000 -27.160000 0.140000
v 54.200001 -25.440001 0.070000
v 54.080002 -23.500000 0.020000
v 53.709999 -22.000000 0.020000
v 52.720001 -20.820000 0.000000
v 51.580002 -19.920000 -0.030000
v 52.500000 -17.809999 -0.050000
v 51.459999 -16.299999 -0.080000
v 52.459999 -14.660000 -0.120000
v 51.540001 -13.180000 -0.130000
v 50.840000 -11.690000 -0.150000
v 49.590000 -10.660000 -0.120000
v 50.500000 -8.630000 -0.090000
v 49.830002 -7.030000 -0.010000
v 49.160000 -5.450000 0.090000
v 48.599998 -3.590000 0.130000
v 47.549999 -2.830000 0.180000
v 48.400002 -1.150000 0.440000
v 48.076786 0.800331 1.266253
v 46.549999 2.020000 1.680000
v 45.820000 3.740000 2.560000
v 45.987755 5.178235 4.753336
v 44.743862 5.225370 3.749313
v 44.582298 6.697027 4.788355
v 41.790001 18.730000 0.770000
v 39.776196 18.214972 0.790008
v 39.454834 19.501032 0.742292
v 37.939999 19.510000 0.950000
v 37.680000 20.879999 0.950000
v 38.070000 22.809999 1.090000
v 37.310001 24.360001 1.460000
v 35.930000 24.230000 2.280000
v 35.259998 23.930000 3.460000
v 34.630001 23.959999 4.890000
v 34.320133 24.259483 6.372414
v 35.577816 15.004033 17.548969
v 34.708233 16.517450 17.092022
v 33.575771 18.709703 15.884510
v 33.715336 17.418346 16.231256
v 34.223278 17.211065 16.784599
v 22.275190 47.193115 7.011031
v 22.804796 44.453632 8.024380
v 23.154720 42.502586 8.532677
v 23.330000 41.029999 8.640000
v 23.400000 40.869999 10.680000
v 23.850000 39.240002 11.080000
v 23.950001 38.290001 10.870000
v 23.570000 38.270000 12.390000
v 22.580000 37.740002 13.890000
v 21.830000 37.330002 15.160000
v 22.209999 35.840000 15.110000
v 22.430000 35.060001 15.020000
v 21.540001 35.029999 16.059999
v 15.182750 43.194874 0.216202
v 13.725102 41.894558 0.259033
v 12.850000 40.459999 0.300000
v 13.470000 39.439999 0.260000
v 11.990000 38.470001 0.730000
v 10.680000 38.060001 1.770000
v 9.630000 38.009998 2.910000
v 8.790000 38.200001 3.910000
v 8.580000 37.919998 4.800000
v 8.314515 37.629574 6.256659
v 8.132305 37.972015 8.606002
v 7.989273 37.439293 10.736876
v 7.891466 37.864330 12.941902
v 8.376706 38.125126 14.670738
v 9.107842 38.193722 15.920825
v 9.702920 37.473057 16.501934
v 11.240000 39.340000 17.660000
v 9.902470 39.324299 16.748779
v -13.510341 40.085079 0.970316
v -12.820541 38.045952 0.922755
v -13.845274 36.841259 0.502829
v -18.459999 38.020000 0.540000
v -20.500000 38.169998 0.940000
v -21.840000 38.130001 1.870000
v -22.900000 38.209999 2.550000
v -23.330000 37.930000 3.450000
v -23.889999 37.639999 4.900000
v -24.860001 38.049999 7.450000
v -25.170000 38.080002 9.380000
v -24.719999 37.900002 10.810000
v -23.639999 37.810001 12.340000
v -22.730000 37.509998 13.270000
v -22.110001 37.570000 13.880000
v -21.420000 39.240002 14.240000
v -14.831149 38.379818 0.469408
v -16.510000 38.080002 0.380000
v 17.120001 36.360001 17.969999
v 17.100000 38.029999 18.020000
v 15.700000 37.959999 18.160000
v 15.360000 39.480000 17.879999
v 13.900000 39.439999 17.480000
v 13.820000 41.000000 17.490000
v 12.470000 41.009998 17.610001
v 11.570000 41.220001 17.500000
v 10.581904 40.792976 17.030233
v 18.500000 36.400002 17.320000
v 20.650000 36.459999 16.170000
v 19.750000 36.310001 16.690001
v -11.779776 43.665794 8.224828
v -11.380000 42.560001 9.020000
v -11.970000 42.650002 10.240000
v -12.880000 42.389999 11.530000
v -13.660000 42.139999 12.660000
v -15.220000 42.040001 13.870000
v -15.390000 40.779999 14.190000
v -16.790001 39.889999 14.840000
v -18.350000 39.560001 14.710000
v -19.670000 39.270000 14.270000
v 44.040001 -3.630000 20.059999
v 44.250000 -1.990000 19.120001
v 43.900002 -0.770000 18.889999
v 43.540001 0.290000 18.840000
v 43.040001 1.670000 18.920000
v 43.950001 2.490000 17.959999
v 43.860001 4.360000 17.700001
v 43.570000 5.620000 17.760000
v 42.820000 6.970000 18.139999
v 41.820171 7.007265 18.478712
v 41.106880 8.166857 18.524509
v 40.742325 10.605723 18.415609
v 39.611759 11.521897 18.671064
v 38.734344 11.460747 18.820444
v 38.842564 13.178771 18.635876
v 37.479630 13.141191 18.488525
v 36.026550 12.815884 17.900862
v 37.590000 -55.259998 36.240002
v 38.529999 -54.770000 35.820000
v 38.820000 -53.200001 35.029999
v 39.090000 -52.080002 34.509998
v 40.419998 -51.770000 33.740002
v 24.930000 -71.040001 45.639999
v 26.920000 -70.510002 45.360001
v 29.129999 -70.339996 45.040001
v 31.309999 -70.150002 44.669998
v 31.320000 -68.699997 44.080002
v 31.170000 -67.730003 43.720001
v 32.470001 -66.349998 42.680000
v 33.590000 -65.370003 41.869999
v 35.240002 -65.360001 41.369999
v 35.220001 -64.070000 40.689999
v 35.009998 -62.889999 40.150002
v 34.529999 -61.599998 39.660000
v 36.160000 -61.669998 39.110001
v 37.009998 -60.080002 38.090000
v 37.380001 -59.230000 37.419998
v 37.509998 -57.830002 37.029999
v 36.439999 -57.790001 37.439999
v 36.419998 -56.840000 37.160000
v 37.439999 -56.439999 36.610001
v 41.110001 -49.980000 32.720001
v 40.880001 -48.840000 32.450001
v 42.619999 -48.599998 31.580000
v 42.919998 -46.730000 30.719999
v 43.310001 -45.209999 30.160000
v 43.119999 -43.869999 29.860001
v 42.869999 -42.820000 29.700001
v 43.700001 -41.380001 28.969999
v 42.590000 -41.259998 29.400000
v 44.110001 -39.680000 28.450001
v 45.259998 -39.580002 27.900000
v 45.320000 -37.910000 27.580000
v 45.520000 -36.480000 27.040001
v 46.139999 -34.689999 26.520000
v 46.570000 -32.849998 26.040001
v 46.610001 -31.240000 25.799999
v 46.160000 -30.530001 25.980000
v 47.250000 -29.040001 25.440001
v 46.709999 -27.680000 25.600000
v 47.990002 -25.930000 24.969999
v 47.779999 -23.690001 24.900000
v 47.439999 -22.469999 24.940001
v 48.419998 -21.340000 24.540001
v 47.889999 -19.920000 24.709999
v 48.869999 -19.040001 24.320000
v 48.369999 -17.920000 24.389999
v 48.540001 -16.559999 24.440001
v 47.189999 -16.020000 24.090000
v 47.810001 -14.790000 24.110001
v 46.910000 -13.390000 23.850000
v 45.919998 -14.330000 23.770000
v 45.779999 -12.990000 24.010000
v 44.580002 -12.990000 23.700001
v 45.759998 -11.720000 23.280001
v 45.810001 -10.300000 22.780001
v 44.619999 -9.730000 22.740000
v 45.669998 -8.570000 22.280001
v 44.810001 -8.200000 21.940001
v 44.250000 -7.420000 21.830000
v 43.860001 -7.150000 21.900000
v 44.779999 -5.950000 21.040001
v 8.210000 -92.529999 45.220001
v 9.270000 -92.510002 45.830002
v 10.840000 -92.589996 46.740002
v 6.850000 -94.309998 44.790001
v 8.020000 -94.209999 45.520000
v 9.070000 -93.809998 45.939999
v 11.790000 -92.339996 47.049999
v 12.640000 -92.019997 47.290001
v 13.710000 -91.959999 47.799999
v 14.970000 -90.570000 47.959999
v 14.250000 -89.290001 47.290001
v 6.000000 -95.430000 44.299999
v 5.810000 -96.849998 44.090000
v 5.510000 -98.360001 43.919998
v 4.650000 -98.080002 42.910000
v 15.270000 -88.769997 47.810001
v 15.520000 -87.400002 48.000000
v 15.770000 -86.019997 47.660000
v 16.510000 -84.339996 47.099998
v 19.010000 -76.290001 46.119999
v 19.020000 -75.199997 46.430000
v 20.100000 -74.989998 46.200001
v 21.010000 -74.040001 46.570000
v 21.530001 -75.360001 46.630001
v 23.469999 -74.910004 46.869999
v 23.340000 -73.150002 46.540001
v 23.510000 -72.279999 46.610001
v 24.629999 -71.989998 46.169998
v 16.209999 -83.309998 47.209999
v 16.040001 -82.959999 46.529999
v 17.080000 -82.989998 46.900002
v 18.059999 -82.900002 47.459999
v 18.629999 -81.169998 47.389999
v 19.059999 -79.870003 47.049999
v 19.330000 -78.459999 46.930000
v 18.500000 -78.330002 46.490002
v 19.080000 -77.190002 46.759998
v 4.590000 -99.410004 43.099998
v 30.870001 -99.400002 11.020000
v 31.100000 -98.750000 11.040000
v 33.200001 -98.000000 11.390000
v 34.310001 -96.470001 11.560000
v 34.520000 -95.120003 11.560000
v 34.740002 -93.489998 11.470000
v 34.750000 -91.809998 11.370000
v 33.509998 -92.019997 11.120000
v 33.730000 -90.839996 11.090000
v 33.830002 -89.279999 10.620000
v 34.169998 -87.669998 10.230000
v 34.990002 -86.199997 9.800000
v 34.669998 -85.000000 9.150000
v 36.270000 -84.589996 9.560000
v 37.880001 -82.519997 9.280000
v 36.990002 -81.830002 8.190000
v 38.299999 -80.349998 7.650000
v 37.330002 -79.940002 6.590000
v 38.599998 -78.459999 5.570000
v 37.639999 -78.190002 4.810000
v 38.830002 -76.620003 3.870000
v 38.680000 -75.320000 2.300000
v 38.560001 -73.620003 1.370000
v 39.200001 -71.580002 0.610000
v 38.590000 -70.410004 0.390000
v 38.639999 -69.050003 0.160000
v 40.310001 -67.809998 0.140000
v 40.720001 -65.500000 -0.050000
v 40.509998 -64.269997 -0.110000
v 42.060001 -63.279999 -0.130000
v 42.680000 -61.130001 -0.100000
v 43.470001 -59.450001 -0.120000
v 43.639999 -58.180000 -0.070000
v 44.470001 -56.209999 -0.090000
v 44.599998 -54.540001 -0.130000
v 44.590000 -53.500000 -0.140000
v 46.230000 -52.480000 -0.100000
v 46.880001 -50.759998 -0.070000
v 47.669998 -49.119999 -0.100000
v 48.520000 -47.419998 -0.070000
v 49.522163 -45.311970 -0.058111
v 49.299999 -44.250000 -0.100000
v 50.502914 -43.433365 0.050167
v 51.150829 -42.008587 0.043986
v 51.952663 -40.563023 -0.001283
v 52.783447 -38.696667 0.054167
v 54.216728 -36.508987 0.427974
v 54.355270 -34.034592 0.350634
v 54.883274 -32.507908 0.446951
v 56.011738 -30.880749 0.867431
v 56.715977 -29.099304 1.149295
v 57.087315 -26.809586 1.135126
v 55.361069 -26.495066 0.359834
v 55.997574 -24.832832 0.473074
v 55.597347 -22.715887 0.264442
v 54.700001 -21.410000 0.050000
v 54.270000 -19.190001 -0.010000
v 53.880001 -17.309999 -0.040000
v 53.299999 -16.110001 -0.080000
v 54.450001 -14.590000 -0.100000
v 53.720001 -12.710000 -0.140000
v 52.459999 -11.650000 -0.170000
v 51.549999 -10.130000 -0.150000
v 52.459999 -8.590000 -0.200000
v 51.810001 -7.070000 -0.030000
v 51.150002 -5.490000 0.050000
v 50.610001 -3.580000 0.220000
v 49.570000 -2.840000 0.300000
v 50.590000 -0.960000 0.710000
v 49.701527 0.489857 1.182210
v 49.590000 2.190000 1.910000
v 47.849998 2.210000 1.890000
v 45.700298 6.733692 6.172548
v 46.557808 6.268243 7.157934
v 46.950001 5.350000 7.130000
v 46.610001 8.180000 8.290000
v 43.209999 18.719999 1.320000
v 42.016697 20.843285 0.781506
v 40.667316 20.478792 0.681263
v 39.529999 20.820000 0.640000
v 40.240002 22.410000 0.680000
v 39.320000 24.469999 0.720000
v 38.619999 25.760000 0.860000
v 37.119999 25.790001 1.520000
v 36.220001 25.549999 2.240000
v 35.430000 25.500000 3.400000
v 35.119999 25.430000 4.960000
v 34.538017 26.252899 8.461846
v 37.453754 14.874567 18.322863
v 36.643112 16.146389 18.031860
v 36.022869 17.208017 17.547785
v 34.790028 18.629913 16.949739
v 33.772301 20.922344 15.471519
v 33.305275 19.698420 15.236943
v 33.747948 19.777533 15.955427
v 34.056587 19.337830 16.411228
v 21.977636 50.105377 6.361537
v 22.282747 49.483204 8.751993
v 22.516768 47.716061 9.456545
v 22.778740 46.012257 9.139422
v 23.129999 44.459999 9.420000
v 23.420000 42.869999 10.700000
v 22.850000 42.029999 12.430000
v 23.059999 40.560001 12.760000
v 23.690001 39.639999 12.060000
v 23.190001 39.529999 12.760000
v 22.410000 39.660000 13.780000
v 21.000000 38.950001 15.340000
v 20.879999 37.669998 15.790000
v 14.658946 44.709080 0.248953
v 12.667956 43.661491 0.590899
v 11.770000 42.230000 0.650000
v 11.400000 40.970001 0.840000
v 11.430000 39.830002 0.910000
v 10.090000 39.820000 1.910000
v 9.460000 39.259998 3.050000
v 8.590000 39.610001 4.530000
v 8.264424 39.138508 5.239938
v 8.052252 39.236500 6.450192
v 7.996834 39.382332 7.977334
v 7.892137 39.682278 9.517871
v 7.869974 39.240040 10.692219
v 7.698721 39.648453 12.531262
v 8.057078 39.093273 14.095400
v 8.382211 39.236980 14.969071
v 8.867970 39.139122 15.725325
v 9.236316 41.103531 15.926299
v 8.326481 40.387611 14.799788
v -17.070000 39.669998 0.370000
v -19.350000 39.790001 0.520000
v -20.750000 39.549999 0.970000
v -22.459999 39.730000 1.940000
v -23.450001 39.430000 2.840000
v -23.990000 39.169998 3.580000
v -24.580000 39.330002 5.290000
v -25.250000 39.470001 7.300000
v -25.930000 39.680000 9.280000
v -25.510000 39.310001 10.570000
v -24.620001 39.389999 12.010000
v -23.680000 39.240002 13.080000
v -22.910000 39.340000 13.580000
v -19.280001 40.939999 14.580000
v -21.180000 41.040001 14.220000
v -22.540001 41.459999 13.870000
v -23.650000 40.619999 13.200000
v -15.217229 40.231464 0.481075
v 17.900000 37.490002 17.580000
v 18.840000 39.110001 16.969999
v 17.000000 39.650002 17.750000
v 16.330000 41.000000 17.670000
v 15.200000 41.000000 17.690001
v 15.520000 42.590000 17.250000
v 13.620000 42.720001 17.290001
v 11.840000 42.400002 17.389999
v 10.313249 42.494690 16.632145
v 9.201172 42.472775 15.768790
v 19.950001 37.750000 16.360001
v -13.254271 47.295345 7.132724
v -12.550639 45.175060 8.805435
v -12.170000 44.060001 9.090000
v -13.020000 44.500000 10.450000
v -13.700000 44.060001 11.510000
v -14.840000 43.599998 12.700000
v -16.660000 43.759998 13.810000
v -16.799999 42.570000 14.130000
v -17.150000 41.500000 14.530000
v 45.520000 -3.810000 19.469999
v 45.299999 -2.600000 18.910000
v 46.160000 -0.970000 17.490000
v 44.810001 0.530000 17.790001
v 45.040001 2.650000 16.969999
v 44.720001 4.200000 16.959999
v 44.490002 5.900000 17.020000
v 44.009998 7.450000 17.350000
v 43.540001 8.480000 17.600000
v 42.871223 8.650980 17.927069
v 42.168098 8.419912 18.167656
v 42.183521 9.804055 18.043011
v 41.999519 11.836656 17.944338
v 40.754494 12.862850 18.293587
v 40.160976 14.894879 18.416264
v 38.884033 15.010648 18.634001
v 38.279999 -56.770000 36.369999
v 39.549999 -56.119999 35.720001
v 39.500000 -54.970001 35.410000
v 40.410000 -54.009998 34.669998
v 42.029999 -53.279999 33.529999
v 42.299999 -51.709999 32.830002
v 42.130001 -50.509998 32.450001
v 26.610001 -72.160004 46.000000
v 28.910000 -71.980003 45.680000
v 30.959999 -71.889999 45.360001
v 33.250000 -71.870003 44.950001
v 33.020000 -70.070000 44.340000
v 32.410000 -68.959999 43.970001
v 32.230000 -67.900002 43.520000
v 33.820000 -67.879997 43.130001
v 34.680000 -66.400002 42.250000
v 36.459999 -67.129997 41.919998
v 36.669998 -65.730003 41.099998
v 36.570000 -64.440002 40.450001
v 35.730000 -63.410000 40.270000
v 36.439999 -63.150002 39.750000
v 37.910000 -62.470001 38.910000
v 37.459999 -61.299999 38.480000
v 38.750000 -60.889999 37.750000
v 38.799999 -59.299999 37.049999
v 39.000000 -58.029999 36.450001
v 43.880001 -50.330002 31.580000
v 44.400002 -48.509998 30.690001
v 44.599998 -46.770000 30.030001
v 44.230000 -45.180000 29.719999
v 43.970001 -44.410000 29.629999
v 43.759998 -44.169998 29.680000
v 44.619999 -43.099998 29.000000
v 43.610001 -42.779999 29.379999
v 45.020000 -41.240002 28.340000
v 46.509998 -41.009998 27.580000
v 46.860001 -39.000000 26.850000
v 46.029999 -38.349998 27.190001
v 46.840000 -36.919998 26.450001
v 47.450001 -35.029999 25.980000
v 47.930000 -33.049999 25.469999
v 48.110001 -31.280001 25.230000
v 47.560001 -30.650000 25.400000
v 48.930000 -28.930000 24.709999
v 48.560001 -27.459999 24.790001
v 49.919998 -26.219999 24.190001
v 49.930000 -24.430000 24.160000
v 49.549999 -22.790001 24.200001
v 50.070000 -20.480000 23.809999
v 50.220001 -18.840000 23.730000
v 49.669998 -17.590000 24.030001
v 48.970001 -17.830000 24.440001
v 49.799999 -16.160000 24.150000
v 49.130001 -16.090000 23.809999
v 49.150002 -14.850000 23.840000
v 48.290001 -14.470000 23.480000
v 48.169998 -13.060000 23.250000
v 46.869999 -11.600000 23.110001
v 46.470001 -12.170000 23.700001
v 47.099998 -9.990000 22.240000
v 46.250000 -8.750000 22.000000
v 45.980000 -7.350000 21.570000
v 46.590000 -6.070000 20.750000
v 47.029999 -4.480000 19.900000
v 10.880000 -94.089996 46.889999
v 11.590000 -93.830002 47.369999
v 12.790000 -93.639999 47.720001
v 7.200000 -95.860001 45.299999
v 8.380000 -95.519997 45.889999
v 9.280000 -95.129997 46.310001
v 10.910000 -95.529999 47.080002
v 14.870000 -93.470001 48.299999
v 14.790000 -92.029999 48.150002
v 15.760000 -92.120003 48.570000
v 16.510000 -90.669998 48.490002
v 16.580000 -89.120003 48.180000
v 6.550000 -96.959999 44.959999
v 6.970000 -98.449997 45.299999
v 6.480000 -99.459999 45.060001
v 5.500000 -99.449997 44.189999
v 16.830000 -87.550003 47.840000
v 17.020000 -86.019997 48.049999
v 17.209999 -84.709999 47.779999
v 20.510000 -76.440002 46.410000
v 20.940001 -77.070000 47.240002
v 22.500000 -76.570000 47.060001
v 23.490000 -76.839996 47.560001
v 25.250000 -76.279999 47.049999
v 25.309999 -74.690002 46.860001
v 25.440001 -73.400002 46.630001
v 24.740000 -72.559998 46.750000
v 18.820000 -84.360001 47.919998
v 19.610001 -82.610001 47.910000
v 19.559999 -81.400002 47.840000
v 19.530001 -80.190002 47.799999
v 20.889999 -79.540001 47.490002
v 20.559999 -78.620003 47.250000
v 32.680000 -99.449997 11.290000
v 35.000000 -99.400002 11.680000
v 34.560001 -98.250000 11.610000
v 35.470001 -97.300003 11.770000
v 36.000000 -95.449997 11.810000
v 36.519791 -93.825584 11.844828
v 36.590305 -92.045044 11.777153
v 36.580002 -90.519997 11.630000
v 35.180000 -90.599998 11.290000
v 35.610001 -89.180000 11.040000
v 35.070000 -88.150002 10.560000
v 36.589687 -86.588898 10.502817
v 38.087479 -84.030594 10.139964
v 40.350990 -81.464478 10.128188
v 39.119999 -81.029999 8.960000
v 39.740002 -79.839996 8.530000
v 40.500000 -78.089996 6.510000
v 40.263565 -76.561287 4.700625
v 40.239586 -75.046661 3.187623
v 39.599998 -74.889999 2.590000
v 40.394848 -73.148911 1.794653
v 40.560001 -71.019997 0.560000
v 41.000000 -69.199997 0.420000
v 42.250000 -67.040001 0.200000
v 42.570000 -65.500000 -0.070000
v 42.380001 -64.389999 -0.130000
v 43.740002 -63.310001 -0.100000
v 44.080002 -61.540001 -0.030000
v 44.820000 -59.590000 0.050000
v 45.119999 -58.209999 0.010000
v 45.560001 -56.869999 0.050000
v 46.939034 -55.019772 0.220944
v 46.560001 -53.810001 -0.080000
v 48.076485 -52.627499 0.296431
v 48.336212 -50.842567 0.105970
v 48.970612 -49.487053 0.067767
v 49.698448 -48.130703 0.069940
v 50.556141 -46.484375 0.172100
v 52.922623 -42.982063 0.713645
v 56.540699 -34.009380 1.476056
v 57.912872 -23.230408 1.289123
v 56.844654 -21.213245 0.564622
v 55.982010 -19.828545 0.242494
v 55.599998 -18.049999 0.020000
v 55.419998 -16.450001 -0.040000
v 56.099998 -14.280000 -0.060000
v 55.980000 -12.740000 -0.090000
v 54.950001 -12.210000 -0.120000
v 54.299999 -10.320000 -0.160000
v 56.871090 -17.399729 0.341729
v 57.245461 -14.974225 0.245091
v 54.380001 -8.250000 -0.190000
v 53.970001 -7.000000 -0.090000
v 53.180000 -5.560000 0.030000
v 52.610001 -3.620000 0.160000
v 51.590000 -2.850000 0.300000
v 52.509998 -1.180000 0.590000
v 52.349998 0.450000 1.060000
v 51.861782 1.571473 1.560502
v 53.000000 3.970000 3.020000
v 47.100689 6.613706 8.416581
v 47.340000 5.590000 7.850000
v 47.759998 5.760000 9.290000
v 47.759998 4.910000 11.330000
v 49.410000 2.670000 11.710000
v 47.450001 11.280000 11.390000
v 47.213455 8.663332 10.591248
v 47.222050 7.262858 9.515416
v 45.849998 21.860001 2.570000
v 43.128845 22.016876 1.023510
v 41.900002 22.320000 0.640000
v 41.689999 23.799999 0.330000
v 41.189999 25.070000 0.390000
v 40.560001 26.980000 0.350000
v 38.630001 27.280001 0.980000
v 37.430000 27.040001 1.750000
v 36.549999 26.719999 2.370000
v 35.759998 26.940001 3.370000
v 35.450001 26.910000 5.020000
v 35.040569 26.389982 6.417798
v 35.452278 28.428156 6.990773
v 38.538265 16.161570 18.542278
v 37.574406 17.471342 18.193466
v 36.413658 18.651255 17.479767
v 36.081352 20.562431 17.592800
v 35.013252 20.330153 17.036470
v 34.343971 20.161911 16.497093
v 34.201797 22.737194 15.375922
v 35.027328 21.774649 16.697159
v 21.659824 52.678619 6.655695
v 21.995630 51.329815 9.377899
v 22.219999 49.930000 10.280000
v 22.250000 48.580002 10.520000
v 22.360001 47.200001 10.960000
v 22.719999 46.020000 10.830000
v 23.049999 44.520000 10.710000
v 22.250000 44.020000 12.410000
v 21.930000 42.290001 13.550000
v 22.309999 41.160000 13.800000
v 20.799999 41.389999 14.860000
v 19.309999 40.549999 16.309999
v 19.980000 39.259998 16.280001
v 14.450999 46.188190 0.326784
v 12.887284 45.567944 0.681062
v 10.830000 45.230000 1.290000
v 10.430000 43.709999 1.340000
v 10.590000 42.509998 1.270000
v 10.210000 41.240002 1.530000
v 9.140000 41.480000 2.780000
v 8.600000 40.889999 4.240000
v 8.044666 41.152058 5.887374
v 7.956507 40.427464 6.371270
v 7.861391 40.509949 7.630547
v 7.608010 41.078941 9.227607
v 7.405051 40.656700 11.142424
v 7.571190 39.851643 11.478063
v 7.284664 41.109467 12.623040
v 7.568787 40.866886 13.490301
v 8.218663 42.353142 14.663035
v 7.397819 42.079433 13.350854
v -16.268354 41.320515 0.364513
v -17.639999 41.200001 0.240000
v -19.520000 41.119999 0.600000
v -21.240000 41.020000 1.000000
v -22.459999 40.799999 1.490000
v -23.959999 41.380001 2.460000
v -24.230000 40.720001 3.210000
v -24.950001 40.650002 4.940000
v -25.969999 41.139999 7.660000
v -26.010000 40.990002 9.440000
v -25.590000 40.919998 10.710000
v -24.910000 40.750000 12.180000
v -18.190001 42.990002 14.310000
v -19.980000 42.939999 14.300000
v -21.490000 42.529999 14.140000
v -23.389999 43.020000 13.690000
v -24.379999 42.630001 12.860000
v -25.510000 42.270000 11.950000
v -15.229524 42.392567 0.702867
v 17.559999 40.759998 17.180000
v 17.870001 42.630001 16.370001
v 16.080000 44.139999 16.760000
v 14.630000 44.459999 16.950001
v 13.040000 44.459999 16.889999
v 11.170000 44.150002 17.040001
v 9.965203 44.036015 16.335667
v 9.026028 43.959381 15.469938
v 8.124510 43.973064 14.427770
v -14.153420 48.184299 9.113687
v -15.105925 51.188824 8.234412
v -13.427182 47.171692 8.545197
v -13.219964 46.292046 9.281463
v -13.740000 46.049999 10.380000
v -14.300000 45.750000 11.190000
v -15.320000 45.480000 12.220000
v -16.639999 45.320000 13.240000
v -17.809999 45.160000 13.990000
v -17.719999 44.110001 14.160000
v 47.119999 -3.480000 18.969999
v 46.610001 -2.590000 18.459999
v 48.230000 -1.900000 17.600000
v 48.049999 -0.260000 15.850000
v 46.590000 0.650000 16.200001
v 45.889999 0.570000 16.900000
v 45.959999 2.050000 16.209999
v 45.660000 4.030000 15.940000
v 45.380001 5.780000 16.049999
v 45.230000 7.460000 16.180000
v 44.759998 8.590000 16.590000
v 44.209999 9.760000 17.059999
v 43.250000 9.600000 17.620001
v 43.349998 11.260000 17.459999
v 43.020000 13.340000 17.459999
v 41.926067 13.224408 17.908081
v 41.860432 14.813218 17.887262
v 40.993256 16.177431 18.097542
v 40.130070 16.366112 18.362577
v 39.419949 15.975550 18.557774
v 40.540001 -57.730000 35.720001
v 40.410000 -56.500000 35.430000
v 41.110001 -55.630001 34.779999
v 42.090000 -54.810001 34.009998
v 43.169998 -54.560001 33.349998
v 42.910000 -53.439999 33.150002
v 43.480000 -52.450001 32.580002
v 27.030001 -72.709999 46.669998
v 28.840000 -73.459999 46.340000
v 30.820000 -73.510002 46.000000
v 32.430000 -73.470001 45.720001
v 33.700001 -73.879997 45.650002
v 35.180000 -73.180000 45.070000
v 34.900002 -71.650002 44.500000
v 34.369999 -70.529999 44.139999
v 34.029999 -69.339996 43.770000
v 33.240002 -69.059998 43.869999
v 35.630001 -69.330002 43.279999
v 35.349998 -67.559998 42.599998
v 37.480000 -69.129997 42.529999
v 37.990002 -67.820000 41.840000
v 38.470001 -65.830002 40.490002
v 37.820000 -64.120003 39.910000
v 36.950001 -63.889999 40.060001
v 39.119999 -63.860001 39.130001
v 39.650002 -62.360001 38.130001
v 40.369999 -60.910000 37.090000
v 40.049999 -59.689999 36.700001
v 45.099998 -51.750000 31.500000
v 45.490002 -50.130001 30.740000
v 45.590000 -48.849998 30.290001
v 45.990002 -47.360001 29.580000
v 46.520000 -45.770000 28.900000
v 45.959999 -44.320000 28.719999
v 46.169998 -42.700001 28.230000
v 47.560001 -42.430000 27.500000
v 48.349998 -40.689999 26.690001
v 48.330002 -39.189999 26.299999
v 48.110001 -37.520000 26.030001
v 48.000000 -36.650002 25.940001
v 49.000000 -35.520000 25.340000
v 49.389999 -33.529999 24.900000
v 49.959999 -31.910000 24.510000
v 49.680000 -30.459999 24.500000
v 50.240002 -28.680000 24.170000
v 50.110001 -27.719999 24.160000
v 51.240002 -27.280001 23.629999
v 51.340000 -25.610001 23.600000
v 51.099998 -24.370001 23.709999
v 51.130001 -22.780001 23.690001
v 51.590000 -20.940001 23.459999
v 52.099998 -18.959999 23.209999
v 51.400002 -17.780001 23.230000
v 50.720001 -16.290001 23.350000
v 50.310001 -14.420000 23.219999
v 49.560001 -12.950000 22.959999
v 48.959999 -11.440000 22.629999
v 47.840000 -10.660000 22.850000
v 48.410000 -9.980000 22.070000
v 47.990002 -8.570000 21.780001
v 47.520000 -7.110000 21.090000
v 47.630001 -5.590000 20.209999
v 49.169998 -5.170000 19.799999
v 49.200001 -3.410000 18.540001
v 11.890000 -95.349998 47.639999
v 12.760000 -95.050003 47.520000
v 14.330000 -95.489998 48.310001
v 7.840000 -97.190002 45.889999
v 8.850000 -96.940002 46.430000
v 10.230000 -96.669998 47.049999
v 11.830000 -97.099998 47.740002
v 13.220000 -96.639999 48.029999
v 15.700000 -95.500000 48.919998
v 17.010000 -94.930000 49.150002
v 17.080000 -93.339996 48.740002
v 17.049999 -91.809998 49.060001
v 17.070000 -90.690002 48.799999
v 17.820000 -89.570000 48.740002
v 18.200001 -87.699997 48.240002
v 8.250000 -98.330002 46.230000
v 7.510000 -99.519997 45.959999
v 8.830000 -99.660004 46.849998
v 18.590000 -85.930000 48.119999
v 22.580000 -78.330002 47.500000
v 25.290001 -78.000000 47.680000
v 27.340000 -76.910004 47.509998
v 27.000000 -75.660004 47.070000
v 26.840000 -74.209999 46.689999
v 19.260000 -84.800003 48.279999
v 20.270000 -84.709999 48.310001
v 20.510000 -82.959999 48.430000
v 21.030001 -81.410004 47.990002
v 20.889999 -80.199997 48.090000
v 22.530001 -80.000000 47.779999
v 37.060001 -99.410004 11.970000
v 36.669998 -98.150002 11.950000
v 37.036743 -96.934189 12.009012
v 37.030888 -95.910416 12.026345
v 37.593052 -94.604179 12.141442
v 38.724491 -92.920197 12.547755
v 38.021351 -89.965431 12.012684
v 36.823067 -89.418610 11.457888
v 37.070000 -88.180000 11.240000
v 38.652973 -87.632713 11.755095
v 39.440823 -84.862823 11.257725
v 42.352757 -81.424210 11.808233
v 42.636578 -79.677467 10.453581
v 41.740002 -79.690002 9.930000
v 41.060001 -79.790001 9.180000
v 42.202587 -78.237289 7.963008
v 42.382946 -76.373734 5.906017
v 41.319374 -76.405571 5.210526
v 42.234848 -74.026062 3.508974
v 42.547802 -69.729546 1.043997
v 43.542046 -66.872047 0.526165
v 43.639999 -65.550003 0.090000
v 43.770000 -64.440002 0.020000
v 44.696262 -63.846653 0.303025
v 45.029999 -61.720001 -0.030000
v 45.683666 -61.018627 0.300315
v 47.109589 -58.096195 0.636302
v 49.663364 -54.689964 1.321900
v 50.819443 -49.596264 0.730573
v 61.454002 -23.751495 4.309106
v 58.360428 -19.576048 1.185393
v 57.177357 -12.949175 0.085853
v 56.810001 -11.760000 -0.110000
v 56.220001 -10.680000 -0.100000
v 56.110001 -8.130000 -0.050000
v 58.729275 -16.307671 0.942495
v 59.118412 -13.061193 0.804223
v 55.520000 -6.720000 -0.110000
v 54.500000 -5.840000 -0.030000
v 55.150002 -4.110000 0.120000
v 53.689999 -2.890000 0.230000
v 54.700001 -0.880000 0.530000
v 53.750000 0.850000 1.020000
v 53.130001 1.710000 1.350000
v 54.661247 3.202932 1.706533
v 54.552898 5.330888 2.882939
v 54.498085 6.153377 4.184706
v 47.396645 7.095490 11.065303
v 47.193233 6.403748 12.848764
v 47.281342 4.827221 13.218358
v 47.639999 3.390000 13.230000
v 48.660000 2.290000 13.040000
v 50.018318 1.200240 13.704075
v 51.560024 1.530099 12.759523
v 50.459999 2.530000 11.170000
v 47.029999 14.140000 8.930000
v 47.438301 13.663028 11.723215
v 47.100426 12.751863 13.381430
v 47.091702 11.097180 13.202190
v 47.163235 9.547940 12.665451
v 47.307354 9.541391 11.557077
v 47.330002 8.620000 11.640000
v 43.820965 24.363260 0.879417
v 45.802731 26.386347 1.834232
v 47.948235 23.979761 5.112487
v 47.501076 21.934225 5.372262
v 47.188976 20.556959 5.355188
v 46.959999 18.790001 5.390000
v 42.860001 25.820000 0.340000
v 42.410000 27.010000 0.100000
v 41.770000 28.799999 0.220000
v 39.830002 28.889999 0.530000
v 38.529999 28.590000 1.020000
v 37.400002 28.469999 1.890000
v 36.369999 28.270000 3.100000
v 35.813305 28.174835 4.708952
v 36.140827 30.189091 5.014814
v 35.898499 30.708979 7.450213
v 35.411140 30.048826 9.839299
v 39.421856 17.447796 18.403402
v 38.882320 19.639151 18.241852
v 37.302372 19.543385 18.087513
v 37.590973 21.280403 18.071337
v 36.658531 21.789352 17.849855
v 36.096607 22.119829 17.514778
v 34.473839 24.415480 15.025761
v 35.202003 23.776266 16.284733
v 35.910816 23.117186 17.151722
v 21.031319 55.943977 6.432699
v 21.664822 53.738243 8.948629
v 21.850000 53.009998 10.380000
v 21.830000 51.549999 10.830000
v 21.629999 50.150002 11.240000
v 21.770000 48.730000 11.830000
v 21.850000 47.299999 11.930000
v 22.270000 45.930000 12.090000
v 21.180000 45.730000 13.290000
v 21.209999 43.980000 13.910000
v 21.350000 42.860001 14.110000
v 20.040001 43.080002 15.210000
v 14.577968 47.895523 0.324720
v 12.694020 47.286125 0.812246
v 10.950000 46.970001 1.380000
v 9.530000 46.669998 2.000000
v 9.350000 45.169998 2.080000
v 9.790000 44.299999 1.890000
v 8.640000 43.110001 3.010000
v 8.130000 42.669998 4.840000
v 7.907789 42.488277 6.338950
v 7.632386 42.232182 7.951705
v 7.107199 42.614742 9.564197
v 7.001673 42.282951 10.746662
v 7.032269 41.999352 12.025765
v 7.319034 43.877354 13.217590
v 6.787707 43.522373 11.792802
v -17.026794 42.829319 0.422659
v -18.209999 42.520000 0.360000
v -20.040001 42.590000 0.560000
v -21.820000 42.570000 1.070000
v -23.430000 42.419998 1.810000
v -24.870001 42.849998 2.720000
v -25.469999 42.709999 3.810000
v -25.510000 42.110001 4.720000
v -26.680000 42.619999 7.440000
v -26.840000 42.520000 9.070000
v -26.520000 42.380001 10.460000
v -18.799999 44.540001 14.230000
v -19.719999 44.070000 14.240000
v -21.209999 44.220001 14.120000
v -22.990000 44.380001 13.720000
v -24.000000 44.270000 13.250000
v -25.040001 44.360001 12.580000
v -26.139999 44.049999 11.590000
v -26.990000 43.779999 10.520000
v -15.914535 44.748867 0.848349
v -17.613064 44.380825 0.467813
v 18.510000 44.540001 15.750000
v 16.680000 45.599998 16.230000
v 14.790000 45.759998 16.629999
v 13.180000 45.900002 16.600000
v 12.220000 45.720001 16.320000
v 10.874116 45.827969 16.665426
v 9.543571 45.868847 15.723124
v 8.853731 45.245064 15.221882
v 8.057406 45.447578 14.194367
v 7.323616 45.561157 12.952752
v -15.590000 50.049999 10.110000
v -14.810000 48.209999 10.480000
v -14.010000 47.099998 10.020000
v -14.490000 46.889999 10.780000
v -15.630000 47.430000 11.740000
v -16.770000 46.709999 12.770000
v -18.480000 46.619999 13.590000
v -18.889999 45.540001 13.990000
v 47.730000 -2.720000 18.719999
v 50.238136 -1.895511 17.384733
v 50.022652 -0.943601 16.488087
v 49.782898 0.043216 15.148535
v 48.564388 1.073612 14.495677
v 47.930000 0.870000 15.060000
v 47.296669 1.802690 14.929011
v 46.705116 3.916572 14.628417
v 46.279999 5.720000 14.900000
v 46.099998 6.850000 15.020000
v 45.959999 7.970000 15.170000
v 45.660000 9.850000 15.620000
v 44.990002 11.020000 16.410000
v 44.270000 11.200000 16.910000
v 44.470001 12.680000 16.690001
v 44.340000 14.810000 16.889999
v 43.009998 14.770000 17.459999
v 42.810001 16.040001 17.570000
v 42.209362 17.454844 17.619444
v 40.692623 17.323877 18.120922
v 41.830002 -59.599998 35.820000
v 42.270000 -57.810001 34.930000
v 41.930000 -56.939999 34.779999
v 43.740002 -56.540001 33.689999
v 44.619999 -54.650002 32.630001
v 44.500000 -53.389999 32.310001
v 28.540001 -75.199997 46.900002
v 31.110001 -75.290001 46.660000
v 32.630001 -74.830002 46.270000
v 33.270000 -74.650002 45.959999
v 34.389999 -75.529999 46.169998
v 35.980000 -74.930000 45.720001
v 37.459999 -73.669998 44.480000
v 36.290001 -71.900002 44.209999
v 35.500000 -70.809998 44.000000
v 36.240002 -70.690002 43.830002
v 37.400002 -71.010002 43.410000
v 39.029999 -70.440002 42.470001
v 38.470001 -69.050003 42.139999
v 39.450001 -68.900002 41.650002
v 38.570000 -67.480003 41.400002
v 40.040001 -67.559998 40.689999
v 40.730000 -66.040001 39.599998
v 40.590000 -64.099998 38.590000
v 40.270000 -63.009998 38.160000
v 41.639999 -61.720001 36.869999
v 46.020000 -53.430000 31.510000
v 46.480000 -51.750000 30.770000
v 46.540001 -50.520000 30.330000
v 46.810001 -49.090000 29.719999
v 46.939999 -47.830002 29.270000
v 47.990002 -46.320000 28.340000
v 48.080002 -44.189999 27.760000
v 49.240002 -42.520000 26.730000
v 49.500000 -41.180000 26.270000
v 49.799999 -39.650002 25.709999
v 49.779999 -38.180000 25.450001
v 48.840000 -37.990002 25.809999
v 49.240002 -37.049999 25.480000
v 50.700001 -36.660000 24.760000
v 50.919998 -35.000000 24.430000
v 50.840000 -33.689999 24.309999
v 51.209999 -32.060001 23.910000
v 51.490002 -30.370001 23.690001
v 51.099998 -29.040001 23.770000
v 52.790001 -28.360001 22.910000
v 52.630001 -26.680000 23.020000
v 51.930000 -25.980000 23.360001
v 52.509998 -24.340000 23.120001
v 51.880001 -23.059999 23.430000
v 53.060001 -21.520000 23.010000
v 53.810001 -19.020000 22.610001
v 53.709999 -17.389999 22.639999
v 52.619999 -16.290001 22.559999
v 51.830002 -15.280000 22.570000
v 51.500000 -13.830000 22.650000
v 50.950001 -12.090000 22.700001
v 49.619999 -11.690000 22.320000
v 50.189999 -10.270000 22.309999
v 49.619999 -8.610000 21.700001
v 49.389999 -6.930000 20.790001
v 48.750000 -5.870000 20.629999
v 51.349998 -5.870000 19.799999
v 50.970001 -4.210000 18.889999
v 51.046173 -3.234663 18.211672
v 51.910000 -2.110000 17.400000
v 14.780000 -97.169998 48.889999
v 15.740000 -96.900002 49.220001
v 9.130000 -98.070000 46.750000
v 10.620000 -98.370003 47.590000
v 11.690000 -98.169998 48.119999
v 13.240000 -98.309998 48.459999
v 14.800000 -98.480003 49.099998
v 16.620001 -96.660004 49.650002
v 18.240000 -96.370003 49.549999
v 17.760000 -95.239998 49.580002
v 18.870001 -93.860001 49.349998
v 18.680000 -92.180000 48.970001
v 18.879999 -90.529999 49.130001
v 19.240000 -89.059998 48.639999
v 19.549999 -87.870003 48.610001
v 19.680000 -86.419998 48.320000
v 10.130000 -99.559998 47.610001
v 24.559999 -79.820000 47.980000
v 26.709999 -79.629997 48.250000
v 27.090000 -78.220001 47.790001
v 29.049999 -78.250000 47.830002
v 29.290001 -76.830002 47.410000
v 21.549999 -86.349998 48.820000
v 21.870001 -84.190002 48.810001
v 21.670000 -83.000000 48.259998
v 21.559999 -81.760002 48.540001
v 23.010000 -80.970001 48.169998
v 23.320000 -80.089996 48.340000
v 37.689999 -98.510002 12.080000
v 37.632641 -97.482918 12.122704
v 38.549973 -96.192604 12.550694
v 44.345737 -80.425858 12.920217
v 44.440079 -78.307907 10.342578
v 43.919998 -78.320000 9.500000
v 43.270000 -78.440002 8.730000
v 44.574394 -76.928032 8.405875
v 43.982334 -76.015846 6.753736
v 43.771942 -74.757782 5.281253
v 46.439266 -65.191704 1.697096
v 61.701908 -30.411955 5.839182
v 61.267368 -27.506247 4.619691
v 61.370186 -25.692402 4.507138
v 62.025127 -20.188679 4.708382
v 62.324303 -22.933777 5.644547
v 62.294518 -24.119213 5.644541
v 62.487770 -25.679108 6.290796
v 57.514702 -11.289089 0.077117
v 58.068802 -9.371804 0.281603
v 57.938309 -6.706307 0.272574
v 56.790001 -5.210000 0.070000
v 60.541618 -10.577673 1.391290
v 56.560001 -3.580000 0.150000
v 56.490002 -2.120000 0.280000
v 56.529999 -0.480000 0.370000
v 56.169998 0.670000 0.610000
v 55.209999 1.660000 0.920000
v 57.020000 2.350000 0.790000
v 57.070000 4.340000 1.120000
v 55.869999 5.200000 1.940000
v 55.070000 5.250000 2.260000
v 55.709999 6.620000 3.020000
v 54.759998 6.380000 3.380000
v 56.175537 8.246241 5.416954
v 53.270000 5.550000 7.570000
v 47.330002 8.100000 12.500000
v 46.790001 7.920000 13.920000
v 46.849998 6.460000 13.920000
v 46.939999 5.510000 13.990000
v 48.010979 2.143906 13.883218
v 52.090000 -0.280000 15.050000
v 53.160782 1.165866 13.628532
v 53.009102 1.842135 12.672301
v 52.119999 2.350000 11.180000
v 46.400002 14.200000 7.170000
v 47.340000 17.200001 7.670000
v 47.662632 16.171986 10.250591
v 47.501736 14.765351 10.801310
v 47.830002 15.110000 12.310000
v 47.310001 14.630000 13.620000
v 46.630001 14.090000 14.850000
v 46.619999 12.650000 14.670000
v 46.820000 11.640000 14.130000
v 46.610001 10.000000 14.290000
v 44.520000 26.629999 0.560000
v 48.820000 26.040001 4.890000
v 45.560001 30.120001 0.800000
v 44.810001 28.780001 0.650000
v 43.950001 28.080000 0.250000
v 49.310001 25.469999 7.450000
v 48.869999 23.639999 7.320000
v 48.299999 22.139999 7.090000
v 47.900002 20.799999 6.760000
v 47.522774 19.389612 6.778671
v 43.490002 30.150000 0.140000
v 41.630001 30.320000 0.120000
v 39.790001 30.209999 0.660000
v 38.220001 30.100000 1.320000
v 37.200001 29.809999 1.870000
v 36.599998 29.719999 2.940000
v 36.529999 31.540001 2.990000
v 36.320000 31.860001 5.000000
v 36.250000 31.620001 5.780000
v 36.180000 31.450001 6.370000
v 36.129723 31.862009 7.406551
v 35.998245 32.367836 9.309674
v 40.896378 19.115664 17.951982
v 40.337761 21.080095 17.948301
v 39.030273 21.599279 18.113153
v 38.259060 22.798758 17.955999
v 36.977520 22.976524 17.705933
v 35.475792 25.722389 15.959777
v 36.389359 24.518890 17.029060
v 20.732813 59.126842 7.268714
v 20.980814 57.565834 8.091801
v 21.282522 56.190750 8.692617
v 21.399776 55.160015 8.915183
v 21.020000 54.889999 10.620000
v 21.020000 53.290001 11.330000
v 21.030001 51.950001 11.840000
v 20.930000 50.369999 12.310000
v 20.910000 48.830002 12.810000
v 21.190001 47.540001 12.820000
v 20.120001 47.220001 13.980000
v 20.070000 45.549999 14.500000
v 20.450001 44.500000 14.490000
v 19.530001 44.439999 15.310000
v 13.968194 49.744686 0.472660
v 12.410000 48.770000 0.950000
v 10.600000 48.650002 1.520000
v 9.140000 48.220001 2.620000
v 8.650000 46.869999 3.090000
v 8.700000 45.669998 2.980000
v 8.660000 44.630001 3.000000
v 8.010000 44.570000 3.870000
v 7.945375 44.290031 5.066667
v 7.636886 44.176273 6.731401
v 7.527674 43.569656 7.734318
v 7.316679 43.691959 8.495850
v 6.985731 43.712082 9.317058
v 6.699904 43.497734 10.441875
v 6.824089 45.398483 11.549184
v 6.696448 44.745380 10.284942
v -18.750000 43.759998 0.400000
v -20.520000 43.860001 0.350000
v -22.549999 44.200001 0.820000
v -24.030001 44.169998 1.700000
v -25.299999 44.330002 2.950000
v -25.750000 44.099998 3.730000
v -26.209999 44.049999 4.810000
v -26.690001 43.820000 6.580000
v -27.420000 44.040001 8.680000
v -20.430000 45.799999 14.100000
v -22.670000 45.939999 13.720000
v -23.680000 45.650002 13.440000
v -24.600000 45.430000 12.950000
v -25.780001 45.560001 12.290000
v -26.900000 45.490002 11.320000
v -27.549999 45.619999 9.420000
v -16.089693 46.687653 0.982067
v -17.631227 46.075054 0.528050
v -19.340000 45.980000 0.410000
v -20.780001 45.209999 0.490000
v 18.920000 46.080002 15.150000
v 17.910000 45.849998 15.770000
v 17.379999 47.400002 15.700000
v 15.950000 47.439999 16.260000
v 14.800000 47.230000 16.440001
v 13.410000 47.220001 16.620001
v 12.500000 47.400002 16.090000
v 11.584429 47.035503 16.079338
v 10.558793 47.187695 16.103512
v 9.591320 47.502846 15.533328
v 8.610719 47.480782 14.691016
v 8.097083 46.836258 14.118308
v 7.273447 46.996742 12.839020
v 6.844293 47.477516 11.329214
v -16.100000 52.009998 9.890000
v -17.180000 51.470001 11.010000
v -16.450001 50.000000 11.160000
v -15.770000 48.950001 11.110000
v -16.459999 49.040001 11.970000
v -17.820000 48.360001 12.710000
v -19.770000 48.279999 13.440000
v -19.650000 47.110001 13.910000
v 51.810001 -0.990000 17.010000
v 46.320000 11.370000 14.880000
v 45.779999 12.560000 15.690000
v 45.540001 14.460000 15.940000
v 45.340000 16.680000 16.230000
v 44.119999 16.209999 16.950001
v 43.980000 17.299999 16.990000
v 44.330002 19.219999 16.850000
v 42.727135 19.602251 17.448826
v 43.029999 -60.869999 35.689999
v 43.360001 -59.520000 34.970001
v 43.240002 -58.400002 34.619999
v 44.560001 -58.740002 34.040001
v 46.160000 -58.470001 32.910000
v 46.459999 -56.810001 32.270000
v 45.619999 -55.299999 32.270000
v 30.930000 -76.730003 47.060001
v 32.340000 -76.690002 47.139999
v 33.650002 -76.500000 46.950001
v 34.720001 -77.029999 46.630001
v 36.560001 -76.820000 46.000000
v 37.500000 -75.660004 45.270000
v 39.540001 -75.500000 44.299999
v 39.599998 -73.540001 43.500000
v 38.139999 -72.449997 43.740002
v 37.310001 -72.239998 43.980000
v 38.970001 -71.970001 43.160000
v 40.720001 -72.419998 42.560001
v 40.790001 -70.709999 41.830002
v 41.369999 -69.330002 41.000000
v 41.830002 -67.809998 39.990002
v 41.540001 -66.250000 39.459999
v 41.750000 -64.809998 38.340000
v 42.290001 -63.380001 37.450001
v 43.750000 -62.380001 36.049999
v 47.139999 -55.080002 31.260000
v 47.590000 -53.430000 30.650000
v 47.259998 -52.189999 30.490000
v 47.439999 -50.889999 29.969999
v 47.880001 -49.439999 29.260000
v 48.419998 -47.849998 28.480000
v 49.750000 -47.610001 27.549999
v 49.310001 -46.020000 27.570000
v 49.119999 -44.650002 27.500000
v 50.240002 -43.259998 26.490000
v 50.860001 -41.689999 25.690001
v 51.279999 -40.099998 25.150000
v 51.689999 -38.599998 24.570000
v 52.349998 -36.939999 24.020000
v 52.060001 -35.490002 24.000000
v 52.040001 -33.790001 23.770000
v 52.490002 -32.330002 23.370001
v 53.259998 -30.730000 22.730000
v 54.330002 -29.260000 21.930000
v 54.369999 -27.610001 21.940001
v 53.799999 -26.150000 22.280001
v 54.220001 -24.209999 22.129999
v 54.070000 -22.860001 22.340000
v 55.040001 -21.370001 22.030001
v 55.290001 -19.940001 21.910000
v 55.810001 -17.860001 21.670000
v 55.209999 -16.420000 22.000000
v 54.250000 -14.600000 21.750000
v 52.380001 -13.620000 21.910000
v 52.730000 -11.940000 22.280001
v 51.299999 -11.380000 22.020000
v 51.990002 -10.380000 21.990000
v 52.160000 -9.120000 21.100000
v 50.669998 -8.740000 21.430000
v 51.270000 -7.400000 20.680000
v 52.680000 -7.260000 20.030001
v 53.070000 -5.810000 19.379999
v 52.910000 -4.330000 18.910000
v 52.180000 -2.920000 18.219999
v 53.860001 -2.250000 17.350000
v 15.830000 -98.300003 49.799999
v 17.260000 -98.239998 49.730000
v 11.320000 -99.489998 48.240002
v 13.050000 -99.540001 48.869999
v 14.570000 -99.580002 48.990002
v 15.240000 -99.730003 49.790001
v 16.799999 -99.550003 49.689999
v 19.080000 -98.370003 50.209999
v 20.410000 -96.669998 50.110001
v 19.530001 -95.250000 49.630001
v 19.690001 -93.980003 49.740002
v 21.230000 -92.449997 49.599998
v 20.490000 -90.910004 49.119999
v 19.860001 -89.379997 49.189999
v 20.990000 -88.150002 48.939999
v 25.059999 -81.209999 48.580002
v 25.370001 -80.080002 48.610001
v 27.570000 -81.139999 48.639999
v 27.490000 -80.089996 48.700001
v 29.100000 -80.000000 48.299999
v 31.240000 -79.489998 48.009998
v 30.920000 -77.889999 47.560001
v 30.500000 -77.120003 47.619999
v 22.920000 -87.930000 49.310001
v 23.480000 -86.540001 49.250000
v 23.440001 -85.029999 49.070000
v 24.020000 -83.169998 49.110001
v 22.990000 -81.889999 48.889999
v 39.084309 -99.482582 12.810809
v 38.208076 -97.912231 12.296978
v 46.366325 -78.126961 13.036168
v 45.762646 -77.132805 10.365477
v 45.387321 -76.933762 9.460153
v 46.532551 -75.594490 9.336990
v 45.487186 -75.472107 7.744609
v 44.973087 -75.552216 7.232069
v 62.109364 -27.716549 5.906459
v 62.601257 -27.774511 7.027990
v 62.535442 -29.004320 7.176706
v 62.663616 -29.924408 7.731104
v 62.434525 -31.909845 7.740993
v 61.878727 -33.206005 6.694366
v 62.171978 -15.950528 3.665252
v 63.231136 -17.393656 5.840790
v 63.187534 -19.027323 6.413971
v 63.116451 -20.401434 7.293423
v 62.897926 -22.548986 7.275880
v 62.680000 -23.969999 6.410000
v 62.880001 -24.360001 7.350000
v 63.060001 -25.430000 7.870000
v 62.930000 -26.820000 8.820000
v 60.414284 -6.640408 1.110287
v 58.801239 -4.403291 0.378633
v 57.759998 -2.940000 0.170000
v 58.310001 -0.620000 0.300000
v 57.419998 0.720000 0.450000
v 59.160000 1.660000 0.370000
v 59.490002 4.000000 0.590000
v 58.480000 5.680000 0.940000
v 56.990002 6.370000 1.750000
v 57.349998 7.880000 2.360000
v 56.709999 8.130000 3.390000
v 57.860001 9.640000 3.060000
v 57.330002 10.350000 4.630000
v 58.199867 11.162850 6.902539
v 57.040001 8.740000 8.400000
v 56.380001 7.250000 9.090000
v 42.220974 21.402727 17.515720
v 39.141167 22.750034 17.937508
v 38.788921 23.499710 17.803600
v 38.140968 24.819275 17.576782
v 40.919285 22.663363 17.649624
v 39.861359 22.331724 17.895084
v 36.368752 33.064991 6.677685
v 36.392033 34.418266 9.098103
v 62.939999 -28.520000 8.420000
v 36.888180 32.371315 15.872036
v 36.559212 30.586020 16.168636
v 35.824699 29.256613 15.986899
v 35.974083 27.713718 16.329130
v 20.139999 53.270000 12.510000
v 20.160000 51.389999 13.110000
v 20.500000 50.660000 12.920000
v 30.670000 -80.099998 48.540001
v 30.959999 -81.220001 48.700001
v 33.110001 -80.919998 48.380001
v 33.340000 -79.529999 47.730000
v 32.840000 -77.849998 47.279999
v 29.200001 -80.410004 48.770000
v 19.680000 49.160000 14.220000
v 26.209999 -82.940002 48.889999
v 28.330000 -82.980003 49.020000
v 29.240000 -81.720001 48.840000
v 20.930000 -89.449997 49.110001
v 22.309999 -89.669998 49.290001
v 18.850000 47.689999 14.930000
v 21.500000 -90.839996 49.560001
v 21.260000 -94.040001 49.860001
v 22.910000 -93.360001 50.080002
v 22.889999 -91.800003 49.770000
v 22.250000 -91.010002 49.480000
v 20.620001 -95.120003 49.750000
v 25.450001 -84.620003 49.169998
v 24.900000 -85.949997 49.369999
v 36.822952 26.323307 16.976637
v 23.670000 -87.589996 49.770000
v 25.080000 -87.180000 49.549999
v 20.534294 62.489738 6.974847
v 20.802500 60.801449 9.031280
v 20.828629 59.184700 9.167310
v 20.956236 57.985535 9.246040
v 21.270000 56.680000 9.650000
v 23.650000 -89.260002 49.599998
v 24.860001 -88.650002 49.950001
v 20.870001 56.919998 11.090000
v 20.080000 55.970001 12.300000
v 20.209999 54.790001 12.280000
v 54.549999 2.480000 13.170000
v 59.775105 -1.867604 0.429734
v 59.709999 -0.360000 0.290000
v 59.580002 0.360000 0.320000
v 48.122143 19.511518 8.816560
v 47.816418 17.686357 9.441013
v 48.110001 17.860001 11.040000
v 47.910000 16.450001 11.600000
v 60.459866 -3.585880 0.798776
v 47.939999 16.700001 12.800000
v 47.380001 16.290001 14.020000
v 46.520000 15.770000 15.160000
v 63.447315 -13.114622 4.222955
v 63.506718 -15.127653 5.225563
v 63.271770 -16.186657 5.264526
v 57.470001 8.100000 9.910000
v 56.942501 5.501250 12.385000
v 58.610001 9.750000 9.700000
v 58.189999 11.770000 4.770000
v 59.450001 13.380000 5.370000
v 59.630466 13.414132 7.505759
v 59.529999 12.870000 9.020000
v 59.027790 11.354537 8.930542
v 58.900002 11.550000 3.470000
v 59.049999 8.660000 1.740000
v 59.450001 10.090000 2.010000
v 59.700001 11.320000 2.340000
v 58.349998 7.210000 1.520000
v 60.330002 5.850000 0.550000
v 59.930000 7.410000 0.820000
v 61.186844 3.130935 0.550192
v 60.880001 4.100000 0.440000
v 62.110149 5.536468 0.481023
v 54.200001 -0.680000 15.600000
v 54.032200 0.588353 14.517814
v 61.014839 0.651724 0.677476
v 44.049999 31.719999 0.100000
v 42.470001 31.990000 0.070000
v 41.330002 31.410000 0.290000
v 39.520000 31.620001 0.670000
v 37.790001 31.500000 1.280000
v 63.279999 -21.430000 9.380000
v 63.130001 -22.990000 8.980000
v 63.040001 -24.309999 8.780000
v 63.380001 -19.309999 7.680000
v 63.279999 -19.500000 9.210000
v 63.540001 -17.450001 7.520000
v 63.439999 -17.809999 9.090000
v 63.790001 -15.780000 6.540000
v 63.700001 -16.309999 7.620000
v 62.250000 -33.840000 7.690000
v 61.828430 -34.698406 7.128361
v 60.824467 -35.475986 5.807195
v 62.919998 -30.700001 8.920000
v 62.840000 -32.259998 9.140000
v 62.509998 -33.540001 8.760000
v 37.610001 33.160000 1.820000
v 36.480000 33.380001 3.430000
v 36.360001 32.950001 4.670000
v 63.040001 -29.100000 10.490000
v 63.009998 -25.500000 9.030000
v 62.939999 -25.500000 10.610000
v 63.000000 -27.120001 10.740000
v 49.740002 29.950001 4.930000
v 49.570000 27.629999 5.500000
v 49.799999 27.600000 6.550000
v 46.080002 34.439999 0.440000
v 44.750000 32.720001 0.110000
v 50.009998 27.090000 7.720000
v 50.040001 26.709999 9.360000
v 49.689999 25.150000 9.400000
v 49.200001 23.510000 9.310000
v 48.880001 22.350000 8.630000
v 48.549999 21.200001 8.610000
v 48.259998 20.900000 7.810000
v 11.422815 48.666534 15.851181
v 10.278274 48.343578 15.777537
v 48.590000 -54.669998 30.100000
v 48.709999 -53.180000 29.760000
v 48.490002 -51.509998 29.370001
v 48.419998 -56.730000 30.709999
v 44.080002 -61.049999 35.240002
v 44.230000 -60.070000 34.700001
v 43.720001 -64.570000 37.290001
v 44.959999 -63.970001 36.169998
v 45.150002 -62.570000 35.299999
v 45.279999 -60.880001 34.459999
v 9.076082 49.103630 14.942437
v 8.384138 48.707253 14.288160
v 43.310001 -65.830002 38.299999
v 7.692439 48.484070 13.352949
v 7.225523 48.125523 12.679088
v 42.919998 -67.199997 39.180000
v 42.830002 -69.400002 40.160000
v 43.580002 -69.000000 39.500000
v 6.870885 48.181194 11.966731
v 6.910509 46.763870 9.233217
v 6.945407 49.242100 9.525989
v 7.054800 49.666603 11.633535
v 41.950001 -70.860001 41.430000
v 43.330002 -70.650002 40.419998
v -16.760000 53.730000 9.160000
v -18.020000 53.470001 10.640000
v -18.730000 52.790001 11.660000
v -18.139999 51.380001 11.830000
v -17.260000 50.419998 11.680000
v 50.209999 -45.369999 26.930000
v 50.119999 -44.509998 26.820000
v -27.850000 45.610001 7.400000
v -28.139999 47.459999 7.670000
v -28.209999 47.220001 9.330000
v -27.370001 47.529999 10.960000
v -26.120001 46.860001 12.110000
v 50.830002 -46.750000 26.790001
v 49.630001 -49.009998 27.930000
v 50.650002 -49.099998 27.209999
v 51.540001 -48.290001 26.430000
v -17.968273 47.703781 0.487128
v -19.570000 47.290001 0.360000
v 48.990002 -49.849998 28.590000
v -21.450001 47.020000 0.530000
v -23.070000 46.650002 0.740000
v -22.740000 45.470001 0.830000
v 17.990000 49.070000 15.140000
v 16.760000 49.000000 15.840000
v 15.970000 48.500000 16.090000
v 14.670000 48.669998 16.450001
v 13.300000 48.700001 16.420000
v 12.290000 48.580002 16.629999
v 47.369999 -58.340000 31.920000
v 48.389999 -58.290001 31.020000
v 45.790001 -59.590000 33.580002
v 47.040001 -60.290001 32.950001
v 48.529999 -59.919998 31.320000
v 44.580002 21.180000 16.930000
v 45.189999 18.230000 16.500000
v 45.770000 19.590000 16.110001
v 46.029999 21.389999 16.120001
v 46.779999 17.870001 15.290000
v 46.189999 18.770000 15.890000
v 42.340000 -72.379997 41.770000
v 41.400002 -74.000000 42.900002
v 42.869999 -74.059998 42.189999
v -18.160000 50.220001 12.370000
v -19.520000 50.080002 12.870000
v 41.130001 -74.839996 43.360001
v 38.919998 -76.900002 45.160000
v 39.810001 -77.019997 44.750000
v 41.560001 -76.959999 44.000000
v 42.439999 -76.250000 43.299999
v 38.520000 -78.260002 45.910000
v -21.290001 49.830002 13.310000
v -21.070000 48.410000 13.750000
v -20.670000 47.400002 13.820000
v -22.340000 47.480000 13.860000
v 35.340000 -78.720001 47.110001
v 37.009998 -78.449997 46.520000
v 8.000000 46.119999 3.970000
v 7.780000 45.750000 5.190000
v 7.627812 45.430237 6.342495
v 7.344167 45.717735 7.652340
v 7.112203 44.750973 8.604598
v 53.166599 -3.261619 18.123083
v 53.924397 -3.366468 18.256678
v 55.397469 -3.392805 17.796024
v 55.830002 -1.910000 16.559999
v 54.349998 -5.510000 19.639999
v 54.470001 -4.160000 18.980000
v 54.590000 -7.290000 19.600000
v 54.189999 -8.840000 20.200001
v 52.580002 -9.930000 21.309999
v 53.959999 -10.460000 20.889999
v 20.430000 -98.279999 50.419998
v 21.500000 -98.199997 50.810001
v 22.080000 -96.400002 50.520000
v 21.809999 -95.169998 50.110001
v 18.410000 -98.620003 50.580002
v 18.100000 -99.470001 50.090000
v 18.840000 -99.510002 50.439999
v 20.950001 -99.410004 50.860001
v 13.354003 51.355759 0.586016
v 11.858029 50.490108 1.169224
v 16.700001 -98.680000 50.009998
v 10.370000 50.230000 1.800000
v 17.120001 -99.849998 50.369999
v 9.150000 50.009998 2.740000
v 8.130000 49.700001 3.640000
v 8.390000 48.560001 3.340000
v 8.010000 47.650002 3.830000
v 54.860001 -25.120001 21.629999
v 54.900002 -24.129999 21.719999
v 55.599998 -23.010000 21.290001
v 55.330002 -26.670000 21.139999
v 55.139999 -28.799999 21.330000
v 56.279999 -28.510000 20.400000
v 54.910000 -30.670000 21.559999
v 55.580002 -29.840000 21.020000
v 53.700001 -32.060001 22.580000
v 54.630001 -31.969999 21.920000
v 53.290001 -33.540001 22.980000
v 54.369999 -33.290001 22.240000
v 53.349998 -35.349998 23.209999
v 54.360001 -34.840000 22.450001
v -23.469999 47.240002 13.510000
v -24.530001 46.869999 13.250000
v 53.610001 -36.650002 23.240000
v 53.230000 -38.430000 23.639999
v 54.299999 -38.279999 22.920000
v 52.880001 -40.110001 24.129999
v 53.750000 -39.880001 23.430000
v 52.400002 -41.610001 24.730000
v 53.349998 -41.459999 23.969999
v 51.610001 -43.020000 25.510000
v 52.820000 -43.040001 24.639999
v 50.930000 -44.720001 26.370001
v 51.869999 -44.450001 25.650000
v 53.349998 -11.260000 21.469999
v 53.570000 -13.060000 21.730000
v 54.869999 -12.150000 20.990000
v -24.469999 45.799999 1.320000
v -25.820000 45.910000 2.670000
v 55.980000 -14.590000 21.230000
v 55.730000 -13.570000 21.090000
v -26.490000 45.610001 3.450000
v -26.590000 45.200001 4.560000
v 56.270000 -16.420000 21.680000
v 57.310001 -15.030000 20.719999
v 56.529999 -18.969999 21.139999
v 56.779999 -17.660000 21.070000
v 56.849998 -16.660000 21.040001
v 56.060001 -20.920000 21.240000
v 56.910000 -20.400000 20.690001
v 57.000000 -21.950001 20.209999
v 43.509998 22.889999 17.160000
v 42.173992 23.757570 17.396961
v 39.754730 23.786726 17.666500
v 39.574699 25.447136 17.552965
v 39.154186 26.928255 17.612680
v 37.904366 26.905828 17.456528
v 40.926533 23.817301 17.513998
v 36.740002 34.740002 4.970000
v 36.660000 34.959999 6.660000
v 36.580002 34.750000 7.700000
v 36.740131 36.438137 9.056119
v 37.782578 34.307972 16.023359
v 38.098186 32.675774 16.580729
v 37.889702 31.276493 16.756237
v 37.738708 29.549805 17.050947
v 36.559853 29.697365 16.567717
v 36.582386 28.934275 16.730501
v 37.214867 28.036297 17.172585
v 19.150000 54.790001 13.340000
v 19.100000 53.130001 13.660000
v 19.309999 51.910000 13.710000
v 19.410000 50.759998 13.950000
v 30.190001 -82.940002 49.119999
v 31.809999 -82.870003 49.130001
v 33.990002 -82.449997 48.990002
v 34.930000 -81.110001 48.250000
v 34.570000 -80.089996 47.910000
v 18.430000 50.750000 14.640000
v 27.430000 -84.559998 49.270000
v 29.500000 -84.550003 49.459999
v 23.030001 -90.800003 49.599998
v 24.389999 -90.860001 49.889999
v 23.410000 -94.980003 50.639999
v 23.750000 -93.629997 50.939999
v 24.049999 -92.500000 50.740002
v 26.559999 -86.070000 49.459999
v 25.420000 -86.279999 49.700001
v 25.469999 -87.790001 50.029999
v 26.780001 -87.599998 50.009998
v 20.404982 65.461632 7.329734
v 20.535574 63.930412 9.211358
v 20.732637 62.383507 8.899218
v 20.790001 62.209999 10.280000
v 20.889999 60.590000 10.420000
v 20.770000 59.529999 10.050000
v 20.820000 58.430000 10.220000
v 25.799999 -90.540001 50.930000
v 26.250000 -89.089996 50.500000
v 20.420000 58.610001 11.390000
v 19.309999 57.730000 12.740000
v 19.120001 56.270000 13.140000
v 55.719433 0.397368 15.346695
v 57.105843 2.232195 14.779732
v 57.029999 3.900000 13.870000
v 62.747562 -2.710110 1.944372
v 48.849998 21.170000 10.570000
v 48.459999 19.420000 10.620000
v 48.619999 19.150000 12.080000
v 48.169998 17.860001 12.610000
v 47.750000 17.870001 14.290000
v 64.593208 -10.071259 4.780810
v 64.416481 -12.342895 5.667835
v 64.089622 -13.250135 5.422677
v 64.260361 -14.120760 6.647510
v 58.560001 8.270000 11.110000
v 57.997906 7.302421 11.486658
v 59.588573 7.691686 12.724853
v 59.875767 5.450273 14.268751
v 58.483440 3.821051 14.451409
v 59.886162 11.444868 10.422008
v 59.610001 10.000000 10.860000
v 59.330002 8.870000 11.440000
v 59.820000 13.190000 3.650000
v 60.580002 14.710000 3.640000
v 60.450001 14.940000 5.500000
v 60.692963 14.973327 7.406105
v 60.474419 14.598406 9.112968
v 60.020000 13.010000 10.320000
v 60.619999 13.020000 2.420000
v 59.840000 8.610000 1.260000
v 60.570000 9.760000 1.260000
v 60.200001 10.980000 1.740000
v 61.169998 12.520000 1.460000
v 61.840000 7.330000 0.390000
v 61.230000 8.570000 0.720000
v 64.978081 4.138164 1.755635
v 63.837975 6.154289 0.604076
v 63.570000 7.040000 0.290000
v 63.529999 8.420000 0.280000
v 43.080002 33.689999 0.170000
v 40.810001 33.529999 0.270000
v 39.520000 32.959999 0.540000
v 63.070000 -19.889999 11.030000
v 62.990002 -21.410000 11.080000
v 62.959999 -22.559999 10.980000
v 63.230000 -23.700001 10.450000
v 63.169998 -18.129999 10.960000
v 63.730000 -16.040001 9.490000
v 63.770000 -16.330000 10.480000
v 63.279999 -16.530001 11.500000
v 64.070000 -14.760000 8.800000
v 62.250000 -35.200001 8.910000
v 62.090000 -34.970001 7.850000
v 61.793713 -36.111897 7.903979
v 63.029999 -30.370001 9.700000
v 63.049999 -31.540001 10.200000
v 62.740002 -33.730000 11.310000
v 62.660000 -34.650002 10.440000
v 38.380001 34.639999 1.290000
v 37.660000 34.630001 2.400000
v 37.080002 34.459999 3.150000
v 62.439999 -27.020000 12.610000
v 62.540001 -29.250000 12.880000
v 62.860001 -30.450001 11.990000
v 63.049999 -30.840000 11.010000
v 62.610001 -23.889999 11.960000
v 62.610001 -25.420000 12.130000
v 50.240002 32.160000 4.870000
v 50.619999 31.450001 7.150000
v 50.369999 29.900000 7.140000
v 50.130001 29.049999 6.800000
v 50.490002 28.770000 8.530000
v 47.759998 34.790001 1.060000
v 47.720001 37.450001 1.070000
v 45.560001 36.790001 0.280000
v 43.709999 36.189999 0.230000
v 43.770000 34.900002 0.220000
v 50.389999 28.299999 10.690000
v 50.119999 26.690001 11.070000
v 49.759998 25.400000 10.960000
v 49.360001 23.910000 10.980000
v 49.099998 22.790001 10.890000
v 11.514499 50.270313 16.124771
v 9.612261 50.153290 15.059971
v 49.410000 -56.169998 29.830000
v 49.450001 -54.610001 29.350000
v 49.529999 -53.540001 29.090000
v 49.549999 -52.279999 28.760000
v 50.560001 -50.799999 27.559999
v 49.570000 -58.290001 29.969999
v 50.130001 -57.590000 29.410000
v 44.439999 -66.150002 37.849998
v 45.490002 -66.139999 37.090000
v 46.299999 -65.449997 36.310001
v 45.880001 -64.250000 35.799999
v 46.380001 -63.320000 34.910000
v 46.419998 -61.639999 34.020000
v 8.616642 50.092667 14.367559
v 8.219499 49.796940 13.990696
v 7.652465 49.666103 13.162986
v 44.360001 -67.610001 38.419998
v 44.860001 -67.220001 37.959999
v 44.700001 -68.940002 38.700001
v 44.060001 -70.250000 39.810001
v 45.110001 -70.430000 39.020000
v 7.477773 47.120464 6.582269
v 7.237194 48.895290 7.672111
v 7.317513 50.758545 8.086896
v 7.055798 51.792999 9.743817
v 7.186233 51.906445 11.593900
v 7.955563 51.114410 13.357599
v 43.520000 -72.500000 41.220001
v 44.619999 -72.330002 40.410000
v 45.320000 -71.699997 39.619999
v -15.972503 53.544003 7.820651
v -17.082848 55.409184 8.060067
v -17.500000 55.049999 9.210000
v -18.309999 55.119999 10.180000
v -19.160000 54.770000 10.890000
v -20.040001 54.389999 11.700000
v -19.930000 52.980000 12.220000
v -19.230000 51.570000 12.280000
v 50.970001 -45.660000 26.500000
v -27.139999 46.849998 4.650000
v -27.969999 48.939999 5.280000
v -28.440001 48.939999 7.410000
v -28.459999 48.939999 9.230000
v -27.709999 48.599998 10.550000
v -26.930000 48.720001 11.690000
v -26.059999 48.619999 12.260000
v -24.290001 48.630001 13.120000
v 52.139999 -46.820000 25.870001
v 51.770000 -45.720001 25.969999
v 52.119999 -49.840000 26.139999
v 52.740002 -48.509998 25.490000
v 53.040001 -47.110001 25.209999
v -17.153500 49.084663 0.767230
v -18.867491 49.231773 0.506360
v -20.219999 48.849998 0.480000
v -22.090000 48.580002 0.660000
v -23.959999 48.180000 0.920000
v -24.410000 47.060001 1.180000
v 16.770000 50.520000 15.450000
v 15.060000 50.070000 16.139999
v 13.150000 50.060001 16.639999
v 49.970001 -59.639999 29.850000
v 48.020000 -61.830002 32.880001
v 48.759998 -61.220001 31.820000
v 49.779999 -61.650002 30.719999
v 50.779999 -61.470001 29.430000
v 45.470001 22.879999 16.500000
v 44.360001 23.959999 16.840000
v 47.119999 20.360001 15.150000
v 47.330002 22.610001 15.270000
v 46.520000 22.660000 15.800000
v 46.180000 24.030001 15.940000
v 47.880001 19.459999 14.230000
v 44.189999 -73.809998 41.400002
v 42.610001 -75.019997 42.770000
v 44.119999 -75.739998 42.320000
v 44.860001 -75.160004 41.619999
v -20.920000 51.880001 12.670000
v 39.869999 -78.349998 45.419998
v 41.669998 -78.589996 44.680000
v 42.180000 -78.040001 44.220001
v 43.720001 -77.830002 43.410000
v 43.869999 -76.779999 42.880001
v 37.709999 -79.989998 47.000000
v 39.630001 -80.070000 46.320000
v 41.020000 -79.949997 45.580002
v -22.889999 51.439999 12.920000
v -22.480000 50.160000 13.220000
v -22.459999 49.119999 13.460000
v -21.700001 48.720001 13.700000
v 36.029999 -80.160004 47.860001
v 7.780000 46.990002 4.930000
v 55.340000 -5.130000 18.559999
v 56.970001 -4.190000 17.969999
v 57.643524 -2.114752 16.990559
v 56.860329 -0.628942 16.454262
v 56.459999 -6.610000 18.889999
v 55.410000 -8.720000 19.750000
v 56.580002 -8.510000 19.330000
v 56.349998 -10.220000 19.790001
v 56.279999 -11.810000 20.309999
v 22.700001 -99.400002 51.230000
v 23.250000 -98.059998 51.220001
v 23.309999 -96.709999 50.980000
v 12.792075 52.912193 0.757712
v 11.439761 51.981941 1.410380
v 9.830000 51.980000 2.270000
v 8.970000 51.470001 2.890000
v 7.960000 51.410000 4.240000
v 7.580000 50.009998 4.870000
v 7.720000 48.400002 5.070000
v 55.770000 -25.219999 20.860001
v 55.680000 -24.389999 21.030001
v 56.540001 -24.150000 20.290001
v 56.630001 -26.760000 20.010000
v 56.410000 -25.719999 20.209999
v 56.799999 -31.280001 20.240000
v 57.730000 -29.730000 19.250000
v 57.270000 -28.520000 19.520000
v 57.759998 -27.250000 19.030001
v 55.599998 -31.790001 21.230000
v 56.040001 -33.320000 21.139999
v 56.160000 -35.040001 21.250000
v 55.310001 -36.740002 22.080000
v 56.070000 -36.209999 21.469999
v 55.799999 -38.320000 22.020000
v 54.900002 -39.750000 22.670000
v 56.020000 -39.709999 21.940001
v 54.459999 -41.340000 23.160000
v 55.450001 -41.200001 22.410000
v 54.040001 -42.959999 23.730000
v 55.090000 -42.810001 22.879999
v 53.259998 -44.360001 24.690001
v 54.669998 -44.669998 23.559999
v 53.290001 -45.759998 24.940001
v 57.250000 -13.260000 20.500000
v -25.930000 47.500000 1.880000
v -26.719999 47.230000 3.050000
v 58.049999 -16.260000 19.959999
v 58.430000 -14.500000 19.660000
v 57.980000 -13.070000 19.850000
v 57.560001 -18.910000 20.240000
v 57.509998 -17.889999 20.330000
v 58.000000 -20.510000 19.559999
v 58.250000 -19.090000 19.420000
v 57.790001 -23.530001 19.170000
v 58.320000 -22.219999 18.790001
v 58.700001 -20.790001 18.500000
v 42.830002 24.930000 17.180000
v 42.037556 25.332890 17.625235
v 40.847103 25.082535 17.452414
v 40.181572 26.534344 17.372871
v 40.596348 27.428041 17.691574
v 39.752346 28.802576 17.502804
v 38.364319 28.163300 17.556522
v 37.669998 36.209999 3.370000
v 36.990002 36.520000 5.240000
v 36.869251 36.283211 6.344351
v 36.783443 36.067593 7.489928
v 37.077587 37.917618 7.647789
v 37.832207 36.178246 15.526589
v 38.888149 36.023140 16.150230
v 38.837215 34.714951 16.431063
v 39.270611 33.459694 16.707642
v 39.336754 31.762522 16.976986
v 39.253353 30.391174 17.221085
v 17.870001 56.610001 14.060000
v 18.120001 54.799999 14.430000
v 18.320000 53.480000 14.360000
v 18.510000 52.259998 14.330000
v 31.420000 -84.330002 49.700001
v 32.470001 -83.160004 49.730000
v 33.810001 -83.540001 49.939999
v 35.560001 -84.190002 49.730000
v 36.290001 -83.050003 48.970001
v 37.009998 -81.900002 48.130001
v 17.170000 52.330002 15.050000
v 28.620001 -86.279999 49.720001
v 30.940001 -86.070000 49.990002
v 25.290001 -92.510002 50.889999
v 25.110001 -95.610001 51.180000
v 24.910000 -94.010002 50.790001
v 27.379999 -86.339996 50.090000
v 27.299999 -88.809998 50.080002
v 27.469999 -87.860001 50.419998
v 28.770000 -87.980003 50.060001
v 20.308167 67.725319 6.493757
v 20.441090 67.472473 9.018501
v 20.359529 66.048218 9.389390
v 19.930000 65.220001 11.080000
v 20.450001 63.689999 10.530000
v 19.980000 62.599998 11.570000
v 20.209999 61.209999 11.460000
v 20.389999 60.160000 11.350000
v 27.440001 -91.989998 51.439999
v 27.459999 -90.480003 51.290001
v 27.240000 -89.580002 50.880001
v 19.540001 59.959999 12.650000
v 18.219999 59.450001 13.590000
v 18.230000 58.049999 13.690000
v 57.709999 0.600000 16.309999
v 59.110001 2.170000 15.480000
v 48.950001 22.469999 12.690000
v 48.619999 20.430000 12.760000
v 48.720001 19.280001 12.780000
v 65.074020 -10.025275 5.556876
v 65.667381 -8.156569 6.703188
v 65.055664 -11.130181 6.929711
v 64.680000 -12.660000 7.010000
v 64.699997 -12.760000 9.080000
v 62.070000 7.190000 14.660000
v 61.230000 8.850000 13.510000
v 60.380001 8.710000 12.800000
v 60.485428 9.877732 12.059121
v 62.189999 4.940000 15.380000
v 60.889999 3.280000 15.440000
v 60.730000 12.880000 11.020000
v 60.919991 11.769867 11.618115
v 61.259998 14.680000 2.310000
v 61.910000 16.469999 3.380000
v 61.562752 16.419905 5.250505
v 61.608288 16.413200 6.998941
v 61.917458 16.599411 8.419674
v 62.151134 16.236135 9.982960
v 61.709999 12.990000 11.860000
v 62.959999 14.910000 1.300000
v 62.360001 9.840000 0.660000
v 61.840000 11.160000 1.020000
v 63.259998 12.530000 0.740000
v 64.785690 8.165101 0.507793
v 64.529999 9.840000 0.280000
v 64.050003 10.960000 0.350000
v 42.220001 35.270000 0.110000
v 40.290001 35.209999 0.670000
v 62.880001 -18.430000 12.220000
v 62.709999 -19.799999 12.370000
v 62.570000 -21.200001 12.180000
v 62.669998 -22.340000 11.850000
v 62.790001 -16.910000 12.880000
v 63.770000 -14.490000 10.870000
v 63.430000 -14.990000 12.080000
v 62.660000 -15.370000 13.630000
v 64.029999 -13.220000 11.120000
v 62.279999 -36.759998 10.600000
v 62.029999 -36.610001 9.110000
v 61.634716 -38.188953 9.192056
v 61.329815 -37.452610 7.694280
v 63.020000 -31.770000 11.190000
v 62.720001 -32.950001 12.570000
v 62.389999 -34.820000 13.050000
v 62.450001 -36.150002 12.570000
v 38.700001 35.970001 1.690000
v 62.209999 -25.129999 13.240000
v 61.400002 -26.219999 14.670000
v 61.900002 -27.170000 13.910000
v 61.709999 -28.330000 14.430000
v 62.060001 -30.580000 14.390000
v 62.570000 -30.430000 13.010000
v 62.790001 -31.450001 12.870000
v 63.049999 -31.639999 11.500000
v 62.070000 -22.650000 13.110000
v 62.049999 -23.840000 13.210000
v 50.459999 35.080002 4.470000
v 50.619999 33.610001 5.330000
v 51.049999 33.680000 6.630000
v 51.189999 32.970001 9.140000
v 50.959999 31.219999 9.120000
v 50.689999 30.299999 8.230000
v 50.770000 30.139999 9.070000
v 50.799999 30.270000 10.380000
v 50.900002 38.939999 3.810000
v 48.160000 39.779999 1.260000
v 46.340000 39.150002 0.380000
v 45.950001 37.910000 0.470000
v 44.150002 38.220001 0.220000
v 42.080002 37.459999 0.430000
v 42.150002 36.349998 0.300000
v 50.639999 29.639999 11.840000
v 50.509998 28.500000 11.540000
v 50.110001 27.480000 12.140000
v 49.889999 25.559999 12.310000
v 49.340000 24.160000 12.600000
v 12.840000 51.880001 16.450001
v 10.807496 52.268131 15.959757
v 9.736434 51.733044 15.261486
v 8.865344 51.540874 14.502825
v 50.419998 -56.369999 28.920000
v 50.580002 -55.250000 28.490000
v 50.349998 -54.060001 28.430000
v 50.419998 -52.419998 28.010000
v 51.720001 -52.520000 26.809999
v 52.830002 -51.380001 25.719999
v 50.959999 -59.130001 28.830000
v 51.310001 -57.599998 28.280001
v 50.810001 -56.790001 28.570000
v 46.220001 -67.599998 37.110001
v 47.270000 -66.940002 36.130001
v 47.500000 -65.519997 35.209999
v 47.360001 -64.260002 34.639999
v 47.509998 -63.130001 33.930000
v 45.980000 -68.860001 37.840000
v 46.349998 -70.540001 38.080002
v 46.540001 -71.959999 38.360001
v 7.496818 48.958027 6.226682
v 7.570088 50.553398 6.351663
v 7.653736 51.124767 7.335539
v 7.608033 52.234650 7.686501
v 7.387537 52.027657 8.501093
v 7.441122 53.510342 8.682755
v 7.069228 53.747936 10.058301
v 7.206138 53.418755 11.355747
v 7.754303 53.123787 12.868097
v 8.733594 52.892452 14.333691
v 45.000000 -73.540001 40.779999
v 46.220001 -73.900002 40.150002
v 46.810001 -73.250000 39.119999
v -15.253788 52.791000 6.803970
v -16.196281 54.533138 6.718364
v -17.547825 56.971451 6.037210
v -17.888159 57.201176 7.575606
v -17.959999 56.740002 8.460000
v -18.200001 56.150002 9.420000
v -19.379999 56.560001 10.120000
v -20.309999 56.049999 10.990000
v -21.840000 55.900002 11.980000
v -21.639999 54.599998 12.300000
v -21.020000 53.520000 12.330000
v -27.180000 48.799999 3.240000
v -28.059999 50.410000 4.220000
v -28.410000 50.529999 5.520000
v -29.219999 50.490002 6.530000
v -29.209999 50.299999 7.900000
v -28.559999 50.270000 9.720000
v -27.410000 50.240002 11.520000
v -26.299999 50.060001 12.550000
v -25.309999 49.840000 12.950000
v -23.389999 50.150002 13.160000
v -24.950001 51.290001 12.940000
v 53.439999 -50.060001 25.110001
v 53.689999 -48.779999 24.830000
v 54.110001 -47.389999 24.450001
v 54.430000 -45.830002 24.190001
v -17.648258 51.325603 1.203434
v -17.794506 50.262440 0.817299
v -18.845608 50.554794 0.638792
v -20.830000 50.450001 0.520000
v -22.740000 50.220001 0.730000
v -24.620001 49.930000 1.100000
v -25.700001 49.180000 1.550000
v 15.250000 51.980000 15.830000
v 51.689999 -60.750000 28.370001
v 48.360001 -63.400002 33.259998
v 49.240002 -63.349998 32.119999
v 49.810001 -62.860001 31.150000
v 51.000000 -62.930000 29.740000
v 51.840000 -63.009998 28.559999
v 52.480000 -62.290001 27.360001
v 44.689999 25.459999 16.530001
v 43.150002 26.549999 16.879999
v 48.270000 21.000000 13.880000
v 48.549999 22.240000 14.320000
v 48.349998 24.290001 14.300000
v 47.160000 24.180000 15.350000
v 46.830002 25.820000 15.770000
v 45.250000 27.320000 16.260000
v 46.540001 -75.250000 40.680000
v 45.049999 -77.309998 42.560001
v 46.549999 -76.989998 41.520000
v -22.639999 53.549999 12.550000
v 42.799999 -80.029999 44.759998
v 43.820000 -79.470001 44.090000
v 45.520000 -79.430000 43.240002
v 45.259998 -78.290001 42.900002
v 39.310001 -81.879997 47.330002
v 40.840000 -81.750000 46.560001
v 41.950001 -81.269997 46.000000
v 43.490002 -81.580002 45.070000
v -24.600000 53.200001 12.490000
v 56.810001 -5.350000 18.360001
v 58.500000 -5.370000 17.950001
v 59.240002 -3.510000 17.260000
v 59.919998 -1.930000 16.760000
v 59.480000 -0.480000 16.510000
v 57.639999 -0.450000 16.780001
v 58.340000 -8.220000 18.850000
v 58.230000 -6.700000 18.450001
v 58.360001 -10.000000 19.100000
v 57.320000 -11.730000 19.760000
v 58.619999 -11.790000 19.049999
v 23.770000 -99.650002 51.880001
v 24.500000 -98.260002 51.459999
v 24.549999 -97.059998 51.500000
v 12.750838 54.476089 0.704959
v 10.925051 53.836678 1.643109
v 9.630000 53.410000 2.460000
v 8.980000 53.259998 3.060000
v 8.340000 53.029999 3.800000
v 7.720000 53.060001 5.360000
v 7.610000 51.770000 5.530000
v 57.369999 -25.360001 19.370001
v 57.220001 -33.169998 20.230000
v 58.099998 -32.990002 19.510000
v 57.860001 -31.570000 19.410000
v 58.650002 -30.389999 18.480000
v 58.230000 -28.740000 18.670000
v 58.779999 -27.520000 17.980000
v 58.849998 -25.879999 17.799999
v 58.660000 -24.240000 18.090000
v 57.099998 -34.810001 20.520000
v 58.139999 -34.680000 19.610001
v 57.279999 -36.610001 20.660000
v 58.020000 -36.150002 19.959999
v 56.560001 -38.080002 21.410000
v 57.340000 -37.790001 20.799999
v 57.150002 -39.910000 21.170000
v 57.740002 -39.389999 20.549999
v 56.509998 -41.049999 21.650000
v 57.480000 -40.919998 21.080000
v 56.080002 -42.619999 22.100000
v 57.029999 -42.520000 21.320000
v 55.810001 -44.340000 22.490000
v 56.820000 -44.130001 21.680000
v 55.689999 -46.330002 23.129999
v 56.520000 -45.959999 22.000000
v -26.480000 48.939999 2.170000
v 58.619999 -17.549999 19.240000
v 59.410000 -16.049999 18.680000
v 59.380001 -14.690000 18.809999
v 59.389999 -13.380000 18.969999
v 59.270000 -18.959999 18.170000
v 59.139999 -18.070000 18.559999
v 58.580002 -22.889999 18.350000
v 59.590000 -21.549999 17.309999
v 59.980000 -19.590000 17.030001
v 41.555645 26.748323 17.194546
v 41.552231 28.581697 17.467693
v 41.182369 30.700134 17.049690
v 38.980000 37.639999 1.980000
v 37.880001 38.009998 3.560000
v 37.529999 37.740002 4.370000
v 37.060001 37.630001 5.110000
v 37.070915 37.502510 5.979030
v 37.577690 39.087959 5.466094
v 37.452957 39.865242 8.033710
v 37.949253 37.789726 14.975220
v 38.695362 37.440029 15.739415
v 39.910740 35.073845 16.438810
v 40.186825 36.666958 16.223389
v 39.756451 37.702984 16.026739
v 40.370987 32.243774 16.926867
v 41.204491 33.578979 16.696421
v 17.430000 58.439999 14.330000
v 15.910000 57.500000 15.040000
v 16.840000 56.509998 14.710000
v 16.700001 55.410000 15.030000
v 17.219999 53.900002 14.920000
v 32.869999 -86.080002 50.209999
v 33.119999 -84.919998 50.020000
v 34.419998 -85.849998 50.340000
v 35.360001 -85.639999 50.389999
v 37.189999 -85.739998 50.060001
v 37.230000 -84.330002 49.459999
v 36.919998 -83.389999 49.439999
v 38.060001 -83.440002 48.730000
v 39.810001 -83.330002 47.880001
v 15.620000 53.720001 15.600000
v 30.719999 -87.750000 50.320000
v 32.669998 -87.639999 50.549999
v 26.700001 -94.010002 51.570000
v 26.209999 -96.839996 51.330002
v 26.620001 -95.519997 51.430000
v 28.889999 -89.449997 50.689999
v 30.660000 -89.339996 50.730000
v 17.193928 70.585487 1.011555
v 17.995090 72.327827 1.123372
v 19.421440 71.455093 4.231374
v 19.743334 69.089012 4.535079
v 20.236959 69.631416 6.763091
v 20.396067 69.085480 8.444949
v 20.209999 69.010002 9.640000
v 19.559999 68.300003 10.540000
v 20.010000 67.029999 10.320000
v 20.719999 67.059998 9.450000
v 18.850000 67.000000 11.640000
v 18.799999 65.449997 12.250000
v 18.910000 64.139999 12.390000
v 19.610001 63.810001 11.870000
v 19.100000 62.770000 12.480000
v 19.340000 61.619999 12.550000
v 29.040001 -93.589996 51.830002
v 29.209999 -91.959999 51.759998
v 28.930000 -90.730003 51.380001
v 28.370001 -89.589996 51.320000
v 18.440001 61.459999 13.200000
v 17.100000 60.939999 14.110000
v 17.370001 59.619999 14.270000
v 59.930000 1.140000 16.059999
v 60.340000 2.100000 15.760000
v 65.370003 -9.990000 6.070000
v 65.459999 -10.040000 7.610000
v 65.279999 -10.160000 9.260000
v 65.010002 -11.350000 8.990000
v 64.970001 -11.230000 10.660000
v 64.139999 -11.620000 11.890000
v 64.269997 5.660000 15.450000
v 64.129997 7.400000 15.460000
v 63.380001 8.690000 15.310000
v 62.330002 8.880000 14.830000
v 62.423283 10.247184 14.067043
v 61.463158 10.110654 13.106077
v 61.759998 11.660000 12.780000
v 62.869999 3.350000 15.690000
v 64.129997 3.730000 15.530000
v 61.410000 1.790000 16.020000
v 62.860001 2.040000 15.780000
v 62.130001 15.970000 1.920000
v 62.799999 17.629999 2.250000
v 62.497360 17.993444 3.454481
v 62.512951 18.070141 5.074121
v 62.461563 17.912659 6.937032
v 62.459846 17.739799 8.485489
v 62.679298 17.555204 9.218275
v 65.169998 13.670000 0.240000
v 64.709999 14.980000 0.370000
v 64.650002 16.219999 0.620000
v 64.029999 17.930000 1.260000
v 65.667503 11.538487 0.431588
v 67.305481 9.453154 1.121870
v 40.650002 36.529999 0.540000
v 62.330002 -18.299999 13.390000
v 62.139999 -19.580000 13.440000
v 61.869999 -21.170000 13.640000
v 62.029999 -16.860001 14.410000
v 61.810001 -18.230000 14.390000
v 63.410000 -13.460000 12.760000
v 62.759998 -13.760000 14.250000
v 61.980000 -15.120000 15.260000
v 61.430000 -16.680000 15.510000
v 63.549999 -12.180000 13.130000
v 62.099998 -38.270000 12.490000
v 61.939999 -38.529999 10.900000
v 61.520000 -40.040001 10.420000
v 61.250126 -39.796928 9.144098
v 60.734451 -39.804626 7.752060
v 62.369999 -32.160000 14.030000
v 62.070000 -33.560001 14.430000
v 62.020000 -34.830002 14.400000
v 61.919998 -36.389999 14.440000
v 61.930000 -38.020000 14.390000
v 61.259998 -23.730000 14.570000
v 60.340000 -24.610001 15.880000
v 60.369999 -26.040001 15.970000
v 60.500000 -27.530001 16.010000
v 61.110001 -27.670000 15.220000
v 60.790001 -28.680000 15.780000
v 60.990002 -30.090000 15.780000
v 61.189999 -31.750000 15.830000
v 61.810001 -31.860001 14.920000
v 61.470001 -22.379999 14.240000
v 51.509998 36.470001 6.790000
v 51.230000 34.930000 6.080000
v 51.320000 35.040001 7.050000
v 51.419998 35.099998 8.690000
v 51.290001 34.380001 11.030000
v 51.130001 32.860001 10.800000
v 51.020000 31.860001 10.460000
v 50.279999 31.889999 12.140000
v 51.009998 40.840000 4.060000
v 51.720001 39.279999 5.360000
v 51.849998 38.099998 6.420000
v 48.000000 42.650002 1.190000
v 45.250000 40.919998 0.300000
v 44.740002 39.540001 0.270000
v 43.310001 39.889999 0.310000
v 41.580002 39.299999 0.780000
v 40.500000 38.090000 1.020000
v 49.669998 29.889999 12.980000
v 49.560001 28.430000 13.120000
v 49.290001 27.010000 13.470000
v 49.279999 25.990000 13.340000
v 13.950000 53.430000 16.240000
v 12.500000 53.709999 16.309999
v 11.221668 53.715096 15.892188
v 10.336662 53.442596 15.611773
v 9.790552 53.037018 15.285169
v 51.470001 -55.590000 27.639999
v 51.340000 -54.080002 27.469999
v 52.439999 -54.099998 26.400000
v 53.639999 -53.110001 25.139999
v 54.200001 -51.610001 24.610001
v 54.349998 -50.389999 24.420000
v 52.070000 -59.259998 27.620001
v 52.119999 -57.630001 27.350000
v 51.930000 -56.619999 27.410000
v 47.310001 -69.209999 36.830002
v 48.240002 -68.629997 35.900002
v 48.540001 -67.180000 34.910000
v 48.369999 -65.970001 34.470001
v 48.169998 -64.800003 34.150002
v 47.639999 -70.699997 36.910000
v 47.680000 -72.230003 36.900002
v 47.779999 -73.500000 37.209999
v 7.683296 51.950855 6.555169
v 7.736052 53.320847 6.828951
v 7.690970 53.449265 7.679962
v 7.819339 54.833595 7.526694
v 7.517535 55.237488 8.882895
v 7.086654 55.105019 9.888720
v 7.215655 55.185505 11.565453
v 7.744853 54.737446 12.848096
v 8.419820 54.369068 13.910253
v 9.738872 54.746773 15.070728
v 48.250000 -75.070000 39.630001
v 48.919998 -74.239998 38.380001
v -18.861246 59.075684 7.141412
v -18.969999 58.360001 8.400000
v -19.389999 57.520000 9.390000
v -20.830000 57.840000 10.390000
v -22.680000 57.650002 11.550000
v -23.500000 56.070000 12.100000
v -22.850000 55.049999 12.340000
v -26.990000 50.310001 2.130000
v -27.830000 50.310001 2.860000
v -28.059999 51.939999 3.190000
v -28.809999 52.000000 5.220000
v -29.530001 52.029999 7.290000
v -29.170000 51.810001 8.900000
v -28.719999 51.580002 10.120000
v -27.629999 51.580002 11.130000
v -26.559999 51.369999 12.210000
v -26.530001 52.959999 12.000000
v 54.779999 -49.040001 24.040001
v 54.990002 -47.770000 23.799999
v -18.334999 54.274895 1.608463
v -19.723145 53.206413 0.720382
v -19.257147 51.800320 0.688770
v -21.240000 52.290001 0.470000
v -23.450001 51.880001 0.640000
v -25.240000 51.650002 1.040000
v -26.549999 51.389999 1.400000
v -25.990000 50.220001 1.470000
v 52.770000 -60.900002 26.980000
v 52.830002 -59.580002 26.770000
v 49.200001 -64.900002 33.040001
v 49.599998 -64.349998 32.189999
v 50.369999 -64.440002 31.139999
v 51.320000 -64.629997 29.670000
v 51.910000 -64.150002 28.540001
v 52.630001 -64.220001 27.160000
v 53.500000 -63.900002 25.570000
v 53.459999 -62.330002 26.010000
v 53.099998 -61.430000 26.500000
v 43.759998 27.990000 16.730000
v 42.509998 28.190001 16.990000
v 48.470001 26.010000 14.450000
v 47.720001 25.650000 15.120000
v 47.549999 27.020000 15.190000
v 46.910000 27.010000 15.690000
v 46.389999 28.219999 16.020000
v 45.330002 30.049999 16.070000
v 43.348801 29.621967 16.699383
v 48.130001 -76.970001 40.720001
v 48.880001 -76.669998 39.590000
v 46.619999 -78.529999 42.380001
v 48.160000 -78.800003 41.430000
v 48.799999 -78.459999 40.310001
v -24.500000 54.939999 12.460000
v 44.320000 -81.290001 44.490002
v 45.330002 -80.989998 43.889999
v 46.980000 -80.879997 43.080002
v 46.770000 -79.690002 42.750000
v 41.470001 -83.190002 46.990002
v 42.430000 -83.029999 46.369999
v 43.349998 -82.830002 45.720001
v 45.290001 -83.330002 44.709999
v 45.660000 -82.440002 44.180000
v -26.059999 54.860001 11.850000
v 59.639999 -6.550000 18.000000
v 59.750000 -5.490000 17.709999
v 61.040001 -4.520000 17.090000
v 61.459999 -2.500000 16.570000
v 61.509998 -0.860000 16.370001
v 61.480000 0.520000 16.299999
v 60.070000 -9.590000 18.480000
v 59.740002 -8.110000 18.350000
v 60.360001 -11.170000 18.190001
v 60.490002 -12.960000 17.680000
v 26.639999 -98.320000 51.730000
v 26.570000 -99.680000 52.310001
v 12.768994 55.958336 0.641882
v 11.020065 55.502056 1.461566
v 9.590000 55.299999 2.350000
v 9.140000 54.980000 3.310000
v 8.140000 54.570000 3.820000
v 7.870000 54.430000 4.990000
v 7.832392 54.400249 6.117616
v 59.369999 -34.529999 18.650000
v 59.320000 -33.060001 18.370001
v 59.009998 -32.000000 18.420000
v 59.980000 -31.510000 17.240000
v 60.110001 -29.740000 16.840000
v 59.680000 -28.480000 17.080000
v 59.770000 -27.059999 16.809999
v 59.580002 -25.940001 16.920000
v 59.459999 -24.570000 17.030001
v 59.820000 -22.969999 16.700001
v 59.310001 -36.380001 18.850000
v 60.209999 -35.939999 17.959999
v 58.709999 -37.869999 19.770000
v 59.500000 -37.580002 18.990000
v 58.980000 -39.290001 19.320000
v 58.419998 -41.299999 20.020000
v 59.349998 -40.959999 18.840000
v 58.099998 -42.330002 20.450001
v 57.540001 -43.849998 21.139999
v 58.430000 -43.930000 20.219999
v 57.500000 -45.639999 20.950001
v 58.490002 -45.340000 20.190001
v 56.360001 -47.880001 22.709999
v 57.139999 -47.650002 21.540001
v 58.049999 -47.310001 20.219999
v 60.320000 -16.629999 17.360001
v 60.360001 -14.950000 17.790001
v 60.430000 -18.000000 16.730000
v 60.669998 -22.000000 15.540000
v 60.360001 -21.160000 16.219999
v 60.830002 -20.000000 15.680000
v 61.099998 -18.209999 15.620000
v 42.685936 32.014908 16.633627
v 39.869999 39.480000 1.730000
v 38.880001 39.669998 2.760000
v 38.169998 39.160000 3.610000
v 38.169998 40.869999 3.980000
v 37.954338 41.275700 5.671027
v 37.755775 41.039108 7.195022
v 37.621841 41.050648 8.917054
v 38.281754 39.470345 14.753087
v 39.467148 39.374420 15.503304
v 40.835407 35.059505 16.384371
v 40.900040 36.048470 16.226854
v 41.611065 37.352226 16.209568
v 40.618736 37.683914 16.081726
v 41.116108 38.805660 16.018627
v 42.617767 33.628403 16.622761
v 42.334503 34.725891 16.613344
v 41.659164 35.422298 16.460039
v 16.010000 59.740002 14.640000
v 13.760000 59.340000 15.110000
v 13.520000 57.590000 15.190000
v 14.190000 56.160000 15.580000
v 15.540000 56.090000 15.330000
v 15.290000 55.230000 15.510000
v 34.630001 -87.559998 50.669998
v 36.720001 -87.459999 50.650002
v 38.799999 -87.330002 50.139999
v 38.529999 -85.879997 49.740002
v 38.480000 -84.730003 49.279999
v 40.369999 -84.820000 48.639999
v 42.500000 -84.870003 47.529999
v 14.340000 54.700001 15.960000
v 32.439999 -89.209999 50.939999
v 34.400002 -89.120003 51.209999
v 28.629999 -95.709999 51.580002
v 26.410000 -97.129997 51.910000
v 27.809999 -97.190002 51.520000
v 30.690001 -90.779999 51.139999
v 32.410000 -90.910004 51.259998
v 15.749958 69.597031 0.398401
v 15.187654 67.831963 0.376423
v 15.855603 66.487320 0.534978
v 16.272993 72.072449 0.336422
v 15.003877 71.220299 0.169948
v 18.495455 74.017311 1.780990
v 17.109034 74.051468 0.387599
v 16.121260 73.192993 0.238532
v 19.440302 74.961075 5.082173
v 20.017475 72.312637 7.162056
v 20.133907 70.840302 6.898625
v 20.250000 70.709999 8.460000
v 19.700001 70.459999 9.720000
v 18.709999 69.900002 11.050000
v 18.719999 68.489998 11.390000
v 17.620001 68.540001 12.290000
v 17.809999 66.820000 12.770000
v 18.290001 65.949997 12.500000
v 17.610001 64.510002 13.260000
v 18.290001 62.990002 13.270000
v 31.020000 -94.769997 51.700001
v 30.680000 -93.529999 51.389999
v 30.559999 -92.230003 51.680000
v 30.430000 -91.019997 51.959999
v 17.490000 62.520000 13.700000
v 15.890000 62.759998 14.280000
v 15.850000 61.139999 14.530000
v 65.860001 -8.520000 8.560000
v 65.300003 -8.600000 11.130000
v 65.000000 -9.940000 10.920000
v 64.459999 -9.680000 12.600000
v 63.139999 -10.600000 14.740000
v 65.680000 3.900000 15.290000
v 66.360001 5.730000 15.330000
v 65.800003 7.450000 15.400000
v 65.550003 8.920000 15.310000
v 64.529999 9.630000 15.130000
v 63.250000 10.090000 14.930000
v 63.515957 12.082724 13.799576
v 63.900002 11.320000 14.780000
v 63.563084 13.089812 13.172189
v 64.260002 2.130000 15.440000
v 65.589996 2.240000 15.060000
v 63.110001 0.460000 16.010000
v 64.330002 0.570000 15.250000
v 62.240002 18.990000 1.390000
v 63.560001 19.400000 2.090000
v 63.352650 19.270121 3.300473
v 63.145130 19.132084 4.369943
v 63.482170 19.664911 5.512067
v 63.382706 19.552273 6.899351
v 63.182590 19.295782 8.878267
v 67.133186 13.834803 0.214643
v 66.959999 15.110000 -0.010000
v 65.720001 15.700000 0.160000
v 66.440002 17.580000 0.390000
v 65.459999 19.450001 0.770000
v 64.190002 19.370001 1.430000
v 69.187904 13.469914 0.596491
v 61.700001 -19.330000 14.310000
v 61.349998 -20.540001 14.670000
v 62.730000 -12.270000 14.970000
v 62.349998 -13.440000 15.170000
v 61.560001 -14.280000 16.280001
v 61.770000 -39.560001 13.890000
v 61.830002 -39.570000 12.690000
v 61.889999 -39.459999 11.760000
v 61.509998 -41.000000 12.560000
v 61.230000 -41.389999 10.730000
v 61.160000 -41.189999 9.930000
v 61.081436 -40.747910 9.286623
v 60.724636 -42.368752 9.477005
v 60.125221 -42.320377 7.693302
v 61.619999 -32.950001 15.370000
v 61.509998 -34.880001 15.880000
v 61.380001 -36.320000 15.890000
v 61.240002 -38.090000 16.190001
v 61.380001 -39.500000 15.490000
v 60.279999 -28.610001 16.440001
v 60.500000 -33.360001 16.980000
v 52.270000 38.139999 8.540000
v 51.959999 36.700001 9.160000
v 51.490002 36.520000 10.990000
v 50.919998 35.930000 12.170000
v 50.750000 34.770000 12.120000
v 50.480000 33.799999 12.370000
v 49.259998 33.630001 13.540000
v 49.070000 32.090000 13.800000
v 48.869999 30.570000 13.920000
v 52.520000 43.970001 6.580000
v 52.009998 41.020000 5.160000
v 51.950001 39.790001 6.290000
v 48.700001 46.849998 1.250000
v 46.790001 44.490002 0.370000
v 45.680000 43.000000 0.220000
v 43.389999 42.580002 0.520000
v 43.439999 41.099998 0.470000
v 41.790001 41.009998 0.740000
v 40.189999 40.970001 1.380000
v 48.970001 29.030001 13.900000
v 48.660000 27.510000 14.350000
v 12.970000 54.900002 16.139999
v 11.763778 54.786907 15.934758
v 10.924094 55.155293 15.541679
v 52.669998 -55.660000 26.430000
v 53.660000 -55.040001 25.330000
v 54.599998 -54.500000 24.379999
v 54.650002 -53.380001 24.230000
v 55.020000 -52.230000 23.870001
v 55.090000 -50.900002 23.799999
v 55.750000 -49.400002 23.250000
v 52.939999 -58.060001 26.510000
v 52.919998 -56.990002 26.389999
v 48.369999 -70.190002 36.189999
v 49.209999 -70.199997 35.360001
v 49.490002 -69.050003 34.770000
v 49.220001 -67.860001 34.459999
v 49.570000 -66.489998 33.439999
v 48.279999 -71.940002 36.110001
v 49.060001 -71.650002 35.330002
v 48.340000 -73.650002 35.939999
v 48.759998 -73.139999 35.330002
v 49.490002 -74.010002 37.610001
v 50.070000 -74.129997 36.700001
v 8.129027 56.011616 5.748715
v 7.970432 56.321213 7.545230
v 7.738348 56.479942 8.677348
v 7.096039 56.600330 9.933208
v 7.091339 56.866489 11.645546
v 7.460025 56.470905 12.566076
v 7.769203 56.103680 13.119772
v 8.571689 56.010494 14.187728
v 10.521580 56.021862 15.266110
v 9.949168 57.414806 14.853839
v 50.080002 -76.459999 38.340000
v 49.290001 -75.250000 38.790001
v 49.660000 -75.330002 38.240002
v 50.230000 -75.410004 37.430000
v -19.450001 59.570000 7.900000
v -20.080000 59.790001 8.560000
v -21.049999 59.439999 9.510000
v -22.379999 59.439999 10.270000
v -24.320000 59.360001 11.000000
v -23.799999 58.000000 11.790000
v -25.530001 56.700001 11.970000
v -27.520000 51.740002 2.000000
v -27.740000 53.169998 1.720000
v -28.520000 53.860001 2.830000
v -28.990000 53.740002 4.550000
v -29.879999 53.470001 6.690000
v -29.770000 53.790001 8.610000
v -28.969999 53.360001 9.950000
v -28.000000 53.049999 11.170000
v -27.750000 54.639999 11.170000
v -19.910275 57.079350 1.128357
v -19.926495 55.254284 0.748822
v -21.170000 54.509998 0.400000
v -21.150000 53.419998 0.380000
v -22.639999 53.849998 0.280000
v -24.370001 53.470001 0.460000
v -26.219999 53.209999 0.910000
v 53.730000 -60.160000 25.650000
v 53.810001 -58.189999 25.480000
v 50.099998 -66.029999 32.340000
v 50.750000 -65.650002 31.430000
v 51.430000 -65.910004 30.299999
v 51.959999 -66.239998 29.270000
v 52.669998 -65.949997 27.540001
v 53.250000 -65.959999 25.410000
v 54.009998 -65.389999 24.059999
v 54.250000 -63.790001 24.150000
v 54.180000 -62.500000 24.600000
v 54.360001 -61.009998 24.559999
v 47.840000 28.969999 14.870000
v 46.770000 29.879999 15.610000
v 46.730000 31.510000 15.620000
v 45.209442 32.295689 15.954179
v 43.945526 31.462172 16.301830
v 49.689999 -78.209999 39.310001
v 50.360001 -77.940002 38.459999
v 47.720001 -79.870003 42.270000
v 49.000000 -80.209999 41.470001
v 49.919998 -80.320000 39.950001
v 50.299999 -79.500000 38.840000
v 47.740002 -82.449997 43.040001
v 48.509998 -81.169998 42.419998
v 43.959999 -84.389999 46.240002
v 45.450001 -84.440002 44.990002
v 46.369999 -84.440002 44.270000
v 47.470001 -84.250000 43.410000
v -27.320000 56.599998 10.980000
v 60.889999 -7.490000 17.590000
v 61.029999 -6.070000 17.309999
v 62.560001 -5.920000 16.420000
v 63.220001 -4.400000 16.020000
v 63.619999 -2.910000 15.900000
v 63.410000 -1.250000 16.000000
v 61.150002 -9.660000 17.610001
v 61.060001 -8.600000 17.639999
v 61.099998 -11.630000 17.270000
v 61.689999 -10.620000 16.830000
v 61.680000 -12.850000 16.360001
v 61.799999 -11.820000 16.330000
v 28.730000 -99.550003 51.689999
v 29.120001 -98.290001 51.630001
v 12.670455 57.489120 0.628845
v 11.482443 56.720982 1.152956
v 10.210000 56.889999 1.760000
v 9.300000 56.630001 2.530000
v 8.460000 56.799999 3.910000
v 60.480000 -34.770000 17.350000
v 60.580002 -37.459999 17.670000
v 60.930000 -36.169998 16.860001
v 60.250000 -39.029999 18.209999
v 60.349998 -40.590000 17.730000
v 59.110001 -42.630001 19.530001
v 59.889999 -42.910000 18.549999
v 60.580002 -42.230000 16.820000
v 59.360001 -43.779999 19.340000
v 59.509998 -45.180000 19.020000
v 59.349998 -46.759998 18.940001
v 56.869999 -49.450001 22.219999
v 57.590000 -49.330002 21.270000
v 58.459999 -49.240002 19.879999
v 59.349998 -48.590000 18.100000
v 43.770271 33.210487 16.298538
v 39.230000 41.169998 2.520000
v 39.080002 42.599998 3.260000
v 38.492199 43.083832 5.231114
v 38.010822 42.328926 6.876164
v 37.851982 42.400520 8.972361
v 38.290997 40.424004 14.465805
v 38.900524 40.574993 14.918209
v 41.396801 40.923958 15.695682
v 39.976379 41.983253 14.946696
v 41.781071 36.338490 16.290083
v 43.051559 36.191463 16.286783
v 43.228729 38.163654 16.077604
v 42.198544 38.511028 16.115854
v 43.215427 34.568325 16.490976
v 14.440000 61.150002 15.010000
v 12.090000 61.060001 14.890000
v 12.222879 59.659325 14.909083
v 11.837529 58.495361 15.014902
v 11.915241 56.368950 15.328393
v 36.639999 -89.349998 51.259998
v 37.939999 -89.129997 51.369999
v 38.660000 -88.830002 50.709999
v 40.459999 -89.290001 50.049999
v 40.540001 -87.620003 49.730000
v 39.590000 -86.309998 49.610001
v 40.840000 -86.449997 49.200001
v 42.220001 -86.169998 48.509998
v 43.610001 -86.650002 47.950001
v 45.020000 -86.559998 46.630001
v 33.619999 -90.480003 51.630001
v 35.009998 -90.129997 51.660000
v 35.500000 -89.400002 51.680000
v 29.670000 -97.160004 51.619999
v 31.730000 -96.540001 51.799999
v 31.740000 -92.260002 51.270000
v 32.709999 -92.430000 51.490002
v 34.860001 -91.800003 51.599998
v 15.065509 70.193352 0.199395
v 13.998977 69.461487 0.242375
v 13.364421 67.213188 0.335326
v 14.547739 66.187141 0.348065
v 15.342884 64.651009 0.528936
v 13.830000 73.019997 0.130000
v 13.270000 71.730003 0.250000
v 12.980000 70.849998 0.260000
v 18.450001 76.720001 0.700000
v 17.530001 75.519997 0.350000
v 16.250000 75.529999 0.050000
v 14.550000 75.010002 0.040000
v 19.570000 79.199997 5.920000
v 19.620001 76.750000 6.470000
v 19.700001 75.480003 7.090000
v 20.110001 73.879997 7.380000
v 51.730000 38.220001 10.820000
v 52.500000 39.869999 8.580000
v 51.959999 39.759998 10.700000
v 61.250000 -40.970001 14.970000
v 53.459999 48.590000 6.740000
v 53.139999 45.950001 9.170000
v 52.840000 43.639999 8.840000
v 52.709999 42.669998 8.140000
v 52.599998 41.470001 7.320000
v 48.310001 31.570000 14.520000
v 47.730000 30.629999 15.040000
v 48.160000 32.990002 14.750000
v 50.000000 34.919998 12.960000
v 48.810001 35.279999 14.110000
v 47.770000 34.520000 14.620000
v 51.040001 38.130001 12.110000
v 50.090000 37.500000 12.870000
v 49.669998 36.250000 13.360000
v 67.339996 4.130000 14.680000
v 67.970001 5.920000 14.640000
v 68.139999 7.430000 14.780000
v 67.410004 8.480000 15.060000
v 66.709999 9.570000 15.190000
v 65.860001 11.000000 14.920000
v 64.239998 13.080000 13.760000
v 65.160004 12.660000 14.310000
v 63.315228 14.299790 11.985599
v 64.849960 14.474687 13.569741
v 65.650002 0.620000 14.630000
v 67.000000 2.450000 14.250000
v 67.070000 0.610000 13.660000
v 64.400002 -0.920000 15.240000
v 65.730003 -1.060000 14.390000
v 63.779999 20.639999 1.600000
v 64.099998 20.660000 2.350000
v 64.115021 20.702652 3.133016
v 64.141350 20.769102 4.530951
v 64.345741 21.033306 6.324012
v 64.340317 21.323832 8.601048
v 19.740000 73.190002 8.570000
v 19.889999 72.080002 8.490000
v 19.270000 72.279999 9.480000
v 18.370001 71.919998 10.780000
v 17.080000 71.610001 11.800000
v 17.660000 70.239998 12.030000
v 16.290001 70.300003 12.700000
v 16.049999 68.339996 13.330000
v 16.719999 67.120003 13.230000
v 16.469999 65.610001 13.690000
v 16.290001 64.320000 14.060000
v 32.990002 -94.919998 51.759998
v 32.950001 -93.610001 51.660000
v 31.540001 -93.559998 51.630001
v 14.720000 64.629997 14.540000
v 13.490000 62.889999 14.890000
v 66.227760 -6.812502 7.875613
v 66.457504 -6.372228 8.891637
v 66.290001 -6.560000 10.980000
v 65.120003 -6.800000 12.950000
v 64.900002 -8.370000 12.600000
v 64.489998 -8.160000 13.710000
v 63.299999 -8.730000 14.980000
v 62.250000 -9.020000 16.549999
v 61.290001 -42.869999 14.610000
v 61.240002 -42.840000 12.480000
v 61.119999 -42.360001 11.250000
v 60.779999 -43.980000 11.090000
v 60.276188 -44.504765 9.732674
v 59.755772 -44.473927 8.068465
v 60.840000 -39.590000 16.809999
v 60.950001 -40.630001 16.400000
v 68.584473 15.738749 0.093007
v 67.629997 16.260000 0.070000
v 68.160004 17.230000 0.030000
v 68.510002 19.309999 0.070000
v 66.989998 20.930000 0.970000
v 65.489998 21.040001 1.520000
v 59.880001 -46.869999 16.910000
v 60.119999 -45.610001 16.959999
v 60.330002 -44.450001 17.440001
v 58.970001 -50.590000 18.549999
v 59.130001 -50.490002 16.660000
v 59.709999 -49.070000 16.490000
v 59.990002 -47.580002 15.050000
v 58.009998 -50.900002 20.309999
v 58.400002 -51.560001 19.240000
v 57.259998 -50.490002 21.600000
v 57.630001 -51.380001 21.040001
v 56.110001 -50.799999 22.900000
v 56.869999 -51.830002 21.809999
v 60.599998 -44.230000 15.960000
v 38.619160 41.404228 14.276891
v 38.823841 43.030560 13.211983
v 38.212532 43.798744 7.819147
v 39.090000 44.110001 3.420000
v 38.876125 44.450424 4.917762
v 38.787407 45.228466 6.432182
v 39.660000 42.490002 2.460000
v 40.200001 43.930000 2.250000
v 40.119999 42.259998 1.830000
v 41.480000 42.509998 1.010000
v 44.844826 33.646442 15.958244
v 44.538422 34.938251 15.973762
v 12.321636 58.990284 0.798240
v 11.018184 58.240070 1.374342
v 31.020000 -99.410004 51.669998
v 30.900000 -98.019997 51.709999
v 62.130001 -7.630000 16.780001
v 64.430000 -2.200000 15.170000
v 63.889999 -4.140000 15.400000
v 64.339996 -4.020000 15.020000
v 65.419998 -3.820000 14.120000
v 63.500000 -5.500000 15.540000
v 64.349998 -5.250000 14.630000
v 7.980000 57.939999 5.520000
v 8.030838 57.806496 6.591993
v 7.867713 57.913181 7.992306
v 8.750000 57.790001 3.440000
v 8.130000 59.380001 4.720000
v 9.350000 58.459999 2.630000
v 12.690000 68.610001 0.290000
v 11.910000 67.790001 0.490000
v 11.670000 65.790001 0.620000
v 13.181730 64.627083 0.535412
v 11.270000 69.949997 0.370000
v 34.549999 -94.019997 51.759998
v 36.500000 -94.110001 51.480000
v 37.439999 -92.010002 51.470001
v 36.790001 -90.730003 51.610001
v 36.529999 -89.570000 51.919998
v 32.730000 -98.320000 51.840000
v 32.779999 -97.000000 52.570000
v 34.639999 -95.730003 51.810001
v 37.520000 -90.750000 51.439999
v 39.049999 -90.699997 50.840000
v 46.310001 -86.089996 45.009998
v 44.650002 -87.830002 47.720001
v 45.520000 -87.879997 46.779999
v 46.169998 -88.050003 46.099998
v 47.049999 -87.910004 44.900002
v 19.420000 74.730003 8.300000
v 19.530001 76.519997 7.130000
v 19.309999 76.320000 7.890000
v 19.450001 77.580002 7.080000
v 19.139999 80.970001 5.320000
v 18.059999 81.379997 6.750000
v 18.520000 79.820000 7.210000
v 18.660000 77.800003 7.950000
v 11.800000 74.870003 0.350000
v 11.780000 73.389999 0.280000
v 11.190000 71.629997 0.600000
v 15.170000 76.629997 -0.100000
v 13.550000 76.449997 0.090000
v 12.250000 76.379997 0.190000
v 16.370001 76.940002 0.080000
v 17.490000 76.860001 0.350000
v 17.420000 78.449997 0.540000
v 13.791949 61.531380 0.704811
v 11.620000 62.799999 14.970000
v 10.135735 62.066532 14.618725
v 10.178230 60.610950 14.705432
v 11.254843 59.789757 14.744608
v 44.657013 36.283932 15.831895
v 44.683071 37.495014 15.748095
v 42.868572 39.846298 15.933678
v 42.857235 41.516106 15.793708
v 42.263268 42.561398 15.614684
v 41.251747 42.334061 15.457122
v 45.023262 39.664616 15.487660
v 41.478138 43.777927 15.107663
v 40.168716 44.093819 14.275282
v 42.779999 -87.690002 48.689999
v 44.110001 -89.290001 48.259998
v 41.540001 -87.440002 49.369999
v 42.369999 -88.870003 49.419998
v 40.930000 -90.720001 50.139999
v 42.900002 -90.889999 49.279999
v 10.331813 59.260567 14.804547
v 6.955549 58.229435 11.079820
v 7.090651 58.111507 11.972361
v 7.365635 58.016045 12.488764
v 8.081561 57.624054 13.514277
v 7.148179 57.977150 9.541523
v 50.840000 -74.989998 34.980000
v 49.869999 -73.650002 34.770000
v 51.090000 -76.239998 36.009998
v 49.860001 -72.500000 34.240002
v 50.040001 -70.599998 34.000000
v 50.250000 -68.019997 33.160000
v 50.799999 -67.160004 31.490000
v -24.629999 58.049999 11.780000
v -23.309999 61.110001 10.080000
v -24.600000 61.060001 10.420000
v -25.889999 61.220001 10.450000
v -26.350000 59.389999 10.880000
v -25.379999 58.230000 11.650000
v -22.190001 61.130001 8.970000
v -21.240000 61.070000 8.360000
v -20.190001 60.970001 7.450000
v 51.060001 -77.760002 36.840000
v 8.954899 59.626556 14.088826
v 44.419998 43.790001 0.330000
v 43.330002 44.299999 0.530000
v 41.830002 44.130001 1.090000
v 45.349998 45.330002 0.260000
v 46.950001 45.560001 0.620000
v 53.759998 -56.650002 25.450001
v 54.759998 -56.290001 24.170000
v 18.860001 74.019997 9.580000
v 17.920000 73.650002 10.580000
v 64.480003 -6.700000 14.060000
v 63.869999 -6.520000 14.980000
v 63.349998 -7.300000 15.520000
v 49.709999 -81.900002 41.459999
v 50.529999 -81.639999 40.200001
v 51.070000 -81.650002 38.410000
v 51.400002 -80.839996 37.009998
v 48.930000 51.540001 0.560000
v 47.400002 48.720001 0.380000
v 46.549999 47.049999 0.260000
v 67.589996 11.340000 14.760000
v 66.599998 12.620000 14.730000
v -28.549999 56.119999 10.380000
v -29.000000 54.660000 10.060000
v 46.166183 34.044495 15.465869
v 46.533340 36.421318 15.103053
v -26.469999 57.869999 11.310000
v -27.860001 58.470001 10.350000
v -29.010000 57.500000 9.570000
v 67.014450 14.001829 14.347521
v 15.510000 78.459999 0.010000
v 13.980000 78.190002 0.130000
v 12.230000 77.769997 0.270000
v 18.090000 80.029999 0.830000
v 16.629999 80.029999 0.140000
v 15.050000 79.879997 0.240000
v 9.940000 73.480003 1.060000
v 9.240000 71.709999 1.580000
v 9.450000 70.400002 1.560000
v 9.960000 69.220001 1.290000
v 10.420000 67.349998 1.150000
v 11.280000 63.750000 0.940000
v 12.414294 62.940926 0.771472
v 11.475432 61.641182 1.167310
v 11.715604 60.001930 1.056479
v 12.680000 64.480003 14.740000
v 11.590000 64.040001 14.440000
v 9.539034 63.806389 14.242662
v 8.933614 62.301849 13.964082
v 9.094721 61.243183 14.216291
v 65.700211 22.746132 6.914218
v 66.688705 22.131531 9.885468
v 65.077385 22.252119 5.153241
v 51.270000 -79.470001 37.299999
v 46.557255 32.763561 15.489897
v 64.776237 21.869009 3.617185
v 64.933014 22.113474 4.203916
v 47.720001 31.670000 15.100000
v 65.029999 21.830000 2.540000
v 48.970001 37.369999 14.000000
v 48.930000 36.380001 13.970000
v 48.990002 -84.000000 42.580002
v 49.029999 -82.930000 42.419998
v 68.150002 2.780000 13.740000
v 68.629997 4.170000 13.880000
v 68.910004 5.700000 13.940000
v 47.310001 -85.680000 43.930000
v 69.379997 7.460000 14.100000
v 69.300003 9.020000 14.370000
v 68.540001 9.630000 14.680000
v 48.459999 -86.070000 42.740002
v 49.779999 -85.459999 41.709999
v 52.830002 -67.550003 26.020000
v 53.279999 -67.669998 24.559999
v 53.779999 -66.970001 22.840000
v 66.809998 -0.860000 13.390000
v 63.901047 16.022757 11.783469
v 65.485420 16.171297 13.726006
v 66.550003 16.209999 14.030000
v 39.230000 -92.690002 50.980000
v 40.259998 -92.440002 50.669998
v 41.340000 -91.940002 50.279999
v 37.660000 -90.940002 51.910000
v 11.240000 76.400002 0.210000
v 10.560000 76.250000 0.300000
v 10.260000 74.940002 0.760000
v 10.080000 77.610001 0.410000
v 17.760000 79.309998 8.150000
v 17.799999 77.860001 8.840000
v 18.059999 76.690002 9.230000
v 18.760000 75.540001 9.230000
v 16.950001 80.980003 8.060000
v 18.389999 82.750000 5.500000
v 17.420000 83.209999 7.190000
v 16.350000 82.699997 8.050000
v -19.810125 61.045563 5.391860
v -20.760000 62.740002 6.930000
v -21.450001 62.369999 7.640000
v -22.250000 62.520000 8.380000
v -23.530001 62.990002 9.190000
v 45.410000 -89.370003 47.500000
v 46.200001 -89.010002 46.560001
v 44.330002 -90.760002 48.599998
v 45.340000 -91.059998 47.840000
v 45.720001 -90.480003 47.169998
v 39.674919 45.746902 13.073689
v 41.160015 45.743011 14.439112
v 43.146908 43.980247 15.416155
v 42.571091 45.611012 15.086907
v 44.142101 41.564548 15.618454
v 45.802517 38.156132 15.320543
v 47.026096 39.009548 14.826207
v 46.815113 41.215500 14.808125
v 45.563778 41.935535 15.177443
v 43.497349 42.826607 15.596746
v 48.259998 -87.540001 43.119999
v 47.029999 -88.959999 45.439999
v 48.020000 -89.500000 44.380001
v 48.400002 -88.970001 43.369999
v 55.369999 -53.639999 23.450001
v 55.930000 -52.360001 22.900000
v 50.139999 -69.209999 33.779999
v -20.277315 56.311970 0.769823
v -21.650496 56.548824 0.542225
v 51.410000 39.509998 11.640000
v 50.709999 39.439999 12.320000
v 52.799999 41.540001 9.060000
v 52.299999 41.340000 10.580000
v 51.509998 41.299999 11.880000
v 50.700001 40.770000 12.530000
v 53.810001 50.720001 6.060000
v 53.959999 49.930000 8.430000
v 53.750000 48.259998 9.170000
v 53.480000 47.080002 9.720000
v 52.799999 46.799999 10.780000
v 52.759998 45.279999 10.610000
v 52.590000 43.759998 10.490000
v 52.740002 42.790001 9.480000
v 52.770000 42.660000 8.900000
v -19.618734 59.565582 2.621712
v -20.929722 59.429459 1.121137
v -20.915512 57.951992 0.762763
v 48.230000 36.639999 14.370000
v 16.129999 72.050003 12.400000
v 14.760000 71.570000 12.890000
v 14.330000 70.169998 13.310000
v 14.300000 68.669998 13.670000
v 14.820000 67.370003 14.070000
v 15.550000 66.290001 14.120000
v 65.769997 -5.370000 12.800000
v 65.180000 -5.300000 13.620000
v 55.189999 -54.820000 23.709999
v 66.869965 -5.121657 9.848558
v 66.620003 -5.380000 11.030000
v 66.559998 -4.240000 12.320000
v 16.770000 73.440002 11.520000
v 66.898140 -3.178117 7.596678
v 15.490000 73.330002 12.060000
v 13.790000 66.279999 14.530000
v 12.310000 65.889999 14.540000
v 54.680000 -59.549999 24.379999
v 54.650002 -58.369999 24.450001
v -30.290001 55.110001 7.440000
v -29.730000 55.119999 9.150000
v -29.959999 54.990002 5.780000
v 54.259998 -65.550003 22.610001
v 54.720001 -63.799999 22.740000
v 68.260002 1.190000 12.880000
v 54.810001 -62.310001 23.350000
v 67.589996 -0.740000 12.520000
v 68.540001 -0.350000 11.090000
v 54.689999 -61.459999 23.850000
v 65.230003 -2.130000 14.530000
v 55.439999 -59.990002 22.780001
v 66.050003 -2.710000 13.670000
v 66.809998 -2.420000 12.770000
v 49.759998 39.290001 13.220000
v 48.680000 38.950001 14.210000
v -29.040001 55.509998 3.030000
v -29.750000 56.639999 4.460000
v -28.370001 55.439999 1.770000
v -26.500000 54.759998 0.940000
v 52.209999 -67.639999 28.590000
v 52.540001 -67.510002 27.230000
v 51.599998 -67.300003 30.420000
v -22.500000 55.060001 0.370000
v -24.500000 55.340000 0.320000
v 35.200001 -97.129997 51.889999
v 36.590000 -96.589996 51.509998
v 36.590000 -95.559998 51.470001
v 34.919998 -98.250000 51.770000
v 32.930000 -99.410004 51.730000
v 34.759998 -99.529999 51.650002
v 38.720001 -93.989998 51.060001
v 38.610001 -95.739998 51.070000
v 9.930000 65.610001 1.470000
v 9.860000 64.209999 1.630000
v 10.420000 60.020000 1.780000
v 9.360000 60.000000 2.630000
v 8.880000 59.750000 3.350000
v 41.250000 45.700001 1.890000
v 40.299999 45.779999 2.800000
v 39.700001 45.549999 3.630000
v 39.201824 45.283497 4.721050
v 39.570099 47.046165 5.227590
v 38.987747 47.023506 7.843531
v 60.779999 -44.480000 14.590000
v 60.959999 -44.220001 13.650000
v 61.049999 -44.070000 12.250000
v 7.963470 59.304546 6.999858
v 8.840000 61.240002 3.470000
v 8.018893 61.518127 5.348185
v 7.903659 61.159775 6.928537
v 7.674544 59.841473 8.759185
v 7.216419 59.199512 9.437006
v 55.349998 -57.910000 23.370001
v 55.880001 -56.290001 22.709999
v 55.939999 -54.779999 22.760000
v 17.660000 75.410004 10.210000
v 16.340000 75.089996 10.990000
v 49.730000 -83.290001 41.880001
v 50.720001 -83.470001 40.840000
v 50.959999 -83.440002 39.490002
v 51.310001 -83.180000 37.720001
v 51.669998 -82.489998 36.209999
v 51.750000 -80.959999 34.830002
v 51.580002 -79.290001 34.980000
v 51.500000 -78.660004 35.540001
v 49.369999 56.150002 0.250000
v 46.700001 53.340000 0.330000
v 46.730000 51.389999 0.070000
v 47.200001 50.209999 0.270000
v 45.639999 49.139999 0.240000
v 45.049999 47.490002 0.310000
v 43.090000 46.099998 0.790000
v 51.290001 -77.010002 34.240002
v 43.090000 -92.620003 49.520000
v 44.450001 -92.660004 48.860001
v 44.889999 -91.910004 48.270000
v 50.660000 -69.559998 32.730000
v 51.000000 -69.120003 31.230000
v 50.680000 -71.989998 32.520000
v 50.660000 -70.760002 32.570000
v 50.660000 -73.790001 33.250000
v 51.000000 -75.220001 33.480000
v -24.879999 62.549999 10.110000
v -27.490000 60.889999 9.960000
v -27.530001 59.689999 10.200000
v -26.430000 62.860001 10.230000
v -27.379999 62.360001 10.070000
v 51.630001 -68.709999 29.600000
v 7.482258 59.384083 12.376927
v 8.142473 61.372921 13.208543
v 60.380001 -45.700001 15.450000
v 56.279999 -53.290001 22.480000
v 57.080002 -53.849998 21.370001
v 57.810001 -52.980000 20.110001
v 58.709999 -52.209999 18.110001
v 58.759998 -52.049999 16.770000
v 58.320000 -53.419998 18.410000
v 66.533257 17.829279 13.231768
v 68.025497 19.504967 13.070501
v 59.816647 -46.110725 9.633663
v 59.182632 -47.137798 8.519559
v 60.250000 -45.730000 11.150000
v 60.560001 -45.360001 13.230000
v 6.882796 59.179489 10.481605
v 6.966434 59.414551 11.280741
v 59.689999 -49.180000 14.590000
v 59.580002 -48.700001 12.740000
v 60.169998 -47.060001 12.680000
v 59.189999 -50.500000 14.890000
v 58.750000 -52.049999 15.030000
v 70.929031 17.579107 0.235126
v 69.440002 17.740000 -0.030000
v 66.180000 22.280001 1.840000
v 68.870003 21.389999 0.290000
v 67.940002 22.719999 0.770000
v 67.040001 23.709999 2.130000
v 70.510002 19.350000 -0.050000
v 70.800003 21.180000 0.010000
v 69.519997 11.880000 14.290000
v 68.430000 13.060000 14.540000
v -29.680000 56.250000 9.140000
v 47.869999 37.700001 14.530000
v -28.410000 60.070000 9.470000
v -29.709999 59.049999 8.430000
v -29.680000 57.810001 8.670000
v -30.340000 56.880001 8.020000
v 68.750000 14.680000 14.150000
v 67.667580 15.568717 14.072242
v 13.290000 79.760002 0.250000
v 11.370000 79.599998 0.370000
v 9.140000 79.349998 1.010000
v 18.030001 81.580002 0.820000
v 16.549999 81.360001 0.210000
v 14.680000 81.339996 0.200000
v 12.830000 81.279999 0.370000
v 8.740000 75.139999 1.450000
v 8.820000 73.610001 1.720000
v 8.090000 72.279999 2.830000
v 8.590000 70.500000 2.510000
v 8.770000 68.910004 2.300000
v 8.940000 67.029999 2.120000
v 9.250000 66.059998 1.720000
v 10.040000 62.310001 1.900000
v 10.430000 61.200001 1.730000
v 10.302471 65.586800 14.401365
v 8.581967 65.488914 13.481766
v 8.271591 63.985676 13.238882
v 8.364844 62.882137 13.335637
v 65.705833 23.421173 5.139568
v 66.410004 25.040001 5.180000
v 67.716248 24.885015 8.053029
v 67.362022 21.177116 11.477426
v 68.813751 22.651333 11.045862
v 69.360863 24.007057 10.715089
v 69.535408 25.685188 9.597545
v 65.480362 22.955210 4.025992
v 66.095284 23.312340 3.023069
v 50.070000 -84.220001 41.919998
v 69.040001 2.650000 12.670000
v 69.510002 4.110000 12.750000
v 69.919998 5.570000 12.980000
v 70.260002 7.030000 13.230000
v 70.550003 8.470000 13.390000
v 70.419998 9.910000 13.770000
v 49.470001 -87.279999 41.500000
v 50.410000 -87.080002 40.439999
v 50.709999 -85.540001 40.700001
v 51.049999 -84.720001 40.860001
v 52.380001 -69.050003 26.709999
v 52.740002 -69.019997 24.700001
v 53.090000 -68.870003 22.790001
v 53.480000 -68.610001 20.680000
v 54.130001 -67.019997 20.650000
v 54.669998 -65.349998 20.870001
v 67.610001 -2.130000 11.440000
v 68.218857 16.932707 13.662958
v 40.040001 -94.029999 50.750000
v 40.759998 -93.589996 50.459999
v 42.470001 -93.830002 49.740002
v 9.780000 76.379997 0.670000
v 8.570000 77.839996 1.460000
v 8.700000 76.800003 1.410000
v 16.549999 79.419998 9.020000
v 16.910000 78.169998 9.400000
v 17.450001 76.860001 9.940000
v 15.770000 82.339996 9.020000
v 16.010000 81.180000 8.880000
v 15.300000 80.190002 9.580000
v 17.450001 87.160004 6.940000
v 17.290001 84.750000 7.030000
v 16.330000 84.650002 7.720000
v 15.610000 84.300003 8.270000
v 14.130000 83.900002 9.020000
v -21.003384 62.058689 2.046607
v -20.740000 64.269997 5.300000
v -21.230000 64.019997 6.720000
v -22.160000 63.799999 7.770000
v -22.959999 63.720001 8.480000
v -23.889999 65.510002 8.590000
v -25.129999 64.220001 9.660000
v 46.860001 -90.720001 46.020000
v 47.680000 -90.290001 45.180000
v 46.240002 -92.699997 46.990002
v 46.869999 -92.050003 46.070000
v 40.871250 47.600845 13.871440
v 39.911850 47.470425 12.973650
v 42.380253 47.511574 14.763253
v 43.772800 43.567184 15.487384
v 44.725021 43.839214 15.234444
v 43.891701 45.537567 15.228061
v 43.510483 46.996456 15.152651
v 48.470001 40.910000 14.180000
v 47.748154 42.290810 14.448476
v 46.932732 43.411766 14.631566
v 49.169998 -89.290001 42.070000
v 49.560001 -88.779999 41.320000
v 48.549999 -90.879997 43.730000
v 49.310001 -90.570000 42.320000
v -21.980000 58.509998 0.450000
v -23.740000 58.110001 0.390000
v -23.980000 56.880001 0.390000
v 49.590000 40.730000 13.600000
v 52.580002 42.369999 10.130000
v 52.259998 42.580002 10.870000
v 51.529999 42.869999 12.200000
v 50.209999 42.480000 13.270000
v 49.310001 42.130001 14.010000
v 54.330002 53.669998 6.680000
v 54.099998 52.070000 7.150000
v 54.139999 51.830002 8.680000
v 53.779999 50.459999 9.540000
v 53.290001 49.240002 10.640000
v 52.310001 48.389999 11.880000
v 51.910000 46.709999 12.140000
v 52.020000 45.680000 11.850000
v 52.220001 44.580002 11.720000
v -22.049999 60.660000 0.660000
v -21.990000 59.619999 0.550000
v 13.760000 73.089996 12.690000
v 12.780000 71.389999 13.260000
v 13.380000 70.599998 13.490000
v 12.290000 69.320000 13.670000
v 12.550000 67.529999 13.990000
v 13.860000 67.459999 14.070000
v 67.344208 -3.581685 9.774713
v 67.120003 -3.600000 11.150000
v 15.330000 74.699997 11.700000
v 13.790000 75.019997 12.120000
v 12.070000 66.940002 14.670000
v 10.504159 67.474205 14.153058
v -30.240000 56.290001 6.370000
v 55.169998 -63.770000 20.969999
v 55.459999 -62.500000 21.379999
v 55.060001 -62.590000 22.459999
v 69.139999 1.240000 11.180000
v 69.680000 2.630000 11.140000
v 55.340000 -61.599998 22.400000
v 67.845825 -2.408787 9.732146
v 68.350609 -1.410894 9.270045
v 69.043304 0.068679 9.099173
v 69.849998 1.970000 9.630000
v 56.000000 -60.709999 21.080000
v 56.240002 -59.570000 21.690001
v 56.410000 -58.480000 21.410000
v 56.459999 -57.119999 21.730000
v -28.980000 56.540001 2.230000
v -29.379999 57.540001 2.630000
v -29.760000 59.369999 3.140000
v -30.450001 58.529999 5.280000
v -30.570000 57.880001 6.700000
v -27.440001 56.590000 1.110000
v -28.280001 56.580002 1.460000
v -29.000000 57.720001 1.540000
v -26.170000 56.110001 0.600000
v 52.070000 -68.970001 28.139999
v -25.930000 57.560001 0.490000
v 37.360001 -98.040001 51.290001
v 38.060001 -96.889999 51.180000
v 36.740002 -99.449997 51.330002
v 40.490002 -95.379997 50.500000
v 39.570000 -97.209999 50.790001
v 41.270000 -96.889999 50.279999
v 8.680000 64.720001 2.690000
v 8.860000 63.000000 2.890000
v 9.770000 60.939999 2.260000
v 41.490002 47.360001 1.830000
v 40.680000 46.880001 2.730000
v 39.830002 46.919998 3.540000
v 40.590000 48.590000 3.670000
v 40.027023 48.992664 5.761436
v 39.486897 48.506424 7.356540
v 7.702112 61.030952 8.512497
v 8.086812 63.403259 4.725909
v 7.614733 63.081474 7.118938
v 7.552402 62.579498 8.758844
v 7.346819 60.965717 9.489858
v 7.136468 60.574783 10.741683
v 56.860001 -55.320000 21.540001
v 16.100000 76.910004 10.440000
v 14.190000 76.440002 11.320000
v 51.450001 -84.760002 39.759998
v 51.549999 -84.760002 38.610001
v 51.520000 -84.370003 37.860001
v 51.490002 -84.690002 36.599998
v 51.439999 -84.000000 35.080002
v 51.630001 -82.459999 34.250000
v 51.849998 -81.269997 34.070000
v 51.520000 -79.430000 32.630001
v 51.669998 -78.650002 33.470001
v 49.970001 60.639999 0.240000
v 49.009998 58.400002 0.140000
v 47.660000 58.279999 0.210000
v 47.369999 56.330002 -0.060000
v 47.110001 55.119999 0.250000
v 45.009998 54.630001 0.500000
v 44.910000 52.930000 0.530000
v 44.910000 51.400002 0.530000
v 45.320000 50.299999 0.350000
v 44.000000 49.270000 0.560000
v 43.290001 47.520000 0.700000
v 42.580002 48.790001 1.440000
v 51.320000 -77.089996 31.549999
v 51.139999 -75.029999 31.540001
v 44.230000 -93.959999 48.750000
v 45.369999 -94.010002 48.049999
v 45.860001 -93.379997 47.639999
v 51.150002 -71.010002 30.930000
v 51.540001 -70.309998 29.520000
v 51.080002 -73.139999 31.270000
v 51.119999 -72.110001 31.110001
v -26.580000 64.209999 9.790000
v -28.520000 62.320000 9.220000
v -28.450001 61.119999 9.280000
v -28.080000 64.019997 9.500000
v 51.970001 -70.470001 27.629999
v 7.472731 61.110104 12.140780
v 7.580145 62.926876 12.001946
v 57.540001 -55.290001 20.170000
v 57.790001 -55.000000 18.600000
v 58.410000 -53.490002 16.840000
v 58.410000 -53.540001 15.260000
v 58.009998 -54.959999 16.980000
v 70.240524 18.322201 13.223607
v 69.674622 20.000578 12.709665
v 69.016472 20.502932 12.452778
v 68.543457 20.763763 12.202994
v 59.720001 -47.529999 10.990000
v 59.496258 -47.381413 9.763532
v 59.137775 -48.752193 10.043083
v 58.536686 -49.305149 8.554091
v 59.099998 -50.430000 13.090000
v 58.939999 -50.380001 11.370000
v 59.360001 -48.820000 11.270000
v 58.689999 -51.980000 13.360000
v 58.209999 -53.720001 13.370000
v 74.173798 20.834517 1.115388
v 71.950562 19.677097 0.221431
v 70.000000 22.969999 0.420000
v 68.680000 24.030001 1.290000
v 67.766434 24.965218 2.427347
v 67.139999 25.280001 3.420000
v 72.142548 20.774372 0.190926
v 72.590240 22.785788 0.319070
v 71.410004 23.590000 0.340000
v 70.980003 12.080000 13.780000
v 70.610001 13.110000 13.930000
v 70.290001 14.390000 13.930000
v -29.290001 61.290001 8.450000
v -30.330000 61.119999 6.900000
v -30.700001 59.570000 6.860000
v 69.769997 16.170000 13.750000
v 10.940000 81.180000 0.570000
v 9.250000 80.980003 0.860000
v 8.150000 81.029999 1.800000
v 7.930000 79.529999 2.090000
v 8.270000 77.860001 2.720000
v 16.020000 83.110001 0.570000
v 14.350000 82.820000 0.340000
v 12.530000 82.760002 0.420000
v 10.510000 82.760002 0.710000
v 8.160000 76.410004 2.540000
v 8.030000 74.830002 3.220000
v 7.990000 73.800003 3.020000
v 7.983447 73.125130 4.721744
v 7.988679 72.050079 4.019817
v 7.926661 70.747589 4.547252
v 8.140799 70.653618 3.344878
v 8.107757 69.137146 3.615767
v 8.257454 67.296989 3.434065
v 8.285977 65.680374 3.459925
v 8.876284 67.240906 13.396523
v 7.820545 66.984283 12.360867
v 7.870987 65.684273 12.651234
v 7.841888 64.711449 12.735378
v 67.690002 26.660000 4.820000
v 69.760216 21.820795 11.826295
v 70.900002 24.000000 11.740000
v 70.907127 25.547813 11.111568
v 69.559418 28.422018 7.390138
v 70.838165 27.835953 9.139052
v 71.611855 27.138266 10.152527
v 70.169998 3.910000 11.620000
v 71.190002 5.820000 11.440000
v 71.110001 6.700000 12.600000
v 71.559998 8.320000 12.380000
v 71.180000 9.560000 13.360000
v 71.910004 11.030000 13.160000
v 50.189999 -88.769997 39.639999
v 50.630001 -87.160004 38.730000
v 51.060001 -85.949997 38.990002
v 52.290001 -70.540001 26.330000
v 52.349998 -70.589996 24.930000
v 52.480000 -70.529999 23.010000
v 52.700001 -70.290001 20.980000
v 52.950001 -70.070000 18.750000
v 53.619999 -68.570000 18.670000
v 54.049999 -67.239998 19.139999
v 54.669998 -65.779999 18.530001
v 55.259998 -64.180000 18.559999
v 55.730000 -62.700001 19.010000
v 41.980000 -95.160004 50.000000
v 43.470001 -95.589996 49.180000
v 44.349998 -95.370003 48.529999
v 15.820000 78.510002 9.930000
v 14.050000 82.419998 9.510000
v 14.640000 81.480003 9.530000
v 13.300000 80.860001 9.820000
v 14.010000 79.540001 10.330000
v 14.530000 78.250000 10.560000
v 16.540001 86.230003 7.350000
v 15.280000 85.940002 7.860000
v 14.520000 85.500000 8.310000
v 13.540000 85.419998 8.700000
v 10.850000 84.400002 8.230000
v 12.160000 82.610001 9.460000
v -21.820000 64.059998 1.640000
v -22.030001 62.660000 1.150000
v -23.639999 61.529999 0.510000
v -21.070000 66.980003 6.630000
v -21.530001 65.459999 6.880000
v -22.510000 65.699997 7.630000
v -22.450001 67.379997 7.770000
v -23.450001 68.620003 8.510000
v -26.340000 67.269997 8.890000
v -26.450001 65.739998 9.230000
v 47.650002 -91.959999 45.099998
v 48.349998 -91.830002 44.290001
v 46.720001 -93.769997 46.650002
v 47.580002 -94.089996 45.310001
v 48.509998 -93.239998 43.980000
v 41.919724 48.803486 14.235715
v 41.128780 49.200680 13.575334
v 40.318153 48.575653 12.991236
v 43.415459 48.099033 15.007699
v 43.320786 49.485584 14.516560
v 46.425343 45.781464 14.602276
v 45.005581 45.879082 15.038418
v 44.460808 46.823097 15.145955
v 44.394089 48.196339 14.983300
v 48.680000 43.490002 14.170000
v 48.423141 45.221191 13.981552
v 49.900002 -90.430000 40.189999
v 49.320000 -92.180000 42.480000
v 49.660000 -92.400002 40.360001
v -23.379999 59.619999 0.300000
v -25.420000 59.549999 0.310000
v 51.110001 44.660000 12.710000
v 49.910000 44.040001 13.400000
v 54.740002 55.340000 6.660000
v 54.680000 55.240002 8.790000
v 54.459999 53.529999 8.700000
v 54.060001 53.709999 10.250000
v 53.990002 52.150002 10.430000
v 53.660000 50.849998 10.410000
v 52.840000 50.669998 11.480000
v 51.680000 50.279999 12.310000
v 51.430000 48.939999 12.680000
v 50.990002 47.590000 12.740000
v 50.770000 46.110001 12.970000
v 12.650000 74.730003 12.080000
v 12.080000 73.339996 12.650000
v 11.310000 71.949997 12.980000
v 10.771924 70.250298 13.285058
v 10.545598 69.012657 13.558095
v 13.200000 76.430000 12.520000
v 11.690000 76.400002 12.440000
v 9.067133 69.105003 13.033288
v 56.119999 -61.490002 19.400000
v 70.627884 3.699479 9.411657
v 70.519997 3.860000 10.460000
v 69.777962 2.130862 8.059963
v 56.700001 -59.509998 19.400000
v 56.459999 -59.619999 20.639999
v 56.750000 -58.650002 20.469999
v 57.139999 -57.119999 20.340000
v -29.309999 59.240002 1.680000
v -29.150000 60.959999 1.400000
v -29.670000 61.299999 2.690000
v -30.040001 61.160000 4.490000
v -27.650000 57.900002 0.920000
v -27.670000 59.450001 0.840000
v 39.259998 -99.440002 50.720001
v 39.259998 -98.239998 50.790001
v 42.330002 -96.599998 49.830002
v 40.790001 -98.239998 50.200001
v 42.770000 -98.029999 49.369999
v 8.207166 64.567093 3.832620
v 41.549999 48.790001 2.430000
v 41.599998 50.450001 2.810000
v 40.880001 50.369999 4.110000
v 40.544567 50.658848 5.524750
v 40.046169 50.254421 7.618325
v 7.291752 62.088421 10.103722
v 8.019867 64.791855 4.403681
v 7.894124 65.110725 5.405426
v 7.555422 64.710670 6.840128
v 7.038045 64.503227 8.192316
v 7.066262 63.947620 9.000741
v 7.167501 63.827579 10.430773
v 12.250000 78.250000 10.930000
v 12.230000 76.730003 11.180000
v 51.119999 -85.900002 37.459999
v 50.590000 -86.120003 34.990002
v 50.490002 -84.739998 32.799999
v 51.049999 -82.629997 32.680000
v 51.419998 -81.680000 33.060001
v 51.090000 -80.370003 31.219999
v 51.130001 -78.169998 30.280001
v 52.220001 60.889999 0.630000
v 51.459999 63.099998 0.180000
v 49.340000 62.840000 -0.080000
v 47.730000 62.150002 0.080000
v 47.610001 60.830002 0.200000
v 47.860001 59.930000 0.240000
v 46.180000 59.910000 0.480000
v 45.560001 58.110001 0.300000
v 45.959999 56.759998 0.270000
v 44.029999 56.419998 1.000000
v 43.150002 54.380001 1.460000
v 43.470001 53.360001 1.230000
v 43.369999 52.099998 1.080000
v 43.470001 50.450001 1.040000
v 42.590000 50.750000 1.630000
v 51.130001 -76.529999 29.530001
v 51.340000 -74.750000 29.200001
v 51.340000 -73.570000 29.639999
v 45.529999 -95.279999 47.580002
v 46.630001 -94.809998 46.669998
v 51.509998 -72.279999 29.700001
v 51.700001 -72.180000 28.100000
v -28.020000 65.750000 8.750000
v -29.360001 63.900002 8.560000
v -29.350000 62.549999 8.390000
v -29.120001 65.760002 7.030000
v 51.849998 -72.000000 27.070000
v 52.110001 -71.980003 25.570000
v 7.345705 65.462883 11.604781
v 57.430000 -56.689999 18.889999
v 57.599998 -56.639999 17.190001
v 58.180000 -54.750000 15.550000
v 58.000000 -55.139999 13.940000
v 57.619999 -56.490002 15.200000
v 71.379997 16.330000 13.610000
v 72.260002 18.280001 13.060000
v 71.610001 19.370001 12.860000
v 70.970001 20.299999 12.530000
v 58.515778 -50.603317 9.885703
v 57.765274 -51.535641 8.596869
v 58.570000 -51.900002 11.770000
v 58.098057 -52.648056 10.801262
v 58.250000 -53.169998 12.030000
v 57.613289 -55.510696 12.447605
v 57.807133 -54.322254 11.696746
v 74.135696 24.572287 0.322978
v 70.959999 25.600000 0.830000
v 69.389999 25.590000 1.580000
v 68.360001 26.680000 3.060000
v 72.830002 25.610001 0.380000
v 71.820000 12.650000 13.420000
v 71.620003 14.110000 13.580000
v -30.170000 62.680000 7.290000
v -30.040001 62.900002 5.080000
v 8.860000 82.480003 1.410000
v 8.520000 82.629997 3.010000
v 7.940000 81.089996 2.710000
v 7.920000 79.989998 2.830000
v 8.010000 78.370003 4.570000
v 8.140000 75.489998 4.600000
v 15.740000 84.639999 0.780000
v 13.890000 84.330002 0.630000
v 12.460000 84.029999 0.590000
v 10.620000 84.279999 0.910000
v 9.220000 84.120003 1.840000
v 8.000000 75.349998 6.330000
v 7.979152 73.253464 6.738795
v 7.656484 71.792862 6.358283
v 7.814219 71.516991 5.424429
v 7.585548 70.325462 6.153595
v 7.690537 68.731522 5.976325
v 7.900375 68.968811 4.811842
v 7.897445 67.289635 5.056346
v 8.023080 65.943962 4.375724
v 7.974078 68.611618 12.175030
v 7.262270 67.053680 11.356210
v 7.194882 68.755806 10.640746
v 68.271439 27.257282 4.142872
v 68.805328 28.415384 4.563802
v 71.440002 21.950001 12.070000
v 72.650002 22.700001 11.970000
v 73.279999 24.360001 11.560000
v 73.083038 26.065889 11.103936
v 72.398796 26.837278 10.709474
v 69.287369 30.227144 5.911690
v 70.947380 30.255741 7.569539
v 72.275505 28.571451 9.777887
v 72.132240 29.875269 8.933283
v 73.760094 28.670420 10.284627
v 71.345917 5.309005 9.644690
v 72.629997 7.280000 9.400000
v 72.160004 7.470000 10.990000
v 73.019997 9.030000 10.850000
v 72.559998 9.930000 12.290000
v 73.330002 11.280000 12.000000
v 72.790001 13.090000 12.750000
v 50.049999 -90.209999 37.740002
v 50.189999 -89.040001 38.209999
v 50.340000 -88.080002 37.180000
v 51.970001 -72.349998 23.360001
v 51.959999 -72.000000 21.170000
v 52.240002 -71.629997 19.410000
v 52.150002 -71.540001 17.240000
v 52.880001 -70.000000 17.040001
v 53.459999 -68.540001 16.670000
v 53.900002 -67.360001 16.840000
v 54.419998 -66.160004 17.129999
v 55.360001 -63.939999 16.750000
v 55.750000 -62.700001 16.860001
v 56.250000 -61.290001 16.870001
v 56.900002 -59.980000 17.360001
v 43.529999 -96.940002 49.020000
v 44.669998 -96.660004 48.400002
v 45.619999 -96.800003 47.450001
v 11.160000 81.220001 9.710000
v 12.120000 79.900002 10.150000
v 12.930000 79.680000 10.320000
v 15.190000 87.410004 7.800000
v 11.740000 87.139999 8.940000
v 9.710000 85.839996 8.370000
v 8.580000 84.250000 8.340000
v 9.020000 82.760002 8.470000
v 10.360000 82.650002 9.150000
v 11.470000 82.660004 10.840000
v -22.959999 65.919998 1.690000
v -23.540001 64.089996 0.720000
v -23.690001 63.020000 0.620000
v -25.600000 62.770000 0.550000
v -26.030001 60.919998 0.510000
v -21.870001 68.720001 7.170000
v -22.309999 68.480003 8.040000
v -27.559999 61.320000 0.610000
v -27.680000 67.220001 8.310000
v 42.590000 -99.620003 49.340000
v 42.002121 50.095650 13.810297
v 41.291077 50.098354 13.308493
v 40.674191 49.931995 12.534441
v 44.349998 -99.430000 48.400002
v 44.250000 -98.309998 48.560001
v -27.740000 68.639999 8.110000
v 47.700001 -95.779999 45.060001
v 48.240002 -95.349998 44.099998
v 48.950001 -94.980003 42.599998
v 49.259998 -93.419998 41.889999
v 45.110851 49.707802 14.504897
v 44.375664 51.306633 14.111793
v 42.977551 51.735229 13.650008
v 7.923773 70.714241 11.742814
v 9.315452 70.940201 12.802441
v 49.840000 45.410000 13.440000
v 11.700000 75.070000 11.630000
v 11.270000 74.029999 11.760000
v 10.430000 77.820000 11.600000
v 9.910000 76.769997 11.940000
v 9.790000 75.000000 12.260000
v 10.870000 75.080002 10.960000
v 54.860001 56.900002 5.750000
v 55.090000 56.770000 7.380000
v 54.939999 58.139999 8.810000
v 53.980000 56.799999 10.150000
v 54.020000 55.270000 10.540000
v 10.938802 72.504845 12.085617
v 9.511201 72.312752 12.608485
v 49.450001 46.970001 13.510000
v 49.990002 48.380001 13.210000
v 50.509998 50.200001 12.940000
v 49.410000 49.880001 13.410000
v 52.160000 51.549999 12.120000
v 51.189999 51.619999 12.520000
v 49.556549 51.621510 13.140175
v 53.080002 51.860001 11.390000
v 53.380001 53.349998 11.040000
v 52.830002 53.110001 11.640000
v 53.279999 54.880001 11.090000
v 52.580002 54.430000 11.780000
v -29.719999 62.320000 2.970000
v -29.610001 64.169998 3.120000
v -29.459999 62.639999 1.670000
v -28.059999 62.669998 0.730000
v 47.623611 47.339100 14.084797
v 46.499115 47.299725 14.472834
v 45.512245 47.339573 14.818217
v 57.080002 -58.040001 19.360001
v 57.330002 -58.169998 17.740000
v 71.379028 5.949412 6.984434
v 49.650002 -92.040001 37.910000
v 49.740002 -94.260002 40.009998
v 49.459999 -93.760002 37.820000
v 45.355755 48.530396 14.766303
v 6.940243 66.778473 10.315162
v 6.803949 67.817314 8.603144
v 6.832669 69.266754 9.005220
v 7.003654 70.543526 9.115799
v 7.212116 71.166092 10.395212
v 6.888095 65.243896 9.995306
v 68.889999 27.420000 2.550000
v 68.809998 28.110001 3.340000
v 69.599998 29.660000 3.140000
v 69.513954 29.986078 4.701303
v 72.860001 20.760000 12.300000
v 73.900002 22.270000 11.920000
v 75.010002 23.750000 11.490000
v 74.996140 25.725101 11.237223
v 75.360100 27.422268 10.957299
v 70.499809 31.401176 5.200143
v 72.295036 31.904226 7.967651
v 71.559479 32.815517 6.522441
v 72.955627 29.598669 9.607067
v 73.726952 31.151041 9.299363
v 76.133438 29.228689 10.746305
v 75.486870 30.667120 10.209343
v 74.330917 30.160082 9.961806
v 8.100000 81.309998 3.720000
v 7.970000 80.190002 3.710000
v 7.880000 80.169998 4.800000
v 7.130000 79.220001 7.160000
v 8.410000 77.900002 6.550000
v 14.810000 86.089996 1.150000
v 13.480000 85.650002 0.950000
v 11.480000 85.699997 1.330000
v 10.300000 85.430000 2.030000
v 9.530000 85.419998 3.210000
v 8.970000 84.129997 3.270000
v 6.680000 76.720001 7.290000
v 6.748595 75.057419 7.526626
v 8.330000 73.620003 8.340000
v 7.199772 72.106712 7.822047
v 7.045026 70.123962 7.640092
v 7.190505 68.878387 7.119153
v 7.236509 67.467262 7.065746
v 7.622529 67.378357 6.202264
v 7.616962 66.210739 6.431362
v 46.869999 -96.820000 45.980000
v 45.090000 -98.160004 47.759998
v 46.439999 -98.139999 46.349998
v 9.530000 81.400002 10.010000
v 9.430000 79.680000 9.840000
v 11.000000 79.500000 10.020000
v 10.060000 78.349998 9.680000
v 15.640000 88.760002 6.940000
v 11.410000 88.489998 7.130000
v 10.340000 86.989998 8.080000
v 9.030000 85.879997 7.300000
v 7.900000 84.379997 7.250000
v 7.820000 83.129997 6.900000
v 8.100000 82.660004 8.340000
v 7.660000 80.980003 8.350000
v 8.800000 81.169998 9.310000
v 9.040000 82.500000 9.830000
v -23.080000 67.449997 2.240000
v -24.360001 67.290001 1.810000
v -24.540001 65.959999 1.060000
v -24.950001 64.620003 0.710000
v -26.980000 64.209999 0.790000
v 72.376640 6.955174 8.448440
v 73.610092 9.308100 7.911129
v 73.500000 8.920000 9.240000
v 74.150002 10.360000 9.380000
v 73.750000 10.530000 10.730000
v 74.339996 11.870000 10.480000
v 74.059998 13.120000 11.570000
v 73.800003 14.820000 12.250000
v 72.699997 14.490000 12.970000
v 49.500000 -91.809998 35.669998
v 49.720001 -90.430000 35.939999
v 49.889999 -89.389999 35.900002
v 49.950001 -88.099998 34.820000
v 51.430000 -73.970001 24.950001
v 51.349998 -73.839996 23.200001
v 51.169998 -73.860001 21.420000
v 51.230000 -73.269997 19.049999
v 51.160000 -73.169998 17.090000
v 51.790001 -71.849998 15.830000
v 52.240002 -70.580002 15.110000
v 52.930000 -69.430000 15.460000
v 53.619999 -67.830002 14.840000
v 54.130001 -66.160004 14.820000
v 55.049999 -64.010002 15.140000
v 55.570000 -62.759998 15.160000
v 56.119999 -61.299999 15.280000
v 56.700001 -59.849998 15.400000
v 57.270000 -58.450001 15.750000
v 50.080002 -86.139999 33.000000
v 49.520000 -86.379997 31.379999
v 50.049999 -84.790001 31.250000
v 50.480000 -83.199997 31.170000
v 50.740002 -81.910004 31.180000
v 50.320000 -81.540001 29.600000
v 50.560001 -80.150002 29.370001
v 50.730000 -78.769997 28.639999
v 50.950001 -76.940002 27.940001
v 54.189999 60.930000 1.670000
v 54.400002 63.020000 1.430000
v 53.450001 65.900002 0.500000
v 51.009998 64.820000 -0.090000
v 49.080002 64.730003 -0.020000
v 47.950001 -97.099998 44.540001
v 48.610001 -96.540001 43.389999
v 49.139999 -97.080002 41.169998
v 49.650002 -95.639999 40.540001
v 48.578644 48.608292 13.656322
v 8.446229 72.096191 12.170182
v 9.655646 73.412491 12.418798
v 8.605396 73.868904 11.847283
v 10.248361 73.577682 11.410110
v 53.180000 56.480000 10.870000
v 52.259998 56.070000 11.690000
v 53.630001 58.310001 10.340000
v 52.480000 57.759998 11.120000
v 55.320000 58.560001 6.690000
v 55.459999 59.810001 7.370000
v 55.049999 59.820000 8.870000
v 54.419998 59.590000 9.450000
v 53.549999 59.560001 10.060000
v 55.029999 58.580002 5.090000
v 8.800000 76.449997 11.490000
v 8.780000 75.150002 11.810000
v 9.130000 77.970001 10.780000
v 7.396278 72.551933 10.805709
v 7.820361 72.909126 11.367853
v 41.590477 51.075596 12.875549
v 44.000542 52.381107 13.822310
v 43.700535 53.372250 13.554532
v 42.895546 53.065151 13.310445
v 42.105572 52.848732 12.584023
v 46.403568 48.685780 14.351261
v 46.181896 50.024364 14.165262
v 45.858105 51.236465 13.972017
v 40.663086 52.055618 7.280668
v 7.148117 66.272652 7.566178
v 6.968769 65.868019 8.640774
v 49.689999 -87.320000 32.869999
v 56.906746 -55.221657 9.984238
v 57.279999 -57.080002 13.270000
v 57.074661 -56.738823 12.025410
v 72.209999 27.200001 0.530000
v 70.970001 27.080000 1.110000
v 69.930000 27.059999 1.590000
v 46.810001 63.849998 0.250000
v 8.150000 79.680000 9.030000
v 8.030000 77.980003 9.740000
v 53.227802 -67.182121 13.000052
v 53.904678 -65.793213 13.171671
v 54.322090 -64.867554 13.161400
v 54.826771 -63.836559 13.474319
v 42.439999 52.299999 1.920000
v 41.500000 52.279999 2.970000
v 41.070000 51.970001 4.420000
v 51.200001 -75.199997 27.299999
v 51.630001 -73.349998 27.030001
v 7.040000 76.349998 8.870000
v 6.801989 74.643738 8.711219
v 6.979182 73.510216 8.608945
v 50.849998 -75.779999 25.230000
v 50.799999 -75.230003 23.090000
v 49.799999 -89.190002 35.180000
v 49.570000 -89.180000 34.220001
v 49.060001 -89.169998 32.380001
v 50.160000 -79.970001 27.940001
v 50.400002 -78.639999 27.379999
v 50.650002 -77.220001 26.430000
v 49.439999 -90.260002 34.439999
v 54.950001 60.720001 3.350000
v 55.270000 62.369999 3.420000
v 44.160000 59.590000 1.390000
v 43.860001 58.189999 1.390000
v 46.290001 61.340000 0.440000
v 44.169998 61.369999 1.300000
v 42.820000 57.580002 2.000000
v 43.029999 56.380001 1.750000
v 42.470001 54.770000 2.570000
v -29.719999 65.209999 5.210000
v -29.990000 64.180000 6.820000
v 72.550003 15.870000 13.170000
v 73.540001 17.480000 12.450000
v 8.700000 84.300003 5.040000
v 8.230000 82.500000 4.480000
v 7.007733 72.120789 9.159879
v 74.924812 11.812163 8.231936
v 74.769997 11.830000 9.270000
v 75.370003 13.410000 9.220000
v 74.669998 13.220000 10.510000
v 74.940002 14.570000 10.760000
v 52.330002 59.509998 10.970000
v 50.932976 59.353104 11.682530
v 50.939716 57.750446 12.087610
v 55.250000 60.130001 4.800000
v 55.450001 61.160000 5.560000
v 55.389999 61.160000 7.380000
v 54.779999 61.349998 8.790000
v 53.680000 60.889999 9.890000
v 11.160000 87.239998 3.170000
v 10.270000 87.440002 4.260000
v 9.710000 86.320000 4.840000
v -28.620001 67.220001 7.300000
v -29.430000 66.760002 4.800000
v -28.760000 68.349998 4.590000
v 49.220001 -93.570000 35.639999
v 47.527168 48.734924 13.970884
v 74.980003 21.860001 11.850000
v 76.559998 22.760000 11.230000
v 77.190002 24.440001 11.080000
v 76.674332 25.975969 11.030668
v 13.970000 87.440002 1.880000
v 12.270000 87.059998 1.700000
v 57.040001 -58.439999 13.920000
v -28.760000 64.019997 1.220000
v -27.959999 65.739998 1.780000
v -29.260000 66.180000 3.090000
v 73.820000 19.459999 12.250000
v 45.389999 -99.419998 47.470001
v 46.310001 -99.449997 46.480000
v 55.592693 -61.910595 13.630863
v 56.450001 -59.709999 13.590000
v 42.369999 53.450001 2.240000
v 69.690002 28.209999 2.190000
v 8.240000 75.320000 11.270000
v 7.294605 74.689995 10.503885
v 7.026418 73.537781 9.658859
v 50.602589 56.172260 12.416595
v 50.919537 54.839359 12.426705
v 52.419193 -69.375771 13.572222
v 50.290001 -75.730003 21.010000
v 50.459999 -74.809998 19.070000
v 50.738213 -73.630852 16.125235
v 51.419998 -72.379997 15.520000
v 51.647259 -71.332298 14.071896
v 51.369999 52.980000 12.400000
v 71.724693 33.346687 4.392674
v 72.654137 34.960323 5.626252
v 73.044662 33.737232 7.341983
v 70.830002 28.600000 1.540000
v 70.739998 30.549999 2.000000
v 70.784912 31.625778 3.426123
v 73.963486 32.940948 8.428626
v 75.433105 32.749435 9.272555
v 74.882202 31.557055 9.630510
v 41.258881 53.394894 5.328177
v 41.229893 53.904194 7.488387
v 74.720001 16.520000 11.570000
v 73.660004 16.160000 12.370000
v 48.900002 -93.239998 33.799999
v 49.049999 -91.779999 33.730000
v 52.230000 60.959999 10.760000
v 7.070000 81.360001 6.910000
v 7.280000 79.660004 8.230000
v 7.990000 79.720001 8.240000
v 42.709999 59.060001 3.120000
v 42.599998 56.250000 2.570000
v 42.142509 56.140030 4.163008
v 41.720001 54.400002 3.750000
v 41.689999 53.380001 3.450000
v 45.810001 62.389999 0.450000
v 74.980003 18.070000 11.700000
v 74.919998 19.170000 11.790000
v 42.560001 57.599998 3.070000
v 43.139999 60.799999 2.920000
v 49.415703 59.022285 12.348113
v 49.972198 57.950218 12.389953
v 49.367504 56.959736 12.734139
v 55.590000 62.919998 5.600000
v 55.490002 62.639999 6.960000
v 55.369999 62.419998 8.190000
v 47.540649 50.246098 13.762132
v 54.240002 62.959999 9.300000
v 53.130001 62.650002 10.070000
v 49.730000 -95.669998 38.660000
v 49.369999 -95.110001 37.520000
v 52.169998 62.279999 10.790000
v 49.290001 -97.080002 38.820000
v 48.509998 -98.250000 42.959999
v 49.180000 -98.599998 40.730000
v 49.139999 -98.389999 39.000000
v 74.779999 26.790001 0.240000
v 73.639999 28.450001 0.490000
v 44.099998 62.990002 1.050000
v 43.540001 62.900002 2.700000
v 43.160000 62.279999 3.930000
v 54.026260 -63.867657 11.208362
v 6.960000 78.480003 8.670000
v 7.870000 76.339996 10.560000
v 76.343765 26.875574 11.066842
v 77.651451 28.535448 10.581811
v -28.700001 68.629997 7.410000
v 75.256516 12.738219 6.439456
v 75.656120 13.176946 7.744859
v 76.509079 14.828556 7.805438
v 76.040001 14.760000 9.200000
v 75.639999 14.740000 9.860000
v 55.139999 65.570000 1.600000
v 55.410000 64.660004 3.710000
v 52.196819 -68.412659 11.752679
v 52.814217 -66.722115 11.347955
v 47.369999 65.699997 0.050000
v 45.619999 65.580002 0.550000
v 45.110001 64.230003 0.760000
v -26.120001 65.519997 1.160000
v -26.230000 67.080002 1.780000
v 49.930000 -82.809998 29.480000
v 49.529999 -82.510002 28.139999
v 49.860001 -81.290001 28.190001
v 49.599998 -84.680000 30.030001
v 49.410000 -83.970001 28.959999
v 49.009998 -86.139999 29.420000
v 48.820000 -88.110001 30.790001
v 48.540001 -87.500000 29.360001
v 56.840000 -58.450001 13.210000
v 56.248634 -58.887676 11.960036
v 72.220001 28.650000 0.910000
v 49.089527 54.031994 13.112079
v 47.100670 52.878693 13.465921
v 49.459999 66.180000 -0.150000
v 47.740002 66.839996 0.100000
v 76.169998 16.230000 10.250000
v 51.639999 66.019997 0.100000
v 50.459999 67.379997 -0.070000
v 55.570000 67.379997 3.230000
v 53.599998 68.790001 0.590000
v 53.130001 67.410004 0.340000
v 52.290001 67.570000 0.010000
v 48.910000 -95.150002 35.439999
v 50.790840 60.943031 11.428268
v 49.306690 60.799610 12.020659
v -23.980000 68.550003 2.640000
v -25.650000 68.629997 2.600000
v 77.606476 30.738913 10.411405
v 76.736450 31.147545 10.351981
v 76.865402 32.549786 9.883924
v 47.189999 -98.169998 45.480000
v 47.849998 -98.169998 44.669998
v 47.500000 -99.419998 44.910000
v 49.603977 55.337593 12.961787
v 50.589676 -71.375687 11.522779
v 50.320000 -76.889999 23.559999
v 50.139999 -76.540001 22.260000
v 49.179245 -78.315475 21.252789
v 48.923054 -77.738800 18.789175
v 50.562073 -73.289230 14.529218
v 71.580002 32.869999 2.630000
v 72.559998 34.619999 3.030000
v 72.562965 34.844776 4.133020
v 73.370003 36.349998 3.460000
v 73.311150 36.356136 5.328341
v 73.714218 35.976517 6.618301
v 41.555553 54.710243 5.856851
v 41.774994 55.612072 6.689022
v 41.711098 55.301643 8.747325
v 75.870003 18.200001 11.100000
v 48.310001 -94.849998 32.939999
v 48.230000 -93.410004 31.910000
v 48.470001 -92.070000 32.110001
v 48.830002 -90.809998 32.540001
v 50.754280 62.458996 11.286961
v 75.594856 34.943676 8.224101
v 72.230003 30.370001 1.240000
v 71.650002 31.700001 1.860000
v 77.884293 34.267799 9.280386
v 42.991211 54.165127 13.068217
v 74.190002 20.629999 12.080000
v 45.032093 52.941799 13.719941
v 44.581623 54.543251 13.447019
v 43.737137 54.487568 13.354632
v 50.000000 -78.400002 25.290001
v 49.970001 -77.839996 24.150000
v 48.270000 -90.580002 30.730000
v 48.459999 -89.290001 30.590000
v 49.520000 -81.050003 26.690001
v 49.930000 -79.830002 27.209999
v 50.080002 -78.660004 26.490000
v 55.520000 64.040001 5.230000
v 75.019997 20.450001 11.830000
v 76.489998 20.520000 10.960000
v 77.910004 22.660000 10.340000
v 78.449997 24.400000 10.300000
v 78.489998 25.549999 10.450000
v 78.517715 26.841000 10.354245
v -27.600000 67.260002 2.220000
v -28.340000 67.279999 2.940000
v -27.610001 68.720001 3.610000
v 42.832764 60.501575 4.964174
v 42.621475 59.084732 4.922485
v 42.394325 57.881779 5.407617
v 42.104164 56.652374 5.999819
v 75.599998 18.990000 11.410000
v 47.792763 60.447189 12.495315
v 47.538956 58.964146 12.870445
v 48.187019 57.826385 12.976583
v 47.832417 56.585453 13.239126
v 48.557384 55.511337 13.269689
v 55.450001 64.510002 7.060000
v 54.669998 63.970001 8.480000
v 52.689999 64.449997 10.180000
v 50.948532 63.929890 10.934252
v 49.110001 -97.220001 36.990002
v 48.910000 -96.690002 35.630001
v 48.889999 -98.529999 36.580002
v 48.490002 -99.419998 43.000000
v 49.139999 -99.519997 41.200001
v 49.259998 -99.489998 39.290001
v 49.020000 -99.480003 37.330002
v 75.417679 25.220798 0.509962
v 76.318054 27.534014 0.349782
v 75.540001 28.590000 0.180000
v 75.529999 30.280001 0.110000
v 73.639999 30.219999 0.610000
v 43.980000 64.519997 1.390000
v 43.750000 64.330002 2.900000
v 43.540703 64.315079 5.401309
v 43.068195 62.206261 5.453270
v 79.350769 28.750664 9.929709
v 79.333618 30.022491 9.919775
v 78.935883 31.356932 10.000303
v 76.724365 15.671735 6.002131
v 77.591850 16.856792 7.538737
v 77.050003 16.350000 8.660000
v 55.509998 65.949997 3.310000
v 55.700001 66.279999 4.780000
v 55.450001 65.790001 6.550000
v 46.090000 67.040001 0.640000
v 44.639999 67.040001 1.540000
v 44.470001 65.750000 1.410000
v 48.720001 -83.959999 26.840000
v 49.099998 -82.570000 26.830000
v 48.500000 -85.669998 27.600000
v 47.790001 -87.730003 27.049999
v 47.730000 -89.379997 28.490000
v 47.225395 55.174755 13.336292
v 45.859772 54.377254 13.460520
v 47.900002 68.510002 0.290000
v 46.279999 68.459999 0.470000
v 77.459999 17.900000 9.640000
v 77.019997 18.860001 10.510000
v 51.389999 69.070000 -0.070000
v 50.299999 68.900002 0.000000
v 48.959999 70.269997 0.220000
v 54.897072 71.082504 2.733382
v 55.759998 69.099998 4.970000
v 55.770000 67.629997 5.330000
v 53.790001 71.709999 0.340000
v 52.509998 70.589996 -0.060000
v 48.119999 -96.849998 33.150002
v 49.211975 62.376682 11.783952
v 47.668331 62.264381 12.319740
v 78.034576 32.616444 9.919651
v 77.282852 32.355663 10.125238
v 43.824379 55.684879 12.910492
v 49.630001 -78.209999 23.080000
v 49.049999 -79.809998 23.320000
v 48.549999 -79.959999 21.450001
v 47.978989 -80.481834 19.952265
v 47.584332 -79.946350 18.229137
v 72.120003 32.959999 1.670000
v 72.660004 34.410000 1.850000
v 73.370003 35.900002 1.800000
v 74.750000 37.580002 1.360000
v 74.269997 38.130001 2.870000
v 73.840683 37.018353 5.605460
v 42.341042 57.583290 8.107558
v 47.509998 -96.639999 31.170000
v 47.770000 -95.480003 31.370001
v 47.689999 -94.320000 30.860001
v 47.610001 -92.430000 29.870001
v 49.288746 63.714840 11.427174
v 77.937592 36.575275 8.520903
v 76.565804 36.588684 8.083222
v 75.469887 36.805630 7.359692
v 73.099998 31.860001 0.750000
v 79.406761 33.464649 9.634985
v 79.687279 34.636894 9.319401
v 79.830856 35.838352 8.950262
v 45.562454 56.098946 13.285732
v 49.790001 -79.559998 26.219999
v 49.459999 -79.959999 25.270000
v 47.730000 -90.900002 29.350000
v 48.700001 -82.610001 25.490000
v 49.060001 -81.000000 24.889999
v 77.959999 20.299999 10.060000
v 78.830002 21.900000 9.480000
v 79.199997 23.700001 9.600000
v 79.910004 25.219999 9.310000
v 79.750000 26.530001 9.940000
v 80.449997 28.139999 9.330000
v 42.951870 61.325439 6.678534
v 42.717899 60.151913 6.411945
v 42.569336 59.122021 6.255747
v 46.328785 60.949150 12.334107
v 46.634056 59.787315 12.689466
v 46.009449 58.557076 12.961646
v 47.104481 57.737511 13.398087
v 54.790001 65.709999 7.650000
v 54.349998 65.519997 8.570000
v 53.240002 65.730003 9.780000
v 51.980000 66.160004 10.480000
v 50.474396 65.979134 10.705475
v 48.250000 65.669998 11.160000
v 48.580002 -98.070000 35.160000
v 48.099998 -98.180000 33.439999
v 48.610001 -99.580002 35.430000
v 47.950001 -99.669998 33.259998
v 77.297958 25.773176 1.201860
v 77.459808 28.650833 0.492737
v 76.874146 29.787558 0.235211
v 76.814415 32.228970 0.233859
v 75.190002 31.920000 0.330000
v 44.110001 65.769997 2.490000
v 43.770000 66.160004 4.730000
v 43.190441 62.750923 6.334077
v 80.671829 30.227308 9.305572
v 80.075096 31.265785 9.654622
v 80.362816 32.781902 9.653588
v 77.766953 17.633438 5.991038
v 78.420166 18.325583 6.983019
v 78.250000 18.030001 8.470000
v 55.330002 67.070000 6.290000
v 54.720001 67.169998 7.240000
v 53.860001 66.989998 8.350000
v 44.910000 68.580002 1.210000
v 44.398804 67.758774 3.922239
v 44.240002 66.830002 2.930000
v 47.860001 -85.660004 25.740000
v 48.110001 -84.059998 24.750000
v 47.320000 -87.029999 25.030001
v 47.000000 -89.570000 25.969999
v 46.529999 -88.820000 23.639999
v 47.330002 -91.169998 28.330000
v 46.750000 -91.199997 26.389999
v 46.959999 70.290001 0.450000
v 45.439999 70.089996 1.230000
v 78.699997 19.809999 8.860000
v 50.869999 70.480003 0.040000
v 50.509998 71.989998 0.060000
v 48.540001 72.160004 0.090000
v 46.970001 72.150002 0.450000
v 45.750000 71.809998 1.200000
v 53.660770 73.516228 0.697340
v 55.509998 74.860001 1.490000
v 54.750854 73.108299 5.320425
v 55.610001 70.699997 5.230000
v 73.029999 33.080002 1.150000
v 73.940002 34.369999 0.980000
v 80.059998 37.880001 8.450000
v 78.559319 38.410824 8.295788
v 76.980003 38.099998 8.290000
v 75.339996 33.279999 0.320000
v 75.750000 38.070000 7.240000
v 47.441521 63.862343 11.807631
v 48.560001 -81.510002 23.670000
v 48.290001 -81.379997 22.500000
v 48.000000 -81.440002 21.420000
v 43.459705 57.162659 11.879712
v 44.688168 57.648178 12.679542
v 47.680000 -98.199997 32.240002
v 47.310001 -98.129997 31.059999
v 52.490002 71.930000 -0.030000
v 51.799999 73.330002 0.310000
v 55.250000 68.790001 5.970000
v 54.570000 68.320000 7.080000
v 54.880001 69.940002 6.540000
v 47.180000 -94.010002 29.430000
v 46.880001 -93.510002 28.290001
v 46.880001 -92.370003 27.690001
v 47.369999 -95.320000 30.309999
v 47.090000 -95.059998 29.490000
v 46.880001 -96.349998 29.280001
v 46.689999 -98.029999 29.230000
v 42.730206 59.891396 7.719622
v 74.677132 39.194576 3.066857
v 75.160004 40.970001 3.080000
v 75.460793 39.669601 1.868348
v 74.470001 35.990002 1.170000
v 75.870003 36.009998 0.620000
v 76.660004 37.700001 0.430000
v 77.050003 39.660000 0.570000
v 47.040001 -81.809998 18.639999
v 46.541733 -81.716949 17.424913
v 47.119999 -83.029999 20.040001
v 44.994404 69.746010 2.865713
v 44.759998 69.379997 3.730000
v 53.430000 68.459999 8.290000
v 52.009998 68.300003 9.470000
v 52.750000 66.830002 9.580000
v 79.036232 19.618088 7.265215
v 78.914543 19.670834 5.671644
v 81.480003 34.820000 9.170000
v 81.016144 31.871035 9.291055
v 81.629997 33.290001 9.240000
v 44.226372 62.949005 10.162033
v 80.779999 26.730000 8.970000
v 81.989998 28.139999 8.300000
v 82.080002 29.700001 8.460000
v 82.430000 31.790001 8.460000
v 54.410000 71.400002 6.800000
v 54.849998 75.510002 4.830000
v 54.012253 74.837601 6.139319
v 53.759998 73.910004 7.050000
v 53.020000 72.220001 8.140000
v 53.749542 74.967865 0.855175
v 53.660000 76.139999 0.940000
v 78.180000 39.549999 8.200000
v 77.500000 39.439999 7.800000
v 79.625145 39.943874 7.931207
v 45.410160 59.917587 12.235179
v 81.779999 36.810001 8.790000
v 81.900002 38.430000 8.540000
v 80.650002 39.340000 8.170000
v 43.903625 59.483246 11.265306
v 75.699997 34.610001 0.500000
v 48.840000 67.559998 10.460000
v 47.410000 67.330002 10.440000
v 51.169998 66.959999 10.270000
v 50.489727 67.474297 10.168446
v 76.599998 33.439999 0.200000
v 77.639999 34.759998 0.160000
v 80.489998 24.219999 8.290000
v 80.750000 25.690001 8.690000
v 45.376682 71.342606 3.147245
v 46.230000 -90.769997 24.240000
v 46.209999 -92.790001 25.870001
v 45.880001 -92.480003 24.150000
v 46.660000 -87.070000 22.740000
v 47.139999 -86.010002 23.389999
v 47.450001 -85.940002 24.459999
v 45.919998 -90.559998 23.080000
v 45.610001 -90.480003 21.719999
v 45.919998 -88.889999 21.670000
v 46.169998 -87.199997 21.030001
v 47.540001 -84.910004 23.600000
v 48.150002 -82.519997 23.389999
v 47.669998 -83.419998 22.389999
v 79.770981 21.262491 7.397852
v 79.349998 21.250000 8.570000
v 49.840000 73.760002 0.380000
v 48.380001 73.550003 0.470000
v 46.380001 73.540001 0.900000
v 45.400002 73.370003 1.710000
v 45.733955 73.208839 3.582240
v 52.168961 75.357880 0.602392
v 47.270000 -99.529999 31.350000
v 79.110710 30.866947 0.978623
v 78.267807 33.143600 0.286214
v 79.919998 22.250000 8.350000
v 83.050003 33.570000 8.260000
v 83.239998 35.169998 8.290000
v 83.300003 36.779999 8.460000
v 79.634277 20.838806 6.301329
v 53.290001 70.099998 8.180000
v 50.697498 70.405724 9.041993
v 50.042744 68.586296 9.754881
v 44.810001 70.580002 4.670000
v 46.610001 -83.199997 18.610001
v 46.164509 -82.990814 17.476042
v 47.009998 -84.930000 21.650000
v 46.349998 -84.989998 19.469999
v 46.209999 -84.349998 18.510000
v 45.913433 -82.445145 16.660095
v 46.154915 -81.090042 16.115574
v 76.559998 40.980000 0.880000
v 76.064148 41.295685 1.996448
v 78.570000 38.369999 0.110000
v 78.820000 39.919998 0.220000
v 78.930000 41.410000 0.450000
v 77.807610 42.245228 1.347525
v 54.430000 76.809998 5.310000
v 53.865433 76.659836 5.750356
v 52.835041 76.367416 6.592785
v 52.580002 77.830002 1.560000
v 52.339569 76.738136 0.774687
v 52.950001 73.790001 8.140000
v 51.450382 73.673538 8.510810
v 50.810001 72.269997 8.990000
v 53.360001 75.080002 6.860000
v 52.740002 75.080002 7.530000
v 83.389999 30.590000 7.760000
v 83.570000 31.910000 7.660000
v 83.940002 33.150002 7.500000
v 83.330002 29.120001 6.980000
v 81.760002 26.580000 8.160000
v 82.526344 27.592892 6.552760
v 44.545479 63.921677 10.258846
v 44.101307 64.528221 9.600065
v 46.389999 -95.110001 27.549999
v 50.110001 75.050003 0.640000
v 46.570000 -99.489998 29.330000
v 77.830002 36.750000 0.190000
v 76.470001 42.770000 2.940000
v 46.099998 -98.000000 27.610001
v 46.209999 -96.650002 27.459999
v 45.750000 -99.400002 26.860001
v 46.389999 -93.599998 26.920000
v 78.940002 41.070000 7.420000
v 81.040680 41.228996 7.748152
v 79.889999 42.360001 7.350000
v 83.129997 38.330002 8.390000
v 82.790001 39.669998 8.220000
v 82.529999 41.389999 7.910000
v 48.180000 69.190002 9.590000
v 79.336037 34.281040 0.337691
v 79.621201 35.734093 0.216963
v 79.654068 37.147167 0.132977
v 80.365410 22.989779 7.216135
v 81.148994 24.601038 6.594378
v 81.782341 25.910597 6.969519
v 45.750000 72.050003 4.830000
v 45.459999 -91.949997 22.379999
v 45.910000 -94.220001 25.760000
v 45.529999 -94.379997 24.059999
v 45.040001 -93.970001 21.840000
v 46.560001 -86.029999 21.219999
v 44.919998 -92.570000 20.590000
v 44.919998 -91.150002 19.719999
v 45.759998 -89.349998 20.959999
v 45.590000 -87.989998 19.540001
v 45.669998 -86.610001 19.020000
v 80.010300 23.123537 5.308543
v 48.470001 74.839996 0.690000
v 47.020000 75.050003 1.430000
v 46.421040 75.319229 3.145362
v 46.231232 75.377777 5.491181
v 46.005306 73.425255 5.777071
v 51.490002 76.639999 0.830000
v 50.458801 76.511162 1.389387
v 84.019997 34.520000 7.590000
v 84.589996 35.849998 7.490000
v 84.519997 37.299999 7.750000
v 84.419998 39.119999 7.790000
v 49.250000 71.709999 8.780000
v 48.665283 70.780548 8.887331
v 45.564102 -84.653824 17.373169
v 44.903194 -83.294525 15.604406
v 45.423168 -86.016838 17.953087
v 76.914818 42.207901 1.939561
v 80.680000 39.009998 0.060000
v 80.820000 40.669998 0.310000
v 80.279999 42.660000 0.420000
v 79.297516 43.635605 1.266761
v 78.435081 43.910709 2.114178
v 77.730003 43.750000 2.700000
v 82.359062 27.979836 4.845788
v 82.905197 27.866377 5.695314
v 83.468506 28.801125 5.621093
v 84.279999 30.530001 6.680000
v 84.550003 32.189999 6.870000
v 84.360001 30.129999 5.520000
v 84.599998 33.380001 6.910000
v 85.230003 34.860001 6.300000
v 51.459221 75.025673 8.078585
v 51.556637 76.136497 7.542466
v 49.778854 73.843979 8.528185
v 48.374779 73.298210 8.189083
v 49.790001 75.099998 8.570000
v 51.173817 77.620804 2.156969
v 52.536411 77.425743 5.143520
v 51.489189 77.708939 5.899264
v 50.549999 77.699997 7.240000
v 48.589626 76.313217 1.905597
v 45.459999 -97.089996 25.379999
v 45.849998 -95.400002 26.160000
v 83.529999 40.610001 8.100000
v 85.489998 38.389999 6.930000
v 85.650002 39.720001 7.150000
v 85.300003 41.070000 7.590000
v 84.410004 40.730000 7.900000
v 85.400002 36.840000 6.800000
v 81.699493 35.958649 0.954740
v 49.560001 78.050003 2.910000
v 46.780594 74.929123 6.677378
v 46.990360 72.660957 7.422541
v 46.369999 76.599998 4.800000
v 47.192268 76.505737 2.926714
v 46.794449 76.524910 3.393227
v 46.959999 77.750000 4.260000
v 45.037476 -87.835716 18.165457
v 45.349998 -89.110001 19.590000
v 45.130001 -88.760002 18.760000
v 44.765797 -89.793716 18.473316
v 78.453400 44.338497 2.609559
v 79.250000 45.299999 3.090000
v 81.010002 44.360001 0.810000
v 80.157684 44.856308 1.664794
v 81.870003 42.380001 0.570000
v 82.949997 43.990002 1.040000
v 81.947708 39.210430 0.405108
v 82.750000 40.709999 0.460000
v 83.470001 42.200001 0.590000
v 81.001938 37.939827 0.295171
v 43.920876 -87.850471 16.326626
v 47.491913 70.594666 8.543564
v 46.440033 69.031738 8.972302
v 47.994850 71.926376 8.448910
v 81.640839 43.353458 7.345349
v 80.800003 44.080002 7.130000
v 83.720001 42.419998 7.850000
v 83.068336 44.087700 7.300747
v 45.770000 -98.160004 26.620001
v 45.250000 -98.750000 24.709999
v 45.220001 -99.440002 24.900000
v 44.384342 -92.527374 18.959299
v 44.194195 -91.203575 17.919205
v 44.650002 -93.900002 20.340000
v 44.203651 -93.986023 19.058352
v 45.000000 -95.559998 22.480000
v 44.619999 -95.620003 20.980000
v 44.380001 -95.070000 19.830000
v 45.570000 -95.500000 24.920000
v 45.119999 -96.480003 23.379999
v 84.482346 30.827614 4.672392
v 84.879997 31.280001 5.240000
v 85.123123 32.838287 5.188368
v 86.150002 35.160000 4.650000
v 86.570000 36.480000 4.690000
v 86.660004 38.119999 5.470000
v 50.139999 76.370003 8.070000
v 47.790001 75.169998 7.900000
v 47.590000 78.050003 3.630000
v 44.939999 -98.209999 23.219999
v 84.419998 42.080002 8.040000
v 86.139999 39.279999 6.510000
v 86.739998 40.910000 6.460000
v 86.139999 42.470001 7.640000
v 85.269997 42.400002 7.850000
v 81.681465 46.329453 3.380749
v 80.831253 45.522499 6.055000
v 81.289734 45.800003 1.785251
v 82.400002 45.299999 1.230000
v 87.129997 44.000000 1.740000
v 84.279999 46.849998 2.000000
v 84.385033 40.094311 1.266699
v 46.421841 69.657181 7.647753
v 85.120003 43.660000 7.680000
v 84.760002 45.400002 7.290000
v 83.334892 46.093773 6.170462
v 44.849998 -99.500000 23.260000
v 43.205711 -92.257370 16.579763
v 43.761490 -95.687675 18.481544
v 42.941879 -95.025116 16.744556
v 44.820000 -96.690002 22.170000
v 44.570000 -96.589996 21.280001
v 44.046520 -97.022148 19.495554
v 44.500000 -97.870003 21.240000
v 84.894096 32.720821 3.623913
v 85.859016 34.845364 3.878568
v 86.369125 36.308968 3.851485
v 86.963364 38.038754 3.801079
v 87.769997 39.529999 4.010000
v 87.389999 39.910000 5.160000
v 44.500000 -99.500000 21.430000
v 88.089996 41.230000 4.760000
v 87.949997 42.680000 6.250000
v 87.050003 43.820000 7.310000
v 81.889999 46.849998 1.900000
v 87.397842 40.806625 3.051093
v 88.320000 43.849998 3.200000
v 87.309998 45.770000 3.340000
v 86.690002 45.610001 1.890000
v 86.639999 45.520000 6.920000
v 88.120003 44.000000 6.250000
v 87.970001 45.220001 5.260000
v 88.570000 42.750000 4.640000
v 88.519997 43.840000 5.110000
v 88.709999 42.320000 3.640000
v 44.110001 -99.489998 19.850000
v 43.880001 -98.650002 19.260000
v 85.330002 46.810001 6.400000
v 85.517593 36.744408 2.657251
v 85.660004 48.299999 5.820000
v 86.699997 46.680000 5.710000
v 42.986008 -97.360832 16.988726
v 43.669998 -98.360001 18.629999
v 43.477146 -98.074722 18.137686
v 84.559998 48.220001 5.860000
v 43.700001 -99.540001 18.730000
v 42.887638 -99.537346 16.973145
v 40.290001 41.970001 13.260000
v 40.169998 40.799999 13.500000
v 40.430000 40.869999 13.640000
v 40.910000 39.880001 14.220000
v -15.120000 -60.230000 21.389999
v -14.420000 -61.439999 21.129999
v -15.020000 -61.570000 20.690001
v -13.120000 -62.590000 21.320000
v -11.900000 -65.419998 20.400000
v 41.126965 -96.628021 14.214060
v 41.349941 -99.531097 14.521675
v 49.526173 -74.719063 14.186638
v 54.775349 -58.854019 8.277932
v 68.760612 2.166219 5.747949
v 73.257477 9.920805 5.529673
v 72.127083 16.018230 1.011726
v 56.096428 -38.857838 1.823813
v 50.039215 -60.026615 2.837010
v 44.609730 -70.805702 2.697256
v 48.217754 -70.604874 6.596481
v 58.445499 -43.283699 5.408852
v 45.714573 -73.700813 6.275809
v 51.459686 -64.926048 6.858315
v 59.702679 -25.819830 3.013327
v 56.719402 -47.922646 5.167737
v 76.336388 18.078642 3.926328
v 58.717361 -30.094107 2.832288
v 41.123917 -87.374825 13.321312
v 72.122940 11.409309 3.170780
v 54.238689 -52.516651 4.276513
v 51.739220 -67.223541 9.507988
v 40.286629 -94.460892 13.674131
v 41.760204 -94.155159 15.054014
v 41.083363 -92.369911 14.221142
v 43.090988 -85.104073 14.331057
v 44.507202 -81.764732 14.147777
v 45.360744 -80.713554 14.448123
v 40.119476 -90.264832 13.170119
v 41.953094 -90.040939 14.681675
v 46.140495 -79.823250 14.812932
v 46.764996 -79.468071 15.652415
v 39.504173 -88.819328 12.535164
v 43.503178 -82.702164 13.608660
v 41.906242 -84.288460 12.860883
v 45.332256 -72.005707 4.232768
v 44.353661 -73.115669 4.315193
v 46.503738 -70.297226 4.213569
v 47.590702 -78.415771 16.090164
v 48.178513 -76.813515 14.827717
v 48.305996 -75.016556 12.128016
v 48.449890 -73.370613 9.977723
v 47.626343 -73.036789 8.161833
v 49.015774 -71.677177 8.905420
v 54.828110 -45.676052 2.595770
v 53.811943 -48.486198 2.539919
v 57.283051 -50.320267 6.927108
v 57.796886 -49.452175 7.240367
v 49.953339 -69.750282 8.557384
v 49.958820 -67.583900 6.602009
v 52.568989 -64.662743 8.713641
v 52.890095 -62.431545 7.503017
v 52.147175 -56.038662 3.500831
v 53.938057 -56.465572 5.571362
v 52.633446 -59.445381 5.352423
v 55.370430 -55.112141 6.940678
v 56.497448 -52.176071 6.911267
v 60.091530 -32.456490 4.451496
v 52.738838 -50.826893 2.345827
v 51.959381 -52.769539 2.331278
v 48.134853 -67.764816 4.406028
v 49.679321 -64.727364 4.438724
v 59.135719 -44.214794 6.718282
v 58.653889 -45.855450 6.782322
v 71.045341 8.054981 4.445951
v 58.245255 -47.962353 7.205878
v 59.473557 -43.197922 6.836218
v 59.657936 -41.652679 6.568346
v 59.319748 -39.620991 5.391440
v 51.431198 -62.391712 5.230491
v 58.944927 -33.822281 3.536995
v 56.214256 -43.207291 3.084022
v 58.288773 -37.041824 3.524953
v 57.729538 -40.416546 3.715912
v 60.234940 -19.855053 2.701482
v 60.351959 -17.915157 2.434621
v 59.810974 -23.632286 2.786624
v 60.021908 -21.712271 2.748151
v 60.278049 -15.546198 1.902902
v 61.959061 -11.670946 2.567755
v 62.336926 -9.856421 2.663183
v 60.781815 -14.434092 2.095569
v 61.383595 -13.138778 2.347220
v 62.827709 -7.078923 2.646652
v 63.907200 -6.138983 3.423996
v 73.992996 16.743879 2.237026
v 67.211655 2.759133 3.904235
v 68.795349 5.193384 4.075903
v 69.264458 8.301995 2.697019
v 74.154488 12.613912 4.624933
v 64.881546 -4.185743 4.281412
v 65.976669 -0.249790 4.139376
v 72.840202 14.343689 2.182819
v 71.295288 13.222931 1.651843
v 75.425987 14.690459 4.833055
v 78.215363 21.275806 4.087801
v 78.502968 23.750006 3.183318
v 79.742210 26.785852 2.987039
v 74.256065 14.581024 3.395517
v 69.867928 11.099664 1.759306
v 76.955147 21.920221 2.630773
v 83.586967 34.306705 2.411913
v 80.866135 29.354790 2.783183
v 82.132553 31.843775 2.528928
v 53.204613 -46.383541 1.576993
v 46.482185 -68.292534 3.093949
v 67.462784 6.554630 2.347062
v 64.981308 -6.300501 4.839541
v 6.609667 5.431318 15.985372
v 6.787371 6.286360 13.440697
v 6.880363 6.693736 10.790434
v 6.816734 6.696493 7.897434
v 6.838071 5.879233 4.595448
v 5.813336 4.887282 2.331206
v 3.589798 6.486011 2.338351
v 4.628668 6.826420 3.935780
v 5.494106 7.349953 6.792307
v 5.992364 7.364452 9.953604
v 6.051511 6.936547 12.517823
v 5.405956 6.677170 14.999019
v 8.681027 6.303317 15.905703
v 8.348177 7.402560 13.812797
v 8.093541 8.071944 10.816061
v 8.204100 8.158824 7.792893
v 8.630469 7.789718 5.003505
v 9.152610 6.559096 3.047702
v 9.756013 6.097597 2.062318
v 8.901630 5.181891 2.409007
v 8.250584 6.081385 4.061016
v 7.775343 6.797457 6.375758
v 7.627171 7.048276 9.230455
v 7.644415 6.782027 12.061714
v 7.741049 6.071098 14.631374
v 7.970940 5.005307 16.942942
v 28.524843 5.883665 16.793655
v 28.725195 6.792737 14.791796
v 28.809151 7.477167 12.780161
v 28.836626 7.884787 10.524931
v 28.847630 7.865953 7.898819
v 28.691664 7.478034 5.176571
v 28.045612 6.953406 3.013207
v 27.136234 6.468550 1.545168
v 25.909796 7.816697 1.519066
v 26.704620 8.144293 2.923830
v 27.395678 8.279185 4.749533
v 27.804672 8.709993 6.948955
v 28.136635 8.643893 9.252604
v 27.963392 8.717776 11.933109
v 27.935135 7.766653 13.897353
v 27.558443 7.203757 15.720291
v 30.724840 6.630896 15.424478
v 30.513048 7.428711 13.517979
v 30.327576 8.162113 11.444645
v 30.138447 8.358769 9.251801
v 30.384184 8.816641 7.081447
v 30.721537 8.573260 4.595886
v 31.022007 8.055139 2.834992
v 31.276594 7.365110 1.405717
v 29.735731 6.264892 1.626612
v 30.157665 7.294935 3.259519
v 29.755011 7.690755 5.424998
v 29.662924 7.896489 7.592397
v 29.585953 7.830968 9.725003
v 29.644875 7.498870 11.941072
v 29.715200 6.889690 14.008200
v 29.792267 6.134988 15.962508
v 33.725361 24.066936 8.403594
v 46.634998 71.290001 7.605000
v 45.997501 69.394997 6.677500
v 45.584999 69.389999 5.695000
v 45.172501 69.385002 4.712500
v 45.010670 68.470055 4.558869
v 45.610546 68.761467 5.878260
v 46.046822 69.042175 7.297827
v 46.165657 70.464401 6.869835
v 46.040005 71.397202 6.368178
v 45.822140 70.808235 6.032558
v 46.099152 72.267883 6.440579
v 45.512135 70.533577 5.510010
v 26.734884 11.861430 8.543852
v 25.764816 14.676955 8.177460
v 25.957102 11.486919 4.411941
v 25.878729 15.202683 9.603098
v 26.294041 13.813281 9.994032
v 27.256697 8.419949 14.937165
v 25.153482 13.229394 4.118216
v 25.179564 12.443840 3.174281
v 27.405270 9.566228 13.191855
v 27.509687 8.902072 13.718049
v 27.469200 9.993619 8.507685
v 27.359316 10.538608 10.349075
v 26.948820 9.925451 5.714140
v 26.565229 11.325847 6.552049
v 27.121120 10.361752 7.288100
v 27.182570 10.584072 12.507704
v 26.039679 14.044884 13.459889
v 25.994095 15.061090 12.691087
v 26.319590 13.997234 12.055469
v 26.784267 12.262742 11.414306
v 26.018215 12.931326 6.760913
v 25.891247 9.182826 2.125943
v 25.712196 10.568260 2.541433
v 26.199875 9.775153 3.225902
v 26.663574 9.504066 4.198766
v 25.457109 8.821028 1.412393
v 25.423843 14.358330 6.392220
v 25.451874 13.440071 5.302262
v 25.415312 11.617975 2.727680
v 26.206024 13.363522 8.394769
v 26.814732 12.147872 10.099678
v 8.528818 13.118883 7.597538
v 8.667112 9.500621 14.225390
v 8.329499 11.754845 11.586525
v 8.994082 12.113431 4.686921
v 9.680964 7.003151 2.374712
v 9.603780 7.786984 2.588260
v 8.996689 9.352282 4.075230
v 8.802721 9.878286 5.032762
v 9.067706 10.661904 3.970700
v 9.227564 8.448088 3.354512
v 8.276975 9.808742 11.611167
v 8.271784 10.152161 10.160908
v 8.351265 12.815934 12.579906
v 8.427621 11.892528 12.935532
v 8.401504 10.500490 8.120491
v 8.633656 10.638012 6.343337
v 8.603807 14.837154 6.890337
v 8.808666 14.149680 5.702899
v 9.192148 13.875844 4.387642
v 8.489937 15.365578 8.132765
v 8.432357 16.147760 9.871863
v 8.370049 14.298513 9.690332
v 8.364350 12.183111 9.671755
v 8.317030 13.461551 10.996361
v 8.700168 7.342374 15.240665
v 8.859559 8.320613 15.206050
v 8.432037 10.524259 12.849123
v 9.055723 9.376996 15.383979
v 8.337052 8.972601 12.665392
v 8.311376 13.518959 12.006602
v 8.569682 11.602923 7.047388
v 8.525054 9.074650 6.240754
v 8.700516 12.289911 6.206955
v 8.220095 9.104791 9.230963
v 8.430683 9.488883 7.126582
v -5.564706 31.839561 6.827356
v -11.812065 44.097862 6.020886
v -14.487083 50.911537 6.298528
v -18.512508 58.094940 3.969413
v 2.001181 16.435728 7.158301
v -0.168467 19.916910 5.669715
v -5.167076 28.128445 3.629250
v -2.454783 24.435652 5.586013
v -10.369034 39.143223 3.826706
v 3.895736 11.385160 8.347648
v -5.766321 26.046312 2.025372
v 2.488283 13.417006 3.861143
v -15.983417 53.316986 4.409888
v 0.487780 18.188826 10.214312
v -1.811070 19.945028 3.138386
v 3.315756 10.139524 3.781799
v -13.409162 44.535797 2.610714
v -14.821205 49.191895 3.076844
v 4.255840 9.947704 11.567815
v -6.835318 31.056849 3.223879
v -3.698963 23.266228 2.718726
v -8.728073 37.495907 5.772213
v -9.352410 38.938625 6.144076
v -8.762708 36.563332 4.525298
v -8.402063 34.743889 3.685029
v -10.096276 36.488834 2.626862
v -12.061053 40.576469 2.238314
v -11.952904 39.145271 1.806146
v -12.091752 43.713371 4.262528
v -12.895053 45.774204 4.580360
v -11.372588 37.823994 1.890995
v -11.991955 42.159615 3.170569
v -11.042715 41.869942 4.930634
v 3.080677 11.824789 3.967231
v 3.318456 12.747651 5.440126
v 3.739704 10.791674 5.666791
v -10.099890 40.374619 5.905609
v -18.318226 56.233910 2.728836
v -17.285328 55.667847 4.250316
v -17.235128 54.430187 3.064944
v -5.934757 31.538279 5.058569
v -5.171746 30.131220 5.368523
v -6.959108 27.139357 1.486803
v -6.506098 27.763615 1.975178
v -14.659284 46.285076 1.882939
v -14.847768 45.219719 1.463520
v -0.708331 21.376822 8.085490
v -1.189587 22.240208 6.177082
v -1.531142 23.196320 7.555612
v -14.916029 51.542446 4.995780
v -15.183000 52.452721 5.671823
v 4.455318 8.950193 13.113251
v -6.847784 33.015911 4.779645
v -8.121930 33.040028 2.890849
v 0.615753 18.196510 4.648005
v -0.383886 18.518284 3.801915
v -6.906809 29.163940 2.210273
v 5.099628 8.673763 10.662230
v 4.840713 9.131306 9.152578
v 4.211944 8.765254 5.145953
v 4.452897 9.408299 7.012772
v -15.752384 53.605103 5.814714
v -16.500031 54.838203 5.444706
v -1.874795 22.065645 4.222403
v -16.657803 52.576561 2.638187
v -19.054306 57.753082 2.597974
v -14.298507 49.781036 4.863894
v -15.296726 51.214302 3.676852
v -15.386805 47.990620 1.815286
v -14.003080 46.957920 3.012372
v -16.008614 50.812756 2.372926
v -16.126577 49.687840 1.757819
v -14.496205 43.834358 1.401193
v -13.690999 47.875404 4.614693
v -13.372009 42.256325 1.744111
v 3.209493 13.189492 9.659655
v 3.459848 11.860740 10.891555
v 2.652207 11.386996 3.072841
v 2.558115 10.619036 2.750512
v 5.174778 8.308255 11.923258
v 5.041541 7.897591 13.494881
v 0.616140 16.985102 11.675960
v 1.557856 16.014383 10.573056
v -2.268285 24.708258 8.031120
v 2.629865 14.606975 5.188735
v 1.891962 14.710615 3.789130
v 1.757797 15.965025 4.481979
v 2.244833 12.489569 3.108415
v 3.696527 8.556238 3.713806
v 3.440733 7.950490 2.931339
v 2.925414 9.364841 2.818085
v -2.515411 21.640715 3.040940
v 0.884547 18.453667 7.578355
v 0.095283 19.644617 8.462771
v -3.188406 26.649750 7.223539
v -3.643369 26.742887 5.173476
v -4.156972 28.385592 6.102363
v -3.976966 25.656845 3.631398
v -3.028237 21.242941 2.483453
v 3.176141 13.838904 7.483278
v 2.554139 14.804123 9.385375
v 1.360304 17.207638 5.003065
v 1.085341 18.126642 5.916050
v -8.028582 35.951576 5.689996
v -7.710144 34.915688 5.202202
v -11.247853 40.867844 3.488920
v 3.633237 12.163647 6.741890
v -5.935030 29.646069 3.516771
v 4.148806 10.625289 10.000803
v -8.070144 36.469879 6.453216
v -2.955138 23.904293 4.010445
v 1.868802 16.216076 9.089066
v 1.356960 17.228298 8.861876
v -13.830361 48.827904 5.806114
v -4.662594 24.809130 2.440286
v -4.707443 29.874233 6.861762
v 67.853897 26.157665 6.655598
v 55.106251 5.525625 9.977500
v 49.508217 3.852058 4.211594
v 48.871941 4.546640 6.559588
v 48.237019 3.828893 3.954616
v 47.042439 3.941219 3.674959
v 47.381630 4.579352 5.249639
v 48.739033 3.306931 3.137862
v 49.272587 3.078273 2.864751
v 52.719120 4.048001 9.645044
v 53.729248 3.992229 10.642313
v 51.571407 3.838102 9.351842
v 51.003468 4.448440 7.609128
v 49.924969 4.110452 8.836700
v 49.082947 4.231905 9.678925
v 48.563011 4.840556 8.458875
v 48.866257 3.996190 10.627285
v 48.366520 3.314257 12.326827
v 50.541004 3.539408 3.494095
v 51.143211 4.340376 5.532931
v 54.748329 4.102595 11.497834
v 55.671925 4.307036 12.211187
v 53.619549 4.796528 9.351029
v 64.920135 17.267448 12.197072
v 65.066521 18.582581 11.447636
v 63.776894 17.713499 10.640729
v 66.440941 19.440662 12.029191
v 65.363045 20.791759 10.007081
v 65.417091 19.878294 10.828783
v 62.917023 15.315649 11.218260
v 62.314693 14.642369 11.128283
v 61.474743 14.292296 10.613713
v 63.103706 16.891703 10.417299
v 64.248734 18.995274 10.319620
v 64.472061 19.762623 9.974838
v 64.337456 20.272898 9.435385
v 52.991108 -1.027587 16.263014
v 78.350716 42.881790 5.001388
v 78.671501 44.067760 3.910773
v 79.381439 44.326157 4.833270
v 79.844315 43.837376 6.078678
v 77.777863 41.218472 6.117035
v 76.418442 40.330257 5.474648
v 75.998390 39.144730 6.296825
v 76.822983 41.643299 4.523347
v 78.730667 41.886570 6.474835
v 75.330406 39.448986 5.085130
v 75.029549 38.324924 5.958086
v 74.603584 38.410076 5.286757
v 74.813477 39.311863 4.542771
v 74.358734 38.374359 4.983143
v 74.620712 39.239395 4.348281
v 74.250511 38.340790 4.857785
v 74.534950 39.174824 4.289945
v 74.206047 38.321190 4.806287
v 74.475533 39.075356 4.311591
v 74.245682 38.469135 4.682726
v 74.487862 39.135773 4.252128
v 31.604898 8.546101 1.947081
v 31.553972 9.729623 3.195783
v 44.274239 61.384102 10.930349
v 31.356440 8.000970 15.224551
v 31.108988 9.081920 13.469403
v 43.029186 11.678018 3.340403
v 46.008583 11.587924 7.374886
v 45.405376 18.387091 3.754523
v 46.260181 16.936804 5.642273
v 45.043484 15.965742 4.370159
v 43.963165 8.981556 4.368608
v 44.648010 10.914154 5.325023
v 45.170273 9.254153 6.083887
v 41.173313 10.354148 2.038763
v 42.786991 9.023835 3.127736
v 41.619480 8.146929 2.219173
v 43.443272 14.925628 2.956587
v 44.801346 13.209043 5.067261
v 42.011063 13.834686 2.092924
v 42.231449 16.086836 1.651076
v 41.075489 12.491359 1.795929
v 44.165024 17.101194 2.909548
v 43.316841 16.671520 2.242075
v 46.778702 11.328612 9.131394
v 45.670517 68.493248 7.270739
v 45.079212 68.183098 5.605593
v 44.553562 66.683121 6.885577
v 45.356667 67.966667 8.843333
v 43.840004 64.179771 8.077684
v 43.584373 64.025299 6.694801
v 43.401344 62.661987 7.740587
v 43.791801 63.250168 8.976703
v 31.267839 12.717443 6.802600
v 32.061546 20.230646 10.819463
v 37.443085 39.794350 12.058903
v 39.484592 48.447186 10.789738
v 34.685638 27.737120 13.784362
v 31.672338 17.697746 6.632121
v 33.438023 23.923016 12.344665
v 36.555382 35.083717 13.192697
v 31.461241 16.085794 12.092878
v 31.862810 13.748592 3.988649
v 35.568462 31.215410 13.772432
v 43.568394 61.862022 9.277522
v 42.281734 55.253254 11.510895
v 30.976686 10.771316 11.214019
v 38.468739 45.695866 9.655140
v 40.764801 51.606117 10.867667
v 32.814453 20.190125 13.828338
v 38.601833 44.601807 11.542774
v 38.101906 43.942146 9.964570
v 38.082947 42.900360 11.175578
v 35.112106 29.552261 13.581648
v 35.272228 30.264502 12.142155
v 34.865135 28.670282 11.738175
v 42.708698 56.448547 11.305864
v 42.975620 55.962391 12.126116
v 38.083157 41.373524 13.222227
v 37.995407 40.613411 13.729760
v 31.023693 11.880661 9.522064
v 31.170826 13.137113 11.434844
v 31.123163 14.309158 9.440859
v 38.977455 46.949814 10.781476
v 38.907589 46.071388 11.543875
v 39.359840 47.167236 12.013638
v 35.632446 31.684404 11.729132
v 35.998863 32.893402 13.393697
v 35.989288 33.243206 11.748580
v 37.927197 41.753757 12.166674
v 40.105103 49.816418 11.388021
v 39.987209 49.006271 12.079714
v 43.489037 60.632221 10.022665
v 42.826370 55.102413 12.499255
v 42.294140 54.269032 12.312383
v 42.225182 56.178978 10.125752
v 42.862309 57.589680 10.517800
v 41.647369 53.788082 11.302168
v 39.737839 48.152264 12.261291
v 42.955105 58.549259 9.900234
v 39.938774 49.983089 10.363000
v 37.624508 41.431202 10.624482
v 37.857430 39.812103 13.888935
v 37.541855 38.568222 13.808708
v 37.085587 35.128551 14.962494
v 36.630165 33.709373 14.799594
v 36.134525 32.336056 14.697889
v 36.065746 31.370644 15.193015
v 37.226318 36.260986 14.631481
v 35.193108 29.010988 14.807850
v 35.241074 28.195644 15.334038
v 35.119076 27.099813 15.249187
v 34.570187 25.968178 14.458606
v 36.962463 37.345291 12.544424
v 37.167534 37.029373 13.936816
v 40.039604 50.575989 9.418170
v 39.605247 49.357376 9.132474
v 34.014988 25.940645 12.684635
v 33.992729 24.739313 13.743687
v 32.942074 18.848246 14.833047
v 31.484009 17.993044 10.693003
v 31.713160 18.871904 8.795236
v 31.269310 16.786324 9.202335
v 41.753853 54.855457 10.314763
v 41.244755 53.689098 9.640819
v 33.445660 21.904335 14.399622
v 33.713791 23.341846 14.036269
v 33.072472 22.131760 13.112974
v 31.166479 10.326293 12.727049
v 30.831919 9.438902 11.878618
v 32.060623 17.199038 13.572568
v 32.112682 15.898660 13.955688
v 31.571362 10.676901 13.948021
v 31.421610 11.861685 12.994409
v 31.716667 14.083735 13.342106
v 42.991478 59.481457 9.401585
v 43.092953 60.641483 8.937541
v 43.089821 61.275478 8.083577
v 31.242529 15.516351 7.616277
v 31.491695 15.485194 5.651243
v 37.419910 40.321232 9.861422
v 39.218781 48.151840 8.987826
v 38.952545 47.277569 9.649837
v 40.393555 51.441471 8.839821
v 32.224281 12.512004 2.726033
v 34.376076 26.997252 11.119130
v 33.845493 25.260765 10.511645
v 40.797386 52.562519 8.855315
v 32.718590 22.235771 11.576853
v 30.680084 9.900075 9.200189
v 30.972940 10.954489 7.626067
v 36.865948 37.684246 10.878981
v 36.530262 35.843956 11.012135
v 33.195438 23.559404 10.470251
v 36.219997 34.172802 10.886773
v 31.948988 18.551085 12.506395
v 37.048939 38.382584 9.627245
v 35.598152 30.204666 15.032458
v 37.261486 39.371803 9.261924
v 32.475433 18.402840 13.978836
v 30.582035 9.246388 10.577091
v 32.341881 20.696556 8.630687
v 32.796452 22.174385 9.484142
v 32.136852 18.184605 4.984206
v 32.313293 19.172346 5.631408
v 34.883057 28.025070 9.623971
v 32.302158 19.902651 7.017719
v 31.838068 17.014647 4.943635
v 31.841717 11.670794 3.510099
v 31.465170 10.904407 4.584470
v 31.046459 10.242360 5.856910
v 32.133961 11.100774 2.464140
v 31.930582 15.936899 4.134470
v 31.198280 13.782702 7.939533
v 31.131174 12.642723 8.269980
v 31.242765 14.486741 11.859094
v 31.164167 14.989361 10.822719
v 31.229664 16.237465 10.453333
v 31.405895 17.250698 8.032309
v 31.414625 14.095672 5.943553
v 31.253952 14.307503 7.080203
v 31.524464 12.995159 5.364290
v 34.439968 27.352329 12.336014
v 34.396885 26.643515 9.885051
v 32.555603 21.002892 12.358452
v 32.252563 20.070971 12.380568
v 37.115494 38.952042 10.685273
v 37.244900 39.553196 10.389439
v 31.635450 12.243067 4.580835
v 31.371744 11.754002 5.620840
v 31.184853 11.367981 6.497403
v 31.198019 9.810333 4.586882
v 38.600864 45.446884 7.951780
v -28.198523 -21.303366 9.459390
v -24.060852 -26.255291 14.395075
v -24.563223 -24.632500 11.938228
v -25.175474 -23.542843 9.763560
v -26.441376 -22.813417 8.489035
v 20.526415 42.573395 3.391925
v 13.660897 58.994812 0.543679
v 19.649767 50.919888 2.230397
v 18.475227 64.920624 2.733707
v 17.916912 58.726124 2.160745
v 18.976828 47.206467 1.642355
v 17.465361 67.896759 1.642914
v 16.986319 44.377033 0.681023
v 15.291141 55.442345 0.666982
v 21.335070 48.005447 4.365727
v 15.977584 51.131405 0.482957
v 18.374088 71.032372 2.220262
v 21.655554 46.298447 5.182439
v 20.837465 45.987774 3.794763
v 16.399460 60.957211 1.271290
v 16.552649 63.107365 1.227823
v 18.302158 61.772781 2.562927
v 20.327839 48.926880 2.616538
v 21.118650 49.908630 3.937479
v 16.839563 64.617577 1.229851
v 16.840513 65.731621 1.172053
v 15.362190 59.486855 0.874431
v 18.939663 68.560196 3.126045
v 18.657942 69.776459 2.707760
v 19.945246 64.392632 5.245506
v 19.870407 66.017525 5.091686
v 19.342653 67.404022 3.867595
v 15.798533 49.170174 0.328391
v 19.581408 62.885887 4.333642
v 19.824907 60.659542 4.670217
v 19.859632 57.201378 3.917726
v 20.155954 58.426613 4.814978
v 13.878702 56.662243 0.537599
v 21.188515 51.419262 4.575139
v 14.787056 57.720989 0.644194
v 14.364251 52.424232 0.429482
v 14.153279 53.668049 0.479399
v 15.667530 53.247795 0.528322
v 15.592979 45.441097 0.316897
v 17.943983 53.262032 1.480339
v 19.412527 55.520042 2.999046
v 20.504232 53.283943 3.953738
v 17.808062 49.300552 0.820196
v 16.673155 47.969688 0.460827
v 19.318172 49.066044 1.638371
v 16.308353 46.453247 0.424554
v 16.512749 42.922089 0.465789
v 17.539589 42.551785 0.892915
v 18.816025 43.083740 1.758387
v 19.757097 44.589619 2.597986
v 20.411922 47.561657 2.997284
v 19.128748 59.704292 3.418625
v 19.385561 58.563202 3.581345
v 16.167164 58.141857 1.135503
v 19.452354 53.339630 2.594626
v 16.806618 54.402344 1.048899
v 17.608732 55.622749 1.641804
v 20.355030 55.802151 4.525489
v 20.739614 54.624416 4.987722
v 18.500969 56.946426 2.386589
v 16.798409 57.028774 1.361217
v 17.901749 51.081326 1.129655
v 18.543568 44.507183 1.566058
v 20.856449 44.259514 3.942317
v 18.109058 45.596653 1.218443
v 54.618484 75.759087 2.540591
v 54.100529 76.451164 3.024118
v 44.587845 66.035934 8.505891
v 45.270668 63.111298 11.094951
v 45.445206 65.247681 10.240518
v 46.705956 68.176071 9.527690
v 46.201221 67.297134 9.720454
v 45.553898 64.214439 10.847800
v 44.851334 65.575157 9.488847
v 45.413280 66.448730 9.516778
v 46.223316 66.469360 10.154667
v 46.242069 63.869148 11.389837
v 46.485851 63.113216 11.778387
v 46.773609 65.921898 10.656173
v 46.599667 64.821838 11.084520
v 45.991940 62.136509 11.848218
v 45.327404 61.425327 11.764855
v 45.125313 60.833199 11.825341
v 44.971680 58.995148 12.393214
v 44.494816 60.495682 11.517122
v 45.573376 57.398972 13.161614
v 46.183502 57.294487 13.389606
v 46.752312 56.595009 13.438348
v 45.048767 62.016624 11.380488
v 44.584717 62.319599 10.886851
v 44.270805 62.216457 10.636736
v 35.963573 11.782657 0.880950
v 35.236408 11.246851 0.871017
v 50.055000 77.875000 5.075000
v 48.156982 77.162544 5.321866
v 49.511887 77.428017 6.148188
v 46.981667 76.029419 5.775934
v 47.567482 75.937218 6.558066
v 49.290398 76.855759 6.954779
v 48.343521 76.250412 6.947724
v 49.062687 75.964310 7.730918
v 48.843250 77.760902 4.183896
v 29.231192 7.456545 6.424523
v 28.847404 6.256004 2.217138
v 29.134298 6.659751 3.123783
v 29.418430 7.046483 4.144949
v 28.456610 6.022408 1.680302
v 7.981201 5.070027 3.260472
v 7.684742 4.544670 2.575744

g 20_F_2635G
usemtl 20_F_2635G
s

f 3 2 1
f 4 3 1
f 5 4 1
f 6 5 1
f 7 6 1
f 8 7 1
f 9 8 1
f 10 9 1
f 2 10 1
f 11 10 2
f 12 11 2
f 3 12 2
f 13 12 3
f 14 13 3
f 15 14 3
f 4 15 3
f 16 15 4
f 5 16 4
f 17 16 5
f 18 17 5
f 6 18 5
f 19 18 6
f 7 19 6
f 20 19 7
f 8 20 7
f 21 20 8
f 9 21 8
f 22 21 9
f 10 22 9
f 23 22 10
f 24 23 10
f 25 24 10
f 11 25 10
f 26 25 11
f 12 26 11
f 27 26 12
f 13 27 12
f 28 27 13
f 29 28 13
f 30 29 13
f 14 30 13
f 31 30 14
f 16 31 14
f 15 16 14
f 17 32 16
f 32 33 16
f 33 34 16
f 34 35 16
f 35 31 16
f 36 32 17
f 37 36 17
f 18 37 17
f 38 37 18
f 39 38 18
f 40 39 18
f 41 40 18
f 19 41 18
f 42 41 19
f 43 42 19
f 44 43 19
f 45 44 19
f 21 45 19
f 20 21 19
f 46 45 21
f 47 46 21
f 22 47 21
f 48 47 22
f 23 48 22
f 49 24 25
f 26 49 25
f 27 49 26
f 28 50 27
f 50 49 27
f 29 51 28
f 51 52 28
f 52 53 28
f 53 50 28
f 30 35 29
f 35 54 29
f 54 51 29
f 31 35 30
f 36 37 32
f 37 55 32
f 55 56 32
f 56 33 32
f 56 57 33
f 57 34 33
f 57 54 34
f 54 35 34
f 58 37 38
f 59 58 38
f 60 59 38
f 61 60 38
f 39 61 38
f 62 61 39
f 40 62 39
f 63 62 40
f 43 63 40
f 42 43 40
f 41 42 40
f 64 63 43
f 65 64 43
f 44 65 43
f 66 65 44
f 45 66 44
f 67 66 45
f 46 67 45
f 68 67 46
f 47 68 46
f 69 68 47
f 48 69 47
f 54 70 51
f 70 52 51
f 70 71 52
f 71 72 52
f 72 73 52
f 73 53 52
f 73 74 53
f 74 50 53
f 57 75 54
f 75 76 54
f 76 71 54
f 71 70 54
f 37 58 55
f 58 77 55
f 77 78 55
f 78 56 55
f 78 79 56
f 79 75 56
f 75 57 56
f 80 77 58
f 81 80 58
f 82 81 58
f 83 82 58
f 59 83 58
f 84 83 59
f 85 84 59
f 86 85 59
f 60 86 59
f 87 86 60
f 61 87 60
f 88 87 61
f 89 88 61
f 62 89 61
f 90 89 62
f 91 90 62
f 92 91 62
f 63 92 62
f 93 92 63
f 64 93 63
f 94 93 64
f 95 94 64
f 65 95 64
f 66 95 65
f 96 95 66
f 67 96 66
f 68 96 67
f 97 96 68
f 98 97 68
f 99 98 68
f 69 99 68
f 76 100 71
f 100 101 71
f 101 102 71
f 102 103 71
f 103 72 71
f 103 73 72
f 103 102 73
f 102 104 73
f 104 74 73
f 104 105 74
f 105 106 74
f 106 107 74
f 79 100 75
f 100 76 75
f 80 78 77
f 80 108 78
f 108 109 78
f 109 110 78
f 110 79 78
f 110 100 79
f 81 111 80
f 111 112 80
f 112 113 80
f 113 108 80
f 82 114 81
f 114 111 81
f 83 84 82
f 84 115 82
f 115 116 82
f 116 114 82
f 117 115 84
f 118 117 84
f 86 118 84
f 85 86 84
f 119 118 86
f 120 119 86
f 121 120 86
f 87 121 86
f 122 121 87
f 88 122 87
f 123 122 88
f 124 123 88
f 89 124 88
f 125 124 89
f 90 125 89
f 126 125 90
f 127 126 90
f 91 127 90
f 93 127 91
f 92 93 91
f 128 127 93
f 129 128 93
f 94 129 93
f 95 129 94
f 97 129 95
f 96 97 95
f 130 129 97
f 131 130 97
f 132 131 97
f 98 132 97
f 133 132 98
f 99 133 98
f 69 133 99
f 110 109 100
f 109 134 100
f 134 135 100
f 135 136 100
f 136 101 100
f 136 137 101
f 137 102 101
f 137 104 102
f 137 105 104
f 137 136 105
f 136 138 105
f 138 139 105
f 139 140 105
f 140 141 105
f 141 106 105
f 141 107 106
f 141 142 107
f 113 134 108
f 134 109 108
f 114 143 111
f 143 144 111
f 144 145 111
f 145 112 111
f 145 146 112
f 146 134 112
f 134 113 112
f 116 147 114
f 147 143 114
f 117 148 115
f 148 116 115
f 148 149 116
f 149 147 116
f 150 148 117
f 119 150 117
f 118 119 117
f 151 150 119
f 152 151 119
f 153 152 119
f 120 153 119
f 154 153 120
f 121 154 120
f 155 154 121
f 122 155 121
f 156 155 122
f 157 156 122
f 123 157 122
f 158 157 123
f 159 158 123
f 124 159 123
f 160 159 124
f 125 160 124
f 161 160 125
f 162 161 125
f 126 162 125
f 163 162 126
f 127 163 126
f 128 163 127
f 130 163 128
f 129 130 128
f 164 163 130
f 165 164 130
f 166 165 130
f 132 166 130
f 131 132 130
f 167 166 132
f 133 167 132
f 146 168 134
f 168 169 134
f 169 170 134
f 170 135 134
f 170 138 135
f 138 136 135
f 170 171 138
f 171 172 138
f 172 139 138
f 172 173 139
f 173 174 139
f 174 175 139
f 175 176 139
f 176 142 139
f 142 140 139
f 142 141 140
f 176 177 142
f 177 178 142
f 178 179 142
f 179 107 142
f 147 180 143
f 180 181 143
f 181 144 143
f 181 145 144
f 181 182 145
f 182 183 145
f 183 184 145
f 184 168 145
f 168 146 145
f 149 185 147
f 185 186 147
f 186 187 147
f 187 180 147
f 188 149 148
f 151 188 148
f 150 151 148
f 188 189 149
f 189 185 149
f 190 188 151
f 191 190 151
f 192 191 151
f 193 192 151
f 152 193 151
f 194 193 152
f 153 194 152
f 195 194 153
f 154 195 153
f 196 195 154
f 155 196 154
f 197 196 155
f 198 197 155
f 156 198 155
f 199 198 156
f 158 199 156
f 157 158 156
f 200 199 158
f 201 200 158
f 160 201 158
f 159 160 158
f 202 201 160
f 203 202 160
f 161 203 160
f 164 203 161
f 162 164 161
f 163 164 162
f 204 203 164
f 205 204 164
f 165 205 164
f 206 205 165
f 166 206 165
f 167 206 166
f 207 206 167
f 208 207 167
f 209 208 167
f 184 169 168
f 184 210 169
f 210 211 169
f 211 170 169
f 211 171 170
f 211 212 171
f 212 213 171
f 213 214 171
f 214 173 171
f 173 172 171
f 214 215 173
f 215 216 173
f 216 174 173
f 216 217 174
f 217 218 174
f 218 175 174
f 218 219 175
f 219 177 175
f 177 176 175
f 219 220 177
f 220 221 177
f 221 222 177
f 222 178 177
f 222 223 178
f 223 224 178
f 224 209 178
f 209 179 178
f 209 167 179
f 187 182 180
f 182 181 180
f 187 225 182
f 225 226 182
f 226 227 182
f 227 228 182
f 228 229 182
f 229 183 182
f 229 184 183
f 229 230 184
f 230 212 184
f 212 210 184
f 189 231 185
f 231 232 185
f 232 233 185
f 233 186 185
f 233 225 186
f 225 187 186
f 234 189 188
f 190 234 188
f 234 235 189
f 235 231 189
f 236 234 190
f 191 236 190
f 237 236 191
f 238 237 191
f 192 238 191
f 239 238 192
f 193 239 192
f 240 239 193
f 194 240 193
f 241 240 194
f 195 241 194
f 196 241 195
f 242 241 196
f 243 242 196
f 244 243 196
f 197 244 196
f 245 244 197
f 198 245 197
f 246 245 198
f 200 246 198
f 199 200 198
f 247 246 200
f 248 247 200
f 249 248 200
f 201 249 200
f 250 249 201
f 202 250 201
f 204 250 202
f 203 204 202
f 251 250 204
f 252 251 204
f 205 252 204
f 209 252 205
f 208 209 205
f 207 208 205
f 206 207 205
f 253 252 209
f 224 253 209
f 212 211 210
f 230 254 212
f 254 213 212
f 254 214 213
f 254 215 214
f 254 255 215
f 255 216 215
f 255 256 216
f 256 217 216
f 256 257 217
f 257 258 217
f 258 259 217
f 259 219 217
f 219 218 217
f 259 220 219
f 259 260 220
f 260 261 220
f 261 262 220
f 262 263 220
f 263 221 220
f 263 264 221
f 264 222 221
f 264 265 222
f 265 223 222
f 253 224 223
f 266 253 223
f 267 266 223
f 268 267 223
f 265 268 223
f 233 269 225
f 269 270 225
f 270 271 225
f 271 272 225
f 272 226 225
f 272 230 226
f 230 227 226
f 230 229 227
f 229 228 227
f 272 273 230
f 273 254 230
f 235 274 231
f 274 275 231
f 275 233 231
f 233 232 231
f 275 276 233
f 276 277 233
f 277 269 233
f 278 235 234
f 236 278 234
f 278 279 235
f 279 280 235
f 280 274 235
f 281 278 236
f 282 281 236
f 237 282 236
f 283 282 237
f 238 283 237
f 284 283 238
f 285 284 238
f 239 285 238
f 286 285 239
f 240 286 239
f 241 286 240
f 287 286 241
f 242 287 241
f 288 287 242
f 289 288 242
f 290 289 242
f 243 290 242
f 291 290 243
f 244 291 243
f 292 291 244
f 293 292 244
f 245 293 244
f 247 293 245
f 246 247 245
f 294 293 247
f 295 294 247
f 296 295 247
f 248 296 247
f 297 296 248
f 249 297 248
f 251 297 249
f 250 251 249
f 266 297 251
f 253 266 251
f 252 253 251
f 273 298 254
f 298 255 254
f 298 299 255
f 299 256 255
f 299 300 256
f 300 257 256
f 300 301 257
f 301 302 257
f 302 258 257
f 302 303 258
f 303 260 258
f 260 259 258
f 303 304 260
f 304 305 260
f 305 306 260
f 306 307 260
f 307 261 260
f 307 308 261
f 308 262 261
f 308 309 262
f 309 263 262
f 309 264 263
f 309 310 264
f 310 265 264
f 311 268 265
f 310 311 265
f 296 297 266
f 267 296 266
f 312 296 267
f 311 312 267
f 268 311 267
f 277 313 269
f 313 314 269
f 314 270 269
f 314 315 270
f 315 271 270
f 315 273 271
f 273 272 271
f 315 316 273
f 316 317 273
f 317 298 273
f 280 276 274
f 276 275 274
f 280 318 276
f 318 277 276
f 318 319 277
f 319 320 277
f 320 321 277
f 321 322 277
f 322 313 277
f 281 323 278
f 323 324 278
f 324 325 278
f 325 279 278
f 325 318 279
f 318 280 279
f 326 323 281
f 327 326 281
f 328 327 281
f 282 328 281
f 329 328 282
f 283 329 282
f 330 329 283
f 284 330 283
f 331 330 284
f 285 331 284
f 332 331 285
f 286 332 285
f 333 332 286
f 287 333 286
f 334 333 287
f 288 334 287
f 335 334 288
f 336 335 288
f 289 336 288
f 337 336 289
f 291 337 289
f 290 291 289
f 338 337 291
f 339 338 291
f 292 339 291
f 340 339 292
f 294 340 292
f 293 294 292
f 341 340 294
f 342 341 294
f 295 342 294
f 312 342 295
f 296 312 295
f 317 343 298
f 343 299 298
f 343 344 299
f 344 345 299
f 345 300 299
f 345 346 300
f 346 301 300
f 346 347 301
f 347 348 301
f 348 303 301
f 303 302 301
f 348 304 303
f 348 347 304
f 347 349 304
f 349 305 304
f 349 350 305
f 350 306 305
f 350 351 306
f 351 307 306
f 351 309 307
f 309 308 307
f 351 352 309
f 352 353 309
f 353 354 309
f 354 355 309
f 355 310 309
f 356 311 310
f 357 356 310
f 355 357 310
f 342 312 311
f 341 342 311
f 356 341 311
f 322 314 313
f 322 358 314
f 358 316 314
f 316 315 314
f 358 359 316
f 359 317 316
f 359 360 317
f 360 361 317
f 361 343 317
f 325 362 318
f 362 363 318
f 363 319 318
f 363 364 319
f 364 365 319
f 365 320 319
f 365 366 320
f 366 367 320
f 367 321 320
f 367 358 321
f 358 322 321
f 368 324 323
f 369 368 323
f 370 369 323
f 326 370 323
f 368 362 324
f 362 325 324
f 371 370 326
f 372 371 326
f 327 372 326
f 373 372 327
f 328 373 327
f 374 373 328
f 329 374 328
f 375 374 329
f 376 375 329
f 330 376 329
f 377 376 330
f 331 377 330
f 378 377 331
f 332 378 331
f 333 378 332
f 379 378 333
f 380 379 333
f 334 380 333
f 381 380 334
f 382 381 334
f 335 382 334
f 383 382 335
f 336 383 335
f 384 383 336
f 338 384 336
f 337 338 336
f 385 384 338
f 386 385 338
f 339 386 338
f 387 386 339
f 341 387 339
f 340 341 339
f 357 387 341
f 356 357 341
f 361 345 343
f 345 344 343
f 361 388 345
f 388 389 345
f 389 346 345
f 389 390 346
f 390 347 346
f 390 391 347
f 391 392 347
f 392 393 347
f 393 349 347
f 393 394 349
f 394 350 349
f 394 395 350
f 395 352 350
f 352 351 350
f 395 396 352
f 396 397 352
f 397 398 352
f 398 353 352
f 398 399 353
f 399 354 353
f 357 355 354
f 399 357 354
f 400 387 357
f 401 400 357
f 399 401 357
f 367 359 358
f 367 402 359
f 402 403 359
f 403 404 359
f 404 360 359
f 404 405 360
f 405 361 360
f 405 406 361
f 406 407 361
f 407 388 361
f 368 408 362
f 408 409 362
f 409 363 362
f 409 410 363
f 410 411 363
f 411 364 363
f 411 412 364
f 412 402 364
f 402 365 364
f 402 366 365
f 402 367 366
f 413 408 368
f 414 413 368
f 369 414 368
f 415 414 369
f 370 415 369
f 371 415 370
f 416 415 371
f 417 416 371
f 418 417 371
f 372 418 371
f 373 418 372
f 375 418 373
f 374 375 373
f 419 418 375
f 420 419 375
f 421 420 375
f 422 421 375
f 376 422 375
f 423 422 376
f 377 423 376
f 424 423 377
f 378 424 377
f 379 424 378
f 425 424 379
f 426 425 379
f 380 426 379
f 427 426 380
f 428 427 380
f 429 428 380
f 381 429 380
f 430 429 381
f 382 430 381
f 383 430 382
f 431 430 383
f 385 431 383
f 384 385 383
f 432 431 385
f 433 432 385
f 386 433 385
f 400 433 386
f 387 400 386
f 407 434 388
f 434 389 388
f 434 435 389
f 435 390 389
f 435 436 390
f 436 391 390
f 436 437 391
f 437 392 391
f 437 438 392
f 438 439 392
f 439 440 392
f 440 393 392
f 440 441 393
f 441 394 393
f 441 396 394
f 396 395 394
f 441 442 396
f 442 443 396
f 443 401 396
f 401 397 396
f 401 398 397
f 401 399 398
f 444 433 400
f 401 444 400
f 445 444 401
f 443 445 401
f 412 446 402
f 446 403 402
f 446 447 403
f 447 404 403
f 447 448 404
f 448 405 404
f 448 449 405
f 449 406 405
f 449 450 406
f 450 407 406
f 450 434 407
f 413 451 408
f 451 409 408
f 451 452 409
f 452 453 409
f 453 454 409
f 454 410 409
f 454 455 410
f 455 411 410
f 455 446 411
f 446 412 411
f 414 456 413
f 456 451 413
f 415 457 414
f 457 458 414
f 458 456 414
f 459 457 415
f 416 459 415
f 460 459 416
f 461 460 416
f 462 461 416
f 417 462 416
f 463 462 417
f 419 463 417
f 418 419 417
f 420 463 419
f 461 463 420
f 464 461 420
f 465 464 420
f 421 465 420
f 466 465 421
f 422 466 421
f 467 466 422
f 423 467 422
f 424 467 423
f 468 467 424
f 425 468 424
f 469 468 425
f 426 469 425
f 470 469 426
f 471 470 426
f 427 471 426
f 472 471 427
f 473 472 427
f 428 473 427
f 429 473 428
f 474 473 429
f 430 474 429
f 475 474 430
f 431 475 430
f 476 475 431
f 432 476 431
f 444 476 432
f 433 444 432
f 450 477 434
f 477 478 434
f 478 479 434
f 479 435 434
f 479 436 435
f 479 480 436
f 480 481 436
f 481 482 436
f 482 483 436
f 483 437 436
f 483 438 437
f 483 484 438
f 484 439 438
f 484 485 439
f 485 440 439
f 485 441 440
f 486 443 442
f 487 486 442
f 488 487 442
f 489 488 442
f 490 445 443
f 486 490 443
f 491 476 444
f 492 491 444
f 445 492 444
f 490 492 445
f 455 493 446
f 493 447 446
f 493 494 447
f 494 448 447
f 494 495 448
f 495 449 448
f 495 494 449
f 494 496 449
f 496 497 449
f 497 477 449
f 477 450 449
f 456 498 451
f 498 452 451
f 498 499 452
f 499 500 452
f 500 501 452
f 501 454 452
f 454 453 452
f 501 502 454
f 502 493 454
f 493 455 454
f 458 503 456
f 503 498 456
f 459 504 457
f 504 458 457
f 504 503 458
f 505 504 459
f 506 505 459
f 460 506 459
f 507 506 460
f 508 507 460
f 509 508 460
f 461 509 460
f 464 509 461
f 462 463 461
f 510 509 464
f 465 510 464
f 511 510 465
f 512 511 465
f 466 512 465
f 513 512 466
f 467 513 466
f 514 513 467
f 468 514 467
f 469 514 468
f 515 514 469
f 516 515 469
f 517 516 469
f 470 517 469
f 471 517 470
f 518 517 471
f 519 518 471
f 472 519 471
f 520 519 472
f 473 520 472
f 521 520 473
f 474 521 473
f 522 521 474
f 476 522 474
f 475 476 474
f 523 522 476
f 491 523 476
f 497 524 477
f 524 525 477
f 525 478 477
f 525 480 478
f 480 479 478
f 525 526 480
f 526 527 480
f 527 528 480
f 528 481 480
f 528 482 481
f 528 529 482
f 529 530 482
f 530 531 482
f 531 532 482
f 532 484 482
f 484 483 482
f 532 533 484
f 534 535 485
f 535 489 485
f 489 441 485
f 492 490 486
f 487 492 486
f 523 492 487
f 536 523 487
f 537 536 487
f 538 537 487
f 539 538 487
f 488 539 487
f 489 539 488
f 442 441 489
f 540 539 489
f 535 540 489
f 492 523 491
f 502 541 493
f 541 542 493
f 542 494 493
f 542 496 494
f 542 543 496
f 543 497 496
f 543 544 497
f 544 524 497
f 503 545 498
f 545 499 498
f 545 546 499
f 546 547 499
f 547 500 499
f 547 548 500
f 548 502 500
f 502 501 500
f 548 549 502
f 549 541 502
f 504 550 503
f 550 545 503
f 505 551 504
f 551 550 504
f 506 507 505
f 507 552 505
f 552 553 505
f 553 551 505
f 554 552 507
f 555 554 507
f 510 555 507
f 508 510 507
f 509 510 508
f 556 555 510
f 511 556 510
f 557 556 511
f 558 557 511
f 559 558 511
f 512 559 511
f 560 559 512
f 513 560 512
f 514 560 513
f 561 560 514
f 515 561 514
f 562 561 515
f 563 562 515
f 564 563 515
f 517 564 515
f 516 517 515
f 565 564 517
f 566 565 517
f 567 566 517
f 519 567 517
f 518 519 517
f 568 567 519
f 569 568 519
f 570 569 519
f 520 570 519
f 571 570 520
f 521 571 520
f 523 571 521
f 522 523 521
f 572 571 523
f 573 572 523
f 536 573 523
f 544 574 524
f 574 525 524
f 574 575 525
f 575 526 525
f 575 527 526
f 575 576 527
f 576 577 527
f 577 529 527
f 529 528 527
f 577 530 529
f 577 578 530
f 578 579 530
f 579 580 530
f 580 532 530
f 532 531 530
f 580 533 532
f 580 579 533
f 540 535 534
f 581 540 534
f 582 581 534
f 583 582 534
f 537 573 536
f 584 573 537
f 538 584 537
f 585 584 538
f 539 585 538
f 581 585 539
f 540 581 539
f 549 586 541
f 586 542 541
f 586 587 542
f 587 543 542
f 587 544 543
f 587 588 544
f 588 589 544
f 589 574 544
f 550 590 545
f 590 591 545
f 591 592 545
f 592 546 545
f 592 593 546
f 593 547 546
f 593 549 547
f 549 548 547
f 593 594 549
f 594 595 549
f 595 586 549
f 551 596 550
f 596 590 550
f 553 597 551
f 597 596 551
f 598 553 552
f 554 598 552
f 598 599 553
f 599 600 553
f 600 597 553
f 601 598 554
f 602 601 554
f 603 602 554
f 555 603 554
f 557 603 555
f 556 557 555
f 604 603 557
f 605 604 557
f 558 605 557
f 606 605 558
f 607 606 558
f 608 607 558
f 559 608 558
f 609 608 559
f 560 609 559
f 561 609 560
f 610 609 561
f 562 610 561
f 611 610 562
f 612 611 562
f 613 612 562
f 563 613 562
f 565 613 563
f 564 565 563
f 614 613 565
f 615 614 565
f 616 615 565
f 617 616 565
f 566 617 565
f 568 617 566
f 567 568 566
f 616 617 568
f 618 616 568
f 619 618 568
f 620 619 568
f 569 620 568
f 572 620 569
f 571 572 569
f 570 571 569
f 621 620 572
f 573 621 572
f 622 621 573
f 584 622 573
f 589 623 574
f 623 575 574
f 623 624 575
f 624 576 575
f 624 625 576
f 625 577 576
f 625 626 577
f 626 578 577
f 626 627 578
f 627 579 578
f 627 628 579
f 629 585 581
f 630 629 581
f 631 630 581
f 632 631 581
f 582 632 581
f 583 632 582
f 633 632 583
f 634 633 583
f 534 634 583
f 629 622 584
f 585 629 584
f 595 635 586
f 635 587 586
f 635 636 587
f 636 588 587
f 636 637 588
f 637 589 588
f 637 638 589
f 638 639 589
f 639 623 589
f 596 640 590
f 640 641 590
f 641 642 590
f 642 591 590
f 642 643 591
f 643 592 591
f 643 594 592
f 594 593 592
f 643 644 594
f 644 595 594
f 644 645 595
f 645 646 595
f 646 635 595
f 597 647 596
f 647 640 596
f 600 648 597
f 648 647 597
f 649 599 598
f 601 649 598
f 649 650 599
f 650 600 599
f 650 651 600
f 651 652 600
f 652 648 600
f 653 649 601
f 654 653 601
f 655 654 601
f 602 655 601
f 604 655 602
f 603 604 602
f 606 655 604
f 605 606 604
f 656 655 606
f 657 656 606
f 658 657 606
f 659 658 606
f 660 659 606
f 607 660 606
f 661 660 607
f 608 661 607
f 662 661 608
f 609 662 608
f 663 662 609
f 610 663 609
f 664 663 610
f 611 664 610
f 665 664 611
f 666 665 611
f 667 666 611
f 612 667 611
f 614 667 612
f 613 614 612
f 666 667 614
f 668 666 614
f 669 668 614
f 615 669 614
f 670 669 615
f 616 670 615
f 671 670 616
f 618 671 616
f 672 671 618
f 621 672 618
f 619 621 618
f 620 621 619
f 622 672 621
f 673 672 622
f 674 673 622
f 629 674 622
f 639 624 623
f 639 638 624
f 638 675 624
f 675 626 624
f 626 625 624
f 675 676 626
f 676 627 626
f 676 628 627
f 677 674 629
f 630 677 629
f 678 677 630
f 631 678 630
f 632 678 631
f 679 678 632
f 680 679 632
f 633 680 632
f 681 680 633
f 634 681 633
f 682 681 634
f 534 682 634
f 646 683 635
f 683 684 635
f 684 636 635
f 684 637 636
f 684 685 637
f 685 638 637
f 685 686 638
f 686 675 638
f 647 687 640
f 687 688 640
f 688 641 640
f 688 689 641
f 689 643 641
f 643 642 641
f 689 690 643
f 690 644 643
f 690 645 644
f 690 691 645
f 691 646 645
f 691 692 646
f 692 693 646
f 693 683 646
f 648 694 647
f 694 687 647
f 652 695 648
f 695 696 648
f 696 694 648
f 653 697 649
f 697 650 649
f 697 698 650
f 698 651 650
f 698 699 651
f 699 652 651
f 699 700 652
f 700 701 652
f 701 702 652
f 702 696 652
f 696 695 652
f 703 697 653
f 656 703 653
f 654 656 653
f 655 656 654
f 704 703 656
f 657 704 656
f 705 704 657
f 706 705 657
f 707 706 657
f 708 707 657
f 658 708 657
f 709 708 658
f 659 709 658
f 710 709 659
f 711 710 659
f 661 711 659
f 660 661 659
f 712 711 661
f 662 712 661
f 663 712 662
f 713 712 663
f 714 713 663
f 664 714 663
f 715 714 664
f 716 715 664
f 665 716 664
f 717 716 665
f 666 717 665
f 718 717 666
f 669 718 666
f 668 669 666
f 719 718 669
f 720 719 669
f 671 720 669
f 670 671 669
f 721 720 671
f 673 721 671
f 672 673 671
f 722 721 673
f 674 722 673
f 723 722 674
f 677 723 674
f 686 676 675
f 686 628 676
f 724 723 677
f 678 724 677
f 725 724 678
f 679 725 678
f 726 725 679
f 680 726 679
f 727 726 680
f 682 727 680
f 681 682 680
f 728 727 682
f 729 728 682
f 730 729 682
f 693 731 683
f 731 684 683
f 731 685 684
f 731 732 685
f 732 686 685
f 732 733 686
f 694 696 687
f 696 734 687
f 734 688 687
f 734 735 688
f 735 736 688
f 736 690 688
f 690 689 688
f 736 737 690
f 737 738 690
f 738 691 690
f 738 739 691
f 739 692 691
f 739 693 692
f 739 740 693
f 740 731 693
f 702 741 696
f 741 742 696
f 742 735 696
f 735 734 696
f 743 698 697
f 744 743 697
f 703 744 697
f 743 745 698
f 745 699 698
f 745 746 699
f 746 747 699
f 747 700 699
f 747 748 700
f 748 749 700
f 749 701 700
f 749 750 701
f 750 751 701
f 751 702 701
f 751 752 702
f 752 741 702
f 704 744 703
f 705 744 704
f 753 705 706
f 754 753 706
f 755 754 706
f 707 755 706
f 756 755 707
f 708 756 707
f 757 756 708
f 758 757 708
f 709 758 708
f 759 758 709
f 710 759 709
f 760 759 710
f 761 760 710
f 712 761 710
f 711 712 710
f 713 761 712
f 762 761 713
f 763 762 713
f 714 763 713
f 764 763 714
f 765 764 714
f 715 765 714
f 766 765 715
f 717 766 715
f 716 717 715
f 767 766 717
f 768 767 717
f 769 768 717
f 719 769 717
f 718 719 717
f 770 769 719
f 771 770 719
f 772 771 719
f 720 772 719
f 722 772 720
f 721 722 720
f 771 772 722
f 773 771 722
f 723 773 722
f 774 773 723
f 724 774 723
f 775 774 724
f 725 775 724
f 776 775 725
f 726 776 725
f 777 776 726
f 728 777 726
f 727 728 726
f 778 777 728
f 779 778 728
f 780 779 728
f 729 780 728
f 730 781 729
f 781 782 729
f 782 780 729
f 682 783 730
f 783 784 730
f 784 785 730
f 785 781 730
f 740 733 731
f 733 732 731
f 740 786 733
f 786 787 733
f 787 788 733
f 788 789 733
f 789 686 733
f 742 737 735
f 737 736 735
f 742 738 737
f 742 790 738
f 790 791 738
f 791 739 738
f 791 786 739
f 786 740 739
f 752 742 741
f 752 792 742
f 792 793 742
f 793 790 742
f 794 745 743
f 705 794 743
f 744 705 743
f 795 746 745
f 796 795 745
f 794 796 745
f 795 797 746
f 797 798 746
f 798 747 746
f 798 799 747
f 799 800 747
f 800 748 747
f 800 801 748
f 801 749 748
f 801 802 749
f 802 803 749
f 803 792 749
f 792 750 749
f 792 752 750
f 752 751 750
f 794 705 753
f 796 794 753
f 804 796 753
f 805 804 753
f 754 805 753
f 804 805 754
f 806 804 754
f 807 806 754
f 755 807 754
f 808 807 755
f 757 808 755
f 756 757 755
f 809 808 757
f 810 809 757
f 758 810 757
f 811 810 758
f 759 811 758
f 812 811 759
f 760 812 759
f 813 812 760
f 762 813 760
f 761 762 760
f 814 813 762
f 763 814 762
f 815 814 763
f 816 815 763
f 764 816 763
f 817 816 764
f 765 817 764
f 767 817 765
f 766 767 765
f 818 817 767
f 819 818 767
f 820 819 767
f 768 820 767
f 821 820 768
f 770 821 768
f 769 770 768
f 822 821 770
f 773 822 770
f 771 773 770
f 823 822 773
f 774 823 773
f 824 823 774
f 775 824 774
f 825 824 775
f 776 825 775
f 826 825 776
f 827 826 776
f 778 827 776
f 777 778 776
f 828 827 778
f 829 828 778
f 830 829 778
f 831 830 778
f 779 831 778
f 832 831 779
f 780 832 779
f 782 832 780
f 785 782 781
f 785 833 782
f 833 834 782
f 834 832 782
f 836 835 783
f 835 784 783
f 835 837 784
f 837 838 784
f 838 785 784
f 839 833 785
f 840 839 785
f 838 840 785
f 791 841 786
f 841 842 786
f 842 843 786
f 843 787 786
f 843 844 787
f 844 788 787
f 844 845 788
f 845 846 788
f 846 847 788
f 847 789 788
f 847 686 789
f 793 841 790
f 841 791 790
f 803 802 792
f 802 793 792
f 802 848 793
f 848 841 793
f 849 797 795
f 850 849 795
f 851 850 795
f 796 851 795
f 852 851 796
f 853 852 796
f 804 853 796
f 854 798 797
f 852 854 797
f 849 852 797
f 855 799 798
f 856 855 798
f 857 856 798
f 854 857 798
f 855 858 799
f 858 859 799
f 859 860 799
f 860 800 799
f 860 861 800
f 861 802 800
f 802 801 800
f 861 862 802
f 862 848 802
f 806 853 804
f 863 853 806
f 808 863 806
f 807 808 806
f 864 863 808
f 865 864 808
f 809 865 808
f 866 865 809
f 810 866 809
f 867 866 810
f 811 867 810
f 868 867 811
f 812 868 811
f 869 868 812
f 814 869 812
f 813 814 812
f 870 869 814
f 871 870 814
f 872 871 814
f 815 872 814
f 873 872 815
f 816 873 815
f 818 873 816
f 817 818 816
f 874 873 818
f 875 874 818
f 876 875 818
f 819 876 818
f 877 876 819
f 820 877 819
f 878 877 820
f 822 878 820
f 821 822 820
f 879 878 822
f 823 879 822
f 880 879 823
f 824 880 823
f 881 880 824
f 825 881 824
f 882 881 825
f 826 882 825
f 883 882 826
f 829 883 826
f 828 829 826
f 827 828 826
f 884 883 829
f 885 884 829
f 886 885 829
f 831 886 829
f 830 831 829
f 887 886 831
f 888 887 831
f 832 888 831
f 889 888 832
f 890 889 832
f 834 890 832
f 891 834 833
f 892 891 833
f 893 892 833
f 839 893 833
f 891 894 834
f 894 890 834
f 836 895 835
f 895 896 835
f 896 897 835
f 897 837 835
f 840 838 837
f 898 840 837
f 899 898 837
f 897 899 837
f 840 893 839
f 900 893 840
f 898 900 840
f 848 901 841
f 901 842 841
f 901 902 842
f 902 843 842
f 902 903 843
f 903 844 843
f 903 904 844
f 904 845 844
f 904 905 845
f 905 906 845
f 906 907 845
f 907 846 845
f 907 908 846
f 908 847 846
f 908 909 847
f 909 836 847
f 862 910 848
f 910 911 848
f 911 901 848
f 850 852 849
f 912 852 853
f 913 912 853
f 914 913 853
f 863 914 853
f 912 857 854
f 852 912 854
f 856 915 855
f 915 916 855
f 916 858 855
f 917 915 856
f 918 917 856
f 857 918 856
f 919 918 857
f 913 919 857
f 912 913 857
f 916 920 858
f 920 921 858
f 921 922 858
f 922 859 858
f 922 860 859
f 922 923 860
f 923 862 860
f 862 861 860
f 923 924 862
f 924 925 862
f 925 910 862
f 926 914 863
f 927 926 863
f 864 927 863
f 928 927 864
f 865 928 864
f 929 928 865
f 866 929 865
f 930 929 866
f 867 930 866
f 931 930 867
f 868 931 867
f 932 931 868
f 933 932 868
f 870 933 868
f 869 870 868
f 934 933 870
f 935 934 870
f 871 935 870
f 936 935 871
f 872 936 871
f 874 936 872
f 873 874 872
f 937 936 874
f 938 937 874
f 939 938 874
f 875 939 874
f 940 939 875
f 876 940 875
f 941 940 876
f 879 941 876
f 877 879 876
f 878 879 877
f 942 941 879
f 880 942 879
f 943 942 880
f 881 943 880
f 944 943 881
f 882 944 881
f 945 944 882
f 946 945 882
f 884 946 882
f 883 884 882
f 947 946 884
f 948 947 884
f 949 948 884
f 885 949 884
f 950 949 885
f 887 950 885
f 886 887 885
f 951 950 887
f 952 951 887
f 953 952 887
f 888 953 887
f 954 953 888
f 955 954 888
f 889 955 888
f 956 955 889
f 894 956 889
f 890 894 889
f 957 894 891
f 958 957 891
f 959 958 891
f 892 959 891
f 960 959 892
f 961 960 892
f 962 961 892
f 963 962 892
f 964 963 892
f 893 964 892
f 965 964 893
f 900 965 893
f 966 956 894
f 957 966 894
f 836 909 895
f 909 907 895
f 907 967 895
f 967 968 895
f 968 969 895
f 969 896 895
f 969 897 896
f 970 899 897
f 971 970 897
f 972 971 897
f 973 972 897
f 969 973 897
f 974 900 898
f 899 974 898
f 975 974 899
f 970 975 899
f 976 965 900
f 974 976 900
f 911 977 901
f 977 902 901
f 977 978 902
f 978 903 902
f 978 979 903
f 979 904 903
f 979 980 904
f 980 981 904
f 981 905 904
f 981 982 905
f 982 983 905
f 983 906 905
f 983 967 906
f 967 907 906
f 909 908 907
f 783 847 836
f 925 911 910
f 925 984 911
f 984 977 911
f 985 919 913
f 926 985 913
f 914 926 913
f 917 986 915
f 986 987 915
f 987 916 915
f 987 988 916
f 988 989 916
f 989 920 916
f 990 986 917
f 918 990 917
f 991 990 918
f 992 991 918
f 985 992 918
f 919 985 918
f 989 993 920
f 993 924 920
f 924 921 920
f 924 923 921
f 923 922 921
f 993 994 924
f 994 925 924
f 994 984 925
f 995 985 926
f 996 995 926
f 997 996 926
f 927 997 926
f 998 997 927
f 928 998 927
f 999 998 928
f 929 999 928
f 1000 999 929
f 930 1000 929
f 1001 1000 930
f 931 1001 930
f 1002 1001 931
f 932 1002 931
f 1003 1002 932
f 1004 1003 932
f 1005 1004 932
f 933 1005 932
f 1006 1005 933
f 934 1006 933
f 1007 1006 934
f 935 1007 934
f 937 1007 935
f 936 937 935
f 1008 1007 937
f 1009 1008 937
f 1010 1009 937
f 938 1010 937
f 939 1010 938
f 1011 1010 939
f 1012 1011 939
f 940 1012 939
f 1013 1012 940
f 1014 1013 940
f 942 1014 940
f 941 942 940
f 1015 1014 942
f 1016 1015 942
f 943 1016 942
f 1017 1016 943
f 944 1017 943
f 1018 1017 944
f 1019 1018 944
f 945 1019 944
f 1020 1019 945
f 947 1020 945
f 946 947 945
f 1021 1020 947
f 1022 1021 947
f 1023 1022 947
f 1024 1023 947
f 949 1024 947
f 948 949 947
f 1025 1024 949
f 951 1025 949
f 950 951 949
f 1026 1025 951
f 1027 1026 951
f 1028 1027 951
f 952 1028 951
f 1029 1028 952
f 953 1029 952
f 1030 1029 953
f 954 1030 953
f 1031 1030 954
f 1032 1031 954
f 955 1032 954
f 966 1032 955
f 956 966 955
f 1033 966 957
f 958 1033 957
f 1034 1033 958
f 1035 1034 958
f 960 1035 958
f 959 960 958
f 961 1035 960
f 1036 1035 961
f 1037 1036 961
f 1038 1037 961
f 962 1038 961
f 1039 1038 962
f 963 1039 962
f 1040 1039 963
f 1041 1040 963
f 965 1041 963
f 964 965 963
f 1042 1041 965
f 976 1042 965
f 1043 1032 966
f 1033 1043 966
f 983 982 967
f 982 1044 967
f 1044 973 967
f 973 968 967
f 973 969 968
f 1045 975 970
f 1046 1045 970
f 971 1046 970
f 1047 1046 971
f 1048 1047 971
f 972 1048 971
f 973 1048 972
f 1049 1048 973
f 1044 1049 973
f 1050 976 974
f 975 1050 974
f 1051 1050 975
f 1052 1051 975
f 1053 1052 975
f 1045 1053 975
f 1054 1042 976
f 1050 1054 976
f 984 1055 977
f 1055 1056 977
f 1056 978 977
f 1056 1057 978
f 1057 979 978
f 1057 1058 979
f 1058 1059 979
f 1059 980 979
f 1059 1060 980
f 1060 1061 980
f 1061 1062 980
f 1062 981 980
f 1062 1063 981
f 1063 982 981
f 1063 1049 982
f 1049 1044 982
f 994 1064 984
f 1064 1055 984
f 1065 992 985
f 1066 1065 985
f 996 1066 985
f 995 996 985
f 990 1067 986
f 1067 987 986
f 1067 1068 987
f 1068 1069 987
f 1069 1070 987
f 1070 988 987
f 1070 1071 988
f 1071 989 988
f 1071 1072 989
f 1072 993 989
f 1073 1067 990
f 1074 1073 990
f 991 1074 990
f 1075 1074 991
f 1065 1075 991
f 992 1065 991
f 1072 994 993
f 1072 1076 994
f 1076 1077 994
f 1077 1064 994
f 1078 1066 996
f 1079 1078 996
f 1080 1079 996
f 997 1080 996
f 998 1080 997
f 1081 1080 998
f 1082 1081 998
f 1083 1082 998
f 1084 1083 998
f 999 1084 998
f 1000 1084 999
f 1085 1084 1000
f 1001 1085 1000
f 1086 1085 1001
f 1087 1086 1001
f 1002 1087 1001
f 1003 1087 1002
f 1088 1087 1003
f 1089 1088 1003
f 1090 1089 1003
f 1005 1090 1003
f 1004 1005 1003
f 1091 1090 1005
f 1092 1091 1005
f 1007 1092 1005
f 1006 1007 1005
f 1008 1092 1007
f 1093 1092 1008
f 1094 1093 1008
f 1095 1094 1008
f 1009 1095 1008
f 1011 1095 1009
f 1010 1011 1009
f 1096 1095 1011
f 1097 1096 1011
f 1013 1097 1011
f 1012 1013 1011
f 1098 1097 1013
f 1015 1098 1013
f 1014 1015 1013
f 1016 1098 1015
f 1099 1098 1016
f 1017 1099 1016
f 1100 1099 1017
f 1018 1100 1017
f 1101 1100 1018
f 1019 1101 1018
f 1102 1101 1019
f 1021 1102 1019
f 1020 1021 1019
f 1103 1102 1021
f 1022 1103 1021
f 1104 1103 1022
f 1105 1104 1022
f 1106 1105 1022
f 1107 1106 1022
f 1023 1107 1022
f 1025 1107 1023
f 1024 1025 1023
f 1026 1107 1025
f 1108 1107 1026
f 1109 1108 1026
f 1110 1109 1026
f 1027 1110 1026
f 1111 1110 1027
f 1028 1111 1027
f 1112 1111 1028
f 1113 1112 1028
f 1030 1113 1028
f 1029 1030 1028
f 1114 1113 1030
f 1115 1114 1030
f 1031 1115 1030
f 1116 1115 1031
f 1043 1116 1031
f 1032 1043 1031
f 1117 1043 1033
f 1118 1117 1033
f 1034 1118 1033
f 1036 1118 1034
f 1035 1036 1034
f 1117 1118 1036
f 1119 1117 1036
f 1120 1119 1036
f 1121 1120 1036
f 1037 1121 1036
f 1122 1121 1037
f 1038 1122 1037
f 1123 1122 1038
f 1124 1123 1038
f 1039 1124 1038
f 1040 1124 1039
f 1125 1124 1040
f 1126 1125 1040
f 1042 1126 1040
f 1041 1042 1040
f 1127 1126 1042
f 1054 1127 1042
f 1128 1116 1043
f 1129 1128 1043
f 1117 1129 1043
f 1130 1053 1045
f 1046 1130 1045
f 1131 1130 1046
f 1047 1131 1046
f 1132 1131 1047
f 1048 1132 1047
f 1133 1132 1048
f 1049 1133 1048
f 1134 1133 1049
f 1135 1134 1049
f 1063 1135 1049
f 1136 1054 1050
f 1137 1136 1050
f 1051 1137 1050
f 1138 1137 1051
f 1139 1138 1051
f 1053 1139 1051
f 1052 1053 1051
f 1140 1139 1053
f 1141 1140 1053
f 1142 1141 1053
f 1130 1142 1053
f 1143 1127 1054
f 1136 1143 1054
f 1064 1056 1055
f 1064 1144 1056
f 1144 1145 1056
f 1145 1057 1056
f 1145 1146 1057
f 1146 1060 1057
f 1060 1058 1057
f 1060 1059 1058
f 1146 1147 1060
f 1147 1148 1060
f 1148 1149 1060
f 1149 1061 1060
f 1149 1135 1061
f 1135 1062 1061
f 1135 1063 1062
f 1077 1150 1064
f 1150 1144 1064
f 1075 1065 1066
f 1151 1075 1066
f 1078 1151 1066
f 1152 1068 1067
f 1073 1152 1067
f 1152 1153 1068
f 1153 1154 1068
f 1154 1155 1068
f 1155 1069 1068
f 1155 1156 1069
f 1156 1070 1069
f 1156 1071 1070
f 1156 1076 1071
f 1076 1072 1071
f 1157 1152 1073
f 1158 1157 1073
f 1074 1158 1073
f 1151 1158 1074
f 1075 1151 1074
f 1156 1159 1076
f 1159 1160 1076
f 1160 1077 1076
f 1160 1150 1077
f 1161 1151 1078
f 1162 1161 1078
f 1079 1162 1078
f 1163 1162 1079
f 1081 1163 1079
f 1080 1081 1079
f 1164 1163 1081
f 1165 1164 1081
f 1166 1165 1081
f 1082 1166 1081
f 1167 1166 1082
f 1083 1167 1082
f 1168 1167 1083
f 1084 1168 1083
f 1169 1168 1084
f 1085 1169 1084
f 1170 1169 1085
f 1086 1170 1085
f 1171 1170 1086
f 1087 1171 1086
f 1172 1171 1087
f 1088 1172 1087
f 1173 1172 1088
f 1174 1173 1088
f 1175 1174 1088
f 1089 1175 1088
f 1091 1175 1089
f 1090 1091 1089
f 1176 1175 1091
f 1093 1176 1091
f 1092 1093 1091
f 1177 1176 1093
f 1178 1177 1093
f 1179 1178 1093
f 1095 1179 1093
f 1094 1095 1093
f 1180 1179 1095
f 1096 1180 1095
f 1181 1180 1096
f 1182 1181 1096
f 1097 1182 1096
f 1099 1182 1097
f 1098 1099 1097
f 1183 1182 1099
f 1184 1183 1099
f 1100 1184 1099
f 1185 1184 1100
f 1101 1185 1100
f 1186 1185 1101
f 1103 1186 1101
f 1102 1103 1101
f 1187 1186 1103
f 1188 1187 1103
f 1104 1188 1103
f 1189 1188 1104
f 1190 1189 1104
f 1105 1190 1104
f 1191 1190 1105
f 1108 1191 1105
f 1106 1108 1105
f 1107 1108 1106
f 1192 1191 1108
f 1193 1192 1108
f 1194 1193 1108
f 1109 1194 1108
f 1110 1194 1109
f 1195 1194 1110
f 1111 1195 1110
f 1196 1195 1111
f 1197 1196 1111
f 1112 1197 1111
f 1198 1197 1112
f 1113 1198 1112
f 1199 1198 1113
f 1114 1199 1113
f 1200 1199 1114
f 1201 1200 1114
f 1116 1201 1114
f 1115 1116 1114
f 1202 1201 1116
f 1128 1202 1116
f 1203 1129 1117
f 1204 1203 1117
f 1119 1204 1117
f 1120 1204 1119
f 1205 1204 1120
f 1206 1205 1120
f 1207 1206 1120
f 1121 1207 1120
f 1208 1207 1121
f 1122 1208 1121
f 1209 1208 1122
f 1210 1209 1122
f 1123 1210 1122
f 1124 1210 1123
f 1211 1210 1124
f 1212 1211 1124
f 1213 1212 1124
f 1125 1213 1124
f 1214 1213 1125
f 1126 1214 1125
f 1215 1214 1126
f 1127 1215 1126
f 1216 1215 1127
f 1143 1216 1127
f 1217 1202 1128
f 1129 1217 1128
f 1218 1217 1129
f 1219 1218 1129
f 1203 1219 1129
f 1220 1142 1130
f 1131 1220 1130
f 1221 1220 1131
f 1132 1221 1131
f 1222 1221 1132
f 1133 1222 1132
f 1223 1222 1133
f 1134 1223 1133
f 1224 1223 1134
f 1135 1224 1134
f 1149 1225 1135
f 1225 1224 1135
f 1137 1143 1136
f 1226 1143 1137
f 1227 1226 1137
f 1228 1227 1137
f 1138 1228 1137
f 1140 1228 1138
f 1139 1140 1138
f 1229 1228 1140
f 1141 1229 1140
f 1230 1229 1141
f 1231 1230 1141
f 1232 1231 1141
f 1220 1232 1141
f 1142 1220 1141
f 1233 1216 1143
f 1226 1233 1143
f 1150 1234 1144
f 1234 1235 1144
f 1235 1145 1144
f 1235 1236 1145
f 1236 1237 1145
f 1237 1238 1145
f 1238 1146 1145
f 1238 1148 1146
f 1148 1147 1146
f 1238 1239 1148
f 1239 1240 1148
f 1240 1225 1148
f 1225 1149 1148
f 1160 1241 1150
f 1241 1234 1150
f 1242 1158 1151
f 1243 1242 1151
f 1161 1243 1151
f 1157 1244 1152
f 1244 1245 1152
f 1245 1153 1152
f 1245 1246 1153
f 1246 1247 1153
f 1247 1155 1153
f 1155 1154 1153
f 1247 1248 1155
f 1248 1159 1155
f 1159 1156 1155
f 1158 1249 1157
f 1249 1244 1157
f 1250 1249 1158
f 1242 1250 1158
f 1248 1251 1159
f 1251 1160 1159
f 1251 1252 1160
f 1252 1241 1160
f 1242 1243 1161
f 1253 1242 1161
f 1254 1253 1161
f 1255 1254 1161
f 1163 1255 1161
f 1162 1163 1161
f 1164 1255 1163
f 1254 1255 1164
f 1256 1254 1164
f 1257 1256 1164
f 1258 1257 1164
f 1165 1258 1164
f 1259 1258 1165
f 1166 1259 1165
f 1260 1259 1166
f 1167 1260 1166
f 1261 1260 1167
f 1168 1261 1167
f 1262 1261 1168
f 1169 1262 1168
f 1263 1262 1169
f 1264 1263 1169
f 1170 1264 1169
f 1171 1264 1170
f 1265 1264 1171
f 1172 1265 1171
f 1266 1265 1172
f 1267 1266 1172
f 1173 1267 1172
f 1268 1267 1173
f 1269 1268 1173
f 1174 1269 1173
f 1176 1269 1174
f 1175 1176 1174
f 1270 1269 1176
f 1271 1270 1176
f 1177 1271 1176
f 1272 1271 1177
f 1273 1272 1177
f 1178 1273 1177
f 1180 1273 1178
f 1179 1180 1178
f 1274 1273 1180
f 1275 1274 1180
f 1181 1275 1180
f 1183 1275 1181
f 1182 1183 1181
f 1276 1275 1183
f 1277 1276 1183
f 1184 1277 1183
f 1278 1277 1184
f 1185 1278 1184
f 1279 1278 1185
f 1187 1279 1185
f 1186 1187 1185
f 1280 1279 1187
f 1281 1280 1187
f 1188 1281 1187
f 1282 1281 1188
f 1283 1282 1188
f 1189 1283 1188
f 1284 1283 1189
f 1285 1284 1189
f 1190 1285 1189
f 1192 1285 1190
f 1191 1192 1190
f 1286 1285 1192
f 1287 1286 1192
f 1288 1287 1192
f 1193 1288 1192
f 1194 1288 1193
f 1289 1288 1194
f 1195 1289 1194
f 1290 1289 1195
f 1291 1290 1195
f 1196 1291 1195
f 1197 1291 1196
f 1292 1291 1197
f 1293 1292 1197
f 1199 1293 1197
f 1198 1199 1197
f 1294 1293 1199
f 1295 1294 1199
f 1200 1295 1199
f 1202 1295 1200
f 1201 1202 1200
f 1296 1295 1202
f 1217 1296 1202
f 1204 1219 1203
f 1297 1219 1204
f 1205 1297 1204
f 1298 1297 1205
f 1299 1298 1205
f 1206 1299 1205
f 1300 1299 1206
f 1207 1300 1206
f 1301 1300 1207
f 1208 1301 1207
f 1302 1301 1208
f 1303 1302 1208
f 1209 1303 1208
f 1304 1303 1209
f 1210 1304 1209
f 1211 1304 1210
f 1305 1304 1211
f 1212 1305 1211
f 1213 1305 1212
f 1306 1305 1213
f 1307 1306 1213
f 1215 1307 1213
f 1214 1215 1213
f 1308 1307 1215
f 1216 1308 1215
f 1309 1308 1216
f 1233 1309 1216
f 1310 1296 1217
f 1218 1310 1217
f 1311 1310 1218
f 1312 1311 1218
f 1219 1312 1218
f 1313 1312 1219
f 1314 1313 1219
f 1297 1314 1219
f 1315 1232 1220
f 1316 1315 1220
f 1317 1316 1220
f 1221 1317 1220
f 1318 1317 1221
f 1222 1318 1221
f 1319 1318 1222
f 1223 1319 1222
f 1320 1319 1223
f 1224 1320 1223
f 1225 1321 1224
f 1321 1320 1224
f 1240 1322 1225
f 1322 1323 1225
f 1323 1321 1225
f 1324 1233 1226
f 1325 1324 1226
f 1227 1325 1226
f 1326 1325 1227
f 1228 1326 1227
f 1327 1326 1228
f 1229 1327 1228
f 1230 1328 1229
f 1328 1327 1229
f 1231 1329 1230
f 1329 1330 1230
f 1330 1328 1230
f 1232 1315 1231
f 1315 1331 1231
f 1331 1332 1231
f 1332 1329 1231
f 1333 1309 1233
f 1334 1333 1233
f 1335 1334 1233
f 1324 1335 1233
f 1241 1336 1234
f 1336 1235 1234
f 1336 1337 1235
f 1337 1338 1235
f 1338 1236 1235
f 1338 1339 1236
f 1339 1340 1236
f 1340 1341 1236
f 1341 1237 1236
f 1341 1239 1237
f 1239 1238 1237
f 1341 1342 1239
f 1342 1343 1239
f 1343 1344 1239
f 1344 1322 1239
f 1322 1240 1239
f 1252 1345 1241
f 1345 1346 1241
f 1346 1336 1241
f 1347 1250 1242
f 1253 1347 1242
f 1249 1348 1244
f 1348 1349 1244
f 1349 1245 1244
f 1349 1350 1245
f 1350 1351 1245
f 1351 1246 1245
f 1351 1352 1246
f 1352 1247 1246
f 1352 1251 1247
f 1251 1248 1247
f 1353 1348 1249
f 1354 1353 1249
f 1250 1354 1249
f 1352 1355 1251
f 1355 1356 1251
f 1356 1252 1251
f 1356 1345 1252
f 1254 1256 1253
f 1256 1357 1253
f 1357 1347 1253
f 1358 1357 1256
f 1359 1358 1256
f 1360 1359 1256
f 1257 1360 1256
f 1361 1360 1257
f 1258 1361 1257
f 1362 1361 1258
f 1259 1362 1258
f 1363 1362 1259
f 1260 1363 1259
f 1364 1363 1260
f 1261 1364 1260
f 1365 1364 1261
f 1262 1365 1261
f 1263 1365 1262
f 1366 1365 1263
f 1264 1366 1263
f 1265 1366 1264
f 1367 1366 1265
f 1368 1367 1265
f 1369 1368 1265
f 1266 1369 1265
f 1370 1369 1266
f 1267 1370 1266
f 1371 1370 1267
f 1372 1371 1267
f 1270 1372 1267
f 1268 1270 1267
f 1269 1270 1268
f 1371 1372 1270
f 1271 1371 1270
f 1373 1371 1271
f 1374 1373 1271
f 1273 1374 1271
f 1272 1273 1271
f 1375 1374 1273
f 1376 1375 1273
f 1377 1376 1273
f 1274 1377 1273
f 1276 1377 1274
f 1275 1276 1274
f 1378 1377 1276
f 1379 1378 1276
f 1277 1379 1276
f 1380 1379 1277
f 1278 1380 1277
f 1381 1380 1278
f 1280 1381 1278
f 1279 1280 1278
f 1382 1381 1280
f 1383 1382 1280
f 1281 1383 1280
f 1384 1383 1281
f 1385 1384 1281
f 1282 1385 1281
f 1386 1385 1282
f 1283 1386 1282
f 1387 1386 1283
f 1388 1387 1283
f 1284 1388 1283
f 1286 1388 1284
f 1285 1286 1284
f 1389 1388 1286
f 1390 1389 1286
f 1391 1390 1286
f 1287 1391 1286
f 1288 1391 1287
f 1392 1391 1288
f 1289 1392 1288
f 1393 1392 1289
f 1290 1393 1289
f 1394 1393 1290
f 1395 1394 1290
f 1291 1395 1290
f 1292 1395 1291
f 1396 1395 1292
f 1397 1396 1292
f 1294 1397 1292
f 1293 1294 1292
f 1398 1397 1294
f 1295 1398 1294
f 1399 1398 1295
f 1296 1399 1295
f 1400 1399 1296
f 1310 1400 1296
f 1401 1314 1297
f 1298 1401 1297
f 1402 1401 1298
f 1403 1402 1298
f 1299 1403 1298
f 1404 1403 1299
f 1300 1404 1299
f 1405 1404 1300
f 1301 1405 1300
f 1406 1405 1301
f 1407 1406 1301
f 1302 1407 1301
f 1303 1407 1302
f 1304 1407 1303
f 1408 1407 1304
f 1409 1408 1304
f 1305 1409 1304
f 1410 1409 1305
f 1411 1410 1305
f 1306 1411 1305
f 1412 1411 1306
f 1308 1412 1306
f 1307 1308 1306
f 1413 1412 1308
f 1309 1413 1308
f 1414 1413 1309
f 1333 1414 1309
f 1415 1400 1310
f 1416 1415 1310
f 1311 1416 1310
f 1417 1416 1311
f 1313 1417 1311
f 1312 1313 1311
f 1418 1417 1313
f 1419 1418 1313
f 1314 1419 1313
f 1401 1419 1314
f 1316 1420 1315
f 1420 1331 1315
f 1317 1318 1316
f 1318 1421 1316
f 1421 1422 1316
f 1422 1423 1316
f 1423 1420 1316
f 1319 1424 1318
f 1424 1421 1318
f 1320 1425 1319
f 1425 1426 1319
f 1426 1424 1319
f 1321 1427 1320
f 1427 1425 1320
f 1323 1427 1321
f 1344 1428 1322
f 1428 1323 1322
f 1428 1429 1323
f 1429 1430 1323
f 1430 1431 1323
f 1431 1426 1323
f 1426 1427 1323
f 1325 1432 1324
f 1432 1335 1324
f 1326 1433 1325
f 1433 1432 1325
f 1327 1434 1326
f 1434 1433 1326
f 1328 1435 1327
f 1435 1434 1327
f 1330 1436 1328
f 1436 1437 1328
f 1437 1435 1328
f 1332 1330 1329
f 1332 1438 1330
f 1438 1439 1330
f 1439 1436 1330
f 1420 1332 1331
f 1420 1440 1332
f 1440 1438 1332
f 1441 1414 1333
f 1442 1441 1333
f 1334 1442 1333
f 1443 1442 1334
f 1335 1443 1334
f 1432 1443 1335
f 1346 1444 1336
f 1444 1337 1336
f 1444 1338 1337
f 1444 1445 1338
f 1445 1339 1338
f 1445 1446 1339
f 1446 1447 1339
f 1447 1340 1339
f 1447 1343 1340
f 1343 1342 1340
f 1342 1341 1340
f 1447 1448 1343
f 1448 1428 1343
f 1428 1344 1343
f 1356 1449 1345
f 1449 1346 1345
f 1449 1450 1346
f 1450 1444 1346
f 1353 1250 1347
f 1451 1353 1347
f 1452 1451 1347
f 1453 1452 1347
f 1454 1453 1347
f 1357 1454 1347
f 1451 1349 1348
f 1353 1451 1348
f 1451 1455 1349
f 1455 1456 1349
f 1456 1457 1349
f 1457 1350 1349
f 1457 1458 1350
f 1458 1351 1350
f 1458 1355 1351
f 1355 1352 1351
f 1354 1250 1353
f 1458 1459 1355
f 1459 1356 1355
f 1459 1460 1356
f 1460 1461 1356
f 1461 1449 1356
f 1462 1454 1357
f 1358 1462 1357
f 1463 1462 1358
f 1464 1463 1358
f 1465 1464 1358
f 1359 1465 1358
f 1466 1465 1359
f 1467 1466 1359
f 1468 1467 1359
f 1361 1468 1359
f 1360 1361 1359
f 1469 1468 1361
f 1363 1469 1361
f 1362 1363 1361
f 1470 1469 1363
f 1471 1470 1363
f 1472 1471 1363
f 1364 1472 1363
f 1473 1472 1364
f 1365 1473 1364
f 1474 1473 1365
f 1475 1474 1365
f 1366 1475 1365
f 1476 1475 1366
f 1367 1476 1366
f 1477 1476 1367
f 1478 1477 1367
f 1368 1478 1367
f 1479 1478 1368
f 1369 1479 1368
f 1480 1479 1369
f 1370 1480 1369
f 1481 1480 1370
f 1371 1481 1370
f 1482 1481 1371
f 1373 1482 1371
f 1375 1482 1373
f 1374 1375 1373
f 1483 1482 1375
f 1484 1483 1375
f 1377 1484 1375
f 1376 1377 1375
f 1485 1484 1377
f 1378 1485 1377
f 1486 1485 1378
f 1379 1486 1378
f 1487 1486 1379
f 1380 1487 1379
f 1488 1487 1380
f 1382 1488 1380
f 1381 1382 1380
f 1489 1488 1382
f 1490 1489 1382
f 1383 1490 1382
f 1491 1490 1383
f 1492 1491 1383
f 1384 1492 1383
f 1493 1492 1384
f 1385 1493 1384
f 1494 1493 1385
f 1386 1494 1385
f 1495 1494 1386
f 1387 1495 1386
f 1496 1495 1387
f 1389 1496 1387
f 1388 1389 1387
f 1497 1496 1389
f 1498 1497 1389
f 1499 1498 1389
f 1390 1499 1389
f 1391 1499 1390
f 1392 1499 1391
f 1500 1499 1392
f 1501 1500 1392
f 1502 1501 1392
f 1393 1502 1392
f 1503 1502 1393
f 1504 1503 1393
f 1394 1504 1393
f 1505 1504 1394
f 1395 1505 1394
f 1506 1505 1395
f 1396 1506 1395
f 1507 1506 1396
f 1398 1507 1396
f 1397 1398 1396
f 1508 1507 1398
f 1399 1508 1398
f 1509 1508 1399
f 1400 1509 1399
f 1510 1509 1400
f 1415 1510 1400
f 1511 1419 1401
f 1512 1511 1401
f 1513 1512 1401
f 1514 1513 1401
f 1402 1514 1401
f 1515 1514 1402
f 1403 1515 1402
f 1404 1515 1403
f 1516 1515 1404
f 1517 1516 1404
f 1405 1517 1404
f 1406 1517 1405
f 1518 1517 1406
f 1407 1518 1406
f 1519 1518 1407
f 1408 1519 1407
f 1520 1519 1408
f 1409 1520 1408
f 1521 1520 1409
f 1410 1521 1409
f 1522 1521 1410
f 1411 1522 1410
f 1523 1522 1411
f 1524 1523 1411
f 1413 1524 1411
f 1412 1413 1411
f 1525 1524 1413
f 1526 1525 1413
f 1414 1526 1413
f 1527 1526 1414
f 1528 1527 1414
f 1529 1528 1414
f 1441 1529 1414
f 1530 1510 1415
f 1531 1530 1415
f 1416 1531 1415
f 1532 1531 1416
f 1533 1532 1416
f 1418 1533 1416
f 1417 1418 1416
f 1534 1533 1418
f 1419 1534 1418
f 1535 1534 1419
f 1511 1535 1419
f 1423 1536 1420
f 1536 1537 1420
f 1537 1438 1420
f 1438 1440 1420
f 1424 1538 1421
f 1538 1539 1421
f 1539 1422 1421
f 1539 1423 1422
f 1539 1536 1423
f 1426 1540 1424
f 1540 1538 1424
f 1427 1426 1425
f 1431 1541 1426
f 1541 1540 1426
f 1448 1542 1428
f 1542 1543 1428
f 1543 1429 1428
f 1543 1544 1429
f 1544 1545 1429
f 1545 1430 1429
f 1545 1546 1430
f 1546 1541 1431
f 1430 1546 1431
f 1433 1547 1432
f 1547 1548 1432
f 1548 1549 1432
f 1549 1443 1432
f 1434 1547 1433
f 1435 1550 1434
f 1550 1551 1434
f 1551 1552 1434
f 1552 1548 1434
f 1548 1547 1434
f 1437 1553 1435
f 1553 1551 1435
f 1551 1550 1435
f 1439 1554 1436
f 1554 1437 1436
f 1554 1555 1437
f 1555 1556 1437
f 1556 1557 1437
f 1557 1558 1437
f 1558 1553 1437
f 1537 1559 1438
f 1559 1560 1438
f 1560 1561 1438
f 1561 1439 1438
f 1561 1562 1439
f 1562 1554 1439
f 1442 1529 1441
f 1443 1549 1442
f 1549 1529 1442
f 1450 1445 1444
f 1450 1563 1445
f 1563 1564 1445
f 1564 1565 1445
f 1565 1446 1445
f 1565 1566 1446
f 1566 1447 1446
f 1566 1542 1447
f 1542 1448 1447
f 1461 1567 1449
f 1567 1450 1449
f 1567 1568 1450
f 1568 1563 1450
f 1569 1455 1451
f 1452 1569 1451
f 1570 1569 1452
f 1453 1570 1452
f 1571 1570 1453
f 1572 1571 1453
f 1462 1572 1453
f 1454 1462 1453
f 1569 1573 1455
f 1573 1574 1455
f 1574 1575 1455
f 1575 1456 1455
f 1575 1576 1456
f 1576 1457 1456
f 1576 1459 1457
f 1459 1458 1457
f 1576 1577 1459
f 1577 1460 1459
f 1577 1578 1460
f 1578 1579 1460
f 1579 1461 1460
f 1579 1580 1461
f 1580 1567 1461
f 1581 1572 1462
f 1464 1581 1462
f 1463 1464 1462
f 1582 1581 1464
f 1583 1582 1464
f 1584 1583 1464
f 1466 1584 1464
f 1465 1466 1464
f 1585 1584 1466
f 1467 1585 1466
f 1586 1585 1467
f 1587 1586 1467
f 1470 1587 1467
f 1469 1470 1467
f 1468 1469 1467
f 1588 1587 1470
f 1471 1588 1470
f 1589 1588 1471
f 1472 1589 1471
f 1590 1589 1472
f 1473 1590 1472
f 1591 1590 1473
f 1474 1591 1473
f 1475 1591 1474
f 1592 1591 1475
f 1476 1592 1475
f 1593 1592 1476
f 1594 1593 1476
f 1595 1594 1476
f 1477 1595 1476
f 1596 1595 1477
f 1478 1596 1477
f 1597 1596 1478
f 1480 1597 1478
f 1479 1480 1478
f 1598 1597 1480
f 1599 1598 1480
f 1481 1599 1480
f 1600 1599 1481
f 1482 1600 1481
f 1601 1600 1482
f 1483 1601 1482
f 1485 1601 1483
f 1484 1485 1483
f 1602 1601 1485
f 1603 1602 1485
f 1486 1603 1485
f 1487 1603 1486
f 1604 1603 1487
f 1605 1604 1487
f 1489 1605 1487
f 1488 1489 1487
f 1606 1605 1489
f 1607 1606 1489
f 1490 1607 1489
f 1608 1607 1490
f 1609 1608 1490
f 1491 1609 1490
f 1610 1609 1491
f 1492 1610 1491
f 1611 1610 1492
f 1493 1611 1492
f 1612 1611 1493
f 1494 1612 1493
f 1613 1612 1494
f 1495 1613 1494
f 1614 1613 1495
f 1497 1614 1495
f 1496 1497 1495
f 1615 1614 1497
f 1616 1615 1497
f 1500 1616 1497
f 1498 1500 1497
f 1499 1500 1498
f 1617 1616 1500
f 1618 1617 1500
f 1619 1618 1500
f 1501 1619 1500
f 1503 1619 1501
f 1502 1503 1501
f 1620 1619 1503
f 1621 1620 1503
f 1622 1621 1503
f 1504 1622 1503
f 1623 1622 1504
f 1505 1623 1504
f 1506 1623 1505
f 1624 1623 1506
f 1625 1624 1506
f 1508 1625 1506
f 1507 1508 1506
f 1626 1625 1508
f 1509 1626 1508
f 1627 1626 1509
f 1510 1627 1509
f 1628 1627 1510
f 1629 1628 1510
f 1530 1629 1510
f 1630 1535 1511
f 1631 1630 1511
f 1632 1631 1511
f 1512 1632 1511
f 1633 1632 1512
f 1634 1633 1512
f 1513 1634 1512
f 1635 1634 1513
f 1514 1635 1513
f 1515 1635 1514
f 1636 1635 1515
f 1516 1636 1515
f 1637 1636 1516
f 1517 1637 1516
f 1638 1637 1517
f 1518 1638 1517
f 1519 1638 1518
f 1639 1638 1519
f 1640 1639 1519
f 1520 1640 1519
f 1641 1640 1520
f 1521 1641 1520
f 1642 1641 1521
f 1522 1642 1521
f 1643 1642 1522
f 1523 1643 1522
f 1644 1643 1523
f 1645 1644 1523
f 1525 1645 1523
f 1524 1525 1523
f 1646 1645 1525
f 1647 1646 1525
f 1526 1647 1525
f 1648 1647 1526
f 1649 1648 1526
f 1527 1649 1526
f 1650 1649 1527
f 1528 1650 1527
f 1529 1651 1528
f 1651 1652 1528
f 1652 1650 1528
f 1549 1653 1529
f 1653 1651 1529
f 1532 1629 1530
f 1531 1532 1530
f 1654 1629 1532
f 1655 1654 1532
f 1656 1655 1532
f 1534 1656 1532
f 1533 1534 1532
f 1657 1656 1534
f 1535 1657 1534
f 1658 1657 1535
f 1630 1658 1535
f 1539 1659 1536
f 1659 1660 1536
f 1660 1661 1536
f 1661 1560 1536
f 1560 1559 1536
f 1559 1537 1536
f 1540 1662 1538
f 1662 1539 1538
f 1662 1663 1539
f 1663 1664 1539
f 1664 1659 1539
f 1541 1665 1540
f 1665 1663 1540
f 1663 1662 1540
f 1546 1665 1541
f 1566 1666 1542
f 1666 1667 1542
f 1667 1543 1542
f 1667 1668 1543
f 1668 1669 1543
f 1669 1544 1543
f 1669 1670 1544
f 1670 1545 1544
f 1670 1671 1545
f 1671 1546 1545
f 1671 1665 1546
f 1552 1672 1548
f 1672 1653 1548
f 1653 1549 1548
f 1553 1558 1551
f 1558 1673 1551
f 1673 1674 1551
f 1674 1675 1551
f 1675 1676 1551
f 1676 1677 1551
f 1677 1552 1551
f 1677 1676 1552
f 1676 1678 1552
f 1678 1672 1552
f 1562 1555 1554
f 1562 1679 1555
f 1679 1557 1555
f 1557 1556 1555
f 1679 1680 1557
f 1680 1681 1557
f 1681 1682 1557
f 1682 1683 1557
f 1683 1673 1557
f 1673 1558 1557
f 1661 1561 1560
f 1661 1684 1561
f 1684 1562 1561
f 1684 1685 1562
f 1685 1686 1562
f 1686 1679 1562
f 1568 1687 1563
f 1687 1688 1563
f 1688 1689 1563
f 1689 1690 1563
f 1690 1565 1563
f 1565 1564 1563
f 1690 1691 1565
f 1691 1692 1565
f 1692 1666 1565
f 1666 1566 1565
f 1580 1693 1567
f 1693 1568 1567
f 1693 1694 1568
f 1694 1687 1568
f 1695 1573 1569
f 1570 1695 1569
f 1696 1695 1570
f 1571 1696 1570
f 1697 1696 1571
f 1581 1697 1571
f 1572 1581 1571
f 1698 1574 1573
f 1699 1698 1573
f 1695 1699 1573
f 1698 1700 1574
f 1700 1575 1574
f 1700 1701 1575
f 1701 1702 1575
f 1702 1577 1575
f 1577 1576 1575
f 1702 1578 1577
f 1702 1703 1578
f 1703 1579 1578
f 1703 1704 1579
f 1704 1580 1579
f 1704 1693 1580
f 1705 1697 1581
f 1706 1705 1581
f 1707 1706 1581
f 1582 1707 1581
f 1583 1707 1582
f 1706 1707 1583
f 1708 1706 1583
f 1709 1708 1583
f 1710 1709 1583
f 1584 1710 1583
f 1711 1710 1584
f 1586 1711 1584
f 1585 1586 1584
f 1712 1711 1586
f 1713 1712 1586
f 1587 1713 1586
f 1714 1713 1587
f 1588 1714 1587
f 1715 1714 1588
f 1589 1715 1588
f 1716 1715 1589
f 1590 1716 1589
f 1717 1716 1590
f 1591 1717 1590
f 1718 1717 1591
f 1592 1718 1591
f 1719 1718 1592
f 1593 1719 1592
f 1720 1719 1593
f 1721 1720 1593
f 1594 1721 1593
f 1722 1721 1594
f 1595 1722 1594
f 1723 1722 1595
f 1597 1723 1595
f 1596 1597 1595
f 1724 1723 1597
f 1725 1724 1597
f 1598 1725 1597
f 1726 1725 1598
f 1599 1726 1598
f 1727 1726 1599
f 1600 1727 1599
f 1602 1727 1600
f 1601 1602 1600
f 1728 1727 1602
f 1729 1728 1602
f 1603 1729 1602
f 1730 1729 1603
f 1604 1730 1603
f 1731 1730 1604
f 1606 1731 1604
f 1605 1606 1604
f 1732 1731 1606
f 1607 1732 1606
f 1733 1732 1607
f 1734 1733 1607
f 1735 1734 1607
f 1608 1735 1607
f 1736 1735 1608
f 1609 1736 1608
f 1737 1736 1609
f 1610 1737 1609
f 1738 1737 1610
f 1611 1738 1610
f 1739 1738 1611
f 1612 1739 1611
f 1740 1739 1612
f 1613 1740 1612
f 1741 1740 1613
f 1615 1741 1613
f 1614 1615 1613
f 1742 1741 1615
f 1743 1742 1615
f 1617 1743 1615
f 1616 1617 1615
f 1744 1743 1617
f 1745 1744 1617
f 1746 1745 1617
f 1618 1746 1617
f 1619 1746 1618
f 1747 1746 1619
f 1748 1747 1619
f 1620 1748 1619
f 1749 1748 1620
f 1621 1749 1620
f 1750 1749 1621
f 1622 1750 1621
f 1624 1750 1622
f 1623 1624 1622
f 1751 1750 1624
f 1752 1751 1624
f 1626 1752 1624
f 1625 1626 1624
f 1753 1752 1626
f 1627 1753 1626
f 1754 1753 1627
f 1755 1754 1627
f 1628 1755 1627
f 1756 1755 1628
f 1629 1756 1628
f 1757 1756 1629
f 1654 1757 1629
f 1758 1658 1630
f 1759 1758 1630
f 1760 1759 1630
f 1631 1760 1630
f 1761 1760 1631
f 1632 1761 1631
f 1633 1761 1632
f 1762 1761 1633
f 1634 1762 1633
f 1763 1762 1634
f 1635 1763 1634
f 1764 1763 1635
f 1765 1764 1635
f 1636 1765 1635
f 1766 1765 1636
f 1637 1766 1636
f 1767 1766 1637
f 1638 1767 1637
f 1768 1767 1638
f 1639 1768 1638
f 1640 1768 1639
f 1769 1768 1640
f 1770 1769 1640
f 1641 1770 1640
f 1771 1770 1641
f 1642 1771 1641
f 1643 1771 1642
f 1772 1771 1643
f 1644 1772 1643
f 1773 1772 1644
f 1646 1773 1644
f 1645 1646 1644
f 1774 1773 1646
f 1647 1774 1646
f 1648 1775 1647
f 1775 1776 1647
f 1776 1777 1647
f 1777 1774 1647
f 1649 1778 1648
f 1778 1775 1648
f 1650 1779 1649
f 1779 1778 1649
f 1652 1779 1650
f 1653 1780 1651
f 1780 1652 1651
f 1780 1781 1652
f 1781 1782 1652
f 1782 1783 1652
f 1783 1784 1652
f 1784 1779 1652
f 1672 1678 1653
f 1678 1785 1653
f 1785 1780 1653
f 1786 1757 1654
f 1655 1786 1654
f 1657 1786 1655
f 1656 1657 1655
f 1787 1786 1657
f 1658 1787 1657
f 1788 1787 1658
f 1789 1788 1658
f 1758 1789 1658
f 1664 1790 1659
f 1790 1791 1659
f 1791 1792 1659
f 1792 1661 1659
f 1661 1660 1659
f 1792 1793 1661
f 1793 1684 1661
f 1665 1790 1663
f 1790 1664 1663
f 1671 1791 1665
f 1791 1790 1665
f 1692 1794 1666
f 1794 1795 1666
f 1795 1796 1666
f 1796 1667 1666
f 1796 1797 1667
f 1797 1798 1667
f 1798 1668 1667
f 1798 1799 1668
f 1799 1800 1668
f 1800 1670 1668
f 1670 1669 1668
f 1800 1801 1670
f 1801 1671 1670
f 1801 1802 1671
f 1802 1803 1671
f 1803 1791 1671
f 1683 1674 1673
f 1683 1804 1674
f 1804 1805 1674
f 1805 1806 1674
f 1806 1675 1674
f 1806 1807 1675
f 1807 1808 1675
f 1808 1785 1675
f 1785 1678 1675
f 1678 1676 1675
f 1686 1809 1679
f 1809 1810 1679
f 1810 1680 1679
f 1810 1811 1680
f 1811 1812 1680
f 1812 1813 1680
f 1813 1681 1680
f 1813 1814 1681
f 1814 1682 1681
f 1814 1804 1682
f 1804 1683 1682
f 1793 1815 1684
f 1815 1685 1684
f 1815 1816 1685
f 1816 1817 1685
f 1817 1809 1685
f 1809 1686 1685
f 1694 1688 1687
f 1694 1818 1688
f 1818 1819 1688
f 1819 1820 1688
f 1820 1821 1688
f 1821 1822 1688
f 1822 1689 1688
f 1822 1691 1689
f 1691 1690 1689
f 1822 1821 1691
f 1821 1823 1691
f 1823 1824 1691
f 1824 1795 1691
f 1795 1794 1691
f 1794 1692 1691
f 1704 1825 1693
f 1825 1694 1693
f 1825 1826 1694
f 1826 1818 1694
f 1827 1699 1695
f 1696 1827 1695
f 1828 1827 1696
f 1697 1828 1696
f 1829 1828 1697
f 1830 1829 1697
f 1705 1830 1697
f 1699 1831 1698
f 1831 1701 1698
f 1701 1700 1698
f 1827 1832 1699
f 1832 1833 1699
f 1833 1831 1699
f 1831 1833 1701
f 1833 1834 1701
f 1834 1703 1701
f 1703 1702 1701
f 1834 1835 1703
f 1835 1836 1703
f 1836 1704 1703
f 1836 1825 1704
f 1837 1830 1705
f 1838 1837 1705
f 1708 1838 1705
f 1706 1708 1705
f 1839 1838 1708
f 1840 1839 1708
f 1841 1840 1708
f 1710 1841 1708
f 1709 1710 1708
f 1841 1710 1711
f 1842 1841 1711
f 1712 1842 1711
f 1843 1842 1712
f 1844 1843 1712
f 1713 1844 1712
f 1845 1844 1713
f 1714 1845 1713
f 1846 1845 1714
f 1715 1846 1714
f 1847 1846 1715
f 1716 1847 1715
f 1848 1847 1716
f 1849 1848 1716
f 1717 1849 1716
f 1718 1849 1717
f 1850 1849 1718
f 1719 1850 1718
f 1851 1850 1719
f 1852 1851 1719
f 1720 1852 1719
f 1853 1852 1720
f 1721 1853 1720
f 1854 1853 1721
f 1855 1854 1721
f 1722 1855 1721
f 1724 1855 1722
f 1723 1724 1722
f 1856 1855 1724
f 1857 1856 1724
f 1725 1857 1724
f 1858 1857 1725
f 1726 1858 1725
f 1728 1858 1726
f 1727 1728 1726
f 1859 1858 1728
f 1860 1859 1728
f 1729 1860 1728
f 1861 1860 1729
f 1730 1861 1729
f 1862 1861 1730
f 1732 1862 1730
f 1731 1732 1730
f 1863 1862 1732
f 1864 1863 1732
f 1733 1864 1732
f 1865 1864 1733
f 1866 1865 1733
f 1735 1866 1733
f 1734 1735 1733
f 1867 1866 1735
f 1868 1867 1735
f 1736 1868 1735
f 1869 1868 1736
f 1737 1869 1736
f 1870 1869 1737
f 1738 1870 1737
f 1871 1870 1738
f 1739 1871 1738
f 1872 1871 1739
f 1740 1872 1739
f 1873 1872 1740
f 1742 1873 1740
f 1741 1742 1740
f 1874 1873 1742
f 1875 1874 1742
f 1743 1875 1742
f 1876 1875 1743
f 1744 1876 1743
f 1877 1876 1744
f 1878 1877 1744
f 1745 1878 1744
f 1746 1878 1745
f 1879 1878 1746
f 1747 1879 1746
f 1880 1879 1747
f 1748 1880 1747
f 1881 1880 1748
f 1882 1881 1748
f 1749 1882 1748
f 1750 1882 1749
f 1883 1882 1750
f 1884 1883 1750
f 1751 1884 1750
f 1753 1884 1751
f 1752 1753 1751
f 1885 1884 1753
f 1886 1885 1753
f 1887 1886 1753
f 1754 1887 1753
f 1888 1887 1754
f 1755 1888 1754
f 1889 1888 1755
f 1890 1889 1755
f 1756 1890 1755
f 1787 1890 1756
f 1757 1787 1756
f 1786 1787 1757
f 1891 1789 1758
f 1892 1891 1758
f 1893 1892 1758
f 1759 1893 1758
f 1894 1893 1759
f 1760 1894 1759
f 1895 1894 1760
f 1761 1895 1760
f 1896 1895 1761
f 1897 1896 1761
f 1762 1897 1761
f 1763 1897 1762
f 1898 1897 1763
f 1899 1898 1763
f 1764 1899 1763
f 1765 1899 1764
f 1900 1899 1765
f 1766 1900 1765
f 1901 1900 1766
f 1767 1901 1766
f 1902 1901 1767
f 1903 1902 1767
f 1768 1903 1767
f 1904 1903 1768
f 1769 1904 1768
f 1905 1904 1769
f 1770 1905 1769
f 1906 1905 1770
f 1771 1906 1770
f 1907 1906 1771
f 1908 1907 1771
f 1772 1908 1771
f 1773 1909 1772
f 1909 1910 1772
f 1910 1908 1772
f 1774 1911 1773
f 1911 1909 1773
f 1777 1912 1774
f 1912 1911 1774
f 1778 1913 1775
f 1913 1914 1775
f 1914 1915 1775
f 1915 1776 1775
f 1915 1912 1776
f 1912 1777 1776
f 1779 1784 1778
f 1784 1916 1778
f 1916 1913 1778
f 1785 1781 1780
f 1785 1808 1781
f 1808 1807 1781
f 1807 1917 1781
f 1917 1918 1781
f 1918 1919 1781
f 1919 1783 1781
f 1783 1782 1781
f 1919 1920 1783
f 1920 1921 1783
f 1921 1922 1783
f 1922 1923 1783
f 1923 1784 1783
f 1923 1924 1784
f 1924 1916 1784
f 1925 1890 1787
f 1926 1925 1787
f 1927 1926 1787
f 1788 1927 1787
f 1891 1927 1788
f 1789 1891 1788
f 1803 1928 1791
f 1928 1929 1791
f 1929 1793 1791
f 1793 1792 1791
f 1929 1930 1793
f 1930 1815 1793
f 1824 1931 1795
f 1931 1932 1795
f 1932 1796 1795
f 1932 1933 1796
f 1933 1934 1796
f 1934 1797 1796
f 1934 1935 1797
f 1935 1798 1797
f 1935 1799 1798
f 1935 1936 1799
f 1936 1937 1799
f 1801 1800 1799
f 1799 1802 1801
f 1799 1937 1802
f 1937 1938 1802
f 1938 1928 1803
f 1802 1938 1803
f 1814 1939 1804
f 1939 1806 1804
f 1806 1805 1804
f 1939 1940 1806
f 1940 1941 1806
f 1941 1807 1806
f 1941 1942 1807
f 1942 1918 1807
f 1918 1917 1807
f 1817 1943 1809
f 1943 1944 1809
f 1944 1810 1809
f 1944 1945 1810
f 1945 1946 1810
f 1946 1811 1810
f 1946 1947 1811
f 1947 1812 1811
f 1947 1948 1812
f 1948 1949 1812
f 1949 1813 1812
f 1949 1814 1813
f 1949 1948 1814
f 1948 1950 1814
f 1950 1940 1814
f 1940 1939 1814
f 1930 1816 1815
f 1930 1951 1816
f 1951 1952 1816
f 1952 1943 1816
f 1943 1817 1816
f 1826 1953 1818
f 1953 1819 1818
f 1953 1954 1819
f 1954 1955 1819
f 1955 1820 1819
f 1955 1823 1820
f 1823 1821 1820
f 1955 1956 1823
f 1956 1957 1823
f 1957 1931 1823
f 1931 1824 1823
f 1836 1958 1825
f 1958 1826 1825
f 1958 1953 1826
f 1828 1959 1827
f 1959 1960 1827
f 1960 1832 1827
f 1829 1961 1828
f 1961 1962 1828
f 1962 1963 1828
f 1963 1964 1828
f 1964 1959 1828
f 1965 1961 1829
f 1966 1965 1829
f 1837 1966 1829
f 1830 1837 1829
f 1960 1967 1832
f 1967 1833 1832
f 1967 1835 1833
f 1835 1834 1833
f 1967 1968 1835
f 1968 1969 1835
f 1969 1970 1835
f 1970 1836 1835
f 1970 1971 1836
f 1971 1958 1836
f 1972 1966 1837
f 1973 1972 1837
f 1974 1973 1837
f 1838 1974 1837
f 1975 1974 1838
f 1839 1975 1838
f 1976 1839 1840
f 1841 1976 1840
f 1977 1841 1842
f 1843 1977 1842
f 1978 1977 1843
f 1979 1978 1843
f 1844 1979 1843
f 1980 1979 1844
f 1845 1980 1844
f 1981 1980 1845
f 1846 1981 1845
f 1847 1981 1846
f 1982 1981 1847
f 1983 1982 1847
f 1848 1983 1847
f 1849 1983 1848
f 1984 1983 1849
f 1850 1984 1849
f 1985 1984 1850
f 1986 1985 1850
f 1987 1986 1850
f 1851 1987 1850
f 1988 1987 1851
f 1852 1988 1851
f 1989 1988 1852
f 1854 1989 1852
f 1853 1854 1852
f 1990 1989 1854
f 1991 1990 1854
f 1856 1991 1854
f 1855 1856 1854
f 1992 1991 1856
f 1993 1992 1856
f 1857 1993 1856
f 1859 1993 1857
f 1858 1859 1857
f 1994 1993 1859
f 1995 1994 1859
f 1860 1995 1859
f 1996 1995 1860
f 1861 1996 1860
f 1997 1996 1861
f 1863 1997 1861
f 1862 1863 1861
f 1998 1997 1863
f 1999 1998 1863
f 1864 1999 1863
f 2000 1999 1864
f 2001 2000 1864
f 1865 2001 1864
f 2002 2001 1865
f 1867 2002 1865
f 1866 1867 1865
f 2003 2002 1867
f 2004 2003 1867
f 1868 2004 1867
f 2005 2004 1868
f 1869 2005 1868
f 2006 2005 1869
f 1870 2006 1869
f 2007 2006 1870
f 1871 2007 1870
f 2008 2007 1871
f 2009 2008 1871
f 1872 2009 1871
f 1874 2009 1872
f 1873 1874 1872
f 2010 2009 1874
f 2011 2010 1874
f 1875 2011 1874
f 2012 2011 1875
f 1876 2012 1875
f 2013 2012 1876
f 2014 2013 1876
f 1877 2014 1876
f 1878 2014 1877
f 2015 2014 1878
f 1879 2015 1878
f 2016 2015 1879
f 1880 2016 1879
f 2017 2016 1880
f 2018 2017 1880
f 1881 2018 1880
f 1882 2018 1881
f 2019 2018 1882
f 1883 2019 1882
f 2020 2019 1883
f 1885 2020 1883
f 1884 1885 1883
f 2021 2020 1885
f 2022 2021 1885
f 1886 2022 1885
f 2023 2022 1886
f 2024 2023 1886
f 1887 2024 1886
f 1888 2024 1887
f 2025 2024 1888
f 1889 2025 1888
f 2026 2025 1889
f 2027 2026 1889
f 1925 2027 1889
f 1890 1925 1889
f 2028 1927 1891
f 2029 2028 1891
f 2030 2029 1891
f 2031 2030 1891
f 1892 2031 1891
f 1893 2031 1892
f 2032 2031 1893
f 2033 2032 1893
f 1894 2033 1893
f 2034 2033 1894
f 1895 2034 1894
f 2035 2034 1895
f 1896 2035 1895
f 1897 2035 1896
f 1898 2035 1897
f 2036 2035 1898
f 1899 2036 1898
f 2037 2036 1899
f 1900 2037 1899
f 2038 2037 1900
f 2039 2038 1900
f 1901 2039 1900
f 2040 2039 1901
f 1902 2040 1901
f 2041 2040 1902
f 1903 2041 1902
f 2042 2041 1903
f 1904 2042 1903
f 2043 2042 1904
f 1905 2043 1904
f 2044 2043 1905
f 2045 2044 1905
f 1906 2045 1905
f 1907 2046 1906
f 2046 2045 1906
f 1908 2047 1907
f 2047 2046 1907
f 1910 2047 1908
f 1911 1910 1909
f 1911 1912 1910
f 1912 2048 1910
f 2048 2049 1910
f 2049 2050 1910
f 2050 2051 1910
f 2051 2047 1910
f 1915 2052 1912
f 2052 2053 1912
f 2053 2048 1912
f 1916 2054 1913
f 2054 1914 1913
f 2054 2055 1914
f 2055 2052 1914
f 2052 1915 1914
f 1924 2054 1916
f 1942 2056 1918
f 2056 1920 1918
f 1920 1919 1918
f 2056 2057 1920
f 2057 2058 1920
f 2058 1922 1920
f 1922 1921 1920
f 2058 2059 1922
f 2059 2060 1922
f 2060 1924 1922
f 1924 1923 1922
f 2060 2061 1924
f 2061 2054 1924
f 2062 2027 1925
f 1926 2062 1925
f 2063 2062 1926
f 2064 2063 1926
f 2065 2064 1926
f 1927 2065 1926
f 2028 2065 1927
f 1938 2066 1928
f 2066 1930 1928
f 1930 1929 1928
f 2066 2067 1930
f 2067 2068 1930
f 2068 1951 1930
f 1957 2069 1931
f 2069 1932 1931
f 2069 2070 1932
f 2070 2071 1932
f 2071 2072 1932
f 2072 1933 1932
f 2072 2073 1933
f 2073 1934 1933
f 2073 2074 1934
f 2074 1935 1934
f 2074 2075 1935
f 2075 1936 1935
f 2075 1937 1936
f 2075 2076 1937
f 2076 2077 1937
f 2077 2066 1937
f 2066 1938 1937
f 1950 2078 1940
f 2078 2079 1940
f 2079 1941 1940
f 2079 2056 1941
f 2056 1942 1941
f 1952 2080 1943
f 2080 1944 1943
f 2080 1952 1944
f 1952 2081 1944
f 2081 2082 1944
f 2082 2083 1944
f 2083 1945 1944
f 2083 1946 1945
f 2083 2084 1946
f 2084 2085 1946
f 2085 2086 1946
f 2086 1947 1946
f 2086 2087 1947
f 2087 2088 1947
f 2088 2089 1947
f 2089 1948 1947
f 2089 2090 1948
f 2090 1950 1948
f 2090 2078 1950
f 2068 2091 1951
f 2091 2092 1951
f 2092 2093 1951
f 2093 2094 1951
f 2094 1952 1951
f 2094 2081 1952
f 1958 2095 1953
f 2095 2096 1953
f 2096 2097 1953
f 2097 1954 1953
f 2097 2098 1954
f 2098 1956 1954
f 1956 1955 1954
f 2098 2069 1956
f 2069 1957 1956
f 1971 2095 1958
f 1964 2099 1959
f 2099 1967 1959
f 1967 1960 1959
f 2100 1962 1961
f 2101 2100 1961
f 1965 2101 1961
f 2100 2102 1962
f 2102 2103 1962
f 2103 2104 1962
f 2104 1963 1962
f 2104 2105 1963
f 2105 1964 1963
f 2105 2106 1964
f 2106 2099 1964
f 2107 2101 1965
f 1972 2107 1965
f 1966 1972 1965
f 2099 2106 1967
f 2106 1968 1967
f 2106 1969 1968
f 2106 2108 1969
f 2108 2109 1969
f 2109 1970 1969
f 2109 2110 1970
f 2110 1971 1970
f 2110 2111 1971
f 2111 2112 1971
f 2112 2095 1971
f 2113 2107 1972
f 2114 2113 1972
f 1973 2114 1972
f 1839 2114 1973
f 1974 1839 1973
f 1839 1976 1975
f 1976 1841 1977
f 2115 1976 1977
f 2116 2115 1977
f 1978 2116 1977
f 2117 2116 1978
f 2118 2117 1978
f 1979 2118 1978
f 2119 2118 1979
f 1980 2119 1979
f 2120 2119 1980
f 1981 2120 1980
f 2121 2120 1981
f 1982 2121 1981
f 2122 2121 1982
f 2123 2122 1982
f 1983 2123 1982
f 1984 2123 1983
f 2124 2123 1984
f 1985 2124 1984
f 2125 2124 1985
f 2126 2125 1985
f 1986 2126 1985
f 2127 2126 1986
f 1987 2127 1986
f 2128 2127 1987
f 1988 2128 1987
f 2129 2128 1988
f 1989 2129 1988
f 2130 2129 1989
f 1990 2130 1989
f 2131 2130 1990
f 1992 2131 1990
f 1991 1992 1990
f 2132 2131 1992
f 1994 2132 1992
f 1993 1994 1992
f 2133 2132 1994
f 2134 2133 1994
f 1995 2134 1994
f 2135 2134 1995
f 1996 2135 1995
f 2136 2135 1996
f 1998 2136 1996
f 1997 1998 1996
f 2137 2136 1998
f 2138 2137 1998
f 1999 2138 1998
f 2139 2138 1999
f 2140 2139 1999
f 2000 2140 1999
f 2141 2140 2000
f 2001 2141 2000
f 2142 2141 2001
f 2003 2142 2001
f 2002 2003 2001
f 2143 2142 2003
f 2144 2143 2003
f 2004 2144 2003
f 2145 2144 2004
f 2005 2145 2004
f 2146 2145 2005
f 2006 2146 2005
f 2147 2146 2006
f 2007 2147 2006
f 2148 2147 2007
f 2149 2148 2007
f 2008 2149 2007
f 2010 2149 2008
f 2009 2010 2008
f 2150 2149 2010
f 2151 2150 2010
f 2011 2151 2010
f 2152 2151 2011
f 2153 2152 2011
f 2012 2153 2011
f 2154 2153 2012
f 2013 2154 2012
f 2014 2154 2013
f 2155 2154 2014
f 2156 2155 2014
f 2015 2156 2014
f 2016 2156 2015
f 2157 2156 2016
f 2158 2157 2016
f 2017 2158 2016
f 2018 2158 2017
f 2159 2158 2018
f 2019 2159 2018
f 2160 2159 2019
f 2021 2160 2019
f 2020 2021 2019
f 2161 2160 2021
f 2162 2161 2021
f 2022 2162 2021
f 2163 2162 2022
f 2164 2163 2022
f 2023 2164 2022
f 2024 2164 2023
f 2165 2164 2024
f 2025 2165 2024
f 2166 2165 2025
f 2026 2166 2025
f 2167 2166 2026
f 2168 2167 2026
f 2062 2168 2026
f 2027 2062 2026
f 2169 2065 2028
f 2170 2169 2028
f 2171 2170 2028
f 2029 2171 2028
f 2172 2171 2029
f 2173 2172 2029
f 2030 2173 2029
f 2174 2173 2030
f 2031 2174 2030
f 2032 2174 2031
f 2175 2174 2032
f 2176 2175 2032
f 2033 2176 2032
f 2034 2176 2033
f 2177 2176 2034
f 2035 2177 2034
f 2178 2177 2035
f 2036 2178 2035
f 2179 2178 2036
f 2037 2179 2036
f 2180 2179 2037
f 2038 2180 2037
f 2039 2180 2038
f 2181 2180 2039
f 2040 2181 2039
f 2041 2181 2040
f 2182 2181 2041
f 2183 2182 2041
f 2042 2183 2041
f 2043 2183 2042
f 2184 2183 2043
f 2185 2184 2043
f 2044 2185 2043
f 2186 2185 2044
f 2045 2186 2044
f 2046 2187 2045
f 2187 2186 2045
f 2047 2187 2046
f 2051 2187 2047
f 2053 2049 2048
f 2053 2188 2049
f 2188 2189 2049
f 2189 2190 2049
f 2190 2191 2049
f 2191 2050 2049
f 2191 2192 2050
f 2192 2193 2050
f 2193 2187 2050
f 2187 2051 2050
f 2055 2188 2052
f 2188 2053 2052
f 2061 2194 2054
f 2194 2195 2054
f 2195 2055 2054
f 2195 2188 2055
f 2079 2196 2056
f 2196 2197 2056
f 2197 2057 2056
f 2197 2198 2057
f 2198 2199 2057
f 2199 2059 2057
f 2059 2058 2057
f 2199 2200 2059
f 2200 2201 2059
f 2201 2060 2059
f 2201 2202 2060
f 2202 2203 2060
f 2203 2061 2060
f 2203 2204 2061
f 2204 2194 2061
f 2205 2168 2062
f 2206 2205 2062
f 2063 2206 2062
f 2207 2206 2063
f 2065 2207 2063
f 2064 2065 2063
f 2208 2207 2065
f 2169 2208 2065
f 2077 2209 2066
f 2209 2067 2066
f 2209 2210 2067
f 2210 2068 2067
f 2210 2211 2068
f 2211 2212 2068
f 2212 2091 2068
f 2098 2213 2069
f 2213 2070 2069
f 2213 2214 2070
f 2214 2215 2070
f 2215 2216 2070
f 2216 2072 2070
f 2072 2071 2070
f 2216 2217 2072
f 2217 2218 2072
f 2218 2073 2072
f 2218 2219 2073
f 2219 2220 2073
f 2220 2074 2073
f 2220 2075 2074
f 2220 2077 2075
f 2077 2076 2075
f 2220 2221 2077
f 2221 2222 2077
f 2222 2210 2077
f 2210 2209 2077
f 2090 2223 2078
f 2223 2079 2078
f 2223 2224 2079
f 2224 2196 2079
f 2094 2093 2081
f 2093 2082 2081
f 2093 2225 2082
f 2225 2226 2082
f 2226 2227 2082
f 2227 2084 2082
f 2084 2083 2082
f 2227 2228 2084
f 2228 2229 2084
f 2229 2230 2084
f 2230 2231 2084
f 2231 2085 2084
f 2231 2232 2085
f 2085 2232 2086
f 2232 2087 2086
f 2232 2233 2087
f 2233 2234 2087
f 2234 2235 2087
f 2235 2088 2087
f 2235 2236 2088
f 2236 2089 2088
f 2236 2237 2089
f 2237 2223 2089
f 2223 2090 2089
f 2212 2238 2091
f 2238 2239 2091
f 2239 2240 2091
f 2240 2092 2091
f 2240 2226 2092
f 2226 2225 2092
f 2225 2093 2092
f 2112 2241 2095
f 2241 2096 2095
f 2241 2242 2096
f 2242 2097 2096
f 2242 2213 2097
f 2213 2098 2097
f 2243 2102 2100
f 2101 2243 2100
f 2244 2243 2101
f 2245 2244 2101
f 2113 2245 2101
f 2107 2113 2101
f 2246 2103 2102
f 2247 2246 2102
f 2248 2247 2102
f 2243 2248 2102
f 2246 2249 2103
f 2249 2105 2103
f 2105 2104 2103
f 2249 2250 2105
f 2250 2108 2105
f 2108 2106 2105
f 2250 2251 2108
f 2251 2252 2108
f 2252 2109 2108
f 2252 2110 2109
f 2252 2253 2110
f 2253 2254 2110
f 2254 2111 2110
f 2254 2255 2111
f 2255 2256 2111
f 2256 2112 2111
f 2256 2257 2112
f 2257 2241 2112
f 2258 2245 2113
f 2259 2258 2113
f 2260 2259 2113
f 2114 2260 2113
f 2261 2260 2114
f 1839 2261 2114
f 2262 2115 2116
f 2263 2262 2116
f 2264 2263 2116
f 2117 2264 2116
f 2265 2264 2117
f 2118 2265 2117
f 2266 2265 2118
f 2119 2266 2118
f 2267 2266 2119
f 2120 2267 2119
f 2268 2267 2120
f 2121 2268 2120
f 2269 2268 2121
f 2122 2269 2121
f 2123 2269 2122
f 2270 2269 2123
f 2124 2270 2123
f 2271 2270 2124
f 2272 2271 2124
f 2273 2272 2124
f 2125 2273 2124
f 2274 2273 2125
f 2126 2274 2125
f 2275 2274 2126
f 2128 2275 2126
f 2127 2128 2126
f 2276 2275 2128
f 2277 2276 2128
f 2130 2277 2128
f 2129 2130 2128
f 2278 2277 2130
f 2279 2278 2130
f 2132 2279 2130
f 2131 2132 2130
f 2280 2279 2132
f 2133 2280 2132
f 2281 2280 2133
f 2134 2281 2133
f 2282 2281 2134
f 2135 2282 2134
f 2283 2282 2135
f 2137 2283 2135
f 2136 2137 2135
f 2284 2283 2137
f 2285 2284 2137
f 2138 2285 2137
f 2286 2285 2138
f 2287 2286 2138
f 2139 2287 2138
f 2288 2287 2139
f 2140 2288 2139
f 2289 2288 2140
f 2141 2289 2140
f 2290 2289 2141
f 2142 2290 2141
f 2291 2290 2142
f 2143 2291 2142
f 2292 2291 2143
f 2144 2292 2143
f 2293 2292 2144
f 2145 2293 2144
f 2294 2293 2145
f 2146 2294 2145
f 2295 2294 2146
f 2296 2295 2146
f 2147 2296 2146
f 2297 2296 2147
f 2148 2297 2147
f 2150 2297 2148
f 2149 2150 2148
f 2298 2297 2150
f 2299 2298 2150
f 2151 2299 2150
f 2300 2299 2151
f 2301 2300 2151
f 2152 2301 2151
f 2302 2301 2152
f 2153 2302 2152
f 2154 2302 2153
f 2303 2302 2154
f 2304 2303 2154
f 2155 2304 2154
f 2156 2304 2155
f 2305 2304 2156
f 2306 2305 2156
f 2157 2306 2156
f 2158 2306 2157
f 2307 2306 2158
f 2159 2307 2158
f 2308 2307 2159
f 2161 2308 2159
f 2160 2161 2159
f 2309 2308 2161
f 2310 2309 2161
f 2162 2310 2161
f 2311 2310 2162
f 2312 2311 2162
f 2163 2312 2162
f 2164 2312 2163
f 2313 2312 2164
f 2314 2313 2164
f 2165 2314 2164
f 2166 2314 2165
f 2315 2314 2166
f 2316 2315 2166
f 2167 2316 2166
f 2205 2316 2167
f 2168 2205 2167
f 2317 2208 2169
f 2318 2317 2169
f 2319 2318 2169
f 2170 2319 2169
f 2320 2319 2170
f 2171 2320 2170
f 2321 2320 2171
f 2322 2321 2171
f 2172 2322 2171
f 2173 2322 2172
f 2323 2322 2173
f 2174 2323 2173
f 2324 2323 2174
f 2175 2324 2174
f 2176 2324 2175
f 2325 2324 2176
f 2177 2325 2176
f 2326 2325 2177
f 2178 2326 2177
f 2327 2326 2178
f 2179 2327 2178
f 2328 2327 2179
f 2180 2328 2179
f 2329 2328 2180
f 2181 2329 2180
f 2330 2329 2181
f 2331 2330 2181
f 2182 2331 2181
f 2183 2331 2182
f 2332 2331 2183
f 2184 2332 2183
f 2185 2333 2184
f 2333 2332 2184
f 2186 2334 2185
f 2334 2333 2185
f 2187 2335 2186
f 2335 2334 2186
f 2193 2336 2187
f 2336 2335 2187
f 2195 2337 2188
f 2337 2189 2188
f 2337 2338 2189
f 2338 2190 2189
f 2338 2339 2190
f 2339 2192 2190
f 2192 2191 2190
f 2339 2340 2192
f 2340 2341 2192
f 2341 2342 2192
f 2342 2336 2192
f 2336 2193 2192
f 2204 2337 2194
f 2337 2195 2194
f 2224 2197 2196
f 2224 2343 2197
f 2343 2344 2197
f 2344 2345 2197
f 2345 2198 2197
f 2345 2200 2198
f 2200 2199 2198
f 2345 2346 2200
f 2346 2347 2200
f 2347 2202 2200
f 2202 2201 2200
f 2347 2348 2202
f 2348 2349 2202
f 2349 2203 2202
f 2349 2350 2203
f 2350 2204 2203
f 2350 2351 2204
f 2351 2352 2204
f 2352 2337 2204
f 2353 2316 2205
f 2206 2353 2205
f 2354 2353 2206
f 2355 2354 2206
f 2208 2355 2206
f 2207 2208 2206
f 2356 2355 2208
f 2357 2356 2208
f 2317 2357 2208
f 2222 2358 2210
f 2358 2359 2210
f 2359 2211 2210
f 2359 2212 2211
f 2359 2360 2212
f 2360 2238 2212
f 2242 2361 2213
f 2361 2362 2213
f 2362 2214 2213
f 2362 2363 2214
f 2363 2364 2214
f 2364 2215 2214
f 2364 2365 2215
f 2365 2366 2215
f 2366 2216 2215
f 2366 2217 2216
f 2366 2365 2217
f 2365 2367 2217
f 2367 2368 2217
f 2368 2218 2217
f 2368 2369 2218
f 2369 2370 2218
f 2370 2221 2218
f 2221 2219 2218
f 2221 2220 2219
f 2370 2369 2221
f 2369 2222 2221
f 2369 2371 2222
f 2371 2372 2222
f 2372 2358 2222
f 2237 2373 2223
f 2373 2374 2223
f 2374 2224 2223
f 2374 2375 2224
f 2375 2343 2224
f 2240 2376 2226
f 2376 2377 2226
f 2377 2228 2226
f 2228 2227 2226
f 2377 2229 2228
f 2377 2378 2229
f 2378 2379 2229
f 2379 2380 2229
f 2380 2230 2229
f 2380 2381 2230
f 2381 2382 2230
f 2382 2231 2230
f 2382 2233 2231
f 2233 2232 2231
f 2382 2381 2233
f 2381 2383 2233
f 2383 2384 2233
f 2384 2385 2233
f 2385 2386 2233
f 2386 2234 2233
f 2386 2387 2234
f 2387 2235 2234
f 2387 2388 2235
f 2388 2389 2235
f 2389 2390 2235
f 2390 2236 2235
f 2390 2373 2236
f 2373 2237 2236
f 2360 2391 2238
f 2391 2392 2238
f 2392 2393 2238
f 2393 2240 2238
f 2240 2239 2238
f 2393 2394 2240
f 2394 2395 2240
f 2395 2376 2240
f 2257 2361 2241
f 2361 2242 2241
f 2396 2248 2243
f 2244 2396 2243
f 2397 2396 2244
f 2398 2397 2244
f 2258 2398 2244
f 2245 2258 2244
f 2247 2399 2246
f 2399 2400 2246
f 2400 2249 2246
f 2248 2401 2247
f 2401 2402 2247
f 2402 2403 2247
f 2403 2404 2247
f 2404 2399 2247
f 2405 2401 2248
f 2396 2405 2248
f 2400 2251 2249
f 2251 2250 2249
f 2400 2406 2251
f 2406 2407 2251
f 2407 2252 2251
f 2407 2253 2252
f 2407 2408 2253
f 2408 2409 2253
f 2409 2410 2253
f 2410 2254 2253
f 2410 2411 2254
f 2411 2255 2254
f 2411 2412 2255
f 2412 2256 2255
f 2412 2257 2256
f 2412 2413 2257
f 2413 2414 2257
f 2414 2362 2257
f 2362 2361 2257
f 2415 2398 2258
f 2416 2415 2258
f 2417 2416 2258
f 2418 2417 2258
f 2259 2418 2258
f 2419 2418 2259
f 2260 2419 2259
f 2420 2419 2260
f 2421 2420 2260
f 2263 2421 2260
f 2262 2263 2260
f 2261 2262 2260
f 2115 2262 2261
f 1976 2115 2261
f 2422 2421 2263
f 2264 2422 2263
f 2423 2422 2264
f 2265 2423 2264
f 2424 2423 2265
f 2266 2424 2265
f 2425 2424 2266
f 2267 2425 2266
f 2426 2425 2267
f 2268 2426 2267
f 2427 2426 2268
f 2269 2427 2268
f 2428 2427 2269
f 2270 2428 2269
f 2429 2428 2270
f 2271 2429 2270
f 2430 2429 2271
f 2431 2430 2271
f 2272 2431 2271
f 2273 2431 2272
f 2432 2431 2273
f 2433 2432 2273
f 2434 2433 2273
f 2435 2434 2273
f 2275 2435 2273
f 2274 2275 2273
f 2436 2435 2275
f 2437 2436 2275
f 2276 2437 2275
f 2438 2437 2276
f 2278 2438 2276
f 2277 2278 2276
f 2439 2438 2278
f 2280 2439 2278
f 2279 2280 2278
f 2440 2439 2280
f 2441 2440 2280
f 2281 2441 2280
f 2282 2441 2281
f 2442 2441 2282
f 2443 2442 2282
f 2284 2443 2282
f 2283 2284 2282
f 2444 2443 2284
f 2445 2444 2284
f 2285 2445 2284
f 2446 2445 2285
f 2447 2446 2285
f 2286 2447 2285
f 2448 2447 2286
f 2287 2448 2286
f 2449 2448 2287
f 2288 2449 2287
f 2450 2449 2288
f 2289 2450 2288
f 2451 2450 2289
f 2290 2451 2289
f 2452 2451 2290
f 2291 2452 2290
f 2453 2452 2291
f 2292 2453 2291
f 2454 2453 2292
f 2293 2454 2292
f 2455 2454 2293
f 2294 2455 2293
f 2456 2455 2294
f 2457 2456 2294
f 2295 2457 2294
f 2296 2457 2295
f 2458 2457 2296
f 2298 2458 2296
f 2297 2298 2296
f 2459 2458 2298
f 2460 2459 2298
f 2299 2460 2298
f 2461 2460 2299
f 2462 2461 2299
f 2300 2462 2299
f 2463 2462 2300
f 2301 2463 2300
f 2302 2463 2301
f 2464 2463 2302
f 2303 2464 2302
f 2465 2464 2303
f 2304 2465 2303
f 2466 2465 2304
f 2467 2466 2304
f 2305 2467 2304
f 2306 2467 2305
f 2468 2467 2306
f 2307 2468 2306
f 2469 2468 2307
f 2309 2469 2307
f 2308 2309 2307
f 2470 2469 2309
f 2471 2470 2309
f 2310 2471 2309
f 2472 2471 2310
f 2473 2472 2310
f 2311 2473 2310
f 2312 2473 2311
f 2474 2473 2312
f 2313 2474 2312
f 2475 2474 2313
f 2314 2475 2313
f 2476 2475 2314
f 2477 2476 2314
f 2315 2477 2314
f 2316 2477 2315
f 2478 2477 2316
f 2353 2478 2316
f 2479 2357 2317
f 2480 2479 2317
f 2318 2480 2317
f 2481 2480 2318
f 2319 2481 2318
f 2482 2481 2319
f 2320 2482 2319
f 2483 2482 2320
f 2484 2483 2320
f 2321 2484 2320
f 2322 2484 2321
f 2485 2484 2322
f 2323 2485 2322
f 2486 2485 2323
f 2487 2486 2323
f 2324 2487 2323
f 2488 2487 2324
f 2325 2488 2324
f 2489 2488 2325
f 2326 2489 2325
f 2490 2489 2326
f 2491 2490 2326
f 2327 2491 2326
f 2492 2491 2327
f 2328 2492 2327
f 2493 2492 2328
f 2329 2493 2328
f 2494 2493 2329
f 2495 2494 2329
f 2330 2495 2329
f 2331 2495 2330
f 2332 2496 2331
f 2496 2495 2331
f 2333 2497 2332
f 2497 2496 2332
f 2334 2498 2333
f 2498 2497 2333
f 2335 2336 2334
f 2336 2499 2334
f 2499 2498 2334
f 2342 2500 2336
f 2500 2501 2336
f 2501 2499 2336
f 2352 2338 2337
f 2352 2502 2338
f 2502 2339 2338
f 2502 2503 2339
f 2503 2340 2339
f 2503 2504 2340
f 2504 2505 2340
f 2505 2506 2340
f 2506 2341 2340
f 2506 2500 2341
f 2500 2342 2341
f 2375 2507 2343
f 2507 2508 2343
f 2508 2509 2343
f 2509 2344 2343
f 2509 2510 2344
f 2510 2346 2344
f 2346 2345 2344
f 2510 2511 2346
f 2511 2512 2346
f 2512 2347 2346
f 2512 2513 2347
f 2513 2348 2347
f 2513 2514 2348
f 2514 2515 2348
f 2515 2350 2348
f 2350 2349 2348
f 2515 2514 2350
f 2514 2516 2350
f 2516 2351 2350
f 2516 2517 2351
f 2517 2352 2351
f 2517 2518 2352
f 2518 2502 2352
f 2519 2478 2353
f 2354 2519 2353
f 2520 2519 2354
f 2521 2520 2354
f 2356 2521 2354
f 2355 2356 2354
f 2522 2521 2356
f 2357 2522 2356
f 2523 2522 2357
f 2524 2523 2357
f 2525 2524 2357
f 2479 2525 2357
f 2372 2359 2358
f 2372 2526 2359
f 2526 2360 2359
f 2526 2391 2360
f 2414 2527 2362
f 2527 2528 2362
f 2528 2529 2362
f 2529 2363 2362
f 2529 2530 2363
f 2530 2364 2363
f 2530 2531 2364
f 2531 2365 2364
f 2531 2532 2365
f 2532 2368 2365
f 2368 2367 2365
f 2532 2533 2368
f 2533 2371 2368
f 2371 2369 2368
f 2533 2534 2371
f 2534 2372 2371
f 2534 2535 2372
f 2535 2536 2372
f 2536 2526 2372
f 2390 2537 2373
f 2537 2375 2373
f 2375 2374 2373
f 2537 2508 2375
f 2508 2507 2375
f 2395 2538 2376
f 2538 2378 2376
f 2378 2377 2376
f 2538 2539 2378
f 2539 2540 2378
f 2540 2379 2378
f 2540 2541 2379
f 2541 2380 2379
f 2541 2383 2380
f 2383 2381 2380
f 2541 2542 2383
f 2542 2543 2383
f 2543 2544 2383
f 2544 2545 2383
f 2545 2384 2383
f 2545 2546 2384
f 2546 2385 2384
f 2546 2547 2385
f 2547 2386 2385
f 2547 2548 2386
f 2548 2388 2386
f 2388 2387 2386
f 2548 2549 2388
f 2549 2550 2388
f 2550 2389 2388
f 2550 2537 2389
f 2537 2390 2389
f 2526 2551 2391
f 2551 2552 2391
f 2552 2553 2391
f 2553 2392 2391
f 2553 2394 2392
f 2394 2393 2392
f 2553 2395 2394
f 2553 2554 2395
f 2554 2555 2395
f 2555 2538 2395
f 2556 2405 2396
f 2397 2556 2396
f 2557 2556 2397
f 2558 2557 2397
f 2415 2558 2397
f 2398 2415 2397
f 2404 2406 2399
f 2406 2400 2399
f 2405 2559 2401
f 2559 2402 2401
f 2559 2560 2402
f 2560 2561 2402
f 2561 2562 2402
f 2562 2403 2402
f 2562 2563 2403
f 2563 2407 2403
f 2407 2404 2403
f 2407 2406 2404
f 2556 2559 2405
f 2563 2564 2407
f 2564 2408 2407
f 2564 2565 2408
f 2565 2566 2408
f 2566 2567 2408
f 2567 2568 2408
f 2568 2409 2408
f 2568 2411 2409
f 2411 2410 2409
f 2568 2569 2411
f 2569 2412 2411
f 2569 2570 2412
f 2570 2413 2412
f 2570 2571 2413
f 2571 2527 2413
f 2527 2414 2413
f 2572 2558 2415
f 2573 2572 2415
f 2574 2573 2415
f 2416 2574 2415
f 2575 2574 2416
f 2417 2575 2416
f 2576 2575 2417
f 2420 2576 2417
f 2419 2420 2417
f 2418 2419 2417
f 2577 2576 2420
f 2578 2577 2420
f 2421 2578 2420
f 2577 2578 2421
f 2579 2577 2421
f 2422 2579 2421
f 2423 2579 2422
f 2580 2579 2423
f 2581 2580 2423
f 2582 2581 2423
f 2583 2582 2423
f 2424 2583 2423
f 2584 2583 2424
f 2425 2584 2424
f 2585 2584 2425
f 2426 2585 2425
f 2586 2585 2426
f 2587 2586 2426
f 2427 2587 2426
f 2428 2587 2427
f 2429 2587 2428
f 2588 2587 2429
f 2589 2588 2429
f 2590 2589 2429
f 2430 2590 2429
f 2432 2590 2430
f 2431 2432 2430
f 2591 2590 2432
f 2592 2591 2432
f 2593 2592 2432
f 2433 2593 2432
f 2594 2593 2433
f 2434 2594 2433
f 2595 2594 2434
f 2436 2595 2434
f 2435 2436 2434
f 2596 2595 2436
f 2437 2596 2436
f 2597 2596 2437
f 2439 2597 2437
f 2438 2439 2437
f 2598 2597 2439
f 2440 2598 2439
f 2599 2598 2440
f 2441 2599 2440
f 2600 2599 2441
f 2442 2600 2441
f 2601 2600 2442
f 2444 2601 2442
f 2443 2444 2442
f 2602 2601 2444
f 2445 2602 2444
f 2603 2602 2445
f 2604 2603 2445
f 2605 2604 2445
f 2446 2605 2445
f 2606 2605 2446
f 2447 2606 2446
f 2607 2606 2447
f 2448 2607 2447
f 2608 2607 2448
f 2449 2608 2448
f 2609 2608 2449
f 2450 2609 2449
f 2610 2609 2450
f 2451 2610 2450
f 2611 2610 2451
f 2452 2611 2451
f 2612 2611 2452
f 2453 2612 2452
f 2613 2612 2453
f 2454 2613 2453
f 2614 2613 2454
f 2455 2614 2454
f 2615 2614 2455
f 2616 2615 2455
f 2456 2616 2455
f 2457 2616 2456
f 2617 2616 2457
f 2459 2617 2457
f 2458 2459 2457
f 2618 2617 2459
f 2619 2618 2459
f 2461 2619 2459
f 2460 2461 2459
f 2620 2619 2461
f 2621 2620 2461
f 2622 2621 2461
f 2462 2622 2461
f 2464 2622 2462
f 2463 2464 2462
f 2623 2622 2464
f 2624 2623 2464
f 2625 2624 2464
f 2465 2625 2464
f 2626 2625 2465
f 2466 2626 2465
f 2467 2626 2466
f 2627 2626 2467
f 2468 2627 2467
f 2628 2627 2468
f 2470 2628 2468
f 2469 2470 2468
f 2629 2628 2470
f 2630 2629 2470
f 2471 2630 2470
f 2631 2630 2471
f 2632 2631 2471
f 2472 2632 2471
f 2473 2632 2472
f 2633 2632 2473
f 2634 2633 2473
f 2474 2634 2473
f 2475 2634 2474
f 2635 2634 2475
f 2636 2635 2475
f 2476 2636 2475
f 2477 2636 2476
f 2637 2636 2477
f 2478 2637 2477
f 2638 2637 2478
f 2639 2638 2478
f 2519 2639 2478
f 2640 2525 2479
f 2480 2640 2479
f 2641 2640 2480
f 2481 2641 2480
f 2642 2641 2481
f 2482 2642 2481
f 2643 2642 2482
f 2483 2643 2482
f 2644 2643 2483
f 2645 2644 2483
f 2484 2645 2483
f 2646 2645 2484
f 2485 2646 2484
f 2647 2646 2485
f 2486 2647 2485
f 2648 2647 2486
f 2487 2648 2486
f 2488 2648 2487
f 2649 2648 2488
f 2489 2649 2488
f 2650 2649 2489
f 2491 2650 2489
f 2490 2491 2489
f 2651 2650 2491
f 2652 2651 2491
f 2492 2652 2491
f 2493 2652 2492
f 2653 2652 2493
f 2654 2653 2493
f 2494 2654 2493
f 2495 2654 2494
f 2655 2654 2495
f 2496 2655 2495
f 2497 2656 2496
f 2656 2657 2496
f 2657 2655 2496
f 2498 2658 2497
f 2658 2656 2497
f 2499 2659 2498
f 2659 2660 2498
f 2660 2658 2498
f 2501 2661 2499
f 2661 2659 2499
f 2506 2662 2500
f 2662 2663 2500
f 2663 2501 2500
f 2663 2664 2501
f 2664 2661 2501
f 2518 2665 2502
f 2665 2666 2502
f 2666 2503 2502
f 2666 2667 2503
f 2667 2668 2503
f 2668 2504 2503
f 2668 2662 2504
f 2662 2505 2504
f 2662 2506 2505
f 2537 2669 2508
f 2669 2670 2508
f 2670 2671 2508
f 2671 2672 2508
f 2672 2510 2508
f 2510 2509 2508
f 2672 2673 2510
f 2673 2511 2510
f 2673 2674 2511
f 2674 2675 2511
f 2675 2512 2511
f 2675 2676 2512
f 2676 2513 2512
f 2676 2677 2513
f 2677 2678 2513
f 2678 2514 2513
f 2678 2517 2514
f 2517 2516 2514
f 2678 2679 2517
f 2679 2680 2517
f 2680 2518 2517
f 2680 2681 2518
f 2681 2665 2518
f 2520 2639 2519
f 2682 2639 2520
f 2683 2682 2520
f 2522 2683 2520
f 2521 2522 2520
f 2684 2683 2522
f 2685 2684 2522
f 2523 2685 2522
f 2686 2685 2523
f 2687 2686 2523
f 2524 2687 2523
f 2688 2687 2524
f 2525 2688 2524
f 2689 2688 2525
f 2640 2689 2525
f 2536 2535 2526
f 2535 2690 2526
f 2690 2691 2526
f 2691 2551 2526
f 2571 2692 2527
f 2692 2693 2527
f 2693 2694 2527
f 2694 2528 2527
f 2694 2695 2528
f 2695 2529 2528
f 2695 2696 2529
f 2696 2531 2529
f 2531 2530 2529
f 2696 2697 2531
f 2697 2698 2531
f 2698 2533 2531
f 2533 2532 2531
f 2698 2699 2533
f 2699 2534 2533
f 2699 2535 2534
f 2699 2700 2535
f 2700 2690 2535
f 2550 2701 2537
f 2701 2669 2537
f 2555 2702 2538
f 2702 2703 2538
f 2703 2539 2538
f 2703 2704 2539
f 2704 2540 2539
f 2704 2542 2540
f 2542 2541 2540
f 2704 2705 2542
f 2705 2706 2542
f 2706 2707 2542
f 2707 2708 2542
f 2708 2543 2542
f 2708 2709 2543
f 2709 2544 2543
f 2709 2710 2544
f 2710 2711 2544
f 2711 2546 2544
f 2546 2545 2544
f 2711 2712 2546
f 2712 2547 2546
f 2712 2713 2547
f 2713 2714 2547
f 2714 2548 2547
f 2714 2715 2548
f 2715 2549 2548
f 2715 2716 2549
f 2716 2701 2549
f 2701 2550 2549
f 2691 2717 2551
f 2717 2718 2551
f 2718 2552 2551
f 2718 2719 2552
f 2719 2720 2552
f 2720 2554 2552
f 2554 2553 2552
f 2720 2721 2554
f 2721 2722 2554
f 2722 2555 2554
f 2722 2723 2555
f 2723 2702 2555
f 2557 2724 2556
f 2724 2725 2556
f 2725 2560 2556
f 2560 2559 2556
f 2558 2572 2557
f 2572 2726 2557
f 2726 2727 2557
f 2727 2724 2557
f 2725 2728 2560
f 2728 2729 2560
f 2729 2730 2560
f 2730 2561 2560
f 2730 2731 2561
f 2731 2562 2561
f 2731 2564 2562
f 2564 2563 2562
f 2731 2732 2564
f 2732 2733 2564
f 2733 2565 2564
f 2733 2734 2565
f 2734 2735 2565
f 2735 2736 2565
f 2736 2566 2565
f 2736 2567 2566
f 2736 2737 2567
f 2737 2568 2567
f 2737 2569 2568
f 2737 2738 2569
f 2738 2570 2569
f 2738 2739 2570
f 2739 2692 2570
f 2692 2571 2570
f 2740 2726 2572
f 2741 2740 2572
f 2742 2741 2572
f 2573 2742 2572
f 2574 2742 2573
f 2743 2742 2574
f 2744 2743 2574
f 2575 2744 2574
f 2745 2744 2575
f 2576 2745 2575
f 2746 2745 2576
f 2747 2746 2576
f 2577 2747 2576
f 2580 2747 2577
f 2579 2580 2577
f 2748 2747 2580
f 2581 2748 2580
f 2749 2748 2581
f 2750 2749 2581
f 2751 2750 2581
f 2752 2751 2581
f 2583 2752 2581
f 2582 2583 2581
f 2753 2752 2583
f 2584 2753 2583
f 2585 2753 2584
f 2754 2753 2585
f 2586 2754 2585
f 2755 2754 2586
f 2756 2755 2586
f 2587 2756 2586
f 2588 2756 2587
f 2757 2756 2588
f 2758 2757 2588
f 2759 2758 2588
f 2590 2759 2588
f 2589 2590 2588
f 2760 2759 2590
f 2591 2760 2590
f 2761 2760 2591
f 2762 2761 2591
f 2592 2762 2591
f 2763 2762 2592
f 2593 2763 2592
f 2764 2763 2593
f 2765 2764 2593
f 2594 2765 2593
f 2596 2765 2594
f 2595 2596 2594
f 2766 2765 2596
f 2598 2766 2596
f 2597 2598 2596
f 2767 2766 2598
f 2768 2767 2598
f 2599 2768 2598
f 2600 2768 2599
f 2769 2768 2600
f 2770 2769 2600
f 2602 2770 2600
f 2601 2602 2600
f 2771 2770 2602
f 2772 2771 2602
f 2603 2772 2602
f 2773 2772 2603
f 2774 2773 2603
f 2605 2774 2603
f 2604 2605 2603
f 2775 2774 2605
f 2776 2775 2605
f 2606 2776 2605
f 2777 2776 2606
f 2607 2777 2606
f 2778 2777 2607
f 2608 2778 2607
f 2779 2778 2608
f 2609 2779 2608
f 2780 2779 2609
f 2610 2780 2609
f 2781 2780 2610
f 2611 2781 2610
f 2782 2781 2611
f 2612 2782 2611
f 2783 2782 2612
f 2613 2783 2612
f 2784 2783 2613
f 2614 2784 2613
f 2785 2784 2614
f 2786 2785 2614
f 2615 2786 2614
f 2616 2786 2615
f 2787 2786 2616
f 2618 2787 2616
f 2617 2618 2616
f 2788 2787 2618
f 2789 2788 2618
f 2619 2789 2618
f 2790 2789 2619
f 2620 2790 2619
f 2791 2790 2620
f 2792 2791 2620
f 2621 2792 2620
f 2623 2792 2621
f 2622 2623 2621
f 2793 2792 2623
f 2794 2793 2623
f 2795 2794 2623
f 2624 2795 2623
f 2796 2795 2624
f 2625 2796 2624
f 2627 2796 2625
f 2626 2627 2625
f 2797 2796 2627
f 2798 2797 2627
f 2629 2798 2627
f 2628 2629 2627
f 2799 2798 2629
f 2800 2799 2629
f 2801 2800 2629
f 2630 2801 2629
f 2802 2801 2630
f 2631 2802 2630
f 2632 2802 2631
f 2803 2802 2632
f 2633 2803 2632
f 2804 2803 2633
f 2805 2804 2633
f 2634 2805 2633
f 2806 2805 2634
f 2635 2806 2634
f 2636 2806 2635
f 2807 2806 2636
f 2637 2807 2636
f 2808 2807 2637
f 2638 2808 2637
f 2809 2808 2638
f 2639 2809 2638
f 2810 2809 2639
f 2811 2810 2639
f 2682 2811 2639
f 2641 2689 2640
f 2812 2689 2641
f 2642 2812 2641
f 2813 2812 2642
f 2814 2813 2642
f 2643 2814 2642
f 2815 2814 2643
f 2644 2815 2643
f 2645 2815 2644
f 2816 2815 2645
f 2646 2816 2645
f 2817 2816 2646
f 2647 2817 2646
f 2818 2817 2647
f 2648 2818 2647
f 2819 2818 2648
f 2649 2819 2648
f 2820 2819 2649
f 2650 2820 2649
f 2821 2820 2650
f 2822 2821 2650
f 2651 2822 2650
f 2652 2822 2651
f 2823 2822 2652
f 2824 2823 2652
f 2825 2824 2652
f 2653 2825 2652
f 2654 2825 2653
f 2655 2826 2654
f 2826 2825 2654
f 2657 2827 2655
f 2827 2826 2655
f 2658 2828 2656
f 2828 2657 2656
f 2828 2829 2657
f 2829 2827 2657
f 2660 2661 2658
f 2661 2828 2658
f 2661 2660 2659
f 2664 2830 2661
f 2830 2831 2661
f 2831 2832 2661
f 2832 2828 2661
f 2668 2833 2662
f 2833 2664 2662
f 2664 2663 2662
f 2833 2834 2664
f 2834 2830 2664
f 2681 2835 2665
f 2835 2836 2665
f 2836 2667 2665
f 2667 2666 2665
f 2836 2837 2667
f 2837 2838 2667
f 2838 2839 2667
f 2839 2668 2667
f 2839 2833 2668
f 2701 2670 2669
f 2701 2840 2670
f 2840 2841 2670
f 2841 2671 2670
f 2841 2842 2671
f 2842 2843 2671
f 2843 2673 2671
f 2673 2672 2671
f 2843 2842 2673
f 2842 2674 2673
f 2842 2844 2674
f 2844 2845 2674
f 2845 2675 2674
f 2845 2846 2675
f 2846 2676 2675
f 2846 2847 2676
f 2847 2848 2676
f 2848 2849 2676
f 2849 2677 2676
f 2849 2850 2677
f 2850 2678 2677
f 2850 2851 2678
f 2851 2679 2678
f 2851 2852 2679
f 2852 2680 2679
f 2852 2853 2680
f 2853 2681 2680
f 2853 2854 2681
f 2854 2855 2681
f 2855 2835 2681
f 2684 2811 2682
f 2683 2684 2682
f 2856 2811 2684
f 2685 2856 2684
f 2857 2856 2685
f 2858 2857 2685
f 2859 2858 2685
f 2686 2859 2685
f 2860 2859 2686
f 2687 2860 2686
f 2861 2860 2687
f 2688 2861 2687
f 2862 2861 2688
f 2689 2862 2688
f 2863 2862 2689
f 2812 2863 2689
f 2700 2864 2690
f 2864 2691 2690
f 2864 2865 2691
f 2865 2717 2691
f 2739 2866 2692
f 2866 2867 2692
f 2867 2868 2692
f 2868 2693 2692
f 2868 2869 2693
f 2869 2694 2693
f 2869 2870 2694
f 2870 2695 2694
f 2870 2871 2695
f 2871 2696 2695
f 2871 2872 2696
f 2872 2697 2696
f 2872 2699 2697
f 2699 2698 2697
f 2872 2873 2699
f 2873 2874 2699
f 2874 2700 2699
f 2874 2875 2700
f 2875 2876 2700
f 2876 2864 2700
f 2716 2877 2701
f 2877 2840 2701
f 2723 2878 2702
f 2878 2879 2702
f 2879 2880 2702
f 2880 2704 2702
f 2704 2703 2702
f 2880 2705 2704
f 2880 2706 2705
f 2880 2881 2706
f 2881 2882 2706
f 2882 2883 2706
f 2883 2708 2706
f 2708 2707 2706
f 2883 2884 2708
f 2884 2885 2708
f 2885 2709 2708
f 2885 2886 2709
f 2886 2887 2709
f 2887 2710 2709
f 2887 2888 2710
f 2888 2889 2710
f 2889 2711 2710
f 2889 2712 2711
f 2889 2890 2712
f 2890 2891 2712
f 2891 2713 2712
f 2891 2715 2713
f 2715 2714 2713
f 2891 2877 2715
f 2877 2716 2715
f 2865 2892 2717
f 2892 2719 2717
f 2719 2718 2717
f 2892 2893 2719
f 2893 2894 2719
f 2894 2720 2719
f 2894 2721 2720
f 2894 2895 2721
f 2895 2896 2721
f 2896 2722 2721
f 2896 2897 2722
f 2722 2897 2723
f 2897 2878 2723
f 2727 2898 2724
f 2898 2728 2724
f 2728 2725 2724
f 2899 2727 2726
f 2740 2899 2726
f 2900 2898 2727
f 2901 2900 2727
f 2902 2901 2727
f 2899 2902 2727
f 2898 2903 2728
f 2903 2904 2728
f 2904 2729 2728
f 2904 2905 2729
f 2905 2731 2729
f 2731 2730 2729
f 2905 2732 2731
f 2905 2906 2732
f 2906 2907 2732
f 2907 2733 2732
f 2907 2908 2733
f 2908 2909 2733
f 2909 2734 2733
f 2909 2910 2734
f 2910 2735 2734
f 2910 2911 2735
f 2911 2912 2735
f 2912 2736 2735
f 2912 2738 2736
f 2738 2737 2736
f 2912 2911 2738
f 2911 2913 2738
f 2913 2914 2738
f 2914 2866 2738
f 2866 2739 2738
f 2915 2899 2740
f 2916 2915 2740
f 2917 2916 2740
f 2741 2917 2740
f 2918 2917 2741
f 2919 2918 2741
f 2744 2919 2741
f 2742 2744 2741
f 2743 2744 2742
f 2920 2919 2744
f 2921 2920 2744
f 2745 2921 2744
f 2747 2921 2745
f 2746 2747 2745
f 2748 2921 2747
f 2922 2921 2748
f 2749 2922 2748
f 2750 2922 2749
f 2923 2922 2750
f 2924 2923 2750
f 2925 2924 2750
f 2751 2925 2750
f 2926 2925 2751
f 2752 2926 2751
f 2927 2926 2752
f 2753 2927 2752
f 2754 2927 2753
f 2928 2927 2754
f 2929 2928 2754
f 2755 2929 2754
f 2930 2929 2755
f 2756 2930 2755
f 2931 2930 2756
f 2757 2931 2756
f 2932 2931 2757
f 2933 2932 2757
f 2934 2933 2757
f 2758 2934 2757
f 2935 2934 2758
f 2760 2935 2758
f 2759 2760 2758
f 2936 2935 2760
f 2937 2936 2760
f 2761 2937 2760
f 2763 2937 2761
f 2762 2763 2761
f 2938 2937 2763
f 2939 2938 2763
f 2940 2939 2763
f 2764 2940 2763
f 2766 2940 2764
f 2765 2766 2764
f 2941 2940 2766
f 2767 2941 2766
f 2942 2941 2767
f 2768 2942 2767
f 2943 2942 2768
f 2769 2943 2768
f 2944 2943 2769
f 2771 2944 2769
f 2770 2771 2769
f 2945 2944 2771
f 2772 2945 2771
f 2946 2945 2772
f 2947 2946 2772
f 2948 2947 2772
f 2773 2948 2772
f 2949 2948 2773
f 2775 2949 2773
f 2774 2775 2773
f 2950 2949 2775
f 2951 2950 2775
f 2776 2951 2775
f 2952 2951 2776
f 2777 2952 2776
f 2953 2952 2777
f 2778 2953 2777
f 2954 2953 2778
f 2779 2954 2778
f 2955 2954 2779
f 2780 2955 2779
f 2956 2955 2780
f 2781 2956 2780
f 2957 2956 2781
f 2782 2957 2781
f 2958 2957 2782
f 2783 2958 2782
f 2959 2958 2783
f 2784 2959 2783
f 2960 2959 2784
f 2785 2960 2784
f 2961 2960 2785
f 2962 2961 2785
f 2786 2962 2785
f 2788 2962 2786
f 2787 2788 2786
f 2963 2962 2788
f 2964 2963 2788
f 2790 2964 2788
f 2789 2790 2788
f 2965 2964 2790
f 2966 2965 2790
f 2967 2966 2790
f 2791 2967 2790
f 2792 2967 2791
f 2968 2967 2792
f 2793 2968 2792
f 2969 2968 2793
f 2970 2969 2793
f 2794 2970 2793
f 2971 2970 2794
f 2795 2971 2794
f 2797 2971 2795
f 2796 2797 2795
f 2972 2971 2797
f 2973 2972 2797
f 2799 2973 2797
f 2798 2799 2797
f 2974 2973 2799
f 2975 2974 2799
f 2976 2975 2799
f 2800 2976 2799
f 2977 2976 2800
f 2801 2977 2800
f 2802 2977 2801
f 2978 2977 2802
f 2979 2978 2802
f 2803 2979 2802
f 2980 2979 2803
f 2804 2980 2803
f 2981 2980 2804
f 2805 2981 2804
f 2806 2981 2805
f 2982 2981 2806
f 2807 2982 2806
f 2983 2982 2807
f 2808 2983 2807
f 2984 2983 2808
f 2809 2984 2808
f 2985 2984 2809
f 2986 2985 2809
f 2810 2986 2809
f 2811 2986 2810
f 2987 2863 2812
f 2813 2987 2812
f 2988 2987 2813
f 2989 2988 2813
f 2814 2989 2813
f 2990 2989 2814
f 2815 2990 2814
f 2991 2990 2815
f 2816 2991 2815
f 2992 2991 2816
f 2993 2992 2816
f 2817 2993 2816
f 2818 2993 2817
f 2994 2993 2818
f 2819 2994 2818
f 2995 2994 2819
f 2820 2995 2819
f 2996 2995 2820
f 2997 2996 2820
f 2998 2997 2820
f 2821 2998 2820
f 2822 2998 2821
f 2999 2998 2822
f 2823 2999 2822
f 3000 2999 2823
f 3001 3000 2823
f 2824 3001 2823
f 2825 3001 2824
f 2826 3002 2825
f 3002 3001 2825
f 2827 3002 2826
f 2829 3003 2827
f 3003 3004 2827
f 3004 3002 2827
f 2832 2829 2828
f 2832 3005 2829
f 3005 3003 2829
f 2834 3006 2830
f 3006 3007 2830
f 3007 3008 2830
f 3008 2831 2830
f 3008 3005 2831
f 3005 2832 2831
f 2839 3009 2833
f 3009 2834 2833
f 3009 3006 2834
f 2855 2854 2835
f 2854 2836 2835
f 2854 3010 2836
f 3010 2837 2836
f 3010 3011 2837
f 3011 3012 2837
f 3012 3013 2837
f 3013 3014 2837
f 3014 2838 2837
f 3014 3015 2838
f 3015 2839 2838
f 3015 3009 2839
f 2877 3016 2840
f 3016 3017 2840
f 3017 3018 2840
f 3018 2841 2840
f 3018 2844 2841
f 2844 2842 2841
f 3018 3019 2844
f 3019 3020 2844
f 3020 2845 2844
f 3020 3021 2845
f 3021 2846 2845
f 3021 3022 2846
f 3022 2847 2846
f 3022 3023 2847
f 3023 3024 2847
f 3024 2850 2847
f 2850 2849 2847
f 2849 2848 2847
f 3024 3025 2850
f 3025 2851 2850
f 3025 3026 2851
f 3026 2852 2851
f 3026 3027 2852
f 3027 3028 2852
f 3028 2853 2852
f 3028 3029 2853
f 3029 3030 2853
f 3030 3010 2853
f 3010 2854 2853
f 3032 3031 2857
f 3033 3032 2857
f 2858 3033 2857
f 2859 3033 2858
f 3034 3033 2859
f 2860 3034 2859
f 3035 3034 2860
f 2861 3035 2860
f 3036 3035 2861
f 2862 3036 2861
f 3037 3036 2862
f 2863 3037 2862
f 3038 3037 2863
f 3039 3038 2863
f 2987 3039 2863
f 2876 3040 2864
f 3040 2865 2864
f 3040 3041 2865
f 3041 3042 2865
f 3042 2892 2865
f 2914 3043 2866
f 3043 3044 2866
f 3044 3045 2866
f 3045 2867 2866
f 3045 2868 2867
f 3045 3046 2868
f 3046 2869 2868
f 3046 3047 2869
f 3047 3048 2869
f 3048 2870 2869
f 3048 2871 2870
f 3048 3049 2871
f 3049 3050 2871
f 3050 2874 2871
f 2874 2873 2871
f 2873 2872 2871
f 3050 3051 2874
f 3051 2875 2874
f 3051 3052 2875
f 3052 2876 2875
f 3052 3053 2876
f 3053 3054 2876
f 3054 3040 2876
f 2891 3055 2877
f 3055 3056 2877
f 3056 3016 2877
f 2897 3057 2878
f 3057 3058 2878
f 3058 2879 2878
f 3058 2881 2879
f 2881 2880 2879
f 3058 3059 2881
f 3059 3060 2881
f 3060 3061 2881
f 3061 2882 2881
f 3061 3062 2882
f 3062 2884 2882
f 2884 2883 2882
f 3062 3063 2884
f 3063 3064 2884
f 3064 2885 2884
f 3064 3065 2885
f 3065 2886 2885
f 3065 3066 2886
f 3066 2888 2886
f 2888 2887 2886
f 3066 3067 2888
f 3067 2890 2888
f 2890 2889 2888
f 3067 3068 2890
f 3068 2891 2890
f 3068 3069 2891
f 3069 3055 2891
f 3042 3070 2892
f 3070 2893 2892
f 3070 2895 2893
f 2895 2894 2893
f 3070 3071 2895
f 3071 3072 2895
f 3072 3073 2895
f 3073 2896 2895
f 3073 3057 2896
f 3057 2897 2896
f 2900 3074 2898
f 3074 3075 2898
f 3075 2903 2898
f 2915 2902 2899
f 2901 3076 2900
f 3076 3077 2900
f 3077 3078 2900
f 3078 3074 2900
f 3079 3076 2901
f 2902 3079 2901
f 3080 3079 2902
f 3081 3080 2902
f 3082 3081 2902
f 2915 3082 2902
f 3075 3083 2903
f 3083 2904 2903
f 3083 2906 2904
f 2906 2905 2904
f 3083 3084 2906
f 3084 2907 2906
f 3084 3085 2907
f 3085 3086 2907
f 3086 3087 2907
f 3087 2908 2907
f 3087 3088 2908
f 3088 2909 2908
f 3088 3089 2909
f 3089 2910 2909
f 3089 2913 2910
f 2913 2911 2910
f 3089 3090 2913
f 3090 3043 2913
f 3043 2914 2913
f 3091 3082 2915
f 3092 3091 2915
f 2916 3092 2915
f 2918 3092 2916
f 2917 2918 2916
f 3093 3092 2918
f 3094 3093 2918
f 2919 3094 2918
f 2920 3095 2919
f 2922 3095 2920
f 2921 2922 2920
f 3096 3095 2922
f 2923 3096 2922
f 3097 3096 2923
f 2924 3097 2923
f 3098 3097 2924
f 3099 3098 2924
f 3100 3099 2924
f 3101 3100 2924
f 2926 3101 2924
f 2925 2926 2924
f 3102 3101 2926
f 2927 3102 2926
f 3103 3102 2927
f 2928 3103 2927
f 3104 3103 2928
f 2929 3104 2928
f 2930 3104 2929
f 3105 3104 2930
f 2931 3105 2930
f 3106 3105 2931
f 2932 3106 2931
f 3107 3106 2932
f 3108 3107 2932
f 2933 3108 2932
f 3109 3108 2933
f 2935 3109 2933
f 2934 2935 2933
f 3110 3109 2935
f 3111 3110 2935
f 2936 3111 2935
f 3112 3111 2936
f 2938 3112 2936
f 2937 2938 2936
f 3113 3112 2938
f 3114 3113 2938
f 2941 3114 2938
f 2939 2941 2938
f 2940 2941 2939
f 3115 3114 2941
f 2942 3115 2941
f 3116 3115 2942
f 2943 3116 2942
f 3117 3116 2943
f 2945 3117 2943
f 2944 2945 2943
f 3118 3117 2945
f 3119 3118 2945
f 2946 3119 2945
f 3120 3119 2946
f 3121 3120 2946
f 2947 3121 2946
f 3122 3121 2947
f 3123 3122 2947
f 2948 3123 2947
f 2950 3123 2948
f 2949 2950 2948
f 3124 3123 2950
f 3125 3124 2950
f 2951 3125 2950
f 3126 3125 2951
f 2952 3126 2951
f 3127 3126 2952
f 2953 3127 2952
f 3128 3127 2953
f 2954 3128 2953
f 3129 3128 2954
f 2956 3129 2954
f 2955 2956 2954
f 3130 3129 2956
f 3131 3130 2956
f 2957 3131 2956
f 3132 3131 2957
f 2958 3132 2957
f 3133 3132 2958
f 2959 3133 2958
f 3134 3133 2959
f 2960 3134 2959
f 3135 3134 2960
f 2961 3135 2960
f 3136 3135 2961
f 2963 3136 2961
f 2962 2963 2961
f 3137 3136 2963
f 3138 3137 2963
f 2965 3138 2963
f 2964 2965 2963
f 3139 3138 2965
f 3140 3139 2965
f 3141 3140 2965
f 2966 3141 2965
f 2967 3141 2966
f 3142 3141 2967
f 3143 3142 2967
f 2968 3143 2967
f 3144 3143 2968
f 2969 3144 2968
f 3145 3144 2969
f 2970 3145 2969
f 2971 3145 2970
f 3146 3145 2971
f 3147 3146 2971
f 2972 3147 2971
f 2974 3147 2972
f 2973 2974 2972
f 3148 3147 2974
f 3149 3148 2974
f 3150 3149 2974
f 2975 3150 2974
f 3151 3150 2975
f 2976 3151 2975
f 2978 3151 2976
f 2977 2978 2976
f 3152 3151 2978
f 3153 3152 2978
f 3154 3153 2978
f 2979 3154 2978
f 3155 3154 2979
f 2980 3155 2979
f 3156 3155 2980
f 2981 3156 2980
f 2982 3156 2981
f 3157 3156 2982
f 3158 3157 2982
f 2983 3158 2982
f 2984 3158 2983
f 3159 3158 2984
f 3160 3159 2984
f 2985 3160 2984
f 2986 3160 2985
f 3161 3039 2987
f 2988 3161 2987
f 3162 3161 2988
f 2989 3162 2988
f 2990 3162 2989
f 3163 3162 2990
f 3164 3163 2990
f 2991 3164 2990
f 3165 3164 2991
f 2992 3165 2991
f 2993 3165 2992
f 3166 3165 2993
f 2994 3166 2993
f 3167 3166 2994
f 2996 3167 2994
f 2995 2996 2994
f 3168 3167 2996
f 3169 3168 2996
f 2997 3169 2996
f 2998 3169 2997
f 3170 3169 2998
f 3171 3170 2998
f 2999 3171 2998
f 3000 3172 2999
f 3172 3171 2999
f 3001 3172 3000
f 3002 3172 3001
f 3004 3172 3002
f 3005 3173 3003
f 3173 3174 3003
f 3174 3004 3003
f 3174 3175 3004
f 3175 3176 3004
f 3176 3177 3004
f 3177 3172 3004
f 3008 3178 3005
f 3178 3179 3005
f 3179 3173 3005
f 3009 3015 3006
f 3015 3180 3006
f 3180 3181 3006
f 3181 3182 3006
f 3182 3183 3006
f 3183 3007 3006
f 3183 3184 3007
f 3184 3008 3007
f 3184 3178 3008
f 3185 3186 3011
f 3186 3187 3011
f 3187 3012 3011
f 3187 3015 3012
f 3015 3013 3012
f 3015 3014 3013
f 3187 3188 3015
f 3188 3189 3015
f 3189 3180 3015
f 3056 3190 3016
f 3190 3191 3016
f 3191 3017 3016
f 3191 3019 3017
f 3019 3018 3017
f 3191 3192 3019
f 3192 3193 3019
f 3193 3020 3019
f 3193 3194 3020
f 3194 3195 3020
f 3195 3021 3020
f 3195 3194 3021
f 3194 3196 3021
f 3196 3023 3021
f 3023 3022 3021
f 3196 3197 3023
f 3197 3198 3023
f 3198 3025 3023
f 3025 3024 3023
f 3198 3199 3025
f 3199 3200 3025
f 3200 3201 3025
f 3201 3202 3025
f 3202 3026 3025
f 3202 3028 3026
f 3028 3027 3026
f 3202 3203 3028
f 3203 3204 3028
f 3204 3205 3028
f 3205 3029 3028
f 3205 3030 3029
f 3205 3206 3030
f 3206 3207 3030
f 3207 3208 3030
f 3210 3209 3031
f 3032 3210 3031
f 3211 3210 3032
f 3033 3211 3032
f 3212 3211 3033
f 3034 3212 3033
f 3213 3212 3034
f 3035 3213 3034
f 3214 3213 3035
f 3036 3214 3035
f 3215 3214 3036
f 3037 3215 3036
f 3038 3215 3037
f 3216 3215 3038
f 3217 3216 3038
f 3039 3217 3038
f 3218 3217 3039
f 3161 3218 3039
f 3054 3219 3040
f 3219 3041 3040
f 3219 3220 3041
f 3220 3221 3041
f 3221 3070 3041
f 3070 3042 3041
f 3090 3222 3043
f 3222 3223 3043
f 3223 3224 3043
f 3224 3044 3043
f 3224 3225 3044
f 3225 3045 3044
f 3225 3046 3045
f 3225 3226 3046
f 3226 3227 3046
f 3227 3228 3046
f 3228 3048 3046
f 3048 3047 3046
f 3228 3229 3048
f 3229 3049 3048
f 3229 3230 3049
f 3230 3051 3049
f 3051 3050 3049
f 3230 3231 3051
f 3231 3232 3051
f 3232 3052 3051
f 3232 3053 3052
f 3232 3233 3053
f 3233 3234 3053
f 3234 3054 3053
f 3234 3235 3054
f 3235 3236 3054
f 3236 3237 3054
f 3237 3219 3054
f 3069 3056 3055
f 3069 3238 3056
f 3238 3239 3056
f 3239 3240 3056
f 3240 3190 3056
f 3073 3241 3057
f 3241 3242 3057
f 3242 3243 3057
f 3243 3058 3057
f 3243 3060 3058
f 3060 3059 3058
f 3243 3244 3060
f 3244 3245 3060
f 3245 3061 3060
f 3245 3246 3061
f 3246 3062 3061
f 3246 3247 3062
f 3247 3064 3062
f 3064 3063 3062
f 3247 3248 3064
f 3248 3249 3064
f 3249 3250 3064
f 3250 3065 3064
f 3250 3251 3065
f 3251 3066 3065
f 3251 3252 3066
f 3252 3253 3066
f 3253 3067 3066
f 3253 3238 3067
f 3238 3068 3067
f 3238 3069 3068
f 3221 3071 3070
f 3221 3254 3071
f 3254 3255 3071
f 3255 3256 3071
f 3256 3072 3071
f 3256 3073 3072
f 3256 3257 3073
f 3257 3241 3073
f 3078 3258 3074
f 3258 3075 3074
f 3258 3084 3075
f 3084 3083 3075
f 3079 3259 3076
f 3259 3260 3076
f 3260 3261 3076
f 3261 3077 3076
f 3261 3262 3077
f 3262 3078 3077
f 3262 3263 3078
f 3263 3258 3078
f 3264 3259 3079
f 3265 3264 3079
f 3080 3265 3079
f 3266 3265 3080
f 3267 3266 3080
f 3081 3267 3080
f 3268 3267 3081
f 3082 3268 3081
f 3269 3268 3082
f 3091 3269 3082
f 3258 3263 3084
f 3263 3270 3084
f 3270 3085 3084
f 3270 3271 3085
f 3271 3272 3085
f 3272 3087 3085
f 3087 3086 3085
f 3272 3273 3087
f 3273 3274 3087
f 3274 3088 3087
f 3274 3275 3088
f 3275 3089 3088
f 3275 3222 3089
f 3222 3090 3089
f 3276 3269 3091
f 3276 3091 3092
f 3277 3276 3092
f 3093 3277 3092
f 3278 3277 3093
f 3279 3278 3093
f 3280 3279 3093
f 3095 3280 3093
f 2919 3095 3093
f 3094 2919 3093
f 3279 3095 3096
f 3097 3279 3096
f 3281 3279 3097
f 3098 3281 3097
f 3282 3281 3098
f 3283 3282 3098
f 3284 3283 3098
f 3099 3284 3098
f 3100 3284 3099
f 3285 3284 3100
f 3286 3285 3100
f 3287 3286 3100
f 3102 3287 3100
f 3101 3102 3100
f 3103 3287 3102
f 3288 3287 3103
f 3289 3288 3103
f 3104 3289 3103
f 3105 3289 3104
f 3290 3289 3105
f 3106 3290 3105
f 3291 3290 3106
f 3292 3291 3106
f 3293 3292 3106
f 3107 3293 3106
f 3294 3293 3107
f 3108 3294 3107
f 3295 3294 3108
f 3110 3295 3108
f 3109 3110 3108
f 3296 3295 3110
f 3297 3296 3110
f 3111 3297 3110
f 3298 3297 3111
f 3113 3298 3111
f 3112 3113 3111
f 3299 3298 3113
f 3115 3299 3113
f 3114 3115 3113
f 3300 3299 3115
f 3116 3300 3115
f 3301 3300 3116
f 3302 3301 3116
f 3118 3302 3116
f 3117 3118 3116
f 3303 3302 3118
f 3304 3303 3118
f 3119 3304 3118
f 3305 3304 3119
f 3306 3305 3119
f 3120 3306 3119
f 3307 3306 3120
f 3121 3307 3120
f 3308 3307 3121
f 3309 3308 3121
f 3122 3309 3121
f 3124 3309 3122
f 3123 3124 3122
f 3310 3309 3124
f 3311 3310 3124
f 3125 3311 3124
f 3312 3311 3125
f 3126 3312 3125
f 3313 3312 3126
f 3127 3313 3126
f 3314 3313 3127
f 3128 3314 3127
f 3315 3314 3128
f 3130 3315 3128
f 3129 3130 3128
f 3316 3315 3130
f 3317 3316 3130
f 3131 3317 3130
f 3318 3317 3131
f 3132 3318 3131
f 3319 3318 3132
f 3133 3319 3132
f 3320 3319 3133
f 3134 3320 3133
f 3321 3320 3134
f 3135 3321 3134
f 3322 3321 3135
f 3137 3322 3135
f 3136 3137 3135
f 3323 3322 3137
f 3324 3323 3137
f 3139 3324 3137
f 3138 3139 3137
f 3325 3324 3139
f 3326 3325 3139
f 3327 3326 3139
f 3140 3327 3139
f 3141 3327 3140
f 3328 3327 3141
f 3329 3328 3141
f 3142 3329 3141
f 3330 3329 3142
f 3143 3330 3142
f 3331 3330 3143
f 3144 3331 3143
f 3145 3331 3144
f 3332 3331 3145
f 3333 3332 3145
f 3146 3333 3145
f 3148 3333 3146
f 3147 3148 3146
f 3334 3333 3148
f 3335 3334 3148
f 3336 3335 3148
f 3149 3336 3148
f 3337 3336 3149
f 3150 3337 3149
f 3152 3337 3150
f 3151 3152 3150
f 3338 3337 3152
f 3339 3338 3152
f 3340 3339 3152
f 3153 3340 3152
f 3154 3340 3153
f 3341 3340 3154
f 3342 3341 3154
f 3343 3342 3154
f 3155 3343 3154
f 3156 3343 3155
f 3344 3343 3156
f 3345 3344 3156
f 3157 3345 3156
f 3346 3345 3157
f 3158 3346 3157
f 3347 3346 3158
f 3159 3347 3158
f 3160 3347 3159
f 3348 3347 3160
f 3352 3218 3161
f 3162 3352 3161
f 3353 3352 3162
f 3163 3353 3162
f 3354 3353 3163
f 3164 3354 3163
f 3355 3354 3164
f 3165 3355 3164
f 3356 3355 3165
f 3166 3356 3165
f 3357 3356 3166
f 3167 3357 3166
f 3358 3357 3167
f 3359 3358 3167
f 3168 3359 3167
f 3360 3359 3168
f 3169 3360 3168
f 3177 3360 3169
f 3170 3177 3169
f 3171 3177 3170
f 3172 3177 3171
f 3179 3361 3173
f 3361 3362 3173
f 3362 3363 3173
f 3363 3174 3173
f 3363 3175 3174
f 3363 3364 3175
f 3364 3365 3175
f 3365 3176 3175
f 3365 3366 3176
f 3366 3177 3176
f 3366 3360 3177
f 3184 3367 3178
f 3367 3361 3178
f 3361 3179 3178
f 3189 3368 3180
f 3368 3181 3180
f 3368 3369 3181
f 3369 3370 3181
f 3370 3182 3181
f 3370 3371 3182
f 3371 3183 3182
f 3371 3367 3183
f 3367 3184 3183
f 3372 3373 3185
f 3373 3188 3185
f 3188 3186 3185
f 3188 3187 3186
f 3373 3374 3188
f 3374 3189 3188
f 3374 3375 3189
f 3375 3376 3189
f 3376 3368 3189
f 3240 3377 3190
f 3377 3378 3190
f 3378 3191 3190
f 3378 3192 3191
f 3378 3379 3192
f 3379 3380 3192
f 3380 3193 3192
f 3380 3381 3193
f 3381 3382 3193
f 3382 3194 3193
f 3382 3383 3194
f 3383 3384 3194
f 3384 3385 3194
f 3385 3196 3194
f 3385 3197 3196
f 3385 3386 3197
f 3386 3387 3197
f 3387 3199 3197
f 3199 3198 3197
f 3387 3200 3199
f 3387 3388 3200
f 3388 3389 3200
f 3389 3390 3200
f 3390 3201 3200
f 3390 3391 3201
f 3391 3202 3201
f 3391 3392 3202
f 3392 3203 3202
f 3392 3204 3203
f 3392 3393 3204
f 3393 3394 3204
f 3394 3205 3204
f 3394 3206 3205
f 3394 3393 3206
f 3393 3395 3206
f 3395 3396 3206
f 3396 3207 3206
f 3396 3397 3207
f 3399 3398 3209
f 3210 3399 3209
f 3400 3399 3210
f 3401 3400 3210
f 3211 3401 3210
f 3402 3401 3211
f 3212 3402 3211
f 3403 3402 3212
f 3213 3403 3212
f 3404 3403 3213
f 3214 3404 3213
f 3405 3404 3214
f 3215 3405 3214
f 3406 3405 3215
f 3216 3406 3215
f 3407 3406 3216
f 3217 3407 3216
f 3218 3407 3217
f 3408 3407 3218
f 3352 3408 3218
f 3237 3409 3219
f 3409 3220 3219
f 3409 3254 3220
f 3254 3221 3220
f 3275 3410 3222
f 3410 3411 3222
f 3411 3412 3222
f 3412 3413 3222
f 3413 3223 3222
f 3413 3224 3223
f 3413 3226 3224
f 3226 3225 3224
f 3413 3414 3226
f 3414 3415 3226
f 3415 3416 3226
f 3416 3227 3226
f 3416 3229 3227
f 3229 3228 3227
f 3416 3417 3229
f 3417 3231 3229
f 3231 3230 3229
f 3417 3418 3231
f 3418 3232 3231
f 3418 3233 3232
f 3418 3234 3233
f 3418 3419 3234
f 3419 3235 3234
f 3419 3420 3235
f 3420 3421 3235
f 3421 3422 3235
f 3422 3423 3235
f 3423 3236 3235
f 3423 3237 3236
f 3423 3422 3237
f 3422 3424 3237
f 3424 3409 3237
f 3253 3425 3238
f 3425 3239 3238
f 3425 3426 3239
f 3426 3427 3239
f 3427 3428 3239
f 3428 3240 3239
f 3428 3429 3240
f 3429 3430 3240
f 3430 3377 3240
f 3257 3431 3241
f 3431 3432 3241
f 3432 3433 3241
f 3433 3243 3241
f 3243 3242 3241
f 3433 3434 3243
f 3434 3435 3243
f 3435 3244 3243
f 3435 3245 3244
f 3435 3436 3245
f 3436 3437 3245
f 3437 3438 3245
f 3438 3439 3245
f 3439 3246 3245
f 3439 3438 3246
f 3438 3440 3246
f 3440 3441 3246
f 3246 3441 3247
f 3441 3248 3247
f 3441 3442 3248
f 3442 3443 3248
f 3443 3249 3248
f 3443 3444 3249
f 3444 3250 3249
f 3444 3445 3250
f 3445 3446 3250
f 3446 3251 3250
f 3446 3447 3251
f 3447 3252 3251
f 3447 3448 3252
f 3448 3253 3252
f 3448 3426 3253
f 3426 3425 3253
f 3409 3449 3254
f 3449 3450 3254
f 3450 3255 3254
f 3450 3257 3255
f 3257 3256 3255
f 3450 3451 3257
f 3451 3431 3257
f 3452 3260 3259
f 3453 3452 3259
f 3454 3453 3259
f 3264 3454 3259
f 3452 3455 3260
f 3455 3261 3260
f 3455 3456 3261
f 3456 3262 3261
f 3456 3263 3262
f 3456 3457 3263
f 3457 3270 3263
f 3458 3454 3264
f 3265 3458 3264
f 3459 3458 3265
f 3460 3459 3265
f 3461 3460 3265
f 3462 3461 3265
f 3266 3462 3265
f 3463 3462 3266
f 3464 3463 3266
f 3267 3464 3266
f 3465 3464 3267
f 3466 3465 3267
f 3268 3466 3267
f 3269 3466 3268
f 3467 3466 3269
f 3277 3467 3269
f 3276 3277 3269
f 3457 3468 3270
f 3468 3469 3270
f 3469 3470 3270
f 3470 3271 3270
f 3470 3471 3271
f 3471 3273 3271
f 3273 3272 3271
f 3471 3472 3273
f 3472 3473 3273
f 3473 3474 3273
f 3474 3410 3273
f 3410 3274 3273
f 3410 3275 3274
f 3475 3277 3278
f 3279 3475 3278
f 3475 3279 3281
f 3476 3475 3281
f 3477 3476 3281
f 3478 3477 3281
f 3282 3478 3281
f 3479 3478 3282
f 3283 3479 3282
f 3480 3479 3283
f 3284 3480 3283
f 3481 3480 3284
f 3482 3481 3284
f 3285 3482 3284
f 3286 3482 3285
f 3483 3482 3286
f 3289 3483 3286
f 3288 3289 3286
f 3287 3288 3286
f 3290 3483 3289
f 3291 3483 3290
f 3484 3483 3291
f 3485 3484 3291
f 3486 3485 3291
f 3292 3486 3291
f 3487 3486 3292
f 3293 3487 3292
f 3488 3487 3293
f 3294 3488 3293
f 3489 3488 3294
f 3296 3489 3294
f 3295 3296 3294
f 3490 3489 3296
f 3491 3490 3296
f 3297 3491 3296
f 3492 3491 3297
f 3299 3492 3297
f 3298 3299 3297
f 3493 3492 3299
f 3300 3493 3299
f 3494 3493 3300
f 3301 3494 3300
f 3495 3494 3301
f 3303 3495 3301
f 3302 3303 3301
f 3496 3495 3303
f 3304 3496 3303
f 3497 3496 3304
f 3498 3497 3304
f 3499 3498 3304
f 3305 3499 3304
f 3500 3499 3305
f 3306 3500 3305
f 3501 3500 3306
f 3307 3501 3306
f 3502 3501 3307
f 3503 3502 3307
f 3308 3503 3307
f 3310 3503 3308
f 3309 3310 3308
f 3504 3503 3310
f 3505 3504 3310
f 3311 3505 3310
f 3506 3505 3311
f 3312 3506 3311
f 3507 3506 3312
f 3313 3507 3312
f 3508 3507 3313
f 3314 3508 3313
f 3509 3508 3314
f 3316 3509 3314
f 3315 3316 3314
f 3510 3509 3316
f 3511 3510 3316
f 3317 3511 3316
f 3512 3511 3317
f 3318 3512 3317
f 3513 3512 3318
f 3319 3513 3318
f 3514 3513 3319
f 3320 3514 3319
f 3515 3514 3320
f 3321 3515 3320
f 3516 3515 3321
f 3323 3516 3321
f 3322 3323 3321
f 3517 3516 3323
f 3518 3517 3323
f 3325 3518 3323
f 3324 3325 3323
f 3519 3518 3325
f 3520 3519 3325
f 3521 3520 3325
f 3326 3521 3325
f 3327 3521 3326
f 3522 3521 3327
f 3523 3522 3327
f 3328 3523 3327
f 3524 3523 3328
f 3329 3524 3328
f 3525 3524 3329
f 3330 3525 3329
f 3331 3525 3330
f 3526 3525 3331
f 3527 3526 3331
f 3332 3527 3331
f 3334 3527 3332
f 3333 3334 3332
f 3528 3527 3334
f 3529 3528 3334
f 3530 3529 3334
f 3335 3530 3334
f 3531 3530 3335
f 3336 3531 3335
f 3338 3531 3336
f 3337 3338 3336
f 3532 3531 3338
f 3533 3532 3338
f 3534 3533 3338
f 3339 3534 3338
f 3340 3534 3339
f 3535 3534 3340
f 3536 3535 3340
f 3341 3536 3340
f 3537 3536 3341
f 3343 3537 3341
f 3342 3343 3341
f 3538 3537 3343
f 3344 3538 3343
f 3539 3538 3344
f 3540 3539 3344
f 3345 3540 3344
f 3541 3540 3345
f 3346 3541 3345
f 3542 3541 3346
f 3347 3542 3346
f 3348 3542 3347
f 3543 3542 3348
f 3544 3543 3348
f 3349 3544 3348
f 3545 3544 3349
f 3350 3545 3349
f 3546 3545 3350
f 3351 3546 3350
f 3547 3546 3351
f 3548 3408 3352
f 3353 3548 3352
f 3549 3548 3353
f 3550 3549 3353
f 3354 3550 3353
f 3551 3550 3354
f 3355 3551 3354
f 3356 3551 3355
f 3552 3551 3356
f 3553 3552 3356
f 3357 3553 3356
f 3554 3553 3357
f 3358 3554 3357
f 3555 3554 3358
f 3556 3555 3358
f 3359 3556 3358
f 3366 3556 3359
f 3360 3366 3359
f 3367 3557 3361
f 3557 3558 3361
f 3558 3559 3361
f 3559 3560 3361
f 3560 3362 3361
f 3560 3561 3362
f 3561 3363 3362
f 3561 3364 3363
f 3561 3562 3364
f 3562 3563 3364
f 3563 3365 3364
f 3563 3564 3365
f 3564 3366 3365
f 3564 3565 3366
f 3565 3556 3366
f 3371 3566 3367
f 3566 3557 3367
f 3376 3567 3368
f 3567 3568 3368
f 3568 3369 3368
f 3568 3566 3369
f 3566 3370 3369
f 3566 3371 3370
f 3574 3374 3372
f 3374 3373 3372
f 3574 3575 3374
f 3575 3576 3374
f 3576 3577 3374
f 3577 3375 3374
f 3577 3376 3375
f 3577 3578 3376
f 3578 3579 3376
f 3579 3580 3376
f 3580 3567 3376
f 3430 3378 3377
f 3430 3581 3378
f 3581 3379 3378
f 3581 3582 3379
f 3582 3583 3379
f 3583 3380 3379
f 3583 3584 3380
f 3584 3381 3380
f 3584 3585 3381
f 3585 3383 3381
f 3383 3382 3381
f 3585 3586 3383
f 3586 3384 3383
f 3586 3587 3384
f 3587 3385 3384
f 3587 3386 3385
f 3587 3588 3386
f 3588 3589 3386
f 3589 3590 3386
f 3590 3388 3386
f 3388 3387 3386
f 3590 3389 3388
f 3590 3591 3389
f 3591 3592 3389
f 3592 3593 3389
f 3593 3390 3389
f 3593 3594 3390
f 3594 3595 3390
f 3595 3391 3390
f 3595 3596 3391
f 3596 3392 3391
f 3596 3393 3392
f 3596 3597 3393
f 3597 3598 3393
f 3598 3599 3393
f 3599 3395 3393
f 3599 3600 3395
f 3600 3601 3395
f 3601 3396 3395
f 3602 3397 3396
f 3601 3602 3396
f 3602 3570 3397
f 3570 3569 3397
f 3604 3603 3398
f 3399 3604 3398
f 3400 3604 3399
f 3605 3604 3400
f 3606 3605 3400
f 3401 3606 3400
f 3607 3606 3401
f 3402 3607 3401
f 3608 3607 3402
f 3403 3608 3402
f 3609 3608 3403
f 3404 3609 3403
f 3610 3609 3404
f 3405 3610 3404
f 3611 3610 3405
f 3406 3611 3405
f 3612 3611 3406
f 3613 3612 3406
f 3407 3613 3406
f 3614 3613 3407
f 3408 3614 3407
f 3615 3614 3408
f 3616 3615 3408
f 3548 3616 3408
f 3424 3617 3409
f 3617 3618 3409
f 3618 3619 3409
f 3619 3449 3409
f 3474 3620 3410
f 3620 3621 3410
f 3621 3622 3410
f 3622 3411 3410
f 3622 3623 3411
f 3623 3412 3411
f 3623 3414 3412
f 3414 3413 3412
f 3623 3624 3414
f 3624 3625 3414
f 3625 3626 3414
f 3626 3415 3414
f 3626 3627 3415
f 3627 3416 3415
f 3627 3417 3416
f 3627 3628 3417
f 3628 3629 3417
f 3629 3418 3417
f 3629 3630 3418
f 3630 3419 3418
f 3630 3420 3419
f 3630 3631 3420
f 3631 3632 3420
f 3632 3633 3420
f 3633 3634 3420
f 3634 3421 3420
f 3634 3635 3421
f 3635 3422 3421
f 3635 3617 3422
f 3617 3424 3422
f 3448 3636 3426
f 3636 3637 3426
f 3637 3427 3426
f 3637 3638 3427
f 3638 3428 3427
f 3638 3639 3428
f 3639 3581 3428
f 3581 3430 3428
f 3430 3429 3428
f 3451 3640 3431
f 3640 3641 3431
f 3641 3642 3431
f 3642 3432 3431
f 3642 3643 3432
f 3643 3434 3432
f 3434 3433 3432
f 3643 3644 3434
f 3644 3436 3434
f 3436 3435 3434
f 3644 3437 3436
f 3644 3645 3437
f 3645 3646 3437
f 3646 3438 3437
f 3646 3647 3438
f 3647 3648 3438
f 3648 3649 3438
f 3649 3441 3438
f 3441 3440 3438
f 3649 3650 3441
f 3650 3442 3441
f 3650 3651 3442
f 3651 3652 3442
f 3652 3443 3442
f 3652 3653 3443
f 3653 3444 3443
f 3653 3654 3444
f 3654 3446 3444
f 3446 3445 3444
f 3654 3655 3446
f 3655 3656 3446
f 3656 3447 3446
f 3656 3448 3447
f 3656 3657 3448
f 3657 3636 3448
f 3619 3451 3449
f 3451 3450 3449
f 3619 3658 3451
f 3658 3659 3451
f 3659 3660 3451
f 3660 3640 3451
f 3453 3661 3452
f 3661 3662 3452
f 3662 3663 3452
f 3663 3455 3452
f 3454 3459 3453
f 3459 3664 3453
f 3664 3661 3453
f 3458 3459 3454
f 3663 3457 3455
f 3457 3456 3455
f 3663 3665 3457
f 3665 3468 3457
f 3666 3664 3459
f 3667 3666 3459
f 3460 3667 3459
f 3461 3667 3460
f 3668 3667 3461
f 3669 3461 3462
f 3465 3669 3462
f 3463 3465 3462
f 3464 3465 3463
f 3670 3465 3466
f 3671 3670 3466
f 3467 3671 3466
f 3672 3671 3467
f 3475 3672 3467
f 3277 3475 3467
f 3665 3673 3468
f 3673 3674 3468
f 3674 3675 3468
f 3675 3469 3468
f 3675 3676 3469
f 3676 3470 3469
f 3676 3472 3470
f 3472 3471 3470
f 3676 3677 3472
f 3677 3678 3472
f 3678 3679 3472
f 3679 3474 3472
f 3474 3473 3472
f 3679 3680 3474
f 3680 3620 3474
f 3672 3475 3476
f 3681 3672 3476
f 3682 3681 3476
f 3477 3682 3476
f 3683 3682 3477
f 3684 3683 3477
f 3478 3684 3477
f 3685 3684 3478
f 3479 3685 3478
f 3686 3685 3479
f 3687 3686 3479
f 3480 3687 3479
f 3688 3687 3480
f 3481 3688 3480
f 3689 3688 3481
f 3482 3689 3481
f 3690 3689 3482
f 3691 3690 3482
f 3483 3691 3482
f 3692 3691 3483
f 3484 3692 3483
f 3693 3692 3484
f 3485 3693 3484
f 3694 3693 3485
f 3695 3694 3485
f 3487 3695 3485
f 3486 3487 3485
f 3696 3695 3487
f 3697 3696 3487
f 3488 3697 3487
f 3490 3697 3488
f 3489 3490 3488
f 3698 3697 3490
f 3699 3698 3490
f 3491 3699 3490
f 3493 3699 3491
f 3492 3493 3491
f 3700 3699 3493
f 3494 3700 3493
f 3701 3700 3494
f 3702 3701 3494
f 3496 3702 3494
f 3495 3496 3494
f 3703 3702 3496
f 3704 3703 3496
f 3497 3704 3496
f 3705 3704 3497
f 3706 3705 3497
f 3498 3706 3497
f 3707 3706 3498
f 3499 3707 3498
f 3708 3707 3499
f 3500 3708 3499
f 3709 3708 3500
f 3502 3709 3500
f 3501 3502 3500
f 3710 3709 3502
f 3711 3710 3502
f 3504 3711 3502
f 3503 3504 3502
f 3712 3711 3504
f 3713 3712 3504
f 3505 3713 3504
f 3714 3713 3505
f 3506 3714 3505
f 3715 3714 3506
f 3507 3715 3506
f 3716 3715 3507
f 3508 3716 3507
f 3717 3716 3508
f 3510 3717 3508
f 3509 3510 3508
f 3718 3717 3510
f 3719 3718 3510
f 3511 3719 3510
f 3720 3719 3511
f 3512 3720 3511
f 3721 3720 3512
f 3513 3721 3512
f 3722 3721 3513
f 3514 3722 3513
f 3723 3722 3514
f 3515 3723 3514
f 3724 3723 3515
f 3517 3724 3515
f 3516 3517 3515
f 3725 3724 3517
f 3726 3725 3517
f 3519 3726 3517
f 3518 3519 3517
f 3727 3726 3519
f 3728 3727 3519
f 3729 3728 3519
f 3520 3729 3519
f 3521 3729 3520
f 3730 3729 3521
f 3522 3730 3521
f 3731 3730 3522
f 3732 3731 3522
f 3523 3732 3522
f 3733 3732 3523
f 3524 3733 3523
f 3525 3733 3524
f 3734 3733 3525
f 3735 3734 3525
f 3526 3735 3525
f 3528 3735 3526
f 3527 3528 3526
f 3736 3735 3528
f 3737 3736 3528
f 3738 3737 3528
f 3529 3738 3528
f 3739 3738 3529
f 3530 3739 3529
f 3532 3739 3530
f 3531 3532 3530
f 3740 3739 3532
f 3741 3740 3532
f 3742 3741 3532
f 3533 3742 3532
f 3534 3742 3533
f 3743 3742 3534
f 3744 3743 3534
f 3535 3744 3534
f 3745 3744 3535
f 3536 3745 3535
f 3538 3745 3536
f 3537 3538 3536
f 3746 3745 3538
f 3747 3746 3538
f 3539 3747 3538
f 3540 3747 3539
f 3748 3747 3540
f 3749 3748 3540
f 3750 3749 3540
f 3541 3750 3540
f 3543 3750 3541
f 3542 3543 3541
f 3751 3750 3543
f 3752 3751 3543
f 3753 3752 3543
f 3544 3753 3543
f 3754 3753 3544
f 3545 3754 3544
f 3755 3754 3545
f 3546 3755 3545
f 3756 3755 3546
f 3757 3756 3546
f 3547 3757 3546
f 3759 3616 3548
f 3549 3759 3548
f 3550 3759 3549
f 3760 3759 3550
f 3552 3760 3550
f 3551 3552 3550
f 3761 3760 3552
f 3762 3761 3552
f 3553 3762 3552
f 3763 3762 3553
f 3764 3763 3553
f 3554 3764 3553
f 3565 3764 3554
f 3555 3565 3554
f 3556 3565 3555
f 3566 3765 3557
f 3765 3766 3557
f 3766 3767 3557
f 3767 3558 3557
f 3767 3768 3558
f 3768 3559 3558
f 3768 3560 3559
f 3768 3769 3560
f 3769 3561 3560
f 3769 3770 3561
f 3770 3562 3561
f 3770 3563 3562
f 3770 3771 3563
f 3771 3772 3563
f 3772 3564 3563
f 3772 3565 3564
f 3773 3764 3565
f 3772 3773 3565
f 3568 3580 3566
f 3580 3765 3566
f 3580 3568 3567
f 3774 3571 3570
f 3602 3774 3570
f 3775 3572 3571
f 3776 3775 3571
f 3777 3776 3571
f 3774 3777 3571
f 3778 3573 3572
f 3775 3778 3572
f 3778 3779 3573
f 3780 3577 3575
f 3577 3576 3575
f 3780 3781 3577
f 3781 3782 3577
f 3782 3578 3577
f 3782 3783 3578
f 3783 3784 3578
f 3784 3785 3578
f 3785 3579 3578
f 3785 3786 3579
f 3786 3787 3579
f 3787 3580 3579
f 3787 3788 3580
f 3788 3765 3580
f 3639 3582 3581
f 3639 3789 3582
f 3789 3790 3582
f 3790 3583 3582
f 3790 3791 3583
f 3791 3792 3583
f 3792 3584 3583
f 3792 3793 3584
f 3793 3794 3584
f 3794 3585 3584
f 3794 3795 3585
f 3795 3586 3585
f 3795 3796 3586
f 3796 3588 3586
f 3588 3587 3586
f 3796 3797 3588
f 3797 3798 3588
f 3798 3799 3588
f 3799 3800 3588
f 3800 3590 3588
f 3590 3589 3588
f 3800 3591 3590
f 3800 3799 3591
f 3799 3801 3591
f 3801 3802 3591
f 3802 3592 3591
f 3802 3803 3592
f 3803 3593 3592
f 3803 3804 3593
f 3804 3805 3593
f 3805 3595 3593
f 3595 3594 3593
f 3805 3597 3595
f 3597 3596 3595
f 3805 3806 3597
f 3806 3807 3597
f 3807 3598 3597
f 3807 3808 3598
f 3808 3809 3598
f 3809 3599 3598
f 3809 3810 3599
f 3810 3811 3599
f 3811 3812 3599
f 3599 3812 3600
f 3812 3602 3600
f 3602 3601 3600
f 3813 3774 3602
f 3812 3813 3602
f 3814 3758 3603
f 3815 3814 3603
f 3604 3815 3603
f 3605 3815 3604
f 3816 3815 3605
f 3606 3816 3605
f 3817 3816 3606
f 3607 3817 3606
f 3818 3817 3607
f 3608 3818 3607
f 3819 3818 3608
f 3609 3819 3608
f 3820 3819 3609
f 3610 3820 3609
f 3821 3820 3610
f 3611 3821 3610
f 3822 3821 3611
f 3823 3822 3611
f 3612 3823 3611
f 3824 3823 3612
f 3613 3824 3612
f 3825 3824 3613
f 3614 3825 3613
f 3826 3825 3614
f 3615 3826 3614
f 3616 3826 3615
f 3827 3826 3616
f 3759 3827 3616
f 3635 3828 3617
f 3828 3829 3617
f 3829 3830 3617
f 3830 3831 3617
f 3831 3618 3617
f 3831 3658 3618
f 3658 3619 3618
f 3680 3832 3620
f 3832 3833 3620
f 3833 3621 3620
f 3833 3834 3621
f 3834 3622 3621
f 3834 3624 3622
f 3624 3623 3622
f 3834 3835 3624
f 3835 3836 3624
f 3836 3837 3624
f 3837 3625 3624
f 3837 3838 3625
f 3838 3626 3625
f 3838 3628 3626
f 3628 3627 3626
f 3838 3839 3628
f 3839 3629 3628
f 3839 3840 3629
f 3840 3841 3629
f 3841 3630 3629
f 3841 3842 3630
f 3842 3843 3630
f 3843 3631 3630
f 3843 3844 3631
f 3844 3845 3631
f 3845 3846 3631
f 3846 3633 3631
f 3633 3632 3631
f 3846 3847 3633
f 3847 3828 3633
f 3828 3635 3633
f 3635 3634 3633
f 3657 3848 3636
f 3848 3849 3636
f 3849 3850 3636
f 3850 3637 3636
f 3850 3639 3637
f 3639 3638 3637
f 3850 3851 3639
f 3851 3789 3639
f 3660 3641 3640
f 3660 3852 3641
f 3852 3853 3641
f 3853 3854 3641
f 3854 3855 3641
f 3855 3642 3641
f 3855 3644 3642
f 3644 3643 3642
f 3855 3856 3644
f 3856 3645 3644
f 3856 3857 3645
f 3857 3858 3645
f 3858 3646 3645
f 3858 3647 3646
f 3858 3859 3647
f 3859 3860 3647
f 3860 3650 3647
f 3650 3649 3647
f 3649 3648 3647
f 3860 3859 3650
f 3859 3861 3650
f 3861 3651 3650
f 3861 3862 3651
f 3862 3863 3651
f 3863 3864 3651
f 3864 3652 3651
f 3864 3865 3652
f 3865 3866 3652
f 3866 3653 3652
f 3866 3867 3653
f 3867 3654 3653
f 3867 3868 3654
f 3868 3655 3654
f 3868 3869 3655
f 3869 3657 3655
f 3657 3656 3655
f 3869 3868 3657
f 3868 3870 3657
f 3870 3871 3657
f 3871 3848 3657
f 3831 3872 3658
f 3872 3852 3658
f 3852 3659 3658
f 3852 3660 3659
f 3873 3662 3661
f 3874 3873 3661
f 3875 3874 3661
f 3876 3875 3661
f 3666 3876 3661
f 3664 3666 3661
f 3665 3663 3662
f 3873 3665 3662
f 3873 3877 3665
f 3877 3878 3665
f 3878 3673 3665
f 3879 3876 3666
f 3880 3879 3666
f 3881 3880 3666
f 3667 3881 3666
f 3881 3667 3668
f 3882 3881 3668
f 3883 3882 3668
f 3884 3883 3668
f 3669 3885 3668
f 3461 3669 3668
f 3886 3885 3669
f 3887 3886 3669
f 3465 3887 3669
f 3671 3465 3670
f 3887 3671 3672
f 3888 3887 3672
f 3681 3888 3672
f 3889 3674 3673
f 3890 3889 3673
f 3891 3890 3673
f 3878 3891 3673
f 3892 3675 3674
f 3889 3892 3674
f 3892 3677 3675
f 3677 3676 3675
f 3892 3893 3677
f 3893 3894 3677
f 3894 3895 3677
f 3895 3896 3677
f 3896 3678 3677
f 3896 3680 3678
f 3680 3679 3678
f 3896 3897 3680
f 3897 3898 3680
f 3898 3899 3680
f 3899 3832 3680
f 3900 3888 3681
f 3682 3900 3681
f 3901 3900 3682
f 3683 3901 3682
f 3902 3901 3683
f 3903 3902 3683
f 3904 3903 3683
f 3684 3904 3683
f 3905 3904 3684
f 3685 3905 3684
f 3906 3905 3685
f 3907 3906 3685
f 3686 3907 3685
f 3908 3907 3686
f 3687 3908 3686
f 3909 3908 3687
f 3688 3909 3687
f 3689 3909 3688
f 3910 3909 3689
f 3911 3910 3689
f 3690 3911 3689
f 3912 3911 3690
f 3913 3912 3690
f 3914 3913 3690
f 3915 3914 3690
f 3691 3915 3690
f 3916 3915 3691
f 3692 3916 3691
f 3917 3916 3692
f 3693 3917 3692
f 3918 3917 3693
f 3919 3918 3693
f 3694 3919 3693
f 3920 3919 3694
f 3696 3920 3694
f 3695 3696 3694
f 3921 3920 3696
f 3698 3921 3696
f 3697 3698 3696
f 3922 3921 3698
f 3700 3922 3698
f 3699 3700 3698
f 3923 3922 3700
f 3924 3923 3700
f 3701 3924 3700
f 3925 3924 3701
f 3703 3925 3701
f 3702 3703 3701
f 3926 3925 3703
f 3704 3926 3703
f 3927 3926 3704
f 3928 3927 3704
f 3929 3928 3704
f 3705 3929 3704
f 3930 3929 3705
f 3707 3930 3705
f 3706 3707 3705
f 3931 3930 3707
f 3932 3931 3707
f 3708 3932 3707
f 3933 3932 3708
f 3710 3933 3708
f 3709 3710 3708
f 3934 3933 3710
f 3935 3934 3710
f 3712 3935 3710
f 3711 3712 3710
f 3936 3935 3712
f 3937 3936 3712
f 3713 3937 3712
f 3938 3937 3713
f 3714 3938 3713
f 3939 3938 3714
f 3715 3939 3714
f 3940 3939 3715
f 3716 3940 3715
f 3941 3940 3716
f 3718 3941 3716
f 3717 3718 3716
f 3942 3941 3718
f 3943 3942 3718
f 3719 3943 3718
f 3944 3943 3719
f 3720 3944 3719
f 3945 3944 3720
f 3721 3945 3720
f 3946 3945 3721
f 3722 3946 3721
f 3947 3946 3722
f 3723 3947 3722
f 3948 3947 3723
f 3724 3948 3723
f 3949 3948 3724
f 3725 3949 3724
f 3950 3949 3725
f 3727 3950 3725
f 3726 3727 3725
f 3951 3950 3727
f 3952 3951 3727
f 3953 3952 3727
f 3728 3953 3727
f 3729 3953 3728
f 3954 3953 3729
f 3955 3954 3729
f 3730 3955 3729
f 3956 3955 3730
f 3731 3956 3730
f 3957 3956 3731
f 3732 3957 3731
f 3734 3957 3732
f 3733 3734 3732
f 3958 3957 3734
f 3959 3958 3734
f 3736 3959 3734
f 3735 3736 3734
f 3960 3959 3736
f 3961 3960 3736
f 3962 3961 3736
f 3737 3962 3736
f 3963 3962 3737
f 3738 3963 3737
f 3739 3963 3738
f 3964 3963 3739
f 3740 3964 3739
f 3965 3964 3740
f 3966 3965 3740
f 3741 3966 3740
f 3742 3966 3741
f 3967 3966 3742
f 3968 3967 3742
f 3743 3968 3742
f 3969 3968 3743
f 3744 3969 3743
f 3746 3969 3744
f 3745 3746 3744
f 3970 3969 3746
f 3971 3970 3746
f 3747 3971 3746
f 3972 3971 3747
f 3973 3972 3747
f 3748 3973 3747
f 3974 3973 3748
f 3750 3974 3748
f 3749 3750 3748
f 3975 3974 3750
f 3751 3975 3750
f 3976 3975 3751
f 3977 3976 3751
f 3752 3977 3751
f 3978 3977 3752
f 3753 3978 3752
f 3979 3978 3753
f 3754 3979 3753
f 3755 3979 3754
f 3980 3979 3755
f 3981 3980 3755
f 3982 3981 3755
f 3757 3982 3755
f 3756 3757 3755
f 3983 3982 3757
f 3984 3983 3757
f 3761 3827 3759
f 3760 3761 3759
f 3986 3827 3761
f 3987 3986 3761
f 3762 3987 3761
f 3988 3987 3762
f 3763 3988 3762
f 3773 3988 3763
f 3764 3773 3763
f 3788 3989 3765
f 3989 3766 3765
f 3989 3990 3766
f 3990 3767 3766
f 3990 3991 3767
f 3991 3768 3767
f 3991 3992 3768
f 3992 3769 3768
f 3992 3770 3769
f 3992 3993 3770
f 3993 3994 3770
f 3994 3771 3770
f 3994 3995 3771
f 3995 3772 3771
f 3995 3996 3772
f 3996 3773 3772
f 3997 3988 3773
f 3996 3997 3773
f 3813 3998 3774
f 3998 3777 3774
f 3999 3778 3775
f 4000 3999 3775
f 3776 4000 3775
f 4001 4000 3776
f 3777 4001 3776
f 3998 4002 3777
f 4002 4001 3777
f 4003 3779 3778
f 4004 4003 3778
f 4005 4004 3778
f 3999 4005 3778
f 4003 4006 3779
f 4007 3783 3781
f 3783 3782 3781
f 4007 4008 3783
f 4008 4009 3783
f 4009 3784 3783
f 4009 3785 3784
f 4009 4010 3785
f 4010 3786 3785
f 4010 4011 3786
f 4011 3787 3786
f 4011 3788 3787
f 4011 4012 3788
f 4012 3989 3788
f 3851 4013 3789
f 4013 3790 3789
f 4013 4014 3790
f 4014 4015 3790
f 4015 4016 3790
f 4016 4017 3790
f 4017 3791 3790
f 4017 4018 3791
f 4018 3792 3791
f 4018 3793 3792
f 4018 4019 3793
f 4019 4020 3793
f 4020 4021 3793
f 4021 3795 3793
f 3795 3794 3793
f 4021 4022 3795
f 4022 3796 3795
f 4022 3798 3796
f 3798 3797 3796
f 4022 4023 3798
f 4023 4024 3798
f 4024 4025 3798
f 4025 3799 3798
f 4025 4026 3799
f 4026 3801 3799
f 4026 4027 3801
f 4027 4028 3801
f 4028 3803 3801
f 3803 3802 3801
f 4028 4029 3803
f 4029 3804 3803
f 4029 4030 3804
f 4030 3806 3804
f 3806 3805 3804
f 4030 3807 3806
f 4030 4031 3807
f 4031 4032 3807
f 4032 3808 3807
f 4032 4033 3808
f 4033 4034 3808
f 4034 3810 3808
f 3810 3809 3808
f 4034 4035 3810
f 4035 4036 3810
f 4036 4037 3810
f 4037 3811 3810
f 4037 3813 3811
f 3813 3812 3811
f 4037 4038 3813
f 4038 3998 3813
f 4039 3985 3814
f 3815 4039 3814
f 4040 4039 3815
f 4041 4040 3815
f 3816 4041 3815
f 4042 4041 3816
f 3817 4042 3816
f 4043 4042 3817
f 3818 4043 3817
f 4044 4043 3818
f 3819 4044 3818
f 4045 4044 3819
f 3820 4045 3819
f 4046 4045 3820
f 3821 4046 3820
f 4047 4046 3821
f 3822 4047 3821
f 4048 4047 3822
f 3823 4048 3822
f 4049 4048 3823
f 3824 4049 3823
f 4050 4049 3824
f 4051 4050 3824
f 3825 4051 3824
f 3826 4051 3825
f 4052 4051 3826
f 3827 4052 3826
f 4053 4052 3827
f 3986 4053 3827
f 3847 4054 3828
f 4054 4055 3828
f 4055 3830 3828
f 3830 3829 3828
f 4055 4056 3830
f 4056 3831 3830
f 4056 4057 3831
f 4057 4058 3831
f 4058 3872 3831
f 3899 4059 3832
f 4059 4060 3832
f 4060 3833 3832
f 4060 3834 3833
f 4060 4059 3834
f 4059 3835 3834
f 4059 4061 3835
f 4061 4062 3835
f 4062 4063 3835
f 4063 4064 3835
f 4064 3837 3835
f 3837 3836 3835
f 4064 4065 3837
f 4065 3839 3837
f 3839 3838 3837
f 4065 4066 3839
f 4066 3840 3839
f 4066 4067 3840
f 4067 3841 3840
f 4067 4068 3841
f 4068 3842 3841
f 4068 4069 3842
f 4069 4070 3842
f 4070 3843 3842
f 4070 4069 3843
f 4069 4071 3843
f 4071 4072 3843
f 4072 3845 3843
f 3845 3844 3843
f 4072 4073 3845
f 4073 4074 3845
f 4074 4075 3845
f 4075 3846 3845
f 4075 4054 3846
f 4054 3847 3846
f 3871 4076 3848
f 4076 3849 3848
f 4076 4077 3849
f 4077 3850 3849
f 4077 4076 3850
f 4076 4078 3850
f 4078 4079 3850
f 4079 3851 3850
f 4080 4013 3851
f 3872 4058 3852
f 4058 4081 3852
f 4081 3853 3852
f 4081 4082 3853
f 4082 4083 3853
f 4083 4084 3853
f 4084 3854 3853
f 4084 3855 3854
f 4084 4085 3855
f 4085 3856 3855
f 4085 4086 3856
f 4086 4087 3856
f 4087 3857 3856
f 4087 4088 3857
f 4088 4089 3857
f 4089 3858 3857
f 4089 3859 3858
f 4089 4090 3859
f 4090 4091 3859
f 4091 3862 3859
f 3862 3861 3859
f 4091 4090 3862
f 4090 4092 3862
f 4092 4093 3862
f 4093 3863 3862
f 4093 4094 3863
f 4094 4095 3863
f 4095 3864 3863
f 4095 3865 3864
f 4095 4096 3865
f 4096 4097 3865
f 4097 3867 3865
f 3867 3866 3865
f 4097 4098 3867
f 4098 4099 3867
f 4099 3868 3867
f 4099 4100 3868
f 4100 4101 3868
f 4101 3871 3868
f 3871 3870 3868
f 4101 4102 3871
f 4102 4103 3871
f 4103 4104 3871
f 4104 4105 3871
f 4105 4106 3871
f 4106 4078 3871
f 4078 4076 3871
f 4107 3877 3873
f 3874 4107 3873
f 4108 4107 3874
f 3875 4108 3874
f 4109 3875 3876
f 3879 4109 3876
f 4110 3878 3877
f 4107 4110 3877
f 4111 3891 3878
f 4110 4111 3878
f 3880 4109 3879
f 4112 4109 3880
f 4113 4112 3880
f 3882 4113 3880
f 3881 3882 3880
f 4114 4113 3882
f 4115 4114 3882
f 3883 4115 3882
f 4116 4115 3883
f 4117 4116 3883
f 3884 4117 3883
f 3668 3885 3884
f 4118 4117 3884
f 3888 4118 3884
f 3888 3884 3885
f 3886 3888 3885
f 3887 3888 3886
f 3465 3671 3887
f 3900 4118 3888
f 3890 4119 3889
f 4119 3893 3889
f 3893 3892 3889
f 4120 4119 3890
f 3891 4120 3890
f 4121 4120 3891
f 4111 4121 3891
f 4119 4122 3893
f 4122 4123 3893
f 4123 4124 3893
f 4124 3894 3893
f 4124 4125 3894
f 4125 3895 3894
f 4125 3897 3895
f 3897 3896 3895
f 4125 4126 3897
f 4126 4127 3897
f 4127 4128 3897
f 4128 3898 3897
f 4128 4129 3898
f 4129 4130 3898
f 4130 3899 3898
f 4130 4061 3899
f 4061 4059 3899
f 4131 4118 3900
f 3901 4131 3900
f 4132 4131 3901
f 3902 4132 3901
f 4133 4132 3902
f 4134 4133 3902
f 4135 4134 3902
f 3903 4135 3902
f 3904 4135 3903
f 4136 4135 3904
f 3905 4136 3904
f 4137 4136 3905
f 4138 4137 3905
f 3906 4138 3905
f 3907 4138 3906
f 4139 4138 3907
f 4140 4139 3907
f 3908 4140 3907
f 4141 4140 3908
f 3909 4141 3908
f 3910 4141 3909
f 4142 4141 3910
f 4143 4142 3910
f 3912 4143 3910
f 3911 3912 3910
f 4144 4143 3912
f 4145 4144 3912
f 4146 4145 3912
f 4147 4146 3912
f 4148 4147 3912
f 3913 4148 3912
f 3914 4148 3913
f 4147 4148 3914
f 4149 4147 3914
f 4150 4149 3914
f 4151 4150 3914
f 3916 4151 3914
f 3915 3916 3914
f 4152 4151 3916
f 3917 4152 3916
f 4153 4152 3917
f 4154 4153 3917
f 3918 4154 3917
f 3919 4154 3918
f 4155 4154 3919
f 4156 4155 3919
f 3921 4156 3919
f 3920 3921 3919
f 3923 4156 3921
f 3922 3923 3921
f 4155 4156 3923
f 4157 4155 3923
f 3924 4157 3923
f 4158 4157 3924
f 3926 4158 3924
f 3925 3926 3924
f 4159 4158 3926
f 4160 4159 3926
f 3927 4160 3926
f 4161 4160 3927
f 4162 4161 3927
f 3929 4162 3927
f 3928 3929 3927
f 4163 4162 3929
f 4164 4163 3929
f 3931 4164 3929
f 3930 3931 3929
f 4165 4164 3931
f 4166 4165 3931
f 3932 4166 3931
f 4167 4166 3932
f 3934 4167 3932
f 3933 3934 3932
f 4168 4167 3934
f 4169 4168 3934
f 3936 4169 3934
f 3935 3936 3934
f 4170 4169 3936
f 4171 4170 3936
f 3937 4171 3936
f 4172 4171 3937
f 3938 4172 3937
f 4173 4172 3938
f 3939 4173 3938
f 4174 4173 3939
f 3940 4174 3939
f 4175 4174 3940
f 3942 4175 3940
f 3941 3942 3940
f 4176 4175 3942
f 4177 4176 3942
f 3943 4177 3942
f 4178 4177 3943
f 3944 4178 3943
f 4179 4178 3944
f 3945 4179 3944
f 4180 4179 3945
f 3946 4180 3945
f 4181 4180 3946
f 3947 4181 3946
f 4182 4181 3947
f 3948 4182 3947
f 4183 4182 3948
f 3949 4183 3948
f 4184 4183 3949
f 3951 4184 3949
f 3950 3951 3949
f 4185 4184 3951
f 4186 4185 3951
f 4187 4186 3951
f 3952 4187 3951
f 3953 4187 3952
f 4188 4187 3953
f 4189 4188 3953
f 3954 4189 3953
f 4190 4189 3954
f 3955 4190 3954
f 4191 4190 3955
f 3956 4191 3955
f 3958 4191 3956
f 3957 3958 3956
f 4192 4191 3958
f 4193 4192 3958
f 3960 4193 3958
f 3959 3960 3958
f 4194 4193 3960
f 4195 4194 3960
f 4196 4195 3960
f 3961 4196 3960
f 4197 4196 3961
f 3962 4197 3961
f 3963 4197 3962
f 4198 4197 3963
f 3964 4198 3963
f 4199 4198 3964
f 4200 4199 3964
f 3965 4200 3964
f 3967 4200 3965
f 3966 3967 3965
f 4201 4200 3967
f 4202 4201 3967
f 3968 4202 3967
f 4203 4202 3968
f 4204 4203 3968
f 3970 4204 3968
f 3969 3970 3968
f 4205 4204 3970
f 4206 4205 3970
f 3971 4206 3970
f 4207 4206 3971
f 4208 4207 3971
f 3972 4208 3971
f 4209 4208 3972
f 3973 4209 3972
f 3975 4209 3973
f 3974 3975 3973
f 4210 4209 3975
f 4211 4210 3975
f 3976 4211 3975
f 4212 4211 3976
f 3977 4212 3976
f 4213 4212 3977
f 3978 4213 3977
f 3979 4213 3978
f 4214 4213 3979
f 4215 4214 3979
f 3980 4215 3979
f 4216 4215 3980
f 4217 4216 3980
f 3981 4217 3980
f 3983 4217 3981
f 3982 3983 3981
f 4218 4217 3983
f 4219 4218 3983
f 4220 4219 3983
f 3984 4220 3983
f 4221 4220 3984
f 4225 4053 3986
f 4226 4225 3986
f 3987 4226 3986
f 3997 4226 3987
f 3988 3997 3987
f 4012 4227 3989
f 4227 3990 3989
f 4227 4228 3990
f 4228 3991 3990
f 4228 4229 3991
f 4229 3992 3991
f 4229 4230 3992
f 4230 3993 3992
f 4230 4231 3993
f 4231 3994 3993
f 4231 4232 3994
f 4232 3995 3994
f 4232 4233 3995
f 4233 4234 3995
f 4234 3996 3995
f 4234 3997 3996
f 4235 4226 3997
f 4234 4235 3997
f 4038 4236 3998
f 4236 4002 3998
f 4237 4005 3999
f 4238 4237 3999
f 4000 4238 3999
f 4001 4238 4000
f 4002 4239 4001
f 4239 4240 4001
f 4240 4238 4001
f 4236 4241 4002
f 4241 4239 4002
f 4242 4006 4003
f 4243 4242 4003
f 4244 4243 4003
f 4004 4244 4003
f 4245 4244 4004
f 4005 4245 4004
f 4246 4245 4005
f 4247 4246 4005
f 4237 4247 4005
f 4248 4249 4007
f 4249 4250 4007
f 4250 4251 4007
f 4251 4009 4007
f 4009 4008 4007
f 4251 4252 4009
f 4252 4253 4009
f 4253 4254 4009
f 4254 4010 4009
f 4254 4011 4010
f 4254 4255 4011
f 4255 4012 4011
f 4255 4256 4012
f 4256 4227 4012
f 4080 4014 4013
f 4080 4079 4014
f 4079 4257 4014
f 4257 4258 4014
f 4258 4259 4014
f 4259 4015 4014
f 4259 4260 4015
f 4260 4261 4015
f 4261 4016 4015
f 4261 4017 4016
f 4261 4262 4017
f 4262 4019 4017
f 4019 4018 4017
f 4262 4020 4019
f 4262 4263 4020
f 4263 4023 4020
f 4023 4022 4020
f 4022 4021 4020
f 4263 4264 4023
f 4264 4024 4023
f 4264 4265 4024
f 4265 4266 4024
f 4266 4026 4024
f 4026 4025 4024
f 4266 4027 4026
f 4266 4265 4027
f 4265 4267 4027
f 4267 4268 4027
f 4268 4028 4027
f 4268 4269 4028
f 4269 4270 4028
f 4270 4029 4028
f 4270 4271 4029
f 4271 4030 4029
f 4271 4272 4030
f 4272 4273 4030
f 4273 4031 4030
f 4273 4274 4031
f 4274 4033 4031
f 4033 4032 4031
f 4274 4275 4033
f 4275 4035 4033
f 4035 4034 4033
f 4275 4276 4035
f 4276 4038 4035
f 4038 4036 4035
f 4038 4037 4036
f 4276 4277 4038
f 4277 4241 4038
f 4241 4236 4038
f 4278 4224 4039
f 4040 4278 4039
f 4041 4278 4040
f 4279 4278 4041
f 4042 4279 4041
f 4280 4279 4042
f 4281 4280 4042
f 4043 4281 4042
f 4282 4281 4043
f 4044 4282 4043
f 4045 4282 4044
f 4283 4282 4045
f 4046 4283 4045
f 4284 4283 4046
f 4285 4284 4046
f 4047 4285 4046
f 4286 4285 4047
f 4048 4286 4047
f 4287 4286 4048
f 4049 4287 4048
f 4288 4287 4049
f 4050 4288 4049
f 4051 4288 4050
f 4289 4288 4051
f 4290 4289 4051
f 4052 4290 4051
f 4291 4290 4052
f 4225 4291 4052
f 4053 4225 4052
f 4075 4292 4054
f 4292 4293 4054
f 4293 4294 4054
f 4294 4295 4054
f 4295 4055 4054
f 4295 4056 4055
f 4295 4296 4056
f 4296 4057 4056
f 4296 4297 4057
f 4297 4298 4057
f 4298 4058 4057
f 4298 4081 4058
f 4130 4129 4061
f 4129 4299 4061
f 4299 4300 4061
f 4300 4062 4061
f 4300 4301 4062
f 4301 4063 4062
f 4301 4066 4063
f 4066 4065 4063
f 4065 4064 4063
f 4301 4302 4066
f 4302 4303 4066
f 4303 4067 4066
f 4303 4068 4067
f 4303 4069 4068
f 4303 4304 4069
f 4304 4305 4069
f 4305 4071 4069
f 4305 4306 4071
f 4306 4072 4071
f 4306 4307 4072
f 4307 4073 4072
f 4307 4308 4073
f 4308 4309 4073
f 4309 4310 4073
f 4310 4311 4073
f 4311 4074 4073
f 4311 4292 4074
f 4292 4075 4074
f 4106 4257 4078
f 4257 4079 4078
f 4080 3851 4079
f 4298 4312 4081
f 4312 4082 4081
f 4312 4313 4082
f 4313 4314 4082
f 4314 4315 4082
f 4315 4316 4082
f 4316 4084 4082
f 4084 4083 4082
f 4316 4085 4084
f 4316 4315 4085
f 4315 4317 4085
f 4317 4086 4085
f 4317 4318 4086
f 4318 4319 4086
f 4319 4320 4086
f 4320 4321 4086
f 4321 4087 4086
f 4321 4089 4087
f 4089 4088 4087
f 4321 4322 4089
f 4322 4323 4089
f 4323 4324 4089
f 4324 4090 4089
f 4324 4325 4090
f 4325 4092 4090
f 4325 4326 4092
f 4326 4093 4092
f 4326 4327 4093
f 4327 4094 4093
f 4327 4328 4094
f 4328 4096 4094
f 4096 4095 4094
f 4328 4327 4096
f 4327 4329 4096
f 4329 4330 4096
f 4330 4098 4096
f 4098 4097 4096
f 4330 4331 4098
f 4331 4332 4098
f 4332 4333 4098
f 4333 4100 4098
f 4100 4099 4098
f 4333 4334 4100
f 4334 4335 4100
f 4335 4102 4100
f 4102 4101 4100
f 4335 4103 4102
f 4335 4336 4103
f 4336 4337 4103
f 4337 4338 4103
f 4103 4338 4104
f 4338 4105 4104
f 4338 4339 4105
f 4339 4106 4105
f 4339 4340 4106
f 4340 4258 4106
f 4258 4257 4106
f 4341 4110 4107
f 4342 4341 4107
f 3875 4342 4107
f 4108 3875 4107
f 4342 3875 4109
f 4343 4342 4109
f 4344 4343 4109
f 4112 4344 4109
f 4345 4111 4110
f 4341 4345 4110
f 4346 4121 4111
f 4345 4346 4111
f 4347 4344 4112
f 4348 4347 4112
f 4113 4348 4112
f 4114 4348 4113
f 4349 4348 4114
f 4116 4349 4114
f 4115 4116 4114
f 4350 4349 4116
f 4351 4350 4116
f 4352 4351 4116
f 4117 4352 4116
f 4131 4352 4117
f 4118 4131 4117
f 4353 4122 4119
f 4354 4353 4119
f 4120 4354 4119
f 4355 4354 4120
f 4121 4355 4120
f 4346 4355 4121
f 4356 4123 4122
f 4357 4356 4122
f 4358 4357 4122
f 4359 4358 4122
f 4353 4359 4122
f 4356 4360 4123
f 4360 4124 4123
f 4360 4361 4124
f 4361 4126 4124
f 4126 4125 4124
f 4361 4362 4126
f 4362 4127 4126
f 4362 4363 4127
f 4363 4128 4127
f 4363 4364 4128
f 4364 4129 4128
f 4364 4365 4129
f 4365 4299 4129
f 4366 4352 4131
f 4367 4366 4131
f 4132 4367 4131
f 4368 4367 4132
f 4133 4368 4132
f 4369 4368 4133
f 4134 4369 4133
f 4370 4369 4134
f 4135 4370 4134
f 4371 4370 4135
f 4136 4371 4135
f 4372 4371 4136
f 4373 4372 4136
f 4137 4373 4136
f 4138 4373 4137
f 4374 4373 4138
f 4375 4374 4138
f 4139 4375 4138
f 4140 4375 4139
f 4376 4375 4140
f 4141 4376 4140
f 4377 4376 4141
f 4142 4377 4141
f 4378 4377 4142
f 4379 4378 4142
f 4144 4379 4142
f 4143 4144 4142
f 4380 4379 4144
f 4145 4380 4144
f 4381 4380 4145
f 4382 4381 4145
f 4383 4382 4145
f 4146 4383 4145
f 4384 4383 4146
f 4147 4384 4146
f 4385 4384 4147
f 4149 4385 4147
f 4386 4385 4149
f 4150 4386 4149
f 4387 4386 4150
f 4152 4387 4150
f 4151 4152 4150
f 4388 4387 4152
f 4389 4388 4152
f 4153 4389 4152
f 4154 4389 4153
f 4157 4389 4154
f 4155 4157 4154
f 4390 4389 4157
f 4391 4390 4157
f 4159 4391 4157
f 4158 4159 4157
f 4392 4391 4159
f 4393 4392 4159
f 4160 4393 4159
f 4394 4393 4160
f 4395 4394 4160
f 4161 4395 4160
f 4396 4395 4161
f 4163 4396 4161
f 4162 4163 4161
f 4397 4396 4163
f 4398 4397 4163
f 4165 4398 4163
f 4164 4165 4163
f 4399 4398 4165
f 4400 4399 4165
f 4166 4400 4165
f 4401 4400 4166
f 4168 4401 4166
f 4167 4168 4166
f 4402 4401 4168
f 4403 4402 4168
f 4170 4403 4168
f 4169 4170 4168
f 4404 4403 4170
f 4405 4404 4170
f 4171 4405 4170
f 4406 4405 4171
f 4172 4406 4171
f 4407 4406 4172
f 4173 4407 4172
f 4408 4407 4173
f 4174 4408 4173
f 4409 4408 4174
f 4176 4409 4174
f 4175 4176 4174
f 4410 4409 4176
f 4411 4410 4176
f 4177 4411 4176
f 4412 4411 4177
f 4178 4412 4177
f 4413 4412 4178
f 4179 4413 4178
f 4414 4413 4179
f 4180 4414 4179
f 4415 4414 4180
f 4416 4415 4180
f 4181 4416 4180
f 4183 4416 4181
f 4182 4183 4181
f 4417 4416 4183
f 4418 4417 4183
f 4185 4418 4183
f 4184 4185 4183
f 4419 4418 4185
f 4420 4419 4185
f 4421 4420 4185
f 4186 4421 4185
f 4187 4421 4186
f 4422 4421 4187
f 4188 4422 4187
f 4423 4422 4188
f 4424 4423 4188
f 4189 4424 4188
f 4425 4424 4189
f 4190 4425 4189
f 4191 4425 4190
f 4426 4425 4191
f 4427 4426 4191
f 4192 4427 4191
f 4194 4427 4192
f 4193 4194 4192
f 4428 4427 4194
f 4429 4428 4194
f 4430 4429 4194
f 4195 4430 4194
f 4431 4430 4195
f 4196 4431 4195
f 4197 4431 4196
f 4432 4431 4197
f 4198 4432 4197
f 4433 4432 4198
f 4434 4433 4198
f 4199 4434 4198
f 4201 4434 4199
f 4200 4201 4199
f 4435 4434 4201
f 4436 4435 4201
f 4202 4436 4201
f 4437 4436 4202
f 4438 4437 4202
f 4203 4438 4202
f 4439 4438 4203
f 4205 4439 4203
f 4204 4205 4203
f 4440 4439 4205
f 4206 4440 4205
f 4441 4440 4206
f 4442 4441 4206
f 4207 4442 4206
f 4443 4442 4207
f 4208 4443 4207
f 4210 4443 4208
f 4209 4210 4208
f 4444 4443 4210
f 4445 4444 4210
f 4446 4445 4210
f 4211 4446 4210
f 4447 4446 4211
f 4212 4447 4211
f 4214 4447 4212
f 4213 4214 4212
f 4448 4447 4214
f 4449 4448 4214
f 4450 4449 4214
f 4451 4450 4214
f 4215 4451 4214
f 4452 4451 4215
f 4216 4452 4215
f 4218 4452 4216
f 4217 4218 4216
f 4453 4452 4218
f 4454 4453 4218
f 4455 4454 4218
f 4219 4455 4218
f 4456 4455 4219
f 4220 4456 4219
f 4457 4456 4220
f 4221 4457 4220
f 4458 4457 4221
f 4459 4458 4221
f 4460 4222 4223
f 4278 4460 4223
f 4224 4278 4223
f 4235 4291 4225
f 4226 4235 4225
f 4256 4461 4227
f 4461 4462 4227
f 4462 4228 4227
f 4462 4229 4228
f 4462 4463 4229
f 4463 4464 4229
f 4464 4230 4229
f 4464 4465 4230
f 4465 4231 4230
f 4465 4466 4231
f 4466 4467 4231
f 4467 4232 4231
f 4467 4233 4232
f 4467 4468 4233
f 4468 4234 4233
f 4469 4235 4234
f 4468 4469 4234
f 4470 4291 4235
f 4469 4470 4235
f 4240 4247 4237
f 4238 4240 4237
f 4241 4471 4239
f 4471 4240 4239
f 4471 4472 4240
f 4472 4473 4240
f 4473 4474 4240
f 4474 4247 4240
f 4277 4475 4241
f 4475 4476 4241
f 4476 4477 4241
f 4477 4472 4241
f 4472 4471 4241
f 4479 4478 4242
f 4480 4479 4242
f 4243 4480 4242
f 4244 4480 4243
f 4481 4480 4244
f 4245 4481 4244
f 4474 4481 4245
f 4246 4474 4245
f 4247 4474 4246
f 4482 4249 4248
f 4482 4483 4249
f 4483 4484 4249
f 4484 4485 4249
f 4485 4486 4249
f 4486 4250 4249
f 4486 4487 4250
f 4487 4251 4250
f 4487 4488 4251
f 4488 4252 4251
f 4488 4489 4252
f 4489 4490 4252
f 4490 4253 4252
f 4490 4491 4253
f 4491 4254 4253
f 4491 4492 4254
f 4492 4255 4254
f 4492 4493 4255
f 4493 4256 4255
f 4493 4494 4256
f 4494 4461 4256
f 4340 4495 4258
f 4495 4496 4258
f 4496 4259 4258
f 4496 4497 4259
f 4497 4260 4259
f 4497 4498 4260
f 4498 4261 4260
f 4498 4499 4261
f 4499 4500 4261
f 4500 4262 4261
f 4500 4501 4262
f 4501 4263 4262
f 4501 4502 4263
f 4502 4264 4263
f 4502 4503 4264
f 4503 4265 4264
f 4503 4504 4265
f 4504 4267 4265
f 4504 4505 4267
f 4505 4269 4267
f 4269 4268 4267
f 4505 4506 4269
f 4506 4271 4269
f 4271 4270 4269
f 4506 4507 4271
f 4507 4508 4271
f 4508 4272 4271
f 4508 4509 4272
f 4509 4274 4272
f 4274 4273 4272
f 4509 4510 4274
f 4510 4511 4274
f 4511 4275 4274
f 4511 4276 4275
f 4511 4512 4276
f 4512 4513 4276
f 4513 4475 4276
f 4475 4277 4276
f 4514 4460 4278
f 4279 4514 4278
f 4515 4514 4279
f 4516 4515 4279
f 4280 4516 4279
f 4281 4516 4280
f 4517 4516 4281
f 4282 4517 4281
f 4518 4517 4282
f 4283 4518 4282
f 4519 4518 4283
f 4520 4519 4283
f 4284 4520 4283
f 4285 4520 4284
f 4521 4520 4285
f 4522 4521 4285
f 4286 4522 4285
f 4523 4522 4286
f 4287 4523 4286
f 4288 4523 4287
f 4524 4523 4288
f 4289 4524 4288
f 4470 4524 4289
f 4291 4470 4289
f 4290 4291 4289
f 4311 4293 4292
f 4311 4525 4293
f 4525 4526 4293
f 4526 4527 4293
f 4527 4294 4293
f 4527 4528 4294
f 4528 4529 4294
f 4529 4295 4294
f 4529 4296 4295
f 4529 4530 4296
f 4530 4531 4296
f 4531 4532 4296
f 4532 4297 4296
f 4532 4533 4297
f 4533 4534 4297
f 4534 4298 4297
f 4534 4313 4298
f 4313 4312 4298
f 4365 4535 4299
f 4535 4300 4299
f 4535 4536 4300
f 4536 4301 4300
f 4536 4302 4301
f 4536 4535 4302
f 4535 4537 4302
f 4537 4538 4302
f 4538 4303 4302
f 4538 4539 4303
f 4539 4540 4303
f 4540 4541 4303
f 4541 4542 4303
f 4542 4304 4303
f 4542 4305 4304
f 4542 4543 4305
f 4543 4544 4305
f 4544 4307 4305
f 4307 4306 4305
f 4544 4308 4307
f 4544 4545 4308
f 4545 4546 4308
f 4546 4310 4308
f 4308 4310 4309
f 4546 4547 4310
f 4547 4548 4310
f 4548 4525 4310
f 4525 4311 4310
f 4534 4549 4313
f 4549 4314 4313
f 4549 4550 4314
f 4550 4551 4314
f 4551 4317 4314
f 4317 4315 4314
f 4551 4318 4317
f 4551 4550 4318
f 4550 4552 4318
f 4552 4553 4318
f 4553 4554 4318
f 4554 4319 4318
f 4554 4555 4319
f 4555 4556 4319
f 4556 4320 4319
f 4556 4321 4320
f 4556 4322 4321
f 4556 4557 4322
f 4557 4558 4322
f 4558 4323 4322
f 4558 4559 4323
f 4559 4325 4323
f 4325 4324 4323
f 4559 4560 4325
f 4560 4561 4325
f 4561 4562 4325
f 4562 4326 4325
f 4562 4563 4326
f 4563 4327 4326
f 4563 4564 4327
f 4564 4329 4327
f 4564 4565 4329
f 4565 4331 4329
f 4331 4330 4329
f 4565 4566 4331
f 4566 4567 4331
f 4567 4568 4331
f 4568 4334 4331
f 4334 4333 4331
f 4333 4332 4331
f 4568 4569 4334
f 4569 4570 4334
f 4570 4335 4334
f 4570 4336 4335
f 4570 4569 4336
f 4569 4571 4336
f 4571 4572 4336
f 4572 4337 4336
f 4572 4573 4337
f 4573 4574 4337
f 4574 4339 4337
f 4339 4338 4337
f 4574 4575 4339
f 4575 4340 4339
f 4575 4576 4340
f 4576 4495 4340
f 4577 4345 4341
f 4578 4577 4341
f 4343 4578 4341
f 4342 4343 4341
f 4579 4578 4343
f 4344 4579 4343
f 4580 4579 4344
f 4347 4580 4344
f 4581 4346 4345
f 4577 4581 4345
f 4582 4355 4346
f 4581 4582 4346
f 4583 4580 4347
f 4584 4583 4347
f 4348 4584 4347
f 4349 4584 4348
f 4585 4584 4349
f 4586 4585 4349
f 4350 4586 4349
f 4587 4586 4350
f 4588 4587 4350
f 4589 4588 4350
f 4351 4589 4350
f 4366 4589 4351
f 4352 4366 4351
f 4354 4359 4353
f 4590 4359 4354
f 4355 4590 4354
f 4591 4590 4355
f 4582 4591 4355
f 4357 4592 4356
f 4592 4593 4356
f 4593 4360 4356
f 4358 4594 4357
f 4594 4595 4357
f 4595 4596 4357
f 4596 4592 4357
f 4597 4594 4358
f 4359 4597 4358
f 4598 4597 4359
f 4590 4598 4359
f 4593 4599 4360
f 4599 4361 4360
f 4599 4600 4361
f 4600 4363 4361
f 4363 4362 4361
f 4600 4601 4363
f 4601 4602 4363
f 4602 4364 4363
f 4602 4603 4364
f 4603 4604 4364
f 4604 4365 4364
f 4604 4605 4365
f 4605 4537 4365
f 4537 4535 4365
f 4606 4589 4366
f 4607 4606 4366
f 4367 4607 4366
f 4368 4607 4367
f 4608 4607 4368
f 4609 4608 4368
f 4610 4609 4368
f 4369 4610 4368
f 4611 4610 4369
f 4370 4611 4369
f 4371 4611 4370
f 4612 4611 4371
f 4372 4612 4371
f 4613 4612 4372
f 4614 4613 4372
f 4373 4614 4372
f 4374 4614 4373
f 4615 4614 4374
f 4616 4615 4374
f 4375 4616 4374
f 4376 4616 4375
f 4617 4616 4376
f 4618 4617 4376
f 4377 4618 4376
f 4378 4618 4377
f 4619 4618 4378
f 4620 4619 4378
f 4380 4620 4378
f 4379 4380 4378
f 4621 4620 4380
f 4381 4621 4380
f 4622 4621 4381
f 4623 4622 4381
f 4624 4623 4381
f 4382 4624 4381
f 4625 4624 4382
f 4384 4625 4382
f 4383 4384 4382
f 4626 4625 4384
f 4627 4626 4384
f 4628 4627 4384
f 4385 4628 4384
f 4629 4628 4385
f 4386 4629 4385
f 4630 4629 4386
f 4387 4630 4386
f 4631 4630 4387
f 4390 4631 4387
f 4388 4390 4387
f 4389 4390 4388
f 4632 4631 4390
f 4633 4632 4390
f 4392 4633 4390
f 4391 4392 4390
f 4634 4633 4392
f 4393 4634 4392
f 4635 4634 4393
f 4636 4635 4393
f 4637 4636 4393
f 4394 4637 4393
f 4638 4637 4394
f 4395 4638 4394
f 4639 4638 4395
f 4397 4639 4395
f 4396 4397 4395
f 4640 4639 4397
f 4641 4640 4397
f 4399 4641 4397
f 4398 4399 4397
f 4642 4641 4399
f 4643 4642 4399
f 4400 4643 4399
f 4644 4643 4400
f 4402 4644 4400
f 4401 4402 4400
f 4645 4644 4402
f 4646 4645 4402
f 4404 4646 4402
f 4403 4404 4402
f 4647 4646 4404
f 4648 4647 4404
f 4405 4648 4404
f 4649 4648 4405
f 4406 4649 4405
f 4650 4649 4406
f 4407 4650 4406
f 4651 4650 4407
f 4408 4651 4407
f 4652 4651 4408
f 4410 4652 4408
f 4409 4410 4408
f 4653 4652 4410
f 4654 4653 4410
f 4411 4654 4410
f 4655 4654 4411
f 4412 4655 4411
f 4656 4655 4412
f 4413 4656 4412
f 4657 4656 4413
f 4414 4657 4413
f 4658 4657 4414
f 4659 4658 4414
f 4415 4659 4414
f 4417 4659 4415
f 4416 4417 4415
f 4660 4659 4417
f 4661 4660 4417
f 4419 4661 4417
f 4418 4419 4417
f 4662 4661 4419
f 4663 4662 4419
f 4664 4663 4419
f 4420 4664 4419
f 4421 4664 4420
f 4665 4664 4421
f 4422 4665 4421
f 4666 4665 4422
f 4667 4666 4422
f 4423 4667 4422
f 4668 4667 4423
f 4424 4668 4423
f 4425 4668 4424
f 4669 4668 4425
f 4670 4669 4425
f 4426 4670 4425
f 4428 4670 4426
f 4427 4428 4426
f 4671 4670 4428
f 4672 4671 4428
f 4673 4672 4428
f 4429 4673 4428
f 4674 4673 4429
f 4430 4674 4429
f 4431 4674 4430
f 4675 4674 4431
f 4432 4675 4431
f 4676 4675 4432
f 4677 4676 4432
f 4433 4677 4432
f 4434 4677 4433
f 4678 4677 4434
f 4679 4678 4434
f 4435 4679 4434
f 4436 4679 4435
f 4680 4679 4436
f 4437 4680 4436
f 4681 4680 4437
f 4682 4681 4437
f 4438 4682 4437
f 4683 4682 4438
f 4440 4683 4438
f 4439 4440 4438
f 4684 4683 4440
f 4685 4684 4440
f 4441 4685 4440
f 4442 4685 4441
f 4686 4685 4442
f 4687 4686 4442
f 4444 4687 4442
f 4443 4444 4442
f 4688 4687 4444
f 4689 4688 4444
f 4690 4689 4444
f 4445 4690 4444
f 4691 4690 4445
f 4446 4691 4445
f 4692 4691 4446
f 4448 4692 4446
f 4447 4448 4446
f 4693 4692 4448
f 4449 4693 4448
f 4694 4693 4449
f 4695 4694 4449
f 4450 4695 4449
f 4696 4695 4450
f 4453 4696 4450
f 4451 4453 4450
f 4452 4453 4451
f 4697 4696 4453
f 4698 4697 4453
f 4699 4698 4453
f 4700 4699 4453
f 4454 4700 4453
f 4701 4700 4454
f 4455 4701 4454
f 4702 4701 4455
f 4456 4702 4455
f 4703 4702 4456
f 4458 4703 4456
f 4457 4458 4456
f 4704 4703 4458
f 4705 4704 4458
f 4706 4705 4458
f 4478 4706 4458
f 4459 4478 4458
f 4707 4222 4460
f 4708 4707 4460
f 4514 4708 4460
f 4494 4462 4461
f 4494 4709 4462
f 4709 4710 4462
f 4710 4463 4462
f 4710 4464 4463
f 4710 4711 4464
f 4711 4465 4464
f 4711 4712 4465
f 4712 4466 4465
f 4712 4713 4466
f 4713 4467 4466
f 4713 4714 4467
f 4714 4468 4467
f 4715 4469 4468
f 4714 4715 4468
f 4716 4470 4469
f 4715 4716 4469
f 4717 4524 4470
f 4718 4717 4470
f 4716 4718 4470
f 4477 4719 4472
f 4719 4720 4472
f 4720 4721 4472
f 4721 4722 4472
f 4722 4473 4472
f 4722 4723 4473
f 4723 4474 4473
f 4723 4724 4474
f 4724 4481 4474
f 4513 4725 4475
f 4725 4476 4475
f 4725 4726 4476
f 4726 4719 4476
f 4719 4477 4476
f 4727 4706 4478
f 4728 4727 4478
f 4479 4728 4478
f 4729 4728 4479
f 4730 4729 4479
f 4480 4730 4479
f 4724 4730 4480
f 4481 4724 4480
f 4731 4732 4483
f 4732 4484 4483
f 4732 4733 4484
f 4733 4734 4484
f 4734 4485 4484
f 4734 4735 4485
f 4735 4486 4485
f 4735 4736 4486
f 4736 4488 4486
f 4488 4487 4486
f 4736 4737 4488
f 4737 4489 4488
f 4737 4738 4489
f 4738 4490 4489
f 4738 4739 4490
f 4739 4491 4490
f 4739 4740 4491
f 4740 4492 4491
f 4740 4741 4492
f 4741 4493 4492
f 4741 4742 4493
f 4742 4743 4493
f 4743 4494 4493
f 4743 4709 4494
f 4576 4744 4495
f 4744 4745 4495
f 4745 4496 4495
f 4745 4746 4496
f 4746 4498 4496
f 4498 4497 4496
f 4746 4747 4498
f 4747 4748 4498
f 4748 4749 4498
f 4749 4750 4498
f 4750 4500 4498
f 4500 4499 4498
f 4750 4751 4500
f 4751 4501 4500
f 4751 4752 4501
f 4752 4753 4501
f 4753 4502 4501
f 4753 4754 4502
f 4754 4504 4502
f 4504 4503 4502
f 4754 4755 4504
f 4755 4756 4504
f 4756 4505 4504
f 4756 4757 4505
f 4757 4758 4505
f 4758 4506 4505
f 4758 4759 4506
f 4759 4507 4506
f 4759 4760 4507
f 4760 4761 4507
f 4761 4509 4507
f 4509 4508 4507
f 4761 4762 4509
f 4762 4763 4509
f 4763 4510 4509
f 4763 4764 4510
f 4764 4511 4510
f 4764 4765 4511
f 4765 4513 4511
f 4513 4512 4511
f 4765 4725 4513
f 4766 4708 4514
f 4515 4766 4514
f 4767 4766 4515
f 4516 4767 4515
f 4768 4767 4516
f 4517 4768 4516
f 4769 4768 4517
f 4518 4769 4517
f 4770 4769 4518
f 4519 4770 4518
f 4771 4770 4519
f 4520 4771 4519
f 4772 4771 4520
f 4521 4772 4520
f 4773 4772 4521
f 4522 4773 4521
f 4774 4773 4522
f 4523 4774 4522
f 4717 4774 4523
f 4524 4717 4523
f 4548 4775 4525
f 4775 4526 4525
f 4775 4776 4526
f 4776 4527 4526
f 4776 4777 4527
f 4777 4778 4527
f 4778 4530 4527
f 4530 4528 4527
f 4530 4529 4528
f 4778 4779 4530
f 4779 4531 4530
f 4779 4533 4531
f 4533 4532 4531
f 4779 4780 4533
f 4780 4781 4533
f 4781 4534 4533
f 4781 4550 4534
f 4550 4549 4534
f 4605 4539 4537
f 4539 4538 4537
f 4605 4604 4539
f 4604 4540 4539
f 4604 4782 4540
f 4782 4783 4540
f 4783 4541 4540
f 4783 4542 4541
f 4783 4784 4542
f 4784 4785 4542
f 4785 4544 4542
f 4544 4543 4542
f 4785 4786 4544
f 4786 4545 4544
f 4786 4787 4545
f 4787 4788 4545
f 4788 4789 4545
f 4789 4790 4545
f 4790 4547 4545
f 4547 4546 4545
f 4790 4791 4547
f 4791 4792 4547
f 4792 4548 4547
f 4792 4793 4548
f 4793 4775 4548
f 4781 4552 4550
f 4781 4794 4552
f 4794 4795 4552
f 4795 4796 4552
f 4796 4797 4552
f 4797 4798 4552
f 4798 4553 4552
f 4798 4799 4553
f 4799 4554 4553
f 4799 4800 4554
f 4800 4555 4554
f 4800 4801 4555
f 4801 4556 4555
f 4801 4557 4556
f 4801 4800 4557
f 4800 4802 4557
f 4802 4803 4557
f 4803 4804 4557
f 4804 4560 4557
f 4560 4558 4557
f 4560 4559 4558
f 4804 4805 4560
f 4805 4806 4560
f 4806 4561 4560
f 4806 4807 4561
f 4807 4562 4561
f 4807 4808 4562
f 4808 4563 4562
f 4808 4809 4563
f 4809 4810 4563
f 4810 4811 4563
f 4811 4564 4563
f 4811 4812 4564
f 4812 4813 4564
f 4813 4566 4564
f 4566 4565 4564
f 4813 4814 4566
f 4814 4568 4566
f 4568 4567 4566
f 4814 4815 4568
f 4815 4571 4568
f 4571 4569 4568
f 4815 4816 4571
f 4816 4817 4571
f 4817 4572 4571
f 4817 4818 4572
f 4818 4819 4572
f 4819 4573 4572
f 4819 4575 4573
f 4575 4574 4573
f 4819 4820 4575
f 4820 4576 4575
f 4820 4821 4576
f 4821 4822 4576
f 4822 4744 4576
f 4823 4581 4577
f 4824 4823 4577
f 4578 4824 4577
f 4825 4824 4578
f 4579 4825 4578
f 4826 4825 4579
f 4583 4826 4579
f 4580 4583 4579
f 4827 4582 4581
f 4823 4827 4581
f 4828 4591 4582
f 4827 4828 4582
f 4829 4826 4583
f 4830 4829 4583
f 4831 4830 4583
f 4832 4831 4583
f 4585 4832 4583
f 4584 4585 4583
f 4833 4832 4585
f 4587 4833 4585
f 4586 4587 4585
f 4834 4833 4587
f 4835 4834 4587
f 4588 4835 4587
f 4606 4835 4588
f 4589 4606 4588
f 4836 4598 4590
f 4591 4836 4590
f 4837 4836 4591
f 4828 4837 4591
f 4596 4838 4592
f 4838 4593 4592
f 4838 4839 4593
f 4839 4599 4593
f 4597 4840 4594
f 4840 4841 4594
f 4841 4842 4594
f 4842 4595 4594
f 4842 4843 4595
f 4843 4596 4595
f 4843 4844 4596
f 4844 4838 4596
f 4598 4845 4597
f 4845 4846 4597
f 4846 4840 4597
f 4836 4847 4598
f 4847 4848 4598
f 4848 4845 4598
f 4839 4601 4599
f 4601 4600 4599
f 4839 4849 4601
f 4849 4850 4601
f 4850 4851 4601
f 4851 4602 4601
f 4851 4852 4602
f 4852 4853 4602
f 4853 4603 4602
f 4853 4854 4603
f 4854 4855 4603
f 4855 4604 4603
f 4855 4782 4604
f 4856 4835 4606
f 4608 4856 4606
f 4607 4608 4606
f 4857 4856 4608
f 4858 4857 4608
f 4859 4858 4608
f 4860 4859 4608
f 4609 4860 4608
f 4861 4860 4609
f 4862 4861 4609
f 4610 4862 4609
f 4863 4862 4610
f 4611 4863 4610
f 4864 4863 4611
f 4865 4864 4611
f 4612 4865 4611
f 4613 4865 4612
f 4866 4865 4613
f 4614 4866 4613
f 4867 4866 4614
f 4615 4867 4614
f 4868 4867 4615
f 4616 4868 4615
f 4869 4868 4616
f 4617 4869 4616
f 4870 4869 4617
f 4618 4870 4617
f 4619 4870 4618
f 4871 4870 4619
f 4872 4871 4619
f 4621 4872 4619
f 4620 4621 4619
f 4873 4872 4621
f 4622 4873 4621
f 4874 4873 4622
f 4875 4874 4622
f 4876 4875 4622
f 4624 4876 4622
f 4623 4624 4622
f 4877 4876 4624
f 4878 4877 4624
f 4626 4878 4624
f 4625 4626 4624
f 4879 4878 4626
f 4880 4879 4626
f 4627 4880 4626
f 4881 4880 4627
f 4628 4881 4627
f 4882 4881 4628
f 4629 4882 4628
f 4883 4882 4629
f 4632 4883 4629
f 4630 4632 4629
f 4631 4632 4630
f 4884 4883 4632
f 4885 4884 4632
f 4634 4885 4632
f 4633 4634 4632
f 4886 4885 4634
f 4635 4886 4634
f 4887 4886 4635
f 4888 4887 4635
f 4889 4888 4635
f 4637 4889 4635
f 4636 4637 4635
f 4890 4889 4637
f 4891 4890 4637
f 4638 4891 4637
f 4892 4891 4638
f 4640 4892 4638
f 4639 4640 4638
f 4893 4892 4640
f 4894 4893 4640
f 4642 4894 4640
f 4641 4642 4640
f 4895 4894 4642
f 4896 4895 4642
f 4643 4896 4642
f 4897 4896 4643
f 4645 4897 4643
f 4644 4645 4643
f 4898 4897 4645
f 4899 4898 4645
f 4647 4899 4645
f 4646 4647 4645
f 4900 4899 4647
f 4901 4900 4647
f 4648 4901 4647
f 4902 4901 4648
f 4649 4902 4648
f 4903 4902 4649
f 4650 4903 4649
f 4904 4903 4650
f 4651 4904 4650
f 4905 4904 4651
f 4653 4905 4651
f 4652 4653 4651
f 4906 4905 4653
f 4907 4906 4653
f 4654 4907 4653
f 4908 4907 4654
f 4655 4908 4654
f 4909 4908 4655
f 4656 4909 4655
f 4910 4909 4656
f 4657 4910 4656
f 4911 4910 4657
f 4912 4911 4657
f 4658 4912 4657
f 4660 4912 4658
f 4659 4660 4658
f 4913 4912 4660
f 4914 4913 4660
f 4662 4914 4660
f 4661 4662 4660
f 4915 4914 4662
f 4916 4915 4662
f 4663 4916 4662
f 4917 4916 4663
f 4665 4917 4663
f 4664 4665 4663
f 4918 4917 4665
f 4919 4918 4665
f 4920 4919 4665
f 4666 4920 4665
f 4921 4920 4666
f 4667 4921 4666
f 4668 4921 4667
f 4922 4921 4668
f 4923 4922 4668
f 4669 4923 4668
f 4671 4923 4669
f 4670 4671 4669
f 4924 4923 4671
f 4925 4924 4671
f 4926 4925 4671
f 4672 4926 4671
f 4927 4926 4672
f 4673 4927 4672
f 4674 4927 4673
f 4928 4927 4674
f 4929 4928 4674
f 4675 4929 4674
f 4930 4929 4675
f 4676 4930 4675
f 4677 4930 4676
f 4931 4930 4677
f 4932 4931 4677
f 4678 4932 4677
f 4679 4932 4678
f 4933 4932 4679
f 4680 4933 4679
f 4934 4933 4680
f 4935 4934 4680
f 4681 4935 4680
f 4682 4935 4681
f 4936 4935 4682
f 4937 4936 4682
f 4684 4937 4682
f 4683 4684 4682
f 4938 4937 4684
f 4685 4938 4684
f 4939 4938 4685
f 4940 4939 4685
f 4686 4940 4685
f 4941 4940 4686
f 4688 4941 4686
f 4687 4688 4686
f 4942 4941 4688
f 4943 4942 4688
f 4689 4943 4688
f 4944 4943 4689
f 4690 4944 4689
f 4691 4944 4690
f 4945 4944 4691
f 4946 4945 4691
f 4692 4946 4691
f 4693 4946 4692
f 4947 4946 4693
f 4694 4947 4693
f 4948 4947 4694
f 4695 4948 4694
f 4949 4948 4695
f 4950 4949 4695
f 4697 4950 4695
f 4696 4697 4695
f 4951 4950 4697
f 4952 4951 4697
f 4953 4952 4697
f 4698 4953 4697
f 4954 4953 4698
f 4699 4954 4698
f 4955 4954 4699
f 4700 4955 4699
f 4956 4955 4700
f 4701 4956 4700
f 4702 4956 4701
f 4957 4956 4702
f 4958 4957 4702
f 4703 4958 4702
f 4704 4958 4703
f 4959 4958 4704
f 4960 4959 4704
f 4961 4960 4704
f 4962 4961 4704
f 4727 4962 4704
f 4705 4727 4704
f 4706 4727 4705
f 4963 4222 4707
f 4964 4963 4707
f 4965 4964 4707
f 4708 4965 4707
f 4966 4965 4708
f 4766 4966 4708
f 4743 4967 4709
f 4967 4968 4709
f 4968 4710 4709
f 4968 4969 4710
f 4969 4711 4710
f 4969 4970 4711
f 4970 4712 4711
f 4970 4971 4712
f 4971 4713 4712
f 4971 4972 4713
f 4972 4714 4713
f 4973 4715 4714
f 4972 4973 4714
f 4974 4716 4715
f 4973 4974 4715
f 4974 4718 4716
f 4975 4774 4717
f 4718 4975 4717
f 4976 4975 4718
f 4977 4976 4718
f 4978 4977 4718
f 4979 4978 4718
f 4974 4979 4718
f 4726 4980 4719
f 4980 4981 4719
f 4981 4982 4719
f 4982 4720 4719
f 4982 4983 4720
f 4983 4984 4720
f 4984 4985 4720
f 4985 4721 4720
f 4985 4986 4721
f 4986 4722 4721
f 4986 4987 4722
f 4987 4723 4722
f 4987 4988 4723
f 4988 4724 4723
f 4989 4730 4724
f 4988 4989 4724
f 4765 4990 4725
f 4990 4991 4725
f 4991 4992 4725
f 4992 4980 4725
f 4980 4726 4725
f 4993 4962 4727
f 4994 4993 4727
f 4989 4994 4727
f 4729 4989 4727
f 4728 4729 4727
f 4730 4989 4729
f 4995 4996 4731
f 4996 4997 4731
f 4997 4998 4731
f 4998 4732 4731
f 4998 4999 4732
f 4999 4733 4732
f 4999 5000 4733
f 5000 4734 4733
f 5000 4735 4734
f 5000 5001 4735
f 5001 5002 4735
f 5002 4737 4735
f 4737 4736 4735
f 5002 5003 4737
f 5003 5004 4737
f 5004 4738 4737
f 5004 4739 4738
f 5004 5005 4739
f 5005 4740 4739
f 5005 5006 4740
f 5006 5007 4740
f 5007 4741 4740
f 5007 4742 4741
f 5007 5008 4742
f 5008 4743 4742
f 5008 5009 4743
f 5009 4967 4743
f 4822 4746 4744
f 4746 4745 4744
f 4822 4747 4746
f 4822 5010 4747
f 5010 5011 4747
f 5011 4748 4747
f 5011 5012 4748
f 5012 5013 4748
f 5013 5014 4748
f 5014 4749 4748
f 5014 4751 4749
f 4751 4750 4749
f 5014 5015 4751
f 5015 4752 4751
f 5015 5016 4752
f 5016 4754 4752
f 4754 4753 4752
f 5016 5017 4754
f 5017 4755 4754
f 5017 5018 4755
f 5018 4757 4755
f 4757 4756 4755
f 5018 5019 4757
f 5019 5020 4757
f 5020 4759 4757
f 4759 4758 4757
f 5020 5021 4759
f 5021 5022 4759
f 5022 4760 4759
f 5022 5023 4760
f 5023 4762 4760
f 4762 4761 4760
f 5023 5024 4762
f 5024 4990 4762
f 4990 4763 4762
f 4990 4765 4763
f 4765 4764 4763
f 5025 4966 4766
f 4767 5025 4766
f 5026 5025 4767
f 4768 5026 4767
f 5027 5026 4768
f 4769 5027 4768
f 5028 5027 4769
f 4770 5028 4769
f 5029 5028 4770
f 4771 5029 4770
f 5030 5029 4771
f 4772 5030 4771
f 5031 5030 4772
f 4773 5031 4772
f 4976 5031 4773
f 4774 4976 4773
f 4975 4976 4774
f 4793 5032 4775
f 5032 4776 4775
f 5032 5033 4776
f 5033 5034 4776
f 5034 4777 4776
f 5034 5035 4777
f 5035 4779 4777
f 4779 4778 4777
f 5035 5036 4779
f 5036 5037 4779
f 5037 5038 4779
f 5038 4780 4779
f 5038 4794 4780
f 4794 4781 4780
f 4855 4854 4782
f 4854 5039 4782
f 5039 4783 4782
f 5039 4854 4783
f 4854 5040 4783
f 5040 4784 4783
f 5040 5041 4784
f 5041 5042 4784
f 5042 4786 4784
f 4786 4785 4784
f 5042 5043 4786
f 5043 4787 4786
f 5043 5044 4787
f 5044 4788 4787
f 5044 4789 4788
f 5044 5045 4789
f 5045 5046 4789
f 5046 5047 4789
f 5047 4790 4789
f 5047 5048 4790
f 5048 4791 4790
f 5048 5049 4791
f 5049 4792 4791
f 5049 5050 4792
f 5050 4793 4792
f 5050 5033 4793
f 5033 5032 4793
f 5038 5051 4794
f 5051 4795 4794
f 5051 5052 4795
f 5052 5053 4795
f 5053 4796 4795
f 5053 4797 4796
f 5053 5054 4797
f 5054 5055 4797
f 5055 5056 4797
f 5056 5057 4797
f 5057 4799 4797
f 4799 4798 4797
f 5057 5058 4799
f 5058 4802 4799
f 4802 4800 4799
f 5058 5057 4802
f 5057 5059 4802
f 5059 4803 4802
f 5059 5060 4803
f 5060 5061 4803
f 5061 4804 4803
f 5061 5060 4804
f 5060 5062 4804
f 5062 5063 4804
f 5063 4805 4804
f 5063 5064 4805
f 5064 4806 4805
f 5064 4807 4806
f 5064 5065 4807
f 5065 5066 4807
f 5066 4808 4807
f 5066 5065 4808
f 5065 5067 4808
f 5067 5068 4808
f 5068 5069 4808
f 5069 4810 4808
f 4810 4809 4808
f 5069 5070 4810
f 5070 4812 4810
f 4812 4811 4810
f 5070 5071 4812
f 5071 4814 4812
f 4814 4813 4812
f 5071 5072 4814
f 5072 5073 4814
f 5073 4815 4814
f 5073 4816 4815
f 5073 5074 4816
f 5074 5075 4816
f 5075 5076 4816
f 5076 4818 4816
f 4818 4817 4816
f 5076 5077 4818
f 5077 5078 4818
f 5078 5079 4818
f 5079 4819 4818
f 5079 4820 4819
f 5079 5080 4820
f 5080 4821 4820
f 5080 5081 4821
f 5081 5010 4821
f 5010 4822 4821
f 5082 4827 4823
f 5083 5082 4823
f 4824 5083 4823
f 4826 5083 4824
f 4825 4826 4824
f 5084 5083 4826
f 4829 5084 4826
f 5085 4828 4827
f 5086 5085 4827
f 5082 5086 4827
f 5087 4837 4828
f 5088 5087 4828
f 5085 5088 4828
f 5089 5084 4829
f 4830 5089 4829
f 5090 5089 4830
f 5091 5090 4830
f 5092 5091 4830
f 4833 5092 4830
f 4831 4833 4830
f 4832 4833 4831
f 5093 5092 4833
f 4834 5093 4833
f 5094 5093 4834
f 5095 5094 4834
f 5096 5095 4834
f 4835 5096 4834
f 4857 5096 4835
f 4856 4857 4835
f 5097 4847 4836
f 4837 5097 4836
f 5098 5097 4837
f 5099 5098 4837
f 5087 5099 4837
f 4844 4849 4838
f 4849 4839 4838
f 4846 5100 4840
f 5100 5101 4840
f 5101 4841 4840
f 5101 5102 4841
f 5102 4842 4841
f 5102 5103 4842
f 5103 4843 4842
f 5103 4844 4843
f 5103 5104 4844
f 5104 5105 4844
f 5105 5106 4844
f 5106 5107 4844
f 5107 4849 4844
f 4848 4846 4845
f 4848 5108 4846
f 5108 5109 4846
f 5109 5110 4846
f 5110 5100 4846
f 5111 4848 4847
f 5097 5111 4847
f 5111 5112 4848
f 5112 5113 4848
f 5113 5108 4848
f 5107 5114 4849
f 5114 5115 4849
f 5115 4850 4849
f 5115 4852 4850
f 4852 4851 4850
f 5115 5116 4852
f 5116 5117 4852
f 5117 4854 4852
f 4854 4853 4852
f 5117 5118 4854
f 5118 5040 4854
f 5119 5096 4857
f 5120 5119 4857
f 5121 5120 4857
f 4858 5121 4857
f 5122 5121 4858
f 5123 5122 4858
f 4859 5123 4858
f 5124 5123 4859
f 4860 5124 4859
f 5125 5124 4860
f 4861 5125 4860
f 4862 5125 4861
f 5126 5125 4862
f 4863 5126 4862
f 5127 5126 4863
f 5128 5127 4863
f 4864 5128 4863
f 4865 5128 4864
f 5129 5128 4865
f 4866 5129 4865
f 5130 5129 4866
f 4867 5130 4866
f 5131 5130 4867
f 5132 5131 4867
f 4868 5132 4867
f 5133 5132 4868
f 4869 5133 4868
f 5134 5133 4869
f 4870 5134 4869
f 5135 5134 4870
f 4871 5135 4870
f 5136 5135 4871
f 4873 5136 4871
f 4872 4873 4871
f 5137 5136 4873
f 4874 5137 4873
f 5138 5137 4874
f 5139 5138 4874
f 5140 5139 4874
f 4875 5140 4874
f 5141 5140 4875
f 4877 5141 4875
f 4876 4877 4875
f 5142 5141 4877
f 5143 5142 4877
f 4878 5143 4877
f 5144 5143 4878
f 4879 5144 4878
f 5145 5144 4879
f 5146 5145 4879
f 4881 5146 4879
f 4880 4881 4879
f 5147 5146 4881
f 4882 5147 4881
f 4884 5147 4882
f 4883 4884 4882
f 5148 5147 4884
f 5149 5148 4884
f 5150 5149 4884
f 4886 5150 4884
f 4885 4886 4884
f 5151 5150 4886
f 4887 5151 4886
f 5152 5151 4887
f 5153 5152 4887
f 5154 5153 4887
f 4888 5154 4887
f 5155 5154 4888
f 4890 5155 4888
f 4889 4890 4888
f 5156 5155 4890
f 5157 5156 4890
f 4891 5157 4890
f 5158 5157 4891
f 4893 5158 4891
f 4892 4893 4891
f 5159 5158 4893
f 5160 5159 4893
f 4895 5160 4893
f 4894 4895 4893
f 5161 5160 4895
f 5162 5161 4895
f 4896 5162 4895
f 5163 5162 4896
f 4898 5163 4896
f 4897 4898 4896
f 5164 5163 4898
f 5165 5164 4898
f 4900 5165 4898
f 4899 4900 4898
f 5166 5165 4900
f 5167 5166 4900
f 4901 5167 4900
f 5168 5167 4901
f 4902 5168 4901
f 5169 5168 4902
f 4903 5169 4902
f 5170 5169 4903
f 4904 5170 4903
f 5171 5170 4904
f 4906 5171 4904
f 4905 4906 4904
f 5172 5171 4906
f 5173 5172 4906
f 4907 5173 4906
f 5174 5173 4907
f 4908 5174 4907
f 5175 5174 4908
f 4909 5175 4908
f 5176 5175 4909
f 4910 5176 4909
f 5177 5176 4910
f 4911 5177 4910
f 5178 5177 4911
f 4913 5178 4911
f 4912 4913 4911
f 5179 5178 4913
f 5180 5179 4913
f 4915 5180 4913
f 4914 4915 4913
f 5181 5180 4915
f 5182 5181 4915
f 5183 5182 4915
f 4916 5183 4915
f 4918 5183 4916
f 4917 4918 4916
f 5184 5183 4918
f 5185 5184 4918
f 5186 5185 4918
f 4919 5186 4918
f 5187 5186 4919
f 4920 5187 4919
f 5188 5187 4920
f 4921 5188 4920
f 5189 5188 4921
f 4922 5189 4921
f 4924 5189 4922
f 4923 4924 4922
f 5190 5189 4924
f 5191 5190 4924
f 5192 5191 4924
f 4925 5192 4924
f 5193 5192 4925
f 4926 5193 4925
f 5194 5193 4926
f 4927 5194 4926
f 5195 5194 4927
f 4928 5195 4927
f 5196 5195 4928
f 4929 5196 4928
f 5197 5196 4929
f 4931 5197 4929
f 4930 4931 4929
f 5198 5197 4931
f 4932 5198 4931
f 5199 5198 4932
f 4933 5199 4932
f 5200 5199 4933
f 5201 5200 4933
f 4934 5201 4933
f 4935 5201 4934
f 5202 5201 4935
f 5203 5202 4935
f 4936 5203 4935
f 5204 5203 4936
f 4938 5204 4936
f 4937 4938 4936
f 5206 5205 4940
f 4942 5206 4940
f 4941 4942 4940
f 5207 5206 4942
f 5208 5207 4942
f 4943 5208 4942
f 4944 5208 4943
f 5209 5208 4944
f 4945 5209 4944
f 5210 5209 4945
f 4946 5210 4945
f 4947 5210 4946
f 4948 5210 4947
f 5211 5210 4948
f 5212 5211 4948
f 4949 5212 4948
f 5213 5212 4949
f 4951 5213 4949
f 4950 4951 4949
f 5214 5213 4951
f 5215 5214 4951
f 5216 5215 4951
f 4952 5216 4951
f 5217 5216 4952
f 5218 5217 4952
f 4953 5218 4952
f 4954 5218 4953
f 5219 5218 4954
f 4955 5219 4954
f 5220 5219 4955
f 4956 5220 4955
f 4959 5220 4956
f 4957 4959 4956
f 4958 4959 4957
f 5221 5220 4959
f 5222 5221 4959
f 5223 5222 4959
f 4960 5223 4959
f 5224 5223 4960
f 4961 5224 4960
f 5225 5224 4961
f 4993 5225 4961
f 4962 4993 4961
f 5227 5226 4963
f 4964 5227 4963
f 5228 5227 4964
f 4965 5228 4964
f 5229 5228 4965
f 4966 5229 4965
f 5230 5229 4966
f 5025 5230 4966
f 5009 5231 4967
f 5231 4968 4967
f 5231 5232 4968
f 5232 5233 4968
f 5233 4969 4968
f 5233 5234 4969
f 5234 4970 4969
f 5234 5235 4970
f 5235 4971 4970
f 5235 5236 4971
f 5236 5237 4971
f 5237 4972 4971
f 5237 4973 4972
f 4979 4974 4973
f 5238 4979 4973
f 5237 5238 4973
f 5239 5031 4976
f 5240 5239 4976
f 4977 5240 4976
f 5241 5240 4977
f 5242 5241 4977
f 4978 5242 4977
f 5238 5242 4978
f 4979 5238 4978
f 4992 5243 4980
f 5243 5244 4980
f 5244 5245 4980
f 5245 4981 4980
f 5245 5246 4981
f 5246 4983 4981
f 4983 4982 4981
f 5246 5247 4983
f 5247 5248 4983
f 5248 5249 4983
f 5249 4984 4983
f 5249 5250 4984
f 5250 4985 4984
f 5250 5251 4985
f 5251 4986 4985
f 5251 5252 4986
f 5252 4987 4986
f 5253 4988 4987
f 5252 5253 4987
f 4994 4989 4988
f 5253 4994 4988
f 5024 5254 4990
f 5254 5255 4990
f 5255 4991 4990
f 5255 5256 4991
f 5256 5257 4991
f 5257 5243 4991
f 5243 4992 4991
f 5258 5225 4993
f 5259 5258 4993
f 5260 5259 4993
f 4994 5260 4993
f 5261 5260 4994
f 5253 5261 4994
f 5263 5262 4995
f 5262 5264 4995
f 5264 4996 4995
f 5264 5265 4996
f 5265 5266 4996
f 5266 5267 4996
f 5267 4997 4996
f 5267 4999 4997
f 4999 4998 4997
f 5267 5268 4999
f 5268 5000 4999
f 5268 5269 5000
f 5269 5001 5000
f 5269 5270 5001
f 5270 5271 5001
f 5271 5003 5001
f 5003 5002 5001
f 5271 5272 5003
f 5272 5004 5003
f 5272 5273 5004
f 5273 5005 5004
f 5273 5274 5005
f 5274 5006 5005
f 5274 5275 5006
f 5275 5007 5006
f 5275 5276 5007
f 5276 5008 5007
f 5276 5277 5008
f 5277 5009 5008
f 5277 5231 5009
f 5081 5080 5010
f 5080 5278 5010
f 5278 5279 5010
f 5279 5011 5010
f 5279 5280 5011
f 5280 5012 5011
f 5280 5281 5012
f 5281 5282 5012
f 5282 5283 5012
f 5283 5013 5012
f 5283 5284 5013
f 5284 5014 5013
f 5284 5283 5014
f 5283 5285 5014
f 5285 5015 5014
f 5285 5283 5015
f 5283 5286 5015
f 5286 5287 5015
f 5287 5288 5015
f 5288 5016 5015
f 5288 5289 5016
f 5289 5017 5016
f 5289 5290 5017
f 5290 5018 5017
f 5290 5291 5018
f 5291 5292 5018
f 5292 5019 5018
f 5292 5020 5019
f 5292 5293 5020
f 5293 5021 5020
f 5293 5294 5021
f 5294 5295 5021
f 5295 5296 5021
f 5296 5022 5021
f 5296 5024 5022
f 5024 5023 5022
f 5296 5297 5024
f 5297 5254 5024
f 5298 5230 5025
f 5026 5298 5025
f 5299 5298 5026
f 5027 5299 5026
f 5300 5299 5027
f 5028 5300 5027
f 5301 5300 5028
f 5029 5301 5028
f 5302 5301 5029
f 5030 5302 5029
f 5239 5302 5030
f 5031 5239 5030
f 5050 5303 5033
f 5303 5304 5033
f 5304 5034 5033
f 5304 5305 5034
f 5305 5036 5034
f 5036 5035 5034
f 5305 5306 5036
f 5306 5037 5036
f 5306 5051 5037
f 5051 5038 5037
f 5118 5307 5040
f 5307 5308 5040
f 5308 5041 5040
f 5308 5309 5041
f 5309 5310 5041
f 5310 5311 5041
f 5311 5042 5041
f 5311 5043 5042
f 5311 5044 5043
f 5311 5310 5044
f 5310 5312 5044
f 5312 5045 5044
f 5312 5313 5045
f 5313 5314 5045
f 5314 5315 5045
f 5315 5046 5045
f 5315 5316 5046
f 5316 5317 5046
f 5317 5047 5046
f 5317 5318 5047
f 5318 5319 5047
f 5319 5048 5047
f 5319 5049 5048
f 5319 5320 5049
f 5320 5321 5049
f 5321 5050 5049
f 5321 5303 5050
f 5306 5322 5051
f 5322 5323 5051
f 5323 5324 5051
f 5324 5052 5051
f 5324 5055 5052
f 5055 5054 5052
f 5054 5053 5052
f 5324 5325 5055
f 5325 5326 5055
f 5326 5327 5055
f 5327 5056 5055
f 5327 5057 5056
f 5327 5328 5057
f 5328 5329 5057
f 5329 5059 5057
f 5329 5330 5059
f 5330 5331 5059
f 5331 5060 5059
f 5331 5332 5060
f 5332 5062 5060
f 5332 5333 5062
f 5333 5063 5062
f 5333 5334 5063
f 5334 5064 5063
f 5334 5335 5064
f 5335 5065 5064
f 5335 5336 5065
f 5336 5067 5065
f 5336 5337 5067
f 5337 5338 5067
f 5338 5069 5067
f 5069 5068 5067
f 5338 5339 5069
f 5339 5070 5069
f 5339 5340 5070
f 5340 5341 5070
f 5341 5071 5070
f 5341 5072 5071
f 5341 5342 5072
f 5342 5074 5072
f 5074 5073 5072
f 5342 5343 5074
f 5343 5075 5074
f 5343 5344 5075
f 5344 5077 5075
f 5077 5076 5075
f 5344 5345 5077
f 5345 5346 5077
f 5346 5347 5077
f 5347 5078 5077
f 5347 5348 5078
f 5348 5079 5078
f 5348 5349 5079
f 5349 5080 5079
f 5349 5350 5080
f 5350 5278 5080
f 5351 5086 5082
f 5084 5351 5082
f 5083 5084 5082
f 5352 5351 5084
f 5089 5352 5084
f 5086 5088 5085
f 5353 5088 5086
f 5354 5353 5086
f 5352 5354 5086
f 5351 5352 5086
f 5355 5099 5087
f 5088 5355 5087
f 5353 5355 5088
f 5356 5352 5089
f 5090 5356 5089
f 5357 5356 5090
f 5358 5357 5090
f 5093 5358 5090
f 5091 5093 5090
f 5092 5093 5091
f 5359 5358 5093
f 5094 5359 5093
f 5360 5359 5094
f 5361 5360 5094
f 5362 5361 5094
f 5095 5362 5094
f 5119 5362 5095
f 5096 5119 5095
f 5363 5111 5097
f 5364 5363 5097
f 5098 5364 5097
f 5099 5364 5098
f 5365 5364 5099
f 5355 5365 5099
f 5110 5366 5100
f 5366 5101 5100
f 5366 5367 5101
f 5367 5102 5101
f 5367 5104 5102
f 5104 5103 5102
f 5367 5368 5104
f 5368 5369 5104
f 5369 5370 5104
f 5370 5105 5104
f 5370 5106 5105
f 5370 5371 5106
f 5371 5114 5106
f 5114 5372 5106
f 5372 5107 5106
f 5372 5114 5107
f 5113 5373 5108
f 5373 5374 5108
f 5374 5375 5108
f 5375 5109 5108
f 5375 5110 5109
f 5375 5376 5110
f 5376 5366 5110
f 5363 5377 5111
f 5377 5378 5111
f 5378 5112 5111
f 5378 5379 5112
f 5379 5113 5112
f 5379 5380 5113
f 5380 5381 5113
f 5381 5373 5113
f 5371 5382 5114
f 5382 5383 5114
f 5383 5384 5114
f 5384 5115 5114
f 5384 5116 5115
f 5384 5385 5116
f 5385 5117 5116
f 5117 5307 5118
f 5386 5362 5119
f 5387 5386 5119
f 5120 5387 5119
f 5388 5387 5120
f 5121 5388 5120
f 5389 5388 5121
f 5122 5389 5121
f 5390 5389 5122
f 5391 5390 5122
f 5123 5391 5122
f 5392 5391 5123
f 5124 5392 5123
f 5125 5392 5124
f 5393 5392 5125
f 5394 5393 5125
f 5126 5394 5125
f 5395 5394 5126
f 5396 5395 5126
f 5127 5396 5126
f 5128 5396 5127
f 5397 5396 5128
f 5398 5397 5128
f 5129 5398 5128
f 5130 5398 5129
f 5399 5398 5130
f 5400 5399 5130
f 5131 5400 5130
f 5132 5400 5131
f 5401 5400 5132
f 5133 5401 5132
f 5402 5401 5133
f 5403 5402 5133
f 5134 5403 5133
f 5135 5403 5134
f 5404 5403 5135
f 5405 5404 5135
f 5137 5405 5135
f 5136 5137 5135
f 5406 5405 5137
f 5138 5406 5137
f 5407 5406 5138
f 5408 5407 5138
f 5409 5408 5138
f 5410 5409 5138
f 5411 5410 5138
f 5139 5411 5138
f 5412 5411 5139
f 5141 5412 5139
f 5140 5141 5139
f 5413 5412 5141
f 5414 5413 5141
f 5142 5414 5141
f 5415 5414 5142
f 5416 5415 5142
f 5143 5416 5142
f 5417 5416 5143
f 5144 5417 5143
f 5418 5417 5144
f 5145 5418 5144
f 5149 5418 5145
f 5148 5149 5145
f 5147 5148 5145
f 5146 5147 5145
f 5419 5418 5149
f 5420 5419 5149
f 5151 5420 5149
f 5150 5151 5149
f 5421 5420 5151
f 5152 5421 5151
f 5422 5421 5152
f 5423 5422 5152
f 5424 5423 5152
f 5153 5424 5152
f 5425 5424 5153
f 5154 5425 5153
f 5426 5425 5154
f 5156 5426 5154
f 5155 5156 5154
f 5427 5426 5156
f 5428 5427 5156
f 5157 5428 5156
f 5429 5428 5157
f 5159 5429 5157
f 5158 5159 5157
f 5430 5429 5159
f 5431 5430 5159
f 5161 5431 5159
f 5160 5161 5159
f 5432 5431 5161
f 5433 5432 5161
f 5162 5433 5161
f 5434 5433 5162
f 5164 5434 5162
f 5163 5164 5162
f 5435 5434 5164
f 5436 5435 5164
f 5166 5436 5164
f 5165 5166 5164
f 5437 5436 5166
f 5438 5437 5166
f 5167 5438 5166
f 5439 5438 5167
f 5168 5439 5167
f 5440 5439 5168
f 5169 5440 5168
f 5441 5440 5169
f 5170 5441 5169
f 5442 5441 5170
f 5172 5442 5170
f 5171 5172 5170
f 5443 5442 5172
f 5444 5443 5172
f 5173 5444 5172
f 5445 5444 5173
f 5174 5445 5173
f 5446 5445 5174
f 5175 5446 5174
f 5447 5446 5175
f 5176 5447 5175
f 5448 5447 5176
f 5449 5448 5176
f 5177 5449 5176
f 5179 5449 5177
f 5178 5179 5177
f 5450 5449 5179
f 5451 5450 5179
f 5181 5451 5179
f 5180 5181 5179
f 5452 5451 5181
f 5453 5452 5181
f 5454 5453 5181
f 5182 5454 5181
f 5455 5454 5182
f 5184 5455 5182
f 5183 5184 5182
f 5456 5455 5184
f 5457 5456 5184
f 5185 5457 5184
f 5458 5457 5185
f 5186 5458 5185
f 5188 5458 5186
f 5187 5188 5186
f 5459 5458 5188
f 5460 5459 5188
f 5190 5460 5188
f 5189 5190 5188
f 5461 5460 5190
f 5462 5461 5190
f 5463 5462 5190
f 5191 5463 5190
f 5464 5463 5191
f 5192 5464 5191
f 5193 5464 5192
f 5465 5464 5193
f 5194 5465 5193
f 5466 5465 5194
f 5467 5466 5194
f 5195 5467 5194
f 5196 5467 5195
f 5468 5467 5196
f 5469 5468 5196
f 5197 5469 5196
f 5198 5469 5197
f 5470 5469 5198
f 5471 5470 5198
f 5199 5471 5198
f 5472 5471 5199
f 5200 5472 5199
f 5201 5472 5200
f 5473 5472 5201
f 5474 5473 5201
f 5202 5474 5201
f 5203 5474 5202
f 5475 5474 5203
f 5207 5476 5205
f 5206 5207 5205
f 5477 5476 5207
f 5208 5477 5207
f 5478 5477 5208
f 5209 5478 5208
f 5479 5478 5209
f 5480 5209 5210
f 5481 5480 5210
f 5211 5481 5210
f 5482 5481 5211
f 5483 5482 5211
f 5484 5483 5211
f 5485 5484 5211
f 5212 5485 5211
f 5486 5485 5212
f 5214 5486 5212
f 5213 5214 5212
f 5487 5486 5214
f 5488 5487 5214
f 5489 5488 5214
f 5215 5489 5214
f 5490 5489 5215
f 5216 5490 5215
f 5491 5490 5216
f 5492 5491 5216
f 5217 5492 5216
f 5218 5492 5217
f 5221 5492 5218
f 5219 5221 5218
f 5220 5221 5219
f 5493 5492 5221
f 5494 5493 5221
f 5495 5494 5221
f 5222 5495 5221
f 5496 5495 5222
f 5223 5496 5222
f 5497 5496 5223
f 5498 5497 5223
f 5224 5498 5223
f 5499 5498 5224
f 5500 5499 5224
f 5258 5500 5224
f 5225 5258 5224
f 5503 5502 5227
f 5228 5503 5227
f 5504 5503 5228
f 5505 5504 5228
f 5229 5505 5228
f 5230 5505 5229
f 5506 5505 5230
f 5507 5506 5230
f 5298 5507 5230
f 5277 5508 5231
f 5508 5509 5231
f 5509 5232 5231
f 5509 5233 5232
f 5509 5510 5233
f 5510 5234 5233
f 5510 5511 5234
f 5511 5512 5234
f 5512 5235 5234
f 5512 5236 5235
f 5513 5237 5236
f 5512 5513 5236
f 5513 5238 5237
f 5514 5242 5238
f 5515 5514 5238
f 5516 5515 5238
f 5517 5516 5238
f 5513 5517 5238
f 5518 5302 5239
f 5519 5518 5239
f 5241 5519 5239
f 5240 5241 5239
f 5520 5519 5241
f 5521 5520 5241
f 5514 5521 5241
f 5242 5514 5241
f 5257 5522 5243
f 5522 5244 5243
f 5522 5523 5244
f 5523 5246 5244
f 5246 5245 5244
f 5523 5524 5246
f 5524 5525 5246
f 5525 5247 5246
f 5525 5526 5247
f 5526 5527 5247
f 5527 5248 5247
f 5527 5528 5248
f 5528 5249 5248
f 5528 5250 5249
f 5528 5529 5250
f 5529 5251 5250
f 5529 5530 5251
f 5530 5261 5251
f 5261 5252 5251
f 5261 5253 5252
f 5297 5531 5254
f 5531 5255 5254
f 5531 5532 5255
f 5532 5533 5255
f 5533 5256 5255
f 5533 5534 5256
f 5534 5257 5256
f 5534 5535 5257
f 5535 5522 5257
f 5536 5500 5258
f 5537 5536 5258
f 5259 5537 5258
f 5260 5537 5259
f 5538 5537 5260
f 5261 5538 5260
f 5539 5538 5261
f 5530 5539 5261
f 5263 5540 5262
f 5540 5264 5262
f 5540 5541 5264
f 5541 5265 5264
f 5541 5542 5265
f 5542 5543 5265
f 5543 5266 5265
f 5543 5269 5266
f 5269 5268 5266
f 5268 5267 5266
f 5543 5544 5269
f 5544 5545 5269
f 5545 5546 5269
f 5546 5270 5269
f 5546 5547 5270
f 5547 5272 5270
f 5272 5271 5270
f 5547 5548 5272
f 5548 5273 5272
f 5548 5274 5273
f 5548 5549 5274
f 5549 5275 5274
f 5549 5550 5275
f 5550 5551 5275
f 5551 5276 5275
f 5551 5552 5276
f 5552 5277 5276
f 5552 5553 5277
f 5553 5508 5277
f 5350 5554 5278
f 5554 5279 5278
f 5554 5555 5279
f 5555 5556 5279
f 5556 5280 5279
f 5556 5557 5280
f 5557 5281 5280
f 5557 5558 5281
f 5558 5559 5281
f 5559 5560 5281
f 5560 5283 5281
f 5283 5282 5281
f 5560 5286 5283
f 5560 5561 5286
f 5561 5287 5286
f 5561 5289 5287
f 5289 5288 5287
f 5561 5562 5289
f 5562 5290 5289
f 5562 5563 5290
f 5563 5564 5290
f 5564 5565 5290
f 5565 5291 5290
f 5565 5566 5291
f 5566 5567 5291
f 5567 5292 5291
f 5567 5294 5292
f 5294 5293 5292
f 5567 5568 5294
f 5568 5569 5294
f 5569 5570 5294
f 5570 5296 5294
f 5296 5295 5294
f 5570 5571 5296
f 5571 5297 5296
f 5571 5572 5297
f 5572 5531 5297
f 5299 5507 5298
f 5573 5507 5299
f 5574 5573 5299
f 5300 5574 5299
f 5301 5574 5300
f 5518 5574 5301
f 5302 5518 5301
f 5321 5575 5303
f 5575 5576 5303
f 5576 5577 5303
f 5577 5304 5303
f 5577 5578 5304
f 5578 5306 5304
f 5306 5305 5304
f 5578 5579 5306
f 5579 5322 5306
f 5117 5385 5307
f 5385 5308 5307
f 5385 5580 5308
f 5580 5581 5308
f 5581 5309 5308
f 5581 5582 5309
f 5582 5583 5309
f 5583 5584 5309
f 5584 5310 5309
f 5584 5312 5310
f 5584 5585 5312
f 5585 5313 5312
f 5585 5586 5313
f 5586 5314 5313
f 5586 5587 5314
f 5587 5588 5314
f 5588 5589 5314
f 5589 5590 5314
f 5590 5315 5314
f 5590 5316 5315
f 5590 5591 5316
f 5591 5592 5316
f 5592 5318 5316
f 5318 5317 5316
f 5592 5593 5318
f 5593 5594 5318
f 5594 5319 5318
f 5594 5320 5319
f 5594 5595 5320
f 5595 5321 5320
f 5595 5596 5321
f 5596 5575 5321
f 5579 5597 5322
f 5597 5598 5322
f 5598 5323 5322
f 5598 5324 5323
f 5598 5599 5324
f 5599 5600 5324
f 5600 5601 5324
f 5601 5325 5324
f 5601 5602 5325
f 5602 5603 5325
f 5603 5326 5325
f 5603 5604 5326
f 5604 5327 5326
f 5604 5329 5327
f 5329 5328 5327
f 5604 5605 5329
f 5605 5606 5329
f 5606 5607 5329
f 5607 5608 5329
f 5608 5330 5329
f 5608 5331 5330
f 5608 5332 5331
f 5608 5609 5332
f 5609 5610 5332
f 5610 5611 5332
f 5611 5333 5332
f 5611 5334 5333
f 5611 5612 5334
f 5612 5613 5334
f 5613 5614 5334
f 5614 5336 5334
f 5336 5335 5334
f 5614 5615 5336
f 5615 5616 5336
f 5616 5617 5336
f 5617 5337 5336
f 5617 5618 5337
f 5618 5619 5337
f 5619 5620 5337
f 5620 5339 5337
f 5339 5338 5337
f 5620 5621 5339
f 5621 5340 5339
f 5621 5622 5340
f 5622 5342 5340
f 5342 5341 5340
f 5622 5343 5342
f 5622 5623 5343
f 5623 5624 5343
f 5624 5344 5343
f 5624 5625 5344
f 5625 5626 5344
f 5626 5345 5344
f 5626 5346 5345
f 5626 5627 5346
f 5627 5628 5346
f 5628 5629 5346
f 5629 5348 5346
f 5348 5347 5346
f 5629 5628 5348
f 5628 5630 5348
f 5630 5349 5348
f 5630 5631 5349
f 5631 5632 5349
f 5632 5350 5349
f 5632 5633 5350
f 5633 5554 5350
f 5634 5354 5352
f 5356 5634 5352
f 5635 5355 5353
f 5634 5635 5353
f 5354 5634 5353
f 5636 5365 5355
f 5635 5636 5355
f 5637 5634 5356
f 5638 5637 5356
f 5357 5638 5356
f 5359 5638 5357
f 5358 5359 5357
f 5639 5638 5359
f 5360 5639 5359
f 5640 5639 5360
f 5641 5640 5360
f 5642 5641 5360
f 5361 5642 5360
f 5362 5642 5361
f 5386 5642 5362
f 5643 5377 5363
f 5364 5643 5363
f 5644 5643 5364
f 5365 5644 5364
f 5645 5644 5365
f 5636 5645 5365
f 5376 5368 5366
f 5368 5367 5366
f 5376 5646 5368
f 5646 5647 5368
f 5647 5648 5368
f 5648 5369 5368
f 5648 5649 5369
f 5649 5370 5369
f 5649 5371 5370
f 5649 5650 5371
f 5650 5651 5371
f 5651 5382 5371
f 5381 5652 5373
f 5652 5374 5373
f 5652 5653 5374
f 5653 5375 5374
f 5653 5646 5375
f 5646 5376 5375
f 5643 5654 5377
f 5654 5655 5377
f 5655 5378 5377
f 5655 5656 5378
f 5656 5379 5378
f 5656 5657 5379
f 5657 5658 5379
f 5658 5380 5379
f 5658 5659 5380
f 5659 5381 5380
f 5659 5660 5381
f 5660 5661 5381
f 5661 5652 5381
f 5651 5662 5382
f 5662 5580 5382
f 5580 5385 5382
f 5385 5383 5382
f 5385 5384 5383
f 5663 5642 5386
f 5387 5663 5386
f 5664 5663 5387
f 5665 5664 5387
f 5388 5665 5387
f 5666 5665 5388
f 5667 5666 5388
f 5668 5667 5388
f 5389 5668 5388
f 5669 5668 5389
f 5670 5669 5389
f 5390 5670 5389
f 5671 5670 5390
f 5391 5671 5390
f 5672 5671 5391
f 5392 5672 5391
f 5673 5672 5392
f 5393 5673 5392
f 5674 5673 5393
f 5394 5674 5393
f 5395 5674 5394
f 5675 5674 5395
f 5396 5675 5395
f 5676 5675 5396
f 5677 5676 5396
f 5397 5677 5396
f 5398 5677 5397
f 5678 5677 5398
f 5679 5678 5398
f 5399 5679 5398
f 5680 5679 5399
f 5400 5680 5399
f 5401 5680 5400
f 5681 5680 5401
f 5682 5681 5401
f 5402 5682 5401
f 5403 5682 5402
f 5683 5682 5403
f 5404 5683 5403
f 5684 5683 5404
f 5685 5684 5404
f 5406 5685 5404
f 5405 5406 5404
f 5686 5685 5406
f 5407 5686 5406
f 5687 5686 5407
f 5408 5687 5407
f 5688 5687 5408
f 5689 5688 5408
f 5690 5689 5408
f 5409 5690 5408
f 5691 5690 5409
f 5410 5691 5409
f 5692 5691 5410
f 5693 5692 5410
f 5412 5693 5410
f 5411 5412 5410
f 5694 5693 5412
f 5413 5694 5412
f 5695 5694 5413
f 5414 5695 5413
f 5696 5695 5414
f 5415 5696 5414
f 5697 5696 5415
f 5698 5697 5415
f 5417 5698 5415
f 5416 5417 5415
f 5419 5698 5417
f 5418 5419 5417
f 5697 5698 5419
f 5699 5697 5419
f 5421 5699 5419
f 5420 5421 5419
f 5700 5699 5421
f 5422 5700 5421
f 5701 5700 5422
f 5702 5701 5422
f 5703 5702 5422
f 5423 5703 5422
f 5704 5703 5423
f 5424 5704 5423
f 5705 5704 5424
f 5706 5705 5424
f 5425 5706 5424
f 5427 5706 5425
f 5426 5427 5425
f 5707 5706 5427
f 5708 5707 5427
f 5428 5708 5427
f 5709 5708 5428
f 5430 5709 5428
f 5429 5430 5428
f 5710 5709 5430
f 5711 5710 5430
f 5432 5711 5430
f 5431 5432 5430
f 5712 5711 5432
f 5713 5712 5432
f 5433 5713 5432
f 5714 5713 5433
f 5435 5714 5433
f 5434 5435 5433
f 5715 5714 5435
f 5716 5715 5435
f 5437 5716 5435
f 5436 5437 5435
f 5717 5716 5437
f 5718 5717 5437
f 5438 5718 5437
f 5719 5718 5438
f 5439 5719 5438
f 5720 5719 5439
f 5440 5720 5439
f 5721 5720 5440
f 5441 5721 5440
f 5722 5721 5441
f 5443 5722 5441
f 5442 5443 5441
f 5723 5722 5443
f 5724 5723 5443
f 5444 5724 5443
f 5725 5724 5444
f 5445 5725 5444
f 5726 5725 5445
f 5446 5726 5445
f 5727 5726 5446
f 5447 5727 5446
f 5728 5727 5447
f 5448 5728 5447
f 5729 5728 5448
f 5450 5729 5448
f 5449 5450 5448
f 5730 5729 5450
f 5731 5730 5450
f 5452 5731 5450
f 5451 5452 5450
f 5732 5731 5452
f 5733 5732 5452
f 5734 5733 5452
f 5453 5734 5452
f 5455 5734 5453
f 5454 5455 5453
f 5735 5734 5455
f 5736 5735 5455
f 5737 5736 5455
f 5456 5737 5455
f 5738 5737 5456
f 5457 5738 5456
f 5459 5738 5457
f 5458 5459 5457
f 5739 5738 5459
f 5740 5739 5459
f 5461 5740 5459
f 5460 5461 5459
f 5741 5740 5461
f 5742 5741 5461
f 5743 5742 5461
f 5462 5743 5461
f 5744 5743 5462
f 5463 5744 5462
f 5745 5744 5463
f 5465 5745 5463
f 5464 5465 5463
f 5746 5745 5465
f 5747 5746 5465
f 5466 5747 5465
f 5468 5747 5466
f 5467 5468 5466
f 5748 5747 5468
f 5749 5748 5468
f 5470 5749 5468
f 5469 5470 5468
f 5750 5749 5470
f 5751 5750 5470
f 5752 5751 5470
f 5471 5752 5470
f 5472 5752 5471
f 5753 5752 5472
f 5754 5753 5472
f 5473 5754 5472
f 5474 5754 5473
f 5755 5754 5474
f 5475 5755 5474
f 5756 5755 5475
f 5757 5756 5475
f 5209 5480 5479
f 5480 5759 5479
f 5759 5760 5479
f 5481 5761 5480
f 5761 5762 5480
f 5762 5763 5480
f 5763 5759 5480
f 5482 5764 5481
f 5764 5761 5481
f 5483 5765 5482
f 5765 5766 5482
f 5766 5767 5482
f 5767 5761 5482
f 5761 5764 5482
f 5484 5768 5483
f 5768 5769 5483
f 5769 5770 5483
f 5770 5771 5483
f 5771 5765 5483
f 5772 5768 5484
f 5773 5772 5484
f 5774 5773 5484
f 5486 5774 5484
f 5485 5486 5484
f 5487 5774 5486
f 5773 5774 5487
f 5775 5773 5487
f 5776 5775 5487
f 5488 5776 5487
f 5777 5776 5488
f 5489 5777 5488
f 5490 5777 5489
f 5778 5777 5490
f 5779 5778 5490
f 5491 5779 5490
f 5493 5779 5491
f 5492 5493 5491
f 5780 5779 5493
f 5781 5780 5493
f 5782 5781 5493
f 5783 5782 5493
f 5494 5783 5493
f 5495 5783 5494
f 5784 5783 5495
f 5496 5784 5495
f 5785 5784 5496
f 5497 5785 5496
f 5498 5785 5497
f 5786 5785 5498
f 5499 5786 5498
f 5787 5786 5499
f 5788 5787 5499
f 5536 5788 5499
f 5500 5536 5499
f 5789 5501 5502
f 5503 5789 5502
f 5790 5789 5503
f 5504 5790 5503
f 5791 5790 5504
f 5505 5791 5504
f 5792 5791 5505
f 5793 5792 5505
f 5506 5793 5505
f 5794 5793 5506
f 5507 5794 5506
f 5795 5794 5507
f 5573 5795 5507
f 5553 5796 5508
f 5796 5509 5508
f 5796 5797 5509
f 5797 5510 5509
f 5797 5798 5510
f 5798 5517 5510
f 5517 5511 5510
f 5517 5512 5511
f 5517 5513 5512
f 5799 5521 5514
f 5800 5799 5514
f 5801 5800 5514
f 5515 5801 5514
f 5802 5801 5515
f 5803 5802 5515
f 5516 5803 5515
f 5804 5803 5516
f 5517 5804 5516
f 5805 5804 5517
f 5798 5805 5517
f 5795 5574 5518
f 5806 5795 5518
f 5520 5806 5518
f 5519 5520 5518
f 5807 5806 5520
f 5808 5807 5520
f 5799 5808 5520
f 5521 5799 5520
f 5535 5809 5522
f 5809 5810 5522
f 5810 5523 5522
f 5810 5811 5523
f 5811 5812 5523
f 5812 5524 5523
f 5812 5813 5524
f 5813 5814 5524
f 5814 5525 5524
f 5814 5815 5525
f 5815 5526 5525
f 5815 5816 5526
f 5816 5817 5526
f 5817 5527 5526
f 5817 5818 5527
f 5818 5528 5527
f 5818 5819 5528
f 5819 5529 5528
f 5819 5539 5529
f 5539 5530 5529
f 5572 5820 5531
f 5820 5532 5531
f 5820 5821 5532
f 5821 5822 5532
f 5822 5534 5532
f 5534 5533 5532
f 5822 5823 5534
f 5823 5809 5534
f 5809 5535 5534
f 5824 5788 5536
f 5537 5824 5536
f 5825 5824 5537
f 5538 5825 5537
f 5826 5825 5538
f 5827 5826 5538
f 5539 5827 5538
f 5819 5828 5539
f 5828 5827 5539
f 5263 5829 5540
f 5829 5830 5540
f 5830 5541 5540
f 5830 5831 5541
f 5831 5832 5541
f 5832 5833 5541
f 5833 5542 5541
f 5833 5544 5542
f 5544 5543 5542
f 5833 5834 5544
f 5834 5835 5544
f 5835 5545 5544
f 5835 5546 5545
f 5835 5836 5546
f 5836 5837 5546
f 5837 5548 5546
f 5548 5547 5546
f 5837 5838 5548
f 5838 5549 5548
f 5838 5550 5549
f 5838 5839 5550
f 5839 5551 5550
f 5839 5552 5551
f 5839 5840 5552
f 5840 5553 5552
f 5840 5841 5553
f 5841 5796 5553
f 5633 5842 5554
f 5842 5555 5554
f 5842 5556 5555
f 5842 5557 5556
f 5842 5843 5557
f 5843 5558 5557
f 5843 5844 5558
f 5844 5845 5558
f 5845 5846 5558
f 5846 5847 5558
f 5847 5848 5558
f 5848 5849 5558
f 5849 5559 5558
f 5849 5848 5559
f 5848 5561 5559
f 5561 5560 5559
f 5848 5562 5561
f 5848 5850 5562
f 5850 5851 5562
f 5851 5852 5562
f 5852 5563 5562
f 5852 5853 5563
f 5853 5854 5563
f 5854 5565 5563
f 5565 5564 5563
f 5855 5568 5567
f 5855 5856 5568
f 5856 5857 5568
f 5857 5569 5568
f 5857 5571 5569
f 5571 5570 5569
f 5857 5858 5571
f 5858 5820 5571
f 5820 5572 5571
f 5574 5795 5573
f 5596 5859 5575
f 5859 5576 5575
f 5859 5860 5576
f 5860 5577 5576
f 5860 5578 5577
f 5860 5861 5578
f 5861 5579 5578
f 5861 5862 5579
f 5862 5863 5579
f 5863 5864 5579
f 5864 5597 5579
f 5662 5581 5580
f 5662 5865 5581
f 5865 5866 5581
f 5866 5867 5581
f 5867 5868 5581
f 5868 5582 5581
f 5868 5869 5582
f 5869 5870 5582
f 5870 5871 5582
f 5871 5872 5582
f 5872 5584 5582
f 5584 5583 5582
f 5872 5873 5584
f 5873 5586 5584
f 5586 5585 5584
f 5873 5874 5586
f 5874 5875 5586
f 5875 5587 5586
f 5875 5876 5587
f 5876 5877 5587
f 5877 5878 5587
f 5878 5879 5587
f 5879 5588 5587
f 5879 5880 5588
f 5880 5589 5588
f 5880 5881 5589
f 5881 5590 5589
f 5881 5591 5590
f 5881 5882 5591
f 5882 5883 5591
f 5883 5593 5591
f 5593 5592 5591
f 5883 5884 5593
f 5884 5594 5593
f 5884 5885 5594
f 5885 5595 5594
f 5885 5596 5595
f 5885 5886 5596
f 5886 5887 5596
f 5887 5859 5596
f 5864 5888 5597
f 5888 5600 5597
f 5600 5599 5597
f 5599 5598 5597
f 5888 5889 5600
f 5889 5890 5600
f 5890 5601 5600
f 5890 5891 5601
f 5891 5892 5601
f 5892 5602 5601
f 5892 5603 5602
f 5892 5893 5603
f 5893 5894 5603
f 5894 5605 5603
f 5605 5604 5603
f 5894 5895 5605
f 5895 5896 5605
f 5896 5897 5605
f 5897 5607 5605
f 5607 5606 5605
f 5897 5898 5607
f 5898 5899 5607
f 5899 5609 5607
f 5609 5608 5607
f 5899 5900 5609
f 5900 5901 5609
f 5901 5610 5609
f 5901 5612 5610
f 5612 5611 5610
f 5901 5902 5612
f 5902 5903 5612
f 5903 5904 5612
f 5904 5905 5612
f 5905 5614 5612
f 5614 5613 5612
f 5905 5615 5614
f 5905 5904 5615
f 5904 5906 5615
f 5906 5907 5615
f 5907 5616 5615
f 5907 5908 5616
f 5908 5617 5616
f 5908 5909 5617
f 5909 5618 5617
f 5909 5910 5618
f 5910 5621 5618
f 5621 5619 5618
f 5621 5620 5619
f 5910 5911 5621
f 5911 5622 5621
f 5911 5910 5622
f 5910 5912 5622
f 5912 5913 5622
f 5913 5623 5622
f 5913 5914 5623
f 5914 5915 5623
f 5915 5624 5623
f 5915 5625 5624
f 5915 5914 5625
f 5914 5916 5625
f 5916 5917 5625
f 5917 5627 5625
f 5627 5626 5625
f 5917 5918 5627
f 5918 5628 5627
f 5918 5919 5628
f 5919 5630 5628
f 5919 5920 5630
f 5920 5631 5630
f 5920 5921 5631
f 5921 5922 5631
f 5922 5923 5631
f 5923 5632 5631
f 5923 5633 5632
f 5923 5922 5633
f 5922 5924 5633
f 5924 5925 5633
f 5925 5842 5633
f 5926 5635 5634
f 5927 5926 5634
f 5637 5927 5634
f 5928 5636 5635
f 5929 5928 5635
f 5926 5929 5635
f 5930 5645 5636
f 5928 5930 5636
f 5931 5927 5637
f 5638 5931 5637
f 5932 5931 5638
f 5639 5932 5638
f 5933 5932 5639
f 5934 5933 5639
f 5640 5934 5639
f 5935 5934 5640
f 5936 5935 5640
f 5937 5936 5640
f 5641 5937 5640
f 5642 5937 5641
f 5663 5937 5642
f 5644 5938 5643
f 5938 5654 5643
f 5939 5938 5644
f 5940 5939 5644
f 5645 5940 5644
f 5930 5940 5645
f 5653 5661 5646
f 5661 5941 5646
f 5941 5942 5646
f 5942 5647 5646
f 5942 5943 5647
f 5943 5944 5647
f 5944 5648 5647
f 5944 5945 5648
f 5945 5650 5648
f 5650 5649 5648
f 5945 5946 5650
f 5946 5947 5650
f 5947 5865 5650
f 5865 5651 5650
f 5865 5662 5651
f 5661 5653 5652
f 5938 5948 5654
f 5948 5949 5654
f 5949 5655 5654
f 5949 5656 5655
f 5949 5950 5656
f 5950 5951 5656
f 5951 5952 5656
f 5952 5657 5656
f 5952 5953 5657
f 5953 5658 5657
f 5953 5954 5658
f 5954 5659 5658
f 5954 5955 5659
f 5955 5660 5659
f 5955 5956 5660
f 5956 5661 5660
f 5956 5957 5661
f 5957 5941 5661
f 5958 5937 5663
f 5664 5958 5663
f 5959 5958 5664
f 5960 5959 5664
f 5666 5960 5664
f 5665 5666 5664
f 5961 5960 5666
f 5962 5961 5666
f 5963 5962 5666
f 5667 5963 5666
f 5964 5963 5667
f 5669 5964 5667
f 5668 5669 5667
f 5965 5964 5669
f 5670 5965 5669
f 5966 5965 5670
f 5671 5966 5670
f 5967 5966 5671
f 5672 5967 5671
f 5968 5967 5672
f 5969 5968 5672
f 5673 5969 5672
f 5970 5969 5673
f 5674 5970 5673
f 5971 5970 5674
f 5675 5971 5674
f 5972 5971 5675
f 5973 5972 5675
f 5676 5973 5675
f 5677 5973 5676
f 5974 5973 5677
f 5975 5974 5677
f 5678 5975 5677
f 5679 5975 5678
f 5976 5975 5679
f 5977 5976 5679
f 5680 5977 5679
f 5681 5977 5680
f 5978 5977 5681
f 5682 5978 5681
f 5979 5978 5682
f 5683 5979 5682
f 5980 5979 5683
f 5684 5980 5683
f 5981 5980 5684
f 5982 5981 5684
f 5686 5982 5684
f 5685 5686 5684
f 5687 5982 5686
f 5983 5982 5687
f 5688 5983 5687
f 5984 5983 5688
f 5985 5984 5688
f 5986 5985 5688
f 5689 5986 5688
f 5987 5986 5689
f 5988 5987 5689
f 5690 5988 5689
f 5989 5988 5690
f 5691 5989 5690
f 5990 5989 5691
f 5991 5990 5691
f 5692 5991 5691
f 5992 5991 5692
f 5993 5992 5692
f 5693 5993 5692
f 5694 5993 5693
f 5994 5993 5694
f 5695 5994 5694
f 5995 5994 5695
f 5696 5995 5695
f 5996 5995 5696
f 5697 5996 5696
f 5700 5996 5697
f 5699 5700 5697
f 5997 5996 5700
f 5701 5997 5700
f 5998 5997 5701
f 5999 5998 5701
f 6000 5999 5701
f 6001 6000 5701
f 5702 6001 5701
f 6002 6001 5702
f 5703 6002 5702
f 6003 6002 5703
f 5704 6003 5703
f 5705 6003 5704
f 6004 6003 5705
f 5707 6004 5705
f 5706 5707 5705
f 6005 6004 5707
f 6006 6005 5707
f 5708 6006 5707
f 6007 6006 5708
f 5710 6007 5708
f 5709 5710 5708
f 6008 6007 5710
f 6009 6008 5710
f 5712 6009 5710
f 5711 5712 5710
f 6010 6009 5712
f 6011 6010 5712
f 5713 6011 5712
f 6012 6011 5713
f 5715 6012 5713
f 5714 5715 5713
f 6013 6012 5715
f 6014 6013 5715
f 5717 6014 5715
f 5716 5717 5715
f 6015 6014 5717
f 6016 6015 5717
f 5718 6016 5717
f 6017 6016 5718
f 5719 6017 5718
f 6018 6017 5719
f 5720 6018 5719
f 6019 6018 5720
f 5721 6019 5720
f 6020 6019 5721
f 5723 6020 5721
f 5722 5723 5721
f 6021 6020 5723
f 6022 6021 5723
f 5724 6022 5723
f 6023 6022 5724
f 5725 6023 5724
f 6024 6023 5725
f 5726 6024 5725
f 6025 6024 5726
f 5727 6025 5726
f 6026 6025 5727
f 5728 6026 5727
f 6027 6026 5728
f 5730 6027 5728
f 5729 5730 5728
f 6028 6027 5730
f 6029 6028 5730
f 5731 6029 5730
f 6030 6029 5731
f 5732 6030 5731
f 6031 6030 5732
f 6032 6031 5732
f 5733 6032 5732
f 5734 6032 5733
f 6033 6032 5734
f 6034 6033 5734
f 5735 6034 5734
f 5736 6034 5735
f 6035 6034 5736
f 6036 6035 5736
f 5737 6036 5736
f 5739 6036 5737
f 5738 5739 5737
f 6037 6036 5739
f 6038 6037 5739
f 5741 6038 5739
f 5740 5741 5739
f 6039 6038 5741
f 6040 6039 5741
f 6041 6040 5741
f 5742 6041 5741
f 6042 6041 5742
f 5743 6042 5742
f 5745 6042 5743
f 5744 5745 5743
f 6043 6042 5745
f 6044 6043 5745
f 6045 6044 5745
f 5746 6045 5745
f 5748 6045 5746
f 5747 5748 5746
f 6046 6045 5748
f 6047 6046 5748
f 5750 6047 5748
f 5749 5750 5748
f 6048 6047 5750
f 6049 6048 5750
f 6050 6049 5750
f 5751 6050 5750
f 5752 6050 5751
f 6051 6050 5752
f 6052 6051 5752
f 5753 6052 5752
f 5754 6052 5753
f 6053 6052 5754
f 5755 6053 5754
f 6054 6053 5755
f 6055 6054 5755
f 5756 6055 5755
f 6056 6055 5756
f 5758 6056 5756
f 5757 5758 5756
f 6057 6056 5758
f 6058 6057 5758
f 5763 6059 5759
f 6059 5760 5759
f 5767 6062 5761
f 6062 6063 5761
f 6063 6064 5761
f 6064 5763 5761
f 5763 5762 5761
f 6064 6065 5763
f 6065 6066 5763
f 6066 6061 5763
f 6061 6060 5763
f 6060 6059 5763
f 5771 6067 5765
f 6067 6068 5765
f 6068 5766 5765
f 6068 6062 5766
f 6062 5767 5766
f 5772 6069 5768
f 6069 6070 5768
f 6070 6071 5768
f 6071 5769 5768
f 6071 5770 5769
f 6071 6072 5770
f 6072 5771 5770
f 6072 6073 5771
f 6073 6074 5771
f 6074 6075 5771
f 6075 6076 5771
f 6076 6068 5771
f 6068 6067 5771
f 6077 6069 5772
f 6078 6077 5772
f 6079 6078 5772
f 6080 6079 5772
f 5773 6080 5772
f 6081 6080 5773
f 6082 6081 5773
f 5775 6082 5773
f 6083 6082 5775
f 5776 6083 5775
f 6084 6083 5776
f 5777 6084 5776
f 6085 6084 5777
f 5780 6085 5777
f 5778 5780 5777
f 5779 5780 5778
f 6086 6085 5780
f 6087 6086 5780
f 6088 6087 5780
f 5781 6088 5780
f 6089 6088 5781
f 6090 6089 5781
f 5782 6090 5781
f 6091 6090 5782
f 5783 6091 5782
f 5784 6091 5783
f 6092 6091 5784
f 5785 6092 5784
f 6093 6092 5785
f 6094 6093 5785
f 5786 6094 5785
f 6095 6094 5786
f 5787 6095 5786
f 6096 6095 5787
f 6097 6096 5787
f 5824 6097 5787
f 5788 5824 5787
f 6098 5501 5789
f 6099 6098 5789
f 5790 6099 5789
f 6100 6099 5790
f 5791 6100 5790
f 6101 6100 5791
f 5792 6101 5791
f 6102 6101 5792
f 5793 6102 5792
f 6103 6102 5793
f 5794 6103 5793
f 6104 6103 5794
f 5795 6104 5794
f 5807 6104 5795
f 5806 5807 5795
f 5841 5805 5796
f 5805 5797 5796
f 5805 5798 5797
f 6105 5808 5799
f 6106 6105 5799
f 6107 6106 5799
f 6108 6107 5799
f 5800 6108 5799
f 5801 6108 5800
f 6109 6108 5801
f 6110 6109 5801
f 5802 6110 5801
f 5803 6110 5802
f 5804 6111 5803
f 6111 6110 5803
f 5805 6112 5804
f 6112 6111 5804
f 5841 6113 5805
f 6113 6112 5805
f 6114 6104 5807
f 6115 6114 5807
f 6105 6115 5807
f 5808 6105 5807
f 5823 6116 5809
f 6116 6117 5809
f 6117 5811 5809
f 5811 5810 5809
f 6117 6118 5811
f 6118 6119 5811
f 6119 5813 5811
f 5813 5812 5811
f 6119 6120 5813
f 6120 6121 5813
f 6121 6122 5813
f 6122 5814 5813
f 6122 6123 5814
f 6123 5815 5814
f 6123 6124 5815
f 6124 5816 5815
f 6124 6125 5816
f 6125 5817 5816
f 6125 6126 5817
f 6126 5818 5817
f 6126 5828 5818
f 5828 5819 5818
f 5858 6127 5820
f 6127 6128 5820
f 6128 6129 5820
f 6129 5821 5820
f 6129 6130 5821
f 6130 6131 5821
f 6131 5823 5821
f 5823 5822 5821
f 6131 6132 5823
f 6132 6116 5823
f 6133 6097 5824
f 5825 6133 5824
f 6134 6133 5825
f 5826 6134 5825
f 5827 6135 5826
f 6135 6134 5826
f 5828 6135 5827
f 6126 6136 5828
f 6136 6135 5828
f 5263 6137 5829
f 6137 6138 5829
f 6138 6139 5829
f 6139 6140 5829
f 6140 5830 5829
f 6140 5831 5830
f 6140 6141 5831
f 6141 6142 5831
f 6142 6143 5831
f 6143 5833 5831
f 5833 5832 5831
f 6143 5834 5833
f 6143 6144 5834
f 6144 5835 5834
f 6144 6145 5835
f 6145 6146 5835
f 6146 5836 5835
f 6146 6147 5836
f 6147 5838 5836
f 5838 5837 5836
f 6147 6148 5838
f 6148 5839 5838
f 6148 6149 5839
f 6149 5840 5839
f 6149 6113 5840
f 6113 5841 5840
f 5925 5844 5842
f 5844 5843 5842
f 5925 6150 5844
f 6150 6151 5844
f 6151 5845 5844
f 6151 6152 5845
f 6152 6153 5845
f 6153 6154 5845
f 6154 6155 5845
f 6155 5846 5845
f 6155 6156 5846
f 6156 6157 5846
f 6157 6158 5846
f 6158 5847 5846
f 6158 5850 5847
f 5850 5848 5847
f 6158 6159 5850
f 6159 6160 5850
f 6160 6161 5850
f 6161 5851 5850
f 6161 5852 5851
f 6161 6160 5852
f 6160 6162 5852
f 6162 5853 5852
f 6162 6163 5853
f 6164 5856 5855
f 6164 5858 5856
f 5858 5857 5856
f 5887 6165 5859
f 6165 5861 5859
f 5861 5860 5859
f 6165 6166 5861
f 6166 5862 5861
f 6166 6167 5862
f 6167 5863 5862
f 6167 6168 5863
f 6168 6169 5863
f 6169 5864 5863
f 6169 5889 5864
f 5889 5888 5864
f 5947 6170 5865
f 6170 5867 5865
f 5867 5866 5865
f 6170 5869 5867
f 5869 5868 5867
f 6170 6171 5869
f 6171 6172 5869
f 6172 6173 5869
f 6173 5871 5869
f 5871 5870 5869
f 6173 6174 5871
f 6174 5875 5871
f 5875 5874 5871
f 5874 5873 5871
f 5873 5872 5871
f 6174 6173 5875
f 6173 6175 5875
f 6175 6176 5875
f 6176 5876 5875
f 6176 6175 5876
f 6175 6177 5876
f 6177 6178 5876
f 6178 6179 5876
f 6179 5878 5876
f 5878 5877 5876
f 6179 6180 5878
f 6180 5879 5878
f 6180 6181 5879
f 6181 6182 5879
f 6182 6183 5879
f 6183 5880 5879
f 6183 5882 5880
f 5882 5881 5880
f 6183 6184 5882
f 6184 6185 5882
f 6185 6186 5882
f 6186 5883 5882
f 6186 6187 5883
f 6187 5884 5883
f 6187 5885 5884
f 6187 6188 5885
f 6188 6189 5885
f 6189 5886 5885
f 6189 6190 5886
f 6190 6191 5886
f 6191 5887 5886
f 6191 6166 5887
f 6166 6165 5887
f 6169 6192 5889
f 6192 5890 5889
f 6192 6193 5890
f 6193 6194 5890
f 6194 5891 5890
f 6194 5893 5891
f 5893 5892 5891
f 6194 6195 5893
f 6195 6196 5893
f 6196 5895 5893
f 5895 5894 5893
f 6196 6197 5895
f 6197 6198 5895
f 6198 5897 5895
f 5897 5896 5895
f 6198 5898 5897
f 6198 6199 5898
f 6199 6200 5898
f 6200 6201 5898
f 6201 5899 5898
f 6201 6202 5899
f 6202 5902 5899
f 5902 5900 5899
f 5902 5901 5900
f 6202 6203 5902
f 6203 6204 5902
f 6204 6205 5902
f 6205 5903 5902
f 6205 6206 5903
f 6206 5904 5903
f 6206 6207 5904
f 6207 6208 5904
f 6208 5906 5904
f 6208 5907 5906
f 6208 6209 5907
f 6209 6210 5907
f 6210 5908 5907
f 6210 5910 5908
f 5910 5909 5908
f 6210 6211 5910
f 6211 6212 5910
f 6212 6213 5910
f 6213 5912 5910
f 6213 5914 5912
f 5914 5913 5912
f 6213 6214 5914
f 6214 6215 5914
f 6215 6216 5914
f 6216 5916 5914
f 6216 6217 5916
f 6217 5917 5916
f 6217 6218 5917
f 6218 6219 5917
f 6219 5918 5917
f 6219 6220 5918
f 6220 5919 5918
f 6220 6221 5919
f 6221 5920 5919
f 6221 6222 5920
f 6222 5921 5920
f 6222 6223 5921
f 6223 5924 5921
f 5924 5922 5921
f 6223 6150 5924
f 6150 5925 5924
f 5931 5929 5926
f 5927 5931 5926
f 6224 5930 5928
f 6225 6224 5928
f 5929 6225 5928
f 6226 6225 5929
f 6227 6226 5929
f 5932 6227 5929
f 5931 5932 5929
f 6228 5940 5930
f 6224 6228 5930
f 6229 6227 5932
f 5933 6229 5932
f 6230 6229 5933
f 5934 6230 5933
f 6231 6230 5934
f 6232 6231 5934
f 6233 6232 5934
f 6234 6233 5934
f 5935 6234 5934
f 5958 6234 5935
f 5936 5958 5935
f 5937 5958 5936
f 5939 6235 5938
f 6235 6236 5938
f 6236 5948 5938
f 5940 6237 5939
f 6237 6238 5939
f 6238 6235 5939
f 6228 6239 5940
f 6239 6240 5940
f 6240 6237 5940
f 5957 6241 5941
f 6241 5942 5941
f 6241 5943 5942
f 6241 6242 5943
f 6242 6243 5943
f 6243 5946 5943
f 5946 5945 5943
f 5945 5944 5943
f 6243 6244 5946
f 6244 6245 5946
f 6245 6171 5946
f 6171 6170 5946
f 6170 5947 5946
f 6236 5949 5948
f 6236 6246 5949
f 6246 5950 5949
f 6246 6247 5950
f 6247 6248 5950
f 6248 6249 5950
f 6249 6250 5950
f 6250 5951 5950
f 6250 6251 5951
f 6251 5952 5951
f 6251 5953 5952
f 6251 6252 5953
f 6252 6253 5953
f 6253 6254 5953
f 6254 5954 5953
f 6254 6255 5954
f 6255 5955 5954
f 6255 6256 5955
f 6256 6257 5955
f 6257 5956 5955
f 6257 6242 5956
f 6242 5957 5956
f 6242 6241 5957
f 6258 6234 5958
f 5959 6258 5958
f 6259 6258 5959
f 6260 6259 5959
f 6261 6260 5959
f 5960 6261 5959
f 5961 6261 5960
f 6262 6261 5961
f 6263 6262 5961
f 6264 6263 5961
f 5962 6264 5961
f 6265 6264 5962
f 5963 6265 5962
f 6266 6265 5963
f 6267 6266 5963
f 5964 6267 5963
f 6268 6267 5964
f 5965 6268 5964
f 6269 6268 5965
f 5966 6269 5965
f 5967 6269 5966
f 6270 6269 5967
f 6271 6270 5967
f 6272 6271 5967
f 5968 6272 5967
f 5969 6272 5968
f 6273 6272 5969
f 5970 6273 5969
f 6274 6273 5970
f 5971 6274 5970
f 5972 6274 5971
f 6275 6274 5972
f 6276 6275 5972
f 5973 6276 5972
f 6277 6276 5973
f 5974 6277 5973
f 6278 6277 5974
f 5975 6278 5974
f 6279 6278 5975
f 5976 6279 5975
f 6280 6279 5976
f 5977 6280 5976
f 5978 6280 5977
f 6281 6280 5978
f 6282 6281 5978
f 5979 6282 5978
f 5980 6282 5979
f 6283 6282 5980
f 6284 6283 5980
f 5981 6284 5980
f 6285 6284 5981
f 6286 6285 5981
f 5983 6286 5981
f 5982 5983 5981
f 6287 6286 5983
f 6288 6287 5983
f 5984 6288 5983
f 6289 6288 5984
f 6290 6289 5984
f 6291 6290 5984
f 6292 6291 5984
f 5985 6292 5984
f 5986 6292 5985
f 6293 6292 5986
f 5987 6293 5986
f 6294 6293 5987
f 5989 6294 5987
f 5988 5989 5987
f 6295 6294 5989
f 6296 6295 5989
f 5990 6296 5989
f 6297 6296 5990
f 5991 6297 5990
f 5994 6297 5991
f 5992 5994 5991
f 5993 5994 5992
f 5995 6297 5994
f 6298 6297 5995
f 6299 6298 5995
f 5997 6299 5995
f 5996 5997 5995
f 6300 6299 5997
f 5998 6300 5997
f 6301 6300 5998
f 6302 6301 5998
f 6303 6302 5998
f 5999 6303 5998
f 6304 6303 5999
f 6305 6304 5999
f 6000 6305 5999
f 6306 6305 6000
f 6001 6306 6000
f 6002 6306 6001
f 6307 6306 6002
f 6003 6307 6002
f 6308 6307 6003
f 6005 6308 6003
f 6004 6005 6003
f 6309 6308 6005
f 6310 6309 6005
f 6006 6310 6005
f 6311 6310 6006
f 6008 6311 6006
f 6007 6008 6006
f 6312 6311 6008
f 6313 6312 6008
f 6010 6313 6008
f 6009 6010 6008
f 6314 6313 6010
f 6315 6314 6010
f 6011 6315 6010
f 6316 6315 6011
f 6013 6316 6011
f 6012 6013 6011
f 6317 6316 6013
f 6318 6317 6013
f 6015 6318 6013
f 6014 6015 6013
f 6319 6318 6015
f 6320 6319 6015
f 6016 6320 6015
f 6321 6320 6016
f 6017 6321 6016
f 6322 6321 6017
f 6018 6322 6017
f 6323 6322 6018
f 6019 6323 6018
f 6324 6323 6019
f 6021 6324 6019
f 6020 6021 6019
f 6325 6324 6021
f 6326 6325 6021
f 6022 6326 6021
f 6327 6326 6022
f 6023 6327 6022
f 6328 6327 6023
f 6024 6328 6023
f 6329 6328 6024
f 6025 6329 6024
f 6330 6329 6025
f 6331 6330 6025
f 6026 6331 6025
f 6028 6331 6026
f 6027 6028 6026
f 6332 6331 6028
f 6333 6332 6028
f 6030 6333 6028
f 6029 6030 6028
f 6334 6333 6030
f 6335 6334 6030
f 6336 6335 6030
f 6031 6336 6030
f 6032 6336 6031
f 6337 6336 6032
f 6033 6337 6032
f 6338 6337 6033
f 6034 6338 6033
f 6339 6338 6034
f 6340 6339 6034
f 6035 6340 6034
f 6036 6340 6035
f 6341 6340 6036
f 6037 6341 6036
f 6342 6341 6037
f 6039 6342 6037
f 6038 6039 6037
f 6343 6342 6039
f 6344 6343 6039
f 6345 6344 6039
f 6040 6345 6039
f 6346 6345 6040
f 6041 6346 6040
f 6043 6346 6041
f 6042 6043 6041
f 6347 6346 6043
f 6348 6347 6043
f 6349 6348 6043
f 6044 6349 6043
f 6046 6349 6044
f 6045 6046 6044
f 6350 6349 6046
f 6351 6350 6046
f 6048 6351 6046
f 6047 6048 6046
f 6352 6351 6048
f 6353 6352 6048
f 6354 6353 6048
f 6049 6354 6048
f 6051 6354 6049
f 6050 6051 6049
f 6355 6354 6051
f 6356 6355 6051
f 6052 6356 6051
f 6357 6356 6052
f 6053 6357 6052
f 6358 6357 6053
f 6359 6358 6053
f 6054 6359 6053
f 6057 6360 6055
f 6056 6057 6055
f 6361 6360 6057
f 6058 6361 6057
f 6362 6361 6058
f 6066 6365 6061
f 6365 6366 6061
f 6068 6367 6062
f 6367 6368 6062
f 6368 6369 6062
f 6369 6063 6062
f 6369 6065 6063
f 6065 6064 6063
f 6369 6370 6065
f 6370 6371 6065
f 6371 6365 6065
f 6365 6066 6065
f 6076 6367 6068
f 6077 6372 6069
f 6372 6373 6069
f 6373 6374 6069
f 6374 6071 6069
f 6071 6070 6069
f 6374 6375 6071
f 6375 6376 6071
f 6376 6073 6071
f 6073 6072 6071
f 6376 6377 6073
f 6377 6378 6073
f 6378 6074 6073
f 6378 6379 6074
f 6379 6380 6074
f 6380 6075 6074
f 6380 6381 6075
f 6381 6367 6075
f 6367 6076 6075
f 6382 6372 6077
f 6383 6382 6077
f 6384 6383 6077
f 6078 6384 6077
f 6385 6384 6078
f 6080 6385 6078
f 6079 6080 6078
f 6386 6385 6080
f 6081 6386 6080
f 6387 6386 6081
f 6082 6387 6081
f 6083 6387 6082
f 6388 6387 6083
f 6084 6388 6083
f 6086 6388 6084
f 6085 6086 6084
f 6389 6388 6086
f 6390 6389 6086
f 6391 6390 6086
f 6392 6391 6086
f 6087 6392 6086
f 6393 6392 6087
f 6088 6393 6087
f 6394 6393 6088
f 6089 6394 6088
f 6090 6394 6089
f 6395 6394 6090
f 6396 6395 6090
f 6091 6396 6090
f 6397 6396 6091
f 6092 6397 6091
f 6398 6397 6092
f 6093 6398 6092
f 6094 6398 6093
f 6399 6398 6094
f 6400 6399 6094
f 6095 6400 6094
f 6401 6400 6095
f 6096 6401 6095
f 6402 6401 6096
f 6133 6402 6096
f 6097 6133 6096
f 6403 5501 6098
f 6404 6403 6098
f 6405 6404 6098
f 6099 6405 6098
f 6406 6405 6099
f 6100 6406 6099
f 6407 6406 6100
f 6101 6407 6100
f 6408 6407 6101
f 6409 6408 6101
f 6102 6409 6101
f 6114 6409 6102
f 6103 6114 6102
f 6104 6114 6103
f 6410 6115 6105
f 6411 6410 6105
f 6412 6411 6105
f 6106 6412 6105
f 6413 6412 6106
f 6414 6413 6106
f 6107 6414 6106
f 6415 6414 6107
f 6108 6415 6107
f 6109 6415 6108
f 6416 6415 6109
f 6417 6416 6109
f 6110 6417 6109
f 6111 6418 6110
f 6418 6417 6110
f 6112 6419 6111
f 6419 6418 6111
f 6113 6420 6112
f 6420 6419 6112
f 6149 6420 6113
f 6421 6409 6114
f 6422 6421 6114
f 6410 6422 6114
f 6115 6410 6114
f 6132 6423 6116
f 6423 6424 6116
f 6424 6117 6116
f 6424 6118 6117
f 6424 6425 6118
f 6425 6426 6118
f 6426 6120 6118
f 6120 6119 6118
f 6426 6427 6120
f 6427 6428 6120
f 6428 6429 6120
f 6429 6122 6120
f 6122 6121 6120
f 6429 6430 6122
f 6430 6431 6122
f 6431 6432 6122
f 6432 6123 6122
f 6432 6124 6123
f 6432 6136 6124
f 6136 6125 6124
f 6136 6126 6125
f 6366 6128 6127
f 6366 6365 6128
f 6365 6129 6128
f 6365 6371 6129
f 6371 6130 6129
f 6371 6370 6130
f 6370 6132 6130
f 6132 6131 6130
f 6370 6433 6132
f 6433 6434 6132
f 6434 6423 6132
f 6134 6435 6133
f 6435 6436 6133
f 6436 6402 6133
f 6135 6437 6134
f 6437 6438 6134
f 6438 6435 6134
f 6136 6439 6135
f 6439 6440 6135
f 6440 6437 6135
f 6432 6441 6136
f 6441 6442 6136
f 6442 6439 6136
f 6444 6443 6137
f 6443 6138 6137
f 6443 6445 6138
f 6445 6139 6138
f 6445 6446 6139
f 6446 6140 6139
f 6446 6447 6140
f 6447 6448 6140
f 6448 6141 6140
f 6448 6449 6141
f 6449 6450 6141
f 6450 6451 6141
f 6451 6142 6141
f 6451 6144 6142
f 6144 6143 6142
f 6451 6450 6144
f 6450 6145 6144
f 6450 6452 6145
f 6452 6146 6145
f 6452 6453 6146
f 6453 6148 6146
f 6148 6147 6146
f 6453 6454 6148
f 6454 6420 6148
f 6420 6149 6148
f 6223 6455 6150
f 6455 6152 6150
f 6152 6151 6150
f 6455 6456 6152
f 6456 6457 6152
f 6457 6153 6152
f 6457 6154 6153
f 6457 6458 6154
f 6458 6155 6154
f 6458 6459 6155
f 6459 6156 6155
f 6459 6460 6156
f 6460 6159 6156
f 6159 6157 6156
f 6159 6158 6157
f 6460 6461 6159
f 6461 6160 6159
f 6461 6462 6160
f 6462 6162 6160
f 6462 6463 6162
f 6463 6464 6162
f 6464 6465 6162
f 6465 6466 6162
f 6466 6163 6162
f 6191 6167 6166
f 6191 6470 6167
f 6470 6471 6167
f 6471 6472 6167
f 6472 6473 6167
f 6473 6168 6167
f 6473 6192 6168
f 6192 6169 6168
f 6245 6474 6171
f 6474 6475 6171
f 6475 6173 6171
f 6173 6172 6171
f 6475 6476 6173
f 6476 6477 6173
f 6477 6175 6173
f 6477 6478 6175
f 6478 6479 6175
f 6479 6480 6175
f 6480 6177 6175
f 6480 6481 6177
f 6481 6482 6177
f 6482 6178 6177
f 6482 6179 6178
f 6482 6483 6179
f 6483 6484 6179
f 6484 6180 6179
f 6484 6181 6180
f 6484 6485 6181
f 6485 6486 6181
f 6486 6184 6181
f 6184 6183 6181
f 6183 6182 6181
f 6486 6485 6184
f 6485 6487 6184
f 6487 6488 6184
f 6488 6185 6184
f 6488 6489 6185
f 6489 6186 6185
f 6489 6188 6186
f 6188 6187 6186
f 6489 6189 6188
f 6489 6490 6189
f 6490 6491 6189
f 6491 6492 6189
f 6492 6190 6189
f 6492 6191 6190
f 6492 6470 6191
f 6473 6493 6192
f 6493 6494 6192
f 6494 6495 6192
f 6495 6193 6192
f 6495 6195 6193
f 6195 6194 6193
f 6495 6496 6195
f 6496 6497 6195
f 6497 6498 6195
f 6498 6196 6195
f 6498 6499 6196
f 6499 6197 6196
f 6499 6500 6197
f 6500 6199 6197
f 6199 6198 6197
f 6500 6501 6199
f 6501 6200 6199
f 6501 6502 6200
f 6502 6202 6200
f 6202 6201 6200
f 6502 6503 6202
f 6503 6203 6202
f 6503 6504 6203
f 6504 6505 6203
f 6505 6204 6203
f 6505 6506 6204
f 6506 6205 6204
f 6506 6507 6205
f 6507 6508 6205
f 6508 6206 6205
f 6508 6509 6206
f 6509 6207 6206
f 6509 6510 6207
f 6510 6208 6207
f 6510 6511 6208
f 6511 6209 6208
f 6511 6512 6209
f 6512 6211 6209
f 6211 6210 6209
f 6512 6513 6211
f 6513 6514 6211
f 6514 6515 6211
f 6515 6212 6211
f 6515 6516 6212
f 6516 6213 6212
f 6516 6517 6213
f 6517 6214 6213
f 6517 6518 6214
f 6518 6519 6214
f 6519 6216 6214
f 6216 6215 6214
f 6519 6520 6216
f 6520 6217 6216
f 6520 6521 6217
f 6521 6218 6217
f 6521 6522 6218
f 6522 6220 6218
f 6220 6219 6218
f 6522 6221 6220
f 6522 6523 6221
f 6523 6524 6221
f 6524 6223 6221
f 6223 6222 6221
f 6524 6525 6223
f 6525 6526 6223
f 6526 6455 6223
f 6527 6228 6224
f 6528 6527 6224
f 6226 6528 6224
f 6225 6226 6224
f 6529 6528 6226
f 6530 6529 6226
f 6531 6530 6226
f 6229 6531 6226
f 6227 6229 6226
f 6532 6239 6228
f 6527 6532 6228
f 6533 6531 6229
f 6230 6533 6229
f 6534 6533 6230
f 6231 6534 6230
f 6535 6534 6231
f 6536 6535 6231
f 6537 6536 6231
f 6232 6537 6231
f 6258 6537 6232
f 6233 6258 6232
f 6234 6258 6233
f 6238 6236 6235
f 6238 6538 6236
f 6538 6246 6236
f 6240 6238 6237
f 6240 6539 6238
f 6539 6538 6238
f 6532 6540 6239
f 6540 6240 6239
f 6540 6541 6240
f 6541 6542 6240
f 6542 6539 6240
f 6257 6256 6242
f 6256 6543 6242
f 6543 6544 6242
f 6544 6545 6242
f 6545 6243 6242
f 6545 6244 6243
f 6545 6546 6244
f 6546 6547 6244
f 6547 6548 6244
f 6548 6549 6244
f 6549 6474 6244
f 6474 6245 6244
f 6538 6550 6246
f 6550 6551 6246
f 6551 6247 6246
f 6551 6552 6247
f 6552 6249 6247
f 6249 6248 6247
f 6552 6553 6249
f 6553 6554 6249
f 6554 6252 6249
f 6252 6251 6249
f 6251 6250 6249
f 6554 6555 6252
f 6555 6556 6252
f 6556 6253 6252
f 6556 6557 6253
f 6557 6254 6253
f 6557 6558 6254
f 6558 6255 6254
f 6558 6543 6255
f 6543 6256 6255
f 6259 6537 6258
f 6559 6537 6259
f 6560 6559 6259
f 6561 6560 6259
f 6562 6561 6259
f 6563 6562 6259
f 6260 6563 6259
f 6262 6563 6260
f 6261 6262 6260
f 6564 6563 6262
f 6565 6564 6262
f 6566 6565 6262
f 6263 6566 6262
f 6264 6566 6263
f 6567 6566 6264
f 6265 6567 6264
f 6266 6567 6265
f 6568 6567 6266
f 6267 6568 6266
f 6569 6568 6267
f 6268 6569 6267
f 6570 6569 6268
f 6269 6570 6268
f 6270 6570 6269
f 6571 6570 6270
f 6271 6571 6270
f 6572 6571 6271
f 6272 6572 6271
f 6573 6572 6272
f 6273 6573 6272
f 6574 6573 6273
f 6274 6574 6273
f 6575 6574 6274
f 6275 6575 6274
f 6576 6575 6275
f 6276 6576 6275
f 6277 6576 6276
f 6577 6576 6277
f 6578 6577 6277
f 6278 6578 6277
f 6579 6578 6278
f 6279 6579 6278
f 6580 6579 6279
f 6280 6580 6279
f 6581 6580 6280
f 6281 6581 6280
f 6282 6581 6281
f 6582 6581 6282
f 6583 6582 6282
f 6584 6583 6282
f 6283 6584 6282
f 6284 6584 6283
f 6585 6584 6284
f 6285 6585 6284
f 6586 6585 6285
f 6288 6586 6285
f 6287 6288 6285
f 6286 6287 6285
f 6587 6586 6288
f 6289 6587 6288
f 6588 6587 6289
f 6589 6588 6289
f 6590 6589 6289
f 6591 6590 6289
f 6290 6591 6289
f 6291 6591 6290
f 6592 6591 6291
f 6593 6592 6291
f 6292 6593 6291
f 6293 6593 6292
f 6594 6593 6293
f 6595 6594 6293
f 6294 6595 6293
f 6596 6595 6294
f 6295 6596 6294
f 6298 6596 6295
f 6296 6298 6295
f 6297 6298 6296
f 6597 6596 6298
f 6300 6597 6298
f 6299 6300 6298
f 6598 6597 6300
f 6301 6598 6300
f 6599 6598 6301
f 6600 6599 6301
f 6601 6600 6301
f 6302 6601 6301
f 6602 6601 6302
f 6603 6602 6302
f 6303 6603 6302
f 6304 6603 6303
f 6604 6603 6304
f 6605 6604 6304
f 6305 6605 6304
f 6606 6605 6305
f 6306 6606 6305
f 6307 6606 6306
f 6607 6606 6307
f 6309 6607 6307
f 6308 6309 6307
f 6608 6607 6309
f 6609 6608 6309
f 6310 6609 6309
f 6610 6609 6310
f 6312 6610 6310
f 6311 6312 6310
f 6611 6610 6312
f 6612 6611 6312
f 6314 6612 6312
f 6313 6314 6312
f 6613 6612 6314
f 6614 6613 6314
f 6315 6614 6314
f 6615 6614 6315
f 6317 6615 6315
f 6316 6317 6315
f 6616 6615 6317
f 6617 6616 6317
f 6319 6617 6317
f 6318 6319 6317
f 6618 6617 6319
f 6619 6618 6319
f 6320 6619 6319
f 6620 6619 6320
f 6321 6620 6320
f 6621 6620 6321
f 6322 6621 6321
f 6622 6621 6322
f 6323 6622 6322
f 6623 6622 6323
f 6325 6623 6323
f 6324 6325 6323
f 6624 6623 6325
f 6625 6624 6325
f 6326 6625 6325
f 6626 6625 6326
f 6327 6626 6326
f 6627 6626 6327
f 6328 6627 6327
f 6628 6627 6328
f 6629 6628 6328
f 6329 6629 6328
f 6630 6629 6329
f 6330 6630 6329
f 6332 6630 6330
f 6331 6332 6330
f 6631 6630 6332
f 6632 6631 6332
f 6334 6632 6332
f 6333 6334 6332
f 6633 6632 6334
f 6634 6633 6334
f 6635 6634 6334
f 6335 6635 6334
f 6337 6635 6335
f 6336 6337 6335
f 6636 6635 6337
f 6637 6636 6337
f 6638 6637 6337
f 6338 6638 6337
f 6639 6638 6338
f 6339 6639 6338
f 6340 6639 6339
f 6640 6639 6340
f 6341 6640 6340
f 6641 6640 6341
f 6343 6641 6341
f 6342 6343 6341
f 6642 6641 6343
f 6643 6642 6343
f 6644 6643 6343
f 6344 6644 6343
f 6645 6644 6344
f 6345 6645 6344
f 6346 6645 6345
f 6646 6645 6346
f 6347 6646 6346
f 6647 6646 6347
f 6348 6647 6347
f 6648 6647 6348
f 6350 6648 6348
f 6349 6350 6348
f 6649 6648 6350
f 6650 6649 6350
f 6351 6650 6350
f 6651 6650 6351
f 6352 6651 6351
f 6652 6651 6352
f 6653 6652 6352
f 6353 6653 6352
f 6354 6653 6353
f 6654 6653 6354
f 6655 6654 6354
f 6355 6655 6354
f 6356 6655 6355
f 6656 6655 6356
f 6357 6656 6356
f 6657 6656 6357
f 6358 6657 6357
f 6658 6657 6358
f 6659 6658 6358
f 6359 6659 6358
f 6660 6659 6359
f 6662 6661 6361
f 6663 6662 6361
f 6362 6663 6361
f 6664 6663 6362
f 6363 6664 6362
f 6665 6664 6363
f 6364 6665 6363
f 6666 6665 6364
f 6667 6666 6364
f 6381 6669 6367
f 6669 6368 6367
f 6669 6370 6368
f 6370 6369 6368
f 6669 6670 6370
f 6670 6433 6370
f 6382 6671 6372
f 6671 6672 6372
f 6672 6673 6372
f 6673 6674 6372
f 6674 6373 6372
f 6674 6375 6373
f 6375 6374 6373
f 6674 6675 6375
f 6675 6676 6375
f 6676 6677 6375
f 6677 6376 6375
f 6677 6678 6376
f 6678 6377 6376
f 6678 6679 6377
f 6679 6378 6377
f 6679 6680 6378
f 6680 6434 6378
f 6434 6379 6378
f 6434 6380 6379
f 6434 6433 6380
f 6433 6670 6380
f 6670 6669 6380
f 6669 6381 6380
f 6681 6671 6382
f 6682 6681 6382
f 6683 6682 6382
f 6684 6683 6382
f 6383 6684 6382
f 6685 6684 6383
f 6686 6685 6383
f 6384 6686 6383
f 6386 6686 6384
f 6385 6386 6384
f 6389 6686 6386
f 6387 6389 6386
f 6388 6389 6387
f 6687 6686 6389
f 6688 6687 6389
f 6689 6688 6389
f 6390 6689 6389
f 6690 6689 6390
f 6691 6690 6390
f 6391 6691 6390
f 6392 6691 6391
f 6692 6691 6392
f 6393 6692 6392
f 6693 6692 6393
f 6394 6693 6393
f 6694 6693 6394
f 6695 6694 6394
f 6395 6695 6394
f 6696 6695 6395
f 6396 6696 6395
f 6697 6696 6396
f 6397 6697 6396
f 6698 6697 6397
f 6398 6698 6397
f 6699 6698 6398
f 6399 6699 6398
f 6700 6699 6399
f 6400 6700 6399
f 6701 6700 6400
f 6401 6701 6400
f 6702 6701 6401
f 6436 6702 6401
f 6402 6436 6401
f 6704 6703 6403
f 6404 6704 6403
f 6705 6704 6404
f 6405 6705 6404
f 6706 6705 6405
f 6406 6706 6405
f 6707 6706 6406
f 6407 6707 6406
f 6708 6707 6407
f 6408 6708 6407
f 6421 6708 6408
f 6409 6421 6408
f 6709 6422 6410
f 6710 6709 6410
f 6711 6710 6410
f 6712 6711 6410
f 6411 6712 6410
f 6412 6712 6411
f 6713 6712 6412
f 6714 6713 6412
f 6413 6714 6412
f 6715 6714 6413
f 6414 6715 6413
f 6415 6715 6414
f 6716 6715 6415
f 6717 6716 6415
f 6416 6717 6415
f 6718 6717 6416
f 6417 6718 6416
f 6418 6718 6417
f 6419 6719 6418
f 6719 6718 6418
f 6420 6720 6419
f 6720 6719 6419
f 6454 6721 6420
f 6721 6720 6420
f 6722 6708 6421
f 6723 6722 6421
f 6709 6723 6421
f 6422 6709 6421
f 6434 6425 6423
f 6425 6424 6423
f 6434 6680 6425
f 6680 6679 6425
f 6679 6724 6425
f 6724 6427 6425
f 6427 6426 6425
f 6724 6725 6427
f 6725 6726 6427
f 6726 6727 6427
f 6727 6428 6427
f 6727 6430 6428
f 6430 6429 6428
f 6727 6728 6430
f 6728 6729 6430
f 6729 6730 6430
f 6730 6431 6430
f 6730 6441 6431
f 6441 6432 6431
f 6438 6436 6435
f 6438 6731 6436
f 6731 6702 6436
f 6440 6438 6437
f 6440 6732 6438
f 6732 6731 6438
f 6442 6733 6439
f 6733 6440 6439
f 6733 6734 6440
f 6734 6732 6440
f 6730 6735 6441
f 6735 6736 6441
f 6736 6733 6441
f 6733 6442 6441
f 6444 6737 6443
f 6737 6738 6443
f 6738 6445 6443
f 6738 6739 6445
f 6739 6446 6445
f 6739 6740 6446
f 6740 6447 6446
f 6740 6741 6447
f 6741 6448 6447
f 6741 6742 6448
f 6742 6743 6448
f 6743 6744 6448
f 6744 6450 6448
f 6450 6449 6448
f 6744 6452 6450
f 6744 6745 6452
f 6745 6746 6452
f 6746 6454 6452
f 6454 6453 6452
f 6746 6747 6454
f 6747 6748 6454
f 6748 6721 6454
f 6526 6749 6455
f 6749 6750 6455
f 6750 6456 6455
f 6750 6751 6456
f 6751 6752 6456
f 6752 6457 6456
f 6752 6753 6457
f 6753 6458 6457
f 6753 6754 6458
f 6754 6755 6458
f 6755 6459 6458
f 6755 6461 6459
f 6461 6460 6459
f 6755 6462 6461
f 6755 6756 6462
f 6756 6757 6462
f 6757 6758 6462
f 6758 6464 6462
f 6464 6463 6462
f 6758 6759 6464
f 6759 6760 6464
f 6760 6761 6464
f 6761 6465 6464
f 6761 6468 6465
f 6468 6467 6465
f 6467 6163 6465
f 6163 6466 6465
f 6761 6762 6468
f 6762 6469 6468
f 6762 6763 6469
f 6763 6668 6469
f 6492 6764 6470
f 6764 6765 6470
f 6765 6471 6470
f 6765 6766 6471
f 6766 6767 6471
f 6767 6472 6471
f 6767 6493 6472
f 6493 6473 6472
f 6549 6768 6474
f 6768 6769 6474
f 6769 6476 6474
f 6476 6475 6474
f 6769 6770 6476
f 6770 6478 6476
f 6478 6477 6476
f 6770 6771 6478
f 6771 6479 6478
f 6771 6772 6479
f 6772 6773 6479
f 6773 6774 6479
f 6774 6480 6479
f 6774 6775 6480
f 6775 6776 6480
f 6776 6481 6480
f 6776 6777 6481
f 6777 6483 6481
f 6483 6482 6481
f 6777 6778 6483
f 6778 6779 6483
f 6779 6484 6483
f 6779 6780 6484
f 6780 6781 6484
f 6781 6485 6484
f 6781 6782 6485
f 6782 6783 6485
f 6783 6784 6485
f 6784 6487 6485
f 6784 6785 6487
f 6785 6488 6487
f 6785 6490 6488
f 6490 6489 6488
f 6785 6786 6490
f 6786 6787 6490
f 6787 6491 6490
f 6787 6764 6491
f 6764 6492 6491
f 6767 6788 6493
f 6788 6789 6493
f 6789 6790 6493
f 6790 6494 6493
f 6790 6495 6494
f 6790 6496 6495
f 6790 6791 6496
f 6791 6792 6496
f 6792 6793 6496
f 6793 6497 6496
f 6793 6794 6497
f 6794 6498 6497
f 6794 6795 6498
f 6795 6499 6498
f 6795 6796 6499
f 6796 6500 6499
f 6796 6797 6500
f 6797 6798 6500
f 6798 6501 6500
f 6798 6503 6501
f 6503 6502 6501
f 6798 6797 6503
f 6797 6799 6503
f 6799 6800 6503
f 6800 6801 6503
f 6801 6504 6503
f 6801 6802 6504
f 6802 6803 6504
f 6803 6505 6504
f 6803 6506 6505
f 6803 6802 6506
f 6802 6804 6506
f 6804 6805 6506
f 6805 6507 6506
f 6805 6806 6507
f 6806 6509 6507
f 6509 6508 6507
f 6806 6807 6509
f 6807 6510 6509
f 6807 6808 6510
f 6808 6511 6510
f 6808 6809 6511
f 6809 6810 6511
f 6810 6512 6511
f 6810 6513 6512
f 6810 6809 6513
f 6809 6811 6513
f 6811 6812 6513
f 6812 6813 6513
f 6813 6814 6513
f 6814 6514 6513
f 6814 6813 6514
f 6813 6515 6514
f 6813 6815 6515
f 6815 6516 6515
f 6815 6816 6516
f 6816 6517 6516
f 6816 6817 6517
f 6817 6518 6517
f 6817 6818 6518
f 6818 6520 6518
f 6520 6519 6518
f 6818 6521 6520
f 6818 6819 6521
f 6819 6820 6521
f 6820 6821 6521
f 6821 6822 6521
f 6822 6522 6521
f 6822 6823 6522
f 6823 6523 6522
f 6823 6824 6523
f 6824 6825 6523
f 6825 6524 6523
f 6825 6525 6524
f 6825 6824 6525
f 6824 6826 6525
f 6826 6827 6525
f 6827 6749 6525
f 6749 6526 6525
f 6528 6529 6527
f 6529 6828 6527
f 6828 6829 6527
f 6829 6532 6527
f 6830 6828 6529
f 6831 6830 6529
f 6533 6831 6529
f 6530 6533 6529
f 6531 6533 6530
f 6829 6832 6532
f 6832 6833 6532
f 6833 6540 6532
f 6834 6831 6533
f 6835 6834 6533
f 6534 6835 6533
f 6836 6835 6534
f 6535 6836 6534
f 6837 6836 6535
f 6838 6837 6535
f 6536 6838 6535
f 6560 6838 6536
f 6559 6560 6536
f 6537 6559 6536
f 6539 6839 6538
f 6839 6550 6538
f 6542 6839 6539
f 6833 6541 6540
f 6833 6840 6541
f 6840 6542 6541
f 6840 6841 6542
f 6841 6842 6542
f 6842 6843 6542
f 6843 6839 6542
f 6558 6844 6543
f 6844 6845 6543
f 6845 6846 6543
f 6543 6846 6544
f 6544 6846 6545
f 6846 6546 6545
f 6845 6847 6547
f 6847 6848 6547
f 6848 6549 6547
f 6549 6548 6547
f 6848 6849 6549
f 6849 6850 6549
f 6850 6851 6549
f 6851 6768 6549
f 6839 6843 6550
f 6843 6852 6550
f 6852 6551 6550
f 6852 6853 6551
f 6853 6854 6551
f 6854 6552 6551
f 6854 6855 6552
f 6855 6553 6552
f 6855 6856 6553
f 6856 6555 6553
f 6555 6554 6553
f 6856 6857 6555
f 6857 6858 6555
f 6858 6859 6555
f 6859 6556 6555
f 6859 6860 6556
f 6860 6557 6556
f 6860 6844 6557
f 6844 6558 6557
f 6861 6838 6560
f 6561 6861 6560
f 6862 6861 6561
f 6863 6862 6561
f 6864 6863 6561
f 6865 6864 6561
f 6562 6865 6561
f 6564 6865 6562
f 6563 6564 6562
f 6866 6865 6564
f 6867 6866 6564
f 6868 6867 6564
f 6565 6868 6564
f 6869 6868 6565
f 6870 6869 6565
f 6566 6870 6565
f 6567 6870 6566
f 6871 6870 6567
f 6872 6871 6567
f 6568 6872 6567
f 6873 6872 6568
f 6569 6873 6568
f 6874 6873 6569
f 6570 6874 6569
f 6875 6874 6570
f 6571 6875 6570
f 6876 6875 6571
f 6877 6876 6571
f 6572 6877 6571
f 6878 6877 6572
f 6573 6878 6572
f 6879 6878 6573
f 6574 6879 6573
f 6880 6879 6574
f 6575 6880 6574
f 6881 6880 6575
f 6576 6881 6575
f 6882 6881 6576
f 6577 6882 6576
f 6883 6882 6577
f 6578 6883 6577
f 6884 6883 6578
f 6579 6884 6578
f 6885 6884 6579
f 6580 6885 6579
f 6581 6885 6580
f 6886 6885 6581
f 6582 6886 6581
f 6887 6886 6582
f 6888 6887 6582
f 6583 6888 6582
f 6889 6888 6583
f 6584 6889 6583
f 6890 6889 6584
f 6585 6890 6584
f 6891 6890 6585
f 6587 6891 6585
f 6586 6587 6585
f 6892 6891 6587
f 6893 6892 6587
f 6588 6893 6587
f 6894 6893 6588
f 6895 6894 6588
f 6896 6895 6588
f 6590 6896 6588
f 6589 6590 6588
f 6897 6896 6590
f 6898 6897 6590
f 6591 6898 6590
f 6899 6898 6591
f 6592 6899 6591
f 6900 6899 6592
f 6901 6900 6592
f 6593 6901 6592
f 6902 6901 6593
f 6903 6902 6593
f 6594 6903 6593
f 6904 6903 6594
f 6595 6904 6594
f 6597 6904 6595
f 6596 6597 6595
f 6905 6904 6597
f 6598 6905 6597
f 6906 6905 6598
f 6599 6906 6598
f 6907 6906 6599
f 6908 6907 6599
f 6600 6908 6599
f 6909 6908 6600
f 6601 6909 6600
f 6910 6909 6601
f 6602 6910 6601
f 6911 6910 6602
f 6912 6911 6602
f 6603 6912 6602
f 6604 6912 6603
f 6913 6912 6604
f 6605 6913 6604
f 6914 6913 6605
f 6915 6914 6605
f 6606 6915 6605
f 6608 6915 6606
f 6607 6608 6606
f 6916 6915 6608
f 6917 6916 6608
f 6609 6917 6608
f 6918 6917 6609
f 6611 6918 6609
f 6610 6611 6609
f 6919 6918 6611
f 6920 6919 6611
f 6613 6920 6611
f 6612 6613 6611
f 6921 6920 6613
f 6922 6921 6613
f 6614 6922 6613
f 6923 6922 6614
f 6616 6923 6614
f 6615 6616 6614
f 6924 6923 6616
f 6925 6924 6616
f 6618 6925 6616
f 6617 6618 6616
f 6926 6925 6618
f 6927 6926 6618
f 6619 6927 6618
f 6928 6927 6619
f 6620 6928 6619
f 6929 6928 6620
f 6621 6929 6620
f 6930 6929 6621
f 6622 6930 6621
f 6931 6930 6622
f 6623 6931 6622
f 6932 6931 6623
f 6624 6932 6623
f 6933 6932 6624
f 6625 6933 6624
f 6934 6933 6625
f 6626 6934 6625
f 6935 6934 6626
f 6627 6935 6626
f 6936 6935 6627
f 6628 6936 6627
f 6937 6936 6628
f 6629 6937 6628
f 6938 6937 6629
f 6630 6938 6629
f 6939 6938 6630
f 6631 6939 6630
f 6940 6939 6631
f 6633 6940 6631
f 6632 6633 6631
f 6941 6940 6633
f 6942 6941 6633
f 6943 6942 6633
f 6634 6943 6633
f 6636 6943 6634
f 6635 6636 6634
f 6944 6943 6636
f 6945 6944 6636
f 6946 6945 6636
f 6637 6946 6636
f 6947 6946 6637
f 6638 6947 6637
f 6640 6947 6638
f 6639 6640 6638
f 6948 6947 6640
f 6949 6948 6640
f 6642 6949 6640
f 6641 6642 6640
f 6950 6949 6642
f 6951 6950 6642
f 6952 6951 6642
f 6643 6952 6642
f 6953 6952 6643
f 6644 6953 6643
f 6645 6953 6644
f 6954 6953 6645
f 6646 6954 6645
f 6955 6954 6646
f 6647 6955 6646
f 6956 6955 6647
f 6649 6956 6647
f 6648 6649 6647
f 6957 6956 6649
f 6958 6957 6649
f 6650 6958 6649
f 6959 6958 6650
f 6960 6959 6650
f 6651 6960 6650
f 6961 6960 6651
f 6652 6961 6651
f 6653 6961 6652
f 6962 6961 6653
f 6963 6962 6653
f 6654 6963 6653
f 6964 6963 6654
f 6655 6964 6654
f 6656 6964 6655
f 6657 6964 6656
f 6658 6965 6657
f 6659 6965 6658
f 6660 6965 6659
f 6966 6965 6660
f 6967 6966 6660
f 6662 6967 6660
f 6661 6662 6660
f 6968 6967 6662
f 6969 6968 6662
f 6663 6969 6662
f 6665 6969 6663
f 6664 6665 6663
f 6970 6969 6665
f 6666 6970 6665
f 6971 6970 6666
f 6972 6971 6666
f 6667 6972 6666
f 6973 6972 6667
f 6763 6974 6668
f 6974 6975 6668
f 6681 6976 6671
f 6976 6977 6671
f 6977 6672 6671
f 6977 6978 6672
f 6978 6979 6672
f 6979 6673 6672
f 6979 6674 6673
f 6979 6980 6674
f 6980 6981 6674
f 6981 6675 6674
f 6981 6982 6675
f 6982 6983 6675
f 6983 6984 6675
f 6984 6677 6675
f 6677 6676 6675
f 6984 6985 6677
f 6985 6986 6677
f 6986 6987 6677
f 6987 6988 6677
f 6988 6678 6677
f 6988 6679 6678
f 6988 6987 6679
f 6987 6725 6679
f 6725 6724 6679
f 6989 6976 6681
f 6990 6989 6681
f 6682 6990 6681
f 6991 6990 6682
f 6992 6991 6682
f 6683 6992 6682
f 6993 6992 6683
f 6685 6993 6683
f 6684 6685 6683
f 6687 6993 6685
f 6686 6687 6685
f 6994 6993 6687
f 6995 6994 6687
f 6688 6995 6687
f 6996 6995 6688
f 6689 6996 6688
f 6690 6996 6689
f 6997 6996 6690
f 6998 6997 6690
f 6691 6998 6690
f 6999 6998 6691
f 6692 6999 6691
f 7000 6999 6692
f 6693 7000 6692
f 7001 7000 6693
f 6694 7001 6693
f 7002 7001 6694
f 6695 7002 6694
f 7003 7002 6695
f 6696 7003 6695
f 7004 7003 6696
f 6698 7004 6696
f 6697 6698 6696
f 7005 7004 6698
f 7006 7005 6698
f 6699 7006 6698
f 7007 7006 6699
f 7008 7007 6699
f 6700 7008 6699
f 6701 7008 6700
f 7009 7008 6701
f 6702 7009 6701
f 6731 7010 6702
f 7010 7009 6702
f 7011 6703 6704
f 7012 7011 6704
f 6705 7012 6704
f 7013 7012 6705
f 7014 7013 6705
f 6706 7014 6705
f 6722 7014 6706
f 6707 6722 6706
f 6708 6722 6707
f 7015 6723 6709
f 7016 7015 6709
f 7017 7016 6709
f 6710 7017 6709
f 7018 7017 6710
f 6711 7018 6710
f 7019 7018 6711
f 6712 7019 6711
f 7020 7019 6712
f 7021 7020 6712
f 6713 7021 6712
f 6714 7021 6713
f 7022 7021 6714
f 6715 7022 6714
f 7023 7022 6715
f 7024 7023 6715
f 6716 7024 6715
f 6717 7025 6716
f 7025 7024 6716
f 6718 7026 6717
f 7026 7025 6717
f 6719 7027 6718
f 7027 7026 6718
f 6720 6748 6719
f 6748 7027 6719
f 6721 6748 6720
f 7028 7014 6722
f 7029 7028 6722
f 7015 7029 6722
f 6723 7015 6722
f 6987 6986 6725
f 6986 7030 6725
f 7030 7031 6725
f 7031 6726 6725
f 7031 6728 6726
f 6728 6727 6726
f 7031 7032 6728
f 7032 7033 6728
f 7033 7034 6728
f 7034 6729 6728
f 7034 6735 6729
f 6735 6730 6729
f 6732 7010 6731
f 6734 7035 6732
f 7035 7036 6732
f 7036 7010 6732
f 6736 7037 6733
f 7037 7035 6733
f 7035 6734 6733
f 7034 7038 6735
f 7038 7039 6735
f 7039 7037 6735
f 7037 6736 6735
f 6444 7040 6737
f 7040 7041 6737
f 7041 7042 6737
f 7042 6738 6737
f 7042 7043 6738
f 7043 7044 6738
f 7044 6739 6738
f 7044 6740 6739
f 7044 7045 6740
f 7045 6741 6740
f 7045 7046 6741
f 7046 6742 6741
f 7046 7047 6742
f 7047 7048 6742
f 7048 6743 6742
f 7048 6745 6743
f 6745 6744 6743
f 7048 7049 6745
f 7049 6747 6745
f 6747 6746 6745
f 7049 6748 6747
f 7049 7048 6748
f 7048 7050 6748
f 7050 7051 6748
f 7051 7027 6748
f 6827 7052 6749
f 7052 6750 6749
f 7052 7053 6750
f 7053 6751 6750
f 7053 7054 6751
f 7054 6752 6751
f 7054 7055 6752
f 7055 7056 6752
f 7056 6753 6752
f 7056 7057 6753
f 7057 6754 6753
f 7057 7058 6754
f 7058 6756 6754
f 6756 6755 6754
f 7058 6757 6756
f 7058 7057 6757
f 7057 7059 6757
f 7059 6758 6757
f 7059 7060 6758
f 7060 7061 6758
f 7061 6759 6758
f 7061 7062 6759
f 7062 7063 6759
f 7063 7064 6759
f 7064 6760 6759
f 7064 6762 6760
f 6762 6761 6760
f 7065 6763 6762
f 7066 7065 6762
f 7064 7066 6762
f 7067 6974 6763
f 6787 7068 6764
f 7068 6765 6764
f 7068 7069 6765
f 7069 7070 6765
f 7070 7071 6765
f 7071 7072 6765
f 7072 6766 6765
f 7072 6788 6766
f 6788 6767 6766
f 6851 6769 6768
f 6851 6850 6769
f 6850 6772 6769
f 6772 6771 6769
f 6771 6770 6769
f 6850 7073 6772
f 7073 7074 6772
f 7074 6773 6772
f 7074 6774 6773
f 7074 7075 6774
f 7075 6775 6774
f 7075 7076 6775
f 7076 7077 6775
f 7077 7078 6775
f 7078 7079 6775
f 7079 6776 6775
f 7079 6777 6776
f 7079 6778 6777
f 7079 7080 6778
f 7080 7081 6778
f 7081 6780 6778
f 6780 6779 6778
f 7081 7082 6780
f 7082 7083 6780
f 7083 7084 6780
f 7084 6782 6780
f 6782 6781 6780
f 7084 7085 6782
f 7085 7086 6782
f 7086 6783 6782
f 7086 7087 6783
f 7087 7088 6783
f 7088 7089 6783
f 7089 6784 6783
f 7089 6786 6784
f 6786 6785 6784
f 7089 7090 6786
f 7090 6787 6786
f 7090 7069 6787
f 7069 7068 6787
f 7072 7091 6788
f 7091 7092 6788
f 7092 7093 6788
f 7093 6790 6788
f 6790 6789 6788
f 7093 7094 6790
f 7094 6791 6790
f 7094 7095 6791
f 7095 7096 6791
f 7096 6792 6791
f 7096 7097 6792
f 7097 6793 6792
f 7097 7098 6793
f 7098 6794 6793
f 7098 7099 6794
f 7099 6795 6794
f 7099 7100 6795
f 7100 6796 6795
f 7100 6799 6796
f 6799 6797 6796
f 7100 7101 6799
f 7101 7102 6799
f 7102 7103 6799
f 7103 6800 6799
f 7103 7104 6800
f 7104 6801 6800
f 7104 7105 6801
f 7105 6802 6801
f 7105 7106 6802
f 7106 6804 6802
f 7106 6805 6804
f 7106 7107 6805
f 7107 7108 6805
f 7108 7109 6805
f 7109 7110 6805
f 7110 6806 6805
f 7110 6808 6806
f 6808 6807 6806
f 7110 7111 6808
f 7111 7112 6808
f 7112 6811 6808
f 6811 6809 6808
f 7112 7113 6811
f 7113 7114 6811
f 7114 7115 6811
f 7115 6812 6811
f 7115 7116 6812
f 7116 7117 6812
f 7117 6815 6812
f 6815 6813 6812
f 7117 7118 6815
f 7118 6816 6815
f 7118 7119 6816
f 7119 6817 6816
f 7119 7120 6817
f 7120 6819 6817
f 6819 6818 6817
f 7120 7121 6819
f 7121 6820 6819
f 7121 7122 6820
f 7122 6821 6820
f 7122 7123 6821
f 7123 6823 6821
f 6823 6822 6821
f 7123 7124 6823
f 7124 6824 6823
f 7124 7125 6824
f 7125 6826 6824
f 7125 7126 6826
f 7126 7052 6826
f 7052 6827 6826
f 7127 6829 6828
f 6830 7127 6828
f 7127 7128 6829
f 7128 6832 6829
f 7129 7127 6830
f 7130 7129 6830
f 6834 7130 6830
f 6831 6834 6830
f 7128 7131 6832
f 7131 6833 6832
f 7131 7132 6833
f 7132 6840 6833
f 7133 7130 6834
f 7134 7133 6834
f 6835 7134 6834
f 6836 7134 6835
f 7135 7134 6836
f 7136 7135 6836
f 7137 7136 6836
f 6837 7137 6836
f 6861 7137 6837
f 6838 6861 6837
f 7132 7138 6840
f 7138 6841 6840
f 7138 7139 6841
f 7139 7140 6841
f 7140 6842 6841
f 7140 7141 6842
f 7141 6843 6842
f 7141 6853 6843
f 6853 6852 6843
f 6860 7142 6844
f 7142 7143 6844
f 7143 7144 6844
f 7144 6845 6844
f 7144 6847 6845
f 6547 6846 6845
f 6547 6546 6846
f 7144 7143 6847
f 7143 7145 6847
f 7145 7146 6847
f 7146 7147 6847
f 7147 7148 6847
f 7148 6849 6847
f 6849 6848 6847
f 7148 7149 6849
f 7149 6850 6849
f 7149 7073 6850
f 7141 7150 6853
f 7150 7151 6853
f 7151 7152 6853
f 7152 6854 6853
f 7152 7153 6854
f 7153 6855 6854
f 7153 7154 6855
f 7154 7155 6855
f 7155 6856 6855
f 7155 7156 6856
f 7156 6857 6856
f 7156 6859 6857
f 6859 6858 6857
f 7156 7157 6859
f 7157 7142 6859
f 7142 6860 6859
f 7158 7137 6861
f 6862 7158 6861
f 7159 7158 6862
f 7160 7159 6862
f 7161 7160 6862
f 7162 7161 6862
f 6863 7162 6862
f 7163 7162 6863
f 6864 7163 6863
f 7164 7163 6864
f 6866 7164 6864
f 6865 6866 6864
f 7165 7164 6866
f 7166 7165 6866
f 7167 7166 6866
f 6867 7167 6866
f 7168 7167 6867
f 6868 7168 6867
f 7169 7168 6868
f 6869 7169 6868
f 7170 7169 6869
f 7171 7170 6869
f 6870 7171 6869
f 6871 7171 6870
f 7172 7171 6871
f 6872 7172 6871
f 7173 7172 6872
f 7174 7173 6872
f 6873 7174 6872
f 6874 7174 6873
f 7175 7174 6874
f 7176 7175 6874
f 6875 7176 6874
f 6876 7176 6875
f 7177 7176 6876
f 7178 7177 6876
f 6877 7178 6876
f 6878 7178 6877
f 7179 7178 6878
f 7180 7179 6878
f 6879 7180 6878
f 7181 7180 6879
f 6880 7181 6879
f 6881 7181 6880
f 7182 7181 6881
f 7183 7182 6881
f 6882 7183 6881
f 6883 7183 6882
f 7184 7183 6883
f 6884 7184 6883
f 7185 7184 6884
f 6885 7185 6884
f 7186 7185 6885
f 6886 7186 6885
f 7187 7186 6886
f 7188 7187 6886
f 6887 7188 6886
f 7189 7188 6887
f 6888 7189 6887
f 6889 7189 6888
f 7190 7189 6889
f 6890 7190 6889
f 7191 7190 6890
f 7192 7191 6890
f 6892 7192 6890
f 6891 6892 6890
f 7193 7192 6892
f 7194 7193 6892
f 6893 7194 6892
f 7195 7194 6893
f 6894 7195 6893
f 7196 7195 6894
f 6895 7196 6894
f 7197 7196 6895
f 7198 7197 6895
f 7199 7198 6895
f 7200 7199 6895
f 6897 7200 6895
f 6896 6897 6895
f 7201 7200 6897
f 6899 7201 6897
f 6898 6899 6897
f 7202 7201 6899
f 7203 7202 6899
f 7204 7203 6899
f 6900 7204 6899
f 7205 7204 6900
f 6902 7205 6900
f 6901 6902 6900
f 7206 7205 6902
f 6905 7206 6902
f 6903 6905 6902
f 6904 6905 6903
f 7207 7206 6905
f 6906 7207 6905
f 7208 7207 6906
f 7209 7208 6906
f 6907 7209 6906
f 7210 7209 6907
f 7211 7210 6907
f 6908 7211 6907
f 7212 7211 6908
f 6909 7212 6908
f 6910 7212 6909
f 7213 7212 6910
f 6911 7213 6910
f 7214 7213 6911
f 6912 7214 6911
f 7215 7214 6912
f 6913 7215 6912
f 7216 7215 6913
f 7217 7216 6913
f 6914 7217 6913
f 6916 7217 6914
f 6915 6916 6914
f 7218 7217 6916
f 7219 7218 6916
f 6917 7219 6916
f 7220 7219 6917
f 6919 7220 6917
f 6918 6919 6917
f 7221 7220 6919
f 7222 7221 6919
f 6921 7222 6919
f 6920 6921 6919
f 7223 7222 6921
f 7224 7223 6921
f 6922 7224 6921
f 7225 7224 6922
f 6924 7225 6922
f 6923 6924 6922
f 7226 7225 6924
f 7227 7226 6924
f 6926 7227 6924
f 6925 6926 6924
f 7228 7227 6926
f 7229 7228 6926
f 6927 7229 6926
f 7230 7229 6927
f 6928 7230 6927
f 7231 7230 6928
f 6929 7231 6928
f 7232 7231 6929
f 6930 7232 6929
f 7233 7232 6930
f 6931 7233 6930
f 7234 7233 6931
f 6932 7234 6931
f 7235 7234 6932
f 6933 7235 6932
f 7236 7235 6933
f 6934 7236 6933
f 7237 7236 6934
f 6935 7237 6934
f 7238 7237 6935
f 6936 7238 6935
f 7239 7238 6936
f 6937 7239 6936
f 7240 7239 6937
f 6938 7240 6937
f 7241 7240 6938
f 6939 7241 6938
f 7242 7241 6939
f 6941 7242 6939
f 6940 6941 6939
f 7243 7242 6941
f 7244 7243 6941
f 7245 7244 6941
f 6942 7245 6941
f 6944 7245 6942
f 6943 6944 6942
f 7246 7245 6944
f 7247 7246 6944
f 7248 7247 6944
f 6945 7248 6944
f 7249 7248 6945
f 6946 7249 6945
f 6948 7249 6946
f 6947 6948 6946
f 7250 7249 6948
f 7251 7250 6948
f 6950 7251 6948
f 6949 6950 6948
f 7252 7251 6950
f 7253 7252 6950
f 7254 7253 6950
f 6951 7254 6950
f 7255 7254 6951
f 6952 7255 6951
f 6954 7255 6952
f 6953 6954 6952
f 7256 7255 6954
f 7257 7256 6954
f 7258 7257 6954
f 6955 7258 6954
f 6957 7258 6955
f 6956 6957 6955
f 7259 7258 6957
f 7260 7259 6957
f 6958 7260 6957
f 7261 7260 6958
f 6959 7261 6958
f 7262 7261 6959
f 7263 7262 6959
f 6960 7263 6959
f 6961 7263 6960
f 7264 7263 6961
f 6962 7264 6961
f 7265 7264 6962
f 7266 7265 6962
f 6963 7266 6962
f 6966 7268 6965
f 7269 7268 6966
f 7270 7269 6966
f 6968 7270 6966
f 6967 6968 6966
f 7271 7270 6968
f 7272 7271 6968
f 6970 7272 6968
f 6969 6970 6968
f 7273 7272 6970
f 7274 7273 6970
f 6971 7274 6970
f 7275 7274 6971
f 7276 7275 6971
f 6972 7276 6971
f 7277 7276 6972
f 6973 7277 6972
f 7278 7277 6973
f 7067 7279 6974
f 7279 6975 6974
f 7281 7280 6975
f 7282 7281 6975
f 7279 7282 6975
f 7283 7284 6976
f 7284 7285 6976
f 7285 7286 6976
f 7286 6977 6976
f 7286 7287 6977
f 7287 7288 6977
f 7288 7289 6977
f 7289 6980 6977
f 6980 6978 6977
f 6980 6979 6978
f 7289 7290 6980
f 7290 6981 6980
f 7290 7291 6981
f 7291 6982 6981
f 7291 7292 6982
f 7292 7293 6982
f 7293 7294 6982
f 7294 6984 6982
f 6984 6983 6982
f 7294 7295 6984
f 7295 6985 6984
f 7295 7296 6985
f 7296 7030 6985
f 7030 6986 6985
f 6990 7297 6989
f 7298 7297 6990
f 7299 7298 6990
f 7300 7299 6990
f 6991 7300 6990
f 7301 7300 6991
f 6992 7301 6991
f 6994 7301 6992
f 6993 6994 6992
f 7302 7301 6994
f 7303 7302 6994
f 6995 7303 6994
f 6996 7303 6995
f 7304 7303 6996
f 7305 7304 6996
f 6997 7305 6996
f 7306 7305 6997
f 6998 7306 6997
f 7307 7306 6998
f 6999 7307 6998
f 7000 7307 6999
f 7308 7307 7000
f 7001 7308 7000
f 7309 7308 7001
f 7002 7309 7001
f 7310 7309 7002
f 7003 7310 7002
f 7311 7310 7003
f 7004 7311 7003
f 7312 7311 7004
f 7005 7312 7004
f 7313 7312 7005
f 7006 7313 7005
f 7314 7313 7006
f 7315 7314 7006
f 7007 7315 7006
f 7316 7315 7007
f 7008 7316 7007
f 7009 7316 7008
f 7010 7036 7009
f 7036 7317 7009
f 7317 7316 7009
f 7319 7318 7011
f 7012 7319 7011
f 7320 7319 7012
f 7321 7320 7012
f 7013 7321 7012
f 7028 7321 7013
f 7014 7028 7013
f 7322 7029 7015
f 7323 7322 7015
f 7324 7323 7015
f 7325 7324 7015
f 7016 7325 7015
f 7326 7325 7016
f 7017 7326 7016
f 7018 7326 7017
f 7327 7326 7018
f 7019 7327 7018
f 7328 7327 7019
f 7329 7328 7019
f 7020 7329 7019
f 7330 7329 7020
f 7021 7330 7020
f 7022 7330 7021
f 7331 7330 7022
f 7332 7331 7022
f 7023 7332 7022
f 7024 7333 7023
f 7333 7332 7023
f 7025 7334 7024
f 7334 7333 7024
f 7026 7335 7025
f 7335 7334 7025
f 7027 7051 7026
f 7051 7335 7026
f 7336 7321 7028
f 7337 7336 7028
f 7322 7337 7028
f 7029 7322 7028
f 7296 7338 7030
f 7338 7032 7030
f 7032 7031 7030
f 7338 7339 7032
f 7339 7340 7032
f 7340 7341 7032
f 7341 7033 7032
f 7341 7038 7033
f 7038 7034 7033
f 7037 7342 7035
f 7342 7343 7035
f 7343 7344 7035
f 7344 7036 7035
f 7344 7345 7036
f 7345 7346 7036
f 7346 7317 7036
f 7039 7347 7037
f 7347 7342 7037
f 7341 7348 7038
f 7348 7349 7038
f 7349 7347 7038
f 7347 7039 7038
f 7351 7350 7040
f 7350 7041 7040
f 7350 7352 7041
f 7352 7353 7041
f 7353 7042 7041
f 7353 7354 7042
f 7354 7043 7042
f 7354 7044 7043
f 7354 7355 7044
f 7355 7356 7044
f 7356 7045 7044
f 7356 7046 7045
f 7356 7357 7046
f 7357 7358 7046
f 7358 7047 7046
f 7358 7050 7047
f 7050 7048 7047
f 7358 7359 7050
f 7359 7051 7050
f 7359 7360 7051
f 7360 7335 7051
f 7126 7361 7052
f 7361 7362 7052
f 7362 7363 7052
f 7363 7053 7052
f 7363 7364 7053
f 7364 7054 7053
f 7364 7365 7054
f 7365 7055 7054
f 7365 7366 7055
f 7366 7367 7055
f 7367 7056 7055
f 7367 7060 7056
f 7060 7057 7056
f 7060 7059 7057
f 7367 7368 7060
f 7368 7369 7060
f 7369 7061 7060
f 7369 7062 7061
f 7369 7370 7062
f 7066 7063 7062
f 7066 7064 7063
f 7090 7371 7069
f 7371 7372 7069
f 7372 7070 7069
f 7372 7373 7070
f 7373 7374 7070
f 7374 7375 7070
f 7375 7071 7070
f 7375 7376 7071
f 7376 7072 7071
f 7376 7091 7072
f 7149 7377 7073
f 7377 7378 7073
f 7378 7075 7073
f 7075 7074 7073
f 7378 7377 7075
f 7377 7379 7075
f 7379 7380 7075
f 7380 7076 7075
f 7380 7381 7076
f 7381 7379 7076
f 7379 7382 7076
f 7382 7383 7076
f 7383 7384 7076
f 7384 7077 7076
f 7384 7080 7077
f 7080 7078 7077
f 7080 7079 7078
f 7384 7385 7080
f 7385 7081 7080
f 7385 7083 7081
f 7083 7082 7081
f 7385 7386 7083
f 7386 7387 7083
f 7387 7388 7083
f 7388 7085 7083
f 7085 7084 7083
f 7388 7389 7085
f 7389 7390 7085
f 7390 7086 7085
f 7390 7391 7086
f 7391 7087 7086
f 7391 7392 7087
f 7392 7088 7087
f 7392 7393 7088
f 7393 7090 7088
f 7090 7089 7088
f 7393 7394 7090
f 7394 7371 7090
f 7376 7375 7091
f 7375 7395 7091
f 7395 7396 7091
f 7396 7397 7091
f 7397 7092 7091
f 7397 7094 7092
f 7094 7093 7092
f 7397 7398 7094
f 7398 7399 7094
f 7399 7095 7094
f 7399 7400 7095
f 7400 7401 7095
f 7401 7096 7095
f 7401 7402 7096
f 7402 7403 7096
f 7403 7097 7096
f 7403 7404 7097
f 7404 7098 7097
f 7404 7405 7098
f 7405 7099 7098
f 7405 7101 7099
f 7101 7100 7099
f 7405 7406 7101
f 7406 7407 7101
f 7407 7408 7101
f 7408 7102 7101
f 7408 7409 7102
f 7409 7103 7102
f 7409 7410 7103
f 7410 7104 7103
f 7410 7411 7104
f 7411 7105 7104
f 7411 7107 7105
f 7107 7106 7105
f 7411 7412 7107
f 7412 7413 7107
f 7413 7108 7107
f 7413 7414 7108
f 7414 7415 7108
f 7415 7416 7108
f 7416 7109 7108
f 7416 7111 7109
f 7111 7110 7109
f 7416 7417 7111
f 7417 7418 7111
f 7418 7419 7111
f 7419 7112 7111
f 7419 7113 7112
f 7419 7420 7113
f 7420 7421 7113
f 7421 7114 7113
f 7421 7422 7114
f 7422 7423 7114
f 7423 7116 7114
f 7116 7115 7114
f 7423 7424 7116
f 7424 7425 7116
f 7425 7118 7116
f 7118 7117 7116
f 7425 7426 7118
f 7426 7120 7118
f 7120 7119 7118
f 7426 7427 7120
f 7427 7428 7120
f 7428 7429 7120
f 7429 7121 7120
f 7429 7430 7121
f 7430 7122 7121
f 7430 7431 7122
f 7431 7123 7122
f 7431 7432 7123
f 7432 7124 7123
f 7432 7433 7124
f 7433 7434 7124
f 7434 7126 7124
f 7126 7125 7124
f 7434 7361 7126
f 7129 7435 7127
f 7435 7128 7127
f 7435 7436 7128
f 7436 7131 7128
f 7437 7435 7129
f 7438 7437 7129
f 7133 7438 7129
f 7130 7133 7129
f 7436 7439 7131
f 7439 7132 7131
f 7439 7440 7132
f 7440 7441 7132
f 7441 7138 7132
f 7442 7438 7133
f 7134 7442 7133
f 7443 7442 7134
f 7444 7443 7134
f 7135 7444 7134
f 7445 7444 7135
f 7158 7445 7135
f 7136 7158 7135
f 7137 7158 7136
f 7441 7446 7138
f 7446 7447 7138
f 7447 7139 7138
f 7447 7448 7139
f 7448 7140 7139
f 7448 7150 7140
f 7150 7141 7140
f 7157 7449 7142
f 7449 7450 7142
f 7450 7145 7142
f 7145 7143 7142
f 7450 7451 7145
f 7451 7146 7145
f 7451 7452 7146
f 7452 7453 7146
f 7453 7454 7146
f 7454 7149 7146
f 7149 7147 7146
f 7149 7148 7147
f 7454 7455 7149
f 7455 7377 7149
f 7448 7456 7150
f 7456 7457 7150
f 7457 7151 7150
f 7457 7458 7151
f 7458 7152 7151
f 7458 7154 7152
f 7154 7153 7152
f 7458 7459 7154
f 7459 7460 7154
f 7460 7461 7154
f 7461 7462 7154
f 7462 7156 7154
f 7156 7155 7154
f 7462 7463 7156
f 7463 7449 7156
f 7449 7157 7156
f 7464 7445 7158
f 7159 7464 7158
f 7465 7464 7159
f 7466 7465 7159
f 7467 7466 7159
f 7160 7467 7159
f 7468 7467 7160
f 7469 7468 7160
f 7161 7469 7160
f 7162 7469 7161
f 7470 7469 7162
f 7163 7470 7162
f 7165 7470 7163
f 7164 7165 7163
f 7169 7167 7168
f 7174 7172 7173
f 7193 7471 7191
f 7192 7193 7191
f 7472 7471 7193
f 7194 7472 7193
f 7473 7472 7194
f 7474 7473 7194
f 7195 7474 7194
f 7197 7474 7195
f 7196 7197 7195
f 7475 7474 7197
f 7476 7475 7197
f 7477 7476 7197
f 7198 7477 7197
f 7478 7477 7198
f 7479 7478 7198
f 7199 7479 7198
f 7202 7479 7199
f 7201 7202 7199
f 7200 7201 7199
f 7480 7479 7202
f 7203 7480 7202
f 7481 7480 7203
f 7482 7481 7203
f 7204 7482 7203
f 7205 7482 7204
f 7207 7482 7205
f 7206 7207 7205
f 7483 7482 7207
f 7484 7483 7207
f 7208 7484 7207
f 7485 7484 7208
f 7486 7485 7208
f 7210 7486 7208
f 7209 7210 7208
f 7487 7486 7210
f 7488 7487 7210
f 7211 7488 7210
f 7489 7488 7211
f 7490 7489 7211
f 7212 7490 7211
f 7213 7490 7212
f 7491 7490 7213
f 7214 7491 7213
f 7492 7491 7214
f 7215 7492 7214
f 7493 7492 7215
f 7494 7493 7215
f 7216 7494 7215
f 7218 7494 7216
f 7217 7218 7216
f 7495 7494 7218
f 7496 7495 7218
f 7219 7496 7218
f 7497 7496 7219
f 7221 7497 7219
f 7220 7221 7219
f 7498 7497 7221
f 7499 7498 7221
f 7223 7499 7221
f 7222 7223 7221
f 7500 7499 7223
f 7501 7500 7223
f 7224 7501 7223
f 7502 7501 7224
f 7226 7502 7224
f 7225 7226 7224
f 7503 7502 7226
f 7504 7503 7226
f 7228 7504 7226
f 7227 7228 7226
f 7505 7504 7228
f 7506 7505 7228
f 7229 7506 7228
f 7507 7506 7229
f 7230 7507 7229
f 7508 7507 7230
f 7231 7508 7230
f 7509 7508 7231
f 7232 7509 7231
f 7510 7509 7232
f 7234 7510 7232
f 7233 7234 7232
f 7511 7510 7234
f 7512 7511 7234
f 7235 7512 7234
f 7513 7512 7235
f 7236 7513 7235
f 7514 7513 7236
f 7237 7514 7236
f 7515 7514 7237
f 7238 7515 7237
f 7516 7515 7238
f 7239 7516 7238
f 7517 7516 7239
f 7240 7517 7239
f 7518 7517 7240
f 7519 7518 7240
f 7241 7519 7240
f 7243 7519 7241
f 7242 7243 7241
f 7520 7519 7243
f 7521 7520 7243
f 7522 7521 7243
f 7244 7522 7243
f 7246 7522 7244
f 7245 7246 7244
f 7523 7522 7246
f 7524 7523 7246
f 7525 7524 7246
f 7247 7525 7246
f 7526 7525 7247
f 7248 7526 7247
f 7250 7526 7248
f 7249 7250 7248
f 7527 7526 7250
f 7528 7527 7250
f 7252 7528 7250
f 7251 7252 7250
f 7529 7528 7252
f 7530 7529 7252
f 7531 7530 7252
f 7253 7531 7252
f 7532 7531 7253
f 7254 7532 7253
f 7256 7532 7254
f 7255 7256 7254
f 7533 7532 7256
f 7534 7533 7256
f 7535 7534 7256
f 7257 7535 7256
f 7258 7535 7257
f 7536 7535 7258
f 7537 7536 7258
f 7259 7537 7258
f 7261 7537 7259
f 7260 7261 7259
f 7538 7537 7261
f 7539 7538 7261
f 7540 7539 7261
f 7262 7540 7261
f 7264 7540 7262
f 7263 7264 7262
f 7541 7540 7264
f 7542 7541 7264
f 7543 7542 7264
f 7265 7543 7264
f 7267 7544 7265
f 7544 7543 7265
f 7269 7545 7268
f 7546 7545 7269
f 7271 7546 7269
f 7270 7271 7269
f 7547 7546 7271
f 7548 7547 7271
f 7273 7548 7271
f 7272 7273 7271
f 7549 7548 7273
f 7275 7549 7273
f 7274 7275 7273
f 7550 7549 7275
f 7551 7550 7275
f 7552 7551 7275
f 7553 7552 7275
f 7276 7553 7275
f 7554 7553 7276
f 7277 7554 7276
f 7555 7554 7277
f 7278 7555 7277
f 7067 7556 7279
f 7556 7557 7279
f 7557 7282 7279
f 7559 7558 7280
f 7281 7559 7280
f 7282 7559 7281
f 7557 7560 7282
f 7560 7559 7282
f 7561 7562 7283
f 7562 7563 7283
f 7563 7284 7283
f 7563 7564 7284
f 7564 7285 7284
f 7564 7287 7285
f 7287 7286 7285
f 7564 7565 7287
f 7565 7566 7287
f 7566 7567 7287
f 7567 7290 7287
f 7290 7288 7287
f 7290 7289 7288
f 7567 7568 7290
f 7568 7291 7290
f 7568 7569 7291
f 7569 7292 7291
f 7569 7570 7292
f 7570 7571 7292
f 7571 7572 7292
f 7572 7295 7292
f 7295 7293 7292
f 7295 7294 7293
f 7572 7573 7295
f 7573 7339 7295
f 7339 7338 7295
f 7338 7296 7295
f 7575 7574 7297
f 7298 7575 7297
f 7576 7575 7298
f 7577 7576 7298
f 7300 7577 7298
f 7299 7300 7298
f 7578 7577 7300
f 7302 7578 7300
f 7301 7302 7300
f 7579 7578 7302
f 7303 7579 7302
f 7580 7579 7303
f 7304 7580 7303
f 7581 7580 7304
f 7582 7581 7304
f 7305 7582 7304
f 7583 7582 7305
f 7306 7583 7305
f 7307 7583 7306
f 7584 7583 7307
f 7308 7584 7307
f 7585 7584 7308
f 7309 7585 7308
f 7310 7585 7309
f 7585 7310 7311
f 7586 7585 7311
f 7312 7586 7311
f 7587 7586 7312
f 7313 7587 7312
f 7588 7587 7313
f 7589 7588 7313
f 7314 7589 7313
f 7315 7589 7314
f 7316 7317 7315
f 7317 7589 7315
f 7346 7590 7317
f 7590 7591 7317
f 7591 7589 7317
f 7320 7594 7318
f 7319 7320 7318
f 7336 7594 7320
f 7321 7336 7320
f 7595 7337 7322
f 7596 7595 7322
f 7597 7596 7322
f 7323 7597 7322
f 7598 7597 7323
f 7599 7598 7323
f 7324 7599 7323
f 7600 7599 7324
f 7325 7600 7324
f 7326 7600 7325
f 7601 7600 7326
f 7327 7601 7326
f 7602 7601 7327
f 7603 7602 7327
f 7328 7603 7327
f 7604 7603 7328
f 7329 7604 7328
f 7330 7604 7329
f 7331 7605 7330
f 7605 7604 7330
f 7332 7606 7331
f 7606 7605 7331
f 7333 7360 7332
f 7360 7607 7332
f 7607 7606 7332
f 7334 7360 7333
f 7335 7360 7334
f 7608 7594 7336
f 7609 7608 7336
f 7595 7609 7336
f 7337 7595 7336
f 7573 7348 7339
f 7348 7340 7339
f 7348 7341 7340
f 7347 7610 7342
f 7610 7343 7342
f 7610 7611 7343
f 7611 7612 7343
f 7612 7345 7343
f 7345 7344 7343
f 7612 7613 7345
f 7613 7614 7345
f 7614 7346 7345
f 7614 7615 7346
f 7615 7616 7346
f 7616 7617 7346
f 7617 7618 7346
f 7618 7590 7346
f 7349 7619 7347
f 7619 7610 7347
f 7573 7620 7348
f 7620 7621 7348
f 7621 7619 7348
f 7619 7349 7348
f 7351 7622 7350
f 7622 7623 7350
f 7623 7624 7350
f 7624 7352 7350
f 7624 7353 7352
f 7624 7625 7353
f 7625 7354 7353
f 7625 7626 7354
f 7626 7355 7354
f 7626 7627 7355
f 7627 7356 7355
f 7627 7628 7356
f 7628 7629 7356
f 7629 7357 7356
f 7629 7359 7357
f 7359 7358 7357
f 7629 7630 7359
f 7630 7631 7359
f 7631 7360 7359
f 7631 7607 7360
f 7434 7632 7361
f 7632 7633 7361
f 7633 7634 7361
f 7634 7635 7361
f 7635 7362 7361
f 7635 7636 7362
f 7636 7363 7362
f 7636 7365 7363
f 7365 7364 7363
f 7636 7637 7365
f 7637 7638 7365
f 7638 7639 7365
f 7639 7640 7365
f 7640 7366 7365
f 7640 7641 7366
f 7641 7642 7366
f 7642 7367 7366
f 7642 7369 7367
f 7369 7368 7367
f 7642 7643 7369
f 7643 7644 7369
f 7644 7645 7369
f 7645 7370 7369
f 7645 7646 7370
f 7646 7647 7370
f 7647 7648 7370
f 7394 7649 7371
f 7649 7372 7371
f 7649 7650 7372
f 7650 7651 7372
f 7651 7373 7372
f 7651 7652 7373
f 7652 7374 7373
f 7652 7375 7374
f 7652 7653 7375
f 7653 7395 7375
f 7455 7454 7377
f 7454 7654 7377
f 7654 7655 7377
f 7655 7379 7377
f 7655 7656 7379
f 7656 7382 7379
f 7381 7380 7379
f 7656 7657 7382
f 7657 7658 7382
f 7658 7659 7382
f 7659 7383 7382
f 7659 7660 7383
f 7660 7384 7383
f 7660 7386 7384
f 7386 7385 7384
f 7660 7661 7386
f 7661 7387 7386
f 7661 7662 7387
f 7662 7663 7387
f 7663 7664 7387
f 7664 7388 7387
f 7664 7665 7388
f 7665 7389 7388
f 7665 7390 7389
f 7665 7666 7390
f 7666 7667 7390
f 7667 7391 7390
f 7667 7668 7391
f 7668 7669 7391
f 7669 7670 7391
f 7670 7671 7391
f 7671 7393 7391
f 7393 7392 7391
f 7671 7394 7393
f 7671 7672 7394
f 7672 7649 7394
f 7653 7673 7395
f 7673 7674 7395
f 7674 7396 7395
f 7674 7398 7396
f 7398 7397 7396
f 7674 7675 7398
f 7675 7676 7398
f 7676 7400 7398
f 7400 7399 7398
f 7676 7677 7400
f 7677 7678 7400
f 7678 7401 7400
f 7678 7679 7401
f 7679 7402 7401
f 7679 7680 7402
f 7680 7681 7402
f 7681 7403 7402
f 7681 7404 7403
f 7681 7680 7404
f 7680 7682 7404
f 7682 7406 7404
f 7406 7405 7404
f 7682 7683 7406
f 7683 7684 7406
f 7684 7685 7406
f 7685 7407 7406
f 7685 7686 7407
f 7686 7408 7407
f 7686 7687 7408
f 7687 7410 7408
f 7410 7409 7408
f 7687 7688 7410
f 7688 7689 7410
f 7689 7411 7410
f 7689 7690 7411
f 7690 7691 7411
f 7691 7412 7411
f 7691 7413 7412
f 7691 7692 7413
f 7692 7414 7413
f 7692 7693 7414
f 7693 7417 7414
f 7417 7416 7414
f 7416 7415 7414
f 7693 7694 7417
f 7694 7419 7417
f 7419 7418 7417
f 7694 7695 7419
f 7695 7696 7419
f 7696 7421 7419
f 7421 7420 7419
f 7696 7697 7421
f 7697 7698 7421
f 7698 7699 7421
f 7699 7422 7421
f 7699 7700 7422
f 7700 7424 7422
f 7424 7423 7422
f 7700 7701 7424
f 7701 7702 7424
f 7702 7703 7424
f 7703 7426 7424
f 7426 7425 7424
f 7703 7704 7426
f 7704 7705 7426
f 7705 7427 7426
f 7705 7704 7427
f 7704 7706 7427
f 7706 7707 7427
f 7707 7708 7427
f 7708 7429 7427
f 7429 7428 7427
f 7708 7430 7429
f 7708 7709 7430
f 7709 7710 7430
f 7710 7711 7430
f 7711 7712 7430
f 7712 7431 7430
f 7712 7713 7431
f 7713 7433 7431
f 7433 7432 7431
f 7713 7632 7433
f 7632 7434 7433
f 7437 7714 7435
f 7714 7715 7435
f 7715 7436 7435
f 7715 7716 7436
f 7716 7439 7436
f 7438 7442 7437
f 7442 7717 7437
f 7717 7718 7437
f 7718 7719 7437
f 7719 7714 7437
f 7716 7720 7439
f 7720 7721 7439
f 7721 7440 7439
f 7721 7441 7440
f 7721 7722 7441
f 7722 7723 7441
f 7723 7724 7441
f 7724 7446 7441
f 7725 7717 7442
f 7443 7725 7442
f 7726 7725 7443
f 7444 7726 7443
f 7727 7726 7444
f 7728 7727 7444
f 7464 7728 7444
f 7445 7464 7444
f 7724 7447 7446
f 7724 7729 7447
f 7729 7730 7447
f 7730 7731 7447
f 7731 7448 7447
f 7731 7732 7448
f 7732 7456 7448
f 7463 7733 7449
f 7733 7734 7449
f 7734 7450 7449
f 7734 7735 7450
f 7735 7451 7450
f 7735 7736 7451
f 7736 7452 7451
f 7736 7737 7452
f 7737 7738 7452
f 7738 7739 7452
f 7739 7453 7452
f 7739 7740 7453
f 7740 7741 7453
f 7741 7654 7453
f 7654 7454 7453
f 7732 7742 7456
f 7742 7743 7456
f 7743 7457 7456
f 7743 7459 7457
f 7459 7458 7457
f 7743 7744 7459
f 7744 7745 7459
f 7745 7746 7459
f 7746 7747 7459
f 7747 7460 7459
f 7747 7748 7460
f 7748 7749 7460
f 7749 7461 7460
f 7749 7750 7461
f 7750 7463 7461
f 7463 7462 7461
f 7750 7733 7463
f 7751 7728 7464
f 7465 7751 7464
f 7165 7469 7470
f 7753 7752 7472
f 7474 7753 7472
f 7473 7474 7472
f 7754 7753 7474
f 7475 7754 7474
f 7755 7754 7475
f 7756 7755 7475
f 7476 7756 7475
f 7757 7756 7476
f 7477 7757 7476
f 7758 7757 7477
f 7759 7758 7477
f 7478 7759 7477
f 7760 7759 7478
f 7479 7760 7478
f 7761 7760 7479
f 7480 7761 7479
f 7762 7761 7480
f 7481 7762 7480
f 7763 7762 7481
f 7764 7763 7481
f 7482 7764 7481
f 7483 7764 7482
f 7484 7764 7483
f 7765 7764 7484
f 7766 7765 7484
f 7767 7766 7484
f 7485 7767 7484
f 7768 7767 7485
f 7769 7768 7485
f 7487 7769 7485
f 7486 7487 7485
f 7770 7769 7487
f 7771 7770 7487
f 7488 7771 7487
f 7772 7771 7488
f 7773 7772 7488
f 7489 7773 7488
f 7774 7773 7489
f 7490 7774 7489
f 7491 7774 7490
f 7775 7774 7491
f 7776 7775 7491
f 7492 7776 7491
f 7493 7776 7492
f 7777 7776 7493
f 7495 7777 7493
f 7494 7495 7493
f 7778 7777 7495
f 7779 7778 7495
f 7496 7779 7495
f 7780 7779 7496
f 7498 7780 7496
f 7497 7498 7496
f 7781 7780 7498
f 7782 7781 7498
f 7500 7782 7498
f 7499 7500 7498
f 7783 7782 7500
f 7784 7783 7500
f 7501 7784 7500
f 7785 7784 7501
f 7502 7785 7501
f 7786 7785 7502
f 7503 7786 7502
f 7787 7786 7503
f 7505 7787 7503
f 7504 7505 7503
f 7788 7787 7505
f 7789 7788 7505
f 7506 7789 7505
f 7790 7789 7506
f 7507 7790 7506
f 7791 7790 7507
f 7508 7791 7507
f 7792 7791 7508
f 7509 7792 7508
f 7793 7792 7509
f 7511 7793 7509
f 7510 7511 7509
f 7794 7793 7511
f 7795 7794 7511
f 7512 7795 7511
f 7796 7795 7512
f 7513 7796 7512
f 7797 7796 7513
f 7514 7797 7513
f 7515 7797 7514
f 7798 7797 7515
f 7516 7798 7515
f 7799 7798 7516
f 7517 7799 7516
f 7800 7799 7517
f 7518 7800 7517
f 7801 7800 7518
f 7520 7801 7518
f 7519 7520 7518
f 7802 7801 7520
f 7803 7802 7520
f 7804 7803 7520
f 7521 7804 7520
f 7522 7804 7521
f 7805 7804 7522
f 7806 7805 7522
f 7523 7806 7522
f 7807 7806 7523
f 7524 7807 7523
f 7808 7807 7524
f 7525 7808 7524
f 7527 7808 7525
f 7526 7527 7525
f 7809 7808 7527
f 7810 7809 7527
f 7529 7810 7527
f 7528 7529 7527
f 7811 7810 7529
f 7812 7811 7529
f 7813 7812 7529
f 7530 7813 7529
f 7813 7530 7531
f 7814 7813 7531
f 7533 7814 7531
f 7532 7533 7531
f 7815 7814 7533
f 7816 7815 7533
f 7817 7816 7533
f 7534 7817 7533
f 7535 7817 7534
f 7818 7817 7535
f 7819 7818 7535
f 7536 7819 7535
f 7538 7819 7536
f 7537 7538 7536
f 7820 7819 7538
f 7821 7820 7538
f 7539 7821 7538
f 7822 7821 7539
f 7823 7822 7539
f 7540 7823 7539
f 7543 7544 7542
f 7544 7824 7542
f 7824 7825 7542
f 7825 7826 7542
f 7827 7824 7544
f 7829 7828 7545
f 7830 7829 7545
f 7547 7830 7545
f 7546 7547 7545
f 7831 7830 7547
f 7549 7831 7547
f 7548 7549 7547
f 7832 7831 7549
f 7550 7832 7549
f 7833 7832 7550
f 7551 7833 7550
f 7834 7833 7551
f 7835 7834 7551
f 7836 7835 7551
f 7552 7836 7551
f 7837 7836 7552
f 7553 7837 7552
f 7838 7837 7553
f 7554 7838 7553
f 7648 7840 7556
f 7840 7841 7556
f 7841 7842 7556
f 7842 7557 7556
f 7842 7843 7557
f 7843 7560 7557
f 7846 7845 7558
f 7847 7846 7558
f 7843 7847 7558
f 7559 7843 7558
f 7560 7843 7559
f 7848 7849 7561
f 7849 7850 7561
f 7850 7851 7561
f 7851 7562 7561
f 7851 7852 7562
f 7852 7853 7562
f 7853 7563 7562
f 7853 7565 7563
f 7565 7564 7563
f 7853 7854 7565
f 7854 7855 7565
f 7855 7856 7565
f 7856 7566 7565
f 7856 7568 7566
f 7568 7567 7566
f 7856 7857 7568
f 7857 7858 7568
f 7858 7569 7568
f 7858 7859 7569
f 7859 7570 7569
f 7859 7860 7570
f 7860 7620 7570
f 7620 7573 7570
f 7573 7571 7570
f 7573 7572 7571
f 7862 7861 7574
f 7575 7862 7574
f 7863 7862 7575
f 7864 7863 7575
f 7576 7864 7575
f 7865 7864 7576
f 7578 7865 7576
f 7577 7578 7576
f 7866 7865 7578
f 7579 7866 7578
f 7867 7866 7579
f 7580 7867 7579
f 7868 7867 7580
f 7581 7868 7580
f 7869 7868 7581
f 7582 7869 7581
f 7870 7869 7582
f 7583 7870 7582
f 7871 7870 7583
f 7584 7871 7583
f 7872 7871 7584
f 7873 7872 7584
f 7585 7873 7584
f 7874 7873 7585
f 7586 7874 7585
f 7875 7874 7586
f 7587 7875 7586
f 7876 7875 7587
f 7877 7876 7587
f 7588 7877 7587
f 7589 7591 7588
f 7591 7877 7588
f 7618 7591 7590
f 7618 7878 7591
f 7878 7879 7591
f 7879 7877 7591
f 7608 7592 7593
f 7594 7608 7593
f 7880 7609 7595
f 7881 7880 7595
f 7882 7881 7595
f 7596 7882 7595
f 7883 7882 7596
f 7597 7883 7596
f 7884 7883 7597
f 7598 7884 7597
f 7885 7884 7598
f 7599 7885 7598
f 7886 7885 7599
f 7600 7886 7599
f 7887 7886 7600
f 7601 7887 7600
f 7888 7887 7601
f 7889 7888 7601
f 7602 7889 7601
f 7890 7889 7602
f 7603 7890 7602
f 7891 7890 7603
f 7604 7891 7603
f 7892 7891 7604
f 7607 7892 7604
f 7605 7607 7604
f 7606 7607 7605
f 7631 7893 7607
f 7893 7894 7607
f 7894 7895 7607
f 7895 7896 7607
f 7896 7892 7607
f 7897 7592 7608
f 7880 7897 7608
f 7609 7880 7608
f 7619 7898 7610
f 7898 7611 7610
f 7898 7899 7611
f 7899 7900 7611
f 7900 7613 7611
f 7613 7612 7611
f 7900 7901 7613
f 7901 7902 7613
f 7902 7615 7613
f 7615 7614 7613
f 7902 7903 7615
f 7903 7904 7615
f 7904 7905 7615
f 7905 7616 7615
f 7905 7617 7616
f 7905 7906 7617
f 7906 7618 7617
f 7906 7907 7618
f 7907 7878 7618
f 7621 7908 7619
f 7908 7899 7619
f 7899 7898 7619
f 7860 7908 7620
f 7908 7621 7620
f 7909 7910 7622
f 7910 7911 7622
f 7911 7624 7622
f 7624 7623 7622
f 7911 7912 7624
f 7912 7913 7624
f 7913 7625 7624
f 7913 7914 7625
f 7914 7626 7625
f 7914 7627 7626
f 7914 7915 7627
f 7915 7916 7627
f 7916 7917 7627
f 7917 7629 7627
f 7629 7628 7627
f 7917 7893 7629
f 7893 7630 7629
f 7893 7631 7630
f 7713 7918 7632
f 7918 7919 7632
f 7919 7633 7632
f 7919 7920 7633
f 7920 7921 7633
f 7921 7634 7633
f 7921 7635 7634
f 7921 7637 7635
f 7637 7636 7635
f 7921 7922 7637
f 7922 7923 7637
f 7923 7638 7637
f 7923 7924 7638
f 7924 7639 7638
f 7924 7925 7639
f 7925 7640 7639
f 7925 7926 7640
f 7926 7927 7640
f 7927 7928 7640
f 7928 7642 7640
f 7642 7641 7640
f 7928 7929 7642
f 7929 7643 7642
f 7929 7930 7643
f 7930 7931 7643
f 7931 7644 7643
f 7931 7646 7644
f 7646 7645 7644
f 7931 7932 7646
f 7932 7933 7646
f 7933 7840 7646
f 7840 7648 7647
f 7646 7840 7647
f 7672 7934 7649
f 7934 7935 7649
f 7935 7650 7649
f 7935 7936 7650
f 7936 7937 7650
f 7937 7651 7650
f 7937 7653 7651
f 7653 7652 7651
f 7937 7938 7653
f 7938 7939 7653
f 7939 7940 7653
f 7940 7673 7653
f 7741 7941 7654
f 7941 7655 7654
f 7941 7942 7655
f 7942 7656 7655
f 7942 7943 7656
f 7943 7657 7656
f 7943 7944 7657
f 7944 7945 7657
f 7945 7946 7657
f 7946 7658 7657
f 7946 7947 7658
f 7947 7659 7658
f 7947 7660 7659
f 7947 7948 7660
f 7948 7949 7660
f 7949 7661 7660
f 7949 7662 7661
f 7949 7950 7662
f 7950 7951 7662
f 7951 7952 7662
f 7952 7663 7662
f 7952 7953 7663
f 7953 7664 7663
f 7953 7954 7664
f 7954 7666 7664
f 7666 7665 7664
f 7954 7955 7666
f 7955 7956 7666
f 7956 7667 7666
f 7956 7957 7667
f 7957 7958 7667
f 7958 7668 7667
f 7958 7959 7668
f 7959 7669 7668
f 7959 7934 7669
f 7934 7672 7669
f 7672 7671 7669
f 7671 7670 7669
f 7940 7675 7673
f 7675 7674 7673
f 7940 7960 7675
f 7960 7961 7675
f 7961 7962 7675
f 7962 7676 7675
f 7962 7963 7676
f 7963 7677 7676
f 7963 7964 7677
f 7964 7965 7677
f 7965 7678 7677
f 7965 7966 7678
f 7966 7967 7678
f 7967 7679 7678
f 7967 7680 7679
f 7967 7966 7680
f 7966 7968 7680
f 7968 7683 7680
f 7683 7682 7680
f 7968 7969 7683
f 7969 7970 7683
f 7970 7971 7683
f 7971 7684 7683
f 7971 7972 7684
f 7972 7685 7684
f 7972 7973 7685
f 7973 7686 7685
f 7973 7974 7686
f 7974 7687 7686
f 7974 7975 7687
f 7975 7976 7687
f 7976 7688 7687
f 7976 7690 7688
f 7690 7689 7688
f 7976 7977 7690
f 7977 7978 7690
f 7978 7692 7690
f 7692 7691 7690
f 7978 7979 7692
f 7979 7980 7692
f 7980 7981 7692
f 7981 7693 7692
f 7981 7695 7693
f 7695 7694 7693
f 7981 7982 7695
f 7982 7697 7695
f 7697 7696 7695
f 7982 7983 7697
f 7983 7984 7697
f 7984 7985 7697
f 7985 7698 7697
f 7985 7699 7698
f 7985 7984 7699
f 7984 7986 7699
f 7986 7987 7699
f 7987 7988 7699
f 7988 7701 7699
f 7701 7700 7699
f 7988 7989 7701
f 7989 7990 7701
f 7990 7702 7701
f 7990 7991 7702
f 7991 7992 7702
f 7992 7704 7702
f 7704 7703 7702
f 7992 7706 7704
f 7992 7991 7706
f 7991 7707 7706
f 7991 7993 7707
f 7993 7994 7707
f 7707 7709 7708
f 7995 7713 7710
f 7713 7711 7710
f 7713 7712 7711
f 7995 7996 7713
f 7996 7997 7713
f 7997 7918 7713
f 7719 7715 7714
f 7719 7998 7715
f 7998 7716 7715
f 7998 7999 7716
f 7999 8000 7716
f 8000 7720 7716
f 7725 8001 7717
f 8001 8002 7717
f 8002 7718 7717
f 8002 8003 7718
f 8003 7719 7718
f 8003 8004 7719
f 8004 7998 7719
f 8000 7721 7720
f 8000 8005 7721
f 8005 7722 7721
f 8005 8006 7722
f 8006 7723 7722
f 8006 8007 7723
f 8007 8008 7723
f 8008 8009 7723
f 8009 7729 7723
f 7729 7724 7723
f 8010 8001 7725
f 7726 8010 7725
f 7727 8011 7726
f 8011 8010 7726
f 8012 8011 7727
f 8013 8012 7727
f 7751 8013 7727
f 7728 7751 7727
f 8009 8014 7729
f 8014 7730 7729
f 8014 8015 7730
f 8015 7731 7730
f 8015 8016 7731
f 8016 7732 7731
f 8016 7745 7732
f 7745 7744 7732
f 7744 7742 7732
f 7750 8017 7733
f 8017 7735 7733
f 7735 7734 7733
f 8017 7737 7735
f 7737 7736 7735
f 8017 8018 7737
f 8018 8019 7737
f 8019 7738 7737
f 8019 8020 7738
f 8020 8021 7738
f 8021 8022 7738
f 8022 8023 7738
f 8023 8024 7738
f 8024 7739 7738
f 8024 7740 7739
f 8024 7741 7740
f 8024 7941 7741
f 7744 7743 7742
f 8016 8025 7745
f 8025 8026 7745
f 8026 8027 7745
f 8027 7746 7745
f 8027 8028 7746
f 8028 7747 7746
f 8028 8029 7747
f 8029 8030 7747
f 8030 7748 7747
f 8030 8018 7748
f 8018 7750 7748
f 7750 7749 7748
f 8018 8017 7750
f 8031 7752 7753
f 7754 8031 7753
f 8032 8031 7754
f 8033 8032 7754
f 8034 8033 7754
f 7755 8034 7754
f 8035 8034 7755
f 7756 8035 7755
f 8036 8035 7756
f 7757 8036 7756
f 8037 8036 7757
f 7758 8037 7757
f 8038 8037 7758
f 8039 8038 7758
f 7760 8039 7758
f 7759 7760 7758
f 8040 8039 7760
f 7761 8040 7760
f 8041 8040 7761
f 7762 8041 7761
f 8042 8041 7762
f 7763 8042 7762
f 7765 8042 7763
f 7764 7765 7763
f 8043 8042 7765
f 7766 8043 7765
f 8044 8043 7766
f 8045 8044 7766
f 7768 8045 7766
f 7767 7768 7766
f 8046 8045 7768
f 8047 8046 7768
f 7770 8047 7768
f 7769 7770 7768
f 8048 8047 7770
f 7772 8048 7770
f 7771 7772 7770
f 8049 8048 7772
f 8050 8049 7772
f 7773 8050 7772
f 8051 8050 7773
f 7774 8051 7773
f 8052 8051 7774
f 7775 8052 7774
f 8053 8052 7775
f 7776 8053 7775
f 7778 8053 7776
f 7777 7778 7776
f 8054 8053 7778
f 8055 8054 7778
f 7779 8055 7778
f 8056 8055 7779
f 7781 8056 7779
f 7780 7781 7779
f 8057 8056 7781
f 8058 8057 7781
f 7782 8058 7781
f 8059 8058 7782
f 7783 8059 7782
f 8060 8059 7783
f 7784 8060 7783
f 8061 8060 7784
f 7785 8061 7784
f 8062 8061 7785
f 8063 8062 7785
f 7786 8063 7785
f 7788 8063 7786
f 7787 7788 7786
f 8064 8063 7788
f 8065 8064 7788
f 7789 8065 7788
f 8066 8065 7789
f 7790 8066 7789
f 8067 8066 7790
f 7791 8067 7790
f 8068 8067 7791
f 7792 8068 7791
f 8069 8068 7792
f 7794 8069 7792
f 7793 7794 7792
f 7795 8069 7794
f 7796 8069 7795
f 7797 8069 7796
f 7798 8069 7797
f 7799 8070 7798
f 7800 8070 7799
f 7801 8070 7800
f 7805 8071 7803
f 7804 7805 7803
f 7806 8071 7805
f 8072 8071 7806
f 8073 8072 7806
f 7807 8073 7806
f 7808 8073 7807
f 8074 8073 7808
f 8075 8074 7808
f 7809 8075 7808
f 7811 8075 7809
f 7810 7811 7809
f 8076 8075 7811
f 8077 8076 7811
f 8078 8077 7811
f 7812 8078 7811
f 8079 8078 7812
f 7813 8079 7812
f 7815 8079 7813
f 7814 7815 7813
f 8080 8074 8075
f 8081 8080 8075
f 8076 8081 8075
f 8082 8079 7815
f 8083 8082 7815
f 8084 8083 7815
f 7816 8084 7815
f 7817 8084 7816
f 8085 8084 7817
f 8086 8085 7817
f 7818 8086 7817
f 7820 8086 7818
f 7819 7820 7818
f 8087 8086 7820
f 8088 8087 7820
f 8089 8088 7820
f 7821 8089 7820
f 7822 8089 7821
f 8090 8089 7822
f 7827 7825 7824
f 7827 8091 7825
f 8091 8092 7825
f 8092 7826 7825
f 8096 8097 7827
f 8097 8098 7827
f 8098 8091 7827
f 8100 8099 7828
f 7829 8100 7828
f 8101 8100 7829
f 7832 8101 7829
f 7830 7832 7829
f 7831 7832 7830
f 8102 8101 7832
f 8103 8102 7832
f 7833 8103 7832
f 8104 8103 7833
f 7834 8104 7833
f 8105 8104 7834
f 8106 8105 7834
f 7835 8106 7834
f 8107 8106 7835
f 7836 8107 7835
f 8108 8107 7836
f 7837 8108 7836
f 8109 8108 7837
f 7838 8109 7837
f 8110 8109 7838
f 8111 8110 7839
f 7933 8112 7840
f 8112 8113 7840
f 8113 7841 7840
f 8113 7842 7841
f 8114 8115 7843
f 8115 8116 7843
f 8116 8117 7843
f 8117 7847 7843
f 8119 8118 7844
f 8117 8119 7844
f 7846 8117 7844
f 7845 7846 7844
f 7847 8117 7846
f 8120 8121 7848
f 8121 7849 7848
f 8121 8122 7849
f 8122 8123 7849
f 8123 7850 7849
f 8123 8124 7850
f 8124 8125 7850
f 8125 7851 7850
f 8125 8126 7851
f 8126 7852 7851
f 8126 7853 7852
f 8126 8127 7853
f 8127 7854 7853
f 8127 8128 7854
f 8128 8129 7854
f 8129 7855 7854
f 8129 7858 7855
f 7858 7857 7855
f 7857 7856 7855
f 8129 8130 7858
f 8130 7859 7858
f 8130 8131 7859
f 8131 8132 7859
f 8132 7908 7859
f 7908 7860 7859
f 8134 8133 7861
f 7862 8134 7861
f 8135 8134 7862
f 8136 8135 7862
f 8137 8136 7862
f 7863 8137 7862
f 8138 8137 7863
f 7864 8138 7863
f 7866 8138 7864
f 7865 7866 7864
f 8139 8138 7866
f 8140 8139 7866
f 7867 8140 7866
f 7868 8140 7867
f 8141 8140 7868
f 8142 8141 7868
f 7869 8142 7868
f 7870 8142 7869
f 8143 8142 7870
f 7871 8143 7870
f 8144 8143 7871
f 7872 8144 7871
f 8145 8144 7872
f 7873 8145 7872
f 8146 8145 7873
f 7874 8146 7873
f 8145 8146 7874
f 8147 8145 7874
f 8148 8147 7874
f 7879 8148 7874
f 7875 7879 7874
f 7876 7879 7875
f 7877 7879 7876
f 7907 8149 7878
f 8149 7879 7878
f 8150 8148 7879
f 8149 8150 7879
f 8151 7897 7880
f 8152 8151 7880
f 8153 8152 7880
f 7881 8153 7880
f 8154 8153 7881
f 7882 8154 7881
f 8155 8154 7882
f 7883 8155 7882
f 8156 8155 7883
f 8157 8156 7883
f 7884 8157 7883
f 8158 8157 7884
f 7885 8158 7884
f 7886 8158 7885
f 8159 8158 7886
f 7887 8159 7886
f 8160 8159 7887
f 7888 8160 7887
f 8161 8160 7888
f 8162 8161 7888
f 7889 8162 7888
f 7890 8162 7889
f 7896 8162 7890
f 7891 7896 7890
f 7892 7896 7891
f 7917 8163 7893
f 8163 8164 7893
f 8164 8165 7893
f 8165 7894 7893
f 8165 7895 7894
f 8165 8166 7895
f 8166 8167 7895
f 8167 7896 7895
f 8167 8168 7896
f 8168 8162 7896
f 8169 7592 7897
f 8151 8169 7897
f 7908 8132 7899
f 8132 8131 7899
f 8131 8170 7899
f 8170 7900 7899
f 8170 7901 7900
f 8170 8171 7901
f 8171 7903 7901
f 7903 7902 7901
f 8171 8172 7903
f 8172 8173 7903
f 8173 8174 7903
f 8174 7904 7903
f 8174 8175 7904
f 8175 7905 7904
f 8175 8176 7905
f 8176 7906 7905
f 8176 8177 7906
f 8177 7907 7906
f 8177 8178 7907
f 8178 8149 7907
f 8180 8179 7909
f 8179 8181 7909
f 8181 8182 7909
f 8182 7910 7909
f 8182 7912 7910
f 7912 7911 7910
f 8182 8183 7912
f 8183 8184 7912
f 8184 7913 7912
f 8184 8185 7913
f 8185 7914 7913
f 8185 8186 7914
f 8186 7915 7914
f 8186 8187 7915
f 8187 8188 7915
f 8188 8163 7915
f 8163 7916 7915
f 8163 7917 7916
f 7997 8189 7918
f 8189 8190 7918
f 8190 7919 7918
f 8190 7920 7919
f 8190 8191 7920
f 8191 8192 7920
f 8192 8193 7920
f 8193 8194 7920
f 8194 7921 7920
f 8194 8195 7921
f 8195 7922 7921
f 8195 8196 7922
f 8196 7923 7922
f 8196 8197 7923
f 8197 7924 7923
f 8197 8198 7924
f 8198 8199 7924
f 8199 7925 7924
f 8199 8200 7925
f 8200 7926 7925
f 8200 8201 7926
f 8201 7927 7926
f 8201 7929 7927
f 7929 7928 7927
f 8201 8202 7929
f 8202 7930 7929
f 8202 8203 7930
f 8203 8204 7930
f 8204 7931 7930
f 8204 8205 7931
f 8205 7932 7931
f 8205 8206 7932
f 8206 8207 7932
f 8207 8208 7932
f 8208 7933 7932
f 8208 8112 7933
f 7959 7935 7934
f 7959 8209 7935
f 8209 8210 7935
f 8210 8211 7935
f 8211 7937 7935
f 7937 7936 7935
f 8211 8212 7937
f 8212 7938 7937
f 8212 8213 7938
f 8213 8214 7938
f 8214 8215 7938
f 8215 7939 7938
f 8215 7960 7939
f 7960 7940 7939
f 8024 8023 7941
f 8023 8216 7941
f 8216 8217 7941
f 8217 7942 7941
f 8217 8218 7942
f 8218 7943 7942
f 8218 8219 7943
f 8219 7944 7943
f 8219 8220 7944
f 8220 8221 7944
f 8221 8222 7944
f 8222 8223 7944
f 8223 7945 7944
f 8223 8224 7945
f 8224 8225 7945
f 8225 7946 7945
f 8225 7948 7946
f 7948 7947 7946
f 8225 8224 7948
f 8224 8226 7948
f 8226 8227 7948
f 8227 7949 7948
f 8227 7950 7949
f 8227 8226 7950
f 8226 8228 7950
f 8228 8229 7950
f 8229 8230 7950
f 8230 7951 7950
f 8230 7952 7951
f 8230 8231 7952
f 8231 8232 7952
f 8232 7954 7952
f 7954 7953 7952
f 8232 8231 7954
f 8231 7955 7954
f 8231 8233 7955
f 8233 8234 7955
f 8234 7957 7955
f 7957 7956 7955
f 8234 8235 7957
f 8235 8236 7957
f 8236 7958 7957
f 8236 8209 7958
f 8209 7959 7958
f 8215 8237 7960
f 8237 8238 7960
f 8238 8239 7960
f 8239 7961 7960
f 8239 8240 7961
f 8240 7962 7961
f 8240 8241 7962
f 8241 8242 7962
f 8242 7963 7962
f 8242 7966 7963
f 7966 7964 7963
f 7966 7965 7964
f 8242 8243 7966
f 8243 7969 7966
f 7969 7968 7966
f 8243 8244 7969
f 8244 8245 7969
f 8245 8246 7969
f 8246 7970 7969
f 8246 8247 7970
f 8247 7972 7970
f 7972 7971 7970
f 8247 8248 7972
f 8248 8249 7972
f 8249 7973 7972
f 8249 8250 7973
f 8250 7974 7973
f 8250 8251 7974
f 8251 8252 7974
f 8252 7975 7974
f 8252 7977 7975
f 7977 7976 7975
f 8252 8253 7977
f 8253 8254 7977
f 8254 7979 7977
f 7979 7978 7977
f 8254 8255 7979
f 8255 8256 7979
f 8256 8257 7979
f 8257 7980 7979
f 8257 8258 7980
f 8258 7981 7980
f 8258 8259 7981
f 8259 7982 7981
f 8259 8260 7982
f 8260 8261 7982
f 8261 7983 7982
f 8261 8262 7983
f 8262 7984 7983
f 8262 7986 7984
f 8262 8263 7986
f 8263 7988 7986
f 7988 7987 7986
f 8263 8264 7988
f 8264 7990 7988
f 7990 7989 7988
f 8264 8265 7990
f 8265 8266 7990
f 8266 7991 7990
f 8266 7993 7991
f 8266 8267 7993
f 8267 8268 7993
f 7993 8268 7994
f 8268 8269 7994
f 8269 7995 7994
f 7995 7710 7994
f 7710 7708 7994
f 8269 7709 7995
f 7996 8270 7997
f 8270 8271 7997
f 8271 8272 7997
f 8272 8189 7997
f 8004 8273 7998
f 8273 8274 7998
f 8274 7999 7998
f 8274 8000 7999
f 8274 8275 8000
f 8275 8005 8000
f 8010 8276 8001
f 8276 8277 8001
f 8277 8002 8001
f 8277 8278 8002
f 8278 8003 8002
f 8278 8004 8003
f 8278 8279 8004
f 8279 8280 8004
f 8280 8273 8004
f 8275 8281 8005
f 8281 8282 8005
f 8282 8283 8005
f 8283 8007 8005
f 8007 8006 8005
f 8283 8284 8007
f 8284 8008 8007
f 8284 8285 8008
f 8285 8286 8008
f 8286 8009 8008
f 8286 8287 8009
f 8287 8014 8009
f 8288 8276 8010
f 8011 8288 8010
f 8012 8289 8011
f 8289 8290 8011
f 8290 8288 8011
f 8287 8291 8014
f 8291 8015 8014
f 8291 8025 8015
f 8025 8016 8015
f 8030 8292 8018
f 8292 8019 8018
f 8292 8020 8019
f 8292 8293 8020
f 8293 8021 8020
f 8293 8294 8021
f 8294 8295 8021
f 8295 8296 8021
f 8296 8022 8021
f 8296 8216 8022
f 8216 8023 8022
f 8291 8297 8025
f 8297 8298 8025
f 8298 8299 8025
f 8299 8026 8025
f 8299 8300 8026
f 8300 8027 8026
f 8300 8301 8027
f 8301 8028 8027
f 8301 8029 8028
f 8301 8302 8029
f 8302 8292 8029
f 8292 8030 8029
f 8304 8303 8032
f 8034 8304 8032
f 8033 8034 8032
f 8305 8304 8034
f 8306 8305 8034
f 8035 8306 8034
f 8307 8306 8035
f 8036 8307 8035
f 8308 8307 8036
f 8037 8308 8036
f 8309 8308 8037
f 8038 8309 8037
f 8310 8309 8038
f 8040 8310 8038
f 8039 8040 8038
f 8311 8310 8040
f 8042 8311 8040
f 8041 8042 8040
f 8312 8311 8042
f 8313 8312 8042
f 8043 8313 8042
f 8044 8313 8043
f 8314 8313 8044
f 8315 8314 8044
f 8316 8315 8044
f 8317 8316 8044
f 8046 8317 8044
f 8045 8046 8044
f 8318 8317 8046
f 8047 8318 8046
f 8319 8318 8047
f 8320 8319 8047
f 8048 8320 8047
f 8321 8320 8048
f 8049 8321 8048
f 8051 8321 8049
f 8050 8051 8049
f 8322 8321 8051
f 8052 8322 8051
f 8053 8322 8052
f 8323 8322 8053
f 8054 8323 8053
f 8324 8323 8054
f 8055 8324 8054
f 8325 8324 8055
f 8057 8325 8055
f 8056 8057 8055
f 8326 8325 8057
f 8327 8326 8057
f 8058 8327 8057
f 8328 8327 8058
f 8059 8328 8058
f 8329 8328 8059
f 8060 8329 8059
f 8061 8329 8060
f 8062 8329 8061
f 8330 8329 8062
f 8064 8330 8062
f 8063 8064 8062
f 8331 8330 8064
f 8065 8331 8064
f 8066 8331 8065
f 8067 8331 8066
f 8068 8331 8067
f 8069 8331 8068
f 8072 8333 8071
f 8073 8333 8072
f 8080 8333 8073
f 8074 8080 8073
f 8334 8081 8076
f 8077 8334 8076
f 8335 8334 8077
f 8336 8335 8077
f 8078 8336 8077
f 8079 8336 8078
f 8337 8336 8079
f 8082 8337 8079
f 8338 8333 8080
f 8081 8338 8080
f 8339 8338 8081
f 8334 8339 8081
f 8340 8337 8082
f 8083 8340 8082
f 8341 8340 8083
f 8084 8341 8083
f 8342 8341 8084
f 8343 8342 8084
f 8085 8343 8084
f 8087 8343 8085
f 8086 8087 8085
f 8344 8343 8087
f 8345 8344 8087
f 8088 8345 8087
f 8346 8345 8088
f 8089 8346 8088
f 8347 8346 8089
f 8090 8347 8089
f 8348 8347 8090
f 8349 8348 8090
f 8098 8093 8091
f 8093 8092 8091
f 8098 8350 8093
f 8350 8094 8093
f 8350 8351 8094
f 8351 8352 8094
f 8352 8353 8094
f 8354 8355 8095
f 8355 8356 8095
f 8356 8357 8095
f 8358 8359 8096
f 8359 8360 8096
f 8360 8361 8096
f 8361 8362 8096
f 8362 8363 8096
f 8363 8097 8096
f 8363 8364 8097
f 8364 8350 8097
f 8350 8098 8097
f 8100 8365 8099
f 8365 8366 8099
f 8366 8367 8099
f 8367 8368 8099
f 8368 8369 8099
f 8369 8370 8099
f 8102 8365 8100
f 8101 8102 8100
f 8371 8365 8102
f 8103 8371 8102
f 8372 8371 8103
f 8104 8372 8103
f 8373 8372 8104
f 8374 8373 8104
f 8375 8374 8104
f 8105 8375 8104
f 8376 8375 8105
f 8106 8376 8105
f 8377 8376 8106
f 8107 8377 8106
f 8108 8377 8107
f 8378 8377 8108
f 8109 8378 8108
f 8111 8378 8109
f 8110 8111 8109
f 8379 8378 8111
f 8380 8379 8111
f 8381 8380 8111
f 8208 8382 8112
f 8382 8113 8112
f 8382 8383 8113
f 8383 8384 8113
f 8384 8114 8113
f 8114 8384 8115
f 8384 8385 8115
f 8385 8386 8115
f 8386 8387 8115
f 8387 8119 8115
f 8119 8116 8115
f 8119 8117 8116
f 8389 8388 8118
f 8119 8389 8118
f 8387 8390 8119
f 8390 8389 8119
f 8391 8392 8120
f 8392 8121 8120
f 8392 8393 8121
f 8393 8394 8121
f 8394 8395 8121
f 8395 8122 8121
f 8395 8396 8122
f 8396 8123 8122
f 8396 8397 8123
f 8397 8124 8123
f 8397 8398 8124
f 8398 8125 8124
f 8398 8127 8125
f 8127 8126 8125
f 8398 8399 8127
f 8399 8400 8127
f 8400 8401 8127
f 8401 8128 8127
f 8401 8130 8128
f 8130 8129 8128
f 8401 8402 8130
f 8402 8171 8130
f 8171 8131 8130
f 8171 8170 8131
f 8404 8403 8133
f 8134 8404 8133
f 8405 8404 8134
f 8135 8405 8134
f 8406 8405 8135
f 8407 8406 8135
f 8408 8407 8135
f 8136 8408 8135
f 8409 8408 8136
f 8139 8409 8136
f 8137 8139 8136
f 8138 8139 8137
f 8410 8409 8139
f 8140 8410 8139
f 8411 8410 8140
f 8141 8411 8140
f 8412 8411 8141
f 8142 8412 8141
f 8143 8412 8142
f 8144 8412 8143
f 8413 8412 8144
f 8414 8413 8144
f 8145 8414 8144
f 8415 8414 8145
f 8147 8415 8145
f 8150 8415 8147
f 8148 8150 8147
f 8416 8150 8149
f 8178 8416 8149
f 8417 8415 8150
f 8416 8417 8150
f 8418 8169 8151
f 8419 8418 8151
f 8152 8419 8151
f 8420 8419 8152
f 8153 8420 8152
f 8421 8420 8153
f 8154 8421 8153
f 8422 8421 8154
f 8155 8422 8154
f 8156 8422 8155
f 8423 8422 8156
f 8424 8423 8156
f 8425 8424 8156
f 8157 8425 8156
f 8158 8425 8157
f 8426 8425 8158
f 8159 8426 8158
f 8427 8426 8159
f 8428 8427 8159
f 8160 8428 8159
f 8168 8428 8160
f 8161 8168 8160
f 8162 8168 8161
f 8188 8429 8163
f 8429 8430 8163
f 8430 8164 8163
f 8430 8431 8164
f 8431 8165 8164
f 8431 8432 8165
f 8432 8166 8165
f 8432 8433 8166
f 8433 8434 8166
f 8434 8167 8166
f 8434 8435 8167
f 8435 8168 8167
f 8435 8436 8168
f 8436 8428 8168
f 8438 8437 8169
f 8418 8438 8169
f 8402 8439 8171
f 8439 8440 8171
f 8440 8172 8171
f 8440 8441 8172
f 8441 8173 8172
f 8441 8442 8173
f 8442 8174 8173
f 8442 8443 8174
f 8443 8444 8174
f 8444 8175 8174
f 8444 8445 8175
f 8445 8176 8175
f 8445 8446 8176
f 8446 8177 8176
f 8446 8447 8177
f 8447 8178 8177
f 8448 8416 8178
f 8447 8448 8178
f 8180 8449 8179
f 8449 8450 8179
f 8450 8451 8179
f 8451 8182 8179
f 8182 8181 8179
f 8451 8183 8182
f 8451 8452 8183
f 8452 8184 8183
f 8452 8453 8184
f 8453 8185 8184
f 8453 8454 8185
f 8454 8186 8185
f 8454 8455 8186
f 8455 8187 8186
f 8455 8456 8187
f 8456 8429 8187
f 8429 8188 8187
f 8272 8457 8189
f 8457 8190 8189
f 8457 8191 8190
f 8457 8272 8191
f 8272 8458 8191
f 8458 8459 8191
f 8459 8192 8191
f 8459 8460 8192
f 8460 8461 8192
f 8461 8462 8192
f 8462 8463 8192
f 8463 8193 8192
f 8463 8195 8193
f 8195 8194 8193
f 8463 8464 8195
f 8464 8196 8195
f 8464 8465 8196
f 8465 8197 8196
f 8465 8466 8197
f 8466 8467 8197
f 8467 8198 8197
f 8467 8468 8198
f 8468 8199 8198
f 8468 8469 8199
f 8469 8200 8199
f 8469 8470 8200
f 8470 8202 8200
f 8202 8201 8200
f 8470 8471 8202
f 8471 8203 8202
f 8471 8472 8203
f 8472 8473 8203
f 8473 8205 8203
f 8205 8204 8203
f 8473 8474 8205
f 8474 8475 8205
f 8475 8206 8205
f 8475 8476 8206
f 8476 8207 8206
f 8476 8382 8207
f 8382 8208 8207
f 8236 8477 8209
f 8477 8478 8209
f 8478 8479 8209
f 8479 8211 8209
f 8211 8210 8209
f 8479 8480 8211
f 8480 8212 8211
f 8480 8213 8212
f 8480 8481 8213
f 8481 8482 8213
f 8482 8215 8213
f 8215 8214 8213
f 8482 8237 8215
f 8296 8483 8216
f 8483 8217 8216
f 8483 8484 8217
f 8484 8218 8217
f 8484 8485 8218
f 8485 8219 8218
f 8485 8486 8219
f 8486 8220 8219
f 8486 8487 8220
f 8487 8488 8220
f 8488 8221 8220
f 8488 8489 8221
f 8489 8490 8221
f 8490 8222 8221
f 8490 8491 8222
f 8491 8223 8222
f 8491 8226 8223
f 8226 8224 8223
f 8491 8492 8226
f 8492 8493 8226
f 8493 8228 8226
f 8493 8494 8228
f 8494 8495 8228
f 8495 8229 8228
f 8495 8496 8229
f 8496 8497 8229
f 8497 8230 8229
f 8497 8498 8230
f 8498 8499 8230
f 8499 8500 8230
f 8500 8233 8230
f 8233 8231 8230
f 8500 8501 8233
f 8501 8234 8233
f 8501 8502 8234
f 8502 8235 8234
f 8502 8477 8235
f 8477 8236 8235
f 8482 8503 8237
f 8503 8504 8237
f 8504 8505 8237
f 8505 8238 8237
f 8505 8506 8238
f 8506 8239 8238
f 8506 8507 8239
f 8507 8240 8239
f 8507 8508 8240
f 8508 8241 8240
f 8508 8509 8241
f 8509 8242 8241
f 8509 8244 8242
f 8244 8243 8242
f 8509 8510 8244
f 8510 8511 8244
f 8511 8245 8244
f 8511 8512 8245
f 8512 8246 8245
f 8512 8513 8246
f 8513 8514 8246
f 8514 8247 8246
f 8514 8515 8247
f 8515 8249 8247
f 8249 8248 8247
f 8515 8516 8249
f 8516 8517 8249
f 8517 8518 8249
f 8518 8250 8249
f 8518 8519 8250
f 8519 8251 8250
f 8519 8520 8251
f 8520 8252 8251
f 8520 8521 8252
f 8521 8253 8252
f 8521 8255 8253
f 8255 8254 8253
f 8521 8522 8255
f 8522 8523 8255
f 8523 8524 8255
f 8524 8256 8255
f 8524 8525 8256
f 8525 8257 8256
f 8525 8526 8257
f 8526 8258 8257
f 8526 8527 8258
f 8527 8259 8258
f 8527 8528 8259
f 8528 8260 8259
f 8528 8529 8260
f 8529 8530 8260
f 8530 8261 8260
f 8530 8531 8261
f 8531 8262 8261
f 8531 8532 8262
f 8532 8263 8262
f 8532 8533 8263
f 8533 8264 8263
f 8533 8534 8264
f 8534 8265 8264
f 8534 8535 8265
f 8535 8267 8265
f 8267 8266 8265
f 8535 8536 8267
f 8536 8268 8267
f 8536 8537 8268
f 8537 8269 8268
f 8537 8538 8269
f 8538 8270 8269
f 8270 7996 8269
f 8538 8271 8270
f 8538 8537 8271
f 8537 8539 8271
f 8539 8540 8271
f 8540 8272 8271
f 8540 8541 8272
f 8541 8542 8272
f 8542 8458 8272
f 8280 8274 8273
f 8280 8275 8274
f 8280 8543 8275
f 8543 8544 8275
f 8544 8281 8275
f 8288 8545 8276
f 8545 8277 8276
f 8545 8546 8277
f 8546 8278 8277
f 8546 8547 8278
f 8547 8279 8278
f 8547 8548 8279
f 8548 8280 8279
f 8548 8549 8280
f 8549 8543 8280
f 8544 8550 8281
f 8550 8282 8281
f 8550 8551 8282
f 8551 8552 8282
f 8552 8553 8282
f 8553 8283 8282
f 8553 8554 8283
f 8554 8284 8283
f 8554 8555 8284
f 8555 8286 8284
f 8286 8285 8284
f 8555 8556 8286
f 8556 8557 8286
f 8557 8287 8286
f 8557 8558 8287
f 8558 8291 8287
f 8290 8559 8288
f 8559 8545 8288
f 8558 8298 8291
f 8298 8297 8291
f 8302 8560 8292
f 8560 8293 8292
f 8560 8561 8293
f 8561 8562 8293
f 8562 8294 8293
f 8562 8563 8294
f 8563 8564 8294
f 8564 8483 8294
f 8483 8295 8294
f 8483 8296 8295
f 8558 8565 8298
f 8565 8566 8298
f 8566 8567 8298
f 8567 8299 8298
f 8567 8568 8299
f 8568 8300 8299
f 8568 8569 8300
f 8569 8302 8300
f 8302 8301 8300
f 8569 8570 8302
f 8570 8560 8302
f 8571 8303 8304
f 8572 8571 8304
f 8305 8572 8304
f 8573 8572 8305
f 8306 8573 8305
f 8307 8573 8306
f 8308 8573 8307
f 8311 8312 8309
f 8310 8311 8309
f 8575 8574 8314
f 8315 8575 8314
f 8576 8575 8315
f 8577 8576 8315
f 8316 8577 8315
f 8318 8577 8316
f 8317 8318 8316
f 8578 8577 8318
f 8579 8578 8318
f 8319 8579 8318
f 8580 8579 8319
f 8321 8580 8319
f 8320 8321 8319
f 8323 8581 8322
f 8326 8581 8323
f 8324 8326 8323
f 8325 8326 8324
f 8328 8581 8326
f 8327 8328 8326
f 8329 8581 8328
f 8585 8586 8332
f 8586 8587 8332
f 8587 8588 8332
f 8588 8584 8332
f 8589 8339 8334
f 8335 8589 8334
f 8336 8589 8335
f 8590 8589 8336
f 8337 8590 8336
f 8591 8590 8337
f 8592 8591 8337
f 8340 8592 8337
f 8590 8593 8339
f 8589 8590 8339
f 8342 8592 8340
f 8341 8342 8340
f 8594 8592 8342
f 8595 8594 8342
f 8344 8595 8342
f 8343 8344 8342
f 8596 8595 8344
f 8597 8596 8344
f 8598 8597 8344
f 8345 8598 8344
f 8347 8598 8345
f 8346 8347 8345
f 8599 8598 8347
f 8600 8599 8347
f 8601 8600 8347
f 8602 8601 8347
f 8348 8602 8347
f 8603 8602 8348
f 8604 8603 8348
f 8349 8604 8348
f 8603 8604 8349
f 8605 8603 8349
f 8606 8605 8349
f 8090 8606 8349
f 8364 8607 8350
f 8607 8351 8350
f 8607 8608 8351
f 8608 8609 8351
f 8609 8610 8351
f 8610 8352 8351
f 8610 8464 8352
f 8464 8353 8352
f 8464 8463 8353
f 8463 8611 8353
f 8611 8354 8353
f 8611 8461 8354
f 8461 8355 8354
f 8461 8460 8355
f 8460 8612 8355
f 8612 8356 8355
f 8612 8613 8356
f 8613 8614 8356
f 8614 8615 8356
f 8615 8357 8356
f 8616 8617 8358
f 8617 8618 8358
f 8618 8619 8358
f 8619 8359 8358
f 8619 8620 8359
f 8620 8621 8359
f 8621 8360 8359
f 8621 8622 8360
f 8622 8623 8360
f 8623 8624 8360
f 8624 8361 8360
f 8624 8625 8361
f 8625 8362 8361
f 8625 8608 8362
f 8608 8607 8362
f 8607 8364 8362
f 8364 8363 8362
f 8626 8366 8365
f 8371 8626 8365
f 8627 8367 8366
f 8628 8627 8366
f 8629 8628 8366
f 8630 8629 8366
f 8626 8630 8366
f 8627 8631 8367
f 8631 8632 8367
f 8632 8633 8367
f 8633 8368 8367
f 8633 8634 8368
f 8634 8369 8368
f 8634 8635 8369
f 8635 8370 8369
f 8635 8617 8370
f 8630 8626 8371
f 8372 8630 8371
f 8373 8630 8372
f 8636 8630 8373
f 8637 8636 8373
f 8638 8637 8373
f 8374 8638 8373
f 8639 8638 8374
f 8375 8639 8374
f 8640 8639 8375
f 8376 8640 8375
f 8641 8640 8376
f 8377 8641 8376
f 8379 8641 8377
f 8378 8379 8377
f 8642 8641 8379
f 8643 8642 8379
f 8644 8643 8379
f 8645 8644 8379
f 8380 8645 8379
f 8646 8645 8380
f 8647 8646 8380
f 8381 8647 8380
f 8476 8648 8382
f 8648 8383 8382
f 8648 8649 8383
f 8649 8650 8383
f 8650 8385 8383
f 8385 8384 8383
f 8650 8651 8385
f 8652 8386 8385
f 8652 8387 8386
f 8652 8390 8387
f 8389 8653 8388
f 8390 8654 8389
f 8654 8653 8389
f 8652 8654 8390
f 8655 8656 8391
f 8656 8657 8391
f 8657 8658 8391
f 8658 8392 8391
f 8658 8659 8392
f 8659 8393 8392
f 8659 8660 8393
f 8660 8661 8393
f 8661 8394 8393
f 8661 8662 8394
f 8662 8395 8394
f 8662 8663 8395
f 8663 8396 8395
f 8663 8664 8396
f 8664 8397 8396
f 8664 8399 8397
f 8399 8398 8397
f 8664 8665 8399
f 8665 8666 8399
f 8666 8667 8399
f 8667 8400 8399
f 8667 8402 8400
f 8402 8401 8400
f 8667 8668 8402
f 8668 8439 8402
f 8670 8669 8403
f 8404 8670 8403
f 8671 8670 8404
f 8405 8671 8404
f 8672 8671 8405
f 8406 8672 8405
f 8673 8672 8406
f 8674 8673 8406
f 8407 8674 8406
f 8675 8674 8407
f 8409 8675 8407
f 8408 8409 8407
f 8676 8675 8409
f 8677 8676 8409
f 8410 8677 8409
f 8678 8677 8410
f 8411 8678 8410
f 8679 8678 8411
f 8412 8679 8411
f 8680 8679 8412
f 8681 8680 8412
f 8413 8681 8412
f 8682 8681 8413
f 8414 8682 8413
f 8417 8682 8414
f 8415 8417 8414
f 8683 8417 8416
f 8448 8683 8416
f 8684 8682 8417
f 8683 8684 8417
f 8685 8438 8418
f 8419 8685 8418
f 8686 8685 8419
f 8420 8686 8419
f 8687 8686 8420
f 8421 8687 8420
f 8688 8687 8421
f 8422 8688 8421
f 8689 8688 8422
f 8423 8689 8422
f 8690 8689 8423
f 8691 8690 8423
f 8424 8691 8423
f 8692 8691 8424
f 8425 8692 8424
f 8426 8692 8425
f 8693 8692 8426
f 8436 8693 8426
f 8427 8436 8426
f 8428 8436 8427
f 8456 8694 8429
f 8694 8430 8429
f 8694 8431 8430
f 8694 8695 8431
f 8695 8432 8431
f 8695 8696 8432
f 8696 8697 8432
f 8697 8433 8432
f 8697 8434 8433
f 8697 8698 8434
f 8698 8699 8434
f 8699 8435 8434
f 8699 8700 8435
f 8700 8436 8435
f 8700 8693 8436
f 8702 8701 8437
f 8438 8702 8437
f 8703 8702 8438
f 8704 8703 8438
f 8685 8704 8438
f 8668 8705 8439
f 8705 8706 8439
f 8706 8440 8439
f 8706 8707 8440
f 8707 8708 8440
f 8708 8709 8440
f 8709 8441 8440
f 8709 8710 8441
f 8710 8442 8441
f 8710 8711 8442
f 8711 8712 8442
f 8712 8443 8442
f 8712 8444 8443
f 8712 8713 8444
f 8713 8714 8444
f 8714 8445 8444
f 8714 8715 8445
f 8715 8716 8445
f 8716 8446 8445
f 8716 8447 8446
f 8717 8448 8447
f 8716 8717 8447
f 8718 8683 8448
f 8717 8718 8448
f 8180 8719 8449
f 8719 8720 8449
f 8720 8721 8449
f 8721 8722 8449
f 8722 8450 8449
f 8722 8453 8450
f 8453 8452 8450
f 8452 8451 8450
f 8722 8723 8453
f 8723 8724 8453
f 8724 8454 8453
f 8724 8455 8454
f 8724 8725 8455
f 8725 8726 8455
f 8726 8694 8455
f 8694 8456 8455
f 8542 8727 8458
f 8727 8459 8458
f 8727 8612 8459
f 8612 8460 8459
f 8611 8463 8461
f 8463 8462 8461
f 8610 8465 8464
f 8610 8609 8465
f 8609 8608 8465
f 8608 8466 8465
f 8608 8467 8466
f 8608 8625 8467
f 8625 8468 8467
f 8625 8728 8468
f 8728 8729 8468
f 8729 8469 8468
f 8729 8471 8469
f 8471 8470 8469
f 8729 8730 8471
f 8730 8472 8471
f 8730 8731 8472
f 8731 8732 8472
f 8732 8474 8472
f 8474 8473 8472
f 8732 8733 8474
f 8733 8475 8474
f 8733 8734 8475
f 8734 8735 8475
f 8735 8648 8475
f 8648 8476 8475
f 8502 8736 8477
f 8736 8737 8477
f 8737 8738 8477
f 8738 8478 8477
f 8738 8480 8478
f 8480 8479 8478
f 8738 8739 8480
f 8739 8740 8480
f 8740 8741 8480
f 8741 8742 8480
f 8742 8481 8480
f 8742 8503 8481
f 8503 8482 8481
f 8564 8743 8483
f 8743 8484 8483
f 8743 8744 8484
f 8744 8745 8484
f 8745 8485 8484
f 8745 8487 8485
f 8487 8486 8485
f 8745 8746 8487
f 8746 8747 8487
f 8747 8488 8487
f 8747 8748 8488
f 8748 8489 8488
f 8748 8749 8489
f 8749 8750 8489
f 8750 8751 8489
f 8751 8752 8489
f 8752 8490 8489
f 8752 8493 8490
f 8493 8492 8490
f 8492 8491 8490
f 8752 8751 8493
f 8751 8753 8493
f 8753 8494 8493
f 8753 8754 8494
f 8754 8755 8494
f 8755 8496 8494
f 8496 8495 8494
f 8755 8756 8496
f 8756 8498 8496
f 8498 8497 8496
f 8756 8757 8498
f 8757 8499 8498
f 8757 8758 8499
f 8758 8759 8499
f 8759 8500 8499
f 8759 8760 8500
f 8760 8502 8500
f 8502 8501 8500
f 8760 8761 8502
f 8761 8736 8502
f 8742 8762 8503
f 8762 8763 8503
f 8763 8764 8503
f 8764 8504 8503
f 8764 8765 8504
f 8765 8505 8504
f 8765 8766 8505
f 8766 8506 8505
f 8766 8767 8506
f 8767 8507 8506
f 8767 8508 8507
f 8767 8768 8508
f 8768 8769 8508
f 8769 8770 8508
f 8770 8509 8508
f 8770 8771 8509
f 8771 8510 8509
f 8771 8772 8510
f 8772 8511 8510
f 8772 8773 8511
f 8773 8512 8511
f 8773 8774 8512
f 8774 8513 8512
f 8774 8516 8513
f 8516 8515 8513
f 8515 8514 8513
f 8774 8775 8516
f 8775 8776 8516
f 8776 8517 8516
f 8776 8777 8517
f 8777 8518 8517
f 8777 8778 8518
f 8778 8519 8518
f 8778 8779 8519
f 8779 8520 8519
f 8779 8522 8520
f 8522 8521 8520
f 8779 8780 8522
f 8780 8781 8522
f 8781 8782 8522
f 8782 8523 8522
f 8782 8525 8523
f 8525 8524 8523
f 8782 8783 8525
f 8783 8784 8525
f 8784 8527 8525
f 8527 8526 8525
f 8784 8785 8527
f 8785 8786 8527
f 8786 8528 8527
f 8786 8787 8528
f 8787 8788 8528
f 8788 8529 8528
f 8788 8789 8529
f 8789 8530 8529
f 8789 8790 8530
f 8790 8531 8530
f 8790 8532 8531
f 8790 8791 8532
f 8791 8533 8532
f 8791 8792 8533
f 8792 8535 8533
f 8535 8534 8533
f 8792 8793 8535
f 8793 8794 8535
f 8794 8795 8535
f 8795 8536 8535
f 8795 8796 8536
f 8796 8537 8536
f 8796 8539 8537
f 8796 8797 8539
f 8797 8798 8539
f 8798 8799 8539
f 8799 8540 8539
f 8799 8800 8540
f 8800 8541 8540
f 8800 8542 8541
f 8800 8801 8542
f 8549 8802 8543
f 8802 8544 8543
f 8802 8803 8544
f 8803 8550 8544
f 8559 8546 8545
f 8559 8804 8546
f 8804 8805 8546
f 8805 8547 8546
f 8805 8548 8547
f 8805 8806 8548
f 8806 8549 8548
f 8806 8807 8549
f 8807 8808 8549
f 8808 8802 8549
f 8803 8551 8550
f 8803 8809 8551
f 8809 8810 8551
f 8810 8811 8551
f 8811 8553 8551
f 8553 8552 8551
f 8811 8812 8553
f 8812 8813 8553
f 8813 8814 8553
f 8814 8554 8553
f 8814 8555 8554
f 8814 8815 8555
f 8815 8556 8555
f 8815 8816 8556
f 8816 8557 8556
f 8816 8565 8557
f 8565 8558 8557
f 8570 8569 8560
f 8569 8817 8560
f 8817 8818 8560
f 8818 8561 8560
f 8818 8817 8561
f 8817 8819 8561
f 8819 8820 8561
f 8820 8821 8561
f 8821 8563 8561
f 8563 8562 8561
f 8821 8822 8563
f 8822 8823 8563
f 8823 8824 8563
f 8824 8564 8563
f 8824 8743 8564
f 8816 8825 8565
f 8825 8826 8565
f 8826 8827 8565
f 8827 8566 8565
f 8827 8828 8566
f 8828 8829 8566
f 8829 8567 8566
f 8829 8568 8567
f 8829 8569 8568
f 8829 8817 8569
f 8830 8303 8571
f 8831 8830 8571
f 8572 8831 8571
f 8573 8831 8572
f 8832 8574 8575
f 8833 8832 8575
f 8834 8833 8575
f 8578 8834 8575
f 8576 8578 8575
f 8577 8578 8576
f 8835 8834 8578
f 8836 8835 8578
f 8837 8836 8578
f 8579 8837 8578
f 8583 8838 8582
f 8838 8839 8582
f 8839 8840 8582
f 8840 8841 8582
f 8841 8842 8582
f 8842 8843 8582
f 8584 8588 8583
f 8588 8838 8583
f 8844 8845 8585
f 8845 8846 8585
f 8846 8847 8585
f 8847 8848 8585
f 8848 8586 8585
f 8848 8849 8586
f 8849 8587 8586
f 8849 8588 8587
f 8849 8850 8588
f 8850 8851 8588
f 8851 8852 8588
f 8852 8839 8588
f 8839 8838 8588
f 8853 8593 8590
f 8591 8853 8590
f 8854 8853 8591
f 8592 8854 8591
f 8855 8854 8592
f 8594 8855 8592
f 8595 8855 8594
f 8856 8855 8595
f 8596 8856 8595
f 8857 8856 8596
f 8597 8857 8596
f 8599 8857 8597
f 8598 8599 8597
f 8858 8857 8599
f 8859 8858 8599
f 8600 8859 8599
f 8860 8859 8600
f 8861 8860 8600
f 8601 8861 8600
f 8603 8861 8601
f 8602 8603 8601
f 8862 8861 8603
f 8863 8862 8603
f 8605 8863 8603
f 8864 8863 8605
f 8865 8864 8605
f 8866 8865 8605
f 8867 8866 8605
f 8868 8867 8605
f 8573 8830 8831
f 8735 8869 8648
f 8869 8649 8648
f 8650 8870 8651
f 8870 8871 8651
f 8871 8872 8651
f 8872 8652 8651
f 8652 8385 8651
f 8869 8873 8649
f 8873 8874 8649
f 8874 8650 8649
f 8833 8835 8832
f 8874 8870 8650
f 8834 8835 8833
f 8875 8646 8647
f 8876 8875 8647
f 8852 8877 8839
f 8877 8840 8839
f 8660 8882 8661
f 8882 8883 8661
f 8883 8884 8661
f 8884 8662 8661
f 8821 8885 8822
f 8885 8886 8822
f 8886 8887 8822
f 8887 8888 8822
f 8888 8889 8822
f 8889 8823 8822
f 8820 8819 8821
f 8819 8890 8821
f 8890 8886 8821
f 8886 8885 8821
f 8884 8891 8662
f 8891 8663 8662
f 8891 8665 8663
f 8665 8664 8663
f 8817 8892 8819
f 8892 8893 8819
f 8893 8894 8819
f 8894 8890 8819
f 8829 8828 8817
f 8828 8892 8817
f 8815 8895 8816
f 8895 8896 8816
f 8896 8825 8816
f 8891 8897 8665
f 8897 8705 8665
f 8705 8666 8665
f 8705 8668 8666
f 8668 8667 8666
f 8814 8895 8815
f 8813 8898 8814
f 8898 8896 8814
f 8896 8895 8814
f 8812 8899 8813
f 8899 8900 8813
f 8900 8901 8813
f 8901 8902 8813
f 8902 8898 8813
f 8811 8903 8812
f 8903 8899 8812
f 8810 8903 8811
f 8827 8904 8828
f 8904 8892 8828
f 8826 8905 8827
f 8905 8904 8827
f 8654 8906 8653
f 8906 8881 8653
f 8825 8907 8826
f 8907 8908 8826
f 8908 8905 8826
f 8909 8910 8655
f 8910 8911 8655
f 8911 8912 8655
f 8912 8656 8655
f 8912 8913 8656
f 8913 8657 8656
f 8913 8659 8657
f 8659 8658 8657
f 8896 8914 8825
f 8914 8915 8825
f 8915 8907 8825
f 8824 8823 8743
f 8823 8889 8743
f 8889 8744 8743
f 8913 8916 8659
f 8916 8917 8659
f 8917 8918 8659
f 8918 8882 8659
f 8882 8660 8659
f 8613 8919 8614
f 8919 8615 8614
f 8920 8855 8856
f 8921 8920 8856
f 8922 8921 8856
f 8858 8922 8856
f 8857 8858 8856
f 8635 8923 8617
f 8923 8924 8617
f 8924 8618 8617
f 8924 8925 8618
f 8925 8926 8618
f 8926 8620 8618
f 8620 8619 8618
f 8920 8854 8855
f 8927 8853 8854
f 8920 8927 8854
f 8926 8928 8620
f 8928 8929 8620
f 8929 8621 8620
f 8929 8930 8621
f 8930 8622 8621
f 8930 8730 8622
f 8730 8729 8622
f 8729 8623 8622
f 8729 8728 8623
f 8728 8624 8623
f 8728 8625 8624
f 8931 8932 8844
f 8932 8933 8844
f 8933 8845 8844
f 8934 8867 8868
f 8605 8606 8868
f 8936 8866 8867
f 8934 8936 8867
f 8937 8865 8866
f 8938 8937 8866
f 8939 8938 8866
f 8940 8939 8866
f 8941 8940 8866
f 8936 8941 8866
f 8942 8864 8865
f 8937 8942 8865
f 8862 8863 8864
f 8943 8862 8864
f 8944 8943 8864
f 8945 8944 8864
f 8942 8945 8864
f 8946 8861 8862
f 8943 8946 8862
f 8946 8860 8861
f 8947 8859 8860
f 8948 8947 8860
f 8946 8948 8860
f 8949 8858 8859
f 8950 8949 8859
f 8951 8950 8859
f 8947 8951 8859
f 8952 8953 8612
f 8953 8613 8612
f 8954 8922 8858
f 8949 8954 8858
f 8953 8919 8613
f 8629 8630 8636
f 8628 8629 8636
f 8955 8628 8636
f 8956 8955 8636
f 8957 8956 8636
f 8637 8957 8636
f 8958 8957 8637
f 8638 8958 8637
f 8959 8958 8638
f 8639 8959 8638
f 8642 8959 8639
f 8640 8642 8639
f 8847 8960 8848
f 8960 8961 8848
f 8961 8962 8848
f 8962 8850 8848
f 8850 8849 8848
f 8846 8963 8847
f 8963 8964 8847
f 8964 8960 8847
f 8641 8642 8640
f 8845 8965 8846
f 8965 8966 8846
f 8966 8963 8846
f 8933 8967 8845
f 8967 8968 8845
f 8968 8965 8845
f 8842 8969 8843
f 8969 8970 8843
f 8970 8971 8843
f 8971 8582 8843
f 8841 8972 8842
f 8972 8973 8842
f 8973 8974 8842
f 8974 8969 8842
f 8975 8959 8642
f 8976 8975 8642
f 8977 8976 8642
f 8643 8977 8642
f 8875 8977 8643
f 8644 8875 8643
f 8645 8875 8644
f 8646 8875 8645
f 8840 8877 8841
f 8877 8978 8841
f 8978 8972 8841
f 8851 8979 8852
f 8979 8980 8852
f 8980 8981 8852
f 8981 8978 8852
f 8978 8877 8852
f 8850 8962 8851
f 8962 8979 8851
f 8628 8982 8627
f 8982 8983 8627
f 8983 8984 8627
f 8984 8631 8627
f 8985 8982 8628
f 8986 8985 8628
f 8955 8986 8628
f 8984 8987 8631
f 8987 8988 8631
f 8988 8989 8631
f 8989 8990 8631
f 8990 8632 8631
f 8990 8991 8632
f 8991 8633 8632
f 8991 8992 8633
f 8992 8993 8633
f 8993 8634 8633
f 8993 8923 8634
f 8923 8635 8634
f 8711 8994 8712
f 8994 8995 8712
f 8995 8713 8712
f 8762 8996 8763
f 8996 8997 8763
f 8997 8998 8763
f 8998 8764 8763
f 8742 8741 8762
f 8741 8999 8762
f 8999 8996 8762
f 8761 9000 8736
f 9000 9001 8736
f 9001 8737 8736
f 8760 9002 8761
f 9002 9003 8761
f 9003 9004 8761
f 9004 9005 8761
f 9005 9000 8761
f 8995 8714 8713
f 8995 9006 8714
f 9006 9007 8714
f 9007 8715 8714
f 8759 9008 8760
f 9008 9002 8760
f 9007 9009 8715
f 9009 8716 8715
f 9009 9010 8716
f 9010 8717 8716
f 8758 9011 8759
f 9011 9008 8759
f 8757 9011 8758
f 8756 9012 8757
f 9012 9013 8757
f 9013 9011 8757
f 9014 8718 8717
f 9010 9014 8717
f 9015 8684 8683
f 8718 9015 8683
f 9016 9015 8718
f 9017 9016 8718
f 9014 9017 8718
f 8755 9018 8756
f 9018 9019 8756
f 9019 9012 8756
f 8180 9020 8719
f 9020 9021 8719
f 9021 8720 8719
f 9021 9022 8720
f 9022 9023 8720
f 9023 9024 8720
f 9024 8721 8720
f 9024 8723 8721
f 8723 8722 8721
f 8769 9025 8770
f 9025 9026 8770
f 9026 8771 8770
f 8692 8693 8700
f 9027 8692 8700
f 9028 9027 8700
f 9029 9028 8700
f 9030 9029 8700
f 9031 9030 8700
f 8699 9031 8700
f 8768 9032 8769
f 9032 9025 8769
f 8767 9033 8768
f 9033 9034 8768
f 9034 9035 8768
f 9035 9032 8768
f 9036 8701 8702
f 9037 9036 8702
f 8703 9037 8702
f 8766 9038 8767
f 9038 9033 8767
f 9039 9037 8703
f 8704 9039 8703
f 9040 9039 8704
f 9041 9040 8704
f 8687 9041 8704
f 8686 8687 8704
f 8685 8686 8704
f 8897 8707 8705
f 8707 8706 8705
f 8765 8998 8766
f 8998 9038 8766
f 8897 9042 8707
f 9042 9043 8707
f 9043 9044 8707
f 9044 8708 8707
f 9044 9045 8708
f 9045 8709 8708
f 9045 9046 8709
f 9046 8710 8709
f 8764 8998 8765
f 9046 9047 8710
f 9047 8711 8710
f 9047 8994 8711
f 8740 9048 8741
f 9048 9049 8741
f 9049 8999 8741
f 8739 9050 8740
f 9050 9051 8740
f 9051 9052 8740
f 9052 9048 8740
f 8738 8737 8739
f 8737 9001 8739
f 9001 9005 8739
f 9005 9050 8739
f 8734 9053 8735
f 9053 8869 8735
f 8733 9054 8734
f 9054 9055 8734
f 9055 9056 8734
f 9056 9053 8734
f 8732 8731 8733
f 8731 9054 8733
f 8730 8930 8731
f 8930 9057 8731
f 9057 9058 8731
f 9058 9054 8731
f 8754 9059 8755
f 9059 9018 8755
f 8753 8750 8754
f 8750 9060 8754
f 9060 9061 8754
f 9061 9059 8754
f 8751 8750 8753
f 9024 9062 8723
f 9062 8724 8723
f 9062 9063 8724
f 9063 8725 8724
f 8749 9064 8750
f 9064 9060 8750
f 8748 9065 8749
f 9065 9066 8749
f 9066 9067 8749
f 9067 9068 8749
f 9068 9064 8749
f 8747 9069 8748
f 9069 9065 8748
f 9063 9070 8725
f 9070 9071 8725
f 9071 9072 8725
f 9072 8726 8725
f 9072 8694 8726
f 9072 9073 8694
f 9073 8695 8694
f 8746 9074 8747
f 9074 9075 8747
f 9075 9069 8747
f 8745 8889 8746
f 8889 9074 8746
f 8744 8889 8745
f 8674 8675 8676
f 9076 8674 8676
f 9077 9076 8676
f 8677 9077 8676
f 9078 9077 8677
f 8678 9078 8677
f 9079 9078 8678
f 9080 9079 8678
f 8679 9080 8678
f 8800 9081 8801
f 9081 9082 8801
f 9082 9083 8801
f 9083 9084 8801
f 8680 9080 8679
f 8799 9081 8800
f 8681 9080 8680
f 8684 9080 8681
f 8682 8684 8681
f 8798 9085 8799
f 9085 9086 8799
f 9086 9082 8799
f 9082 9081 8799
f 8797 9087 8798
f 9087 9085 8798
f 8796 8794 8797
f 8794 9088 8797
f 9088 9087 8797
f 8795 8794 8796
f 8793 9089 8794
f 9089 9090 8794
f 9090 9088 8794
f 9015 9080 8684
f 8809 9091 8810
f 9091 9092 8810
f 9092 9093 8810
f 9093 9094 8810
f 9094 8903 8810
f 8803 9095 8809
f 9095 9096 8809
f 9096 9097 8809
f 9097 9098 8809
f 9098 9091 8809
f 9100 9099 8669
f 8670 9100 8669
f 8802 9101 8803
f 9101 8808 8803
f 8808 9096 8803
f 9096 9095 8803
f 8808 9101 8802
f 9102 9100 8670
f 8671 9102 8670
f 8807 9103 8808
f 9103 9096 8808
f 9104 9102 8671
f 8672 9104 8671
f 8805 8807 8806
f 9105 9104 8672
f 9106 9105 8672
f 9107 9106 8672
f 8673 9107 8672
f 9076 9107 8673
f 8674 9076 8673
f 8782 9108 8783
f 9108 9109 8783
f 9109 9110 8783
f 9110 8784 8783
f 8781 9111 8782
f 9111 9108 8782
f 8780 9112 8781
f 9112 9113 8781
f 9113 9111 8781
f 8779 9114 8780
f 9114 9115 8780
f 9115 9112 8780
f 8778 9116 8779
f 9116 9117 8779
f 9117 9114 8779
f 8777 9118 8778
f 9118 9119 8778
f 9119 9116 8778
f 8776 9120 8777
f 9120 9121 8777
f 9121 9118 8777
f 9073 9122 8695
f 9122 9123 8695
f 9123 8696 8695
f 8775 9124 8776
f 9124 9120 8776
f 9123 8697 8696
f 9123 9031 8697
f 9031 8698 8697
f 8774 9125 8775
f 9125 9126 8775
f 9126 9124 8775
f 8773 9127 8774
f 9127 9128 8774
f 9128 9125 8774
f 8772 9129 8773
f 9129 9130 8773
f 9130 9127 8773
f 8771 9131 8772
f 9131 9132 8772
f 9132 9129 8772
f 9031 8699 8698
f 9026 9133 8771
f 9133 9134 8771
f 9134 9131 8771
f 8792 8791 8793
f 8791 9135 8793
f 9135 9090 8793
f 9090 9089 8793
f 8790 9136 8791
f 9136 9137 8791
f 9137 9135 8791
f 9138 9041 8687
f 8688 9138 8687
f 8789 9136 8790
f 9139 9138 8688
f 8689 9139 8688
f 8788 9140 8789
f 9140 9141 8789
f 9141 9137 8789
f 9137 9136 8789
f 9142 9139 8689
f 9143 9142 8689
f 8690 9143 8689
f 8787 9144 8788
f 9144 9145 8788
f 9145 9140 8788
f 8786 9146 8787
f 9146 9147 8787
f 9147 9148 8787
f 9148 9144 8787
f 8691 9143 8690
f 9027 9143 8691
f 8692 9027 8691
f 8785 9149 8786
f 9149 9150 8786
f 9150 9146 8786
f 8784 9110 8785
f 9110 9151 8785
f 9151 9149 8785
f 9053 9152 8869
f 9152 9153 8869
f 9153 8873 8869
f 8874 9154 8870
f 9154 8871 8870
f 9154 8872 8871
f 9154 9155 8872
f 9155 9156 8872
f 9156 9157 8872
f 9157 8906 8872
f 8906 8654 8872
f 8654 8652 8872
f 9153 9158 8873
f 9158 9154 8873
f 9154 8874 8873
f 9159 8977 8875
f 9160 9159 8875
f 9161 9160 8875
f 8876 9161 8875
f 9162 9161 8876
f 9164 9163 8878
f 9165 9164 8878
f 8879 9165 8878
f 9166 9165 8879
f 9167 9166 8879
f 8880 9167 8879
f 9168 9167 8880
f 8881 9168 8880
f 8906 9169 8881
f 9169 9168 8881
f 8918 9170 8882
f 9170 9171 8882
f 9171 9172 8882
f 9172 8883 8882
f 9172 9173 8883
f 9173 8891 8883
f 8891 8884 8883
f 8890 8894 8886
f 8894 9174 8886
f 9174 9175 8886
f 9175 9176 8886
f 9176 8887 8886
f 9176 9177 8887
f 9177 9178 8887
f 9178 8888 8887
f 9178 9074 8888
f 9074 8889 8888
f 9173 9179 8891
f 9179 9042 8891
f 9042 8897 8891
f 8904 9180 8892
f 9180 8893 8892
f 9180 9181 8893
f 9181 9174 8893
f 9174 8894 8893
f 8898 8902 8896
f 8902 9182 8896
f 9182 9183 8896
f 9183 8914 8896
f 8903 9094 8899
f 9094 8900 8899
f 9094 9184 8900
f 9184 9185 8900
f 9185 9186 8900
f 9186 9183 8900
f 9183 8901 8900
f 9183 9182 8901
f 9182 8902 8901
f 8905 9187 8904
f 9187 9180 8904
f 8908 9188 8905
f 9188 9187 8905
f 9157 9169 8906
f 8915 8908 8907
f 8915 9189 8908
f 9189 9190 8908
f 9190 9187 8908
f 9187 9188 8908
f 9191 9192 8909
f 9192 9193 8909
f 9193 8910 8909
f 9193 9194 8910
f 9194 9195 8910
f 9195 9196 8910
f 9196 8911 8910
f 9196 9197 8911
f 9197 8912 8911
f 9197 8916 8912
f 8916 8913 8912
f 9183 8915 8914
f 9183 9198 8915
f 9198 9199 8915
f 9199 9190 8915
f 9190 9189 8915
f 9197 9200 8916
f 9200 9201 8916
f 9201 8917 8916
f 9201 9202 8917
f 9202 9170 8917
f 9170 8918 8917
f 8953 9203 8919
f 9203 9204 8919
f 9204 9205 8919
f 9206 8927 8920
f 8954 9206 8920
f 8921 8954 8920
f 8922 8954 8921
f 8993 8992 8923
f 8992 9207 8923
f 9207 9208 8923
f 9208 8925 8923
f 8925 8924 8923
f 9208 9209 8925
f 9209 9210 8925
f 9210 8928 8925
f 8928 8926 8925
f 9206 8853 8927
f 9210 9211 8928
f 9211 8929 8928
f 9211 9057 8929
f 9057 8930 8929
f 9212 9213 8931
f 9213 9214 8931
f 9214 9215 8931
f 9215 8932 8931
f 9215 8967 8932
f 8967 8933 8932
f 9216 8936 8934
f 9217 9216 8934
f 9218 9217 8935
f 9220 9219 8935
f 9205 9220 8935
f 9221 8941 8936
f 9222 9221 8936
f 9223 9222 8936
f 9216 9223 8936
f 9224 8942 8937
f 8938 9224 8937
f 9225 9224 8938
f 9226 9225 8938
f 9227 9226 8938
f 8939 9227 8938
f 9228 9227 8939
f 8940 9228 8939
f 9221 9229 8940
f 8941 9221 8940
f 9230 8945 8942
f 9224 9230 8942
f 8948 8946 8943
f 9231 8948 8943
f 9232 9231 8943
f 8944 9232 8943
f 9233 9232 8944
f 8945 9233 8944
f 9234 9233 8945
f 9230 9234 8945
f 9235 8951 8947
f 8948 9235 8947
f 9236 9235 8948
f 9232 9236 8948
f 9231 9232 8948
f 9237 8954 8949
f 8951 9237 8949
f 8950 8951 8949
f 9238 9237 8951
f 9239 9238 8951
f 9240 9239 8951
f 9235 9240 8951
f 8952 9203 8953
f 9237 9206 8954
f 9241 8986 8955
f 8956 9241 8955
f 9242 9241 8956
f 9243 9242 8956
f 8957 9243 8956
f 8958 9243 8957
f 8975 9243 8958
f 8959 8975 8958
f 8964 9244 8960
f 9244 9245 8960
f 9245 9246 8960
f 9246 9247 8960
f 9247 8961 8960
f 9247 8962 8961
f 9247 8980 8962
f 8980 8979 8962
f 8966 8964 8963
f 8966 9248 8964
f 9248 9244 8964
f 8968 9249 8965
f 9249 8966 8965
f 9249 9250 8966
f 9250 9251 8966
f 9251 9248 8966
f 9215 9252 8967
f 9252 8968 8967
f 9252 9249 8968
f 8974 9253 8969
f 9253 9254 8969
f 9254 8970 8969
f 9254 9255 8970
f 9255 8971 8970
f 8978 9256 8972
f 9256 9257 8972
f 9257 8973 8972
f 9257 9258 8973
f 9258 9259 8973
f 9259 8974 8973
f 9259 9253 8974
f 9260 9243 8975
f 9261 9260 8975
f 9262 9261 8975
f 8976 9262 8975
f 9159 9262 8976
f 8977 9159 8976
f 8981 9263 8978
f 9263 9264 8978
f 9264 9265 8978
f 9265 9266 8978
f 9266 9257 8978
f 9257 9256 8978
f 9247 9267 8980
f 9267 9268 8980
f 9268 9263 8980
f 9263 8981 8980
f 8985 9269 8982
f 9269 9270 8982
f 9270 9271 8982
f 9271 9272 8982
f 9272 8984 8982
f 8984 8983 8982
f 9272 9273 8984
f 9273 8987 8984
f 9274 9269 8985
f 9275 9274 8985
f 9276 9275 8985
f 9277 9276 8985
f 9278 9277 8985
f 9241 9278 8985
f 8986 9241 8985
f 9273 8988 8987
f 9273 9279 8988
f 9279 9280 8988
f 9280 9281 8988
f 9281 8989 8988
f 9281 9282 8989
f 9282 8990 8989
f 9282 9283 8990
f 9283 9207 8990
f 9207 8991 8990
f 9207 8992 8991
f 9047 9284 8994
f 9284 9285 8994
f 9285 8995 8994
f 9285 9006 8995
f 8999 9286 8996
f 9286 9287 8996
f 9287 9288 8996
f 9288 8997 8996
f 9288 9289 8997
f 9289 8998 8997
f 9289 9290 8998
f 9290 9038 8998
f 9049 9291 8999
f 9291 9292 8999
f 9292 9286 8999
f 9005 9001 9000
f 9008 9293 9002
f 9293 9294 9002
f 9294 9295 9002
f 9295 9003 9002
f 9295 9296 9003
f 9296 9297 9003
f 9297 9004 9003
f 9297 9298 9004
f 9298 9005 9004
f 9298 9051 9005
f 9051 9050 9005
f 9285 9299 9006
f 9299 9300 9006
f 9300 9007 9006
f 9300 9301 9007
f 9301 9009 9007
f 9011 9302 9008
f 9302 9303 9008
f 9303 9293 9008
f 9017 9010 9009
f 9301 9017 9009
f 9017 9014 9010
f 9013 9304 9011
f 9304 9302 9011
f 9019 9305 9012
f 9305 9013 9012
f 9305 9306 9013
f 9306 9304 9013
f 9079 9080 9015
f 9307 9079 9015
f 9308 9307 9015
f 9016 9308 9015
f 9309 9308 9016
f 9310 9309 9016
f 9017 9310 9016
f 9311 9310 9017
f 9312 9311 9017
f 9301 9312 9017
f 9059 9313 9018
f 9313 9314 9018
f 9314 9019 9018
f 9314 9315 9019
f 9315 9305 9019
f 8180 9316 9020
f 9316 9317 9020
f 9317 9318 9020
f 9318 9319 9020
f 9319 9021 9020
f 9319 9320 9021
f 9320 9321 9021
f 9321 9022 9021
f 9321 9322 9022
f 9322 9323 9022
f 9323 9023 9022
f 9323 9062 9023
f 9062 9024 9023
f 9032 9324 9025
f 9324 9133 9025
f 9133 9026 9025
f 9325 9143 9027
f 9028 9325 9027
f 9326 9325 9028
f 9327 9326 9028
f 9328 9327 9028
f 9329 9328 9028
f 9029 9329 9028
f 9030 9329 9029
f 9330 9329 9030
f 9331 9330 9030
f 9031 9331 9030
f 9123 9332 9031
f 9332 9331 9031
f 9035 9333 9032
f 9333 9334 9032
f 9334 9324 9032
f 9038 9290 9033
f 9290 9034 9033
f 9290 9335 9034
f 9335 9035 9034
f 9335 9336 9035
f 9336 9337 9035
f 9337 9333 9035
f 9338 8701 9036
f 9339 9338 9036
f 9340 9339 9036
f 9037 9340 9036
f 9341 9340 9037
f 9039 9341 9037
f 9342 9341 9039
f 9040 9342 9039
f 9343 9342 9040
f 9138 9343 9040
f 9041 9138 9040
f 9179 9344 9042
f 9344 9043 9042
f 9344 9345 9043
f 9345 9044 9043
f 9345 9045 9044
f 9345 9346 9045
f 9346 9046 9045
f 9346 9284 9046
f 9284 9047 9046
f 9052 9049 9048
f 9052 9347 9049
f 9347 9291 9049
f 9298 9348 9051
f 9348 9349 9051
f 9349 9052 9051
f 9349 9350 9052
f 9350 9351 9052
f 9351 9347 9052
f 9056 9352 9053
f 9352 9353 9053
f 9353 9152 9053
f 9058 9055 9054
f 9058 9354 9055
f 9354 9056 9055
f 9354 9355 9056
f 9355 9356 9056
f 9356 9357 9056
f 9357 9352 9056
f 9211 9358 9057
f 9358 9354 9057
f 9354 9058 9057
f 9061 9359 9059
f 9359 9313 9059
f 9064 9360 9060
f 9360 9061 9060
f 9360 9361 9061
f 9361 9362 9061
f 9362 9359 9061
f 9323 9063 9062
f 9323 9363 9063
f 9363 9070 9063
f 9068 9360 9064
f 9069 9364 9065
f 9364 9066 9065
f 9364 9365 9066
f 9365 9366 9066
f 9366 9067 9066
f 9366 9367 9067
f 9367 9068 9067
f 9367 9368 9068
f 9368 9361 9068
f 9361 9360 9068
f 9075 9369 9069
f 9369 9370 9069
f 9370 9371 9069
f 9371 9364 9069
f 9363 9372 9070
f 9372 9373 9070
f 9373 9374 9070
f 9374 9375 9070
f 9375 9071 9070
f 9375 9073 9071
f 9073 9072 9071
f 9375 9374 9073
f 9374 9332 9073
f 9332 9122 9073
f 9178 9376 9074
f 9376 9369 9074
f 9369 9075 9074
f 9377 9107 9076
f 9077 9377 9076
f 9307 9377 9077
f 9078 9307 9077
f 9079 9307 9078
f 9086 9083 9082
f 9086 9378 9083
f 9379 9380 9083
f 9380 9084 9083
f 9380 9381 9084
f 9087 9382 9085
f 9382 9378 9085
f 9378 9086 9085
f 9088 9383 9087
f 9383 9384 9087
f 9384 9382 9087
f 9090 9385 9088
f 9385 9383 9088
f 9135 9137 9090
f 9137 9386 9090
f 9386 9385 9090
f 9098 9092 9091
f 9098 9387 9092
f 9387 9388 9092
f 9388 9389 9092
f 9389 9093 9092
f 9389 9184 9093
f 9184 9094 9093
f 9103 9097 9096
f 9391 9390 9099
f 9100 9391 9099
f 9392 9391 9100
f 9102 9392 9100
f 9393 9392 9102
f 9104 9393 9102
f 9394 9393 9104
f 9105 9394 9104
f 9395 9394 9105
f 9396 9395 9105
f 9107 9396 9105
f 9106 9107 9105
f 9377 9396 9107
f 9111 9397 9108
f 9397 9398 9108
f 9398 9110 9108
f 9110 9109 9108
f 9398 9399 9110
f 9399 9151 9110
f 9113 9400 9111
f 9400 9401 9111
f 9401 9397 9111
f 9115 9113 9112
f 9115 9402 9113
f 9402 9403 9113
f 9403 9404 9113
f 9404 9405 9113
f 9405 9400 9113
f 9117 9406 9114
f 9406 9402 9114
f 9402 9115 9114
f 9119 9117 9116
f 9119 9407 9117
f 9407 9406 9117
f 9121 9119 9118
f 9121 9408 9119
f 9408 9407 9119
f 9124 9409 9120
f 9409 9121 9120
f 9409 9410 9121
f 9410 9408 9121
f 9332 9123 9122
f 9126 9411 9124
f 9411 9409 9124
f 9128 9412 9125
f 9412 9126 9125
f 9412 9413 9126
f 9413 9411 9126
f 9130 9414 9127
f 9414 9128 9127
f 9414 9415 9128
f 9415 9412 9128
f 9132 9416 9129
f 9416 9130 9129
f 9416 9417 9130
f 9417 9414 9130
f 9134 9418 9131
f 9418 9132 9131
f 9418 9419 9132
f 9419 9416 9132
f 9324 9334 9133
f 9334 9134 9133
f 9334 9420 9134
f 9420 9418 9134
f 9141 9421 9137
f 9421 9386 9137
f 9422 9343 9138
f 9139 9422 9138
f 9423 9422 9139
f 9325 9423 9139
f 9142 9325 9139
f 9145 9421 9140
f 9421 9141 9140
f 9143 9325 9142
f 9148 9145 9144
f 9148 9424 9145
f 9424 9425 9145
f 9425 9426 9145
f 9426 9421 9145
f 9150 9427 9146
f 9427 9428 9146
f 9428 9147 9146
f 9428 9424 9147
f 9424 9148 9147
f 9151 9150 9149
f 9151 9429 9150
f 9429 9430 9150
f 9430 9427 9150
f 9399 9431 9151
f 9431 9432 9151
f 9432 9433 9151
f 9433 9429 9151
f 9353 9434 9152
f 9434 9153 9152
f 9434 9435 9153
f 9435 9436 9153
f 9436 9158 9153
f 9158 9436 9154
f 9436 9155 9154
f 9436 9437 9155
f 9437 9156 9155
f 9437 9438 9156
f 9438 9439 9156
f 9439 9440 9156
f 9440 9157 9156
f 9440 9169 9157
f 9441 9262 9159
f 9442 9441 9159
f 9443 9442 9159
f 9160 9443 9159
f 9444 9443 9160
f 9161 9444 9160
f 9162 9444 9161
f 9445 9444 9162
f 9447 9446 9163
f 9448 9447 9163
f 9449 9448 9163
f 9164 9449 9163
f 9165 9450 9164
f 9450 9449 9164
f 9166 9451 9165
f 9451 9450 9165
f 9167 9168 9166
f 9168 9169 9166
f 9169 9440 9166
f 9440 9439 9166
f 9439 9451 9166
f 9202 9452 9170
f 9452 9453 9170
f 9453 9454 9170
f 9454 9171 9170
f 9454 9455 9171
f 9455 9172 9171
f 9455 9179 9172
f 9179 9173 9172
f 9181 9456 9174
f 9456 9175 9174
f 9456 9457 9175
f 9457 9176 9175
f 9457 9458 9176
f 9458 9459 9176
f 9459 9460 9176
f 9460 9461 9176
f 9461 9177 9176
f 9461 9376 9177
f 9376 9178 9177
f 9455 9462 9179
f 9462 9344 9179
f 9187 9463 9180
f 9463 9181 9180
f 9463 9464 9181
f 9464 9456 9181
f 9186 9465 9183
f 9465 9198 9183
f 9389 9466 9184
f 9466 9467 9184
f 9467 9185 9184
f 9467 9465 9185
f 9465 9186 9185
f 9190 9468 9187
f 9468 9463 9187
f 9199 9469 9190
f 9469 9470 9190
f 9470 9471 9190
f 9471 9463 9190
f 9463 9468 9190
f 9472 9473 9191
f 9473 9474 9191
f 9474 9192 9191
f 9474 9475 9192
f 9475 9476 9192
f 9476 9194 9192
f 9194 9193 9192
f 9476 9477 9194
f 9477 9478 9194
f 9478 9479 9194
f 9479 9195 9194
f 9479 9200 9195
f 9200 9196 9195
f 9200 9197 9196
f 9465 9480 9198
f 9480 9481 9198
f 9481 9482 9198
f 9482 9469 9199
f 9198 9482 9199
f 9479 9483 9200
f 9483 9201 9200
f 9483 9484 9201
f 9484 9485 9201
f 9485 9452 9201
f 9452 9202 9201
f 8952 9084 9203
f 9084 9381 9203
f 9381 9486 9203
f 9486 9204 9203
f 9486 9487 9204
f 9487 9220 9204
f 9220 9205 9204
f 9283 9488 9207
f 9488 9489 9207
f 9489 9209 9207
f 9209 9208 9207
f 9489 9490 9209
f 9490 9211 9209
f 9211 9210 9209
f 9490 9358 9211
f 9492 9491 9212
f 9491 9493 9212
f 9493 9213 9212
f 9493 9494 9213
f 9494 9215 9213
f 9215 9214 9213
f 9494 9495 9215
f 9495 9252 9215
f 9217 9218 9216
f 9218 9223 9216
f 9219 9496 9218
f 9496 9497 9218
f 9497 9498 9218
f 9498 9499 9218
f 9499 9223 9218
f 9500 9496 9219
f 9501 9500 9219
f 9220 9501 9219
f 9487 9501 9220
f 9502 9229 9221
f 9503 9502 9221
f 9499 9503 9221
f 9222 9499 9221
f 9223 9499 9222
f 9504 9230 9224
f 9225 9504 9224
f 9505 9504 9225
f 9506 9505 9225
f 9226 9506 9225
f 9507 9506 9226
f 9227 9507 9226
f 9508 9507 9227
f 9509 9508 9227
f 9228 9509 9227
f 9511 9234 9230
f 9504 9511 9230
f 9512 9236 9232
f 9513 9512 9232
f 9234 9513 9232
f 9233 9234 9232
f 9514 9513 9234
f 9511 9514 9234
f 9512 9240 9235
f 9236 9512 9235
f 9238 9515 9237
f 9239 9515 9238
f 9240 9515 9239
f 9516 9515 9240
f 9517 9516 9240
f 9512 9517 9240
f 9518 9278 9241
f 9519 9518 9241
f 9242 9519 9241
f 9260 9519 9242
f 9243 9260 9242
f 9248 9520 9244
f 9520 9521 9244
f 9521 9522 9244
f 9522 9245 9244
f 9522 9523 9245
f 9523 9246 9245
f 9523 9267 9246
f 9267 9247 9246
f 9251 9524 9248
f 9524 9520 9248
f 9252 9525 9249
f 9525 9526 9249
f 9526 9250 9249
f 9526 9251 9250
f 9526 9527 9251
f 9527 9524 9251
f 9495 9528 9252
f 9528 9525 9252
f 9259 9529 9253
f 9529 9530 9253
f 9530 9255 9253
f 9255 9254 9253
f 9530 9531 9255
f 9531 9532 9255
f 9532 8971 9255
f 9266 9533 9257
f 9533 9534 9257
f 9534 9258 9257
f 9534 9535 9258
f 9535 9536 9258
f 9536 9259 9258
f 9536 9529 9259
f 9537 9519 9260
f 9441 9537 9260
f 9261 9441 9260
f 9262 9441 9261
f 9268 9538 9263
f 9538 9539 9263
f 9539 9540 9263
f 9540 9541 9263
f 9541 9264 9263
f 9541 9542 9264
f 9542 9543 9264
f 9543 9265 9264
f 9543 9544 9265
f 9544 9545 9265
f 9545 9266 9265
f 9545 9533 9266
f 9523 9546 9267
f 9546 9547 9267
f 9547 9538 9267
f 9538 9268 9267
f 9274 9548 9269
f 9548 9549 9269
f 9549 9550 9269
f 9550 9270 9269
f 9550 9551 9270
f 9551 9552 9270
f 9552 9553 9270
f 9553 9271 9270
f 9553 9273 9271
f 9273 9272 9271
f 9553 9554 9273
f 9554 9555 9273
f 9555 9279 9273
f 9275 9548 9274
f 9556 9548 9275
f 9557 9556 9275
f 9558 9557 9275
f 9559 9558 9275
f 9276 9559 9275
f 9560 9559 9276
f 9277 9560 9276
f 9561 9560 9277
f 9562 9561 9277
f 9518 9562 9277
f 9278 9518 9277
f 9555 9563 9279
f 9563 9564 9279
f 9564 9565 9279
f 9565 9280 9279
f 9565 9566 9280
f 9566 9281 9280
f 9566 9567 9281
f 9567 9282 9281
f 9567 9488 9282
f 9488 9283 9282
f 9346 9568 9284
f 9568 9569 9284
f 9569 9570 9284
f 9570 9285 9284
f 9570 9571 9285
f 9571 9312 9285
f 9312 9299 9285
f 9292 9572 9286
f 9572 9573 9286
f 9573 9574 9286
f 9574 9287 9286
f 9574 9288 9287
f 9574 9575 9288
f 9575 9289 9288
f 9575 9290 9289
f 9575 9576 9290
f 9576 9577 9290
f 9577 9335 9290
f 9347 9578 9291
f 9578 9292 9291
f 9578 9579 9292
f 9579 9580 9292
f 9580 9572 9292
f 9303 9581 9293
f 9581 9294 9293
f 9581 9582 9294
f 9582 9295 9294
f 9582 9583 9295
f 9583 9584 9295
f 9584 9297 9295
f 9297 9296 9295
f 9584 9585 9297
f 9585 9348 9297
f 9348 9298 9297
f 9312 9300 9299
f 9312 9301 9300
f 9304 9586 9302
f 9586 9303 9302
f 9586 9581 9303
f 9306 9587 9304
f 9587 9586 9304
f 9315 9306 9305
f 9315 9588 9306
f 9588 9587 9306
f 9396 9377 9307
f 9589 9396 9307
f 9308 9589 9307
f 9590 9589 9308
f 9309 9590 9308
f 9591 9590 9309
f 9592 9591 9309
f 9593 9592 9309
f 9310 9593 9309
f 9594 9593 9310
f 9595 9594 9310
f 9596 9595 9310
f 9311 9596 9310
f 9597 9596 9311
f 9312 9597 9311
f 9598 9597 9312
f 9571 9598 9312
f 9359 9599 9313
f 9599 9314 9313
f 9599 9600 9314
f 9600 9601 9314
f 9601 9315 9314
f 9601 9588 9315
f 8180 9602 9316
f 9602 9603 9316
f 9603 9317 9316
f 9603 9604 9317
f 9604 9605 9317
f 9605 9606 9317
f 9606 9607 9317
f 9607 9318 9317
f 9607 9319 9318
f 9607 9608 9319
f 9608 9609 9319
f 9609 9320 9319
f 9609 9321 9320
f 9609 9610 9321
f 9610 9611 9321
f 9611 9612 9321
f 9612 9322 9321
f 9612 9363 9322
f 9363 9323 9322
f 9613 9423 9325
f 9326 9613 9325
f 9614 9613 9326
f 9615 9614 9326
f 9616 9615 9326
f 9617 9616 9326
f 9327 9617 9326
f 9618 9617 9327
f 9328 9618 9327
f 9619 9618 9328
f 9329 9619 9328
f 9620 9619 9329
f 9330 9620 9329
f 9331 9620 9330
f 9332 9621 9331
f 9621 9620 9331
f 9374 9622 9332
f 9622 9623 9332
f 9623 9621 9332
f 9337 9420 9333
f 9420 9334 9333
f 9577 9624 9335
f 9624 9625 9335
f 9625 9336 9335
f 9625 9626 9336
f 9626 9337 9336
f 9626 9627 9337
f 9627 9420 9337
f 9629 9628 9338
f 9630 9629 9338
f 9339 9630 9338
f 9631 9630 9339
f 9340 9631 9339
f 9632 9631 9340
f 9341 9632 9340
f 9633 9632 9341
f 9342 9633 9341
f 9634 9633 9342
f 9422 9634 9342
f 9343 9422 9342
f 9462 9635 9344
f 9635 9345 9344
f 9635 9568 9345
f 9568 9346 9345
f 9351 9636 9347
f 9636 9578 9347
f 9585 9637 9348
f 9637 9638 9348
f 9638 9639 9348
f 9639 9349 9348
f 9639 9350 9349
f 9639 9640 9350
f 9640 9351 9350
f 9640 9641 9351
f 9641 9642 9351
f 9642 9636 9351
f 9357 9643 9352
f 9643 9353 9352
f 9643 9644 9353
f 9644 9434 9353
f 9358 9645 9354
f 9645 9646 9354
f 9646 9355 9354
f 9646 9647 9355
f 9647 9648 9355
f 9648 9357 9355
f 9357 9356 9355
f 9648 9649 9357
f 9649 9650 9357
f 9650 9643 9357
f 9490 9489 9358
f 9489 9645 9358
f 9362 9651 9359
f 9651 9599 9359
f 9368 9652 9361
f 9652 9653 9361
f 9653 9362 9361
f 9653 9651 9362
f 9612 9654 9363
f 9654 9372 9363
f 9371 9655 9364
f 9655 9365 9364
f 9655 9656 9365
f 9656 9366 9365
f 9656 9367 9366
f 9656 9657 9367
f 9657 9658 9367
f 9658 9652 9367
f 9652 9368 9367
f 9376 9461 9369
f 9461 9659 9369
f 9659 9660 9369
f 9660 9370 9369
f 9660 9661 9370
f 9661 9371 9370
f 9661 9662 9371
f 9662 9655 9371
f 9654 9663 9372
f 9663 9623 9372
f 9623 9622 9372
f 9622 9373 9372
f 9622 9374 9373
f 9382 9664 9378
f 9664 9379 9378
f 9664 9665 9379
f 9665 9666 9379
f 9666 9380 9379
f 9666 9667 9380
f 9667 9668 9380
f 9668 9669 9380
f 9669 9381 9380
f 9384 9670 9382
f 9670 9671 9382
f 9671 9665 9382
f 9665 9664 9382
f 9385 9384 9383
f 9385 9672 9384
f 9672 9670 9384
f 9386 9673 9385
f 9673 9674 9385
f 9674 9672 9385
f 9421 9426 9386
f 9426 9673 9386
f 9098 9675 9387
f 9675 9676 9387
f 9676 9388 9387
f 9676 9677 9388
f 9677 9389 9388
f 9677 9466 9389
f 9679 9678 9390
f 9391 9679 9390
f 9680 9679 9391
f 9392 9680 9391
f 9681 9680 9392
f 9682 9681 9392
f 9393 9682 9392
f 9394 9682 9393
f 9683 9682 9394
f 9684 9683 9394
f 9590 9684 9394
f 9395 9590 9394
f 9589 9590 9395
f 9396 9589 9395
f 9401 9399 9397
f 9399 9398 9397
f 9401 9685 9399
f 9685 9431 9399
f 9405 9685 9400
f 9685 9401 9400
f 9406 9407 9402
f 9407 9686 9402
f 9686 9687 9402
f 9687 9688 9402
f 9688 9689 9402
f 9689 9403 9402
f 9689 9690 9403
f 9690 9405 9403
f 9405 9404 9403
f 9690 9691 9405
f 9691 9692 9405
f 9692 9693 9405
f 9693 9685 9405
f 9408 9694 9407
f 9694 9695 9407
f 9695 9686 9407
f 9410 9696 9408
f 9696 9697 9408
f 9697 9694 9408
f 9411 9698 9409
f 9698 9699 9409
f 9699 9410 9409
f 9699 9696 9410
f 9413 9700 9411
f 9700 9701 9411
f 9701 9698 9411
f 9415 9702 9412
f 9702 9413 9412
f 9702 9703 9413
f 9703 9700 9413
f 9417 9704 9414
f 9704 9415 9414
f 9704 9705 9415
f 9705 9702 9415
f 9419 9706 9416
f 9706 9417 9416
f 9706 9707 9417
f 9707 9704 9417
f 9420 9627 9418
f 9627 9419 9418
f 9627 9708 9419
f 9708 9709 9419
f 9709 9706 9419
f 9710 9634 9422
f 9613 9710 9422
f 9423 9613 9422
f 9428 9711 9424
f 9711 9712 9424
f 9712 9713 9424
f 9713 9425 9424
f 9713 9714 9425
f 9714 9426 9425
f 9714 9674 9426
f 9674 9673 9426
f 9430 9711 9427
f 9711 9428 9427
f 9433 9715 9429
f 9715 9430 9429
f 9715 9716 9430
f 9716 9711 9430
f 9685 9693 9431
f 9693 9717 9431
f 9717 9432 9431
f 9717 9718 9432
f 9718 9433 9432
f 9718 9719 9433
f 9719 9715 9433
f 9644 9720 9434
f 9720 9435 9434
f 9720 9436 9435
f 9720 9437 9436
f 9720 9438 9437
f 9438 9721 9439
f 9721 9722 9439
f 9722 9451 9439
f 9723 9537 9441
f 9724 9723 9441
f 9725 9724 9441
f 9726 9725 9441
f 9442 9726 9441
f 9727 9726 9442
f 9443 9727 9442
f 9445 9727 9443
f 9444 9445 9443
f 9728 9727 9445
f 9729 9728 9445
f 9447 9731 9446
f 9731 9730 9446
f 9448 9732 9447
f 9732 9733 9447
f 9733 9734 9447
f 9734 9731 9447
f 9449 9732 9448
f 9450 9735 9449
f 9735 9736 9449
f 9736 9732 9449
f 9451 9722 9450
f 9722 9735 9450
f 9485 9737 9452
f 9737 9738 9452
f 9738 9739 9452
f 9739 9740 9452
f 9740 9453 9452
f 9740 9741 9453
f 9741 9454 9453
f 9741 9462 9454
f 9462 9455 9454
f 9464 9742 9456
f 9742 9743 9456
f 9743 9458 9456
f 9458 9457 9456
f 9743 9744 9458
f 9744 9745 9458
f 9745 9459 9458
f 9745 9746 9459
f 9746 9747 9459
f 9747 9748 9459
f 9748 9460 9459
f 9748 9749 9460
f 9749 9461 9460
f 9749 9750 9461
f 9750 9659 9461
f 9741 9751 9462
f 9751 9635 9462
f 9471 9752 9463
f 9752 9464 9463
f 9752 9753 9464
f 9753 9742 9464
f 9467 9754 9465
f 9754 9480 9465
f 9677 9755 9466
f 9755 9756 9466
f 9756 9754 9466
f 9754 9467 9466
f 9482 9757 9469
f 9757 9471 9469
f 9471 9470 9469
f 9757 9758 9471
f 9758 9752 9471
f 9762 9763 9472
f 9763 9764 9472
f 9764 9473 9472
f 9764 9765 9473
f 9765 9766 9473
f 9766 9767 9473
f 9767 9768 9473
f 9768 9474 9473
f 9768 9767 9474
f 9767 9475 9474
f 9767 9769 9475
f 9769 9770 9475
f 9770 9771 9475
f 9771 9772 9475
f 9772 9477 9475
f 9477 9476 9475
f 9772 9773 9477
f 9773 9774 9477
f 9774 9483 9477
f 9483 9478 9477
f 9483 9479 9478
f 9754 9775 9480
f 9775 9776 9480
f 9776 9777 9480
f 9777 9481 9480
f 9777 9778 9481
f 9481 9778 9482
f 9778 9757 9482
f 9774 9779 9483
f 9779 9484 9483
f 9779 9780 9484
f 9780 9781 9484
f 9781 9737 9484
f 9737 9485 9484
f 9486 9782 9487
f 9782 9783 9487
f 9783 9501 9487
f 9567 9647 9488
f 9647 9646 9488
f 9646 9645 9488
f 9645 9489 9488
f 9492 9784 9491
f 9784 9493 9491
f 9784 9785 9493
f 9785 9786 9493
f 9786 9787 9493
f 9787 9495 9493
f 9495 9494 9493
f 9787 9788 9495
f 9788 9789 9495
f 9789 9528 9495
f 9500 9790 9496
f 9790 9791 9496
f 9791 9792 9496
f 9792 9793 9496
f 9793 9497 9496
f 9793 9794 9497
f 9794 9795 9497
f 9795 9499 9497
f 9499 9498 9497
f 9796 9503 9499
f 9795 9796 9499
f 9501 9797 9500
f 9797 9798 9500
f 9798 9790 9500
f 9783 9799 9501
f 9799 9800 9501
f 9800 9797 9501
f 9503 9510 9502
f 9801 9511 9504
f 9505 9801 9504
f 9802 9801 9505
f 9803 9802 9505
f 9804 9803 9505
f 9506 9804 9505
f 9805 9804 9506
f 9507 9805 9506
f 9806 9805 9507
f 9508 9806 9507
f 9807 9806 9508
f 9509 9807 9508
f 9503 9796 9510
f 9808 9514 9511
f 9809 9808 9511
f 9810 9809 9511
f 9811 9810 9511
f 9802 9811 9511
f 9801 9802 9511
f 9514 9517 9512
f 9513 9514 9512
f 9812 9517 9514
f 9808 9812 9514
f 9813 9237 9515
f 9812 9813 9515
f 9516 9812 9515
f 9517 9812 9516
f 9814 9562 9518
f 9519 9814 9518
f 9723 9814 9519
f 9537 9723 9519
f 9524 9815 9520
f 9815 9816 9520
f 9816 9521 9520
f 9816 9817 9521
f 9817 9522 9521
f 9817 9546 9522
f 9546 9523 9522
f 9527 9818 9524
f 9818 9819 9524
f 9819 9815 9524
f 9528 9820 9525
f 9820 9526 9525
f 9820 9821 9526
f 9821 9527 9526
f 9821 9822 9527
f 9822 9823 9527
f 9823 9818 9527
f 9789 9824 9528
f 9824 9820 9528
f 9536 9825 9529
f 9825 9826 9529
f 9826 9531 9529
f 9531 9530 9529
f 9826 9827 9531
f 9827 9828 9531
f 9828 9829 9531
f 9829 9532 9531
f 9829 8971 9532
f 9545 9534 9533
f 9545 9544 9534
f 9544 9830 9534
f 9830 9831 9534
f 9831 9832 9534
f 9832 9535 9534
f 9832 9833 9535
f 9833 9536 9535
f 9833 9834 9536
f 9834 9825 9536
f 9547 9835 9538
f 9835 9539 9538
f 9835 9836 9539
f 9836 9837 9539
f 9837 9838 9539
f 9838 9839 9539
f 9839 9541 9539
f 9541 9540 9539
f 9839 9840 9541
f 9840 9841 9541
f 9841 9542 9541
f 9841 9842 9542
f 9842 9843 9542
f 9843 9830 9542
f 9830 9544 9542
f 9544 9543 9542
f 9817 9844 9546
f 9844 9835 9546
f 9835 9547 9546
f 9556 9845 9548
f 9845 9846 9548
f 9846 9550 9548
f 9550 9549 9548
f 9846 9847 9550
f 9847 9848 9550
f 9848 9551 9550
f 9848 9849 9551
f 9849 9850 9551
f 9850 9851 9551
f 9851 9552 9551
f 9851 9555 9552
f 9555 9554 9552
f 9554 9553 9552
f 9851 9852 9555
f 9852 9563 9555
f 9557 9853 9556
f 9853 9854 9556
f 9854 9855 9556
f 9855 9845 9556
f 9856 9853 9557
f 9857 9856 9557
f 9558 9857 9557
f 9858 9857 9558
f 9560 9858 9558
f 9559 9560 9558
f 9859 9858 9560
f 9860 9859 9560
f 9561 9860 9560
f 9861 9860 9561
f 9814 9861 9561
f 9562 9814 9561
f 9852 9862 9563
f 9862 9863 9563
f 9863 9565 9563
f 9565 9564 9563
f 9863 9864 9565
f 9864 9865 9565
f 9865 9566 9565
f 9865 9647 9566
f 9647 9567 9566
f 9635 9866 9568
f 9866 9867 9568
f 9867 9868 9568
f 9868 9569 9568
f 9868 9869 9569
f 9869 9870 9569
f 9870 9570 9569
f 9870 9598 9570
f 9598 9571 9570
f 9580 9871 9572
f 9871 9573 9572
f 9871 9872 9573
f 9872 9574 9573
f 9872 9576 9574
f 9576 9575 9574
f 9872 9873 9576
f 9873 9874 9576
f 9874 9577 9576
f 9874 9875 9577
f 9875 9876 9577
f 9876 9624 9577
f 9636 9877 9578
f 9877 9878 9578
f 9878 9579 9578
f 9878 9879 9579
f 9879 9871 9579
f 9871 9580 9579
f 9586 9880 9581
f 9880 9881 9581
f 9881 9582 9581
f 9881 9882 9582
f 9882 9883 9582
f 9883 9583 9582
f 9883 9884 9583
f 9884 9584 9583
f 9884 9637 9584
f 9637 9585 9584
f 9587 9885 9586
f 9885 9880 9586
f 9588 9886 9587
f 9886 9885 9587
f 9601 9887 9588
f 9887 9886 9588
f 9888 9684 9590
f 9591 9888 9590
f 9592 9888 9591
f 9889 9888 9592
f 9890 9889 9592
f 9594 9890 9592
f 9593 9594 9592
f 9891 9890 9594
f 9892 9891 9594
f 9893 9892 9594
f 9595 9893 9594
f 9894 9893 9595
f 9596 9894 9595
f 9895 9894 9596
f 9597 9895 9596
f 9896 9895 9597
f 9598 9896 9597
f 9870 9897 9598
f 9897 9896 9598
f 9651 9600 9599
f 9651 9898 9600
f 9898 9601 9600
f 9898 9899 9601
f 9899 9887 9601
f 9900 9605 9604
f 9900 9901 9605
f 9901 9606 9605
f 9901 9902 9606
f 9902 9607 9606
f 9902 9608 9607
f 9902 9903 9608
f 9903 9609 9608
f 9903 9904 9609
f 9904 9610 9609
f 9904 9905 9610
f 9905 9906 9610
f 9906 9611 9610
f 9906 9654 9611
f 9654 9612 9611
f 9907 9710 9613
f 9908 9907 9613
f 9614 9908 9613
f 9909 9908 9614
f 9910 9909 9614
f 9615 9910 9614
f 9911 9910 9615
f 9616 9911 9615
f 9912 9911 9616
f 9617 9912 9616
f 9913 9912 9617
f 9618 9913 9617
f 9914 9913 9618
f 9619 9914 9618
f 9620 9915 9619
f 9915 9914 9619
f 9621 9623 9620
f 9623 9915 9620
f 9663 9916 9623
f 9916 9915 9623
f 9876 9917 9624
f 9917 9625 9624
f 9917 9918 9625
f 9918 9626 9625
f 9918 9708 9626
f 9708 9627 9626
f 9920 9919 9628
f 9921 9920 9628
f 9630 9921 9628
f 9629 9630 9628
f 9922 9921 9630
f 9631 9922 9630
f 9923 9922 9631
f 9632 9923 9631
f 9924 9923 9632
f 9633 9924 9632
f 9925 9924 9633
f 9926 9925 9633
f 9634 9926 9633
f 9907 9926 9634
f 9710 9907 9634
f 9751 9866 9635
f 9642 9927 9636
f 9927 9928 9636
f 9928 9877 9636
f 9884 9929 9637
f 9929 9930 9637
f 9930 9638 9637
f 9930 9931 9638
f 9931 9639 9638
f 9931 9932 9639
f 9932 9640 9639
f 9932 9933 9640
f 9933 9641 9640
f 9933 9934 9641
f 9934 9642 9641
f 9934 9935 9642
f 9935 9936 9642
f 9936 9937 9642
f 9937 9927 9642
f 9650 9938 9643
f 9938 9644 9643
f 9938 9939 9644
f 9939 9720 9644
f 9865 9940 9647
f 9940 9941 9647
f 9941 9649 9647
f 9649 9648 9647
f 9941 9942 9649
f 9942 9943 9649
f 9943 9944 9649
f 9944 9650 9649
f 9944 9945 9650
f 9945 9946 9650
f 9946 9938 9650
f 9653 9947 9651
f 9947 9948 9651
f 9948 9898 9651
f 9658 9949 9652
f 9949 9653 9652
f 9949 9950 9653
f 9950 9951 9653
f 9951 9947 9653
f 9906 9952 9654
f 9952 9663 9654
f 9662 9953 9655
f 9953 9954 9655
f 9954 9656 9655
f 9954 9657 9656
f 9954 9955 9657
f 9955 9956 9657
f 9956 9949 9657
f 9949 9658 9657
f 9750 9957 9659
f 9957 9660 9659
f 9957 9958 9660
f 9958 9959 9660
f 9959 9661 9660
f 9959 9662 9661
f 9959 9960 9662
f 9960 9961 9662
f 9961 9953 9662
f 9952 9962 9663
f 9962 9916 9663
f 9671 9963 9665
f 9963 9964 9665
f 9964 9965 9665
f 9965 9666 9665
f 9965 9966 9666
f 9966 9667 9666
f 9966 9967 9667
f 9967 9668 9667
f 9967 9968 9668
f 9968 9782 9668
f 9782 9486 9668
f 9486 9669 9668
f 9672 9969 9670
f 9969 9970 9670
f 9970 9963 9670
f 9963 9671 9670
f 9674 9971 9672
f 9971 9969 9672
f 9714 9972 9674
f 9972 9971 9674
f 9974 9973 9675
f 9973 9676 9675
f 9973 9755 9676
f 9755 9677 9676
f 9976 9975 9678
f 9679 9976 9678
f 9977 9976 9679
f 9978 9977 9679
f 9680 9978 9679
f 9979 9978 9680
f 9681 9979 9680
f 9682 9979 9681
f 9980 9979 9682
f 9683 9980 9682
f 9981 9980 9683
f 9889 9981 9683
f 9888 9889 9683
f 9684 9888 9683
f 9695 9687 9686
f 9695 9982 9687
f 9982 9983 9687
f 9983 9984 9687
f 9984 9689 9687
f 9689 9688 9687
f 9984 9985 9689
f 9985 9986 9689
f 9986 9987 9689
f 9987 9691 9689
f 9691 9690 9689
f 9987 9988 9691
f 9988 9989 9691
f 9989 9692 9691
f 9989 9990 9692
f 9990 9693 9692
f 9990 9991 9693
f 9991 9718 9693
f 9718 9717 9693
f 9697 9695 9694
f 9697 9992 9695
f 9992 9993 9695
f 9993 9982 9695
f 9699 9994 9696
f 9994 9697 9696
f 9994 9995 9697
f 9995 9992 9697
f 9701 9699 9698
f 9701 9996 9699
f 9996 9994 9699
f 9703 9997 9700
f 9997 9701 9700
f 9997 9998 9701
f 9998 9996 9701
f 9705 9999 9702
f 9999 9703 9702
f 9999 9997 9703
f 9707 10000 9704
f 10000 9705 9704
f 10000 10001 9705
f 10001 9999 9705
f 9709 10002 9706
f 10002 9707 9706
f 10002 10003 9707
f 10003 10000 9707
f 9918 10004 9708
f 10004 10005 9708
f 10005 9709 9708
f 10005 10006 9709
f 10006 10002 9709
f 9716 10007 9711
f 10007 9712 9711
f 10007 10008 9712
f 10008 9713 9712
f 10008 9972 9713
f 9972 9714 9713
f 9719 10009 9715
f 10009 10007 9715
f 10007 9716 9715
f 9991 10010 9718
f 10010 10011 9718
f 10011 10012 9718
f 10012 9719 9718
f 10012 10013 9719
f 10013 10009 9719
f 9438 9720 9721
f 9720 9939 9721
f 9939 9946 9721
f 9946 9722 9721
f 9946 10014 9722
f 10014 9736 9722
f 9736 9735 9722
f 9861 9814 9723
f 10015 9861 9723
f 10016 10015 9723
f 10017 10016 9723
f 9724 10017 9723
f 9728 10017 9724
f 9725 9728 9724
f 9726 9728 9725
f 9727 9728 9726
f 10018 10017 9728
f 10019 10018 9728
f 10020 10019 9728
f 9729 10020 9728
f 10021 10020 9729
f 9731 10023 9730
f 10023 10022 9730
f 9734 10023 9731
f 9736 10024 9732
f 10024 10025 9732
f 10025 9733 9732
f 10025 10026 9733
f 10026 10027 9733
f 10027 9734 9733
f 10027 10028 9734
f 10028 10023 9734
f 10014 10029 9736
f 10029 10030 9736
f 10030 10031 9736
f 10031 10024 9736
f 9781 10032 9737
f 10032 9738 9737
f 10032 10033 9738
f 10033 10034 9738
f 10034 10035 9738
f 10035 10036 9738
f 10036 9740 9738
f 9740 9739 9738
f 10036 10037 9740
f 10037 9751 9740
f 9751 9741 9740
f 9753 10038 9742
f 10038 9744 9742
f 9744 9743 9742
f 10038 10039 9744
f 10039 9745 9744
f 10039 9746 9745
f 10039 10040 9746
f 10040 10041 9746
f 10041 10042 9746
f 10042 9747 9746
f 10042 9749 9747
f 9749 9748 9747
f 10042 10043 9749
f 10043 9750 9749
f 10043 10044 9750
f 10044 9957 9750
f 10037 10045 9751
f 10045 9866 9751
f 9758 10046 9752
f 10046 9753 9752
f 10046 10047 9753
f 10047 10038 9753
f 9756 10048 9754
f 10048 9775 9754
f 9973 10049 9755
f 10049 10050 9755
f 10050 10048 9755
f 10048 9756 9755
f 9778 9777 9757
f 9777 10051 9757
f 10051 9758 9757
f 10051 10052 9758
f 10052 10046 9758
f 10056 9760 9759
f 10057 10056 9759
f 10053 10057 9759
f 10058 9761 9760
f 10059 10058 9760
f 10060 10059 9760
f 10056 10060 9760
f 10058 10061 9761
f 10061 10062 9761
f 10062 10063 9761
f 10063 9763 9761
f 9763 9762 9761
f 10063 10064 9763
f 10064 9764 9763
f 10064 10065 9764
f 10065 9765 9764
f 10065 10066 9765
f 10066 9766 9765
f 10066 10067 9766
f 10067 9769 9766
f 9769 9767 9766
f 10067 10068 9769
f 10068 10069 9769
f 10069 10070 9769
f 10070 9770 9769
f 10070 10071 9770
f 10071 9771 9770
f 10071 10072 9771
f 10072 9773 9771
f 9773 9772 9771
f 10072 9779 9773
f 9779 9774 9773
f 10048 10073 9775
f 10073 10074 9775
f 10074 10075 9775
f 10075 9776 9775
f 10075 10076 9776
f 9776 10076 9777
f 10076 10051 9777
f 10072 10077 9779
f 10077 9780 9779
f 10077 10078 9780
f 10078 10079 9780
f 10079 10032 9780
f 10032 9781 9780
f 9968 9799 9782
f 9799 9783 9782
f 9492 10080 9784
f 10080 9785 9784
f 10080 9786 9785
f 10080 10081 9786
f 10081 10082 9786
f 10082 9788 9786
f 9788 9787 9786
f 10082 10083 9788
f 10083 9789 9788
f 10083 10084 9789
f 10084 9824 9789
f 9798 10085 9790
f 10085 10086 9790
f 10086 10087 9790
f 10087 9791 9790
f 10087 10088 9791
f 10088 10089 9791
f 10089 9792 9791
f 10089 10090 9792
f 9796 9795 9794
f 10091 9796 9794
f 10092 10091 9794
f 10091 10093 9796
f 9800 10094 9797
f 10094 9798 9797
f 10094 10095 9798
f 10095 10085 9798
f 9968 10096 9799
f 10096 9800 9799
f 10096 10097 9800
f 10097 10094 9800
f 10098 9811 9802
f 10099 10098 9802
f 10100 10099 9802
f 9803 10100 9802
f 10101 10100 9803
f 9804 10101 9803
f 10102 10101 9804
f 10103 10102 9804
f 9805 10103 9804
f 10104 10103 9805
f 9806 10104 9805
f 10105 9812 9808
f 10106 10105 9808
f 10107 10106 9808
f 9809 10107 9808
f 9810 10107 9809
f 10108 10107 9810
f 9811 10108 9810
f 10109 10108 9811
f 10110 10109 9811
f 10099 10110 9811
f 10098 10099 9811
f 10111 9813 9812
f 10105 10111 9812
f 9819 10112 9815
f 10112 9816 9815
f 10112 10113 9816
f 10113 9817 9816
f 10113 10010 9817
f 10010 9844 9817
f 9823 10013 9818
f 10013 9819 9818
f 10013 10012 9819
f 10012 10112 9819
f 9824 10114 9820
f 10114 9821 9820
f 10114 10115 9821
f 10115 10116 9821
f 10116 9822 9821
f 10116 10007 9822
f 10007 9823 9822
f 10007 10009 9823
f 10009 10013 9823
f 10084 10114 9824
f 9834 10117 9825
f 10117 10118 9825
f 10118 10119 9825
f 10119 9826 9825
f 10119 9827 9826
f 10119 10120 9827
f 10120 10121 9827
f 10121 10122 9827
f 10122 10123 9827
f 10123 9828 9827
f 10123 9829 9828
f 10123 10124 9829
f 10124 10125 9829
f 9843 10126 9830
f 10126 9831 9830
f 10126 10127 9831
f 10127 9832 9831
f 10127 10128 9832
f 10128 9833 9832
f 10128 10129 9833
f 10129 9834 9833
f 10129 10130 9834
f 10130 10117 9834
f 9844 10010 9835
f 10010 9991 9835
f 9991 9836 9835
f 9991 9990 9836
f 9990 9989 9836
f 9989 9837 9836
f 9989 9988 9837
f 9988 9838 9837
f 9988 9987 9838
f 9987 10131 9838
f 10131 9840 9838
f 9840 9839 9838
f 10131 9986 9840
f 9986 9841 9840
f 9986 9985 9841
f 9985 9842 9841
f 9985 10132 9842
f 10132 10126 9842
f 10126 9843 9842
f 9855 10133 9845
f 10133 10134 9845
f 10134 9848 9845
f 9848 9847 9845
f 9847 9846 9845
f 10134 10135 9848
f 10135 9849 9848
f 10135 10136 9849
f 10136 10137 9849
f 10137 10138 9849
f 10138 9852 9849
f 9852 9850 9849
f 9852 9851 9850
f 10138 10139 9852
f 10139 10140 9852
f 10140 10141 9852
f 10141 9862 9852
f 9856 10142 9853
f 10142 10143 9853
f 10143 10144 9853
f 10144 9854 9853
f 10144 10133 9854
f 10133 9855 9854
f 10145 10142 9856
f 10146 10145 9856
f 10147 10146 9856
f 9857 10147 9856
f 10148 10147 9857
f 10149 10148 9857
f 9859 10149 9857
f 9858 9859 9857
f 10150 10149 9859
f 9860 10150 9859
f 10151 10150 9860
f 10015 10151 9860
f 9861 10015 9860
f 10141 10152 9862
f 10152 9863 9862
f 10152 10153 9863
f 10153 9864 9863
f 10153 9940 9864
f 9940 9865 9864
f 10045 10154 9866
f 10154 9867 9866
f 10154 10155 9867
f 10155 9868 9867
f 10155 10156 9868
f 10156 9897 9868
f 9897 9869 9868
f 9897 9870 9869
f 9879 10157 9871
f 10157 9873 9871
f 9873 9872 9871
f 10157 10158 9873
f 10158 9874 9873
f 10158 10159 9874
f 10159 10160 9874
f 10160 10161 9874
f 10161 9875 9874
f 10161 10162 9875
f 10162 9876 9875
f 10162 10163 9876
f 10163 9917 9876
f 9928 10164 9877
f 10164 9878 9877
f 10164 10165 9878
f 10165 10157 9878
f 10157 9879 9878
f 9885 10166 9880
f 10166 9881 9880
f 10166 10167 9881
f 10167 10168 9881
f 10168 10169 9881
f 10169 9882 9881
f 10169 10170 9882
f 10170 9883 9882
f 10170 9929 9883
f 9929 9884 9883
f 9886 10171 9885
f 10171 10172 9885
f 10172 10166 9885
f 9887 10173 9886
f 10173 10174 9886
f 10174 10171 9886
f 9899 10175 9887
f 10175 10176 9887
f 10176 10173 9887
f 9891 9981 9889
f 9890 9891 9889
f 10177 9981 9891
f 10178 10177 9891
f 10179 10178 9891
f 9892 10179 9891
f 10180 10179 9892
f 9893 10180 9892
f 10181 10180 9893
f 9894 10181 9893
f 10182 10181 9894
f 10183 10182 9894
f 9895 10183 9894
f 10184 10183 9895
f 9896 10184 9895
f 9897 10184 9896
f 10156 10185 9897
f 10185 10186 9897
f 10186 10184 9897
f 9948 10187 9898
f 10187 10188 9898
f 10188 9899 9898
f 10188 10189 9899
f 10189 10190 9899
f 10190 10175 9899
f 9900 10191 9901
f 10191 10192 9901
f 10192 10193 9901
f 10193 9902 9901
f 10193 9903 9902
f 10193 10194 9903
f 10194 9904 9903
f 10194 10195 9904
f 10195 10196 9904
f 10196 10197 9904
f 10197 9905 9904
f 10197 9952 9905
f 9952 9906 9905
f 9925 9926 9907
f 10198 9925 9907
f 9909 10198 9907
f 9908 9909 9907
f 10199 10198 9909
f 10200 10199 9909
f 10201 10200 9909
f 9910 10201 9909
f 10202 10201 9910
f 9911 10202 9910
f 10203 10202 9911
f 10204 10203 9911
f 9912 10204 9911
f 10205 10204 9912
f 9913 10205 9912
f 9914 10205 9913
f 9915 9916 9914
f 9916 10205 9914
f 9962 10206 9916
f 10206 10205 9916
f 10163 10004 9917
f 10004 9918 9917
f 10208 10207 9919
f 9920 10208 9919
f 10209 10208 9920
f 10210 10209 9920
f 9922 10210 9920
f 9921 9922 9920
f 10211 10210 9922
f 10212 10211 9922
f 9923 10212 9922
f 10213 10212 9923
f 9924 10213 9923
f 10199 10213 9924
f 9925 10199 9924
f 10198 10199 9925
f 9937 10214 9927
f 10214 9928 9927
f 10214 10215 9928
f 10215 10164 9928
f 10170 10216 9929
f 10216 10217 9929
f 10217 9930 9929
f 10217 9931 9930
f 10217 10218 9931
f 10218 9932 9931
f 10218 10219 9932
f 10219 10220 9932
f 10220 9933 9932
f 10220 9934 9933
f 10220 10221 9934
f 10221 9935 9934
f 10221 10222 9935
f 10222 10223 9935
f 10223 10224 9935
f 10224 9936 9935
f 10224 10225 9936
f 10225 10214 9936
f 10214 9937 9936
f 9946 9939 9938
f 10153 9942 9940
f 9942 9941 9940
f 10153 10226 9942
f 10226 9944 9942
f 9944 9943 9942
f 10226 10227 9944
f 10227 9945 9944
f 10227 10228 9945
f 10228 10229 9945
f 10229 10230 9945
f 10230 9946 9945
f 10230 10014 9946
f 9951 10231 9947
f 10231 9948 9947
f 10231 10232 9948
f 10232 10187 9948
f 9956 10233 9949
f 10233 9950 9949
f 10233 10234 9950
f 10234 10235 9950
f 10235 9951 9950
f 10235 10236 9951
f 10236 10231 9951
f 10197 9962 9952
f 9961 9954 9953
f 9961 10237 9954
f 10237 9955 9954
f 10237 10238 9955
f 10238 10233 9955
f 10233 9956 9955
f 10044 10239 9957
f 10239 9958 9957
f 10239 9959 9958
f 10239 10240 9959
f 10240 9960 9959
f 10240 10241 9960
f 10241 10242 9960
f 10242 9961 9960
f 10242 10237 9961
f 10197 10243 9962
f 10243 10206 9962
f 9970 10244 9963
f 10244 10245 9963
f 10245 9965 9963
f 9965 9964 9963
f 10245 10246 9965
f 10246 10247 9965
f 10247 10248 9965
f 10248 9966 9965
f 10248 10249 9966
f 10249 9967 9966
f 10249 10096 9967
f 10096 9968 9967
f 9971 10250 9969
f 10250 10251 9969
f 10251 10244 9969
f 10244 9970 9969
f 9972 10252 9971
f 10252 10253 9971
f 10253 10250 9971
f 10008 10116 9972
f 10116 10254 9972
f 10254 10255 9972
f 10255 10252 9972
f 9974 10256 9973
f 10256 10257 9973
f 10257 10050 9973
f 10050 10049 9973
f 10259 10258 9975
f 9976 10259 9975
f 10260 10259 9976
f 10261 10260 9976
f 9977 10261 9976
f 10262 10261 9977
f 9978 10262 9977
f 10177 10262 9978
f 9979 10177 9978
f 9980 10177 9979
f 9981 10177 9980
f 9993 10263 9982
f 10263 10132 9982
f 10132 9983 9982
f 10132 9985 9983
f 9985 9984 9983
f 10131 9987 9986
f 9995 10264 9992
f 10264 9993 9992
f 10264 10265 9993
f 10265 10127 9993
f 10127 10263 9993
f 9996 10266 9994
f 10266 9995 9994
f 10266 10264 9995
f 9998 10267 9996
f 10267 10266 9996
f 9999 10268 9997
f 10268 10269 9997
f 10269 9998 9997
f 10269 10270 9998
f 10270 10267 9998
f 10001 10271 9999
f 10271 10268 9999
f 10003 10001 10000
f 10003 10272 10001
f 10272 10271 10001
f 10006 10273 10002
f 10273 10003 10002
f 10273 10272 10003
f 10163 10274 10004
f 10274 10275 10004
f 10275 10005 10004
f 10275 10276 10005
f 10276 10006 10005
f 10276 10277 10006
f 10277 10273 10006
f 10116 10008 10007
f 10113 10012 10010
f 10012 10011 10010
f 10113 10112 10012
f 10230 10278 10014
f 10278 10029 10014
f 10279 10151 10015
f 10016 10279 10015
f 10018 10279 10016
f 10017 10018 10016
f 10280 10279 10018
f 10281 10280 10018
f 10019 10281 10018
f 10282 10281 10019
f 10020 10282 10019
f 10283 10282 10020
f 10021 10283 10020
f 10023 10285 10022
f 10285 10284 10022
f 10028 10286 10023
f 10286 10287 10023
f 10287 10285 10023
f 10031 10025 10024
f 10031 10288 10025
f 10288 10026 10025
f 10288 10289 10026
f 10289 10290 10026
f 10290 10291 10026
f 10291 10028 10026
f 10028 10027 10026
f 10278 10292 10029
f 10292 10030 10029
f 10292 10289 10030
f 10289 10288 10031
f 10030 10289 10031
f 10079 10293 10032
f 10293 10033 10032
f 10293 10294 10033
f 10294 10295 10033
f 10295 10296 10033
f 10296 10034 10033
f 10296 10297 10034
f 10297 10035 10034
f 10297 10154 10035
f 10154 10045 10035
f 10045 10037 10035
f 10037 10036 10035
f 10047 10298 10038
f 10298 10039 10038
f 10298 10299 10039
f 10299 10300 10039
f 10300 10040 10039
f 10300 10301 10040
f 10301 10302 10040
f 10302 10303 10040
f 10303 10041 10040
f 10303 10043 10041
f 10043 10042 10041
f 10303 10304 10043
f 10304 10305 10043
f 10305 10044 10043
f 10305 10306 10044
f 10306 10307 10044
f 10307 10239 10044
f 10052 10308 10046
f 10308 10047 10046
f 10308 10309 10047
f 10309 10310 10047
f 10310 10298 10047
f 10050 10311 10048
f 10311 10312 10048
f 10312 10073 10048
f 10257 10311 10050
f 10076 10075 10051
f 10075 10313 10051
f 10313 10052 10051
f 10313 10314 10052
f 10314 10315 10052
f 10315 10308 10052
f 10316 10057 10053
f 10317 10316 10053
f 10054 10317 10053
f 10318 10317 10054
f 10319 10318 10054
f 10055 10319 10054
f 10320 10319 10055
f 10321 10060 10056
f 10057 10321 10056
f 10322 10321 10057
f 10323 10322 10057
f 10317 10323 10057
f 10316 10317 10057
f 10324 10061 10058
f 10325 10324 10058
f 10059 10325 10058
f 10326 10325 10059
f 10327 10326 10059
f 10060 10327 10059
f 10321 10327 10060
f 10324 10328 10061
f 10328 10329 10061
f 10329 10330 10061
f 10330 10331 10061
f 10331 10062 10061
f 10133 10332 10134
f 10332 10135 10134
f 10144 10333 10133
f 10333 10334 10133
f 10334 10332 10133
f 10263 10127 10132
f 10127 10126 10132
f 10130 10335 10117
f 10335 10120 10117
f 10120 10118 10117
f 10145 10336 10142
f 10336 10337 10142
f 10337 10338 10142
f 10338 10339 10142
f 10339 10340 10142
f 10340 10143 10142
f 10340 10333 10143
f 10333 10144 10143
f 10140 10341 10141
f 10341 10342 10141
f 10342 10226 10141
f 10226 10152 10141
f 10139 10343 10140
f 10343 10341 10140
f 10138 10344 10139
f 10344 10345 10139
f 10345 10346 10139
f 10346 10343 10139
f 10332 10347 10135
f 10347 10348 10135
f 10348 10136 10135
f 10348 10349 10136
f 10349 10344 10136
f 10344 10137 10136
f 10344 10138 10137
f 10085 10350 10086
f 10350 10351 10086
f 10351 10352 10086
f 10352 10353 10086
f 10353 10087 10086
f 10353 10354 10087
f 10354 10088 10087
f 10354 10355 10088
f 10355 10089 10088
f 10355 10092 10089
f 10092 10090 10089
f 10356 10093 10091
f 10357 10356 10091
f 10092 10357 10091
f 10358 9796 10093
f 10359 10358 10093
f 10356 10359 10093
f 10097 10360 10094
f 10360 10095 10094
f 10095 10361 10085
f 10361 10350 10085
f 10360 10362 10095
f 10362 10361 10095
f 10249 10363 10096
f 10363 10097 10096
f 10363 10364 10097
f 10364 10360 10097
f 10365 10110 10099
f 10366 10365 10099
f 10367 10366 10099
f 10100 10367 10099
f 10368 10367 10100
f 10101 10368 10100
f 10102 10368 10101
f 10369 10368 10102
f 10103 10369 10102
f 10370 10369 10103
f 10104 10370 10103
f 10331 10371 10062
f 10371 10372 10062
f 10372 10064 10062
f 10064 10063 10062
f 10372 10373 10064
f 10373 10065 10064
f 10373 10374 10065
f 10374 10066 10065
f 10374 10375 10066
f 10375 10376 10066
f 10376 10068 10066
f 10068 10067 10066
f 10376 10377 10068
f 10377 10378 10068
f 10378 10379 10068
f 10379 10069 10068
f 10379 10380 10069
f 10380 10071 10069
f 10071 10070 10069
f 10380 10381 10071
f 10381 10078 10071
f 10078 10077 10071
f 10077 10072 10071
f 10312 10382 10073
f 10382 10383 10073
f 10383 10384 10073
f 10384 10074 10073
f 10384 10313 10074
f 10313 10075 10074
f 10381 10385 10078
f 10385 10386 10078
f 10386 10293 10078
f 10293 10079 10078
f 9492 10387 10080
f 10387 10388 10080
f 10388 10389 10080
f 10389 10081 10080
f 10389 10390 10081
f 10390 10391 10081
f 10391 10083 10081
f 10083 10082 10081
f 10391 10392 10083
f 10392 10393 10083
f 10393 10084 10083
f 10393 10394 10084
f 10394 10253 10084
f 10253 10255 10084
f 10255 10114 10084
f 10255 10254 10114
f 10254 10116 10114
f 10116 10115 10114
f 10120 10119 10118
f 10335 10395 10120
f 10395 10396 10120
f 10396 10397 10120
f 10397 10121 10120
f 10397 10124 10121
f 10124 10122 10121
f 10124 10123 10122
f 10397 10398 10124
f 10398 10399 10124
f 10399 10400 10124
f 10400 10125 10124
f 10265 10128 10127
f 10265 10264 10128
f 10264 10129 10128
f 10264 10266 10129
f 10266 10401 10129
f 10401 10130 10129
f 10401 10402 10130
f 10402 10335 10130
f 10403 10111 10105
f 10106 10403 10105
f 10404 10403 10106
f 10108 10404 10106
f 10107 10108 10106
f 10405 10404 10108
f 10406 10405 10108
f 10407 10406 10108
f 10109 10407 10108
f 10408 10407 10109
f 10365 10408 10109
f 10110 10365 10109
f 10277 10409 10273
f 10409 10410 10273
f 10410 10411 10273
f 10411 10272 10273
f 10276 10412 10277
f 10412 10413 10277
f 10413 10414 10277
f 10414 10415 10277
f 10415 10409 10277
f 10275 10416 10276
f 10416 10417 10276
f 10417 10412 10276
f 10274 10418 10275
f 10418 10419 10275
f 10419 10416 10275
f 10163 10420 10274
f 10420 10421 10274
f 10421 10418 10274
f 10411 10269 10272
f 10269 10271 10272
f 10269 10268 10271
f 10270 10402 10267
f 10402 10401 10267
f 10401 10266 10267
f 10269 10411 10270
f 10411 10422 10270
f 10422 10395 10270
f 10395 10335 10270
f 10335 10402 10270
f 10287 10423 10285
f 10423 10284 10285
f 10425 10281 10282
f 10426 10280 10281
f 10427 10426 10281
f 10428 10427 10281
f 10425 10428 10281
f 10429 10279 10280
f 10430 10429 10280
f 10426 10430 10280
f 10431 10151 10279
f 10429 10431 10279
f 10432 10150 10151
f 10431 10432 10151
f 10230 10229 10278
f 10229 10433 10278
f 10433 10434 10278
f 10434 10292 10278
f 10436 10435 10258
f 10259 10436 10258
f 10256 10437 10257
f 10437 10438 10257
f 10438 10311 10257
f 10255 10253 10252
f 10253 10394 10250
f 10394 10439 10250
f 10439 10251 10250
f 10251 10439 10244
f 10439 10246 10244
f 10246 10245 10244
f 10248 10440 10249
f 10440 10363 10249
f 10247 10441 10248
f 10441 10442 10248
f 10442 10443 10248
f 10443 10440 10248
f 10246 10444 10247
f 10444 10445 10247
f 10445 10441 10247
f 10446 10262 10177
f 10447 10446 10177
f 10448 10447 10177
f 10178 10448 10177
f 10449 10261 10262
f 10450 10449 10262
f 10446 10450 10262
f 10451 10260 10261
f 10449 10451 10261
f 10436 10259 10260
f 10451 10436 10260
f 10452 10317 10318
f 10453 10452 10318
f 10454 10453 10318
f 10455 10454 10318
f 10319 10455 10318
f 10456 10323 10317
f 10452 10456 10317
f 10315 10309 10308
f 10314 10383 10315
f 10383 10457 10315
f 10457 10458 10315
f 10458 10459 10315
f 10459 10460 10315
f 10461 10309 10315
f 10313 10384 10314
f 10384 10383 10314
f 10438 10312 10311
f 10438 10462 10312
f 10462 10463 10312
f 10463 10464 10312
f 10464 10382 10312
f 10310 10461 10298
f 10461 10460 10298
f 10460 10465 10298
f 10465 10466 10298
f 10466 10299 10298
f 10309 10461 10310
f 10307 10467 10239
f 10467 10240 10239
f 10306 10468 10307
f 10468 10469 10307
f 10469 10470 10307
f 10470 10471 10307
f 10471 10467 10307
f 10330 10472 10331
f 10472 10371 10331
f 10329 10473 10330
f 10473 10474 10330
f 10474 10472 10330
f 10328 10475 10329
f 10475 10473 10329
f 10324 10476 10328
f 10476 10477 10328
f 10477 10478 10328
f 10478 10479 10328
f 10479 10475 10328
f 10480 10327 10321
f 10481 10480 10321
f 10482 10481 10321
f 10322 10482 10321
f 10483 10326 10327
f 10484 10483 10327
f 10485 10484 10327
f 10480 10485 10327
f 10486 10325 10326
f 10483 10486 10326
f 10487 10324 10325
f 10486 10487 10325
f 10488 10476 10324
f 10487 10488 10324
f 10482 10322 10323
f 10456 10482 10323
f 10455 10319 10320
f 10489 10455 10320
f 10293 10386 10294
f 10386 10490 10294
f 10490 10491 10294
f 10491 10492 10294
f 10492 10493 10294
f 10493 10295 10294
f 10292 10434 10289
f 10434 10494 10289
f 10494 10495 10289
f 10495 10290 10289
f 10028 10496 10286
f 10496 10497 10286
f 10497 10498 10286
f 10498 10499 10286
f 10499 10287 10286
f 10290 10496 10291
f 10496 10028 10291
f 10495 10500 10290
f 10500 10496 10290
f 10499 10501 10287
f 10501 10502 10287
f 10502 10424 10287
f 10424 10423 10287
f 10305 10503 10306
f 10503 10504 10306
f 10504 10468 10306
f 10304 10505 10305
f 10505 10503 10305
f 10303 10302 10304
f 10302 10505 10304
f 10301 10506 10302
f 10506 10505 10302
f 10300 10466 10301
f 10466 10507 10301
f 10507 10508 10301
f 10508 10506 10301
f 10299 10466 10300
f 10297 10155 10154
f 10296 10186 10297
f 10186 10185 10297
f 10185 10156 10297
f 10156 10155 10297
f 10295 10493 10296
f 10493 10509 10296
f 10509 10186 10296
f 10510 10180 10181
f 10511 10510 10181
f 10512 10511 10181
f 10513 10512 10181
f 10182 10513 10181
f 10514 10179 10180
f 10510 10514 10180
f 10448 10178 10179
f 10514 10448 10179
f 10176 10515 10173
f 10515 10516 10173
f 10516 10174 10173
f 10175 10190 10176
f 10190 10517 10176
f 10517 10515 10176
f 10174 10172 10171
f 10516 10518 10174
f 10518 10172 10174
f 10172 10167 10166
f 10518 10519 10172
f 10519 10167 10172
f 10169 10520 10170
f 10520 10521 10170
f 10521 10216 10170
f 10195 10522 10196
f 10522 10197 10196
f 10194 10523 10195
f 10523 10524 10195
f 10524 10525 10195
f 10525 10526 10195
f 10526 10527 10195
f 10527 10522 10195
f 10193 10528 10194
f 10528 10523 10194
f 10192 10529 10193
f 10529 10528 10193
f 10191 10530 10192
f 10530 10529 10192
f 9900 10530 10191
f 10189 10187 10190
f 10187 10531 10190
f 10531 10517 10190
f 10188 10187 10189
f 10232 10531 10187
f 10186 10513 10184
f 10513 10183 10184
f 10509 10532 10186
f 10532 10513 10186
f 10513 10182 10183
f 10152 10226 10153
f 10148 10149 10150
f 10432 10148 10150
f 10533 10147 10148
f 10534 10533 10148
f 10535 10534 10148
f 10432 10535 10148
f 10536 10146 10147
f 10533 10536 10147
f 10537 10145 10146
f 10536 10537 10146
f 10165 10538 10157
f 10538 10158 10157
f 10538 10539 10158
f 10539 10159 10158
f 10372 10371 10373
f 10371 10540 10373
f 10540 10541 10373
f 10541 10374 10373
f 10391 10390 10392
f 10390 10542 10392
f 10542 10543 10392
f 10543 10544 10392
f 10544 10393 10392
f 10544 10439 10393
f 10439 10394 10393
f 10234 10545 10235
f 10545 10546 10235
f 10546 10547 10235
f 10547 10548 10235
f 10548 10236 10235
f 10233 10238 10234
f 10238 10545 10234
f 10549 10336 10145
f 10550 10549 10145
f 10551 10550 10145
f 10536 10551 10145
f 10537 10536 10145
f 10354 10552 10355
f 10552 10553 10355
f 10553 10357 10355
f 10357 10092 10355
f 10243 10554 10206
f 10554 10555 10206
f 10555 10204 10206
f 10204 10205 10206
f 10433 10556 10434
f 10556 10557 10434
f 10557 10494 10434
f 10197 10558 10243
f 10558 10559 10243
f 10559 10560 10243
f 10560 10554 10243
f 10357 10359 10356
f 10553 10561 10357
f 10561 10359 10357
f 10439 10544 10246
f 10544 10543 10246
f 10543 10444 10246
f 10488 10487 10486
f 10562 10488 10486
f 10563 10562 10486
f 10483 10563 10486
f 10564 10563 10483
f 10484 10564 10483
f 10565 10476 10488
f 10566 10565 10488
f 10567 10566 10488
f 10562 10567 10488
f 10568 10481 10482
f 10569 10568 10482
f 10570 10569 10482
f 10571 10570 10482
f 10456 10571 10482
f 10572 10571 10456
f 10453 10572 10456
f 10452 10453 10456
f 10573 10454 10455
f 10574 10573 10455
f 10489 10574 10455
f 10575 10574 10489
f 10576 10575 10489
f 10385 10577 10386
f 10577 10578 10386
f 10578 10490 10386
f 10578 10579 10490
f 10579 10491 10490
f 10579 10580 10491
f 10580 10581 10491
f 10581 10492 10491
f 10581 10532 10492
f 10532 10509 10492
f 10509 10493 10492
f 10582 10369 10370
f 10583 10582 10370
f 10584 10368 10369
f 10582 10584 10369
f 10236 10585 10231
f 10585 10232 10231
f 10228 10586 10229
f 10586 10556 10229
f 10556 10433 10229
f 10587 10367 10368
f 10588 10587 10368
f 10584 10588 10368
f 10227 10342 10228
f 10342 10589 10228
f 10589 10343 10228
f 10343 10586 10228
f 10226 10342 10227
f 10590 10366 10367
f 10587 10590 10367
f 10348 10591 10349
f 10591 10592 10349
f 10592 10345 10349
f 10345 10344 10349
f 10242 10593 10237
f 10593 10594 10237
f 10594 10545 10237
f 10545 10238 10237
f 10361 10595 10350
f 10595 10596 10350
f 10596 10597 10350
f 10597 10351 10350
f 10467 10598 10240
f 10598 10241 10240
f 10597 10599 10351
f 10599 10352 10351
f 10599 10600 10352
f 10600 10601 10352
f 10601 10353 10352
f 10598 10242 10241
f 10601 10552 10353
f 10552 10354 10353
f 10598 10602 10242
f 10602 10603 10242
f 10603 10593 10242
f 10220 10604 10221
f 10604 10605 10221
f 10605 10606 10221
f 10606 10222 10221
f 10364 10607 10360
f 10607 10362 10360
f 10608 10358 10359
f 10609 10608 10359
f 10610 10609 10359
f 10561 10610 10359
f 10315 10460 10461
f 10465 10459 10466
f 10459 10611 10466
f 10611 10612 10466
f 10612 10613 10466
f 10613 10507 10466
f 10460 10614 10465
f 10614 10459 10465
f 10459 10614 10460
f 10464 10457 10382
f 10457 10383 10382
f 10615 10485 10480
f 10616 10615 10480
f 10617 10616 10480
f 10568 10617 10480
f 10481 10568 10480
f 10564 10484 10485
f 10618 10564 10485
f 10615 10618 10485
f 10479 10474 10475
f 10474 10473 10475
f 10478 10619 10479
f 10619 10620 10479
f 10620 10621 10479
f 10621 10622 10479
f 10622 10474 10479
f 10477 10623 10478
f 10623 10619 10478
f 10476 10624 10477
f 10624 10625 10477
f 10625 10626 10477
f 10626 10623 10477
f 10565 10624 10476
f 10474 10622 10472
f 10622 10540 10472
f 10540 10371 10472
f 9900 10627 10530
f 10627 10628 10530
f 10628 10629 10530
f 10629 10529 10530
f 9604 10627 9900
f 10629 10630 10529
f 10630 10528 10529
f 10630 10631 10528
f 10631 10523 10528
f 10505 10506 10503
f 10506 10504 10503
f 10504 10632 10468
f 10632 10633 10468
f 10633 10469 10468
f 10506 10508 10504
f 10508 10634 10504
f 10634 10635 10504
f 10635 10636 10504
f 10636 10632 10504
f 10502 10637 10424
f 10501 10638 10502
f 10638 10637 10502
f 10499 10498 10501
f 10498 10639 10501
f 10639 10640 10501
f 10640 10638 10501
f 10500 10641 10496
f 10641 10497 10496
f 10495 10642 10500
f 10642 10643 10500
f 10643 10644 10500
f 10644 10645 10500
f 10645 10641 10500
f 10497 10646 10498
f 10646 10639 10498
f 10641 10646 10497
f 10494 10557 10495
f 10557 10642 10495
f 10471 10647 10467
f 10647 10598 10467
f 10470 10648 10471
f 10648 10649 10471
f 10649 10650 10471
f 10650 10647 10471
f 10469 10633 10470
f 10633 10648 10470
f 10160 10651 10161
f 10651 10652 10161
f 10652 10420 10161
f 10420 10162 10161
f 10167 10519 10168
f 10519 10653 10168
f 10653 10520 10168
f 10520 10169 10168
f 10654 10207 10208
f 10655 10654 10208
f 10209 10655 10208
f 10334 10656 10332
f 10656 10657 10332
f 10657 10347 10332
f 10340 10658 10333
f 10658 10659 10333
f 10659 10334 10333
f 10659 10660 10334
f 10660 10661 10334
f 10661 10656 10334
f 10162 10420 10163
f 10549 10662 10336
f 10662 10663 10336
f 10663 10664 10336
f 10664 10337 10336
f 10664 10665 10337
f 10665 10666 10337
f 10666 10667 10337
f 10667 10668 10337
f 10668 10338 10337
f 10668 10669 10338
f 10669 10670 10338
f 10670 10339 10338
f 10670 10658 10339
f 10658 10340 10339
f 10672 10671 10207
f 10673 10672 10207
f 10655 10673 10207
f 10654 10655 10207
f 10343 10589 10341
f 10589 10342 10341
f 10346 10556 10343
f 10556 10586 10343
f 10592 10674 10345
f 10674 10557 10345
f 10557 10346 10345
f 10557 10556 10346
f 10376 10375 10377
f 10375 10675 10377
f 10675 10676 10377
f 10676 10677 10377
f 10677 10678 10377
f 10678 10378 10377
f 10678 10679 10378
f 10679 10680 10378
f 10680 10379 10378
f 10680 10380 10379
f 10680 10385 10380
f 10385 10381 10380
f 10215 10538 10164
f 10538 10165 10164
f 10389 10681 10390
f 10681 10682 10390
f 10682 10445 10390
f 10445 10542 10390
f 10539 10683 10159
f 10683 10651 10159
f 10651 10160 10159
f 10388 10684 10389
f 10684 10685 10389
f 10685 10686 10389
f 10686 10681 10389
f 10541 10687 10374
f 10687 10375 10374
f 10387 10688 10388
f 10688 10684 10388
f 9492 10688 10387
f 10687 10689 10375
f 10689 10675 10375
f 10680 10690 10385
f 10690 10691 10385
f 10691 10577 10385
f 10225 10692 10214
f 10692 10693 10214
f 10693 10215 10214
f 10693 10539 10215
f 10539 10538 10215
f 10694 10202 10203
f 10695 10694 10203
f 10555 10695 10203
f 10204 10555 10203
f 10696 10201 10202
f 10694 10696 10202
f 10606 10697 10222
f 10697 10698 10222
f 10698 10223 10222
f 10362 10699 10361
f 10699 10595 10361
f 10698 10700 10223
f 10700 10224 10223
f 10607 10701 10362
f 10701 10702 10362
f 10702 10699 10362
f 10700 10703 10224
f 10703 10225 10224
f 10440 10704 10363
f 10704 10364 10363
f 10703 10705 10225
f 10705 10692 10225
f 10704 10706 10364
f 10706 10707 10364
f 10707 10607 10364
f 10590 10408 10365
f 10366 10590 10365
f 10585 10531 10232
f 10657 10708 10347
f 10708 10348 10347
f 10708 10709 10348
f 10709 10591 10348
f 10548 10585 10236
f 10710 10200 10201
f 10711 10710 10201
f 10696 10711 10201
f 10712 10199 10200
f 10710 10712 10200
f 10713 10213 10199
f 10712 10713 10199
f 10522 10527 10197
f 10527 10558 10197
f 10219 10714 10220
f 10714 10715 10220
f 10715 10604 10220
f 10218 10716 10219
f 10716 10714 10219
f 10217 10521 10218
f 10521 10716 10218
f 10216 10521 10217
f 10717 10655 10209
f 10211 10717 10209
f 10210 10211 10209
f 10718 10717 10211
f 10212 10718 10211
f 10713 10718 10212
f 10213 10713 10212
f 10445 10442 10441
f 10443 10704 10440
f 10442 10445 10443
f 10445 10682 10443
f 10682 10681 10443
f 10681 10686 10443
f 10686 10706 10443
f 10706 10704 10443
f 10463 10719 10464
f 10719 10720 10464
f 10720 10721 10464
f 10721 10458 10464
f 10458 10457 10464
f 10462 10722 10463
f 10722 10719 10463
f 10438 10437 10462
f 10437 10723 10462
f 10723 10724 10462
f 10724 10722 10462
f 10458 10725 10459
f 10725 10611 10459
f 10721 10726 10458
f 10726 10725 10458
f 10572 10453 10454
f 10727 10572 10454
f 10728 10727 10454
f 10573 10728 10454
f 10729 10436 10451
f 10730 10729 10451
f 10731 10730 10451
f 10450 10731 10451
f 10449 10450 10451
f 10576 10435 10436
f 10729 10576 10436
f 10431 10429 10430
f 10432 10431 10430
f 10535 10432 10430
f 10732 10535 10430
f 10733 10732 10430
f 10734 10733 10430
f 10426 10734 10430
f 10735 10427 10428
f 10736 10735 10428
f 10737 10736 10428
f 10422 10738 10395
f 10738 10739 10395
f 10739 10740 10395
f 10740 10396 10395
f 10741 10450 10446
f 10447 10741 10446
f 10742 10731 10450
f 10743 10742 10450
f 10744 10743 10450
f 10741 10744 10450
f 10741 10447 10448
f 10745 10741 10448
f 10746 10745 10448
f 10514 10746 10448
f 10444 10543 10445
f 10543 10542 10445
f 10735 10734 10426
f 10427 10735 10426
f 10693 10747 10539
f 10747 10748 10539
f 10748 10749 10539
f 10749 10683 10539
f 10622 10750 10540
f 10750 10541 10540
f 10750 10751 10541
f 10751 10687 10541
f 10594 10752 10545
f 10752 10753 10545
f 10753 10754 10545
f 10754 10546 10545
f 10754 10755 10546
f 10755 10547 10546
f 10755 10756 10547
f 10756 10548 10547
f 10756 10757 10548
f 10757 10758 10548
f 10758 10759 10548
f 10759 10585 10548
f 10760 10662 10549
f 10761 10760 10549
f 10762 10761 10549
f 10763 10762 10549
f 10550 10763 10549
f 10764 10763 10550
f 10765 10764 10550
f 10551 10765 10550
f 10766 10765 10551
f 10536 10766 10551
f 10534 10766 10536
f 10533 10534 10536
f 10585 10759 10531
f 10759 10767 10531
f 10767 10517 10531
f 10507 10613 10508
f 10613 10768 10508
f 10768 10769 10508
f 10769 10770 10508
f 10770 10634 10508
f 10653 10771 10520
f 10771 10772 10520
f 10772 10521 10520
f 10518 10773 10519
f 10773 10774 10519
f 10774 10771 10519
f 10771 10653 10519
f 10516 10775 10518
f 10775 10773 10518
f 10517 10767 10515
f 10767 10776 10515
f 10776 10775 10515
f 10775 10516 10515
f 10631 10777 10523
f 10777 10524 10523
f 10526 10558 10527
f 10525 10778 10526
f 10778 10779 10526
f 10779 10559 10526
f 10559 10558 10526
f 10524 10777 10525
f 10777 10780 10525
f 10780 10781 10525
f 10781 10778 10525
f 10772 10782 10521
f 10782 10716 10521
f 10766 10534 10535
f 10732 10766 10535
f 10532 10783 10513
f 10783 10512 10513
f 10581 10784 10532
f 10784 10783 10532
f 10411 10410 10422
f 10410 10785 10422
f 10785 10738 10422
f 10421 10419 10418
f 10420 10652 10421
f 10652 10786 10421
f 10786 10787 10421
f 10787 10788 10421
f 10788 10419 10421
f 10419 10788 10416
f 10788 10417 10416
f 10417 10789 10412
f 10789 10790 10412
f 10790 10413 10412
f 10788 10791 10417
f 10791 10789 10417
f 10399 10794 10400
f 10794 10795 10400
f 10398 10796 10399
f 10796 10794 10399
f 10397 10396 10398
f 10396 10740 10398
f 10740 10797 10398
f 10797 10796 10398
f 10798 10746 10514
f 10510 10798 10514
f 10799 10798 10510
f 10783 10799 10510
f 10511 10783 10510
f 10783 10511 10512
f 10415 10785 10409
f 10785 10410 10409
f 10414 10800 10415
f 10800 10801 10415
f 10801 10802 10415
f 10802 10797 10415
f 10797 10785 10415
f 10413 10803 10414
f 10803 10800 10414
f 10790 10804 10413
f 10804 10803 10413
f 10805 10111 10403
f 10806 10805 10403
f 10405 10806 10403
f 10404 10405 10403
f 10807 10407 10408
f 10590 10807 10408
f 10808 10406 10407
f 10809 10808 10407
f 10810 10809 10407
f 10807 10810 10407
f 10806 10405 10406
f 10811 10806 10406
f 10812 10811 10406
f 10808 10812 10406
f 10601 10813 10552
f 10813 10814 10552
f 10814 10561 10552
f 10561 10553 10552
f 10560 10815 10554
f 10815 10695 10554
f 10695 10555 10554
f 10674 10816 10557
f 10816 10643 10557
f 10643 10642 10557
f 10779 10817 10559
f 10817 10818 10559
f 10818 10560 10559
f 10818 10819 10560
f 10819 10820 10560
f 10820 10815 10560
f 10814 10821 10561
f 10821 10822 10561
f 10822 10610 10561
f 10823 10567 10562
f 10563 10823 10562
f 10824 10823 10563
f 10564 10824 10563
f 10825 10824 10564
f 10618 10825 10564
f 10826 10624 10565
f 10827 10826 10565
f 10566 10827 10565
f 10828 10827 10566
f 10567 10828 10566
f 10829 10828 10567
f 10823 10829 10567
f 10830 10617 10568
f 10831 10830 10568
f 10832 10831 10568
f 10569 10832 10568
f 10833 10832 10569
f 10570 10833 10569
f 10834 10833 10570
f 10571 10834 10570
f 10835 10834 10571
f 10572 10835 10571
f 10836 10835 10572
f 10727 10836 10572
f 10837 10728 10573
f 10575 10837 10573
f 10574 10575 10573
f 10838 10837 10575
f 10729 10838 10575
f 10576 10729 10575
f 10489 10435 10576
f 10691 10839 10577
f 10839 10578 10577
f 10839 10579 10578
f 10839 10840 10579
f 10840 10841 10579
f 10841 10842 10579
f 10842 10580 10579
f 10842 10784 10580
f 10784 10581 10580
f 10843 10584 10582
f 10844 10843 10582
f 10845 10844 10582
f 10583 10845 10582
f 10846 10847 10583
f 10847 10848 10583
f 10848 10849 10583
f 10849 10845 10583
f 10850 10588 10584
f 10843 10850 10584
f 10850 10590 10587
f 10588 10850 10587
f 10851 10807 10590
f 10850 10851 10590
f 10709 10816 10591
f 10816 10674 10591
f 10674 10592 10591
f 10603 10852 10593
f 10852 10752 10593
f 10752 10594 10593
f 10699 10853 10595
f 10853 10854 10595
f 10854 10596 10595
f 10854 10855 10596
f 10855 10597 10596
f 10855 10856 10597
f 10856 10599 10597
f 10647 10602 10598
f 10856 10857 10599
f 10857 10858 10599
f 10858 10600 10599
f 10858 10813 10600
f 10813 10601 10600
f 10647 10859 10602
f 10859 10603 10602
f 10859 10860 10603
f 10860 10861 10603
f 10861 10862 10603
f 10862 10753 10603
f 10753 10852 10603
f 10715 10863 10604
f 10863 10864 10604
f 10864 10605 10604
f 10864 10865 10605
f 10865 10606 10605
f 10865 10866 10606
f 10866 10867 10606
f 10867 10868 10606
f 10868 10697 10606
f 10707 10869 10607
f 10869 10701 10607
f 10822 10870 10610
f 10870 10792 10610
f 10725 10871 10611
f 10871 10872 10611
f 10872 10612 10611
f 10872 10873 10612
f 10873 10613 10612
f 10873 10768 10613
f 10616 10618 10615
f 10874 10618 10616
f 10830 10874 10616
f 10617 10830 10616
f 10875 10825 10618
f 10876 10875 10618
f 10830 10876 10618
f 10874 10830 10618
f 10623 10877 10619
f 10877 10878 10619
f 10878 10620 10619
f 10878 10879 10620
f 10879 10621 10620
f 10879 10750 10621
f 10750 10622 10621
f 10626 10880 10623
f 10880 10881 10623
f 10881 10882 10623
f 10882 10877 10623
f 10826 10883 10624
f 10883 10884 10624
f 10884 10625 10624
f 10884 10885 10625
f 10885 10886 10625
f 10886 10626 10625
f 10886 10887 10626
f 10887 10880 10626
f 10671 10888 10627
f 10888 10889 10627
f 10889 10890 10627
f 10890 10628 10627
f 10890 10891 10628
f 10891 10629 10628
f 10891 10630 10629
f 10891 10892 10630
f 10892 10631 10630
f 10892 10893 10631
f 10893 10894 10631
f 10894 10777 10631
f 10636 10895 10632
f 10895 10633 10632
f 10895 10896 10633
f 10896 10648 10633
f 10770 10635 10634
f 10770 10897 10635
f 10897 10898 10635
f 10898 10636 10635
f 10898 10895 10636
f 10638 10899 10637
f 10899 10900 10637
f 10640 10901 10638
f 10901 10899 10638
f 10646 10902 10639
f 10902 10903 10639
f 10903 10904 10639
f 10904 10640 10639
f 10904 10905 10640
f 10905 10901 10640
f 10645 10903 10641
f 10903 10646 10641
f 10816 10709 10643
f 10709 10906 10643
f 10906 10644 10643
f 10906 10907 10644
f 10907 10908 10644
f 10908 10645 10644
f 10908 10903 10645
f 10903 10902 10646
f 10650 10909 10647
f 10909 10910 10647
f 10910 10859 10647
f 10896 10649 10648
f 10896 10911 10649
f 10911 10912 10649
f 10912 10650 10649
f 10912 10909 10650
f 10683 10749 10651
f 10749 10786 10651
f 10786 10652 10651
f 10913 10673 10655
f 10914 10913 10655
f 10915 10914 10655
f 10718 10915 10655
f 10717 10718 10655
f 10661 10657 10656
f 10661 10916 10657
f 10916 10708 10657
f 10670 10669 10658
f 10669 10917 10658
f 10917 10659 10658
f 10917 10918 10659
f 10918 10919 10659
f 10919 10660 10659
f 10919 10920 10660
f 10920 10661 10660
f 10920 10921 10661
f 10921 10916 10661
f 10760 10922 10662
f 10922 10923 10662
f 10923 10924 10662
f 10924 10663 10662
f 10924 10925 10663
f 10925 10926 10663
f 10926 10664 10663
f 10926 10666 10664
f 10666 10665 10664
f 10926 10927 10666
f 10927 10928 10666
f 10928 10929 10666
f 10929 10930 10666
f 10930 10667 10666
f 10930 10668 10667
f 10930 10919 10668
f 10919 10918 10668
f 10918 10917 10668
f 10917 10669 10668
f 10888 10671 10672
f 10931 10888 10672
f 10932 10931 10672
f 10913 10932 10672
f 10673 10913 10672
f 10689 10933 10675
f 10933 10676 10675
f 10933 10934 10676
f 10934 10935 10676
f 10935 10677 10676
f 10935 10936 10677
f 10936 10678 10677
f 10936 10937 10678
f 10937 10938 10678
f 10938 10679 10678
f 10938 10690 10679
f 10690 10680 10679
f 10688 10939 10684
f 10939 10940 10684
f 10940 10686 10684
f 10686 10685 10684
f 10940 10707 10686
f 10707 10706 10686
f 10751 10941 10687
f 10941 10689 10687
f 10941 10942 10689
f 10942 10933 10689
f 10943 10691 10690
f 10943 10944 10691
f 10944 10839 10691
f 10705 10747 10692
f 10747 10693 10692
f 10945 10696 10694
f 10820 10945 10694
f 10815 10820 10694
f 10695 10815 10694
f 10945 10711 10696
f 10868 10946 10697
f 10946 10698 10697
f 10946 10947 10698
f 10947 10948 10698
f 10948 10700 10698
f 10702 10949 10699
f 10949 10950 10699
f 10950 10853 10699
f 10948 10951 10700
f 10951 10705 10700
f 10705 10703 10700
f 10869 10702 10701
f 10869 10952 10702
f 10952 10953 10702
f 10953 10954 10702
f 10954 10955 10702
f 10955 10949 10702
f 10951 10956 10705
f 10956 10957 10705
f 10957 10958 10705
f 10958 10959 10705
f 10959 10747 10705
f 10940 10869 10707
f 10916 10906 10708
f 10906 10709 10708
f 10960 10712 10710
f 10961 10960 10710
f 10711 10961 10710
f 10962 10961 10711
f 10963 10962 10711
f 10964 10963 10711
f 10945 10964 10711
f 10965 10713 10712
f 10966 10965 10712
f 10967 10966 10712
f 10960 10967 10712
f 10968 10718 10713
f 10965 10968 10713
f 10716 10782 10714
f 10782 10969 10714
f 10969 10863 10714
f 10863 10715 10714
f 10970 10915 10718
f 10968 10970 10718
f 10722 10971 10719
f 10971 10720 10719
f 10971 10972 10720
f 10972 10726 10720
f 10726 10721 10720
f 10724 10973 10722
f 10973 10971 10722
f 10726 10974 10725
f 10974 10871 10725
f 10972 10975 10726
f 10975 10976 10726
f 10976 10974 10726
f 10977 10836 10727
f 10728 10977 10727
f 10978 10977 10728
f 10837 10978 10728
f 10979 10838 10729
f 10730 10979 10729
f 10742 10979 10730
f 10731 10742 10730
f 10980 10766 10732
f 10981 10980 10732
f 10733 10981 10732
f 10982 10981 10733
f 10734 10982 10733
f 10736 10982 10734
f 10735 10736 10734
f 10983 10982 10736
f 10984 10983 10736
f 10985 10984 10736
f 10737 10985 10736
f 10785 10797 10738
f 10797 10739 10738
f 10797 10740 10739
f 10986 10744 10741
f 10745 10986 10741
f 10837 10979 10742
f 10978 10837 10742
f 10987 10978 10742
f 10743 10987 10742
f 10988 10987 10743
f 10744 10988 10743
f 10989 10988 10744
f 10986 10989 10744
f 10990 10986 10745
f 10991 10990 10745
f 10746 10991 10745
f 10798 10991 10746
f 10959 10748 10747
f 10959 10992 10748
f 10992 10749 10748
f 10992 10787 10749
f 10787 10786 10749
f 10879 10993 10750
f 10993 10751 10750
f 10993 10994 10751
f 10994 10941 10751
f 10852 10753 10752
f 10862 10995 10753
f 10995 10754 10753
f 10995 10996 10754
f 10996 10997 10754
f 10997 10755 10754
f 10997 10998 10755
f 10998 10999 10755
f 10999 10756 10755
f 10999 11000 10756
f 11000 10757 10756
f 11000 11001 10757
f 11001 11002 10757
f 11002 11003 10757
f 11003 10758 10757
f 11003 10767 10758
f 10767 10759 10758
f 11004 10922 10760
f 11005 11004 10760
f 11006 11005 10760
f 11007 11006 10760
f 11008 11007 10760
f 10761 11008 10760
f 11009 11008 10761
f 11010 11009 10761
f 11011 11010 10761
f 10762 11011 10761
f 11012 11011 10762
f 10764 11012 10762
f 10763 10764 10762
f 11013 11012 10764
f 11014 11013 10764
f 10765 11014 10764
f 10766 11014 10765
f 11015 11014 10766
f 10980 11015 10766
f 11003 11016 10767
f 11016 11017 10767
f 11017 10776 10767
f 10873 11018 10768
f 11018 10769 10768
f 11018 11019 10769
f 11019 11020 10769
f 11020 10770 10769
f 11020 10897 10770
f 10774 11021 10771
f 11021 10772 10771
f 11021 11022 10772
f 11022 10782 10772
f 10775 11023 10773
f 11023 11024 10773
f 11024 11021 10773
f 11021 10774 10773
f 10776 11017 10775
f 11017 11023 10775
f 10894 11025 10777
f 11025 10780 10777
f 10781 11026 10778
f 11026 11027 10778
f 11027 10817 10778
f 10817 10779 10778
f 11025 11028 10780
f 11028 10781 10780
f 11028 11026 10781
f 11022 11029 10782
f 11029 10969 10782
f 10784 11030 10783
f 11030 10991 10783
f 10991 10799 10783
f 11031 11030 10784
f 10842 11031 10784
f 10992 11032 10787
f 11032 10788 10787
f 11032 11033 10788
f 11033 10791 10788
f 10791 11034 10789
f 11034 10790 10789
f 11034 11035 10790
f 11035 10804 10790
f 11033 11036 10791
f 11036 11034 10791
f 10870 10793 10792
f 10870 11037 10793
f 11037 11038 10793
f 11038 11039 10793
f 11039 11040 10793
f 11040 10846 10793
f 10796 11041 10794
f 11041 11042 10794
f 11042 10795 10794
f 11042 11043 10795
f 11043 11044 10795
f 10797 10802 10796
f 10802 11041 10796
f 10799 10991 10798
f 10803 11045 10800
f 11045 10801 10800
f 11045 11046 10801
f 11046 11047 10801
f 11047 11041 10801
f 11041 10802 10801
f 10804 11048 10803
f 11048 11045 10803
f 11035 11049 10804
f 11049 11048 10804
f 11051 11050 10805
f 10811 11051 10805
f 10806 10811 10805
f 10851 10810 10807
f 11052 10812 10808
f 11053 11052 10808
f 10809 11053 10808
f 11054 11053 10809
f 10810 11054 10809
f 11055 11054 10810
f 10844 11055 10810
f 10851 10844 10810
f 11056 11051 10811
f 10812 11056 10811
f 11057 11056 10812
f 11058 11057 10812
f 11052 11058 10812
f 10858 11059 10813
f 11059 11060 10813
f 11060 11061 10813
f 11061 10821 10813
f 10821 10814 10813
f 11027 11062 10817
f 11062 10818 10817
f 11062 11063 10818
f 11063 11064 10818
f 11064 10964 10818
f 10964 10820 10818
f 10820 10819 10818
f 10964 10945 10820
f 11061 11065 10821
f 11065 10870 10821
f 10870 10822 10821
f 11066 10829 10823
f 10824 11066 10823
f 11067 11066 10824
f 10825 11067 10824
f 11068 11067 10825
f 11069 11068 10825
f 11070 11069 10825
f 10875 11070 10825
f 11071 10883 10826
f 10827 11071 10826
f 11072 11071 10827
f 10828 11072 10827
f 11073 11072 10828
f 10829 11073 10828
f 11074 11073 10829
f 11066 11074 10829
f 11075 10876 10830
f 11076 11075 10830
f 11077 11076 10830
f 10832 11077 10830
f 10831 10832 10830
f 11078 11077 10832
f 11079 11078 10832
f 11080 11079 10832
f 11081 11080 10832
f 10833 11081 10832
f 11082 11081 10833
f 10834 11082 10833
f 11083 11082 10834
f 10835 11083 10834
f 11084 11083 10835
f 10977 11084 10835
f 10836 10977 10835
f 10838 10979 10837
f 10944 11085 10839
f 11085 10840 10839
f 11085 11086 10840
f 11086 11087 10840
f 11087 11088 10840
f 11088 10841 10840
f 11088 11031 10841
f 11031 10842 10841
f 10844 10850 10843
f 11089 11055 10844
f 11040 11090 10846
f 11090 10847 10846
f 11090 11091 10847
f 11091 10848 10847
f 11092 10849 10848
f 11093 10845 10849
f 11094 11093 10849
f 11095 11094 10849
f 11092 11095 10849
f 10844 10851 10850
f 10950 11096 10853
f 11096 10854 10853
f 11096 11097 10854
f 11097 10855 10854
f 11097 11098 10855
f 11098 10856 10855
f 11098 11099 10856
f 11099 10857 10856
f 11099 11100 10857
f 11100 10858 10857
f 11100 11101 10858
f 11101 11059 10858
f 10910 11102 10859
f 11102 10860 10859
f 11102 11103 10860
f 11103 11104 10860
f 11104 10995 10860
f 10995 10861 10860
f 10995 10862 10861
f 10969 11029 10863
f 11029 11105 10863
f 11105 11106 10863
f 11106 10864 10863
f 11106 11107 10864
f 11107 10865 10864
f 11107 11108 10865
f 11108 10866 10865
f 11108 11109 10866
f 11109 11110 10866
f 11110 11111 10866
f 11111 10867 10866
f 11111 11112 10867
f 11112 11113 10867
f 11113 10868 10867
f 11113 11114 10868
f 11114 10946 10868
f 10940 10939 10869
f 10939 10952 10869
f 11065 11037 10870
f 10974 11115 10871
f 11115 10872 10871
f 11115 10873 10872
f 11115 11116 10873
f 11116 11117 10873
f 11117 11018 10873
f 11075 11070 10875
f 10876 11075 10875
f 10882 11118 10877
f 11118 10878 10877
f 11118 10993 10878
f 10993 10879 10878
f 10887 11119 10880
f 11119 11120 10880
f 11120 10882 10880
f 10882 10881 10880
f 11120 11121 10882
f 11121 11122 10882
f 11122 11123 10882
f 11123 11118 10882
f 10883 11124 10884
f 11124 11125 10884
f 11125 10885 10884
f 11125 11126 10885
f 11126 10886 10885
f 11126 11127 10886
f 11127 10887 10886
f 11127 11128 10887
f 11128 11129 10887
f 11129 11119 10887
f 11130 10889 10888
f 11131 11130 10888
f 11132 11131 10888
f 10931 11132 10888
f 11130 11133 10889
f 11133 11134 10889
f 11134 10890 10889
f 11134 11135 10890
f 11135 10891 10890
f 11135 10893 10891
f 10893 10892 10891
f 11135 11136 10893
f 11136 11137 10893
f 11137 11138 10893
f 11138 11139 10893
f 11139 10894 10893
f 11139 11025 10894
f 10898 11140 10895
f 11140 11141 10895
f 11141 10896 10895
f 11141 10911 10896
f 11020 11142 10897
f 11142 11143 10897
f 11143 10898 10897
f 11143 11144 10898
f 11144 11140 10898
f 10901 11145 10899
f 11145 11146 10899
f 11146 11147 10899
f 11147 10900 10899
f 10905 11148 10901
f 11148 11149 10901
f 11149 11145 10901
f 10908 11150 10903
f 11150 11151 10903
f 11151 10904 10903
f 11151 11152 10904
f 11152 10905 10904
f 11152 11153 10905
f 11153 11148 10905
f 10916 10921 10906
f 10921 11154 10906
f 11154 10907 10906
f 11154 10908 10907
f 11154 11155 10908
f 11155 11150 10908
f 10912 11156 10909
f 11156 10910 10909
f 11156 11102 10910
f 11141 11157 10911
f 11157 10912 10911
f 11157 11158 10912
f 11158 11156 10912
f 11159 10932 10913
f 10914 11159 10913
f 11160 11159 10914
f 10970 11160 10914
f 10915 10970 10914
f 10930 11161 10919
f 11161 11162 10919
f 11162 10920 10919
f 11162 11154 10920
f 11154 10921 10920
f 11004 11163 10922
f 11163 11164 10922
f 11164 11165 10922
f 11165 10924 10922
f 10924 10923 10922
f 11165 11166 10924
f 11166 11167 10924
f 11167 11168 10924
f 11168 10925 10924
f 11168 10926 10925
f 11168 11169 10926
f 11169 11170 10926
f 11170 10927 10926
f 11170 11171 10927
f 11171 11172 10927
f 11172 10928 10927
f 11172 11173 10928
f 11173 11161 10928
f 11161 10929 10928
f 11161 10930 10929
f 11159 11132 10931
f 10932 11159 10931
f 10942 11174 10933
f 11174 11175 10933
f 11175 11176 10933
f 11176 10934 10933
f 11176 11177 10934
f 11177 10936 10934
f 10936 10935 10934
f 11177 11178 10936
f 11178 10944 10936
f 10944 10937 10936
f 10944 10943 10937
f 10943 10690 10937
f 10690 10938 10937
f 10688 10952 10939
f 10994 10942 10941
f 10994 11179 10942
f 11179 11180 10942
f 11180 11174 10942
f 11178 11181 10944
f 11181 11085 10944
f 11114 11182 10946
f 11182 10947 10946
f 11182 10956 10947
f 10956 10951 10947
f 10951 10948 10947
f 10955 10950 10949
f 10955 11183 10950
f 11183 11184 10950
f 11184 11096 10950
f 10688 10953 10952
f 10688 10954 10953
f 10688 11185 10954
f 11185 10955 10954
f 11185 11183 10955
f 11182 11186 10956
f 11186 11187 10956
f 11187 10957 10956
f 11187 11188 10957
f 11188 10958 10957
f 11188 11189 10958
f 11189 10959 10958
f 11189 11032 10959
f 11032 10992 10959
f 10961 10967 10960
f 11190 10967 10961
f 10962 11190 10961
f 11191 11190 10962
f 11192 11191 10962
f 11193 11192 10962
f 10963 11193 10962
f 11064 11193 10963
f 10964 11064 10963
f 10970 10968 10965
f 11194 10970 10965
f 10967 11194 10965
f 10966 10967 10965
f 11195 11194 10967
f 11190 11195 10967
f 11195 11160 10970
f 11194 11195 10970
f 10973 11196 10971
f 11196 11197 10971
f 11197 10975 10971
f 10975 10972 10971
f 10976 11198 10974
f 11198 11115 10974
f 11197 11199 10975
f 11199 10976 10975
f 11199 11200 10976
f 11200 11198 10976
f 11201 11084 10977
f 10987 11201 10977
f 10978 10987 10977
f 11202 11015 10980
f 10983 11202 10980
f 10981 10983 10980
f 10982 10983 10981
f 11203 11202 10983
f 11204 11203 10983
f 11205 11204 10983
f 10984 11205 10983
f 11207 10989 10986
f 10990 11207 10986
f 11208 11201 10987
f 11209 11208 10987
f 11210 11209 10987
f 10988 11210 10987
f 11211 11210 10988
f 11212 11211 10988
f 10989 11212 10988
f 11213 11212 10989
f 11207 11213 10989
f 10991 11207 10990
f 11031 11207 10991
f 11030 11031 10991
f 11118 11123 10993
f 11123 10994 10993
f 11123 11214 10994
f 11214 11215 10994
f 11215 11179 10994
f 11104 10996 10995
f 11104 11216 10996
f 11216 10997 10996
f 11216 10998 10997
f 11216 11217 10998
f 11217 10999 10998
f 11217 11218 10999
f 11218 11219 10999
f 11219 11000 10999
f 11219 11220 11000
f 11220 11001 11000
f 11220 11221 11001
f 11221 11002 11001
f 11221 11222 11002
f 11222 11016 11002
f 11016 11003 11002
f 11223 11163 11004
f 11224 11223 11004
f 11225 11224 11004
f 11226 11225 11004
f 11227 11226 11004
f 11228 11227 11004
f 11006 11228 11004
f 11005 11006 11004
f 11229 11228 11006
f 11230 11229 11006
f 11231 11230 11006
f 11007 11231 11006
f 11009 11231 11007
f 11008 11009 11007
f 11232 11231 11009
f 11233 11232 11009
f 11234 11233 11009
f 11235 11234 11009
f 11010 11235 11009
f 11011 11235 11010
f 11236 11235 11011
f 11013 11236 11011
f 11012 11013 11011
f 11015 11236 11013
f 11014 11015 11013
f 11237 11236 11015
f 11203 11237 11015
f 11202 11203 11015
f 11222 11238 11016
f 11238 11239 11016
f 11239 11017 11016
f 11239 11240 11017
f 11240 11023 11017
f 11117 11241 11018
f 11241 11019 11018
f 11241 11242 11019
f 11242 11020 11019
f 11242 11142 11020
f 11024 11243 11021
f 11243 11244 11021
f 11244 11022 11021
f 11244 11029 11022
f 11240 11243 11023
f 11243 11024 11023
f 11139 11245 11025
f 11245 11028 11025
f 11028 11246 11026
f 11246 11247 11026
f 11247 11062 11026
f 11062 11027 11026
f 11245 11248 11028
f 11248 11246 11028
f 11244 11249 11029
f 11249 11250 11029
f 11250 11105 11029
f 11213 11207 11031
f 11251 11213 11031
f 11088 11251 11031
f 11189 11252 11032
f 11252 11033 11032
f 11252 11253 11033
f 11253 11036 11033
f 11036 11254 11034
f 11254 11035 11034
f 11254 11255 11035
f 11255 11049 11035
f 11253 11256 11036
f 11256 11254 11036
f 11065 11257 11037
f 11257 11258 11037
f 11258 11259 11037
f 11259 11260 11037
f 11260 11038 11037
f 11260 11090 11038
f 11090 11039 11038
f 11090 11040 11039
f 11047 11043 11041
f 11043 11042 11041
f 11047 11046 11043
f 11046 11261 11043
f 11261 11044 11043
f 11261 11262 11044
f 11048 11263 11045
f 11263 11046 11045
f 11263 11264 11046
f 11264 11261 11046
f 11049 11265 11048
f 11265 11263 11048
f 11255 11266 11049
f 11266 11267 11049
f 11267 11265 11049
f 11057 11268 11050
f 11056 11057 11050
f 11051 11056 11050
f 11269 11058 11052
f 11270 11269 11052
f 11053 11270 11052
f 11271 11270 11053
f 11054 11271 11053
f 11089 11271 11054
f 11055 11089 11054
f 11272 11268 11057
f 11058 11272 11057
f 11269 11272 11058
f 11101 11273 11059
f 11273 11274 11059
f 11274 11060 11059
f 11274 11061 11060
f 11274 11257 11061
f 11257 11065 11061
f 11247 11275 11062
f 11275 11063 11062
f 11193 11064 11063
f 11276 11193 11063
f 11275 11276 11063
f 11277 11074 11066
f 11067 11277 11066
f 11068 11277 11067
f 11278 11277 11068
f 11279 11278 11068
f 11280 11279 11068
f 11069 11280 11068
f 11281 11280 11069
f 11070 11281 11069
f 11282 11281 11070
f 11075 11282 11070
f 11283 10883 11071
f 11284 11283 11071
f 11072 11284 11071
f 11285 11284 11072
f 11073 11285 11072
f 11286 11285 11073
f 11074 11286 11073
f 11287 11286 11074
f 11277 11287 11074
f 11076 11282 11075
f 11078 11282 11076
f 11077 11078 11076
f 11288 11282 11078
f 11289 11288 11078
f 11290 11289 11078
f 11291 11290 11078
f 11080 11291 11078
f 11079 11080 11078
f 11292 11291 11080
f 11293 11292 11080
f 11294 11293 11080
f 11082 11294 11080
f 11081 11082 11080
f 11295 11294 11082
f 11083 11295 11082
f 11296 11295 11083
f 11084 11296 11083
f 11208 11296 11084
f 11201 11208 11084
f 11181 11297 11085
f 11297 11086 11085
f 11251 11087 11086
f 11298 11251 11086
f 11299 11298 11086
f 11297 11299 11086
f 11251 11088 11087
f 11300 11271 11089
f 11301 11300 11089
f 11093 11301 11089
f 11260 11302 11090
f 11302 11091 11090
f 11302 11303 11091
f 11303 11304 11091
f 11304 11305 11091
f 11305 11092 11091
f 11306 11095 11092
f 11305 11306 11092
f 11307 11301 11093
f 11095 11309 11094
f 11309 11310 11094
f 11310 11308 11094
f 11306 11311 11095
f 11311 11309 11095
f 11184 11312 11096
f 11312 11097 11096
f 11312 11313 11097
f 11313 11314 11097
f 11314 11099 11097
f 11099 11098 11097
f 11314 11315 11099
f 11315 11316 11099
f 11316 11101 11099
f 11101 11100 11099
f 11316 11317 11101
f 11317 11318 11101
f 11318 11273 11101
f 11156 11319 11102
f 11319 11320 11102
f 11320 11321 11102
f 11321 11103 11102
f 11321 11216 11103
f 11216 11104 11103
f 11250 11106 11105
f 11250 11322 11106
f 11322 11107 11106
f 11322 11323 11107
f 11323 11108 11107
f 11323 11324 11108
f 11324 11109 11108
f 11324 11325 11109
f 11325 11326 11109
f 11326 11327 11109
f 11327 11110 11109
f 11327 11328 11110
f 11328 11329 11110
f 11329 11111 11110
f 11329 11112 11111
f 11329 11330 11112
f 11330 11113 11112
f 11330 11331 11113
f 11331 11332 11113
f 11332 11114 11113
f 11332 11333 11114
f 11333 11182 11114
f 11198 11334 11115
f 11334 11116 11115
f 11334 11335 11116
f 11335 11117 11116
f 11335 11336 11117
f 11336 11241 11117
f 11129 11121 11119
f 11121 11120 11119
f 11129 11337 11121
f 11337 11338 11121
f 11338 11339 11121
f 11339 11122 11121
f 11339 11214 11122
f 11214 11123 11122
f 10883 11340 11124
f 11340 11125 11124
f 11340 11341 11125
f 11341 11126 11125
f 11341 11127 11126
f 11341 11128 11127
f 11341 11342 11128
f 11342 11343 11128
f 11343 11344 11128
f 11344 11345 11128
f 11345 11129 11128
f 11345 11346 11129
f 11346 11337 11129
f 11347 11133 11130
f 11348 11347 11130
f 11349 11348 11130
f 11132 11349 11130
f 11131 11132 11130
f 11350 11349 11132
f 11351 11350 11132
f 11160 11351 11132
f 11159 11160 11132
f 11347 11352 11133
f 11352 11136 11133
f 11136 11135 11133
f 11135 11134 11133
f 11352 11353 11136
f 11353 11137 11136
f 11351 11160 11195
f 11354 11351 11195
f 11191 11354 11195
f 11190 11191 11195
f 11138 11355 11139
f 11355 11245 11139
f 11356 11199 11196
f 11199 11197 11196
f 11145 11357 11146
f 11357 11358 11146
f 11358 11359 11146
f 11359 11147 11146
f 11149 11357 11145
f 11199 11356 11200
f 11356 11360 11200
f 11360 11361 11200
f 11361 11334 11200
f 11334 11198 11200
f 11137 11362 11138
f 11362 11355 11138
f 11142 11242 11143
f 11242 11363 11143
f 11363 11364 11143
f 11364 11365 11143
f 11365 11144 11143
f 11153 11149 11148
f 11144 11141 11140
f 11365 11366 11144
f 11366 11157 11144
f 11157 11141 11144
f 11153 11367 11149
f 11367 11368 11149
f 11368 11369 11149
f 11369 11357 11149
f 11333 11186 11182
f 11370 11297 11181
f 11371 11370 11181
f 11177 11371 11181
f 11178 11177 11181
f 11173 11372 11161
f 11372 11162 11161
f 11372 11155 11162
f 11155 11154 11162
f 11180 11373 11174
f 11373 11374 11174
f 11374 11175 11174
f 11179 11215 11180
f 11215 11214 11180
f 11214 11375 11180
f 11375 11376 11180
f 11376 11377 11180
f 11377 11378 11180
f 11378 11373 11180
f 11223 11379 11163
f 11379 11380 11163
f 11380 11164 11163
f 11380 11381 11164
f 11381 11382 11164
f 11382 11383 11164
f 11383 11166 11164
f 11166 11165 11164
f 11374 11384 11175
f 11384 11176 11175
f 11384 11385 11176
f 11385 11371 11176
f 11371 11177 11176
f 11172 11386 11173
f 11386 11372 11173
f 11171 11387 11172
f 11387 11386 11172
f 11170 11388 11171
f 11388 11389 11171
f 11389 11387 11171
f 11169 11390 11170
f 11390 11391 11170
f 11391 11392 11170
f 11392 11388 11170
f 11168 11393 11169
f 11393 11390 11169
f 11167 11393 11168
f 11166 11394 11167
f 11394 11395 11167
f 11395 11393 11167
f 11383 11396 11166
f 11396 11397 11166
f 11397 11394 11166
f 11398 11192 11193
f 11399 11398 11193
f 11276 11399 11193
f 11400 11191 11192
f 11398 11400 11192
f 11401 11354 11191
f 11400 11401 11191
f 11155 11402 11150
f 11402 11403 11150
f 11403 11404 11150
f 11404 11151 11150
f 11188 11405 11189
f 11405 11252 11189
f 11404 11152 11151
f 11187 11186 11188
f 11186 11405 11188
f 11333 11406 11186
f 11406 11405 11186
f 11185 11407 11183
f 11407 11312 11183
f 11312 11184 11183
f 11158 11408 11156
f 11408 11319 11156
f 11157 11366 11158
f 11366 11409 11158
f 11409 11410 11158
f 11410 11408 11158
f 11372 11386 11155
f 11386 11402 11155
f 11152 11404 11153
f 11404 11411 11153
f 11411 11367 11153
f 11412 11298 11299
f 11413 11412 11299
f 11414 11413 11299
f 11415 11414 11299
f 11416 11415 11299
f 11370 11416 11299
f 11297 11370 11299
f 11417 11213 11251
f 11412 11417 11251
f 11298 11412 11251
f 11418 11270 11271
f 11419 11418 11271
f 11301 11419 11271
f 11300 11301 11271
f 11420 11419 11301
f 11421 11420 11301
f 11307 11421 11301
f 11260 11422 11302
f 11422 11303 11302
f 11422 11423 11303
f 11423 11424 11303
f 11424 11304 11303
f 11424 11425 11304
f 11425 11305 11304
f 11425 11426 11305
f 11426 11311 11305
f 11311 11306 11305
f 11427 11421 11307
f 11310 11428 11308
f 11428 11429 11308
f 11429 11427 11308
f 11311 11430 11309
f 11430 11310 11309
f 11431 11428 11310
f 11430 11431 11310
f 11426 11432 11311
f 11432 11433 11311
f 11433 11434 11311
f 11434 11431 11311
f 11431 11430 11311
f 11435 11278 11279
f 11436 11435 11279
f 11280 11436 11279
f 11281 11436 11280
f 11437 11436 11281
f 11438 11437 11281
f 11439 11438 11281
f 11288 11439 11281
f 11282 11288 11281
f 11440 10883 11283
f 11441 11440 11283
f 11284 11441 11283
f 11442 11441 11284
f 11285 11442 11284
f 11286 11442 11285
f 11443 11442 11286
f 11287 11443 11286
f 11444 11443 11287
f 11445 11444 11287
f 11278 11445 11287
f 11277 11278 11287
f 11446 11439 11288
f 11447 11446 11288
f 11448 11447 11288
f 11289 11448 11288
f 11449 11448 11289
f 11290 11449 11289
f 11450 11449 11290
f 11292 11450 11290
f 11291 11292 11290
f 11451 11450 11292
f 11293 11451 11292
f 11452 11451 11293
f 11453 11452 11293
f 11295 11453 11293
f 11294 11295 11293
f 11454 11453 11295
f 11209 11454 11295
f 11296 11209 11295
f 11208 11209 11296
f 11336 11455 11241
f 11455 11242 11241
f 11335 11456 11336
f 11456 11457 11336
f 11457 11455 11336
f 11346 11345 11337
f 11345 11458 11337
f 11458 11459 11337
f 11459 11460 11337
f 11460 11338 11337
f 11460 11214 11338
f 11214 11339 11338
f 11460 11461 11214
f 11461 11375 11214
f 10883 11462 11340
f 11462 11463 11340
f 11463 11341 11340
f 11463 11464 11341
f 11464 11342 11341
f 11342 11465 11343
f 11465 11466 11343
f 11466 11467 11343
f 11467 11468 11343
f 11468 11344 11343
f 11468 11469 11344
f 11469 11470 11344
f 11470 11471 11344
f 11471 11345 11344
f 11472 11352 11347
f 11473 11472 11347
f 11474 11473 11347
f 11475 11474 11347
f 11348 11475 11347
f 11350 11475 11348
f 11349 11350 11348
f 11476 11475 11350
f 11401 11476 11350
f 11354 11401 11350
f 11351 11354 11350
f 11407 11477 11312
f 11477 11313 11312
f 11477 11478 11313
f 11478 11479 11313
f 11479 11315 11313
f 11315 11314 11313
f 11479 11480 11315
f 11480 11481 11315
f 11481 11317 11315
f 11317 11316 11315
f 11481 11482 11317
f 11482 11483 11317
f 11483 11318 11317
f 11483 11484 11318
f 11484 11485 11318
f 11485 11274 11318
f 11274 11273 11318
f 11408 11486 11319
f 11486 11487 11319
f 11487 11488 11319
f 11488 11321 11319
f 11321 11320 11319
f 11488 11489 11321
f 11489 11217 11321
f 11217 11216 11321
f 11250 11490 11322
f 11490 11491 11322
f 11491 11492 11322
f 11492 11323 11322
f 11492 11493 11323
f 11493 11324 11323
f 11493 11325 11324
f 11493 11494 11325
f 11494 11495 11325
f 11495 11496 11325
f 11496 11497 11325
f 11497 11326 11325
f 11497 11327 11326
f 11497 11498 11327
f 11498 11499 11327
f 11499 11328 11327
f 11499 11329 11328
f 11499 11500 11329
f 11500 11330 11329
f 11500 11501 11330
f 11501 11502 11330
f 11502 11331 11330
f 11502 11332 11331
f 11502 11503 11332
f 11503 11504 11332
f 11504 11333 11332
f 11504 11406 11333
f 11361 11456 11334
f 11456 11335 11334
f 11217 11505 11218
f 11505 11506 11218
f 11506 11507 11218
f 11507 11508 11218
f 11508 11219 11218
f 11508 11509 11219
f 11509 11221 11219
f 11221 11220 11219
f 11509 11510 11221
f 11510 11511 11221
f 11511 11512 11221
f 11512 11222 11221
f 11512 11513 11222
f 11513 11238 11222
f 11514 11379 11223
f 11515 11514 11223
f 11224 11515 11223
f 11516 11515 11224
f 11517 11516 11224
f 11518 11517 11224
f 11225 11518 11224
f 11242 11455 11363
f 11455 11519 11363
f 11519 11520 11363
f 11520 11364 11363
f 11520 11365 11364
f 11520 11521 11365
f 11521 11522 11365
f 11522 11409 11365
f 11409 11366 11365
f 11387 11523 11386
f 11523 11402 11386
f 11385 11524 11371
f 11524 11370 11371
f 11384 11525 11385
f 11525 11526 11385
f 11526 11524 11385
f 11374 11527 11384
f 11527 11525 11384
f 11373 11378 11374
f 11378 11377 11374
f 11377 11527 11374
f 11382 11528 11383
f 11528 11529 11383
f 11529 11396 11383
f 11381 11530 11382
f 11530 11531 11382
f 11531 11528 11382
f 11380 11532 11381
f 11532 11533 11381
f 11533 11534 11381
f 11534 11535 11381
f 11535 11536 11381
f 11536 11530 11381
f 11379 11537 11380
f 11537 11532 11380
f 11514 11537 11379
f 11376 11538 11377
f 11538 11539 11377
f 11539 11526 11377
f 11526 11525 11377
f 11525 11527 11377
f 11375 11540 11376
f 11540 11538 11376
f 11461 11540 11375
f 11541 11416 11370
f 11542 11541 11370
f 11524 11542 11370
f 11369 11543 11357
f 11543 11358 11357
f 11368 11544 11369
f 11544 11545 11369
f 11545 11546 11369
f 11546 11547 11369
f 11547 11543 11369
f 11411 11548 11367
f 11548 11549 11367
f 11549 11550 11367
f 11550 11368 11367
f 11358 11543 11359
f 11551 11205 11206
f 11210 11454 11209
f 11552 11454 11210
f 11553 11552 11210
f 11211 11553 11210
f 11417 11553 11211
f 11212 11417 11211
f 11213 11417 11212
f 11489 11554 11217
f 11554 11505 11217
f 11265 11264 11263
f 11264 11262 11261
f 11265 11267 11264
f 11267 11555 11264
f 11555 11262 11264
f 11255 11556 11266
f 11556 11557 11266
f 11557 11555 11266
f 11555 11267 11266
f 11558 11272 11269
f 11559 11558 11269
f 11560 11559 11269
f 11270 11560 11269
f 11418 11560 11270
f 11561 11518 11225
f 11226 11561 11225
f 11458 11470 11459
f 11470 11562 11459
f 11562 11563 11459
f 11563 11540 11459
f 11540 11461 11459
f 11461 11460 11459
f 11498 11564 11499
f 11564 11565 11499
f 11565 11566 11499
f 11566 11567 11499
f 11567 11500 11499
f 11568 11237 11203
f 11569 11568 11203
f 11570 11569 11203
f 11204 11570 11203
f 11513 11571 11238
f 11571 11239 11238
f 11571 11572 11239
f 11572 11244 11239
f 11244 11240 11239
f 11244 11243 11240
f 11249 11572 11250
f 11572 11490 11250
f 11405 11406 11252
f 11406 11253 11252
f 11406 11504 11253
f 11504 11256 11253
f 11573 11446 11447
f 11574 11573 11447
f 11575 11574 11447
f 11448 11575 11447
f 11449 11575 11448
f 11572 11571 11490
f 11571 11576 11490
f 11576 11577 11490
f 11577 11491 11490
f 11488 11578 11489
f 11578 11579 11489
f 11579 11580 11489
f 11580 11554 11489
f 11511 11581 11512
f 11581 11582 11512
f 11582 11583 11512
f 11583 11513 11512
f 11583 11576 11513
f 11576 11571 11513
f 11487 11584 11488
f 11584 11578 11488
f 11585 11537 11514
f 11586 11585 11514
f 11515 11586 11514
f 11587 11229 11230
f 11588 11587 11230
f 11232 11588 11230
f 11231 11232 11230
f 11227 11228 11229
f 11589 11227 11229
f 11590 11589 11229
f 11587 11590 11229
f 11591 11588 11232
f 11592 11591 11232
f 11593 11592 11232
f 11233 11593 11232
f 11594 11399 11276
f 11595 11594 11276
f 11275 11595 11276
f 11246 11595 11275
f 11247 11246 11275
f 11274 11596 11257
f 11596 11597 11257
f 11597 11258 11257
f 11598 11445 11278
f 11599 11598 11278
f 11435 11599 11278
f 11600 11575 11449
f 11415 11600 11449
f 11450 11415 11449
f 11414 11415 11450
f 11413 11414 11450
f 11451 11413 11450
f 11452 11413 11451
f 11552 11413 11452
f 11454 11552 11452
f 11453 11454 11452
f 11478 11480 11479
f 11478 11601 11480
f 11601 11602 11480
f 11602 11482 11480
f 11482 11481 11480
f 11602 11603 11482
f 11603 11604 11482
f 11604 11483 11482
f 11604 11605 11483
f 11605 11484 11483
f 11529 11397 11396
f 11536 11606 11530
f 11606 11531 11530
f 11606 11607 11531
f 11607 11608 11531
f 11608 11529 11531
f 11529 11528 11531
f 11537 11609 11532
f 11609 11610 11532
f 11610 11533 11532
f 11610 11611 11533
f 11611 11612 11533
f 11612 11534 11533
f 11612 11613 11534
f 11613 11535 11534
f 11462 11614 11463
f 11614 11615 11463
f 11615 11616 11463
f 11616 11465 11463
f 11465 11464 11463
f 11617 11248 11245
f 11355 11617 11245
f 11248 11595 11246
f 11594 11595 11248
f 11618 11594 11248
f 11619 11618 11248
f 11617 11619 11248
f 11244 11572 11249
f 11410 11620 11408
f 11620 11486 11408
f 11523 11621 11402
f 11621 11548 11402
f 11548 11403 11402
f 11403 11548 11404
f 11548 11411 11404
f 11389 11523 11387
f 11423 11622 11424
f 11622 11623 11424
f 11623 11624 11424
f 11624 11625 11424
f 11625 11425 11424
f 11392 11389 11388
f 11626 10883 11440
f 11627 11626 11440
f 11441 11627 11440
f 11553 11417 11412
f 11413 11553 11412
f 11504 11628 11256
f 11628 11556 11256
f 11556 11255 11256
f 11255 11254 11256
f 11400 11398 11399
f 11629 11400 11399
f 11630 11629 11399
f 11631 11630 11399
f 11618 11631 11399
f 11594 11618 11399
f 11597 11632 11258
f 11632 11422 11258
f 11422 11259 11258
f 11422 11260 11259
f 11361 11360 11456
f 11360 11633 11456
f 11633 11634 11456
f 11634 11457 11456
f 11629 11476 11401
f 11400 11629 11401
f 11407 11478 11477
f 11567 11635 11500
f 11635 11501 11500
f 11635 11502 11501
f 11635 11636 11502
f 11636 11628 11502
f 11628 11503 11502
f 11628 11504 11503
f 11637 11593 11233
f 11568 11637 11233
f 11234 11568 11233
f 11235 11568 11234
f 11237 11568 11235
f 11236 11237 11235
f 11638 11560 11418
f 11420 11638 11418
f 11419 11420 11418
f 11526 11542 11524
f 11539 11639 11526
f 11639 11640 11526
f 11640 11542 11526
f 11600 11415 11416
f 11641 11600 11416
f 11541 11641 11416
f 11552 11553 11413
f 11608 11642 11529
f 11642 11643 11529
f 11643 11397 11529
f 11497 11644 11498
f 11644 11564 11498
f 11491 11577 11492
f 11577 11645 11492
f 11645 11646 11492
f 11646 11493 11492
f 11646 11494 11493
f 11646 11647 11494
f 11647 11648 11494
f 11648 11495 11494
f 11648 11649 11495
f 11649 11496 11495
f 11397 11395 11394
f 11649 11644 11496
f 11644 11497 11496
f 11643 11650 11397
f 11650 11395 11397
f 11395 11650 11393
f 11650 11390 11393
f 11651 11427 11429
f 11652 11651 11429
f 11654 11638 11420
f 11655 11654 11420
f 11656 11655 11420
f 11427 11656 11420
f 11421 11427 11420
f 11657 11428 11431
f 11658 11657 11431
f 11659 11658 11431
f 11433 11659 11431
f 11434 11433 11431
f 11570 11204 11205
f 11660 11570 11205
f 11551 11660 11205
f 11661 11660 11551
f 11605 11662 11484
f 11662 11663 11484
f 11663 11596 11484
f 11596 11485 11484
f 11596 11274 11485
f 11620 11664 11486
f 11664 11665 11486
f 11665 11584 11486
f 11584 11487 11486
f 11613 11536 11535
f 11613 11666 11536
f 11666 11606 11536
f 11585 11609 11537
f 11467 11667 11468
f 11667 11469 11468
f 11667 11438 11469
f 11438 11668 11469
f 11668 11669 11469
f 11669 11562 11469
f 11562 11470 11469
f 11458 11471 11470
f 11465 11342 11464
f 11670 11587 11588
f 11591 11670 11588
f 11671 11591 11592
f 11593 11671 11592
f 11672 11671 11593
f 11673 11672 11593
f 11674 11673 11593
f 11569 11674 11593
f 11637 11569 11593
f 11675 11561 11226
f 11589 11675 11226
f 11227 11589 11226
f 11663 11597 11596
f 11663 11662 11597
f 11662 11676 11597
f 11676 11677 11597
f 11677 11632 11597
f 11444 11445 11598
f 11616 11444 11598
f 11465 11616 11598
f 11466 11465 11598
f 11467 11466 11598
f 11599 11467 11598
f 11678 11670 11591
f 11672 11678 11591
f 11671 11672 11591
f 11679 11590 11587
f 11670 11679 11587
f 11607 11680 11608
f 11680 11681 11608
f 11681 11682 11608
f 11682 11642 11608
f 11585 11586 11609
f 11586 11610 11609
f 11586 11683 11610
f 11683 11684 11610
f 11684 11685 11610
f 11685 11611 11610
f 11685 11612 11611
f 11389 11686 11523
f 11686 11621 11523
f 11685 11687 11612
f 11687 11688 11612
f 11688 11613 11612
f 11522 11689 11409
f 11689 11690 11409
f 11690 11410 11409
f 11688 11691 11613
f 11691 11666 11613
f 11521 11692 11522
f 11692 11689 11522
f 11520 11693 11521
f 11693 11694 11521
f 11694 11695 11521
f 11695 11692 11521
f 11696 11268 11272
f 11697 11696 11272
f 11558 11697 11272
f 11462 11626 11614
f 11626 11627 11614
f 11627 11442 11614
f 11442 11443 11614
f 11443 11444 11614
f 11444 11616 11614
f 11616 11615 11614
f 11675 11589 11590
f 11698 11675 11590
f 11699 11698 11590
f 11700 11699 11590
f 11679 11700 11590
f 11564 11701 11565
f 11701 11566 11565
f 11701 11567 11566
f 11702 11438 11573
f 11563 11702 11573
f 11703 11563 11573
f 11640 11703 11573
f 11641 11640 11573
f 11574 11641 11573
f 11701 11635 11567
f 11438 11439 11446
f 11573 11438 11446
f 11625 11704 11425
f 11704 11426 11425
f 11704 11705 11426
f 11705 11432 11426
f 11657 11653 11428
f 11667 11467 11599
f 11437 11667 11599
f 11435 11437 11599
f 11436 11437 11435
f 11641 11575 11600
f 11362 11706 11355
f 11706 11617 11355
f 11707 11601 11478
f 11707 11708 11601
f 11708 11603 11601
f 11603 11602 11601
f 11708 11709 11603
f 11709 11710 11603
f 11710 11711 11603
f 11711 11605 11603
f 11605 11604 11603
f 11516 11712 11515
f 11712 11713 11515
f 11713 11586 11515
f 11644 11714 11564
f 11714 11715 11564
f 11715 11701 11564
f 11627 11441 11442
f 11654 11559 11560
f 11638 11654 11560
f 11716 11518 11561
f 11717 11716 11561
f 11718 11717 11561
f 11698 11718 11561
f 11675 11698 11561
f 11640 11641 11541
f 11542 11640 11541
f 11719 11475 11476
f 11630 11719 11476
f 11629 11630 11476
f 11719 11474 11475
f 11720 11473 11474
f 11719 11720 11474
f 11509 11508 11510
f 11508 11721 11510
f 11721 11722 11510
f 11722 11723 11510
f 11723 11581 11510
f 11581 11511 11510
f 11650 11391 11390
f 11507 11724 11508
f 11724 11725 11508
f 11725 11721 11508
f 11506 11726 11507
f 11726 11724 11507
f 11505 11554 11506
f 11554 11727 11506
f 11727 11728 11506
f 11728 11726 11506
f 11628 11729 11556
f 11729 11730 11556
f 11730 11557 11556
f 11730 11555 11557
f 11731 11697 11558
f 11654 11731 11558
f 11559 11654 11558
f 11669 11702 11562
f 11702 11563 11562
f 11538 11540 11563
f 11703 11538 11563
f 11391 11650 11392
f 11650 11732 11392
f 11732 11733 11392
f 11733 11686 11392
f 11686 11389 11392
f 11734 11517 11518
f 11735 11734 11518
f 11716 11735 11518
f 11711 11736 11605
f 11736 11662 11605
f 11737 11516 11517
f 11738 11737 11517
f 11734 11738 11517
f 11739 11712 11516
f 11740 11739 11516
f 11741 11740 11516
f 11742 11741 11516
f 11738 11742 11516
f 11737 11738 11516
f 11690 11743 11410
f 11743 11620 11410
f 11666 11744 11606
f 11744 11607 11606
f 11744 11745 11607
f 11745 11680 11607
f 11746 11472 11473
f 11747 11746 11473
f 11720 11747 11473
f 11746 11352 11472
f 11705 11748 11432
f 11748 11749 11432
f 11749 11433 11432
f 11749 11750 11433
f 11750 11658 11433
f 11658 11659 11433
f 11458 11345 11471
f 11457 11751 11455
f 11751 11752 11455
f 11752 11519 11455
f 11438 11667 11437
f 11702 11668 11438
f 11634 11753 11457
f 11753 11751 11457
f 11682 11754 11642
f 11754 11643 11642
f 11754 11732 11643
f 11732 11650 11643
f 11649 11755 11644
f 11755 11714 11644
f 11576 11756 11577
f 11756 11757 11577
f 11757 11645 11577
f 11757 11758 11645
f 11758 11759 11645
f 11759 11646 11645
f 11759 11647 11646
f 11759 11760 11647
f 11760 11649 11647
f 11649 11648 11647
f 11760 11755 11649
f 11656 11427 11651
f 11761 11656 11651
f 11762 11761 11651
f 11763 11762 11651
f 11652 11763 11651
f 11764 11763 11652
f 11765 11764 11652
f 11766 11765 11652
f 11701 11730 11635
f 11730 11636 11635
f 11730 11729 11636
f 11729 11628 11636
f 11568 11569 11637
f 11703 11640 11639
f 11538 11703 11639
f 11539 11538 11639
f 11574 11575 11641
f 11767 11660 11661
f 11768 11767 11661
f 11769 11768 11661
f 11736 11770 11662
f 11770 11676 11662
f 11743 11771 11620
f 11771 11664 11620
f 11771 11772 11664
f 11772 11773 11664
f 11773 11665 11664
f 11773 11774 11665
f 11774 11584 11665
f 11774 11580 11584
f 11580 11579 11584
f 11579 11578 11584
f 11691 11775 11666
f 11775 11744 11666
f 11702 11669 11668
f 11657 11776 11653
f 11776 11766 11653
f 11777 11731 11654
f 11655 11777 11654
f 11778 11777 11655
f 11761 11778 11655
f 11656 11761 11655
f 11658 11776 11657
f 11750 11779 11658
f 11779 11776 11658
f 11546 11780 11547
f 11674 11569 11570
f 11673 11674 11570
f 11660 11673 11570
f 11672 11673 11660
f 11767 11672 11660
f 11632 11781 11422
f 11781 11622 11422
f 11622 11423 11422
f 11752 11693 11519
f 11693 11520 11519
f 11368 11782 11544
f 11782 11545 11544
f 11782 11783 11545
f 11783 11784 11545
f 11784 11780 11545
f 11780 11546 11545
f 11621 11686 11548
f 11686 11549 11548
f 11686 11550 11549
f 11583 11785 11576
f 11785 11786 11576
f 11786 11756 11576
f 11774 11787 11580
f 11787 11788 11580
f 11788 11727 11580
f 11727 11554 11580
f 11723 11789 11581
f 11789 11790 11581
f 11790 11791 11581
f 11791 11582 11581
f 11791 11583 11582
f 11791 11785 11583
f 11713 11792 11586
f 11792 11683 11586
f 11781 11793 11622
f 11793 11794 11622
f 11794 11623 11622
f 11794 11795 11623
f 11795 11796 11623
f 11796 11624 11623
f 11796 11797 11624
f 11797 11798 11624
f 11798 11625 11624
f 11798 11705 11625
f 11705 11704 11625
f 11720 11719 11630
f 11799 11720 11630
f 11800 11799 11630
f 11631 11800 11630
f 11619 11800 11631
f 11618 11619 11631
f 11677 11793 11632
f 11793 11781 11632
f 11706 11619 11617
f 11801 11800 11619
f 11706 11801 11619
f 11802 11679 11670
f 11803 11802 11670
f 11804 11803 11670
f 11672 11804 11670
f 11678 11672 11670
f 11805 11804 11672
f 11768 11805 11672
f 11767 11768 11672
f 11770 11806 11676
f 11806 11677 11676
f 11806 11794 11677
f 11794 11793 11677
f 11802 11700 11679
f 11745 11807 11680
f 11807 11808 11680
f 11808 11809 11680
f 11809 11682 11680
f 11682 11681 11680
f 11809 11810 11682
f 11810 11811 11682
f 11811 11754 11682
f 11792 11812 11683
f 11812 11813 11683
f 11813 11684 11683
f 11813 11685 11684
f 11813 11687 11685
f 11733 11550 11686
f 11813 11814 11687
f 11814 11688 11687
f 11814 11815 11688
f 11815 11691 11688
f 11692 11816 11689
f 11816 11817 11689
f 11817 11690 11689
f 11817 11743 11690
f 11815 11775 11691
f 11695 11818 11692
f 11818 11816 11692
f 11752 11753 11693
f 11753 11819 11693
f 11819 11820 11693
f 11820 11694 11693
f 11820 11821 11694
f 11821 11695 11694
f 11821 11822 11695
f 11822 11818 11695
f 11823 11268 11696
f 11824 11823 11696
f 11825 11824 11696
f 11697 11825 11696
f 11826 11825 11697
f 11827 11826 11697
f 11777 11827 11697
f 11731 11777 11697
f 11828 11718 11698
f 11829 11828 11698
f 11699 11829 11698
f 11830 11829 11699
f 11700 11830 11699
f 11831 11830 11700
f 11802 11831 11700
f 11798 11832 11705
f 11832 11833 11705
f 11833 11834 11705
f 11834 11748 11705
f 11362 11801 11706
f 11835 11709 11707
f 11709 11708 11707
f 11835 11836 11709
f 11836 11837 11709
f 11837 11736 11709
f 11736 11710 11709
f 11736 11711 11710
f 11739 11838 11712
f 11838 11713 11712
f 11838 11839 11713
f 11839 11840 11713
f 11840 11792 11713
f 11841 11735 11716
f 11717 11841 11716
f 11842 11841 11717
f 11843 11842 11717
f 11828 11843 11717
f 11718 11828 11717
f 11801 11747 11720
f 11799 11801 11720
f 11725 11722 11721
f 11725 11844 11722
f 11844 11845 11722
f 11845 11789 11722
f 11789 11723 11722
f 11726 11846 11724
f 11846 11725 11724
f 11846 11844 11725
f 11728 11847 11726
f 11847 11846 11726
f 11788 11848 11727
f 11848 11728 11727
f 11848 11847 11728
f 11754 11811 11732
f 11811 11849 11732
f 11849 11733 11732
f 11849 11850 11733
f 11850 11782 11733
f 11782 11550 11733
f 11851 11738 11734
f 11735 11851 11734
f 11852 11851 11735
f 11841 11852 11735
f 11837 11853 11736
f 11853 11854 11736
f 11854 11770 11736
f 11855 11742 11738
f 11856 11855 11738
f 11857 11856 11738
f 11851 11857 11738
f 11740 11858 11739
f 11858 11859 11739
f 11859 11860 11739
f 11860 11839 11739
f 11839 11838 11739
f 11861 11858 11740
f 11862 11861 11740
f 11855 11862 11740
f 11742 11855 11740
f 11741 11742 11740
f 11817 11863 11743
f 11863 11771 11743
f 11775 11864 11744
f 11864 11745 11744
f 11864 11865 11745
f 11865 11807 11745
f 11747 11352 11746
f 11801 11352 11747
f 11834 11866 11748
f 11866 11867 11748
f 11867 11750 11749
f 11748 11867 11749
f 11867 11866 11750
f 11866 11779 11750
f 11753 11752 11751
f 11786 11869 11756
f 11869 11758 11756
f 11758 11757 11756
f 11869 11870 11758
f 11870 11871 11758
f 11871 11872 11758
f 11872 11873 11758
f 11873 11759 11758
f 11874 11778 11761
f 11875 11874 11761
f 11762 11875 11761
f 11876 11875 11762
f 11764 11876 11762
f 11763 11764 11762
f 11877 11876 11764
f 11878 11877 11764
f 11879 11878 11764
f 11880 11805 11768
f 11769 11880 11768
f 11854 11794 11770
f 11794 11806 11770
f 11863 11881 11771
f 11881 11882 11771
f 11882 11883 11771
f 11883 11772 11771
f 11883 11884 11772
f 11884 11773 11772
f 11884 11787 11773
f 11787 11774 11773
f 11815 11885 11775
f 11885 11864 11775
f 11779 11886 11776
f 11886 11887 11776
f 11887 11888 11776
f 11888 11766 11776
f 11889 11827 11777
f 11874 11889 11777
f 11778 11874 11777
f 11866 11890 11779
f 11890 11891 11779
f 11891 11892 11779
f 11892 11886 11779
f 11784 11868 11780
f 11782 11850 11783
f 11850 11893 11783
f 11893 11868 11783
f 11868 11784 11783
f 11791 11894 11785
f 11894 11895 11785
f 11895 11870 11785
f 11870 11786 11785
f 11870 11869 11786
f 11884 11896 11787
f 11896 11848 11787
f 11848 11788 11787
f 11845 11897 11789
f 11897 11898 11789
f 11898 11895 11789
f 11895 11894 11789
f 11894 11790 11789
f 11894 11791 11790
f 11840 11812 11792
f 11854 11899 11794
f 11899 11900 11794
f 11900 11795 11794
f 11900 11901 11795
f 11901 11796 11795
f 11901 11902 11796
f 11902 11903 11796
f 11903 11797 11796
f 11903 11798 11797
f 11903 11904 11798
f 11904 11832 11798
f 11800 11801 11799
f 11905 11831 11802
f 11906 11905 11802
f 11907 11906 11802
f 11803 11907 11802
f 11804 11907 11803
f 11880 11907 11804
f 11805 11880 11804
f 11908 11909 11807
f 11909 11808 11807
f 11909 11910 11808
f 11910 11911 11808
f 11911 11809 11808
f 11849 11811 11810
f 11840 11912 11812
f 11912 11913 11812
f 11913 11813 11812
f 11913 11914 11813
f 11914 11814 11813
f 11914 11915 11814
f 11915 11916 11814
f 11916 11815 11814
f 11916 11917 11815
f 11917 11885 11815
f 11818 11918 11816
f 11918 11817 11816
f 11918 11919 11817
f 11919 11863 11817
f 11822 11920 11818
f 11920 11921 11818
f 11921 11918 11818
f 11823 11050 11268
f 11922 11050 11823
f 11824 11922 11823
f 11923 11922 11824
f 11924 11923 11824
f 11825 11924 11824
f 11826 11924 11825
f 11925 11924 11826
f 11926 11925 11826
f 11889 11926 11826
f 11827 11889 11826
f 11927 11843 11828
f 11829 11927 11828
f 11928 11927 11829
f 11830 11928 11829
f 11831 11929 11830
f 11905 11929 11831
f 11904 11930 11832
f 11930 11833 11832
f 11930 11931 11833
f 11931 11834 11833
f 11931 11932 11834
f 11932 11890 11834
f 11890 11866 11834
f 11835 11933 11836
f 11933 11934 11836
f 11934 11935 11836
f 11935 11853 11836
f 11853 11837 11836
f 11860 11936 11839
f 11936 11840 11839
f 11936 11937 11840
f 11937 11938 11840
f 11938 11912 11840
f 11939 11852 11841
f 11842 11939 11841
f 11940 11939 11842
f 11941 11940 11842
f 11927 11941 11842
f 11843 11927 11842
f 11846 11942 11844
f 11942 11943 11844
f 11943 11897 11844
f 11897 11845 11844
f 11847 11944 11846
f 11944 11942 11846
f 11848 11945 11847
f 11945 11946 11847
f 11946 11944 11847
f 11896 11947 11848
f 11947 11948 11848
f 11948 11945 11848
f 11849 11893 11850
f 11949 11857 11851
f 11950 11949 11851
f 11852 11950 11851
f 11939 11950 11852
f 11935 11951 11853
f 11951 11899 11853
f 11899 11854 11853
f 11952 11862 11855
f 11857 11952 11855
f 11856 11857 11855
f 11953 11952 11857
f 11954 11953 11857
f 11955 11954 11857
f 11956 11955 11857
f 11949 11956 11857
f 11861 11957 11858
f 11957 11958 11858
f 11958 11959 11858
f 11959 11960 11858
f 11960 11859 11858
f 11961 11889 11874
f 11962 11961 11874
f 11875 11962 11874
f 11892 11963 11886
f 11963 11964 11886
f 11964 11965 11886
f 11965 11887 11886
f 11966 11926 11889
f 11962 11966 11889
f 11961 11962 11889
f 11887 11965 11888
f 11965 11967 11888
f 11967 11879 11888
f 11885 11968 11864
f 11968 11865 11864
f 11917 11968 11885
f 11895 11898 11870
f 11898 11969 11870
f 11969 11970 11870
f 11970 11971 11870
f 11971 11871 11870
f 11973 11972 11868
f 11919 11974 11863
f 11974 11975 11863
f 11975 11881 11863
f 11976 11861 11862
f 11953 11976 11862
f 11952 11953 11862
f 11977 11957 11861
f 11976 11977 11861
f 11859 11978 11860
f 11978 11979 11860
f 11979 11936 11860
f 11960 11980 11859
f 11980 11978 11859
f 11883 11981 11884
f 11981 11982 11884
f 11982 11983 11884
f 11983 11947 11884
f 11947 11896 11884
f 11882 11984 11883
f 11984 11985 11883
f 11985 11981 11883
f 11881 11986 11882
f 11986 11984 11882
f 11975 11987 11881
f 11987 11986 11881
f 11988 11907 11880
f 11989 11878 11879
f 11990 11989 11879
f 11766 11888 11879
f 11991 11877 11878
f 11989 11991 11878
f 11992 11876 11877
f 11993 11992 11877
f 11994 11993 11877
f 11995 11994 11877
f 11991 11995 11877
f 11962 11875 11876
f 11992 11962 11876
f 11872 11996 11873
f 11996 11997 11873
f 11871 11971 11872
f 11971 11998 11872
f 11998 11996 11872
f 11950 11939 11940
f 11999 11950 11940
f 12000 11999 11940
f 11941 11928 11940
f 11938 11913 11912
f 11937 11979 11938
f 11979 12001 11938
f 12001 12002 11938
f 12002 12003 11938
f 12003 11914 11938
f 11914 11913 11938
f 11936 11979 11937
f 11934 12004 11935
f 12004 11951 11935
f 11933 12005 11934
f 12005 12004 11934
f 11932 12006 11890
f 12006 11891 11890
f 11931 12007 11932
f 12007 12008 11932
f 12008 12006 11932
f 11928 11941 11927
f 11906 11988 11905
f 11903 12010 11904
f 12010 12011 11904
f 12011 12012 11904
f 12012 11930 11904
f 12012 12013 11930
f 12013 12007 11930
f 12007 11931 11930
f 11959 12014 11960
f 12014 11980 11960
f 11958 12015 11959
f 12015 12016 11959
f 12016 12017 11959
f 12017 12018 11959
f 12018 12014 11959
f 11957 12019 11958
f 12019 12020 11958
f 11964 12021 11965
f 12021 12022 11965
f 11963 12023 11964
f 12023 12021 11964
f 12024 11909 11908
f 11892 12025 11963
f 12025 12026 11963
f 12026 12027 11963
f 12027 12023 11963
f 12029 11966 11962
f 11993 12029 11962
f 11992 11993 11962
f 11916 12030 11917
f 12030 12031 11917
f 11915 12032 11916
f 12032 12033 11916
f 12033 12030 11916
f 11914 12003 11915
f 12003 12002 11915
f 12002 12032 11915
f 11925 11926 11966
f 12034 11925 11966
f 12035 12034 11966
f 12029 12035 11966
f 11901 12036 11902
f 12036 12037 11902
f 12037 12010 11902
f 12010 11903 11902
f 11907 11988 11906
f 11956 11949 11950
f 12038 11956 11950
f 11999 12038 11950
f 11948 12039 11945
f 12039 11946 11945
f 11947 11983 11948
f 11983 12040 11948
f 12040 12041 11948
f 12041 12039 11948
f 11946 12042 11944
f 12042 12043 11944
f 12043 12044 11944
f 12044 11942 11944
f 12039 12045 11946
f 12045 12046 11946
f 12046 12047 11946
f 12047 12048 11946
f 12048 12042 11946
f 12044 12049 11942
f 12049 11943 11942
f 11943 12050 11897
f 12050 11969 11897
f 11969 11898 11897
f 12049 12051 11943
f 12051 12050 11943
f 12004 12052 11951
f 12052 12053 11951
f 12053 11900 11951
f 11900 11899 11951
f 11977 11976 11953
f 12054 11977 11953
f 12055 12054 11953
f 11954 12055 11953
f 12056 12055 11954
f 11955 12056 11954
f 12057 12056 11955
f 11956 12057 11955
f 12058 12057 11956
f 12038 12058 11956
f 12059 12019 11957
f 11977 12059 11957
f 11921 11919 11918
f 11921 12060 11919
f 12060 11974 11919
f 11923 12061 11922
f 11924 12061 11923
f 11925 12061 11924
f 12062 12061 11925
f 12035 12062 11925
f 12034 12035 11925
f 11891 12006 11892
f 12006 12025 11892
f 12053 12063 11900
f 12063 12036 11900
f 12036 11901 11900
f 12007 12013 12008
f 12013 12064 12008
f 12064 12065 12008
f 12065 12006 12008
f 12065 12066 12006
f 12066 12025 12006
f 12005 12067 12004
f 12067 12052 12004
f 11978 11980 11979
f 11980 12068 11979
f 12068 12001 11979
f 12001 12068 12002
f 12068 12069 12002
f 12069 12070 12002
f 12070 12033 12002
f 12033 12032 12002
f 12038 11999 12000
f 12071 12038 12000
f 11998 12072 11996
f 12072 12073 11996
f 12073 11997 11996
f 11971 12051 11998
f 12051 12074 11998
f 12074 12075 11998
f 12075 12076 11998
f 12076 12072 11998
f 11970 12050 11971
f 12050 12051 11971
f 12073 12077 11997
f 12077 12078 11997
f 12078 11873 11997
f 12079 11995 11991
f 12080 12079 11991
f 11990 12080 11991
f 11989 11990 11991
f 12081 11994 11995
f 12082 12081 11995
f 12083 12082 11995
f 12084 12083 11995
f 12079 12084 11995
f 12085 12086 12015
f 12086 12087 12015
f 12087 12016 12015
f 12089 12088 12020
f 12059 12089 12020
f 12019 12059 12020
f 12018 12068 12014
f 12068 11980 12014
f 12017 12090 12018
f 12090 12091 12018
f 12091 12092 12018
f 12092 12069 12018
f 12069 12068 12018
f 12016 12093 12017
f 12093 12094 12017
f 12094 12090 12017
f 12087 12093 12016
f 12012 12095 12013
f 12095 12096 12013
f 12096 12097 12013
f 12097 12064 12013
f 12011 12098 12012
f 12098 12095 12012
f 12010 12099 12011
f 12099 12100 12011
f 12100 12098 12011
f 12037 12099 12010
f 12101 12102 12009
f 11985 12103 11981
f 12103 11982 11981
f 12104 12059 11977
f 12054 12104 11977
f 11974 12060 11975
f 12060 12105 11975
f 12105 11987 11975
f 11973 12028 11972
f 11969 12050 11970
f 12106 11993 11994
f 12081 12106 11994
f 12035 12029 11993
f 12106 12035 11993
f 12107 12080 11990
f 11987 12108 11986
f 12108 12109 11986
f 12109 12103 11986
f 12103 11985 11986
f 11985 11984 11986
f 12105 12110 11987
f 12110 12108 11987
f 11982 12111 11983
f 12111 12040 11983
f 12103 12111 11982
f 12023 12112 12021
f 12027 12113 12023
f 12113 12114 12023
f 12114 12112 12023
f 12066 12115 12025
f 12115 12026 12025
f 12115 12116 12026
f 12116 12117 12026
f 12117 12113 12026
f 12113 12027 12026
f 12033 12070 12030
f 12070 12118 12030
f 12119 12062 12035
f 12120 12119 12035
f 12121 12120 12035
f 12106 12121 12035
f 12063 12122 12036
f 12122 12123 12036
f 12123 12124 12036
f 12124 12099 12036
f 12099 12037 12036
f 12125 12058 12038
f 12071 12125 12038
f 12041 12126 12039
f 12126 12045 12039
f 12111 12127 12040
f 12127 12128 12040
f 12128 12041 12040
f 12128 12129 12041
f 12129 12126 12041
f 12048 12130 12042
f 12130 12074 12042
f 12074 12043 12042
f 12074 12049 12043
f 12049 12044 12043
f 12126 12046 12045
f 12126 12131 12046
f 12131 12132 12046
f 12132 12133 12046
f 12133 12047 12046
f 12133 12134 12047
f 12134 12048 12047
f 12134 12135 12048
f 12135 12075 12048
f 12075 12130 12048
f 12074 12051 12049
f 12067 12136 12052
f 12136 12122 12052
f 12122 12063 12052
f 12063 12053 12052
f 12137 12104 12054
f 12055 12137 12054
f 12138 12137 12055
f 12056 12138 12055
f 12139 12138 12056
f 12057 12139 12056
f 12058 12139 12057
f 12140 12139 12058
f 12141 12140 12058
f 12125 12141 12058
f 12142 12089 12059
f 12143 12142 12059
f 12104 12143 12059
f 12119 12061 12062
f 12097 12144 12064
f 12144 12065 12064
f 12144 12145 12065
f 12145 12146 12065
f 12146 12066 12065
f 12146 12147 12066
f 12147 12115 12066
f 12005 12136 12067
f 12092 12148 12069
f 12148 12149 12069
f 12149 12118 12069
f 12118 12070 12069
f 12076 12150 12072
f 12150 12073 12072
f 12150 12151 12073
f 12151 12077 12073
f 12130 12075 12074
f 12135 12152 12075
f 12152 12076 12075
f 12152 12150 12076
f 12151 12078 12077
f 12153 12084 12079
f 12080 12153 12079
f 12107 12153 12080
f 12121 12106 12081
f 12154 12121 12081
f 12155 12154 12081
f 12082 12155 12081
f 12083 12155 12082
f 12156 12155 12083
f 12157 12156 12083
f 12084 12157 12083
f 12158 12157 12084
f 12159 12158 12084
f 12153 12159 12084
f 12159 12153 12107
f 12099 12124 12100
f 12124 12160 12100
f 12160 12161 12100
f 12161 12162 12100
f 12162 12098 12100
f 12098 12163 12095
f 12163 12164 12095
f 12164 12096 12095
f 12162 12165 12098
f 12165 12163 12098
f 12096 12164 12097
f 12164 12166 12097
f 12166 12167 12097
f 12167 12144 12097
f 12087 12094 12093
f 12094 12168 12090
f 12168 12091 12090
f 12087 12169 12094
f 12169 12168 12094
f 12091 12170 12092
f 12170 12171 12092
f 12171 12148 12092
f 12168 12172 12091
f 12172 12170 12091
f 12173 12088 12089
f 12142 12173 12089
f 12173 12085 12088
f 12086 12174 12087
f 12174 12175 12087
f 12175 12176 12087
f 12176 12169 12087
f 12085 12174 12086
f 12173 12174 12085
f 12177 12143 12104
f 12137 12177 12104
f 12109 12178 12103
f 12178 12179 12103
f 12179 12127 12103
f 12127 12111 12103
f 12160 12123 12136
f 12123 12122 12136
f 12147 12180 12115
f 12180 12116 12115
f 12146 12181 12147
f 12181 12182 12147
f 12182 12183 12147
f 12183 12184 12147
f 12184 12180 12147
f 12145 12185 12146
f 12185 12181 12146
f 12144 12167 12145
f 12167 12185 12145
f 12186 12061 12119
f 12120 12186 12119
f 12173 12142 12143
f 12187 12173 12143
f 12177 12187 12143
f 12188 12140 12141
f 12189 12188 12141
f 12190 12139 12140
f 12191 12138 12139
f 12192 12191 12139
f 12193 12192 12139
f 12190 12193 12139
f 12177 12137 12138
f 12191 12177 12138
f 12134 12194 12135
f 12194 12152 12135
f 12133 12195 12134
f 12195 12196 12134
f 12196 12194 12134
f 12132 12197 12133
f 12197 12195 12133
f 12198 12158 12159
f 12199 12198 12159
f 12199 12157 12158
f 12198 12199 12158
f 12200 12156 12157
f 12201 12200 12157
f 12199 12201 12157
f 12202 12155 12156
f 12203 12202 12156
f 12200 12203 12156
f 12204 12154 12155
f 12205 12204 12155
f 12206 12205 12155
f 12202 12206 12155
f 12207 12121 12154
f 12204 12207 12154
f 12186 12120 12121
f 12207 12186 12121
f 12152 12208 12150
f 12208 12151 12150
f 12194 12208 12152
f 12149 12209 12118
f 12209 12210 12118
f 12148 12211 12149
f 12211 12209 12149
f 12171 12211 12148
f 12117 12212 12113
f 12212 12213 12113
f 12213 12114 12113
f 12116 12180 12117
f 12180 12214 12117
f 12214 12215 12117
f 12215 12212 12117
f 12110 12216 12108
f 12216 12178 12108
f 12178 12109 12108
f 12218 12217 12110
f 12217 12178 12110
f 12178 12216 12110
f 12131 12219 12132
f 12219 12220 12132
f 12220 12197 12132
f 12126 12129 12131
f 12129 12221 12131
f 12221 12222 12131
f 12222 12219 12131
f 12128 12223 12129
f 12223 12224 12129
f 12224 12225 12129
f 12225 12221 12129
f 12127 12226 12128
f 12226 12227 12128
f 12227 12223 12128
f 12179 12226 12127
f 12123 12160 12124
f 12160 12162 12161
f 12160 12228 12162
f 12228 12165 12162
f 12165 12229 12163
f 12229 12230 12163
f 12230 12164 12163
f 12230 12167 12164
f 12167 12166 12164
f 12228 12229 12165
f 12230 12231 12167
f 12231 12232 12167
f 12232 12233 12167
f 12233 12185 12167
f 12169 12234 12168
f 12234 12172 12168
f 12176 12234 12169
f 12172 12235 12170
f 12235 12171 12170
f 12235 12188 12171
f 12188 12189 12171
f 12189 12211 12171
f 12187 12174 12173
f 12187 12175 12174
f 12236 12187 12177
f 12191 12236 12177
f 12217 12237 12178
f 12237 12227 12178
f 12227 12226 12178
f 12226 12179 12178
f 12184 12238 12180
f 12238 12214 12180
f 12185 12233 12181
f 12233 12239 12181
f 12239 12182 12181
f 12239 12240 12182
f 12240 12183 12182
f 12240 12241 12183
f 12241 12242 12183
f 12242 12238 12183
f 12238 12184 12183
f 12207 12204 12186
f 12209 12211 12189
f 12193 12236 12191
f 12192 12193 12191
f 12196 12197 12194
f 12197 12208 12194
f 12197 12196 12195
f 12220 12208 12197
f 12244 12243 12199
f 12243 12245 12199
f 12245 12201 12199
f 12246 12203 12200
f 12245 12246 12200
f 12201 12245 12200
f 12203 12206 12202
f 12247 12206 12203
f 12248 12247 12203
f 12246 12248 12203
f 12249 12186 12204
f 12205 12249 12204
f 12206 12249 12205
f 12247 12249 12206
f 12209 12250 12210
f 12215 12244 12212
f 12244 12213 12212
f 12238 12251 12214
f 12251 12215 12214
f 12251 12252 12215
f 12252 12253 12215
f 12218 12254 12217
f 12254 12237 12217
f 12222 12255 12219
f 12255 12220 12219
f 12255 12208 12220
f 12225 12222 12221
f 12225 12256 12222
f 12256 12257 12222
f 12257 12255 12222
f 12227 12258 12223
f 12258 12259 12223
f 12259 12224 12223
f 12259 12260 12224
f 12260 12225 12224
f 12260 12256 12225
f 12237 12261 12227
f 12261 12258 12227
f 12160 12262 12228
f 12262 12230 12228
f 12230 12229 12228
f 12262 12263 12230
f 12263 12231 12230
f 12263 12264 12231
f 12264 12232 12231
f 12264 12265 12232
f 12265 12233 12232
f 12265 12266 12233
f 12266 12267 12233
f 12267 12240 12233
f 12240 12239 12233
f 12254 12268 12237
f 12268 12261 12237
f 12242 12251 12238
f 12267 12269 12240
f 12269 12270 12240
f 12270 12271 12240
f 12271 12241 12240
f 12271 12251 12241
f 12251 12242 12241
f 12253 12248 12243
f 12248 12272 12243
f 12272 12245 12243
f 12248 12246 12245
f 12272 12248 12245
f 12273 12249 12247
f 12274 12273 12247
f 12275 12274 12247
f 12276 12275 12247
f 12248 12276 12247
f 12275 12276 12248
f 12271 12277 12251
f 12277 12252 12251
f 12270 12278 12271
f 12278 12279 12271
f 12279 12277 12271
f 12269 12280 12270
f 12280 12281 12270
f 12281 12278 12270
f 12267 12266 12269
f 12266 12273 12269
f 12273 12282 12269
f 12282 12280 12269
f 12268 12283 12261
f 12283 12284 12261
f 12284 12260 12261
f 12260 12259 12261
f 12259 12258 12261
f 12252 12285 12253
f 12266 12265 12273
f 12265 12286 12273
f 12286 12249 12273
f 12274 12282 12273
f 12262 12286 12263
f 12286 12264 12263
f 12286 12265 12264
f 12275 12279 12274
f 12279 12281 12274
f 12281 12280 12274
f 12280 12282 12274
f 12248 12287 12275
f 12288 12279 12275
f 12286 12186 12249
f 12260 12289 12256
f 12289 12257 12256
f 12284 12290 12260
f 12290 12291 12260
f 12291 12289 12260
f 12252 12277 12285
f 12277 12288 12285
f 12288 12287 12285
f 12287 12292 12285
f 12292 12253 12285
f 12283 12293 12284
f 12293 12294 12284
f 12294 12290 12284
f 12281 12279 12278
f 12279 12288 12277
f 12275 12287 12288
f 12291 12294 12289
f 12294 12291 12290
f 12287 12248 12292
f 12248 12253 12292
f 9212 10688 9492
f 12297 12296 12295
f 12297 12298 12296
f 12295 12298 12297
f 12301 12300 12299
f 12302 12299 12300
f 12301 12302 12300
f 12301 12303 12302
f 24 49 23
f 49 50 23
f 50 74 23
f 74 107 23
f 107 179 23
f 179 167 23
f 69 48 133
f 48 23 133
f 23 167 133
f 850 851 852
f 1975 1976 1974
f 11801 11362 11137
f 11352 11801 11137
f 11626 11462 10883
f 8830 8573 12304
f 12305 8830 12304
f 12305 12304 12289
f 12294 12305 12289
f 11759 12306 11760
f 12306 11755 11760
f 11701 12307 11730
f 12307 11555 11730
f 10688 12308 11185
f 12308 11407 11185
f 11407 12309 11478
f 12309 11707 11478
f 11050 12310 10805
f 12310 10111 10805
f 8070 12311 7798
f 12311 8069 7798
f 8330 12312 8329
f 12312 8581 8329
f 8581 12313 8322
f 12313 8321 8322
f 12257 12289 12304
f 12322 8312 8313
f 8583 8582 12321
f 12316 8579 8580
f 8836 12316 8835
f 12325 11715 11714
f 8070 7801 12321
f 8837 12316 8836
f 11701 11715 12325
f 8071 12318 7803
f 12325 11714 11755
f 7802 12321 7801
f 8583 12318 8584
f 8584 12318 8332
f 7803 12321 7802
f 12321 7803 12318
f 8837 8579 12316
f 8583 12321 12318
f 11933 12320 12005
f 11835 12320 11933
f 8308 12326 8573
f 12304 8573 12326
f 12304 12327 12257
f 12255 12257 12327
f 12255 12327 12328
f 12304 12326 12327
f 8308 12328 12326
f 12327 12326 12328
f 12322 12329 12208
f 12151 12208 12329
f 12151 12330 12331
f 8574 12331 12330
f 12078 12151 12331
f 8308 12332 12328
f 12322 12333 12332
f 12255 12328 12333
f 12332 12333 12328
f 12078 12334 12335
f 8832 12335 12334
f 11873 12078 12335
f 8309 12336 12332
f 12322 12332 12336
f 8308 8309 12332
f 8832 12334 12331
f 12078 12331 12334
f 8574 8832 12331
f 8574 12330 12337
f 12151 12337 12330
f 8314 8574 12337
f 8314 12337 12338
f 12151 12329 12337
f 12322 12338 12329
f 12337 12329 12338
f 8314 12338 8313
f 12322 8313 12338
f 12313 12339 12340
f 12316 12340 12339
f 8321 12313 12340
f 12316 12339 12341
f 12313 12341 12339
f 12314 12316 12341
f 12322 12336 8312
f 8309 8312 12336
f 11873 12335 12342
f 8832 12342 12335
f 11759 11873 12342
f 11759 12342 12343
f 8832 12343 12342
f 12306 11759 12343
f 12306 12343 12344
f 8832 12344 12343
f 11755 12306 12344
f 8835 12345 12344
f 11755 12344 12345
f 8832 8835 12344
f 11755 12345 12347
f 8835 12346 12345
f 12314 12347 12346
f 12345 12346 12347
f 12319 12349 12348
f 11262 12350 12351
f 12319 12351 12350
f 11044 11262 12351
f 12325 12352 12353
f 12314 12353 12352
f 12317 12325 12353
f 11701 12354 12355
f 12317 12355 12354
f 12307 11701 12355
f 12312 12356 12358
f 12324 12357 12356
f 12307 12358 12357
f 12356 12357 12358
f 11555 12359 12360
f 12324 12360 12359
f 11262 11555 12360
f 8971 12361 8582
f 12321 8582 12361
f 8331 12362 12363
f 12324 12363 12362
f 8330 8331 12363
f 12307 12357 12359
f 12324 12359 12357
f 11555 12307 12359
f 12314 12364 12353
f 8581 12365 12364
f 12317 12353 12365
f 12364 12365 12353
f 12315 12366 12367
f 10400 12367 12366
f 12319 12315 12367
f 11407 12368 12309
f 12323 12309 12368
f 11044 12351 12369
f 12319 12369 12351
f 10795 11044 12369
f 10125 12370 12371
f 12315 12371 12370
f 9829 10125 12371
f 10400 12366 12370
f 12315 12370 12366
f 10125 10400 12370
f 9829 12371 12372
f 12315 12372 12371
f 8971 9829 12372
f 12307 12355 12358
f 12317 12373 12355
f 12312 12358 12373
f 12355 12373 12358
f 12321 12361 12374
f 8971 12374 12361
f 8070 12321 12374
f 8330 12363 12356
f 12324 12356 12363
f 12312 8330 12356
f 12319 12350 12360
f 11262 12360 12350
f 12324 12319 12360
f 12314 12346 12316
f 8835 12316 12346
f 12319 12348 12375
f 8069 12375 12348
f 12315 12319 12375
f 8070 12374 12376
f 8971 12376 12374
f 12311 8070 12376
f 8971 12372 12376
f 12315 12377 12372
f 12311 12376 12377
f 12372 12377 12376
f 8321 12340 8580
f 12316 8580 12340
f 8585 12378 12379
f 8333 12379 12378
f 8844 8585 12379
f 8332 12380 12381
f 8071 12381 12380
f 8585 8332 12381
f 11755 12347 12352
f 12314 12352 12347
f 12325 11755 12352
f 12311 12377 12375
f 12315 12375 12377
f 8069 12311 12375
f 12312 12373 12365
f 12317 12365 12373
f 8581 12312 12365
f 12324 12362 12349
f 8331 12349 12362
f 12319 12324 12349
f 8333 12378 12381
f 8585 12381 12378
f 8071 8333 12381
f 12317 12354 12325
f 11701 12325 12354
f 8338 12382 12379
f 8844 12379 12382
f 8333 8338 12379
f 8071 12380 12318
f 8332 12318 12380
f 8931 12383 12384
f 8593 12384 12383
f 9212 8931 12384
f 8339 12385 12382
f 8844 12382 12385
f 8338 8339 12382
f 8844 12385 12386
f 8339 12386 12385
f 8931 8844 12386
f 8853 12387 12384
f 9212 12384 12387
f 8593 8853 12384
f 8593 12383 12386
f 8931 12386 12383
f 8339 8593 12386
f 9206 12388 12387
f 9212 12387 12388
f 8853 9206 12387
f 12314 12341 12364
f 12320 12389 11050
f 12310 11050 12389
f 12308 12390 12391
f 9237 12391 12390
f 11407 12308 12391
f 12323 12368 12392
f 11407 12391 12368
f 12368 12391 12392
f 12323 12393 12309
f 11707 12309 12393
f 12255 12333 12208
f 12322 12208 12333
f 10688 12394 12395
f 9206 12395 12394
f 12308 10688 12395
f 12310 12396 12397
f 12323 12397 12396
f 10111 12310 12397
f 11707 12398 11835
f 12320 11835 12398
f 12320 12399 12005
f 12136 12005 12399
f 12136 12400 12401
f 11922 12401 12400
f 12160 12136 12401
f 12323 12402 12393
f 12320 12398 12402
f 11707 12393 12398
f 12402 12398 12393
f 9813 12403 12392
f 12323 12392 12403
f 12320 12402 12389
f 12323 12396 12402
f 12310 12389 12396
f 12402 12396 12389
f 10111 12397 12403
f 12323 12403 12397
f 9813 10111 12403
f 11922 12404 11050
f 12320 11050 12404
f 12262 12405 12286
f 12186 12286 12405
f 12061 12406 12401
f 12160 12401 12406
f 11922 12061 12401
f 12160 12406 12407
f 12061 12407 12406
f 12262 12160 12407
f 12186 12405 12407
f 12262 12407 12405
f 12061 12186 12407
f 11922 12400 12404
f 12136 12399 12400
f 12320 12404 12399
f 12400 12399 12404
f 9237 12390 12395
f 12308 12395 12390
f 9206 9237 12395
f 9206 12394 12388
f 10795 12369 12367
f 12319 12367 12369
f 10400 10795 12367
f 12349 12408 12348
f 8069 12348 12408
f 8069 12408 8331
f 12349 8331 12408
f 12341 12409 12364
f 8581 12364 12409
f 8581 12409 12313
f 12341 12313 12409
f 9237 12410 12391
f 12392 12391 12410
f 12392 12410 9813
f 9237 9813 12410
f 12394 12411 12388
f 9212 12388 12411
f 9212 12411 10688
f 12394 10688 12411
f 3011 3010 12412
f 12423 3011 12412
f 12423 12412 12413
f 12422 12423 12413
f 12422 12413 12414
f 12421 12422 12414
f 12421 12414 12415
f 12420 12421 12415
f 12420 12415 12416
f 12419 12420 12416
f 12419 12416 12417
f 12418 12419 12417
f 2856 12418 12417
f 2856 12417 2811
f 12437 3030 3208
f 12437 3208 12424
f 12436 12437 12424
f 12436 12424 12425
f 12435 12436 12425
f 12435 12425 12426
f 12434 12435 12426
f 12434 12426 12427
f 12433 12434 12427
f 12433 12427 12428
f 12432 12433 12428
f 12432 12428 12429
f 12431 12432 12429
f 12431 12429 12430
f 12431 12430 3348
f 12431 3348 3160
f 5566 5565 12438
f 12453 5566 12438
f 12453 12438 12439
f 12452 12453 12439
f 12452 12439 12440
f 12451 12452 12440
f 12451 12440 12441
f 12450 12451 12441
f 12450 12441 12442
f 12449 12450 12442
f 12449 12442 12443
f 12448 12449 12443
f 12448 12443 12444
f 12447 12448 12444
f 12445 4938 4939
f 12445 4939 12446
f 12445 12446 12447
f 12444 12445 12447
f 12469 5853 6163
f 12469 6163 12454
f 12468 12469 12454
f 12468 12454 12455
f 12467 12468 12455
f 12467 12455 12456
f 12466 12467 12456
f 12466 12456 12457
f 12465 12466 12457
f 12465 12457 12458
f 12464 12465 12458
f 12464 12458 12459
f 12463 12464 12459
f 12463 12459 12460
f 12463 12460 12461
f 12462 12463 12461
f 12462 12461 5475
f 12462 5475 5203
f 7278 12470 7555
f 12470 7839 7555
f 12189 12471 12209
f 12471 12250 12209
f 12477 12210 12250
f 12477 12250 12472
f 12476 12477 12472
f 12476 12472 12473
f 12000 11940 12475
f 12474 12000 12475
f 12474 12475 12476
f 12473 12474 12476
f 12000 12474 12071
f 12473 12071 12474
f 12472 12478 12480
f 12471 12479 12478
f 12125 12480 12479
f 12478 12479 12480
f 12141 12481 12189
f 12471 12189 12481
f 12125 12479 12481
f 12471 12481 12479
f 12141 12125 12481
f 12471 12478 12250
f 12472 12250 12478
f 12473 12482 12071
f 12125 12071 12482
f 12472 12480 12482
f 12125 12482 12480
f 12473 12472 12482
f 5566 12453 5567
f 6060 12484 6059
f 5760 6059 12484
f 12446 4939 4940
f 12484 12486 12487
f 6061 12487 12486
f 12453 12488 5567
f 5855 5567 12488
f 5478 12489 12490
f 12485 12490 12489
f 5477 5478 12490
f 12451 12491 12492
f 5855 12492 12491
f 12452 12451 12492
f 12452 12492 12488
f 5855 12488 12492
f 12453 12452 12488
f 12450 12493 12494
f 12483 12494 12493
f 12451 12450 12494
f 12449 12495 12497
f 12485 12496 12495
f 12483 12497 12496
f 12495 12496 12497
f 5855 12491 12498
f 12451 12498 12491
f 6164 5855 12498
f 6164 12499 5858
f 6127 5858 12499
f 6127 12500 6366
f 6061 6366 12500
f 6061 12500 12501
f 6127 12499 12500
f 6164 12501 12499
f 12500 12499 12501
f 6164 12498 12502
f 12451 12494 12498
f 12498 12494 12502
f 6164 12502 12501
f 6061 12501 12487
f 12502 12487 12501
f 12483 12496 12503
f 12485 12503 12496
f 12447 12504 12506
f 5205 12505 12504
f 12485 12506 12505
f 12504 12505 12506
f 12447 12506 12507
f 12485 12507 12506
f 12448 12447 12507
f 12449 12497 12493
f 12483 12493 12497
f 12450 12449 12493
f 12446 12508 12504
f 5205 12504 12508
f 12447 12446 12504
f 5205 12508 4940
f 12446 4940 12508
f 6061 12486 6060
f 12484 6060 12486
f 12484 12509 5760
f 5479 5760 12509
f 5479 12509 12510
f 12484 12503 12509
f 12485 12510 12503
f 12509 12503 12510
f 5479 12510 12489
f 12485 12489 12510
f 5478 5479 12489
f 5477 12490 12511
f 12485 12511 12490
f 5476 5477 12511
f 5476 12511 12505
f 12485 12505 12511
f 5205 5476 12505
f 12448 12507 12495
f 12485 12495 12507
f 12449 12448 12495
f 12483 12512 12487
f 12484 12487 12512
f 12483 12513 12494
f 12502 12494 12513
f 12502 12513 12487
f 12483 12487 12513
f 12484 12512 12503
f 12483 12503 12512
f 12430 3349 3348
f 3547 12517 3757
f 3208 3207 3397
f 3569 12424 3397
f 3397 12424 3208
f 3570 3571 3572
f 12515 3572 3573
f 3349 12518 12519
f 12429 12519 12518
f 3350 3349 12519
f 12429 12518 12430
f 3349 12430 12518
f 3351 12520 12522
f 12428 12521 12520
f 12517 12522 12521
f 12520 12521 12522
f 12428 12520 12523
f 3351 12523 12520
f 12429 12428 12523
f 12426 12524 12525
f 12516 12525 12524
f 3779 12526 12527
f 12516 12527 12526
f 3573 3779 12527
f 3350 12519 12523
f 12429 12523 12519
f 3351 3350 12523
f 3351 12522 3547
f 12517 3547 12522
f 12514 12530 12531
f 4221 12531 12530
f 12517 12521 12529
f 3984 12532 12531
f 12517 12531 12532
f 4221 3984 12531
f 4221 12530 12533
f 12514 12533 12530
f 4459 4221 12533
f 12517 12532 3757
f 3984 3757 12532
f 4459 12534 4478
f 4242 4478 12534
f 4242 12535 12537
f 12514 12536 12535
f 12516 12537 12536
f 12535 12536 12537
f 3569 12538 12424
f 12425 12424 12538
f 12425 12538 12539
f 3569 12539 12538
f 12515 12425 12539
f 3573 12527 12540
f 12516 12540 12527
f 12515 3573 12540
f 3570 12541 12539
f 12515 12539 12541
f 3569 3570 12539
f 12515 12542 12425
f 12426 12425 12542
f 4459 12533 12534
f 12514 12535 12533
f 4242 12534 12535
f 12533 12535 12534
f 4242 12537 12543
f 12516 12543 12537
f 4006 4242 12543
f 12516 12536 12525
f 12514 12528 12536
f 12536 12528 12525
f 4006 12543 12526
f 12516 12526 12543
f 3779 4006 12526
f 12515 12541 3572
f 3570 3572 12541
f 12516 12524 12540
f 12426 12542 12524
f 12515 12540 12542
f 12524 12542 12540
f 12514 12544 12528
f 12529 12528 12544
f 12428 12427 12545
f 12517 12546 12531
f 12514 12531 12546
f 12428 12545 12521
f 12529 12521 12545
f 12529 12544 12546
f 12514 12546 12544
f 12517 12529 12546
f 12525 12547 12426
f 12427 12426 12547
f 12427 12547 12528
f 12525 12528 12547
f 12427 12548 12545
f 12529 12545 12548
f 12529 12548 12528
f 12427 12528 12548
f 4995 12549 5263
f 12549 6137 5263
f 7351 12550 7622
f 12550 7909 7622
f 7909 12551 8180
f 12551 9602 8180
f 9604 12552 10627
f 12552 10671 10627
f 12562 4248 4007
f 4222 4963 12569
f 6403 6703 12568
f 7594 7593 7318
f 3185 3011 12423
f 5226 12569 4963
f 12567 3575 3574
f 3372 3185 12423
f 12418 2856 2857
f 3031 12418 2857
f 4224 4223 12563
f 5502 12559 5227
f 5227 12559 5226
f 4482 4248 12562
f 4039 4224 12563
f 3758 3814 3985
f 6444 12570 12571
f 12557 12571 12570
f 7040 6444 12571
f 12557 12572 12574
f 7011 12574 12573
f 12572 12573 12574
f 7592 12575 12576
f 12557 12576 12575
f 7593 7592 12576
f 12550 12577 12578
f 12565 12578 12577
f 7909 12550 12578
f 7318 12579 12574
f 12557 12574 12579
f 7011 7318 12574
f 12565 12577 12580
f 12550 12581 12577
f 12580 12577 12581
f 12564 12582 12584
f 12560 12583 12582
f 12582 12583 12584
f 7351 12585 12581
f 12557 12581 12585
f 12550 7351 12581
f 7040 12571 12585
f 12557 12585 12571
f 7351 7040 12585
f 9919 12586 12588
f 12552 12587 12586
f 12561 12588 12587
f 12586 12587 12588
f 7593 12576 12579
f 12557 12579 12576
f 7318 7593 12579
f 12568 12589 12590
f 12549 12590 12589
f 12559 12591 12592
f 5501 12592 12591
f 12555 12559 12592
f 8701 12593 12594
f 12565 12594 12593
f 8437 8701 12594
f 4483 12595 12597
f 12554 12596 12595
f 12556 12597 12596
f 12595 12596 12597
f 12551 12598 12599
f 12561 12599 12598
f 9602 12551 12599
f 3372 12600 3574
f 12567 3574 12600
f 12568 12602 12601
f 7011 12573 12602
f 12601 12602 12573
f 12554 12603 12604
f 3985 12604 12603
f 12563 12554 12604
f 12555 12592 12605
f 5501 12605 12592
f 12567 12606 12607
f 12421 12607 12606
f 12557 12570 12572
f 12568 12605 6403
f 5501 6403 12605
f 12420 12608 12609
f 12564 12584 12608
f 12558 12609 12584
f 12608 12584 12609
f 9603 12610 12611
f 12561 12611 12610
f 9604 9603 12611
f 9602 12599 12610
f 12561 12610 12599
f 9603 9602 12610
f 12556 12596 12612
f 12554 12612 12596
f 9919 12588 12613
f 12561 12613 12588
f 9628 9919 12613
f 12552 12614 10671
f 10207 10671 12614
f 10207 12614 12586
f 12552 12586 12614
f 9919 10207 12586
f 9604 12611 12587
f 12561 12587 12611
f 12552 9604 12587
f 12561 12598 12616
f 12551 12615 12598
f 12566 12616 12615
f 12598 12615 12616
f 8701 12617 12593
f 12566 12618 12617
f 12565 12593 12618
f 12617 12618 12593
f 9628 12619 12620
f 12566 12620 12619
f 9338 9628 12620
f 8437 12594 12621
f 12565 12621 12594
f 8169 8437 12621
f 12566 12619 12616
f 9628 12613 12619
f 12561 12616 12613
f 12619 12613 12616
f 9338 12620 12617
f 12566 12617 12620
f 8701 9338 12617
f 7909 12578 12622
f 12565 12618 12578
f 12566 12622 12618
f 12578 12618 12622
f 8169 12621 12623
f 12565 12623 12621
f 7592 8169 12623
f 12565 12580 12623
f 7592 12623 12575
f 12580 12575 12623
f 12558 12624 12625
f 3780 12625 12624
f 12549 12589 12601
f 12568 12601 12589
f 6137 12549 12601
f 3398 12626 12627
f 12564 12627 12626
f 3209 3398 12627
f 12422 12628 12629
f 12567 12600 12628
f 3372 12629 12600
f 12628 12600 12629
f 12562 12630 12631
f 3781 12631 12630
f 3781 12630 4007
f 12562 4007 12630
f 4483 12597 12632
f 12556 12632 12597
f 4731 4483 12632
f 12553 12633 12635
f 12560 12634 12633
f 3758 12635 12634
f 12633 12634 12635
f 12567 12625 3575
f 3780 3575 12625
f 12422 12629 12423
f 3372 12423 12629
f 7011 12602 6703
f 12568 6703 12602
f 12560 12636 3603
f 3398 3603 12636
f 12420 12609 12607
f 12558 12607 12609
f 12421 12420 12607
f 12564 12637 12639
f 12419 12638 12637
f 3031 12639 12638
f 12637 12638 12639
f 3031 12638 12418
f 12419 12418 12638
f 12421 12606 12628
f 12567 12628 12606
f 12422 12421 12628
f 12563 12640 12612
f 12569 12612 12640
f 12554 12563 12612
f 12562 12641 12642
f 12554 12642 12641
f 4482 12562 12642
f 12563 12604 4039
f 3985 4039 12604
f 4995 12643 12645
f 12556 12644 12643
f 12555 12645 12644
f 12643 12644 12645
f 12566 12615 12622
f 12555 12644 12646
f 12556 12646 12644
f 12559 12555 12646
f 4222 12647 4223
f 12563 4223 12647
f 5501 12591 5502
f 12559 5502 12591
f 4482 12642 12595
f 12554 12595 12642
f 4483 4482 12595
f 4731 12632 12643
f 12556 12643 12632
f 4995 4731 12643
f 3758 12634 3603
f 12560 3603 12634
f 12419 12637 12608
f 12564 12608 12637
f 12420 12419 12608
f 12560 12633 12583
f 12553 12648 12633
f 12633 12648 12583
f 12553 12649 12648
f 3780 12624 12649
f 12558 12648 12624
f 12649 12624 12648
f 3985 12650 12635
f 12553 12635 12650
f 3758 3985 12635
f 3780 12649 12631
f 3781 3780 12631
f 12553 12650 12651
f 3985 12603 12650
f 12554 12651 12603
f 12650 12603 12651
f 12569 12640 12647
f 12563 12647 12640
f 4222 12569 12647
f 12553 12651 12641
f 12554 12641 12651
f 12560 12582 12636
f 12564 12626 12582
f 3398 12636 12626
f 12582 12626 12636
f 3209 12627 12639
f 12564 12639 12627
f 3031 3209 12639
f 12555 12590 12645
f 12572 12652 12653
f 6137 12653 12652
f 12573 12572 12653
f 12557 12654 12581
f 12580 12581 12654
f 12583 12655 12584
f 12558 12584 12655
f 12555 12656 12590
f 12568 12590 12656
f 12573 12653 12601
f 6137 12601 12653
f 12568 12656 12605
f 12555 12605 12656
f 12558 12657 12607
f 12567 12607 12657
f 12570 12658 12652
f 6137 12652 12658
f 12572 12570 12652
f 6137 12658 6444
f 12570 6444 12658
f 12569 12659 12612
f 12556 12612 12659
f 12580 12654 12575
f 12557 12575 12654
f 12567 12657 12625
f 12558 12625 12657
f 12631 12660 12661
f 12553 12661 12660
f 12562 12631 12661
f 12615 12662 12622
f 7909 12622 12662
f 7909 12662 12551
f 12615 12551 12662
f 12569 12663 12646
f 12559 12646 12663
f 12556 12659 12646
f 12569 12646 12659
f 12558 12655 12648
f 12583 12648 12655
f 12553 12660 12649
f 12631 12649 12660
f 12562 12661 12641
f 12553 12641 12661
f 12590 12664 12645
f 4995 12645 12664
f 4995 12664 12549
f 12590 12549 12664
f 12559 12663 5226
f 12569 5226 12663
f 12296 12298 12295
f 10090 9794 9793
f 9794 10090 10092
f 10090 9793 9792
f 10848 11091 11092
f 11089 12665 11093
f 10845 11093 12665
f 10845 12665 10844
f 11089 10844 12665
f 9218 8935 9219
f 8935 9217 8868
f 8934 8868 9217
f 9083 9378 9379
f 9486 9381 9669
f 8606 12666 8868
f 12666 8935 8868
f 7823 7540 7541
f 12668 7826 8092
f 12668 12669 12671
f 7823 12670 12669
f 7542 12671 12670
f 12669 12670 12671
f 7542 12670 7541
f 7823 7541 12670
f 12668 12671 7826
f 7542 7826 12671
f 7823 12672 12673
f 12667 12673 12672
f 7822 7823 12673
f 8615 12675 12674
f 8357 12676 12678
f 8606 12677 12676
f 12668 12678 12677
f 12676 12677 12678
f 8093 12679 12680
f 8357 12678 12679
f 12668 12680 12678
f 12679 12678 12680
f 8093 12680 8092
f 12668 8092 12680
f 8357 12679 12681
f 8093 12681 12679
f 8095 8357 12681
f 8095 12681 8094
f 8093 8094 12681
f 8354 12682 8353
f 8094 8353 12682
f 8094 12682 8095
f 8354 8095 12682
f 8090 12683 12684
f 12667 12684 12683
f 8606 8090 12684
f 12666 12685 12686
f 8919 12686 12685
f 8935 12666 12686
f 8919 12685 12675
f 12666 12675 12685
f 8615 8919 12675
f 8935 12686 9205
f 8919 9205 12686
f 12667 12672 12669
f 7823 12669 12672
f 12668 12667 12669
f 7822 12673 12683
f 12667 12683 12673
f 8090 7822 12683
f 8615 12674 12676
f 8606 12676 12674
f 8357 8615 12676
f 12668 12677 12684
f 8606 12684 12677
f 12667 12668 12684
f 12675 12687 12674
f 8606 12674 12687
f 8606 12687 12666
f 12675 12666 12687
f 11206 11205 10984
f 10984 10985 11206
f 11368 11550 11782
f 11094 11308 11093
f 11307 11093 11308
f 11307 11308 11427
f 10609 10610 10792
f 9229 9502 9228
f 8940 9229 9228
f 9806 9807 10104
f 9796 10358 9510
f 10608 12688 12690
f 10792 12689 12688
f 12688 12689 12690
f 10792 12688 10609
f 10608 10609 12688
f 10846 12691 10793
f 10792 10793 12691
f 10370 12692 10583
f 10846 10583 12692
f 10846 12693 12691
f 10792 12691 12689
f 12693 12689 12691
f 10846 12692 12693
f 9509 12694 10608
f 10358 10608 12694
f 10358 12694 12695
f 9509 12695 12694
f 9510 10358 12695
f 9510 12695 12696
f 9509 12696 12695
f 9502 9510 12696
f 9807 12697 12690
f 10608 12690 12697
f 10104 9807 12690
f 9502 12696 9228
f 9509 9228 12696
f 10608 12697 9509
f 9807 9509 12697
f 12689 12698 12690
f 10104 12690 12698
f 12693 12699 12698
f 10104 12698 12699
f 12689 12693 12698
f 12692 12700 12699
f 10104 12699 12700
f 12693 12692 12699
f 10104 12700 10370
f 12692 10370 12700
f 9084 8952 8801
f 8727 8542 8801
f 8952 12701 8801
f 8727 8801 12701
f 8727 12701 8612
f 8952 8612 12701
f 12253 12243 12244
f 12244 12215 12253
f 12022 12021 12112
f 11967 11965 12022
f 12159 12107 12702
f 12702 12703 12159
f 12199 12159 12703
f 12199 12703 12704
f 12702 12704 12703
f 12244 12199 12704
f 12244 12704 12705
f 12702 12705 12704
f 12213 12244 12705
f 12213 12705 12114
f 12702 12114 12705
f 12022 12112 12706
f 12022 12707 12708
f 11967 12022 12708
f 11990 12709 12107
f 12702 12107 12709
f 12702 12709 12706
f 11990 12707 12709
f 12022 12706 12707
f 12709 12707 12706
f 12112 12710 12706
f 12702 12706 12710
f 11990 12711 12707
f 12708 12707 12711
f 12708 12712 11967
f 11879 11967 12712
f 12708 12711 12712
f 12702 12710 12114
f 12112 12114 12710
f 12711 12713 12712
f 11879 12712 12713
f 11990 12714 12711
f 12713 12711 12714
f 12714 12715 12713
f 11879 12713 12715
f 11990 12716 12714
f 12715 12714 12716
f 12716 12717 12715
f 11879 12715 12717
f 11990 12718 12716
f 12717 12716 12718
f 12718 12719 12717
f 11879 12717 12719
f 11990 12720 12718
f 12719 12718 12720
f 12720 12721 12719
f 11879 12719 12721
f 12721 12722 11879
f 11990 11879 12722
f 11990 12722 12720
f 12721 12720 12722
f 11652 11653 11766
f 11652 11429 11653
f 11428 11653 11429
f 7555 7838 7554
f 7555 7839 8110
f 7838 7555 8110
f 12460 12459 12724
f 12723 12460 12724
f 12723 12724 5758
f 12723 5758 5757
f 12461 5757 5475
f 12460 12723 12461
f 5757 12461 12723
f 12727 12456 12455
f 12727 12455 12726
f 6469 12727 12726
f 6469 12726 6468
f 6467 6468 12726
f 6163 6467 12454
f 12726 12455 12454
f 12726 12454 6467
f 8358 12729 8616
f 7267 7265 7266
f 7267 7266 6964
f 6964 7266 6963
f 8370 12731 12730
f 8616 12732 12731
f 12730 12731 12732
f 7544 12733 12735
f 12728 12734 12733
f 12729 12735 12734
f 12733 12734 12735
f 8616 12731 8617
f 8370 8617 12731
f 6657 12736 12738
f 12728 12737 12736
f 7267 12738 12737
f 12736 12737 12738
f 8370 12730 8099
f 7828 8099 12730
f 12728 12739 12740
f 8616 12740 12732
f 12739 12732 12740
f 12728 12741 12739
f 7268 12742 12741
f 12741 12742 12739
f 7544 12735 7827
f 12729 7827 12735
f 7267 12737 12733
f 12728 12733 12737
f 7544 7267 12733
f 7828 12742 7545
f 7268 7545 12742
f 7268 12741 12743
f 12728 12743 12741
f 6965 7268 12743
f 6965 12743 12736
f 12728 12736 12743
f 6657 6965 12736
f 6657 12738 6964
f 7267 6964 12738
f 12729 12734 12740
f 12728 12740 12734
f 8616 12729 12740
f 12732 12744 12730
f 7828 12730 12744
f 12739 12745 12744
f 7828 12744 12745
f 12732 12739 12744
f 7828 12745 12742
f 12739 12742 12745
f 12729 12746 7827
f 8096 7827 12746
f 8096 12746 8358
f 12729 8358 12746
f 12750 12210 12747
f 12749 12750 12747
f 12749 12747 12748
f 11928 12749 12748
f 11940 11928 12748
f 12748 12475 11940
f 12476 12475 12748
f 12747 12210 12477
f 12747 12476 12748
f 12477 12476 12747
f 12752 11830 11929
f 12752 11929 12753
f 12751 12752 12753
f 12751 12753 12754
f 12102 12751 12754
f 12009 12102 12754
f 12754 12766 12009
f 11543 11547 12770
f 7844 12771 7845
f 12766 12754 12753
f 12725 12009 12766
f 11929 11905 12753
f 10425 10282 10283
f 6363 6362 12764
f 11543 12770 11359
f 10424 12772 12774
f 12769 12773 12772
f 10283 12774 12773
f 12772 12773 12774
f 12759 12775 12777
f 12765 12776 12775
f 8381 12777 12776
f 12775 12776 12777
f 11972 12778 12779
f 12767 12779 12778
f 11868 11972 12779
f 10283 12773 10425
f 12769 10425 12773
f 10423 12780 12781
f 12757 12781 12780
f 10284 10423 12781
f 12768 12783 12782
f 12782 12783 12784
f 12758 12785 12787
f 12769 12786 12785
f 10637 12787 12786
f 12785 12786 12787
f 8647 12788 12790
f 12765 12789 12788
f 12762 12790 12789
f 12788 12789 12790
f 10424 12791 12780
f 12757 12780 12791
f 10423 10424 12780
f 11359 12792 12793
f 12758 12793 12792
f 11147 11359 12793
f 12766 12794 12725
f 12028 12725 12794
f 11780 12795 12796
f 12767 12796 12795
f 11547 11780 12796
f 11880 12797 12798
f 12767 12778 12797
f 11972 12798 12778
f 12797 12778 12798
f 11547 12796 12799
f 12767 12799 12796
f 12770 11547 12799
f 10900 12800 12787
f 12758 12787 12800
f 10637 10900 12787
f 12028 12801 12798
f 11880 12798 12801
f 11972 12028 12798
f 12770 12802 12792
f 12758 12792 12802
f 11359 12770 12792
f 10283 12803 12774
f 12757 12791 12803
f 10424 12774 12791
f 12803 12791 12774
f 10022 12804 12805
f 12757 12805 12804
f 9730 10022 12805
f 9163 12806 12807
f 12762 12807 12806
f 8878 9163 12807
f 8878 12808 12809
f 12765 12809 12808
f 8879 8878 12809
f 9446 12810 12806
f 12762 12806 12810
f 9163 9446 12806
f 8880 12811 12812
f 12759 12812 12811
f 8881 8880 12812
f 8653 12813 12814
f 12759 12814 12813
f 8388 8653 12814
f 12762 12789 12807
f 12765 12808 12789
f 8878 12807 12808
f 12789 12808 12807
f 9730 12805 12816
f 12757 12815 12805
f 12762 12816 12815
f 12805 12815 12816
f 12758 12802 12818
f 12770 12817 12802
f 11206 12818 12817
f 12802 12817 12818
f 12759 12819 12814
f 12761 12820 12819
f 8388 12814 12820
f 12819 12820 12814
f 7845 12821 7558
f 7280 7558 12821
f 12756 12823 12822
f 12822 12823 12824
f 12770 12799 12826
f 12767 12825 12799
f 11769 12826 12825
f 12799 12825 12826
f 12771 12827 12829
f 8118 12828 12827
f 12761 12829 12828
f 12827 12828 12829
f 12727 12830 12831
f 12768 12831 12830
f 12456 12727 12831
f 7280 12832 12833
f 12763 12833 12832
f 6975 7280 12833
f 6668 12834 6469
f 12727 6469 12834
f 12768 12835 12783
f 6668 12836 12835
f 12835 12836 12783
f 8881 12812 12813
f 12759 12813 12812
f 8653 8881 12813
f 8388 12820 12828
f 12761 12828 12820
f 8118 8388 12828
f 11880 12801 12837
f 12028 12837 12801
f 11988 11880 12837
f 11988 12838 12839
f 12766 12839 12838
f 11905 11988 12839
f 12760 12841 12840
f 10021 12842 12803
f 12757 12803 12842
f 10283 10021 12803
f 10985 12843 12818
f 12758 12818 12843
f 11206 10985 12818
f 10737 12844 12843
f 12758 12843 12844
f 10985 10737 12843
f 11206 12817 12845
f 12770 12845 12817
f 11551 11206 12845
f 6058 12846 6362
f 12764 6362 12846
f 11147 12793 12800
f 12758 12800 12793
f 10900 11147 12800
f 11769 12825 12797
f 12767 12797 12825
f 11880 11769 12797
f 10284 12781 12804
f 12757 12804 12781
f 10022 10284 12804
f 6668 12835 12834
f 12768 12830 12835
f 12727 12834 12830
f 12835 12830 12834
f 11905 12839 12753
f 12766 12753 12839
f 12761 12819 12848
f 12819 12847 12848
f 11551 12845 12849
f 12770 12849 12845
f 11661 11551 12849
f 12761 12850 12829
f 12458 12851 12852
f 12768 12782 12851
f 12851 12782 12852
f 11661 12849 12826
f 12770 12826 12849
f 11769 11661 12826
f 12769 12785 12844
f 12758 12844 12785
f 10737 12769 12844
f 12757 12853 12815
f 9162 12854 12853
f 12762 12815 12854
f 12853 12854 12815
f 12840 12784 12824
f 9730 12816 12810
f 12762 12810 12816
f 9446 9730 12810
f 12470 12855 12848
f 12761 12848 12855
f 7839 12470 12848
f 8647 12790 12856
f 12762 12856 12790
f 8876 8647 12856
f 12028 12794 12837
f 12766 12838 12794
f 11988 12837 12838
f 12794 12838 12837
f 12756 12822 12857
f 12763 12857 12822
f 10637 12786 12772
f 12769 12772 12786
f 10424 10637 12772
f 9162 12853 12858
f 9445 9162 12858
f 8879 12809 12859
f 12765 12859 12809
f 8880 8879 12859
f 8381 12776 12788
f 12765 12788 12776
f 8647 8381 12788
f 9729 12860 12842
f 10021 9729 12842
f 12771 12861 12821
f 7280 12821 12861
f 7845 12771 12821
f 8876 12856 12854
f 12762 12854 12856
f 9162 8876 12854
f 12456 12831 12862
f 12768 12862 12831
f 12457 12456 12862
f 7278 12863 12864
f 12756 12864 12863
f 12470 7278 12864
f 12756 12850 12864
f 12761 12855 12850
f 12470 12864 12855
f 12850 12855 12864
f 6667 12865 12866
f 12760 12866 12865
f 6973 6667 12866
f 6975 12833 12836
f 12763 12836 12833
f 6668 6975 12836
f 9445 12858 12860
f 9729 9445 12860
f 12457 12862 12851
f 12768 12851 12862
f 12458 12457 12851
f 7839 12867 8111
f 8381 8111 12867
f 8381 12867 12777
f 12777 12867 12847
f 12756 12863 12823
f 7278 12868 12863
f 12760 12823 12868
f 12863 12868 12823
f 6973 12866 12868
f 12760 12868 12866
f 7278 6973 12868
f 7280 12861 12832
f 12771 12857 12861
f 12763 12832 12857
f 12861 12857 12832
f 11868 12779 12795
f 12767 12795 12779
f 11780 11868 12795
f 6364 12869 12865
f 12760 12865 12869
f 6667 6364 12865
f 12759 12811 12775
f 8880 12859 12811
f 12765 12775 12859
f 12811 12859 12775
f 12724 12871 12870
f 12458 12852 12872
f 12459 12458 12872
f 12724 12873 5758
f 6058 5758 12873
f 12724 12870 12873
f 12764 12846 12870
f 6058 12873 12846
f 12870 12846 12873
f 12764 12841 12874
f 12760 12869 12841
f 6364 12874 12869
f 12841 12869 12874
f 12764 12874 6363
f 6364 6363 12874
f 8118 12827 7844
f 12771 7844 12827
f 12784 12875 12876
f 12755 12876 12875
f 12782 12784 12876
f 12783 12877 12878
f 12763 12878 12877
f 12784 12783 12878
f 12824 12879 12822
f 12763 12822 12879
f 12760 12880 12823
f 12824 12823 12880
f 12763 12877 12836
f 12783 12836 12877
f 12841 12881 12882
f 12755 12882 12881
f 12840 12841 12882
f 12764 12883 12881
f 12755 12881 12883
f 12841 12764 12881
f 12759 12884 12819
f 12847 12819 12884
f 12847 12885 12848
f 7839 12848 12885
f 12850 12886 12829
f 12771 12829 12886
f 12756 12887 12886
f 12771 12886 12887
f 12850 12756 12886
f 12782 12876 12852
f 12755 12852 12876
f 12824 12880 12840
f 12760 12840 12880
f 12840 12882 12875
f 12755 12875 12882
f 12784 12840 12875
f 12784 12878 12879
f 12763 12879 12878
f 12824 12784 12879
f 12771 12887 12857
f 12756 12857 12887
f 12757 12888 12853
f 12858 12853 12888
f 12860 12889 12842
f 12757 12842 12889
f 12858 12888 12889
f 12757 12889 12888
f 12860 12858 12889
f 12847 12884 12777
f 12759 12777 12884
f 7839 12885 12867
f 12847 12867 12885
f 12871 12890 12870
f 12764 12870 12890
f 12755 12883 12891
f 12764 12890 12883
f 12871 12891 12890
f 12883 12890 12891
f 12755 12892 12852
f 12872 12852 12892
f 12871 12893 12872
f 12459 12872 12893
f 12872 12892 12891
f 12755 12891 12892
f 12871 12872 12891
f 12459 12893 12724
f 12871 12724 12893
f 12769 12894 10425
f 10428 10425 12894
f 10428 12894 10737
f 12769 10737 12894
f 11830 12752 12751
f 12749 11928 11830
f 12749 11830 12751
f 534 533 12895
f 628 12895 579
f 533 579 12895
f 484 533 485
f 485 533 534
f 783 12896 847
f 686 847 12896
f 686 12896 12897
f 783 12897 12896
f 628 686 12897
f 682 12898 12897
f 628 12897 12898
f 783 682 12897
f 628 12898 12899
f 682 12899 12898
f 12895 628 12899
f 12895 12899 534
f 682 534 12899
f 6989 12900 6976
f 12900 7283 6976
f 10489 12901 10435
f 12901 10258 10435
f 10053 12906 10054
f 10054 12906 10055
f 12906 10053 9759
f 12910 8669 9099
f 7574 7861 12907
f 9975 12908 9678
f 7848 7561 12909
f 9761 12911 9760
f 9759 9760 12911
f 12909 12912 12913
f 7283 12913 12912
f 7283 12912 7561
f 12909 7561 12912
f 12904 12914 12916
f 10489 12915 12914
f 12903 12916 12915
f 12914 12915 12916
f 12909 12917 12918
f 12902 12918 12917
f 7848 12909 12918
f 12903 12919 12920
f 10320 12920 12919
f 12906 12903 12920
f 10489 12914 12921
f 12904 12921 12914
f 12901 10489 12921
f 12906 12920 10055
f 10320 10055 12920
f 9762 12922 12923
f 12906 12923 12922
f 9761 9762 12923
f 9191 12924 12925
f 12903 12925 12924
f 9472 9191 12925
f 9472 12925 12926
f 12903 12926 12925
f 9762 9472 12926
f 9759 12911 12923
f 9761 12923 12911
f 12906 9759 12923
f 12910 12927 8669
f 8403 8669 12927
f 12903 12928 12916
f 8909 12929 12928
f 12916 12928 12929
f 8909 12928 12924
f 12903 12924 12928
f 9191 8909 12924
f 10320 12919 12915
f 12903 12915 12919
f 10489 10320 12915
f 8391 12930 12931
f 8655 8391 12931
f 10258 12932 9975
f 12908 9975 12932
f 7848 12918 12933
f 12902 12933 12918
f 8120 7848 12933
f 12901 12921 12934
f 10258 12901 12934
f 12906 12922 12926
f 9762 12926 12922
f 12903 12906 12926
f 12910 12935 12937
f 9390 12936 12935
f 12908 12937 12936
f 12935 12936 12937
f 8133 12938 7861
f 12907 7861 12938
f 8655 12931 12929
f 8909 8655 12929
f 12910 12942 12927
f 12905 12943 12942
f 8403 12927 12943
f 12942 12943 12927
f 8120 12933 12941
f 12902 12941 12933
f 12908 12936 9678
f 9390 9678 12936
f 12902 12944 12942
f 12905 12942 12944
f 8403 12943 12945
f 12905 12945 12943
f 8133 8403 12945
f 12907 12946 7574
f 7297 7574 12946
f 9390 12935 9099
f 12910 9099 12935
f 12905 12944 12917
f 12902 12917 12944
f 7297 12946 12947
f 12907 12947 12946
f 6989 7297 12947
f 12900 12948 12949
f 6989 12947 12948
f 12907 12948 12947
f 12900 6989 12948
f 12905 12913 12949
f 12907 12938 12945
f 8133 12945 12938
f 12908 12932 12934
f 10258 12934 12932
f 12910 12937 12939
f 12905 12950 12913
f 12909 12913 12950
f 12929 12951 12916
f 12904 12916 12951
f 12904 12952 12930
f 12931 12930 12952
f 12904 12953 12921
f 12934 12921 12953
f 12931 12952 12951
f 12904 12951 12952
f 12929 12931 12951
f 12939 12954 12902
f 12941 12902 12954
f 12939 12955 12956
f 12908 12956 12955
f 12940 12939 12956
f 12940 12957 12958
f 8391 12958 12957
f 12941 12940 12958
f 12941 12954 12940
f 12939 12940 12954
f 12940 12959 12930
f 12904 12930 12959
f 8391 12957 12930
f 12940 12930 12957
f 12908 12960 12956
f 12904 12959 12960
f 12940 12956 12959
f 12960 12959 12956
f 12941 12958 8120
f 8391 8120 12958
f 12910 12961 12942
f 12902 12942 12961
f 12909 12950 12917
f 12905 12917 12950
f 12907 12962 12948
f 12949 12948 12962
f 12949 12963 12900
f 7283 12900 12963
f 7283 12963 12913
f 12949 12913 12963
f 12949 12962 12964
f 12907 12964 12962
f 12905 12949 12964
f 12905 12964 12945
f 12907 12945 12964
f 12934 12953 12960
f 12904 12960 12953
f 12908 12934 12960
f 12908 12955 12937
f 12939 12937 12955
f 12902 12961 12939
f 12910 12939 12961
f 7648 7556 7067
f 7066 7062 7370
f 7066 7370 7648
f 7065 7066 7648
f 12020 12965 11958
f 12015 11958 12965
f 12015 12965 12966
f 12020 12966 12965
f 12085 12015 12966
f 12085 12966 12088
f 12020 12088 12966
f 12751 12967 12749
f 12967 12750 12749
f 12967 12751 12102
f 12969 12102 12101
f 12031 12030 12118
f 11908 11807 11865
f 12009 12968 12101
f 12024 11910 11909
f 11809 11911 11810
f 11973 11868 11893
f 12210 12970 12118
f 12031 12118 12970
f 12750 12971 12970
f 12031 12970 12971
f 12210 12750 12970
f 12968 12972 12101
f 12969 12101 12972
f 12967 12973 12974
f 12969 12974 12973
f 12750 12967 12974
f 12750 12974 12971
f 12969 12975 12974
f 12031 12971 12975
f 12974 12975 12971
f 11968 12976 12977
f 12968 12977 12976
f 11865 11968 12977
f 11917 12978 12979
f 12969 12979 12978
f 11968 11917 12979
f 12969 12973 12102
f 12967 12102 12973
f 11865 12977 12980
f 12968 12980 12977
f 11908 11865 12980
f 11908 12981 12982
f 12725 12982 12981
f 12024 11908 12982
f 12028 12983 12024
f 11910 12024 12983
f 12024 12982 12984
f 12725 12984 12982
f 12028 12024 12984
f 11910 12983 11973
f 12028 11973 12983
f 11908 12980 12981
f 12969 12972 12979
f 12968 12976 12972
f 11968 12979 12976
f 12972 12976 12979
f 11910 12985 12986
f 11893 12986 12985
f 11911 11910 12986
f 11911 12986 12987
f 11893 12987 12986
f 11810 11911 12987
f 11810 12987 11849
f 11893 11849 12987
f 11893 12985 11973
f 11910 11973 12985
f 12031 12975 12978
f 12969 12978 12975
f 11917 12031 12978
f 12980 12988 12981
f 12725 12981 12988
f 12968 12989 12988
f 12725 12988 12989
f 12980 12968 12988
f 12009 12990 12989
f 12725 12989 12990
f 12968 12009 12989
f 6055 6359 6054
f 6361 6661 6360
f 6359 12991 6660
f 6661 6660 12991
f 6661 12991 12992
f 6359 12992 12991
f 6360 6661 12992
f 6360 12992 6055
f 6359 6055 12992
f 12187 12993 12175
f 12993 12176 12175
f 12193 12994 12236
f 12193 12190 12994
f 12994 12995 12993
f 12176 12993 12995
f 12140 12996 12190
f 12994 12190 12996
f 12188 12997 12996
f 12994 12996 12997
f 12140 12188 12996
f 12234 12998 13000
f 12994 12999 12998
f 12235 13000 12999
f 12998 12999 13000
f 12234 13000 12172
f 12235 12172 13000
f 12176 12995 12998
f 12994 12998 12995
f 12234 12176 12998
f 12235 12999 12997
f 12994 12997 12999
f 12188 12235 12997
f 12994 13001 12236
f 12187 12236 13001
f 12187 13001 12993
f 12994 12993 13001
f 12725 12990 12009
f 12028 12984 12725
f 12439 12469 12468
f 12467 12466 12441
f 12441 12466 12442
f 12468 12467 12440
f 12441 12440 12467
f 5565 5854 12438
f 12438 5854 5853
f 12469 12438 5853
f 12469 12439 12438
f 12468 12440 12439
f 12462 5203 5204
f 12445 5204 4938
f 12465 12442 12466
f 12464 13002 12465
f 12442 12465 13002
f 12462 13003 13004
f 12444 13004 13003
f 12463 12462 13004
f 12463 13005 12464
f 12443 12464 13005
f 12442 13002 12443
f 12464 12443 13002
f 12443 13005 13004
f 12463 13004 13005
f 12444 12443 13004
f 12444 13003 13006
f 12462 13006 13003
f 12445 12444 13006
f 12445 13006 5204
f 12462 5204 13006
f 12416 12433 12432
f 12434 12433 12415
f 12433 12416 12415
f 2811 3160 2986
f 2811 12417 3160
f 12435 12434 12414
f 12413 12436 12435
f 12436 12412 12437
f 12413 12435 12414
f 12412 3010 12437
f 12436 12413 12412
f 3030 12437 3010
f 12415 12414 12434
f 12431 13007 12432
f 12416 12432 13007
f 12417 13008 3160
f 12431 3160 13008
f 12416 13007 13008
f 12431 13008 13007
f 12417 12416 13008

