#Obj File : Exported From rapidform (INUS Technology Co. Ltd.)

mtllib 20_F_2634G.mtl

v -70.294624 -0.546862 8.799427
v -70.130058 1.274722 8.974738
v -69.650902 0.486682 10.636108
v -69.547394 -1.073571 10.083754
v -69.238060 -1.083547 9.234545
v -69.438820 -2.013685 8.733357
v -69.297791 -1.027903 6.858027
v -69.930450 -0.216267 7.085124
v -69.886787 0.927715 7.232538
v -69.786942 2.534490 7.410299
v -70.002052 2.559254 9.138460
v -69.506744 2.289103 10.525379
v -68.507912 2.038890 11.810724
v -68.486061 0.318061 11.729425
v -68.264252 -1.378401 11.046583
v -68.372154 -2.485333 9.988413
v -67.870468 -2.986611 8.592399
v -68.646820 -3.292852 7.030109
v -69.025696 -2.220784 7.007288
v -68.309509 -2.221078 5.160289
v -68.603729 -0.305029 4.782253
v -69.311638 0.582499 5.695455
v -68.969200 2.226477 5.852299
v -68.625191 3.662849 6.223571
v -68.930878 3.927810 7.518471
v -69.200325 3.583254 8.658435
v -68.596458 3.730106 10.071647
v -67.946976 3.675789 11.461361
v -67.223213 0.908602 12.400939
v -67.125999 2.463140 12.503235
v -66.945656 3.652924 12.238193
v -66.977013 -1.045539 12.080819
v -66.685715 -2.610103 11.454083
v -66.685555 -3.863794 10.395174
v -66.905464 -4.250228 8.706396
v -67.230583 -4.379795 6.817850
v -67.627670 -3.733662 5.188764
v -67.340302 -3.283155 3.465480
v -67.870522 -2.271388 3.789833
v -67.381233 -1.028949 3.276666
v -67.633690 0.904468 3.629192
v -68.052528 1.881214 4.511573
v -67.618813 3.677446 4.816898
v -67.572830 4.820804 5.774572
v -68.338211 4.476541 6.945490
v -67.796822 5.026940 8.860527
v -66.244331 5.054486 11.028005
v -66.641281 4.659427 11.949910
v -65.539871 -0.236519 12.692127
v -65.381660 1.085513 12.812194
v -65.441010 2.314242 12.705320
v -65.346222 3.683883 12.566589
v -65.588203 4.742518 12.149399
v -65.584427 -2.778307 12.127103
v -64.539215 -1.712615 12.715128
v -65.379379 -4.138261 11.514053
v -64.764214 -5.986725 10.768296
v -66.048294 -6.399061 8.834556
v -67.212257 -5.621103 8.085411
v -67.486870 -5.285293 7.545167
v -66.592934 -6.390035 6.698761
v -66.525742 -5.136404 3.827277
v -66.251984 -4.206701 2.523899
v -66.705887 -2.634083 2.448261
v -66.239281 -1.459965 2.110119
v -65.920578 0.069102 2.163622
v -65.880287 1.631865 2.778934
v -66.780006 2.282470 3.580836
v -66.373901 3.619491 3.937729
v -64.930107 6.218908 9.715650
v -63.579540 4.928060 11.990750
v -63.151524 5.908430 10.839930
v -63.686291 -0.240637 12.972347
v -63.832302 0.890761 12.932289
v -63.679188 2.269146 12.853898
v -63.651615 3.525013 12.772033
v -64.211395 -4.214038 12.199652
v -63.418179 -3.322411 12.690119
v -62.406750 -1.848803 13.089440
v -61.895771 -0.176311 13.137151
v -63.347744 -5.751911 12.052159
v -63.740788 -8.501273 9.797499
v -62.923496 -7.439930 11.534276
v -64.860001 -8.370574 6.503618
v -65.460251 -6.759377 3.360520
v -65.406593 3.188526 3.278563
v -64.324905 4.614485 3.518343
v -64.839745 0.975568 1.991570
v -64.306282 2.051817 2.365662
v -63.569630 3.427364 2.791572
v -65.028473 -1.127138 1.597440
v -63.778801 -0.096857 1.511583
v -65.940567 -2.573064 1.953313
v -64.653061 -2.874087 1.525203
v -65.751160 -3.482048 1.970465
v -65.771652 -5.370469 2.705096
v -64.705711 -5.082841 1.977594
v -64.713005 -8.131646 2.931438
v -64.317162 -7.233316 2.166766
v -63.471603 -10.102775 7.803567
v -62.956146 -10.094521 5.045649
v -63.178020 4.364361 3.126090
v -61.559464 3.829294 12.612623
v -61.798733 5.391457 12.037707
v -61.611134 5.935707 11.345251
v -59.526779 6.276715 9.993623
v -62.356880 0.822450 13.114042
v -62.305527 1.959900 12.989551
v -62.388557 -4.929551 12.793947
v -61.489727 -3.617969 13.189084
v -61.028053 -2.158381 13.235412
v -60.019321 -0.293733 13.258155
v -59.855503 1.277514 13.085580
v -60.670765 1.968358 13.086312
v -62.202671 -6.992519 12.344928
v -61.260075 -6.391600 13.111937
v -62.062511 -9.139791 11.479003
v -62.238670 -10.264397 10.434913
v -62.993542 -10.107152 9.326853
v -61.198837 -8.276160 12.623924
v -62.072380 -11.805560 6.953729
v -61.317028 -11.495979 4.252627
v -61.650234 -9.806453 2.683146
v -63.675659 -8.680772 3.258104
v -61.969627 -11.539285 9.257752
v -62.704739 -6.360961 1.482301
v -63.307217 -4.985763 1.408406
v -63.697102 -4.211875 1.454367
v -62.869656 -8.090725 2.145577
v -62.690365 -1.737195 1.133356
v -61.988468 -3.833252 1.195640
v -63.880409 0.866011 1.801585
v -62.759872 1.936082 2.077495
v -61.655918 -0.135534 1.297979
v -61.992100 1.059482 1.679157
v -61.950016 3.329535 2.545974
v -61.793625 4.548289 3.062586
v -59.240940 3.517665 12.341833
v -60.037823 5.163608 11.910468
v -60.936192 5.249410 12.199457
v -60.685272 5.796436 11.602716
v -57.644939 4.620825 11.071639
v -58.666180 5.434247 10.873965
v -56.756294 4.914610 9.479232
v -58.092350 6.024328 8.354144
v -61.331173 -5.342926 13.175353
v -60.190037 -4.558302 13.593074
v -59.535324 -2.552408 13.647127
v -58.951199 -0.942120 13.545983
v -58.052891 0.551969 13.282206
v -58.144756 1.958642 12.769438
v -59.945366 -7.788473 13.601627
v -60.085773 -6.520520 13.662727
v -60.095089 -5.815000 13.642344
v -61.255733 -10.603862 11.543152
v -60.340046 -10.277700 12.604929
v -61.013500 -11.775372 11.007100
v -59.372860 -9.418871 13.631006
v -60.547348 -13.312280 8.444098
v -59.822876 -13.516288 6.536297
v -59.989212 -13.045683 4.843188
v -59.815189 -12.490145 3.101034
v -60.972046 -11.415059 2.924891
v -60.238613 -10.937606 2.160619
v -60.677921 -9.936527 2.058509
v -60.044186 -8.866985 1.493362
v -61.625195 -8.040565 1.693885
v -59.901005 -13.575641 10.465266
v -60.507778 -6.518654 1.113004
v -61.249321 -5.307195 1.124232
v -60.540794 -1.967258 1.026966
v -60.009071 -0.290084 1.315719
v -59.586399 -4.306485 0.939298
v -58.995396 -2.337755 1.139198
v -61.241425 2.099225 1.955815
v -60.278755 2.946339 2.277503
v -60.160900 0.745787 1.550657
v -60.440681 1.641502 1.790916
v -57.705364 3.509625 12.085943
v -58.978916 5.140971 11.426125
v -56.358189 3.103758 11.940349
v -54.630562 3.399283 10.653032
v -54.641331 3.664264 8.321965
v -56.335491 4.882867 8.290421
v -56.081882 4.552381 6.781133
v -58.834019 -5.639220 14.118497
v -58.901962 -4.140744 14.113570
v -57.461582 -2.797694 14.256432
v -58.142223 -1.401946 13.884704
v -56.934772 0.051945 13.746300
v -56.242477 1.699159 12.865003
v -58.757339 -8.123005 14.180917
v -58.761902 -7.168821 14.182558
v -60.139931 -11.699414 12.216249
v -59.420761 -11.508617 12.992071
v -58.526249 -11.157974 13.829407
v -59.328953 -13.242132 12.117299
v -57.920616 -9.774869 14.422447
v -57.592617 -8.378145 14.579804
v -58.991726 -14.681852 8.709359
v -58.202202 -15.121003 6.611936
v -58.217499 -14.559892 4.629145
v -58.452850 -13.834218 3.210750
v -58.568748 -12.449481 2.193999
v -59.300419 -11.694940 2.201761
v -58.460712 -10.335082 1.425041
v -58.190060 -8.253362 0.986670
v -58.554897 -6.653412 0.879233
v -58.435410 -14.807767 12.095977
v -58.647022 -15.024169 10.811507
v -58.304874 -15.120586 9.461131
v -59.112942 -5.457948 0.886844
v -58.399578 -0.684069 1.340293
v -58.026939 0.715424 1.685947
v -58.958393 1.649861 1.893041
v -57.526291 -4.347817 0.817036
v -57.053371 -2.502737 1.128248
v -56.427654 -0.651970 1.505968
v -58.095367 3.094978 2.402802
v -53.917969 1.965993 12.198343
v -51.997162 1.837224 11.554431
v -51.836555 2.154759 10.363250
v -52.298534 2.479453 9.225231
v -52.332226 1.963731 6.903076
v -54.190022 3.027235 6.620642
v -57.309265 -6.762521 14.740796
v -56.595257 -4.804564 14.759741
v -57.788483 -4.339931 14.364603
v -58.257832 -4.163771 14.227761
v -55.451172 -3.309990 14.759238
v -55.302780 -1.828355 14.464806
v -56.262665 -1.038272 14.137964
v -55.365650 0.001941 13.875527
v -54.294239 1.248806 13.123329
v -58.469193 -12.780237 13.350521
v -57.330685 -12.421745 14.491432
v -57.605724 -11.453505 14.394012
v -56.762352 -10.473402 14.896351
v -57.545448 -14.850287 13.162453
v -56.288231 -8.684888 15.120753
v -55.613201 -7.132482 15.226935
v -56.815590 -16.433826 7.657672
v -56.718609 -16.465334 6.089026
v -56.934170 -16.181112 5.384265
v -57.159569 -15.792081 4.797294
v -56.740520 -15.676830 3.464915
v -57.059078 -14.289642 2.778313
v -57.183338 -12.667827 1.842122
v -57.743748 -11.538463 1.573456
v -56.429188 -10.362014 0.995445
v -56.358440 -8.016372 0.732725
v -57.414101 -7.191865 0.796465
v -56.477406 -5.764568 0.710473
v -57.256905 -15.934492 12.374294
v -57.606674 -16.061502 11.127936
v -57.941708 -15.105482 11.277199
v -56.978703 -16.407095 9.617581
v -56.695221 0.724637 1.855617
v -57.274204 1.773861 2.118074
v -55.466530 -3.886378 0.840550
v -55.111732 -2.510294 1.155081
v -54.643074 -0.931393 1.491964
v -54.650928 0.508866 2.201404
v -55.731762 0.718850 2.037679
v -55.705772 2.283078 2.788840
v -52.053986 0.326157 12.944520
v -51.705112 0.987179 12.187545
v -49.742878 0.171745 11.608836
v -49.551853 0.616592 9.728224
v -51.002525 1.859475 9.363090
v -50.712910 1.643145 8.204429
v -49.832542 0.576528 6.858412
v -51.051212 0.367899 4.695046
v -53.569641 1.383965 4.013172
v -54.816402 -5.444711 15.114584
v -54.051003 -3.728551 14.888709
v -53.714344 -1.982506 14.573160
v -54.549583 -0.908093 14.208698
v -54.032318 -0.054796 13.812016
v -52.802448 -0.572337 13.822339
v -56.570354 -14.157231 14.642565
v -56.011726 -12.613429 15.299227
v -55.779564 -11.249643 15.452575
v -55.211395 -9.878978 15.744186
v -55.029255 -8.764823 15.655800
v -56.376759 -16.026205 14.012602
v -55.927204 -16.674231 12.820596
v -54.649418 -7.519014 15.696032
v -53.051144 -6.032804 15.702507
v -54.941826 -18.138748 8.485450
v -54.900135 -18.039078 6.553181
v -55.295418 -17.423183 5.319960
v -55.612331 -16.883976 3.816001
v -55.835545 -15.834124 2.800831
v -55.742157 -14.722653 2.290449
v -55.542152 -13.166330 1.641177
v -55.292839 -11.440154 0.976097
v -54.443214 -9.807245 0.709990
v -54.516933 -8.358638 0.671921
v -54.440758 -6.617153 0.643570
v -55.285725 -6.110874 0.654704
v -53.982960 -4.585271 0.823715
v -56.235134 -16.770945 11.492408
v -55.290226 -17.730940 10.330982
v -53.331108 -2.592474 1.227150
v -52.846657 -1.006124 1.601749
v -53.196472 0.178625 2.142106
v -51.306190 -1.162346 13.842627
v -49.658611 -1.095202 13.072799
v -50.760860 0.214716 12.435241
v -47.920109 -1.261705 12.227856
v -47.477406 -0.944842 10.660662
v -48.889225 0.063227 10.676884
v -47.023785 -1.192027 8.964417
v -47.927292 -0.831089 7.495000
v -49.373169 0.595108 8.091905
v -48.787457 -0.911904 5.519765
v -49.586899 -1.696825 2.733847
v -51.873241 0.015051 2.558628
v -52.265900 -4.097389 15.109333
v -51.867596 -2.376952 14.624500
v -55.334686 -16.029421 15.075168
v -55.161911 -14.296479 15.707851
v -55.138317 -12.956108 15.790434
v -54.764168 -11.625766 16.033291
v -54.255306 -10.160128 16.234716
v -53.657982 -8.660568 16.171228
v -53.502495 -7.466286 16.061176
v -54.816193 -17.596161 14.009881
v -54.557514 -17.786394 12.840726
v -54.980476 -17.652933 11.733724
v -51.464371 -6.899587 16.333565
v -51.740425 -5.628678 16.015915
v -50.556736 -4.558783 15.563060
v -53.287693 -19.609716 10.328251
v -53.581276 -19.438065 8.290878
v -53.580772 -19.267397 6.675216
v -53.657021 -18.725693 4.624612
v -53.954144 -17.353628 3.165165
v -53.968815 -15.778182 2.144290
v -55.023445 -15.327774 2.198434
v -53.905769 -13.792341 1.426459
v -53.566895 -11.879080 0.978914
v -52.978378 -10.153985 0.750248
v -52.641640 -8.412575 0.648162
v -52.719498 -6.545006 0.724837
v -53.266373 -5.555758 0.749083
v -51.884651 -4.552810 0.977146
v -51.587498 -2.768841 1.434244
v -53.864029 -18.767870 12.562702
v -51.341457 -1.249820 1.786989
v -49.864410 -2.739837 14.474846
v -48.515732 -2.353212 13.713229
v -46.874172 -2.859597 13.022472
v -45.550438 -2.602303 11.593900
v -45.380806 -2.244096 10.352631
v -46.192757 -1.511847 9.688542
v -45.351662 -2.530077 8.637056
v -46.167130 -2.117945 7.538225
v -46.107883 -3.400630 5.867090
v -50.037865 -3.297959 1.529639
v -48.673847 -4.087325 1.936518
v -53.994808 -14.809589 16.305437
v -54.155079 -16.472511 15.680039
v -53.757706 -17.730604 15.226344
v -53.794098 -12.816952 16.536797
v -54.206871 -12.010236 16.374603
v -52.949814 -10.724017 16.812971
v -52.457333 -8.963627 16.681347
v -52.856049 -19.182657 14.465142
v -50.203243 -8.893695 17.105972
v -49.103714 -6.552646 16.401962
v -49.847366 -5.595196 16.051903
v -50.668430 -6.004139 16.170044
v -50.856403 -5.637124 16.040739
v -48.368282 -4.578416 15.288355
v -51.994900 -20.098717 13.153017
v -51.266560 -21.359192 11.123165
v -51.582279 -21.263430 8.955178
v -52.137821 -20.641607 7.228899
v -52.049286 -20.183083 4.683330
v -52.282040 -18.941893 3.277026
v -52.406738 -17.601440 2.528070
v -52.339729 -15.753829 1.726101
v -52.973984 -14.697737 1.543202
v -51.700817 -13.363925 1.128956
v -52.441673 -12.211120 0.874268
v -51.085644 -10.796695 0.747879
v -50.747086 -8.631682 0.705387
v -50.868214 -6.618771 0.858098
v -51.437382 -5.545950 0.880184
v -50.465614 -4.699164 1.068455
v -47.790878 -3.089375 14.196127
v -46.322609 -4.547254 14.273651
v -44.831104 -4.532134 12.862046
v -44.522228 -4.110025 11.550091
v -44.093388 -4.134079 10.220690
v -44.368771 -3.580729 9.384337
v -44.726032 -3.782042 7.797585
v -43.853218 -5.325468 7.453206
v -44.232166 -6.989875 3.664761
v -46.883167 -5.318562 2.616289
v -49.203709 -5.376897 1.354589
v -47.966148 -5.391930 1.793696
v -53.141907 -16.049555 16.836666
v -52.690506 -14.454326 17.153582
v -52.614178 -13.215574 17.152857
v -52.735935 -17.644939 16.307201
v -52.014050 -19.171621 15.777140
v -52.100143 -11.673908 17.284245
v -51.406487 -10.474380 17.323303
v -51.455311 -20.379969 15.139863
v -51.598244 -20.145828 14.341773
v -50.318367 -10.871478 17.903687
v -48.654633 -10.158500 17.950748
v -47.854782 -8.629332 17.517799
v -47.520836 -6.975479 16.380987
v -47.972549 -5.894441 15.924343
v -47.067673 -5.553818 15.405418
v -50.302284 -21.906006 14.534214
v -51.066727 -21.371664 12.967937
v -50.029175 -22.566780 12.216510
v -50.093243 -22.534241 10.512851
v -50.130547 -22.499039 9.050573
v -49.982952 -22.335518 6.655099
v -50.164108 -21.542957 4.607384
v -50.535130 -20.180658 3.275667
v -51.182610 -19.194910 2.904231
v -51.022610 -17.766981 1.948474
v -50.464119 -15.861229 1.319879
v -51.010757 -14.620617 1.247905
v -49.638737 -13.323078 1.015204
v -50.286930 -11.993832 0.883716
v -48.790512 -10.736168 0.872160
v -48.767143 -8.737044 0.923036
v -49.339035 -7.230827 1.015900
v -45.384556 -6.120998 15.199552
v -43.972984 -5.899442 13.798225
v -43.076313 -5.897245 12.394385
v -42.996181 -5.816714 10.693890
v -43.310486 -5.300043 9.557802
v -42.267616 -6.998102 8.084954
v -42.550449 -8.257955 5.353953
v -45.508305 -7.341971 2.324918
v -44.576645 -8.878792 2.515414
v -43.663925 -8.542492 3.134640
v -43.154354 -8.458039 3.643256
v -47.672878 -6.838006 1.527136
v -46.441551 -7.050697 1.940122
v -51.892773 -17.210655 17.300760
v -51.826389 -15.884633 17.597731
v -51.742889 -14.713594 17.622952
v -51.516342 -13.399173 17.710155
v -51.375813 -12.213942 17.721733
v -50.774799 -18.867201 17.135035
v -50.161076 -20.850296 16.204647
v -50.208656 -12.377160 18.189009
v -49.411263 -11.953054 18.277639
v -48.805454 -11.531188 18.241772
v -47.320347 -11.408032 18.410717
v -47.180252 -9.736934 17.949060
v -47.063210 -8.672588 17.527187
v -45.576969 -7.612249 16.480188
v -48.945930 -22.621288 15.849131
v -48.450981 -23.885132 14.435133
v -49.151180 -23.017548 13.267941
v -48.219978 -24.250332 11.697330
v -48.759594 -23.740917 9.542889
v -48.768623 -23.592735 7.403533
v -47.675240 -23.628592 5.141982
v -48.301308 -21.887877 3.743383
v -49.028435 -20.912966 3.274154
v -49.249245 -19.847378 2.606610
v -49.426064 -18.166750 1.805167
v -48.562325 -15.978703 1.085629
v -49.039341 -14.684482 1.046867
v -47.700195 -13.416286 1.041595
v -48.286236 -11.995746 0.921241
v -47.083954 -10.938181 1.092654
v -46.647411 -8.809896 1.552490
v -44.671890 -6.916810 15.589342
v -43.330349 -7.422295 15.150744
v -41.888641 -7.488516 13.747988
v -41.495453 -7.357763 12.281111
v -41.533546 -7.120155 10.684945
v -41.762268 -7.097022 9.423230
v -40.854736 -8.575254 8.471412
v -41.593182 -8.497167 6.949504
v -40.704720 -10.168560 5.924653
v -42.026569 -9.750258 4.532999
v -43.045605 -9.771443 3.302475
v -45.279346 -10.621371 1.789692
v -44.122650 -10.202255 2.427589
v -50.753429 -17.473541 17.850281
v -50.955498 -16.207657 17.949297
v -50.567017 -14.807297 18.083935
v -50.422218 -13.616717 18.215242
v -49.328629 -17.931705 18.232534
v -49.223892 -19.417425 17.843010
v -49.356174 -20.419605 17.316416
v -47.991047 -21.978571 17.247196
v -48.399654 -13.429080 18.606356
v -45.813267 -12.664456 18.715448
v -45.615257 -11.401408 18.316648
v -45.808796 -10.231931 17.815802
v -45.990292 -9.044744 17.360163
v -44.188335 -9.171869 16.764044
v -47.374096 -24.082029 16.087730
v -46.522636 -25.678925 14.652969
v -47.310455 -24.655134 14.032118
v -47.791504 -24.540829 13.330253
v -46.877094 -25.569149 12.920506
v -46.478352 -25.862791 10.791270
v -46.840649 -25.446766 9.223068
v -46.884789 -25.043697 6.972866
v -46.027161 -24.944756 4.888657
v -46.430199 -23.780506 3.876762
v -46.384975 -22.189894 2.985865
v -46.951206 -20.381786 2.172143
v -48.348034 -20.059580 2.362988
v -47.429825 -18.353859 1.496071
v -46.715031 -16.109484 1.148935
v -47.156334 -14.826862 1.038065
v -45.916168 -13.796388 1.173739
v -46.157726 -12.125055 1.296980
v -41.845226 -9.302962 15.590749
v -40.852581 -8.950823 14.097569
v -40.186428 -8.888791 12.554940
v -39.956490 -9.003339 11.098139
v -40.513977 -8.429799 10.263479
v -39.065788 -10.081588 9.346022
v -39.620106 -10.271829 7.654144
v -40.108383 -13.100190 3.243011
v -41.611748 -10.860470 3.941640
v -43.628414 -11.573072 2.247227
v -42.117447 -11.654243 3.010534
v -44.911091 -12.222577 1.592246
v -49.723511 -16.410772 18.295443
v -49.840370 -15.114454 18.269867
v -48.000786 -19.121254 18.501154
v -47.626652 -17.352436 18.892759
v -48.458942 -16.453468 18.723274
v -48.380802 -20.427828 17.927126
v -45.816689 -24.278730 17.500443
v -46.426758 -22.129993 18.247927
v -46.927521 -20.494419 18.449400
v -48.691013 -15.299411 18.642834
v -46.933212 -15.492552 19.025005
v -44.967342 -14.196123 18.942451
v -44.125092 -12.810481 18.505440
v -44.266094 -11.721029 18.100151
v -44.489265 -10.635230 17.643494
v -42.530407 -10.760473 17.083082
v -45.784592 -25.953844 16.139849
v -45.360012 -26.869774 15.116107
v -44.172165 -27.727415 13.949484
v -45.080811 -26.972164 12.842123
v -45.106392 -27.098398 11.088812
v -45.155594 -26.971725 9.116574
v -45.392319 -26.612711 7.462372
v -44.466850 -26.457638 5.459005
v -44.612705 -24.909960 3.957846
v -45.513584 -24.228012 3.846976
v -44.699421 -22.839705 2.745338
v -44.870132 -20.943188 2.018514
v -45.911499 -20.818279 2.155765
v -45.397228 -19.633953 1.631893
v -46.459366 -19.153240 1.557804
v -45.668568 -18.324608 1.354056
v -44.494507 -16.601601 1.366595
v -45.203976 -15.034859 1.264297
v -43.819908 -13.875708 1.611082
v -40.447472 -10.705800 15.794286
v -39.569229 -10.436130 14.533258
v -38.485210 -10.553039 12.849449
v -38.617504 -10.303266 11.214177
v -37.003944 -11.806948 10.023455
v -34.735535 -14.093540 10.251512
v -42.181992 -13.006387 2.407641
v -41.223507 -14.903353 2.121280
v -39.784084 -14.703402 2.553315
v -38.837177 -14.955481 2.786929
v -46.358334 -19.196770 18.946537
v -46.142845 -17.886278 19.025660
v -46.234715 -16.733206 19.053839
v -45.044353 -22.651566 18.806265
v -44.631081 -24.379917 18.468431
v -44.086731 -25.983559 17.953072
v -44.150864 -27.049414 16.692905
v -45.210739 -20.637453 19.030220
v -45.689743 -19.699347 19.046791
v -44.170750 -16.247866 19.150047
v -42.758457 -14.513745 18.755732
v -42.695843 -13.262413 18.418514
v -42.961769 -12.092244 18.013395
v -41.439625 -12.316383 17.619677
v -40.069351 -11.947268 16.635418
v -44.432980 -27.812347 15.424458
v -42.149960 -29.065168 15.178886
v -42.585518 -29.274738 12.974255
v -43.459854 -28.591261 11.499636
v -43.535763 -28.501837 9.207716
v -43.521847 -28.129393 7.028466
v -42.592419 -27.971893 5.214922
v -42.885994 -26.560326 4.347750
v -43.304462 -25.344498 3.778718
v -43.286877 -23.722116 2.811245
v -42.830219 -21.948544 1.982756
v -43.321526 -20.573689 1.759874
v -43.778263 -19.509653 1.447746
v -44.267246 -18.385954 1.346007
v -42.352280 -18.276661 1.470449
v -42.154224 -16.361555 1.616322
v -42.914177 -15.338130 1.595588
v -38.740795 -11.988812 15.782734
v -38.570641 -11.570434 14.982588
v -37.170666 -12.009103 13.811290
v -36.471264 -11.969525 12.446337
v -37.119270 -11.506421 11.521696
v -35.661129 -12.864233 11.593582
v -39.861271 -16.997231 1.804957
v -38.967369 -15.883888 2.252934
v -37.780197 -16.042086 2.739315
v -37.562984 -15.083643 3.372681
v -44.268738 -18.655603 19.401957
v -43.508572 -23.751816 19.257845
v -43.668713 -22.370708 19.472984
v -43.897667 -21.142382 19.483711
v -43.140663 -25.534576 18.884539
v -43.129745 -27.758915 17.569811
v -42.358051 -27.253721 18.592960
v -42.962063 -28.440458 16.679085
v -43.924007 -19.899624 19.487755
v -42.685154 -17.618809 19.712250
v -41.709339 -16.228657 19.129358
v -41.626816 -15.115557 18.798824
v -40.575409 -13.826718 18.096315
v -39.853313 -12.924856 17.224754
v -38.571297 -13.106533 16.612143
v -38.598629 -12.390640 16.294077
v -41.717285 -29.747541 16.779758
v -41.145557 -29.394464 15.939174
v -40.911457 -30.439438 15.686795
v -41.148739 -31.543318 14.486537
v -41.540257 -30.715124 13.043733
v -41.828228 -30.428734 11.237028
v -42.073357 -30.135674 9.309955
v -41.932564 -29.927658 7.297509
v -41.432217 -29.444763 5.526796
v -41.330357 -28.124405 4.508989
v -41.554962 -26.719622 3.822515
v -42.066093 -25.477018 3.437826
v -41.803684 -24.054008 2.761932
v -41.459881 -22.416536 2.113929
v -40.824184 -20.639584 1.730264
v -41.680218 -19.876141 1.548578
v -39.940228 -18.739574 1.574446
v -37.111340 -13.372515 16.063250
v -36.839157 -12.891025 15.004781
v -35.374016 -13.594441 14.018393
v -35.329491 -13.058564 12.881740
v -33.918945 -14.678440 13.268423
v -37.986885 -18.477957 1.922655
v -36.991730 -17.633003 2.513509
v -36.706215 -16.675198 3.023978
v -42.824837 -20.014475 19.840132
v -41.417671 -19.144135 19.811535
v -42.074284 -24.929331 19.602663
v -42.368015 -23.438635 19.839842
v -43.062485 -22.793980 19.684628
v -42.524971 -21.698927 20.005556
v -41.018009 -26.629986 19.653399
v -41.654003 -29.029137 18.166164
v -40.589348 -28.650211 19.241674
v -41.456127 -17.946695 19.800013
v -40.393448 -16.974998 19.289831
v -39.682770 -15.380641 18.525501
v -38.755836 -14.673119 17.777678
v -38.804699 -13.675648 17.239422
v -37.341095 -14.626242 16.957827
v -40.787495 -30.660618 17.696314
v -40.747410 -31.382021 16.551107
v -40.713478 -30.489471 16.317644
v -40.367798 -31.727314 15.421022
v -40.000385 -33.054371 15.258409
v -40.158249 -32.998413 12.675879
v -40.953342 -31.859674 12.909358
v -40.667217 -32.081135 11.376478
v -40.725140 -31.758289 9.297367
v -40.873089 -31.378916 7.506965
v -39.897827 -31.092703 5.523814
v -40.122952 -29.597902 4.725861
v -40.110668 -28.132174 4.050786
v -40.721371 -27.296148 3.827222
v -39.707996 -25.969572 2.990738
v -40.469234 -24.538769 2.607674
v -39.856228 -22.735987 2.135083
v -39.508083 -21.118498 1.835561
v -39.476791 -19.961763 1.664591
v -37.875050 -19.900555 1.791820
v -36.277294 -14.487188 16.048021
v -35.327507 -14.515655 15.352827
v -34.444347 -14.524775 14.312005
v -33.896622 -15.346727 15.032086
v -32.539616 -16.395855 14.772249
v -32.013565 -16.201635 13.897127
v -35.854256 -19.793671 2.254888
v -34.988380 -19.145658 2.830638
v -34.638802 -17.956120 3.634673
v -41.258602 -20.778378 20.108616
v -39.614563 -20.652811 20.070568
v -39.459732 -19.178589 19.773087
v -40.212498 -18.222115 19.588968
v -40.793694 -25.160114 19.984159
v -41.203014 -23.892551 20.002874
v -41.638603 -22.869408 20.053455
v -40.349915 -22.472731 20.196241
v -39.103367 -28.008701 20.418079
v -39.922771 -26.924963 20.156927
v -39.510098 -25.944143 20.366447
v -40.192577 -30.392368 18.707136
v -38.912071 -30.427574 19.886942
v -38.396927 -17.929827 19.195654
v -38.833611 -16.494286 18.767023
v -37.748890 -16.179134 18.159620
v -36.165230 -16.402946 17.529806
v -35.767342 -15.264392 16.424421
v -39.761604 -31.825850 18.050755
v -39.567432 -31.971117 16.952873
v -39.369164 -33.218700 17.283052
v -38.599976 -34.801807 16.494270
v -38.885429 -34.255169 14.658491
v -39.045486 -34.457993 12.909070
v -39.013977 -34.488941 10.683131
v -39.877926 -33.294811 11.027428
v -39.520802 -33.494778 9.424403
v -39.307873 -32.928295 7.170622
v -38.098660 -32.796566 5.201225
v -38.419949 -31.448668 4.595297
v -38.352482 -30.265850 4.177741
v -38.744453 -28.957590 3.909659
v -38.408298 -26.917250 3.024163
v -37.958916 -25.213697 2.473262
v -38.595322 -24.536896 2.326736
v -39.308121 -24.411766 2.323741
v -38.050819 -23.181850 2.036397
v -37.879929 -21.411659 1.834349
v -36.000935 -21.576801 2.007768
v -34.310745 -16.541679 16.474468
v -33.266300 -16.519455 15.585678
v -31.843004 -18.258371 16.431969
v -30.841394 -17.442730 14.544342
v -32.112366 -16.011541 13.079368
v -34.327187 -21.339491 2.320261
v -33.700924 -20.613251 2.639488
v -33.871655 -19.649323 3.039167
v -32.327637 -20.825684 3.120564
v -38.569767 -21.912472 20.179529
v -38.656979 -20.915001 20.207117
v -37.816830 -20.076584 20.024673
v -39.982113 -24.240438 20.235546
v -37.967304 -23.629026 20.561623
v -37.650642 -29.716440 21.000755
v -37.373070 -28.134264 21.232317
v -37.567600 -26.926126 21.114319
v -38.623425 -26.769682 20.741486
v -37.989525 -25.752525 20.852139
v -39.163258 -31.793329 19.017902
v -38.285618 -32.177013 19.791636
v -37.221115 -32.012691 20.865494
v -36.371750 -19.097605 19.337332
v -36.599873 -17.448986 18.465721
v -36.766636 -16.679537 18.058500
v -34.908974 -18.132420 18.154217
v -39.112900 -32.876041 18.438995
v -38.325371 -34.233292 18.545036
v -37.083523 -36.077328 18.632423
v -37.390457 -35.771393 16.863417
v -37.793243 -36.168606 15.140246
v -38.357391 -35.320267 15.613391
v -38.514042 -35.200542 15.046793
v -38.056053 -35.956810 13.239070
v -37.929073 -36.096455 10.918863
v -37.794231 -35.951328 8.796003
v -38.662636 -34.748680 9.082178
v -38.239010 -34.940727 7.560764
v -37.542213 -34.598183 5.924927
v -36.647137 -34.248768 4.692422
v -36.790508 -32.655003 4.115298
v -37.692616 -31.934904 4.391981
v -37.223854 -30.689602 3.673070
v -37.091438 -28.960377 3.280639
v -36.844921 -27.353432 2.854291
v -36.588764 -25.652456 2.406599
v -36.619324 -24.065083 2.109848
v -37.806690 -24.212584 2.195923
v -36.319382 -22.915638 2.006631
v -34.826420 -23.235645 2.047564
v -33.968227 -22.522205 2.217662
v -33.494282 -18.127707 17.357821
v -32.945381 -19.638163 18.402548
v -31.498487 -19.699015 17.769032
v -30.420828 -19.691460 17.285254
v -29.849062 -19.474211 16.633467
v -29.531645 -18.941303 15.441104
v -30.716175 -17.247471 13.460178
v -32.369289 -22.375441 2.583576
v -30.459284 -22.569384 3.072203
v -29.489017 -21.521477 3.902440
v -37.919113 -22.405367 20.356537
v -37.232327 -21.706285 20.353674
v -35.667610 -20.980963 20.076500
v -36.160835 -25.375172 21.294491
v -35.766705 -23.756248 20.911591
v -36.149807 -22.560555 20.555723
v -36.245232 -30.130545 21.783373
v -36.283909 -28.556021 21.690008
v -36.079933 -26.930592 21.679880
v -38.506378 -32.970478 19.174608
v -37.568764 -33.646992 19.872890
v -35.742962 -31.631109 22.262205
v -36.232731 -33.763901 21.595894
v -36.745354 -34.452812 20.575968
v -34.701366 -19.795914 19.187122
v -37.360138 -34.765953 19.198652
v -36.626213 -35.033741 19.612106
v -36.513519 -36.266956 20.224360
v -36.104012 -37.837532 19.857620
v -36.305595 -37.710526 18.552460
v -36.403175 -36.795582 18.351227
v -36.752846 -36.957279 17.351671
v -37.246754 -36.385181 16.792603
v -37.098541 -36.797337 16.109064
v -36.804165 -37.964806 14.707443
v -36.938496 -37.790195 12.992172
v -36.842754 -37.694687 10.978452
v -36.685146 -37.591541 8.901101
v -36.544991 -37.286411 7.162359
v -37.363522 -36.136761 7.416474
v -36.796600 -36.110371 6.312895
v -35.703732 -35.720013 4.760843
v -35.159706 -34.192013 3.767904
v -35.963718 -33.467537 3.958545
v -35.209724 -32.266838 3.262156
v -36.325974 -31.560385 3.490508
v -35.440536 -30.500406 2.951121
v -35.576290 -28.979717 2.715894
v -35.665058 -27.676851 2.547537
v -34.544128 -25.953341 2.200067
v -35.288368 -24.590437 2.118154
v -34.250210 -24.473593 2.112719
v -32.582085 -24.398203 2.219293
v -33.628216 -21.191471 19.794697
v -32.155289 -21.257891 19.605728
v -31.016558 -20.823517 18.786951
v -29.998886 -20.549322 18.009787
v -28.575720 -20.668648 17.330210
v -28.777210 -18.980696 14.566116
v -30.067192 -24.114780 2.572003
v -28.262007 -23.750727 3.112768
v -26.478462 -23.390171 3.819476
v -28.264812 -21.339466 4.609867
v -34.235233 -22.880201 20.722639
v -35.392639 -25.919880 21.885620
v -34.109001 -25.675186 21.853493
v -34.402290 -24.408318 21.328779
v -35.186741 -29.976017 22.429758
v -35.121742 -28.733421 22.227180
v -35.143238 -27.517935 22.048149
v -34.659954 -26.306265 22.136938
v -35.041451 -33.357277 22.732481
v -34.449612 -31.611284 23.136028
v -34.239780 -30.261440 23.000734
v -35.504398 -35.354465 21.957899
v -36.177616 -35.730797 21.131399
v -35.219143 -37.590282 21.297537
v -35.058662 -39.490833 20.068703
v -35.711807 -39.113209 18.605719
v -35.750603 -38.331001 18.348087
v -36.101566 -38.440128 17.334602
v -36.464603 -37.923031 15.994592
v -35.960438 -39.564899 15.283822
v -36.033676 -39.499813 12.967691
v -35.791149 -39.341335 10.948653
v -35.538406 -39.191643 8.852360
v -35.249016 -38.818283 6.706419
v -35.154446 -37.280464 5.248366
v -34.028721 -36.034729 3.902759
v -33.602276 -34.420319 3.164250
v -34.301670 -33.220966 3.157183
v -33.445732 -31.752687 2.616059
v -34.361580 -30.759060 2.635245
v -33.722153 -29.137327 2.335507
v -34.507824 -27.655598 2.292680
v -33.292614 -27.051752 2.161288
v -32.977325 -25.865234 2.139947
v -31.635332 -26.352852 2.079593
v -29.667091 -25.822962 2.211621
v -31.982796 -22.763086 20.578863
v -30.093067 -22.408913 20.045128
v -29.182442 -21.579807 18.943729
v -27.430449 -22.737652 19.611414
v -25.823481 -22.671516 18.867357
v -26.038834 -21.428333 16.656229
v -27.566311 -25.563570 2.481012
v -25.593676 -25.282497 2.864932
v -23.930765 -24.872450 3.418743
v -24.944685 -23.733894 3.946638
v -25.603592 -22.030205 5.298625
v -32.137753 -24.690699 21.690817
v -33.772877 -27.340672 22.266315
v -32.436939 -26.249086 22.258570
v -34.150436 -28.953056 22.502798
v -34.501556 -35.361671 22.922832
v -34.022282 -33.718109 23.478258
v -33.854252 -32.289680 23.635447
v -32.860416 -30.644209 23.667374
v -32.885513 -28.802870 22.993538
v -34.899284 -36.486198 22.222303
v -33.992821 -37.681343 22.728617
v -33.660942 -39.717606 22.057007
v -34.498226 -39.484951 21.060783
v -33.826836 -41.094353 20.508516
v -34.529331 -41.017941 18.716772
v -34.828793 -39.944244 18.796028
v -35.147133 -40.636490 17.046129
v -35.776787 -39.463203 17.084503
v -34.708160 -41.392071 14.838618
v -34.838451 -41.098942 12.977604
v -34.717342 -40.948620 10.995230
v -34.428219 -40.786175 8.890323
v -33.999603 -40.386421 6.565605
v -33.733734 -39.066120 5.133362
v -33.825272 -37.945782 4.653586
v -33.447254 -36.707104 3.870899
v -31.953798 -34.979458 2.659207
v -32.209915 -32.922489 2.434433
v -32.079483 -31.349228 2.203220
v -32.224445 -29.837862 2.080755
v -32.387825 -28.622223 2.089074
v -32.428490 -27.725664 2.099141
v -31.062223 -28.012596 1.932977
v -29.089369 -27.504990 1.919744
v -27.054796 -27.224485 2.022598
v -29.410210 -24.354631 21.552906
v -28.007698 -23.672976 20.789318
v -28.721760 -22.578257 19.851189
v -25.695068 -24.490444 21.048950
v -24.899843 -23.869003 20.187378
v -22.786510 -23.742575 19.299738
v -22.103495 -21.829260 15.901797
v -24.982418 -26.969688 2.187883
v -22.643917 -26.517557 2.501037
v -21.931862 -25.022169 3.404799
v -22.175407 -23.574663 4.559555
v -24.137007 -23.733450 4.127925
v -31.103001 -26.152580 22.630245
v -29.306570 -26.017744 22.626318
v -32.551998 -27.455359 22.650543
v -31.217688 -27.839951 23.198984
v -33.211460 -34.681286 23.915018
v -33.460732 -36.580605 23.573721
v -33.073215 -32.987736 24.032032
v -32.892654 -31.894646 23.930225
v -31.689245 -31.717985 24.250872
v -31.830980 -30.397152 23.916300
v -32.091450 -30.101089 23.662163
v -31.512556 -29.482044 23.705866
v -32.798233 -38.126064 23.641562
v -32.113247 -39.684666 23.344061
v -32.057842 -41.377434 22.549623
v -33.030224 -41.172421 21.626926
v -32.353344 -42.524063 21.151642
v -32.919575 -42.805653 19.833498
v -33.490234 -42.459938 18.438410
v -34.133514 -42.260921 16.799110
v -34.350594 -41.610153 16.030870
v -33.710968 -42.908981 14.697177
v -33.664780 -42.687099 12.836460
v -33.619049 -42.471035 11.022417
v -33.399025 -42.342934 9.125501
v -32.908787 -42.084469 6.800188
v -32.506886 -40.713448 4.916264
v -32.385136 -39.205273 3.956221
v -33.033878 -38.326756 4.053150
v -32.244755 -37.124893 3.185637
v -30.401688 -36.188580 2.211730
v -30.096237 -34.575611 1.872118
v -30.394962 -33.263718 1.924582
v -31.367332 -33.206242 2.214061
v -30.962032 -31.686102 1.960652
v -31.512211 -30.550980 1.986905
v -30.573118 -29.621134 1.774344
v -28.575354 -29.146118 1.660373
v -26.492580 -28.883747 1.621365
v -24.465527 -28.648155 1.656877
v -27.352596 -26.000963 22.662697
v -26.436123 -25.328838 22.079569
v -24.016813 -25.987877 22.092798
v -23.493017 -25.156565 21.147539
v -20.996378 -26.572695 22.021418
v -19.492973 -23.989590 19.170307
v -19.581974 -22.103670 16.760485
v -19.762379 -20.979898 14.020673
v -22.596214 -20.654016 12.459374
v -22.458324 -28.386997 1.685967
v -20.673107 -27.951033 1.667112
v -20.699556 -26.694555 2.194549
v -20.351135 -25.235773 2.947540
v -20.568493 -24.166718 3.817831
v -18.932346 -22.745287 4.663145
v -20.064392 -21.771971 7.484604
v -28.990051 -27.724434 23.560862
v -26.495735 -27.600122 23.601166
v -30.548576 -29.199324 23.881817
v -29.490086 -29.084383 24.079216
v -32.532795 -35.920467 24.306339
v -32.192139 -34.549435 24.525845
v -32.205269 -33.441216 24.456326
v -31.965014 -37.367188 24.346313
v -30.759096 -33.091080 24.813999
v -30.775055 -31.862246 24.567373
v -29.963739 -30.884932 24.555094
v -31.126505 -30.481346 24.074902
v -30.982964 -38.869328 24.391855
v -30.762115 -41.247875 23.542973
v -29.957788 -40.444408 24.373056
v -31.025503 -43.111977 22.289621
v -30.451479 -42.383160 23.189915
v -31.053757 -44.378693 20.857092
v -32.050255 -43.802948 19.983309
v -32.221191 -44.059952 18.645000
v -32.438354 -43.076977 18.643293
v -32.818703 -43.878628 17.119667
v -33.339169 -43.023167 16.892883
v -33.430866 -43.755711 15.551119
v -32.385429 -44.512867 14.154699
v -32.337696 -44.433334 12.333566
v -32.648075 -43.797138 10.985751
v -32.324070 -43.822765 9.222650
v -32.247284 -43.560509 7.751041
v -31.695972 -43.579494 6.463067
v -32.097897 -42.383831 5.593256
v -31.958338 -41.288654 4.632492
v -30.780884 -39.781441 3.028133
v -31.052139 -37.977356 2.789549
v -29.497431 -37.654320 2.011418
v -29.060289 -36.159950 1.675690
v -28.635393 -34.770409 1.550130
v -28.506220 -33.087605 1.405776
v -29.548664 -31.958151 1.656381
v -29.837255 -30.905352 1.669336
v -28.140465 -31.011969 1.427989
v -25.898249 -30.564114 1.317589
v -23.786119 -30.282681 1.247925
v -21.761909 -29.985271 1.160334
v -24.690342 -27.013390 23.086691
v -22.921625 -27.071037 22.831299
v -22.007933 -28.433851 23.860662
v -20.029261 -28.720772 23.878242
v -18.603270 -28.012281 23.254181
v -18.220659 -26.650646 22.085388
v -17.744621 -25.008575 20.947229
v -17.570158 -23.440802 19.106300
v -17.690792 -22.047396 17.611986
v -17.299494 -20.547300 15.685250
v -18.399282 -20.831120 14.893773
v -17.016554 -19.516298 13.046756
v -19.214735 -20.589266 10.747777
v -19.810244 -29.468950 1.060466
v -18.805988 -27.946985 1.272601
v -19.295109 -26.985926 1.727025
v -19.995663 -26.931652 1.920385
v -18.786995 -25.465935 2.259822
v -18.480761 -23.820301 3.263138
v -19.545914 -24.025446 3.649321
v -17.478270 -20.853409 6.234434
v -16.594688 -20.998751 4.501539
v -17.244701 -22.303518 3.727804
v -21.562193 -21.274977 9.568178
v -18.482473 -20.804089 8.952375
v -17.534330 -20.516596 7.865077
v -28.118233 -29.126345 24.404421
v -26.538364 -28.986872 24.402187
v -24.724983 -29.095945 24.530064
v -23.804956 -28.536182 24.169188
v -27.617031 -30.700163 24.943790
v -31.324619 -36.028889 24.782898
v -31.360691 -34.923370 24.813845
v -30.318369 -37.571487 24.868237
v -30.125910 -36.238640 25.025213
v -29.758066 -34.519821 25.242664
v -29.812069 -33.372025 25.333525
v -29.142685 -32.655766 25.264771
v -27.427704 -32.326908 25.404331
v -29.223534 -39.127293 24.972301
v -28.832720 -37.762032 25.112926
v -28.958561 -42.167908 24.177752
v -28.281487 -40.822628 24.969744
v -27.973717 -39.467770 25.345289
v -29.958033 -44.621780 22.067535
v -29.124489 -43.962494 23.186350
v -29.623117 -45.915447 20.919037
v -30.429602 -45.579315 19.785032
v -31.281815 -45.052963 19.026909
v -31.287306 -45.453243 16.757114
v -32.193977 -44.601345 15.427440
v -31.319281 -45.799858 14.449572
v -31.335714 -45.870125 12.663603
v -31.063749 -46.023373 10.917622
v -31.261663 -45.356815 9.453260
v -30.806417 -44.930851 6.917245
v -30.768871 -43.715752 5.478807
v -31.193523 -42.592068 4.865760
v -31.098660 -41.375248 3.930857
v -29.512384 -41.102943 2.885773
v -28.856546 -39.087704 1.898588
v -28.118311 -37.704609 1.472099
v -27.536884 -36.368305 1.378058
v -26.952129 -34.902519 1.224723
v -26.639473 -33.471905 1.094579
v -27.066626 -32.398975 1.191218
v -25.378786 -32.337738 1.031177
v -23.108114 -31.949608 0.916071
v -20.929699 -31.580299 0.806909
v -18.821655 -31.035706 0.633959
v -22.198372 -30.281076 25.106657
v -19.941252 -30.108570 24.972054
v -17.881605 -29.704782 24.864328
v -16.927849 -27.958260 23.754652
v -17.099825 -26.621874 22.773544
v -17.128281 -25.797165 21.961351
v -16.462536 -23.562033 20.278919
v -16.312473 -24.067722 21.405313
v -15.920420 -24.714964 22.595041
v -16.126469 -22.081242 19.412132
v -16.913021 -22.199492 18.415670
v -16.020317 -20.788980 17.933811
v -16.653353 -20.727139 16.731747
v -15.457164 -19.137814 16.296761
v -16.136610 -19.233719 14.739627
v -14.716183 -17.624535 14.164778
v -14.881100 -17.564062 11.997160
v -15.415232 -18.146942 10.490388
v -17.181170 -19.511189 10.875427
v -17.008158 -19.636589 9.393165
v -17.599426 -29.666082 0.657702
v -17.236300 -28.062929 0.887814
v -17.372244 -26.688662 1.310547
v -18.118036 -26.271650 1.640452
v -16.703890 -24.749401 1.821816
v -16.636646 -22.965899 2.748128
v -17.124542 -20.390215 6.936614
v -16.077229 -19.382135 6.838243
v -15.497363 -19.417244 5.156834
v -15.728170 -21.138636 3.437208
v -14.615990 -19.548521 3.796272
v -16.359156 -19.447830 8.190640
v -26.087999 -30.396345 25.059891
v -24.312235 -30.425367 25.166185
v -26.411469 -31.896938 25.482981
v -25.737141 -31.569429 25.509649
v -28.405710 -36.162018 25.243221
v -28.920582 -35.187801 25.446150
v -27.953762 -34.081146 25.458536
v -26.279949 -33.845894 25.801224
v -25.009279 -33.054726 25.987139
v -27.314932 -38.031357 25.572186
v -26.638836 -36.358288 25.657879
v -27.569216 -43.688084 24.340979
v -27.876907 -42.555344 24.575787
v -26.936119 -41.685772 25.252626
v -26.422960 -39.712528 25.939644
v -26.355192 -38.404888 26.035583
v -28.329050 -46.087135 22.443344
v -27.246300 -45.556538 23.717337
v -28.394285 -47.401840 21.229729
v -29.162182 -47.280655 20.060135
v -29.583242 -46.403522 18.945671
v -30.291056 -45.885418 17.925388
v -29.859612 -47.134357 16.893326
v -30.272846 -47.212242 14.813851
v -30.337103 -47.275181 12.818013
v -30.229738 -47.283318 10.952252
v -29.991722 -47.090294 9.050660
v -29.551125 -46.595169 6.743769
v -29.412136 -45.261368 5.337699
v -29.693186 -44.020180 4.802125
v -30.145113 -42.828232 4.178822
v -28.284285 -42.637650 2.934115
v -27.660648 -40.862938 1.854176
v -27.322823 -39.500992 1.539147
v -26.603203 -37.971066 1.241438
v -25.890779 -36.529305 1.050116
v -25.186193 -35.073952 0.938917
v -24.862513 -33.712650 0.841135
v -22.635344 -33.855301 0.649119
v -20.075203 -33.211716 0.522436
v -17.822800 -32.599552 0.373681
v -16.516088 -31.264130 0.354531
v -15.942571 -29.774899 0.436222
v -22.376066 -32.072136 26.012428
v -21.003349 -31.827448 25.937550
v -19.663832 -31.700104 25.944012
v -17.999748 -31.455202 26.007689
v -16.483124 -31.103189 26.142645
v -16.245314 -29.703611 25.489182
v -16.125141 -28.465530 24.765993
v -15.573446 -26.835745 24.197590
v -16.064835 -26.219240 23.321812
v -15.296302 -22.082388 20.915886
v -15.146674 -22.855675 22.078156
v -14.530474 -23.210100 23.526173
v -14.824260 -24.492136 23.840202
v -15.315060 -25.490774 23.792223
v -15.206957 -20.612808 19.465609
v -14.715648 -20.821808 20.769836
v -15.067222 -19.351070 17.700399
v -14.551240 -19.356413 19.145399
v -14.559874 -17.744755 15.783031
v -14.156875 -17.469227 17.105494
v -13.829378 -17.771793 18.725212
v -13.585024 -16.239422 12.160318
v -13.426220 -15.947960 13.709574
v -13.488180 -15.862186 15.198524
v -13.634746 -16.353048 16.529465
v -13.868909 -16.282991 10.367100
v -15.086327 -18.257563 8.534870
v -13.980156 -16.825962 8.719114
v -15.285286 -28.040104 0.558177
v -15.579735 -26.686745 0.865773
v -16.357143 -26.131510 1.215336
v -15.127776 -24.562107 1.343585
v -14.926317 -22.529003 2.068832
v -15.198654 -21.562374 2.714407
v -14.355137 -17.750484 5.699984
v -14.936130 -18.187893 7.047409
v -13.694742 -17.926603 4.258698
v -13.571523 -20.106462 2.491151
v -12.669826 -17.960749 3.117943
v -24.132460 -31.796562 25.791952
v -27.308378 -35.342056 25.514971
v -26.513807 -34.903454 25.749552
v -24.715105 -35.239166 26.301447
v -23.071005 -34.356529 26.667261
v -23.368015 -33.109550 26.407782
v -24.856878 -37.141174 26.214569
v -26.361544 -45.005219 24.581499
v -26.712194 -44.012131 24.709965
v -25.973236 -43.020649 25.322342
v -25.600584 -41.469864 25.924028
v -24.591833 -40.029232 26.570827
v -24.955044 -38.437778 26.424498
v -27.413280 -47.750721 22.290985
v -26.313723 -47.506264 23.401993
v -25.392220 -46.605068 24.521582
v -27.328663 -49.081551 20.994570
v -28.269447 -48.327084 20.193695
v -28.899214 -48.231709 18.978355
v -29.514923 -47.339081 19.079018
v -29.320881 -47.531345 18.121635
v -28.981779 -48.808426 17.088902
v -29.346107 -48.773769 14.967861
v -29.398493 -48.778118 12.952930
v -29.309746 -48.750599 11.032847
v -29.117041 -48.613560 9.136657
v -28.598225 -48.359917 7.018405
v -27.918518 -47.325558 5.050460
v -28.341600 -45.707672 4.463145
v -28.588064 -44.405792 4.012562
v -27.080833 -44.240128 2.746911
v -26.675039 -42.444855 1.827282
v -26.290485 -41.094055 1.488174
v -25.578794 -39.609375 1.165326
v -24.881218 -38.148823 0.923354
v -24.124380 -36.709503 0.752441
v -23.633127 -35.365829 0.666005
v -21.341902 -35.655529 0.399338
v -19.121780 -34.872818 0.323032
v -16.826357 -34.158569 0.210202
v -15.481824 -32.835274 0.158355
v -14.846247 -31.395269 0.222266
v -13.963978 -29.808834 0.246460
v -13.192949 -28.026915 0.291626
v -21.685652 -33.788139 26.747297
v -19.997120 -33.156349 26.640499
v -18.173820 -32.866096 26.726126
v -15.873355 -32.794819 27.215096
v -14.926293 -31.063337 26.810850
v -15.408748 -29.990389 26.105003
v -15.049838 -28.628544 25.669689
v -14.609757 -27.005131 25.272175
v -14.353444 -25.311079 24.748684
v -13.920225 -20.861555 22.344292
v -13.493911 -21.647289 23.685865
v -13.568772 -22.941671 24.425631
v -14.058730 -23.913555 24.420298
v -13.955931 -19.447685 20.709763
v -13.565737 -19.711584 21.825102
v -13.156323 -17.976332 20.704330
v -13.156685 -16.196836 18.429794
v -12.629804 -16.070074 19.826828
v -12.237425 -16.454536 20.916643
v -13.182556 -14.746890 11.223210
v -12.906397 -14.722628 13.153946
v -12.865737 -14.607888 15.074491
v -12.790345 -14.644113 16.770557
v -12.475152 -14.691301 18.476973
v -13.184474 -15.786591 8.737661
v -12.966796 -14.578982 9.424181
v -14.186298 -17.538637 7.420174
v -13.459716 -16.363815 6.817122
v -12.929331 -16.067600 7.871458
v -13.258112 -26.386456 0.502470
v -14.496024 -26.042877 0.789564
v -13.458446 -24.369118 0.951773
v -13.684644 -22.738405 1.457248
v -13.654129 -21.543333 1.883579
v -12.916454 -16.496946 4.717206
v -13.289130 -16.447893 5.598637
v -12.163640 -16.467941 3.641998
v -12.471327 -21.013178 1.551006
v -11.840090 -19.410973 1.775906
v -11.459551 -17.947218 2.248349
v -10.953419 -16.018305 2.806580
v -23.446526 -36.729195 26.840235
v -22.093624 -35.847397 27.094936
v -21.590427 -34.821835 27.045370
v -24.301708 -37.821026 26.450031
v -24.080647 -37.701290 26.380745
v -23.560034 -38.241516 26.798580
v -24.933971 -45.183762 25.233250
v -24.916515 -43.878441 25.575590
v -24.564932 -42.546577 26.070234
v -24.779230 -41.632542 26.182987
v -23.194622 -41.272835 26.799362
v -23.089123 -39.683636 27.061226
v -26.105772 -49.162140 22.659067
v -25.189627 -48.841621 23.614002
v -24.175625 -48.312752 24.580872
v -23.829964 -46.813152 25.330292
v -23.931654 -45.589897 25.626263
v -26.067444 -50.480698 21.453079
v -26.846443 -50.328293 20.458891
v -27.444633 -50.206493 19.865973
v -27.654209 -49.174911 18.905727
v -28.488047 -50.323193 16.824898
v -28.739090 -50.384506 15.033161
v -28.572063 -50.342999 13.031775
v -28.407431 -50.287670 11.077071
v -28.238758 -50.166538 9.199776
v -28.166906 -49.889034 7.638917
v -27.469168 -49.970848 5.987455
v -27.740816 -48.622009 5.618119
v -26.864159 -48.658070 4.402641
v -26.870089 -47.054291 3.670501
v -27.279869 -46.014301 3.531608
v -25.999699 -45.746693 2.457530
v -25.670307 -44.087112 1.726544
v -25.323641 -42.730045 1.381936
v -24.650688 -41.192760 1.034235
v -23.898132 -39.738983 0.820574
v -23.106300 -38.300461 0.611908
v -22.570667 -36.962036 0.444282
v -20.301188 -37.227379 0.217364
v -18.053102 -36.466400 0.160476
v -15.806719 -35.726433 0.076579
v -14.452939 -34.396999 0.071548
v -13.807326 -32.980801 0.101685
v -12.892753 -31.447962 0.114039
v -12.027868 -29.824852 0.137667
v -11.149195 -28.015144 0.129657
v -11.141887 -26.482878 0.202830
v -11.901250 -25.841671 0.378747
v -19.872152 -35.182819 27.389090
v -17.575958 -34.688614 27.544394
v -15.454672 -34.932686 28.161509
v -14.812536 -33.734138 27.932938
v -13.771943 -33.123898 27.962786
v -13.562267 -31.340677 27.555040
v -13.946633 -30.211466 27.047958
v -14.088905 -29.068323 26.568693
v -13.406128 -27.204485 26.393200
v -13.132540 -25.464279 25.882355
v -13.005860 -23.759567 25.351824
v -12.645175 -19.287640 22.869390
v -11.907081 -19.821995 24.017225
v -12.221405 -21.291042 24.787161
v -12.740628 -22.372478 25.013857
v -12.461649 -18.180182 22.323973
v -11.799649 -16.767513 22.162565
v -12.029890 -14.765432 20.008743
v -11.398619 -14.937345 21.225155
v -10.476962 -15.298016 22.651484
v -12.567190 -13.499370 10.819273
v -12.462796 -14.209691 11.297570
v -12.554535 -13.290515 12.668989
v -12.413082 -13.176315 14.913674
v -12.251275 -13.135831 16.841658
v -11.923453 -13.145818 18.595873
v -11.213368 -13.038129 20.371765
v -12.503354 -14.744012 7.406132
v -11.935295 -13.231307 8.605022
v -12.459148 -13.520169 9.629644
v -12.251392 -15.171463 5.372460
v -11.776057 -23.861000 0.660611
v -12.412028 -22.582733 1.035642
v -11.786495 -15.320355 4.051476
v -11.264729 -15.304515 3.431952
v -10.840387 -21.111782 0.995311
v -11.318027 -19.944895 1.398917
v -10.108520 -18.428520 1.426298
v -9.794867 -15.895655 2.076193
v -10.072270 -14.828184 2.647185
v -10.458050 -13.725233 3.718738
v -21.462761 -37.603439 27.378735
v -20.760653 -36.380024 27.454166
v -21.905462 -39.510666 27.393915
v -23.770842 -44.216431 26.029528
v -23.765369 -42.974445 26.299391
v -22.270599 -42.996029 26.899408
v -20.924265 -40.940208 27.442484
v -25.059757 -50.804153 22.645739
v -23.955620 -50.375965 23.777061
v -22.698971 -49.753830 25.015244
v -22.641197 -48.423126 25.491747
v -22.709743 -47.142452 25.817699
v -22.658279 -45.796989 26.207504
v -22.791353 -44.617886 26.414572
v -24.977015 -52.176128 21.575077
v -25.922075 -51.533161 20.375767
v -25.498180 -50.689636 20.217525
v -26.252594 -50.536133 19.714314
v -27.000761 -50.979252 20.032290
v -27.686766 -50.353786 18.610142
v -27.337170 -51.079056 17.005396
v -27.737411 -51.705914 15.132403
v -28.290346 -50.702442 15.432852
v -27.661440 -51.879078 13.079263
v -27.494291 -51.870010 11.119429
v -27.256887 -51.763756 9.197269
v -27.000841 -51.477169 7.146355
v -26.059023 -51.382668 5.039166
v -26.682537 -50.106140 4.825904
v -25.840767 -49.925297 3.776219
v -25.871553 -48.495499 3.208037
v -26.160286 -47.460716 3.127100
v -24.839523 -47.164227 2.122801
v -24.554968 -45.272789 1.396832
v -25.103310 -44.581196 1.554027
v -23.835470 -43.245159 0.868725
v -22.972164 -41.400585 0.681125
v -22.146296 -39.883560 0.496836
v -21.589596 -38.534290 0.327140
v -19.307878 -38.784172 0.125586
v -17.046238 -38.031754 0.067583
v -14.783574 -37.280994 0.026140
v -13.430209 -35.960976 0.009652
v -12.770945 -34.567368 0.035841
v -11.850759 -33.057205 0.037136
v -10.972591 -31.477901 0.058659
v -10.075243 -29.839352 0.056920
v -9.227592 -28.027990 0.059339
v -9.334796 -26.781910 0.085732
v -9.387612 -25.385458 0.136900
v -10.270013 -24.036032 0.364704
v -19.811132 -36.906189 27.762196
v -18.328054 -36.617119 27.867813
v -16.488916 -36.518471 28.235998
v -16.569691 -35.319489 27.992834
v -15.034463 -36.524765 28.660852
v -13.907267 -35.748371 28.806332
v -14.504659 -34.945202 28.483326
v -14.170265 -34.172333 28.409187
v -12.737688 -34.354641 28.729864
v -12.359225 -32.884747 28.378357
v -12.919916 -32.218945 28.044724
v -12.050424 -31.465654 28.159338
v -12.053351 -29.977533 27.950859
v -13.061572 -29.311674 27.300478
v -12.041321 -27.553907 27.455301
v -11.811997 -25.573854 26.897743
v -11.647341 -23.858730 26.353691
v -11.609214 -22.223656 25.744234
v -11.310130 -17.965618 23.573891
v -11.023987 -20.582561 25.270559
v -10.306060 -19.184870 25.028545
v -10.027554 -17.838776 24.425928
v -11.064326 -16.738689 23.125711
v -10.872160 -13.616091 21.298355
v -9.890300 -13.504513 22.356579
v -9.780406 -16.227072 23.765448
v -8.957169 -14.715534 23.656080
v -8.673481 -13.486340 23.370338
v -11.553205 -12.902138 10.028281
v -11.694055 -11.903837 11.548423
v -12.307207 -12.886807 11.847914
v -12.190101 -12.643284 12.456139
v -11.928519 -11.645395 13.323340
v -11.992116 -11.630203 14.981261
v -11.831465 -11.608968 16.903015
v -11.565449 -11.665479 18.696663
v -11.015236 -11.659651 20.202211
v -10.135069 -11.411583 21.316338
v -9.572919 -11.965737 22.073441
v -11.372886 -13.363119 5.804757
v -11.722821 -13.291680 7.238851
v -10.942477 -11.864712 7.367782
v -11.157180 -12.039195 8.905827
v -11.107392 -12.706262 9.359773
v -10.415751 -22.510345 0.595868
v -8.945836 -21.029699 0.601107
v -9.441562 -19.589243 0.966220
v -7.962085 -17.847408 0.972950
v -8.502166 -15.904819 1.537100
v -8.753111 -14.281864 2.205380
v -9.368910 -13.876893 2.525186
v -8.681245 -11.974924 3.615178
v -9.800502 -12.027212 4.698259
v -10.482569 -12.089995 5.636751
v -20.260155 -39.139637 27.532654
v -20.136629 -37.966610 27.731899
v -21.341560 -44.552547 27.069529
v -20.225294 -42.685986 27.650105
v -19.922688 -41.188549 27.822937
v -18.794678 -39.908676 27.853880
v -23.772060 -52.223328 22.841532
v -22.636396 -52.384224 23.780493
v -21.672607 -51.412029 24.992388
v -21.531561 -49.821999 25.688513
v -21.577253 -48.753124 25.996338
v -21.406200 -47.339436 26.451038
v -21.457651 -46.033829 26.784584
v -23.530453 -53.749092 21.841766
v -24.342113 -53.500057 21.045277
v -24.830599 -53.463692 20.065363
v -25.286591 -52.405678 19.433144
v -26.661196 -51.907398 18.846004
v -26.485275 -50.986893 18.721960
v -26.377314 -52.332317 17.282047
v -26.953434 -52.097759 16.029736
v -26.185099 -53.550091 15.287301
v -26.449099 -53.433289 13.128249
v -26.368860 -53.410267 11.157480
v -26.225679 -53.329128 9.278994
v -25.902063 -53.244820 7.457104
v -25.291075 -53.118885 5.689691
v -24.583666 -52.835796 4.181803
v -24.868654 -51.310257 3.484768
v -24.652952 -49.814056 2.713305
v -25.063908 -48.796764 2.691837
v -23.774006 -48.254215 1.680052
v -23.905701 -47.122948 1.597298
v -22.928196 -45.800026 1.047961
v -23.325260 -44.358673 0.851675
v -21.741308 -43.281845 0.441325
v -21.157902 -41.582253 0.359754
v -20.618446 -40.119778 0.260232
v -18.297865 -40.348301 0.075274
v -16.012821 -39.582596 0.017974
v -13.755179 -38.826481 -0.019646
v -12.402065 -37.508129 -0.016465
v -11.746338 -36.130817 -0.001475
v -10.817439 -34.642029 -0.002622
v -9.928326 -33.092937 0.011625
v -9.006494 -31.508476 0.014040
v -8.126060 -29.861963 0.024299
v -7.280176 -28.052851 0.014927
v -7.428918 -26.787212 0.034224
v -7.623768 -25.331989 0.073719
v -7.743672 -23.523289 0.137336
v -8.502346 -22.931597 0.212998
v -19.068678 -38.127796 27.872431
v -17.436390 -38.414261 28.218967
v -16.061707 -38.286526 28.670969
v -15.024717 -37.649296 28.814222
v -13.389771 -37.507458 29.184118
v -11.767031 -36.143669 29.407099
v -11.234220 -34.219406 29.208229
v -11.806356 -33.491329 28.783142
v -10.862050 -32.174206 28.758308
v -10.559133 -29.973692 28.272175
v -11.055242 -28.480574 28.084064
v -12.051136 -28.815268 27.729813
v -10.596549 -26.984777 27.998392
v -10.602845 -25.700378 27.669334
v -10.069817 -23.722574 27.124428
v -10.229031 -22.268534 26.542070
v -10.254742 -21.117176 25.909157
v -9.163429 -19.584665 25.707693
v -8.441515 -17.742468 25.220247
v -8.275163 -16.068544 24.554108
v -8.235649 -11.881630 23.241083
v -8.384705 -15.101874 24.069546
v -7.379573 -13.681518 24.145208
v -7.042445 -11.937791 24.043905
v -11.044079 -11.696385 10.112541
v -11.195911 -11.283432 10.913509
v -11.104411 -10.209665 11.252800
v -11.472409 -10.161913 13.208356
v -11.600366 -10.047255 15.075088
v -11.503186 -9.990239 16.924606
v -11.111572 -9.948898 18.962826
v -10.759914 -10.464191 20.168316
v -9.843454 -10.245542 21.235357
v -8.807119 -10.162822 22.289955
v -7.753286 -10.219150 23.279442
v -9.685606 -10.644208 5.916484
v -10.324221 -9.836374 7.922631
v -10.853714 -10.694212 9.270774
v -6.876083 -20.964516 0.322880
v -7.413126 -19.373390 0.590909
v -5.906857 -17.665838 0.551851
v -6.362937 -15.800589 0.904339
v -7.262371 -14.781894 1.513575
v -7.949146 -13.703877 2.127563
v -6.845813 -11.738677 2.458380
v -7.455403 -9.949737 3.785311
v -8.302764 -9.993448 4.554861
v -8.866967 -10.362044 4.967716
v -20.056084 -45.740185 27.403679
v -20.111923 -44.167973 27.587889
v -18.835226 -43.743778 28.112892
v -19.301445 -42.418083 28.079824
v -18.960669 -41.521137 27.987440
v -17.422779 -41.022560 28.334133
v -17.373796 -39.802265 28.275492
v -22.300547 -54.061096 22.927483
v -21.167809 -53.974735 24.067810
v -20.022476 -53.075237 25.399210
v -20.121399 -51.282475 26.076941
v -20.645189 -49.869373 26.187992
v -20.953112 -49.098396 26.245983
v -20.069498 -47.980289 27.025936
v -22.292458 -55.058441 21.726658
v -22.782078 -54.845943 21.061775
v -23.840307 -54.627930 20.324385
v -24.793629 -54.640312 18.657682
v -25.427132 -53.496128 18.973272
v -25.323755 -53.408451 17.734768
v -25.825748 -52.392200 18.291941
v -25.944386 -53.536583 16.674023
v -25.086740 -54.889210 16.543762
v -25.114832 -55.339664 14.604902
v -25.257961 -55.088184 13.051486
v -25.162546 -54.976082 11.166967
v -25.050470 -54.863293 9.261150
v -25.092749 -54.651379 7.650224
v -24.389864 -54.861721 6.062680
v -23.503075 -54.493637 4.276965
v -23.381376 -53.030121 3.241201
v -23.441711 -51.812714 2.722485
v -23.110706 -50.008125 1.963911
v -22.263395 -48.506294 1.110434
v -21.672573 -46.882782 0.740540
v -20.820847 -45.130859 0.392231
v -21.338240 -44.341873 0.482287
v -19.741798 -43.270512 0.194363
v -19.529047 -41.746567 0.149593
v -17.144520 -41.910980 0.045968
v -15.004893 -41.123642 0.013671
v -12.725120 -40.376789 -0.039899
v -11.365420 -39.061577 -0.037762
v -10.720828 -37.691902 -0.027761
v -9.786500 -36.213772 -0.022137
v -8.878564 -34.690762 -0.002747
v -7.954570 -33.136543 -0.000836
v -7.049098 -31.530893 0.004047
v -6.164527 -29.884171 -0.015080
v -5.360703 -28.126801 -0.022578
v -5.546233 -26.937300 -0.006089
v -5.671699 -25.428141 0.024071
v -5.794800 -23.516064 0.075202
v -6.506616 -22.865870 0.120189
v -15.954238 -40.107819 28.749277
v -13.816729 -39.418236 29.263456
v -11.843292 -38.887920 29.611948
v -12.104022 -37.733810 29.596786
v -10.820611 -37.546005 29.741749
v -11.140408 -36.652313 29.756523
v -10.006851 -36.181870 29.741087
v -10.207394 -34.705688 29.582932
v -9.858601 -33.092072 29.401114
v -9.186789 -31.262470 29.192772
v -9.841261 -30.671558 28.762209
v -8.699511 -29.187082 28.801420
v -9.371520 -27.212280 28.191002
v -9.912034 -26.049294 28.023630
v -8.999723 -24.578489 27.835579
v -8.433281 -22.696962 27.350851
v -8.615341 -21.441298 26.795008
v -9.270900 -20.864836 26.141758
v -8.413781 -19.909281 26.293171
v -7.428375 -18.864761 25.993458
v -7.892746 -18.329580 25.747791
v -6.683617 -17.218334 25.712067
v -6.865732 -15.796666 25.163078
v -7.161596 -14.765406 24.615768
v -7.629383 -14.859839 24.230263
v -6.534703 -10.211023 24.211521
v -5.981336 -13.369502 24.897045
v -6.531985 -13.011810 24.348499
v -6.250354 -12.155738 24.272245
v -5.220429 -10.445343 25.059488
v -10.635735 -8.545460 10.355809
v -10.929661 -8.637520 11.733651
v -11.128193 -8.630235 13.140774
v -11.306050 -8.534521 14.998729
v -11.286133 -8.285019 16.973967
v -10.963155 -8.398446 18.667427
v -10.361042 -8.234380 20.202526
v -9.890433 -9.126554 20.825790
v -8.472288 -8.638609 22.250601
v -7.223918 -8.525006 23.402435
v -6.261744 -8.556491 24.321531
v -8.882669 -8.942611 5.800904
v -9.716556 -8.663637 7.355517
v -10.168395 -8.248719 8.767445
v -4.868764 -20.941347 0.161088
v -5.391437 -19.326191 0.310705
v -3.944746 -17.701349 0.287087
v -4.386880 -15.809614 0.415569
v -5.097136 -14.366905 0.871556
v -6.153144 -13.658765 1.436887
v -5.252382 -11.485091 1.640594
v -5.783927 -9.588715 2.475765
v -6.562076 -8.763629 3.426449
v -7.341395 -8.393680 4.387937
v -8.019313 -8.856134 4.836501
v -18.586901 -46.744522 27.852018
v -18.631067 -45.406399 27.985897
v -17.034567 -45.274456 28.449600
v -17.171394 -43.623276 28.638762
v -17.982147 -42.358452 28.349974
v -18.903782 -42.015308 28.335430
v -16.610062 -42.311836 28.548388
v -16.341127 -41.248379 28.690254
v -21.075514 -55.587742 23.045738
v -21.233040 -56.311241 21.812099
v -20.006147 -54.968090 24.562860
v -19.967831 -56.379498 23.576971
v -18.913233 -54.660095 25.526674
v -18.743921 -53.037849 26.208332
v -18.878351 -51.712677 26.540327
v -18.775810 -50.215439 26.984081
v -19.442421 -49.429100 26.920954
v -18.008366 -48.418724 27.704973
v -21.961000 -56.067841 20.992098
v -21.939737 -55.284447 20.878977
v -22.321505 -55.559803 20.164204
v -23.540976 -56.281998 18.741991
v -24.237213 -55.441696 17.594927
v -24.119654 -56.411453 16.808798
v -24.050098 -56.659042 14.965614
v -24.005718 -56.658493 12.988810
v -23.892048 -56.561756 11.144166
v -23.745014 -56.454697 9.255272
v -23.574837 -56.232700 7.241028
v -22.514706 -56.590824 5.124989
v -22.049210 -56.087925 3.916539
v -22.250202 -54.666180 3.132944
v -22.539930 -53.438576 2.770012
v -22.555927 -52.289200 2.276581
v -21.285391 -50.818161 1.326186
v -20.780909 -48.969746 0.922365
v -20.011791 -47.299435 0.543489
v -19.270962 -45.366833 0.292916
v -19.458673 -44.263176 0.217729
v -17.809650 -43.500553 0.092348
v -15.589617 -43.152752 0.026038
v -13.946229 -42.602093 -0.004037
v -11.694641 -41.934952 -0.035672
v -10.328694 -40.621105 -0.052304
v -9.684193 -39.254646 -0.043848
v -8.750178 -37.789764 -0.027629
v -7.841416 -36.276684 -0.012405
v -6.923356 -34.731327 -0.002571
v -6.000964 -33.161198 -0.005283
v -5.076603 -31.551384 -0.011572
v -4.164979 -29.894453 -0.017876
v -3.396925 -28.141220 -0.042191
v -3.688609 -27.147089 -0.035928
v -3.954250 -25.981855 -0.010471
v -3.460926 -23.686668 0.019954
v -4.462549 -22.895584 0.058927
v -15.169737 -41.823902 29.089279
v -13.869988 -41.193829 29.412886
v -12.749011 -40.981297 29.696903
v -11.409121 -40.630684 29.842157
v -9.481215 -39.171013 30.112682
v -9.060589 -37.397987 29.934683
v -7.924406 -35.829239 29.984982
v -8.905562 -34.440365 29.776913
v -9.323284 -33.656807 29.669161
v -8.189510 -32.297218 29.745016
v -7.497853 -29.971701 29.401630
v -6.835333 -28.089401 29.133013
v -7.591834 -27.001186 28.661959
v -7.895398 -25.475201 28.152994
v -7.452573 -23.947676 27.879786
v -7.320448 -22.688789 27.644356
v -7.063600 -21.227386 27.239374
v -6.739299 -19.567230 26.675781
v -5.809449 -17.729979 26.266705
v -5.263740 -16.204773 25.967747
v -5.275994 -14.816717 25.628141
v -4.905029 -8.210561 25.319923
v -4.481032 -12.888117 25.627703
v -4.374395 -11.424640 25.583925
v -5.446675 -11.820909 24.900831
v -3.668757 -9.720028 26.056326
v -3.616723 -8.026945 26.297354
v -10.321629 -6.903684 9.917988
v -10.613347 -6.666745 11.498640
v -10.853687 -7.205241 12.828112
v -11.081026 -7.028239 14.972765
v -11.201187 -7.002649 16.698475
v -11.322101 -7.024970 17.700184
v -10.813339 -6.929678 18.688065
v -10.000931 -6.745868 20.240221
v -9.433682 -7.034516 21.039696
v -8.666191 -7.288634 21.821318
v -7.269494 -6.667925 23.324858
v -6.064146 -6.782057 24.561691
v -5.435541 -7.323294 25.039495
v -8.362621 -6.984839 5.747030
v -9.399324 -7.163816 7.354045
v -9.918141 -7.276540 8.491916
v -2.767313 -20.925772 0.096215
v -3.369808 -19.331097 0.178926
v -1.911759 -17.693069 0.181405
v -2.509336 -15.815726 0.233356
v -3.479257 -14.853853 0.442832
v -4.110801 -14.015738 0.551985
v -3.642812 -12.128785 0.955981
v -4.327754 -10.330764 1.526337
v -4.657243 -8.541328 2.019025
v -5.947932 -7.291919 3.089056
v -6.752748 -7.266118 3.862524
v -7.244838 -7.392991 4.393430
v -17.419624 -46.977985 28.198997
v -15.973072 -47.171665 28.558275
v -15.443824 -45.592175 28.583405
v -15.291294 -44.419888 28.888193
v -15.878810 -43.334881 28.896671
v -20.223064 -57.420677 22.254725
v -20.635487 -57.445335 21.478121
v -19.756601 -57.479916 20.748318
v -21.350180 -56.725147 19.840124
v -18.958351 -56.434044 24.606707
v -18.494293 -58.178020 23.570057
v -19.419424 -57.854153 22.894062
v -18.048559 -56.068127 25.540791
v -17.702547 -54.857265 26.303013
v -17.721779 -53.385044 26.656263
v -17.583895 -51.896130 27.086081
v -17.268970 -50.133781 27.610779
v -16.515196 -48.695057 28.176285
v -22.350330 -56.309303 20.421829
v -22.228622 -57.722504 18.499378
v -22.834808 -57.803055 16.878792
v -23.348118 -57.086433 15.843481
v -22.825008 -58.215611 14.904595
v -22.773651 -58.165779 13.016522
v -22.603716 -58.134563 11.138611
v -22.447044 -58.062088 9.315742
v -22.257521 -57.953121 7.571552
v -21.728741 -57.953251 5.994700
v -20.883533 -58.196896 4.667514
v -20.672878 -57.354645 3.518885
v -21.222586 -56.316475 3.362513
v -20.858427 -55.114307 2.501421
v -21.497667 -53.589272 2.185190
v -21.633085 -52.415062 1.772153
v -19.769632 -52.298294 1.110343
v -18.955341 -49.878662 0.539224
v -19.653639 -49.253506 0.552356
v -18.211912 -47.947372 0.303499
v -17.604033 -46.004444 0.187441
v -17.446697 -44.780998 0.107397
v -15.250846 -44.827847 0.046505
v -13.389923 -43.900490 0.014075
v -10.728486 -43.624241 -0.025708
v -9.289646 -42.281357 -0.038823
v -8.654599 -40.871048 -0.042949
v -7.720216 -39.381516 -0.029198
v -6.820718 -37.855183 -0.012475
v -5.890664 -36.317734 -0.005656
v -4.954427 -34.758751 0.000519
v -4.008455 -33.182774 0.013762
v -3.086710 -31.568419 0.017195
v -2.185732 -29.901993 0.007475
v -1.328761 -28.103380 -0.020081
v -1.527592 -26.656004 -0.043552
v -2.577511 -26.255449 -0.036004
v -1.534687 -24.200653 -0.003419
v -2.137799 -22.459938 0.053820
v -14.319260 -43.327805 29.332443
v -13.570070 -42.531574 29.617577
v -12.090176 -42.346283 29.824030
v -10.143956 -42.210400 30.206741
v -9.838150 -40.757538 30.184696
v -8.283774 -40.889248 30.610138
v -7.350091 -39.160065 30.646072
v -7.064082 -37.491619 30.385675
v -6.065315 -35.681000 30.507586
v -6.805420 -34.358753 30.135729
v -7.693935 -33.823284 29.896666
v -6.375073 -32.251583 30.098988
v -6.085459 -30.320833 29.820095
v -5.492561 -28.295036 29.496189
v -5.633386 -27.185301 29.215937
v -5.971104 -26.135509 28.858500
v -7.079661 -25.715164 28.581402
v -6.186596 -24.396362 28.317253
v -5.985525 -22.700518 27.898508
v -5.732235 -21.215149 27.598782
v -5.479453 -19.893435 27.253122
v -4.332324 -18.018013 26.941910
v -4.407996 -16.354864 26.322666
v -4.094081 -14.823209 26.058750
v -3.644145 -13.210324 25.969372
v -3.860621 -6.545513 26.258125
v -4.831618 -5.690369 25.845831
v -3.122650 -11.586252 26.149872
v -2.629462 -9.949836 26.588655
v -2.424304 -8.347596 26.965136
v -2.437441 -6.884359 27.307541
v -2.950028 -5.771571 27.238981
v -10.051509 -5.461795 9.090627
v -10.564955 -5.169043 11.413971
v -10.714523 -5.405195 13.220669
v -10.902715 -5.469655 15.025903
v -10.972714 -5.308416 17.084438
v -10.910135 -5.869664 18.397665
v -9.973194 -5.241602 20.087246
v -9.151082 -5.269433 21.212362
v -8.561839 -5.820298 21.885113
v -7.709883 -5.923435 22.756069
v -6.237980 -5.274426 24.591862
v -7.137708 -4.394180 23.634596
v -5.598393 -5.471115 25.238035
v -7.418517 -5.747249 4.601260
v -8.583460 -5.330778 6.038943
v -9.016381 -5.538993 6.734912
v -9.429140 -5.743650 7.525118
v -0.709198 -20.951855 0.079198
v -1.303003 -19.372038 0.130968
v 0.209685 -17.859367 0.187896
v -0.315700 -15.760693 0.211806
v -1.382248 -14.608653 0.326520
v -2.460628 -13.748901 0.443419
v -1.629302 -11.609157 0.628465
v -2.802879 -9.855199 1.121211
v -3.689841 -9.339159 1.511128
v -3.166998 -7.359716 1.500715
v -4.264748 -7.264757 1.987444
v -4.940473 -5.939021 2.441514
v -6.296486 -5.669491 3.457705
v -14.843458 -49.076832 28.715418
v -13.977621 -46.938866 29.185825
v -14.565555 -46.028481 28.969990
v -13.870214 -44.779587 29.243967
v -18.762220 -59.140945 22.085609
v -18.359415 -58.705544 20.919729
v -19.017433 -58.675217 19.912798
v -19.736036 -58.469543 19.442381
v -20.791922 -58.414631 18.591276
v -16.965647 -57.645802 25.339094
v -16.970963 -59.831951 23.653500
v -17.930845 -59.677414 22.647778
v -16.852175 -55.944221 26.397324
v -16.542421 -54.627892 27.022205
v -16.638020 -53.540928 27.222612
v -16.453676 -52.189522 27.603930
v -16.230661 -50.840084 27.946257
v -21.708029 -58.331783 17.520868
v -21.646332 -59.421028 16.704153
v -22.315231 -58.619667 15.827400
v -22.144737 -59.721848 14.826399
v -21.611620 -59.711044 13.014425
v -21.307621 -59.673008 11.152976
v -21.099804 -59.632900 9.309980
v -20.936159 -59.526169 7.586849
v -20.879501 -59.195698 6.378994
v -20.094875 -59.383213 5.145693
v -19.096548 -59.067883 3.525411
v -19.144169 -57.456276 2.452035
v -19.911392 -56.271347 2.255244
v -19.811575 -54.894348 1.627538
v -19.800915 -53.936680 1.431269
v -18.169420 -53.523125 0.850561
v -17.528469 -51.766857 0.439558
v -17.237669 -50.043301 0.358049
v -17.563124 -48.925331 0.292391
v -15.885074 -47.948475 0.113298
v -15.757190 -46.304825 0.061770
v -13.290328 -46.515457 0.020204
v -11.330273 -45.406933 -0.003717
v -8.807653 -44.953392 -0.015853
v -9.149763 -43.993755 -0.023520
v -7.825957 -43.122074 -0.041001
v -6.721583 -41.156227 -0.028034
v -5.799484 -39.506008 -0.006160
v -4.855967 -37.928776 -0.002084
v -3.911494 -36.376621 0.022059
v -2.971754 -34.800106 0.040940
v -2.038670 -33.207909 0.062626
v -1.114679 -31.578947 0.048177
v -0.198927 -29.896706 0.039504
v 0.618959 -28.123920 0.035383
v 0.384355 -27.032087 0.026722
v 0.112875 -25.693193 0.020047
v 0.517331 -23.463230 -0.015921
v -0.148068 -22.413267 0.032578
v -12.596782 -44.121132 29.822912
v -10.601666 -44.242832 30.148331
v -9.300647 -43.704678 30.397301
v -9.128733 -42.497723 30.586157
v -7.498619 -42.544727 30.977758
v -6.414624 -40.881950 31.108524
v -5.865358 -39.476086 31.030706
v -5.140503 -37.777794 30.919636
v -4.511675 -35.942329 30.823589
v -4.941636 -34.357502 30.619318
v -5.594876 -33.491005 30.362741
v -4.666714 -31.738297 30.177082
v -4.528828 -30.395695 30.123487
v -4.330258 -28.849024 29.888577
v -3.802754 -27.312387 29.658848
v -4.258905 -26.159050 29.269316
v -4.286777 -24.338179 28.753410
v -4.394069 -22.647602 28.193750
v -4.722811 -21.399372 27.785524
v -3.768394 -19.903242 27.677572
v -2.243517 -18.119654 27.673092
v -2.626940 -16.346037 27.066620
v -3.646013 -16.404423 26.632965
v -3.158343 -15.034028 26.364759
v -2.716914 -13.394943 26.308147
v -2.092897 -11.783257 26.360313
v -3.695176 -4.217900 27.126329
v -5.456467 -4.266423 25.704281
v -4.757777 -2.990625 26.610836
v -1.342059 -10.143523 27.069141
v -0.865756 -8.314397 27.715832
v -1.388193 -6.907919 27.868406
v -1.671295 -5.109274 28.199144
v -2.417121 -3.570977 28.172794
v -9.631325 -4.133644 7.621018
v -10.440908 -3.658406 9.467320
v -10.646178 -3.808829 10.935350
v -10.833772 -3.731317 12.229416
v -10.654262 -4.154478 13.290160
v -10.638989 -3.716576 15.396172
v -11.009296 -4.162965 16.682350
v -10.788283 -3.572933 18.194578
v -10.237837 -4.061855 19.365200
v -9.265275 -3.546053 21.033514
v -8.956873 -4.190279 21.490671
v -8.272165 -4.373775 22.265497
v -6.156827 -4.191205 24.884588
v -8.044274 -2.627481 22.734304
v -6.600146 -2.077553 24.583418
v -5.888694 -3.039445 25.354074
v -6.879975 -3.785038 3.785804
v -8.196718 -3.748544 5.246494
v -8.661711 -4.265579 6.023215
v 1.326887 -20.857916 0.116046
v 0.709874 -19.501247 0.146579
v 2.073504 -18.267248 0.254853
v 2.073311 -15.932373 0.337443
v 0.937456 -15.218987 0.298201
v 0.365795 -12.879544 0.398926
v -0.204828 -10.919023 0.464852
v -0.895763 -9.577549 0.660373
v -1.899223 -9.067585 0.935425
v -0.778890 -7.067478 0.822926
v -1.832956 -5.410702 1.056769
v -3.091975 -5.652891 1.521673
v -3.802706 -5.733410 1.815454
v -3.797044 -4.205664 1.853035
v -5.393744 -4.049416 2.679994
v -15.025331 -51.040859 28.548239
v -13.351184 -50.311565 29.222153
v -13.147702 -49.047523 29.295128
v -12.246822 -47.709061 29.588629
v -12.825911 -45.843586 29.634556
v -13.752716 -45.855309 29.293056
v -18.070217 -59.963039 21.015593
v -18.516861 -60.160446 19.575569
v -19.640560 -59.646950 18.448936
v -20.535252 -59.617336 17.579222
v -15.379757 -56.324924 27.012497
v -14.553761 -57.960476 26.857082
v -15.576008 -59.728016 25.217257
v -15.621590 -61.406162 23.905222
v -16.515013 -60.963802 23.066751
v -16.965204 -60.604996 22.846573
v -17.050714 -60.292953 22.039295
v -17.884602 -60.739933 21.348742
v -15.249852 -54.605541 27.644400
v -15.647844 -53.555946 27.742517
v -15.560888 -52.506577 28.032967
v -20.214869 -60.703037 16.850124
v -20.224472 -61.180508 15.053796
v -20.224842 -61.211555 13.058746
v -19.928381 -61.209637 11.163002
v -19.683195 -61.196697 9.334813
v -19.503124 -61.093494 7.579662
v -19.287903 -60.808517 5.902561
v -18.609869 -60.630085 4.530675
v -17.354424 -60.686588 3.356642
v -17.605152 -59.252983 2.470289
v -17.753248 -57.864220 2.022211
v -17.906040 -56.392250 1.524642
v -18.995541 -56.430290 1.884729
v -18.748953 -55.386955 1.365073
v -16.609426 -54.681396 0.683057
v -15.955332 -52.840626 0.299336
v -16.667892 -52.206856 0.319864
v -15.328915 -50.693962 0.176550
v -15.571396 -49.122375 0.148253
v -13.829815 -48.205353 0.035750
v -11.571123 -47.847656 0.018685
v -9.987400 -47.239494 0.018058
v -7.817894 -46.503414 -0.017681
v -6.769510 -45.012520 -0.024462
v -7.289573 -44.156773 -0.030685
v -5.552050 -43.177002 -0.042064
v -4.778816 -41.363541 -0.013767
v -3.835685 -39.626465 -0.001275
v -2.888006 -38.009529 0.026138
v -1.942252 -36.408085 0.060020
v -0.987631 -34.818798 0.079048
v -0.053107 -33.216042 0.105716
v 0.883101 -31.583391 0.115916
v 1.791709 -29.901245 0.119545
v 2.651064 -28.076803 0.116908
v 2.419218 -26.978691 0.139412
v 1.990451 -25.948767 0.124665
v 2.208030 -23.970860 0.122743
v 2.597458 -22.050556 0.131979
v -10.974526 -45.984768 30.184263
v -9.757801 -45.675152 30.461906
v -8.790423 -45.108898 30.757679
v -8.224509 -43.977886 30.855410
v -6.958171 -44.119926 31.357248
v -5.878227 -42.590424 31.502409
v -5.313050 -41.361248 31.402121
v -4.280595 -39.831963 31.434090
v -3.495180 -38.109001 31.368715
v -2.655373 -36.075470 31.208061
v -3.182250 -34.501163 30.874537
v -4.012650 -33.961391 30.706785
v -4.529213 -32.579498 30.538567
v -3.675429 -31.702295 30.327312
v -2.583622 -30.372400 30.183132
v -3.453604 -29.244032 30.081167
v -2.504954 -27.721416 29.996122
v -2.328040 -25.781446 29.604845
v -2.402766 -24.170523 29.168699
v -2.596374 -22.519760 28.647196
v -3.372502 -21.995729 28.144135
v -3.654601 -21.277884 27.920435
v -2.487647 -20.821842 28.220892
v -2.127982 -19.459389 28.016069
v -1.303940 -18.860596 28.020422
v -0.329607 -17.589195 28.172182
v -1.545267 -16.770903 27.638636
v -1.136695 -15.373904 27.466167
v -2.248642 -15.008539 26.905155
v -1.669510 -13.762736 26.951416
v -1.457110 -12.184326 26.858330
v 0.007805 -10.630592 27.667803
v -3.229862 -2.278262 28.041170
v -3.927258 -2.653725 27.390512
v -5.325263 -0.963818 26.148136
v -3.989684 -1.265091 27.496840
v 0.616909 -8.517781 28.156111
v 0.754422 -6.762452 28.651871
v -0.452166 -6.921425 28.278145
v -0.306098 -5.591771 28.626764
v -0.195183 -3.764809 28.870302
v -1.010425 -2.553272 28.534866
v -2.053473 -1.048573 28.576237
v -9.487003 -2.411038 6.753209
v -10.228853 -2.462592 7.924586
v -10.567395 -2.411994 9.277207
v -10.911509 -2.312356 11.018960
v -10.856565 -2.387299 12.679392
v -10.496284 -2.687673 14.436896
v -10.185283 -2.542955 15.958533
v -10.037998 -2.491904 17.122971
v -10.876692 -3.008591 17.344101
v -10.285462 -2.613493 18.380411
v -9.912559 -2.237665 19.736256
v -9.429451 -2.669679 20.759142
v -8.874302 -2.462766 21.650343
v -8.713108 -1.029699 21.857409
v -7.788630 -1.015579 23.264107
v -6.994712 -0.841296 24.251532
v -6.213806 -0.734413 25.152431
v -5.853634 -2.338859 2.793573
v -7.271241 -2.035383 3.661320
v -8.078826 -2.052547 4.397714
v -8.427532 -2.523915 5.159757
v 3.172048 -20.290989 0.211273
v 2.615305 -19.456491 0.225180
v 3.890720 -18.251364 0.372694
v 3.729428 -15.944589 0.472148
v 3.119299 -14.762795 0.451784
v 2.391789 -13.537614 0.446811
v 2.103424 -11.076152 0.489164
v 0.964965 -10.011519 0.504105
v 0.070513 -8.974040 0.572648
v 1.327535 -7.002763 0.610679
v 0.474267 -4.995404 0.624722
v -0.810836 -4.099375 0.802047
v -2.215583 -4.025350 1.225854
v -2.835892 -2.426419 1.388797
v -4.419011 -2.385273 2.048346
v -14.135717 -52.560162 28.689171
v -11.919166 -51.442284 29.731373
v -12.104126 -50.027000 29.671820
v -12.309118 -49.198387 29.600933
v -10.734109 -49.162933 30.027119
v -10.535820 -47.441734 30.121820
v -18.289606 -61.082676 20.282797
v -17.780251 -61.763695 18.945749
v -18.699354 -61.550140 17.284061
v -14.099534 -56.288998 27.756132
v -14.093914 -55.097755 28.119156
v -14.279500 -60.045776 26.252422
v -13.350667 -59.201885 27.293406
v -13.049761 -57.704918 27.922045
v -13.133610 -56.543865 28.220284
v -14.380549 -61.463860 25.155865
v -14.290689 -62.928574 23.866390
v -15.140548 -62.562504 23.007521
v -16.064362 -62.298145 22.266722
v -14.000091 -54.019852 28.445837
v -19.427916 -61.535984 15.982730
v -18.509428 -62.751945 15.034771
v -18.532482 -62.745171 13.082228
v -18.465176 -62.700359 11.211902
v -18.211763 -62.735970 9.368547
v -17.962376 -62.661415 7.672731
v -17.992596 -62.269329 6.349994
v -17.185900 -62.206028 4.924380
v -15.792460 -62.275681 3.446378
v -16.196562 -60.713688 2.527009
v -16.460363 -59.614449 2.053647
v -16.268097 -58.101696 1.452089
v -15.806710 -56.236702 0.963864
v -14.556413 -54.576752 0.354098
v -14.259480 -52.929451 0.222532
v -14.653852 -51.896866 0.171258
v -13.171359 -51.012917 0.098526
v -13.356366 -49.554077 0.060599
v -11.458443 -49.372192 0.021503
v -9.181208 -48.899452 0.004852
v -6.684691 -48.314392 -0.012249
v -5.465677 -46.786041 -0.029616
v -5.121897 -45.122009 -0.037088
v -5.300035 -44.165783 -0.039207
v -3.567060 -43.188217 -0.042092
v -2.750888 -41.422722 -0.011985
v -1.848963 -39.712078 0.026165
v -0.917686 -38.058826 0.070251
v 0.057153 -36.435528 0.101051
v 1.007868 -34.848225 0.150160
v 1.970988 -33.230682 0.182633
v 2.881232 -31.595104 0.210727
v 3.770328 -29.904423 0.211512
v 4.643021 -28.086821 0.226977
v 4.505597 -26.895821 0.273280
v 4.313709 -25.561417 0.301315
v 3.846428 -24.076954 0.295782
v 4.343209 -22.278315 0.332638
v 4.708955 -20.372295 0.363655
v -8.728958 -47.133289 30.813236
v -7.691475 -45.494015 31.195662
v -6.299488 -45.447643 31.729176
v -6.104821 -44.290997 31.715038
v -4.963290 -43.338726 31.904633
v -4.516594 -41.748840 31.776289
v -3.150702 -40.595085 31.654070
v -3.250182 -39.682690 31.680700
v -2.229773 -38.783031 31.831450
v -0.992818 -36.718781 31.713556
v -0.931205 -34.464375 31.234110
v -2.036035 -33.949944 30.948017
v -2.918498 -32.546745 30.608856
v -0.704538 -32.108086 30.787016
v -0.348664 -29.717960 30.243711
v -1.441612 -28.778776 30.079620
v -0.344359 -27.481434 30.174904
v -0.583941 -25.737720 29.912781
v -0.375231 -23.773870 29.551758
v -0.815664 -22.571165 29.142591
v -0.889509 -21.055145 28.788774
v -1.047561 -19.557283 28.384901
v 0.636659 -19.403500 28.954630
v 0.560398 -18.166866 28.699459
v 1.635664 -17.627401 28.878414
v 1.059133 -16.003712 28.234001
v -0.106802 -15.982670 27.842161
v -0.005363 -14.813001 27.884176
v -0.304882 -13.558794 27.610785
v -0.471975 -12.228986 27.398706
v 1.018356 -11.894561 28.068405
v 1.759711 -10.009679 28.596169
v 2.284558 -8.494273 28.707531
v -3.179841 -1.031442 28.215775
v -5.861207 0.899142 25.531670
v -4.902741 0.638780 26.599380
v -3.980910 0.457957 27.312223
v -3.159798 0.157811 28.184580
v 2.776537 -6.544924 28.822687
v 2.198043 -5.288427 28.771130
v 0.927870 -5.444883 28.676483
v 1.064353 -4.069088 28.509867
v 1.018382 -2.336046 28.587389
v 0.014658 -2.409700 28.601574
v 0.351977 -0.958423 28.500647
v -0.906948 -0.921018 28.385313
v -0.380586 0.662157 28.491085
v -1.940048 0.437005 28.401810
v -9.375906 -0.552971 5.910008
v -10.349652 -0.586540 7.558729
v -10.747605 -1.033401 8.883869
v -11.218822 -0.807791 11.007474
v -11.449974 -0.795943 12.902639
v -10.656675 -0.938373 14.835541
v -9.726234 -1.313726 16.934362
v -9.214438 -1.999164 18.645456
v -9.782895 -1.019715 19.282936
v -9.475556 -0.624140 20.285061
v -9.077941 0.972202 20.963518
v -8.078958 1.030065 22.721476
v -7.387723 0.354852 23.930073
v -5.184706 -0.604917 2.241347
v -6.452869 -0.829468 2.958583
v -7.334395 -0.797221 3.606572
v -8.193722 -0.914137 4.423622
v 4.386390 -19.327942 0.370898
v 5.763097 -18.239965 0.567827
v 5.604693 -15.954035 0.664547
v 4.959900 -14.783402 0.640527
v 4.273525 -13.579564 0.628292
v 3.796585 -11.118662 0.627248
v 3.067413 -9.498994 0.586177
v 2.167182 -8.931170 0.568840
v 3.366476 -6.937849 0.662750
v 2.586241 -4.999620 0.601421
v 1.562720 -3.971156 0.560537
v 0.243143 -2.604732 0.588878
v -1.198917 -2.477797 0.892126
v -1.703966 -0.849820 0.944615
v -3.525831 -0.740510 1.437249
v -12.529548 -53.905083 29.193890
v -10.876699 -52.912960 30.140207
v -10.603077 -51.630508 30.378456
v -10.597640 -50.681976 30.259855
v -8.951279 -50.419456 30.912014
v -9.325557 -48.877750 30.479292
v -17.386770 -62.390488 20.154951
v -17.157789 -62.035900 19.355206
v -16.865719 -63.077705 18.713060
v -17.657286 -62.664867 17.511095
v -17.553331 -63.205856 16.296423
v -13.150436 -55.416981 28.529997
v -13.063062 -61.737465 26.275799
v -12.408916 -60.678696 27.333164
v -12.150282 -59.399353 27.993999
v -12.071411 -58.112640 28.391876
v -11.904320 -56.530125 28.900295
v -12.022414 -55.326031 29.199184
v -12.970411 -63.049763 25.274132
v -12.485234 -64.681908 24.247480
v -13.481986 -64.677429 22.885424
v -14.721774 -64.106804 21.908426
v -14.719093 -62.314247 22.419100
v -15.738016 -63.636742 21.275187
v -16.668434 -62.962391 20.911734
v -16.562243 -61.574654 21.111832
v -16.130600 -64.728195 15.161067
v -16.691231 -64.378296 13.100542
v -16.791521 -64.192162 11.186348
v -16.935637 -63.986523 9.610212
v -16.116552 -64.375221 7.860943
v -16.256947 -63.769653 6.237507
v -15.092523 -63.897160 4.871011
v -13.880800 -63.799477 3.487197
v -14.575338 -62.123302 2.430573
v -15.302648 -60.721489 2.040505
v -15.771371 -59.949795 1.831821
v -14.730820 -58.695183 1.106232
v -13.886802 -56.650436 0.762066
v -13.047409 -54.907314 0.421932
v -12.326029 -53.073330 0.169807
v -12.620626 -52.007015 0.117928
v -10.955960 -51.216045 0.052193
v -8.805802 -50.600468 0.023762
v -6.591834 -50.172653 -0.001022
v -4.754910 -49.611301 -0.029460
v -5.175798 -48.606056 -0.023936
v -3.966672 -47.605053 -0.040093
v -3.205592 -45.222122 -0.033712
v -3.427165 -44.159077 -0.039987
v -1.629525 -43.168629 -0.038534
v -0.762553 -41.416939 0.012170
v 0.133883 -39.736618 0.068240
v 1.086419 -38.091751 0.111068
v 2.038156 -36.469189 0.178939
v 3.031485 -34.855385 0.225974
v 3.985726 -33.226887 0.271518
v 4.920442 -31.578146 0.318424
v 5.795274 -29.899681 0.355777
v 6.579766 -28.117157 0.383927
v 6.415933 -26.990427 0.413977
v 6.351034 -25.634048 0.495715
v 6.286915 -24.197912 0.533404
v 6.343516 -22.504936 0.578938
v 6.367141 -20.500389 0.557822
v 6.206532 -19.382339 0.560449
v -8.591756 -48.776955 30.846008
v -7.392819 -48.609413 31.335754
v -7.065195 -47.186939 31.561855
v -5.652755 -47.248192 31.953638
v -4.688356 -45.524567 32.172199
v -4.538658 -44.517963 32.092770
v -3.523280 -43.797966 32.058689
v -3.545840 -42.891098 32.197334
v -2.930643 -41.831280 32.170906
v -1.140928 -41.097458 32.189392
v -1.736900 -39.888954 31.847359
v -0.327319 -39.400124 32.220860
v -0.620188 -38.106033 32.044018
v 0.986397 -37.597313 32.246166
v 0.493895 -36.093281 31.935591
v 0.534085 -34.500668 31.561102
v 0.090505 -33.343414 31.201384
v 1.391027 -32.263920 31.242758
v 1.392379 -30.320807 30.792822
v 1.161824 -28.557699 30.382776
v 1.455366 -26.996742 30.447586
v 1.329520 -25.535723 30.222408
v 0.844252 -24.298174 29.868835
v 1.775378 -22.522200 29.758757
v 0.546303 -21.548038 29.334860
v 1.717410 -20.745502 29.632742
v 2.778952 -18.982159 29.513605
v 2.635826 -17.815031 29.397770
v 3.424908 -16.719011 29.371574
v 2.201620 -16.274782 28.783134
v 2.533395 -14.708836 28.709436
v 1.127256 -14.512108 28.014593
v 0.656147 -13.555407 27.925440
v 1.733168 -13.113537 28.179928
v 1.983878 -11.802099 28.264059
v 3.251627 -10.561043 29.082514
v 4.122909 -8.424184 28.933865
v 4.762201 -6.419682 28.860294
v -6.824962 2.410610 24.182310
v -5.659241 2.604176 25.523733
v -4.754622 2.585164 26.285467
v -3.834256 1.985445 26.948330
v -2.045495 1.650950 27.887463
v 4.472762 -4.959215 28.729645
v 3.332503 -4.305477 28.694134
v 2.399922 -4.003345 28.608505
v 2.767168 -2.305146 28.516731
v 2.159834 -0.390575 28.459629
v 1.686809 1.126188 28.415846
v 1.214437 2.253626 28.290924
v -0.213457 2.450334 28.010235
v -8.836931 0.951127 4.746136
v -9.778783 0.950111 5.928700
v -10.470264 1.248083 7.034628
v -10.586094 0.537355 7.642059
v -11.012254 0.627273 9.094551
v -11.413197 0.676077 10.919045
v -11.861533 1.064957 13.154339
v -11.620078 0.742162 15.038365
v -10.161911 0.638429 16.940962
v -9.255910 0.246625 18.827644
v -9.122909 -0.946469 18.554087
v -9.847906 2.472169 19.245768
v -9.172912 2.586608 21.074797
v -8.246652 2.439952 22.393591
v -4.115773 0.980107 1.557549
v -5.529810 0.830733 2.214707
v -6.486784 0.984501 2.740156
v -7.262866 0.405469 3.282358
v 7.728612 -18.273584 0.830631
v 7.571667 -15.964206 0.916178
v 6.905600 -14.801212 0.888480
v 6.216287 -13.600199 0.864737
v 5.725466 -11.133255 0.899407
v 4.988433 -9.496977 0.820031
v 4.116696 -8.841482 0.717229
v 5.364084 -6.930540 0.874828
v 4.635868 -5.033289 0.758783
v 3.740853 -4.067407 0.591566
v 2.806561 -3.044937 0.520686
v 1.740044 -1.225846 0.466983
v 0.053492 -0.988205 0.627509
v -0.228713 0.664813 0.606880
v -2.135118 0.788595 0.977494
v -10.330544 -54.667091 30.140512
v -9.955597 -53.065681 30.584721
v -9.844157 -52.134827 30.673107
v -8.772303 -52.626114 31.226711
v -6.911499 -51.728962 32.020065
v -6.711510 -49.924400 31.909983
v -16.468239 -63.559731 20.179493
v -16.362045 -63.274605 19.634983
v -15.493554 -64.072701 19.593035
v -15.890298 -64.575600 17.629257
v -17.359306 -63.718777 17.272369
v -11.964376 -63.178173 26.270576
v -11.245188 -62.510120 27.360289
v -10.820540 -60.727310 28.421005
v -11.577739 -59.907925 28.175339
v -10.801187 -58.683739 29.015364
v -10.900297 -56.932278 29.371628
v -11.304625 -64.473427 25.582935
v -10.673509 -65.828270 24.946947
v -11.642743 -66.091934 23.716047
v -12.401272 -65.913696 22.797165
v -13.288799 -65.719231 21.146961
v -14.521938 -66.037270 16.588909
v -14.438509 -66.306786 14.594499
v -14.841630 -65.993584 13.025307
v -15.060366 -65.756691 11.164461
v -15.043993 -65.561760 9.170504
v -14.072120 -65.998154 7.392433
v -14.366667 -65.319633 6.248368
v -13.122109 -65.431602 4.887231
v -12.006019 -65.268005 3.556177
v -12.782450 -63.855721 2.713701
v -13.200032 -62.583408 2.191153
v -13.320096 -60.892712 1.331545
v -14.210495 -60.135056 1.279608
v -12.599245 -58.692261 0.631982
v -11.960367 -56.891712 0.514937
v -11.201380 -55.180855 0.329176
v -10.565616 -53.574657 0.134534
v -10.444561 -52.423443 0.065507
v -8.629617 -52.348064 0.024869
v -6.278529 -51.953762 0.005015
v -3.712579 -51.332840 -0.001754
v -2.755649 -49.706444 -0.004811
v -3.316477 -48.740009 -0.016059
v -1.640731 -47.686249 -0.020880
v -1.232898 -45.360592 -0.038306
v -1.460548 -44.222958 -0.038938
v 0.383623 -43.209309 -0.030230
v 1.222709 -41.430382 0.033716
v 2.134286 -39.751472 0.099834
v 3.077879 -38.100067 0.175836
v 4.022669 -36.494209 0.252912
v 5.024183 -34.868484 0.321918
v 6.008482 -33.234005 0.403064
v 7.023986 -31.564026 0.464723
v 7.853312 -29.897141 0.517194
v 8.580636 -28.114708 0.586923
v 8.344562 -27.015369 0.631811
v 8.022541 -25.937744 0.657250
v 8.369126 -24.251196 0.758158
v 8.098669 -23.019203 0.781289
v 8.984221 -20.626114 0.977509
v 8.169099 -19.842073 0.846406
v -6.362987 -48.736137 31.864555
v -5.412921 -48.828461 32.130062
v -4.156865 -47.533386 32.388416
v -3.603738 -45.931286 32.389748
v -3.277913 -44.544479 32.377182
v -2.432905 -43.131611 32.381466
v -1.471962 -41.667252 32.430099
v -0.918570 -42.668411 32.442661
v 0.489867 -42.107426 32.699745
v 0.714429 -40.615555 32.336563
v 1.093415 -39.367439 32.297306
v 2.462273 -39.265697 32.726940
v 2.914298 -37.281902 32.662994
v 2.103672 -36.342255 32.243046
v 1.655850 -35.263931 31.939983
v 2.082781 -33.350151 31.662794
v 2.691476 -32.043320 31.527065
v 3.460707 -30.252054 31.343719
v 2.365408 -29.105766 30.832285
v 3.075433 -27.445547 30.955009
v 2.327079 -26.050364 30.618685
v 3.560114 -24.476532 30.801189
v 2.009423 -23.934658 30.102839
v 2.577891 -23.030096 30.283272
v 3.740405 -22.057348 30.276278
v 2.677069 -20.877337 29.837641
v 3.351679 -20.084061 30.071178
v 4.320493 -19.307707 30.147717
v 4.187828 -17.674007 29.844616
v 4.181116 -16.721621 29.964582
v 5.106406 -16.320223 30.049702
v 4.482909 -14.749688 29.464579
v 3.697886 -13.021653 29.226891
v 2.541156 -13.222744 28.780573
v 2.572116 -12.102451 28.861219
v 3.445180 -11.788232 29.249407
v 4.534209 -11.638141 29.603664
v 5.765827 -10.213923 29.526115
v 6.091774 -8.480288 29.148056
v 6.719641 -6.462870 28.908026
v 6.548972 -4.949865 28.745106
v 5.636141 -3.867437 28.615116
v -7.376091 4.246820 23.191244
v -6.083487 4.277013 24.577162
v -5.529916 3.638289 25.203014
v -4.444111 3.846919 26.035170
v -3.106537 3.781322 26.729645
v -1.347436 3.464695 27.253208
v -1.093698 2.665338 27.617500
v 4.493579 -2.683994 28.504725
v 4.107037 -1.071653 28.375105
v 3.634998 0.183806 28.352545
v 3.355093 1.765408 28.206944
v 2.861357 3.283338 27.970795
v 1.141238 3.633638 27.746544
v 0.085514 2.939354 27.881393
v -0.412881 3.342419 27.814323
v -8.023929 2.332857 3.645473
v -9.285614 2.474119 4.537609
v -9.677833 2.289246 5.323320
v -10.331778 2.422940 6.488056
v -11.116347 2.577632 7.911562
v -11.185212 2.033699 8.916232
v -11.532502 2.120258 10.822935
v -11.843065 2.054981 12.548904
v -11.654919 2.013194 13.298051
v -12.341380 2.633092 14.141019
v -12.140193 2.339677 15.515449
v -11.340708 2.259682 17.061449
v -10.186388 3.782376 18.344503
v -10.333012 3.961861 19.363708
v -9.896171 3.820713 20.005760
v -9.288169 3.862067 20.766539
v -8.555278 3.717297 21.852831
v -2.535063 2.363982 0.957365
v -4.462012 2.597043 1.365136
v -5.659450 2.651572 1.975794
v -6.248403 1.973749 2.449859
v 9.924981 -17.904135 1.191581
v 9.420143 -16.004801 1.184207
v 8.884305 -14.753774 1.176966
v 8.168693 -13.616771 1.160782
v 7.712870 -11.173327 1.217154
v 6.974115 -9.504515 1.139462
v 6.079131 -8.849735 0.976544
v 7.358324 -6.941077 1.088823
v 6.653034 -5.056751 0.976782
v 5.782006 -4.082428 0.737386
v 4.899806 -3.069276 0.605757
v 4.124274 -1.496187 0.399355
v 3.450521 0.821074 0.215987
v 1.651839 0.653067 0.368185
v 1.460063 2.311453 0.283340
v -0.566841 2.330285 0.541773
v -9.311810 -56.691776 30.342716
v -8.688640 -54.926647 31.008512
v -8.726579 -53.968204 31.134184
v -7.242178 -53.942642 31.888241
v -5.616690 -52.750420 32.726704
v -5.891017 -51.729965 32.493225
v -5.056108 -50.459492 32.668312
v -15.248903 -65.311928 19.458527
v -13.711378 -66.168137 18.777651
v -10.586295 -64.367393 26.777140
v -9.876466 -62.499596 28.604292
v -9.662568 -64.214424 28.013020
v -9.616333 -60.912178 29.241110
v -9.693320 -59.464493 29.514696
v -9.585141 -58.248436 29.884504
v -10.025910 -65.708282 26.036448
v -10.062171 -64.916161 25.350525
v -9.395037 -67.385567 25.630964
v -9.961543 -67.112350 24.793619
v -10.076603 -66.767029 23.568764
v -11.316600 -67.033920 22.946882
v -11.935248 -66.766571 22.777313
v -11.467563 -66.147064 22.893911
v -11.855286 -67.167076 21.451702
v -11.932682 -67.350899 19.424433
v -14.269663 -65.417381 20.621899
v -13.768043 -64.874847 21.159353
v -12.489482 -67.461189 16.839361
v -12.813963 -67.515305 14.890453
v -13.122999 -67.488350 12.973557
v -13.308456 -67.323792 11.132407
v -13.548680 -66.999229 9.574223
v -12.701817 -67.313484 7.853356
v -12.099303 -67.022820 6.296384
v -11.310786 -66.790474 4.834054
v -9.984527 -66.711014 3.663551
v -10.981220 -65.227554 2.892872
v -11.600810 -63.753529 2.236271
v -12.462376 -62.967785 1.998028
v -11.644647 -61.415642 1.227610
v -12.138201 -59.889652 0.824434
v -10.582046 -58.761295 0.437398
v -10.022829 -56.987926 0.298067
v -9.256136 -55.368999 0.211031
v -8.774776 -53.883114 0.068371
v -6.420360 -54.033813 0.029407
v -3.671287 -53.287079 0.006149
v -1.811591 -52.663902 0.000169
v -2.251010 -51.579006 -0.001303
v -1.135342 -50.398525 -0.007944
v -1.326250 -48.926018 0.000663
v 0.350512 -47.815620 -0.021886
v 0.817353 -45.428425 -0.038906
v 0.563491 -44.281380 -0.038672
v 2.401203 -43.249828 -0.028665
v 3.234465 -41.443928 0.057930
v 4.132102 -39.750713 0.154540
v 5.058953 -38.113579 0.250912
v 6.027169 -36.503548 0.338198
v 6.996298 -34.881157 0.437224
v 8.004940 -33.252945 0.548971
v 9.046714 -31.561243 0.633491
v 10.263298 -29.664989 0.731078
v 10.357161 -28.200317 0.770262
v 10.262910 -27.086992 0.836015
v 10.107501 -25.693672 0.933817
v 9.763780 -23.796717 0.977246
v 9.442473 -22.917934 0.935686
v 10.695243 -21.138519 1.204420
v 10.403916 -19.366266 1.232602
v -4.517230 -48.809132 32.517178
v -3.409858 -48.319168 32.952389
v -3.484724 -47.405663 32.700371
v -2.762943 -46.498051 32.829094
v -1.352871 -44.751953 32.876472
v -1.931560 -42.311035 32.219200
v 1.012641 -43.784428 33.267071
v 2.183504 -42.175236 33.210876
v 1.743767 -41.093361 32.842316
v 3.467879 -40.655998 33.219524
v 4.297554 -39.111423 33.174568
v 4.482736 -37.495251 32.952660
v 3.833852 -36.308674 32.591957
v 3.371795 -36.096584 32.309990
v 2.949717 -35.019020 32.051464
v 2.558847 -33.895031 31.890371
v 3.804958 -32.387405 31.942722
v 4.605861 -30.722589 31.998146
v 5.704453 -30.005449 32.065186
v 4.848202 -28.376930 31.601053
v 4.508014 -27.007828 31.466526
v 4.060334 -26.161526 31.232723
v 5.129651 -25.786509 31.626949
v 5.554974 -24.022118 31.551140
v 5.170104 -22.494110 31.065344
v 4.191450 -22.912243 30.852089
v 5.148942 -20.577200 30.704296
v 4.168999 -20.566648 30.226189
v 5.454054 -19.029957 30.669552
v 5.080112 -17.969578 30.298677
v 6.348582 -17.323879 30.738638
v 6.135779 -16.014568 30.489571
v 6.173556 -14.788571 30.217653
v 5.453449 -14.726754 30.055546
v 5.845869 -12.901023 29.821945
v 5.781097 -11.255645 29.829950
v 6.008101 -10.556560 29.750948
v 7.089566 -10.551945 29.649990
v 8.139852 -8.667321 29.336264
v 8.673832 -6.550030 28.904295
v 8.409735 -5.214312 28.677828
v 7.791947 -4.386420 28.572554
v 7.175608 -2.894980 28.440353
v 6.030979 -1.184873 28.209528
v -8.541731 5.643703 21.717539
v -7.028842 5.886441 23.199501
v -6.095933 5.580141 24.095394
v -4.824711 5.830110 24.808838
v -4.250356 5.195987 25.451096
v -2.535836 5.456083 26.072441
v -1.136930 5.266942 26.468481
v 0.228642 3.898853 27.432362
v 0.721772 4.971602 26.918423
v 4.839489 -1.111046 28.308325
v 4.825578 0.375155 28.118807
v 4.563557 1.932704 27.873295
v 4.461108 3.578099 27.474520
v 4.008961 5.229621 26.823231
v 2.779476 4.290349 27.445824
v 2.450519 4.987664 27.076538
v -7.452555 4.118675 2.998053
v -8.867139 4.089250 4.038020
v -9.609214 3.751686 4.959970
v -10.212774 3.377302 5.787555
v -10.948482 4.029337 7.121646
v -11.394395 4.050600 8.397832
v -11.518492 3.512508 9.296705
v -11.812249 3.691096 10.749044
v -11.905679 3.709628 12.599435
v -12.560862 4.370698 14.758128
v -12.118258 4.095620 16.274151
v -11.484038 3.565378 17.213402
v -11.238173 5.234667 18.222008
v -10.361904 4.998851 19.416761
v -9.688504 4.952873 20.445845
v -1.293812 4.057710 0.691206
v -3.192388 3.848374 1.066015
v -4.507403 3.863130 1.444030
v -5.880079 3.729219 1.908653
v 11.947576 -17.837677 1.506795
v 11.531106 -15.989705 1.512300
v 10.697393 -15.368511 1.419186
v 10.189257 -13.371814 1.418504
v 9.488558 -11.476877 1.511163
v 9.198204 -9.615710 1.465534
v 8.109824 -8.868936 1.254643
v 9.416999 -6.858523 1.174408
v 8.690852 -5.006799 0.987559
v 7.841679 -3.999835 0.835007
v 6.964283 -3.032317 0.693874
v 6.201536 -1.497806 0.434405
v 5.700471 0.586879 0.183489
v 5.211850 2.467064 0.029545
v 3.420682 2.347263 0.132317
v 3.047261 3.852638 0.188479
v 1.007457 3.913421 0.367591
v -8.414228 -58.223339 30.643990
v -7.814347 -56.586720 31.272943
v -7.850626 -55.471195 31.405222
v -6.426195 -55.709435 32.232712
v -4.943141 -54.338551 33.097202
v -4.151015 -52.893768 33.398708
v -3.885292 -51.478527 33.304718
v -3.014720 -49.822250 33.368546
v -12.198794 -67.423302 18.099825
v -9.127355 -66.200249 27.368469
v -8.576428 -63.766769 29.300140
v -9.088404 -62.713360 29.177494
v -8.629348 -61.733288 29.779154
v -8.298614 -65.811546 28.773361
v -8.797254 -60.034580 30.032406
v -9.215587 -66.996872 26.559788
v -8.088239 -68.478233 26.931843
v -8.341237 -69.032326 25.262169
v -9.200836 -68.236954 24.495699
v -9.093662 -68.089951 22.985695
v -9.714149 -68.069534 21.712797
v -10.551607 -67.520660 21.748365
v -9.887228 -68.746292 19.814665
v -10.657098 -68.729759 17.407841
v -10.859783 -68.930450 15.103163
v -11.052021 -68.943718 13.080274
v -11.234552 -68.815552 11.155254
v -11.544869 -68.462090 9.280390
v -9.863813 -68.988342 7.534871
v -9.444166 -68.422173 5.683109
v -7.669518 -68.533325 4.448939
v -8.528943 -66.880249 3.038340
v -9.126643 -65.604874 2.463779
v -9.970521 -64.173233 2.012557
v -10.766457 -62.706184 1.494917
v -9.463079 -61.313023 0.875547
v -10.152713 -59.965694 0.603103
v -8.605517 -58.760025 0.278398
v -8.066228 -57.071552 0.161399
v -7.616091 -55.601135 0.095821
v -5.254835 -55.827274 0.002054
v -2.985874 -55.005398 -0.012959
v -0.775622 -54.267990 -0.007579
v 0.294073 -52.687233 0.009668
v -0.391479 -51.646770 0.000132
v 1.281235 -50.275845 -0.007163
v 0.711757 -49.078865 -0.019339
v 2.442996 -47.795082 -0.038450
v 2.827000 -45.441929 -0.049041
v 2.575658 -44.298409 -0.053148
v 4.387110 -43.240833 -0.039724
v 5.228258 -41.452866 0.085965
v 6.120236 -39.758995 0.218002
v 7.059571 -38.120773 0.321405
v 8.007808 -36.496796 0.442393
v 8.986234 -34.887783 0.555124
v 9.963918 -33.280872 0.684669
v 10.945815 -31.611885 0.824213
v 11.989172 -29.875563 0.980392
v 12.976540 -28.052862 1.171620
v 12.197705 -27.165409 1.131901
v 11.414221 -26.287630 1.087212
v 12.364805 -24.734859 1.358870
v 11.798200 -22.869240 1.345499
v 12.579962 -20.831348 1.513689
v 12.961768 -19.141685 1.600665
v -2.191969 -48.537636 33.646397
v -1.861363 -47.114731 33.357231
v -1.576120 -45.985851 33.153339
v -0.806632 -46.098495 33.468395
v 0.512359 -45.808643 33.531994
v 2.486947 -45.420105 33.923218
v 2.215115 -44.031914 33.911140
v 2.548427 -43.062130 33.656773
v 4.069557 -42.048977 33.601852
v 4.951432 -40.613247 33.521034
v 4.936626 -39.617409 33.467987
v 6.296843 -37.791725 33.421955
v 5.788720 -35.975983 32.995625
v 4.727123 -35.143631 32.541336
v 3.616537 -35.207340 32.313465
v 4.001213 -33.936172 31.995651
v 5.120966 -33.164631 32.323956
v 5.297152 -32.007092 32.320972
v 5.441378 -30.970722 32.406754
v 6.671433 -31.848112 32.572788
v 7.847299 -29.802774 32.526119
v 6.777430 -28.263226 32.030083
v 5.541343 -27.239935 31.763781
v 6.936094 -26.433498 31.825106
v 6.342378 -25.043076 31.930391
v 6.604138 -23.740505 31.955666
v 6.552361 -22.295443 31.617893
v 6.403647 -20.911219 31.406567
v 6.654873 -19.186684 31.036789
v 8.294692 -17.282881 30.986876
v 7.773655 -15.766643 30.757763
v 7.019540 -15.235705 30.549088
v 7.490080 -13.487204 30.227589
v 7.858976 -11.893235 29.924454
v 9.045680 -10.409473 29.758396
v 8.583570 -9.277912 29.636745
v 10.204558 -8.777911 29.438148
v 10.473750 -7.022748 28.968397
v 10.666089 -5.298157 28.566107
v 9.668573 -4.356224 28.418385
v 8.709619 -4.101965 28.404829
v 9.055562 -2.635065 28.141867
v 8.086558 -0.813161 27.878630
v 7.206453 0.565274 27.739609
v 6.050047 0.786030 27.889563
v -7.153659 7.429135 22.798159
v -8.478676 7.562427 21.727457
v -9.562832 7.371781 20.722361
v -10.410463 6.469232 19.673206
v -5.899542 7.014047 23.802835
v -4.960556 6.734266 24.418657
v -3.090233 7.084315 24.897568
v -3.696233 7.452985 24.163622
v -2.811830 6.353367 25.619841
v -1.495543 5.676552 26.128052
v -1.031469 6.454501 25.868715
v -1.692703 6.978312 25.213299
v 0.692999 7.005017 25.925764
v 2.633741 6.366993 26.293200
v 5.684185 2.003288 27.653734
v 5.471247 3.344507 27.280840
v 6.085907 5.294198 26.181913
v 4.598899 6.791136 25.704374
v 3.858202 6.487125 26.133615
v -6.344548 5.606487 2.300009
v -7.693562 5.530633 3.043025
v -8.569518 5.808140 3.779656
v -9.486828 5.691938 4.754161
v -10.075249 5.080589 5.390347
v -11.024062 5.190489 6.843017
v -11.512159 5.077727 8.136494
v -11.835034 5.511086 9.355589
v -11.937024 5.233041 10.595726
v -12.320724 4.978924 11.652088
v -12.164889 4.094831 11.532528
v -12.777711 5.534679 13.460866
v -12.840970 5.721050 15.167926
v -12.411353 5.428795 16.234049
v -11.985109 5.328590 17.139088
v -12.054450 6.537696 17.337809
v -11.387761 6.619491 18.408207
v 0.681616 5.462266 0.458372
v -1.458476 5.681398 0.719311
v -2.923229 5.636001 1.059305
v -4.250291 5.074096 1.316688
v 13.578846 -17.556570 1.723884
v 13.507621 -16.447178 1.730310
v 12.892163 -15.150825 1.673657
v 11.928048 -13.789314 1.609428
v 11.812039 -11.442742 1.599153
v 10.710189 -10.659474 1.580693
v 10.027922 -10.096264 1.537820
v 10.692397 -8.579004 1.428716
v 11.249903 -6.324940 1.031498
v 10.679054 -4.897202 0.832601
v 9.900134 -3.946087 0.756702
v 9.061304 -2.955260 0.656904
v 8.452763 -1.105775 0.405273
v 7.467478 0.581339 0.169166
v 7.311342 2.577804 -0.048480
v 6.047297 3.766107 -0.033436
v 4.831253 3.819327 0.050545
v 4.609121 5.199308 0.112523
v 2.678678 5.359169 0.252016
v -7.492969 -59.885708 31.030645
v -7.057852 -58.162315 31.581856
v -7.101773 -57.067131 31.666252
v -5.780505 -57.253784 32.565578
v -4.283420 -55.928986 33.510464
v -3.411771 -54.463654 33.849056
v -3.097737 -53.081329 33.776131
v -2.857484 -51.857124 33.750076
v -2.409495 -50.646477 33.722363
v -0.897154 -49.184826 33.784374
v -7.797437 -67.701118 28.436995
v -7.302832 -65.613029 30.034979
v -7.238494 -63.945313 30.519152
v -7.610043 -62.530746 30.466776
v -7.604835 -61.378536 30.705084
v -7.128733 -67.261269 29.631975
v -6.845412 -69.540001 28.346788
v -6.247242 -70.545250 27.163158
v -7.353459 -70.083321 26.039972
v -7.605609 -70.299927 24.345331
v -8.186866 -69.183571 23.340944
v -8.887202 -69.094170 21.425247
v -9.835570 -68.747215 20.957134
v -8.265093 -70.693008 17.522713
v -8.911771 -70.462578 15.259798
v -9.084175 -70.456947 13.205236
v -9.034528 -70.365517 11.290975
v -9.205011 -70.025314 9.348169
v -7.512217 -70.645302 8.098089
v -6.848217 -70.250999 6.753252
v -5.106457 -70.122009 5.395362
v -5.944617 -68.328606 3.363223
v -7.223731 -67.177010 2.729828
v -7.994744 -65.350166 1.872849
v -8.938301 -64.559883 1.777596
v -8.327214 -63.017021 0.940040
v -7.618515 -60.744572 0.429169
v -8.155881 -59.838795 0.393591
v -6.649508 -58.758450 0.137399
v -6.434661 -57.226688 0.057962
v -4.065778 -57.393398 -0.017160
v -1.974450 -56.600117 -0.020559
v 0.238935 -55.850925 -0.012879
v 1.476139 -54.507473 -0.013257
v 1.881917 -53.077251 -0.011924
v 2.544405 -51.404736 -0.013699
v 3.266254 -49.715321 -0.032812
v 2.808563 -48.886711 -0.042666
v 4.413030 -47.591900 -0.052763
v 4.780889 -45.409534 -0.060312
v 4.555567 -44.288231 -0.063325
v 6.355761 -43.232231 -0.042728
v 7.211877 -41.446518 0.115377
v 8.128076 -39.759274 0.267643
v 9.043503 -38.127586 0.418568
v 10.008808 -36.500336 0.548174
v 10.973533 -34.918324 0.673614
v 11.915724 -33.303623 0.813359
v 12.878311 -31.657400 0.979610
v 13.822670 -29.936275 1.167104
v 14.723322 -28.040833 1.396079
v 14.631944 -26.426886 1.495068
v 13.429232 -26.072462 1.401802
v 14.305126 -24.173878 1.624647
v 13.438920 -22.831150 1.598361
v 13.602511 -21.265085 1.650599
v 13.822850 -19.769543 1.701555
v 15.039800 -17.737217 1.841788
v -0.486992 -47.361504 33.834400
v 1.320580 -47.675297 34.131054
v 3.043221 -47.123840 34.993557
v 3.740548 -45.480011 34.736153
v 4.150197 -44.197754 34.176353
v 3.119866 -44.227982 33.912704
v 3.644882 -43.237717 34.011063
v 5.610850 -42.658970 34.306000
v 6.370474 -40.632435 33.941708
v 5.928064 -39.493973 33.636097
v 6.973157 -38.696674 33.927219
v 8.602080 -37.646580 33.952534
v 7.771934 -36.178612 33.555496
v 6.985229 -35.350670 33.244766
v 6.218204 -34.036755 32.785889
v 7.802933 -33.363632 33.200928
v 7.589663 -32.158009 32.947544
v 8.742755 -31.533506 33.116398
v 9.496369 -29.677456 32.998226
v 9.289243 -28.197922 32.647785
v 8.104049 -28.425089 32.334370
v 8.462405 -27.114241 32.230038
v 8.621215 -25.466322 31.944855
v 8.050961 -23.910820 31.891502
v 7.560109 -22.521544 31.922028
v 7.654479 -21.269180 31.713762
v 7.163674 -21.000395 31.436577
v 8.492611 -19.528955 31.386303
v 10.005290 -17.329353 31.074144
v 10.025034 -15.708866 30.818249
v 9.043658 -14.805777 30.678320
v 8.223516 -14.011036 30.579659
v 9.801418 -12.304274 30.208843
v 10.679020 -10.127583 29.760414
v 11.921590 -9.033583 29.571522
v 12.612630 -7.371246 28.979742
v 12.315854 -5.512236 28.554617
v 11.811163 -4.156510 28.233116
v 10.856490 -4.090530 28.272114
v 11.254214 -2.669537 27.944384
v 10.427199 -1.012652 27.624701
v 9.296151 -0.951170 27.742640
v 9.652598 0.632968 27.277149
v 8.259615 0.591848 27.537502
v 8.088709 1.909332 27.168447
v 6.716703 1.810222 27.537094
v -7.993626 8.991600 22.090952
v -6.678260 8.914829 22.968157
v -5.715705 8.475180 23.565287
v -8.891121 8.861142 21.409357
v -9.842232 8.991689 20.615816
v -10.849372 8.605538 19.489988
v -11.834852 8.150099 18.034561
v -4.643906 8.016779 24.268841
v -1.837912 8.322772 24.780119
v -2.970649 9.461969 23.930025
v -4.655909 9.545632 23.670511
v -0.585554 8.072293 25.078974
v 2.391950 8.034843 25.163246
v 0.613775 9.381505 24.329741
v 3.503056 7.182141 25.656754
v 6.762308 3.177361 27.037783
v 8.372396 3.872848 26.344505
v 8.214516 5.783077 25.407822
v 6.846055 7.369630 24.708952
v 5.227052 8.185065 24.499693
v 3.787724 8.019692 24.948250
v -4.614479 6.764367 1.622489
v -6.518318 7.462704 2.270106
v -7.561079 7.262888 2.913972
v -8.416995 6.865049 3.721461
v -9.709719 7.085205 4.919335
v -10.634117 7.214459 5.906727
v -11.013422 6.622535 6.691151
v -11.727417 6.683372 7.806216
v -11.923208 6.496322 8.944682
v -12.247271 6.674449 10.743513
v -12.320569 6.693382 11.983819
v -12.051276 6.306642 12.515680
v -12.819338 6.800088 13.124113
v -12.992831 7.048793 14.642837
v -12.639040 6.635925 16.196072
v -12.792969 8.192745 16.207230
v 2.259524 6.918248 0.340822
v 0.221770 7.115372 0.520245
v -1.369760 6.865489 0.792753
v -2.754723 6.628985 1.075407
v 14.299472 -16.671167 1.844947
v 14.687145 -15.013511 1.791915
v 13.613707 -13.565289 1.743442
v 12.929195 -13.560509 1.710242
v 13.283196 -11.889307 1.673180
v 12.942120 -9.760566 1.568432
v 11.845008 -9.299436 1.541386
v 12.997285 -7.014505 1.018836
v 12.594529 -4.959486 0.662859
v 11.856037 -3.882139 0.606221
v 11.094859 -2.920113 0.513675
v 10.585670 -0.971331 0.323898
v 10.007681 0.616168 0.122941
v 9.294384 2.251413 -0.017699
v 8.107410 4.105113 -0.093341
v 6.727012 4.626263 -0.057975
v 6.531514 6.419462 0.061415
v 4.291890 6.745132 0.193548
v -6.569519 -61.420303 31.598402
v -6.239148 -59.721184 32.034702
v -6.370756 -58.666321 32.022739
v -5.209981 -58.720390 32.905170
v -3.691619 -57.702869 33.962994
v -2.840286 -56.118179 34.373768
v -2.420836 -54.750530 34.346233
v -2.072120 -53.377644 34.255173
v -1.942739 -52.305130 34.128708
v -2.263385 -52.019386 33.890564
v -1.324970 -51.025681 34.266769
v 0.364588 -50.333385 34.558819
v 0.549698 -49.075615 34.265736
v -6.486731 -69.005096 29.500572
v -6.346872 -65.099373 31.149405
v -6.442757 -66.531303 30.724773
v -6.739390 -66.959686 30.278141
v -6.862875 -62.819160 31.137442
v -5.850405 -63.470181 32.065369
v -5.993871 -68.314941 30.663988
v -5.751221 -70.571815 29.184702
v -5.954550 -71.076469 28.340975
v -4.780147 -71.110466 28.489765
v -4.795003 -72.217125 26.711536
v -6.150473 -71.191124 24.852718
v -6.688850 -71.173767 22.921408
v -7.432549 -70.573608 21.737997
v -8.136248 -70.292503 19.735687
v -6.164121 -72.126801 19.247404
v -6.356884 -72.336723 16.883083
v -6.902559 -72.054298 15.173524
v -7.317297 -71.774429 13.480211
v -6.795816 -71.950256 11.642212
v -6.785218 -71.581085 9.858479
v -5.161136 -71.899895 9.016621
v -3.947415 -71.825142 8.112061
v -2.977122 -71.583046 6.747337
v -3.471054 -70.200050 4.675035
v -4.023539 -68.698471 3.357965
v -4.835051 -67.013443 2.034385
v -6.175400 -67.219597 2.359869
v -6.250524 -65.872231 1.609947
v -6.704456 -63.773491 0.915302
v -7.134231 -62.800632 0.727196
v -6.082102 -61.556049 0.427828
v -6.326977 -59.947933 0.243658
v -4.718543 -59.049290 0.060712
v -2.514856 -58.654381 -0.014887
v -0.917493 -58.068371 -0.041898
v 1.256919 -57.415474 -0.023990
v 2.599461 -56.050224 -0.015365
v 3.079440 -54.667805 -0.027869
v 3.759642 -53.150440 -0.031286
v 4.333256 -51.523403 -0.038862
v 4.923088 -49.717411 -0.044272
v 4.749758 -48.614342 -0.061637
v 6.592023 -47.152325 -0.069680
v 6.465289 -45.387802 -0.081681
v 6.458572 -44.278969 -0.071576
v 8.307907 -43.265137 -0.024755
v 9.206227 -41.447880 0.162782
v 10.113106 -39.763920 0.335066
v 11.059245 -38.113071 0.505673
v 12.008680 -36.510864 0.642921
v 12.956303 -34.916351 0.782906
v 13.910036 -33.308384 0.935715
v 14.814584 -31.707605 1.088917
v 15.691547 -30.053310 1.306281
v 16.574369 -28.137497 1.576302
v 16.443785 -26.764803 1.717390
v 16.014278 -25.631784 1.727117
v 15.387673 -24.618687 1.756355
v 15.731041 -23.038292 1.832664
v 15.037560 -21.598417 1.810924
v 14.850482 -19.881245 1.807136
v 16.652140 -19.138531 1.899516
v 16.241465 -17.767424 1.881331
v 16.978804 -16.449657 1.846184
v 15.816541 -15.950787 1.837200
v 1.405808 -49.390053 34.839527
v 2.815533 -49.110786 35.383759
v 3.767802 -48.479916 35.909645
v 4.559022 -47.147144 35.570072
v 5.156855 -45.756279 35.245571
v 5.613712 -44.023090 34.783661
v 6.230143 -43.050125 34.720146
v 7.438570 -42.557213 34.987892
v 6.928994 -41.489174 34.456833
v 7.991453 -40.255577 34.586750
v 7.762240 -39.180550 34.134762
v 8.744162 -38.788517 34.554180
v 9.899535 -39.043285 34.781185
v 10.304461 -37.545494 34.306454
v 10.104401 -35.964348 33.877163
v 8.841497 -35.296822 33.616543
v 7.951085 -34.793316 33.533222
v 8.521112 -33.975903 33.661678
v 9.857447 -33.528748 33.596786
v 10.349193 -31.632723 33.601116
v 10.600802 -30.125221 33.486626
v 11.006606 -28.098450 32.981110
v 10.440048 -27.094109 32.778610
v 9.632585 -26.911842 32.625824
v 9.954374 -25.678617 32.355293
v 10.030255 -23.694714 32.021782
v 9.494473 -22.558693 31.849878
v 9.033255 -21.300377 31.779163
v 9.847732 -19.589409 31.637615
v 11.663212 -17.970774 31.255657
v 11.421093 -15.878477 30.851946
v 10.908690 -14.513971 30.630129
v 10.158048 -13.934744 30.554337
v 10.945456 -13.244488 30.395180
v 11.829761 -12.215125 30.238157
v 12.067079 -10.629192 29.935350
v 13.458615 -9.583237 29.530321
v 12.780947 -8.551893 29.267797
v 13.864989 -8.202884 29.136894
v 14.999721 -6.712058 28.688494
v 14.034663 -5.442806 28.354403
v 13.423018 -3.881588 28.123758
v 12.332000 -3.416552 27.984959
v 13.089339 -2.389510 27.845146
v 12.650282 -0.936312 27.480473
v 11.502249 -1.011989 27.563263
v 11.884979 0.426296 27.104227
v 11.466876 2.291676 26.460894
v 9.629158 2.519283 26.648336
v -7.188559 10.210763 22.428381
v -8.424278 10.494461 21.713087
v -9.367192 10.137325 21.074301
v -5.765819 9.808869 23.285570
v -10.519746 10.508385 20.191202
v -11.201655 10.234320 19.479769
v -12.241310 10.491162 18.270475
v -13.029022 10.114877 16.550173
v -1.272939 9.610361 24.113829
v -1.974077 10.592759 23.442188
v -3.061459 11.388927 23.032204
v -4.580702 11.420868 22.816669
v -6.338855 11.504346 22.466354
v 2.942447 9.766418 23.699286
v 0.609621 11.681614 22.711777
v -0.852368 10.860258 23.451885
v 10.546105 3.962594 25.887648
v 9.091910 4.570146 25.827730
v 8.862503 5.155447 25.660023
v 9.705302 5.435598 25.256557
v 9.148075 7.277709 24.257648
v 7.933470 8.081698 23.961941
v 6.144568 9.744873 22.838095
v 4.603350 9.773699 23.318066
v -3.433349 8.205989 1.346733
v -5.819635 8.825873 2.141254
v -7.229658 8.923893 2.700414
v -8.158090 8.713278 3.379303
v -9.081600 8.512696 4.223758
v -10.052081 8.482841 5.249856
v -10.975089 8.531927 6.378244
v -11.615391 8.323185 7.478077
v -12.184160 8.030085 8.835625
v -12.602216 8.073506 10.828362
v -12.819517 7.792914 12.741624
v -13.144475 8.559580 14.359789
v -13.466667 9.978391 14.720607
v 3.546043 8.407002 0.362020
v 1.456988 8.623553 0.492084
v -0.052512 8.422772 0.666650
v -1.512588 8.156081 0.842251
v 16.523766 -14.598567 1.770761
v 16.038517 -12.674548 1.707702
v 14.419673 -12.451791 1.769166
v 15.096812 -10.693581 1.510756
v 13.806378 -10.208467 1.561776
v 14.550389 -8.598605 1.217887
v 15.130240 -6.309907 0.677720
v 14.500030 -4.900803 0.501120
v 13.612847 -3.986774 0.470073
v 12.927434 -3.009104 0.356362
v 12.564685 -1.030795 0.225782
v 12.116580 1.261190 0.052043
v 11.266054 2.258592 -0.043436
v 10.225255 4.124249 -0.100944
v 8.826014 4.764564 -0.067427
v 9.177622 6.735935 0.101896
v 6.835072 8.530461 0.283168
v 5.503339 8.416310 0.230060
v -5.202040 -61.533138 32.844425
v -5.475598 -60.259525 32.639248
v -4.105747 -60.150803 33.812176
v -2.770437 -59.152225 34.760632
v -2.256210 -57.721142 34.927433
v -1.872939 -56.376518 34.913273
v -1.299763 -54.932796 34.999935
v -0.485575 -53.291332 34.929520
v -1.113712 -52.238262 34.370331
v -0.182460 -51.698940 34.672237
v 1.468454 -51.844494 35.266491
v 1.447526 -50.542900 35.060982
v -5.200799 -70.521873 30.668232
v -5.575917 -64.994553 31.935154
v -5.077604 -66.216187 31.825491
v -5.421773 -67.122780 31.284542
v -4.454362 -62.830402 33.543121
v -4.487994 -64.514801 33.329086
v -4.677544 -65.718719 32.689705
v -4.637999 -69.081512 31.746695
v -4.973342 -72.002197 29.492712
v -4.265753 -72.181389 28.320580
v -4.128147 -73.577408 28.456327
v -4.235234 -73.905823 26.383341
v -4.501496 -73.537842 24.531143
v -5.180863 -72.331520 24.890411
v -5.388340 -72.581673 23.381910
v -6.580957 -71.847313 23.157391
v -5.962259 -72.168640 22.222397
v -6.240242 -71.899689 21.302856
v -4.622224 -73.507278 21.208948
v -3.888466 -73.966606 18.935488
v -3.652091 -73.889954 17.127050
v -4.360418 -73.390549 15.424884
v -3.896656 -73.285721 13.273402
v -3.876095 -73.050919 11.113008
v -2.895209 -73.064415 10.171132
v -1.139962 -73.352577 10.104472
v -1.224959 -71.635780 6.134282
v -2.398744 -70.681992 4.781249
v -1.902957 -69.168060 3.171359
v -2.560839 -66.944862 1.661910
v -3.540097 -65.542458 1.050940
v -4.836696 -65.684334 1.323255
v -4.573420 -64.136047 0.756703
v -5.359109 -62.843666 0.559375
v -3.879831 -61.879116 0.251569
v -4.189550 -60.416752 0.114045
v -2.078111 -60.371086 0.029244
v -0.333792 -59.414585 -0.025628
v 2.339986 -59.079254 -0.058454
v 3.552152 -57.677696 -0.034612
v 4.181710 -56.257175 -0.024981
v 5.003746 -54.739990 -0.032097
v 5.688627 -53.173786 -0.048240
v 6.256877 -51.528030 -0.057747
v 6.827157 -49.719501 -0.064941
v 6.711442 -48.488354 -0.066241
v 8.625518 -47.124004 -0.055531
v 8.856193 -45.350765 -0.054360
v 8.266961 -44.703682 -0.101150
v 10.364839 -43.287998 0.042486
v 11.211778 -41.456818 0.233346
v 12.130127 -39.760468 0.414342
v 13.067030 -38.123337 0.593764
v 14.001415 -36.516529 0.739672
v 14.978191 -34.907410 0.884415
v 15.903188 -33.324554 1.032046
v 16.804853 -31.737013 1.187862
v 17.615959 -30.145878 1.384408
v 18.283939 -28.517656 1.597667
v 18.698084 -26.559273 1.808351
v 17.550438 -26.237230 1.856728
v 17.115253 -25.462702 1.891997
v 17.428267 -23.937721 1.915142
v 16.275005 -23.960165 1.844968
v 16.896429 -22.603706 1.925217
v 16.531786 -21.419207 1.917854
v 18.308043 -21.042192 1.930263
v 18.808945 -18.770433 1.938200
v 17.941111 -17.431387 1.918953
v 18.477144 -16.055307 1.875258
v 18.574503 -14.593992 1.733226
v 17.524986 -14.612620 1.748745
v 2.590467 -50.741001 35.612015
v 3.471421 -50.376404 35.976727
v 4.485549 -49.939323 36.259449
v 4.890271 -48.631565 36.246750
v 4.862042 -47.860294 36.001480
v 5.933239 -47.272346 35.892506
v 5.654801 -46.295834 35.674950
v 6.914576 -45.841751 35.589207
v 6.943144 -44.455643 35.343430
v 8.768356 -43.863060 35.730042
v 9.149000 -42.383305 35.721100
v 9.300609 -40.821037 35.155106
v 9.008823 -39.644093 34.660458
v 10.949652 -40.437191 35.343983
v 11.154406 -39.213829 35.408489
v 11.169969 -38.056709 34.855034
v 11.689532 -36.479298 34.456932
v 11.252860 -34.851898 34.013046
v 12.189892 -33.162926 33.937977
v 11.102337 -32.166946 33.591625
v 12.284399 -30.701017 33.724880
v 12.602913 -28.486540 33.223091
v 12.845868 -26.529640 32.791138
v 11.449738 -25.963642 32.657410
v 10.333140 -26.224709 32.742428
v 11.275759 -24.409901 32.297306
v 12.070383 -22.439192 32.047821
v 10.632038 -21.488604 31.936035
v 10.617504 -19.908339 31.781607
v 12.083494 -20.069557 31.798285
v 13.664785 -19.259027 31.426563
v 14.194295 -17.178333 30.961948
v 13.515227 -15.885178 30.781305
v 12.458574 -14.942847 30.717152
v 11.721174 -13.803095 30.535789
v 12.475228 -12.630480 30.426264
v 13.778120 -11.702872 29.980211
v 14.478827 -10.125631 29.578665
v 15.554318 -8.737885 29.224997
v 17.213470 -6.547739 28.797575
v 16.428301 -5.234292 28.362602
v 15.266673 -5.310915 28.326563
v 15.562330 -3.699107 28.062056
v 14.582104 -2.406268 27.895891
v 14.362929 -0.910093 27.506927
v 14.007491 0.773174 26.914953
v 13.553976 2.175305 26.360655
v 12.630667 2.792692 26.053308
v 12.317974 3.580990 25.893614
v -8.128489 11.570510 21.797272
v -9.407618 11.621445 21.092213
v -10.553801 11.613596 20.318893
v -11.532411 11.568034 19.477392
v -12.085614 11.292257 18.860559
v -13.686436 12.214937 16.900286
v -12.777792 12.885412 18.613823
v -13.971323 11.740310 14.968424
v -1.377480 10.384017 23.668993
v -1.720910 12.478075 22.546329
v -3.989396 12.948752 22.337696
v -5.758550 13.127136 22.030142
v -5.469652 11.875545 22.201458
v -7.398826 13.211133 21.841787
v -8.080181 12.682556 21.747253
v 3.809651 11.290731 22.166655
v 2.288626 11.518329 22.444010
v 1.573951 13.244316 21.230783
v 0.265442 12.993031 21.873552
v -0.411621 12.854559 22.146112
v 12.786842 5.164955 25.043325
v 10.975567 4.669040 25.352854
v 11.125027 5.783620 24.784504
v 10.678505 7.356300 23.941021
v 9.681001 8.771254 23.096840
v 8.795453 8.470947 23.467693
v 8.646870 9.557154 22.120836
v 6.679512 11.404882 20.551222
v 5.122449 11.655604 21.198118
v -2.464769 9.925950 1.255706
v -5.184698 10.229159 2.037702
v -6.434952 10.157475 2.449904
v -7.501921 10.236165 2.947073
v -8.947726 10.396801 3.847601
v -9.875219 10.084887 4.781729
v -10.479593 9.754841 5.523720
v -11.568946 10.183810 6.865834
v -12.166032 9.909113 8.078451
v -12.475620 9.502706 9.091485
v -12.929417 9.695299 10.747708
v -13.252149 9.451292 12.773274
v -13.775249 11.638157 12.537987
v 4.320462 10.239115 0.637787
v 2.180929 10.192771 0.631700
v 1.239858 9.664521 0.657895
v -0.303495 9.700011 0.789108
v 18.043671 -12.740922 1.566384
v 17.330803 -11.406040 1.457617
v 16.338490 -11.159960 1.497418
v 16.839987 -9.679423 1.266502
v 15.819837 -8.982107 1.203462
v 16.880686 -7.009930 0.829988
v 16.458441 -4.884986 0.485950
v 15.519259 -3.788888 0.366378
v 14.633732 -2.521269 0.227737
v 13.778816 -1.648272 0.136885
v 14.617928 0.388386 0.019086
v 13.397603 2.221598 -0.033928
v 12.279216 3.731023 -0.063747
v 11.007400 4.762025 -0.063200
v 11.465804 6.814142 0.042718
v 10.484741 8.916073 0.958850
v 8.079458 9.318637 0.679861
v 6.409762 9.911689 0.634418
v -4.335410 -61.558475 33.660896
v -3.437563 -61.917057 34.542046
v -2.316404 -60.646233 35.375053
v -1.614119 -59.278854 35.645077
v -1.230515 -57.970325 35.607342
v -0.705276 -56.513233 35.629845
v -0.206957 -55.061401 35.597157
v 0.020926 -54.013882 35.634907
v 1.496995 -53.462463 35.841496
v 2.144890 -52.394054 35.904266
v 3.308620 -52.491112 36.250572
v -4.384478 -70.841202 32.103420
v -4.248206 -72.151588 31.753204
v -4.694356 -72.041840 30.720278
v -4.284243 -67.147766 32.419006
v -4.142524 -67.579086 31.640015
v -3.637523 -64.402786 34.364769
v -3.655490 -63.094032 34.377502
v -3.656399 -66.354904 33.997002
v -3.722156 -67.615379 33.248775
v -3.445836 -70.429367 33.313267
v -3.901298 -68.589897 32.687042
v -4.075919 -73.501991 30.940031
v -4.197117 -72.448746 28.847410
v -3.445279 -75.451492 30.201057
v -3.506841 -75.484406 28.198339
v -3.617960 -75.269760 26.485264
v -3.661831 -75.228073 24.601883
v -3.537749 -74.966095 22.483450
v -4.538062 -73.655014 22.915373
v -3.109793 -75.070000 20.904690
v -2.524246 -75.258270 19.537930
v -1.515742 -75.494102 17.693178
v -1.324389 -75.228745 16.632977
v -1.125030 -74.977486 15.400455
v -0.123803 -74.959351 13.787702
v 1.667464 -75.609245 12.989262
v 2.159104 -74.960274 11.444746
v 1.043988 -73.670456 9.426801
v 0.819512 -72.295753 6.702832
v -0.065442 -70.243752 3.951628
v -1.536971 -70.511444 4.213144
v 0.059413 -68.486397 2.389504
v -0.428266 -66.986725 1.446661
v -0.683904 -65.377930 0.810522
v -1.656348 -64.498001 0.561387
v -3.035669 -64.297409 0.622412
v -2.427805 -62.997101 0.283528
v -2.186125 -61.714340 0.113953
v -0.352115 -61.970867 0.043068
v 1.604968 -60.970760 0.012169
v 4.342704 -60.571049 -0.055639
v 4.812991 -59.273056 -0.085548
v 5.306713 -57.853821 -0.053335
v 6.128930 -56.339199 -0.045253
v 6.896689 -54.796543 -0.044866
v 7.675099 -53.194180 -0.049583
v 8.479482 -51.399979 -0.068147
v 8.552424 -49.789421 -0.061277
v 8.624882 -48.538902 -0.059001
v 10.659461 -47.236771 0.025831
v 10.916443 -45.365185 0.046789
v 10.350221 -44.701824 -0.000399
v 12.417514 -43.298611 0.190371
v 13.244370 -41.458908 0.336571
v 14.139430 -39.765648 0.518734
v 15.060280 -38.122856 0.675687
v 16.023794 -36.507938 0.831060
v 16.967901 -34.918667 0.964055
v 17.933136 -33.317394 1.088352
v 18.846769 -31.706894 1.233510
v 19.661722 -30.102932 1.421188
v 20.187143 -28.661936 1.629223
v 20.195869 -27.078136 1.731080
v 20.038525 -25.142208 1.822912
v 19.091022 -25.453829 1.876356
v 18.536741 -24.756891 1.917586
v 19.244606 -22.758148 1.943121
v 17.967119 -22.561289 1.949247
v 19.654547 -21.241650 1.948593
v 20.702753 -19.895821 1.869030
v 20.283415 -17.684868 1.875228
v 18.985390 -16.752581 1.913483
v 20.225767 -14.965363 1.751032
v 20.150587 -12.608541 1.513602
v 4.215955 -51.473618 36.552822
v 5.754597 -51.331512 37.166374
v 5.699173 -50.100880 36.820885
v 5.982624 -48.704754 36.293720
v 5.491778 -47.934021 36.197002
v 7.879392 -47.478523 36.635227
v 8.885656 -45.346203 36.112476
v 7.807821 -44.711956 35.784222
v 9.256132 -44.453220 36.025745
v 10.231777 -44.136715 36.179302
v 10.503994 -42.635479 35.896152
v 10.641159 -41.398354 35.878342
v 12.516661 -40.960388 35.856075
v 12.198698 -39.463955 35.493073
v 12.944570 -37.728706 35.161385
v 13.582535 -35.940037 34.748524
v 12.453756 -35.026447 34.324848
v 13.631896 -34.374714 34.389687
v 13.997173 -32.658138 33.960941
v 13.194095 -31.782795 33.881935
v 14.486923 -30.533401 33.813107
v 14.669331 -28.313137 33.279541
v 14.207131 -27.030731 32.922523
v 14.137887 -25.392517 32.622837
v 13.238288 -25.483959 32.575260
v 12.832456 -24.406385 32.464706
v 12.910394 -22.842373 32.318401
v 13.795115 -22.081991 31.929562
v 13.212816 -20.937895 31.768618
v 14.499707 -20.861181 31.706968
v 15.169128 -19.768398 31.596924
v 16.056305 -17.694216 31.018595
v 15.525321 -15.831202 30.675503
v 14.680519 -15.200534 30.633553
v 13.804304 -13.779023 30.413773
v 14.335348 -12.975234 30.171814
v 15.409755 -13.489350 30.221640
v 15.090115 -11.586034 29.735092
v 15.147035 -10.455119 29.578451
v 17.176546 -10.154126 29.465912
v 18.177893 -8.033506 29.120291
v 19.169167 -6.276902 28.937366
v 18.414618 -5.359213 28.736645
v 17.623146 -5.071093 28.533543
v 17.673450 -3.506566 28.192268
v 16.739153 -2.322819 27.867130
v 15.956462 -1.202558 27.682610
v 15.820469 0.579548 27.175020
v 15.351208 2.098315 26.436644
v 14.348980 1.806207 26.556639
v 15.144253 3.369472 25.993643
v 13.518173 3.599158 25.706720
v -9.281791 12.901228 21.194799
v -10.543114 13.020917 20.463348
v -11.687374 12.832558 19.646654
v -14.773310 13.495293 15.525914
v -14.302217 13.352361 16.674116
v -14.334157 14.473394 17.484161
v -13.276385 15.449018 19.092403
v -11.573705 14.716305 19.889219
v -14.757349 13.176665 13.622360
v -0.824787 14.122117 21.430193
v -3.152207 14.335927 21.756657
v -5.072717 14.256937 21.792629
v -4.747230 13.382971 22.030800
v -5.793890 13.706906 21.620518
v -6.467579 14.617962 21.633133
v -7.759567 14.577933 21.478277
v -8.902549 14.059837 21.303099
v 3.783136 13.016919 20.390644
v 2.253763 14.892834 19.384987
v 1.000366 14.935332 20.120108
v 0.294459 14.624078 20.726124
v 15.019391 4.475168 25.335636
v 15.365178 6.019921 24.768824
v 14.364127 6.642121 24.448221
v 13.183758 6.858041 24.096834
v 11.802125 6.692787 24.164471
v 12.421253 8.158803 23.335629
v 10.951170 9.919205 21.673931
v 9.807389 9.366620 22.222450
v 5.980987 12.675920 19.259302
v 5.242431 12.638368 19.946783
v -0.786252 11.407416 1.131031
v -3.587761 11.903571 1.628133
v -4.653797 11.326695 1.897248
v -6.130072 11.770678 2.394949
v -7.463478 11.520735 2.942606
v -9.316202 11.834486 3.885902
v -10.059102 11.702827 4.504146
v -10.750237 11.657225 5.250172
v -11.802413 11.545708 6.617922
v -12.491447 11.512652 7.640610
v -12.830404 11.457596 8.665738
v -13.075314 11.089120 10.180074
v -13.960425 13.192446 10.553873
v -14.530341 14.525583 12.463124
v 5.907037 11.402299 1.476652
v 3.861318 11.929329 0.943449
v 2.506644 11.920897 0.865643
v 1.569460 11.399567 0.843086
v 19.593058 -11.067603 1.306181
v 18.418243 -9.938223 1.204274
v 17.843332 -8.391828 1.022594
v 19.176373 -6.922494 0.801776
v 18.538614 -4.979373 0.535415
v 17.490339 -3.895267 0.403477
v 16.573763 -2.479106 0.222091
v 15.641771 -1.436971 0.110615
v 16.616728 0.514749 -0.010597
v 15.787276 2.106590 -0.026287
v 14.933940 3.981407 -0.031718
v 13.151991 4.782219 -0.036568
v 13.556531 7.102168 0.053941
v 12.304712 7.921560 0.265072
v 11.692491 8.276056 0.434600
v -2.950528 -63.472202 35.137222
v -1.919367 -62.635750 36.056465
v -0.991486 -61.064030 36.561764
v -0.776664 -59.694218 36.364094
v -0.169272 -58.237331 36.418694
v 0.456453 -56.697166 36.373947
v 0.977313 -55.149067 36.249012
v 2.250677 -54.064762 36.586441
v 2.729129 -53.391766 36.354130
v 3.471497 -53.918774 36.964359
v 4.972611 -53.736137 37.663864
v 5.711152 -52.792564 37.416267
v -3.456955 -72.165268 33.074268
v -3.337860 -73.880966 33.004398
v -2.754849 -65.027687 35.426903
v -3.067640 -66.027367 34.947250
v -2.861823 -67.447823 35.003883
v -2.970619 -68.847305 34.363808
v -2.999319 -68.945831 33.247356
v -2.644690 -70.811813 34.757458
v -2.417813 -72.142517 34.591385
v -2.557447 -72.105057 33.749733
v -3.109778 -75.645592 32.401745
v -2.941612 -76.845520 31.061678
v -2.901192 -77.118919 29.461365
v -2.935661 -76.885895 28.004690
v -2.939720 -76.769829 26.265985
v -2.701456 -76.794693 24.411749
v -2.040800 -76.979179 22.240246
v -1.661539 -76.543953 20.329441
v -0.244177 -76.977722 18.135683
v 0.257663 -76.738213 17.108974
v 0.574210 -76.392250 16.322647
v 1.787256 -76.667160 14.801506
v 2.869308 -76.772270 13.771238
v 3.907172 -76.896858 12.690562
v 4.296648 -75.417130 10.377864
v 2.401905 -73.974220 9.198787
v 3.711413 -73.408821 7.573807
v 2.053648 -71.908821 5.401707
v 2.002672 -70.294754 3.690218
v 1.530937 -68.728363 2.445657
v 1.426699 -67.016510 1.284445
v 1.048692 -65.962547 0.884380
v 0.870139 -64.896118 0.566271
v 0.293279 -63.465347 0.201163
v -0.951323 -63.129158 0.206034
v 2.252247 -63.183983 0.146161
v 5.096138 -62.353737 0.111720
v 6.466929 -60.842815 -0.008494
v 6.672164 -59.513359 -0.061547
v 7.340102 -57.963131 -0.068930
v 8.109196 -56.365318 -0.042100
v 8.903826 -54.786106 -0.033679
v 9.555919 -53.280621 -0.039162
v 10.496528 -51.501881 -0.046346
v 10.853528 -49.840527 -0.024295
v 10.312424 -49.201088 -0.039214
v 12.439456 -47.730785 0.101565
v 13.286385 -45.400776 0.227633
v 12.456172 -44.716946 0.153972
v 14.478098 -43.244808 0.392437
v 15.262333 -41.446182 0.490248
v 16.132416 -39.762985 0.605294
v 17.070267 -38.111889 0.743717
v 18.020357 -36.511971 0.892436
v 18.981445 -34.925117 1.018010
v 19.950617 -33.322975 1.142825
v 20.877520 -31.690744 1.228865
v 21.756922 -30.015387 1.367874
v 22.432096 -28.197262 1.606800
v 21.401953 -27.497946 1.713214
v 22.195969 -25.915745 1.693928
v 21.741306 -23.661814 1.780538
v 20.266193 -23.617968 1.874274
v 19.532074 -24.045637 1.897503
v 20.807161 -22.560650 1.873724
v 20.384014 -21.539513 1.911780
v 21.564886 -21.448177 1.839898
v 22.966688 -20.495890 1.721837
v 22.824446 -18.741833 1.756048
v 21.571466 -18.009018 1.834203
v 21.638891 -16.242285 1.766503
v 20.234711 -16.396923 1.848565
v 22.284187 -14.122437 1.670936
v 21.777071 -12.593055 1.467193
v 21.625854 -11.103954 1.291750
v 20.793449 -10.041042 1.163292
v 6.250604 -52.073753 37.675659
v 7.213949 -51.778362 37.944237
v 6.825515 -50.375324 37.400616
v 6.861275 -49.183556 36.963882
v 8.002590 -49.243275 37.619560
v 9.216205 -48.353477 37.467075
v 9.807761 -47.060886 37.271614
v 9.315870 -46.278435 36.823013
v 10.903300 -45.563496 37.025013
v 11.531229 -44.024921 36.671829
v 11.819863 -42.916756 36.268143
v 13.883906 -42.627262 36.689240
v 14.481111 -40.486137 36.088047
v 13.888350 -39.676659 35.907177
v 13.546589 -38.739029 35.732281
v 14.787201 -37.758251 35.461330
v 15.537352 -36.111191 35.030865
v 14.967589 -34.721405 34.633175
v 15.713476 -32.912594 34.196125
v 15.146537 -31.717772 33.952419
v 16.629089 -30.560280 33.845436
v 16.785671 -28.184048 33.321640
v 16.346769 -27.153204 33.021839
v 15.835785 -26.030460 32.779881
v 15.717987 -24.053478 32.408241
v 14.240254 -24.209471 32.462070
v 14.378272 -23.099163 32.286415
v 15.827688 -21.980158 31.799076
v 15.472968 -20.871029 31.723162
v 16.390594 -20.587568 31.709587
v 15.954504 -19.386801 31.386539
v 17.754002 -19.236832 31.197384
v 18.157078 -17.297649 30.758900
v 17.689341 -15.887896 30.554995
v 16.620790 -15.225556 30.564592
v 17.510725 -13.711937 30.162855
v 16.372475 -13.047188 30.023596
v 16.522802 -12.085422 29.903967
v 18.557570 -11.532211 29.461720
v 19.470062 -9.876170 29.474102
v 19.371178 -8.736417 29.386841
v 20.506170 -7.018642 29.289272
v 20.688017 -4.896414 28.982956
v 19.410290 -4.145711 28.662859
v 18.294647 -4.457660 28.604094
v 19.282963 -1.964633 28.068663
v 17.605984 -0.839310 27.663296
v 16.509821 -0.635668 27.434380
v 16.718779 0.151876 27.685520
v 17.782944 1.132500 27.176952
v 16.526621 1.783739 26.790993
v 17.011314 3.214554 26.469593
v 16.481483 4.187162 25.682655
v -10.310384 14.299935 20.696102
v -15.538117 14.792197 13.924646
v -15.325979 14.694619 15.488421
v -15.064827 14.634335 16.299879
v -14.604300 16.429520 18.310026
v -15.140740 16.116030 17.505186
v -15.667553 15.891533 16.249170
v -12.406272 16.795010 19.849661
v -13.567756 17.655420 19.520220
v -14.537942 17.681549 18.854918
v -9.844543 16.177853 20.589663
v -11.335839 16.397352 20.143023
v -0.854738 16.165817 20.180151
v -2.830518 16.004616 20.977823
v -4.616155 15.919844 21.296314
v -6.251924 15.941088 21.323574
v -7.824327 16.129831 21.127014
v 4.911423 13.986593 18.177444
v 2.480163 16.450687 17.579922
v 1.243115 16.532642 18.676279
v 0.743614 16.024326 19.416874
v 16.916122 5.566011 25.168589
v 16.981625 6.821597 24.673733
v 16.666714 7.365359 24.267052
v 15.515912 7.980767 23.992599
v 14.349488 7.148340 23.945383
v 13.620038 7.572050 23.647509
v 13.897099 9.134000 22.961584
v 12.883280 9.963959 22.328114
v 12.506649 10.361190 21.905939
v 12.879785 11.451469 21.250595
v 11.385656 11.987891 20.465242
v -0.044561 13.165922 1.280894
v -1.985599 13.191315 1.509878
v -3.791115 13.386295 1.818123
v -4.963392 13.145565 2.035547
v -6.022802 12.897387 2.361036
v -8.016865 13.122056 3.093321
v -9.870305 13.364637 3.997712
v -10.618536 13.134910 4.527598
v -11.230895 12.971444 5.165604
v -12.566621 13.318432 6.706977
v -13.068616 13.037663 7.647294
v -13.356340 12.700778 8.482977
v -14.059508 14.453892 8.769207
v -14.539743 14.607124 10.476220
v -14.564166 14.845524 11.357789
v -15.343371 16.116735 11.832559
v -15.156438 15.735170 12.458424
v -16.114849 16.135715 13.131045
v 4.786559 13.578707 2.183431
v 3.563897 13.289328 1.357450
v 2.288408 12.967661 1.053836
v 19.875277 -9.023019 1.042154
v 21.304899 -7.018554 0.750207
v 20.659204 -4.942766 0.531932
v 19.612936 -3.875826 0.419317
v 18.598892 -2.497582 0.272161
v 17.617821 -1.428745 0.135823
v 18.634748 0.584881 0.024872
v 17.904339 2.122975 -0.010777
v 17.125372 3.472275 -0.025635
v 16.646578 5.819341 -0.019028
v 15.111863 6.002193 -0.021255
v 15.395878 7.564896 0.054558
v 14.087364 9.240512 0.195250
v 12.443277 9.545048 0.737750
v -1.955081 -64.538513 36.259880
v -0.508740 -62.459801 37.333282
v -0.935087 -64.311462 37.301491
v 0.117589 -60.634911 37.368683
v -0.246306 -60.061478 36.913628
v 0.789067 -58.777168 37.311741
v 1.514535 -56.971741 37.198524
v 2.412347 -55.343182 37.056469
v 4.634227 -55.156483 37.930283
v 6.615948 -54.576790 38.737286
v 6.084091 -53.668228 38.184212
v 6.879752 -53.320923 38.220020
v -2.589492 -73.635788 34.486103
v -2.453265 -75.025558 34.372555
v -2.257801 -75.445679 33.547905
v -1.919861 -66.013359 36.428177
v -2.278219 -67.109978 35.952335
v -2.257972 -68.904655 35.781734
v -2.285666 -70.327950 35.540089
v -1.878219 -72.317200 35.962936
v -1.653450 -73.422249 35.313595
v -2.488865 -76.802032 33.441170
v -2.427095 -76.787025 32.660633
v -2.356177 -78.102890 31.749130
v -2.438277 -78.353462 29.472010
v -2.382961 -78.413666 27.610106
v -2.199186 -78.300262 25.840891
v -2.121282 -78.012718 24.437744
v -1.255359 -78.566963 22.419189
v -0.827819 -78.443153 21.203236
v -0.427086 -78.301979 20.197676
v 0.365886 -78.281448 18.685104
v 1.401054 -78.541550 17.373854
v 1.857440 -77.926384 16.276779
v 3.236029 -78.291489 14.871199
v 3.597789 -77.792595 14.065509
v 4.927516 -79.380798 13.813057
v 5.886431 -78.136345 12.059863
v 5.131991 -76.796257 11.680945
v 6.101680 -76.677979 10.752876
v 6.403345 -74.957619 8.394195
v 5.289148 -73.423126 7.024552
v 4.751209 -72.124313 5.313693
v 3.373958 -72.084473 5.393696
v 3.882856 -70.738174 3.774708
v 3.759475 -68.988846 2.317256
v 2.634519 -68.843704 2.392100
v 3.304688 -67.310341 1.355819
v 2.905007 -66.007813 0.801664
v 2.371541 -65.023727 0.506561
v 4.431523 -64.899445 0.453710
v 7.179267 -63.822655 0.263501
v 6.692108 -62.672680 0.125438
v 7.875783 -61.785751 0.083477
v 8.637634 -59.779133 -0.014395
v 9.331503 -58.095341 -0.035040
v 10.133439 -56.420380 -0.032631
v 10.941172 -54.737999 -0.031251
v 11.698714 -53.007698 -0.020129
v 11.433351 -52.141129 -0.020095
v 13.004365 -50.665375 0.038526
v 12.413896 -49.357655 0.007401
v 14.396583 -47.857327 0.188587
v 14.964837 -45.420570 0.371331
v 14.768465 -44.269539 0.392285
v 16.442923 -43.203068 0.576909
v 17.239210 -41.412430 0.627478
v 18.129480 -39.739620 0.693541
v 19.067499 -38.113155 0.789062
v 20.013416 -36.508862 0.895258
v 20.980167 -34.917568 1.003127
v 21.950441 -33.322823 1.116218
v 22.897085 -31.686762 1.164249
v 23.822611 -29.990904 1.255045
v 24.640682 -28.169373 1.406877
v 24.332340 -27.024330 1.551788
v 23.384216 -26.712271 1.619275
v 24.434780 -25.284836 1.535451
v 23.661360 -23.598331 1.630364
v 23.106277 -22.288109 1.737009
v 21.808872 -22.489895 1.816262
v 24.791286 -21.318010 1.506872
v 24.567427 -19.168995 1.528929
v 24.180374 -17.427410 1.567769
v 23.056995 -17.520599 1.728638
v 22.364010 -17.409119 1.769964
v 23.044582 -16.384094 1.706798
v 23.581381 -14.597780 1.506074
v 24.167646 -12.579515 1.209446
v 23.279848 -11.543501 1.213004
v 22.682486 -10.130191 1.082770
v 21.970881 -9.105655 0.997519
v 8.209115 -53.143791 38.997494
v 8.598752 -51.651257 38.625233
v 8.932088 -50.267673 38.193275
v 7.673246 -50.424995 37.833782
v 9.120403 -49.122559 37.920437
v 10.413450 -48.682816 38.170967
v 10.231155 -47.714878 37.789665
v 11.362885 -46.998631 37.793224
v 11.653538 -46.087128 37.630051
v 12.736095 -45.915623 37.710575
v 12.532816 -44.302319 37.073250
v 12.361004 -43.300472 36.760921
v 13.923777 -44.468288 37.460838
v 15.525016 -43.981457 37.397808
v 16.223522 -42.243252 36.867081
v 15.691257 -40.926842 36.395798
v 15.958808 -39.411667 35.999287
v 14.966480 -38.700813 35.895958
v 16.825117 -37.705547 35.527859
v 17.655781 -35.862942 35.104000
v 16.995932 -34.981388 34.911457
v 16.492495 -34.050632 34.695721
v 17.937208 -32.754475 34.227962
v 17.194075 -31.739901 34.055286
v 18.641968 -30.544731 33.979107
v 18.960737 -28.147034 33.398293
v 18.776297 -26.549196 33.041645
v 17.667339 -26.056959 32.844105
v 17.795349 -24.231096 32.409348
v 17.535908 -22.588800 32.162464
v 15.898035 -22.931583 32.180889
v 17.604395 -21.079498 31.658506
v 19.140970 -20.352068 31.262354
v 19.642820 -19.123531 30.968718
v 19.636173 -17.805479 30.774422
v 19.533735 -16.487034 30.547096
v 18.554211 -16.264185 30.473747
v 19.222548 -15.218456 30.399691
v 19.739138 -13.668465 30.134706
v 18.499611 -12.862590 29.705454
v 17.687813 -12.344363 29.852091
v 20.126898 -12.435851 29.597944
v 19.818035 -11.573368 29.455059
v 20.863420 -10.544954 29.555199
v 21.399397 -8.433254 29.645895
v 22.025473 -6.718420 29.692757
v 21.906717 -5.290858 29.448677
v 21.930689 -3.397366 28.913120
v 20.721491 -2.509756 28.512806
v 20.508364 -0.845304 28.033045
v 19.731173 0.392158 27.638584
v 17.496504 0.328978 27.786715
v 19.647152 2.369822 27.163570
v 18.456507 2.781157 26.827230
v 18.813269 4.239564 26.204161
v 17.589773 4.758719 25.876934
v -16.216654 16.130459 14.534529
v -15.583226 18.024487 17.878105
v -16.047405 17.571230 16.630262
v -16.764044 17.539141 14.536006
v -11.399452 17.976191 20.170843
v -13.196575 19.196827 19.764055
v -14.927943 19.556246 18.801922
v -16.080116 19.412291 17.731207
v -8.667584 17.863829 20.455830
v -9.868765 17.932934 20.475224
v -10.370271 17.758858 20.170055
v -0.300944 17.657022 18.889717
v -2.055346 18.279175 19.605829
v -3.156204 17.752039 20.289902
v -4.621022 17.541794 20.775181
v -5.949577 17.197792 20.977478
v -7.326207 17.366377 20.898998
v 4.520101 15.861900 15.730840
v 2.392103 17.985516 15.841463
v 1.225052 18.186701 17.128117
v 0.835578 17.678434 17.987616
v 18.693502 5.868814 25.416964
v 18.233322 7.253925 24.557337
v 17.694754 8.271769 24.353727
v 17.198332 8.409870 23.920887
v 17.194534 9.903476 23.748129
v 15.235582 9.890298 23.041489
v 14.539256 8.582225 23.431751
v 14.497616 9.977638 22.552990
v 14.143624 10.792353 22.246456
v 14.750498 11.897243 21.411217
v 13.957440 13.224665 20.778706
v 12.582677 13.125956 20.154966
v 12.303536 12.130269 20.576082
v 11.778615 13.072115 19.862530
v 11.363886 14.125268 19.051128
v 10.769077 16.413609 17.303581
v 0.823907 14.899220 1.587204
v -1.481020 15.049478 1.605989
v -3.363478 14.828293 1.817885
v -5.395566 14.968095 2.174298
v -6.523363 14.462701 2.456630
v -8.495754 14.579397 3.094741
v -10.123103 14.722578 3.826816
v -11.463019 14.919531 4.587725
v -11.892826 14.319569 5.101804
v -13.096091 14.825772 6.251792
v -13.626663 14.706108 7.322634
v -14.589052 16.193344 7.582691
v -15.117839 16.319908 9.262522
v -15.150307 15.811282 10.568806
v -15.949935 17.610060 10.549948
v -16.542698 17.663094 12.516024
v 2.989161 15.291450 1.966382
v 23.322943 -7.059505 0.673732
v 22.679777 -4.968484 0.492497
v 21.841799 -3.890345 0.417913
v 20.809467 -2.416625 0.289821
v 19.661076 -1.417399 0.180199
v 20.670782 0.673333 0.068427
v 19.957712 2.244732 0.025411
v 19.393187 3.839125 -0.000537
v 18.638000 5.856623 0.004738
v 18.153072 7.204276 0.025495
v 16.748446 7.250841 0.027813
v 16.672983 8.760641 0.141722
v 15.382439 10.218204 0.352160
v 14.160107 11.512257 0.603003
v 13.342505 10.900317 0.612809
v 12.725971 12.790132 1.097364
v 11.578329 14.089776 1.574834
v -1.135890 -66.024590 37.330318
v 0.255402 -64.160583 38.449879
v 0.586114 -62.426723 38.204292
v 0.867222 -61.055115 37.999596
v -0.098911 -66.033638 38.441666
v 1.485342 -59.603321 38.000031
v 2.234491 -58.245632 38.107826
v 2.290216 -57.243805 37.868778
v 3.300950 -55.948177 37.986465
v 4.765732 -57.022739 38.641079
v 6.130780 -56.152126 38.878590
v 7.789948 -56.127934 39.718056
v 8.179999 -54.651054 39.818802
v -1.784947 -74.908890 36.202999
v -1.631867 -75.140625 34.934788
v -1.592479 -76.630829 34.667130
v -1.349807 -67.536293 37.189289
v -1.557830 -68.993675 36.932831
v -1.550259 -70.752731 36.821194
v -1.144347 -72.704468 37.400974
v -1.472705 -73.499741 36.794476
v -1.739784 -78.578323 33.672791
v -1.829151 -80.169113 32.405640
v -1.936084 -80.212395 30.641821
v -1.986660 -79.829544 29.238600
v -1.867523 -79.896423 27.393770
v -1.448998 -80.085823 25.258619
v -1.070720 -79.664627 23.481125
v -0.096255 -80.213806 21.557144
v 0.500295 -79.943512 20.076097
v 1.038508 -79.546219 18.772848
v 2.010962 -79.763344 17.480917
v 2.867069 -79.649529 16.280571
v 3.623278 -79.386154 15.253202
v 4.726927 -81.129669 14.941340
v 5.735293 -81.027962 13.844502
v 6.594033 -80.861366 12.928719
v 6.206552 -79.537498 12.649648
v 7.374290 -79.627541 11.675338
v 7.326293 -77.815506 10.716475
v 7.162415 -76.602066 9.869845
v 8.623260 -76.698456 8.896432
v 8.606259 -74.765785 7.032469
v 7.274598 -73.578941 6.142171
v 6.313381 -73.571579 6.687176
v 6.385743 -72.298737 4.975311
v 6.006004 -70.684792 3.503831
v 5.585643 -69.129089 2.186304
v 5.166835 -67.622154 1.323060
v 4.888419 -66.437172 0.832460
v 6.690614 -66.245575 0.791072
v 9.330859 -65.451530 0.531204
v 9.290223 -63.682404 0.225711
v 8.569664 -62.824024 0.143174
v 10.057838 -61.818542 0.095131
v 10.427031 -60.088982 0.025743
v 11.263709 -58.321117 -0.028676
v 12.097826 -56.502926 -0.030499
v 12.936394 -54.744347 -0.001560
v 13.716772 -52.904461 0.024983
v 13.446128 -51.805691 0.034988
v 15.095001 -50.442787 0.131991
v 14.710657 -49.169937 0.158767
v 16.406544 -47.810780 0.275025
v 16.871258 -45.421570 0.469156
v 16.641653 -44.259754 0.545812
v 18.407482 -43.181152 0.707645
v 19.225561 -41.403770 0.719457
v 20.123787 -39.721710 0.750426
v 21.054134 -38.097107 0.809792
v 21.999731 -36.499908 0.857987
v 22.974998 -34.897209 0.918964
v 23.933762 -33.312424 0.983213
v 24.861622 -31.693399 1.047712
v 25.779297 -30.043455 1.103501
v 26.706749 -28.157427 1.193067
v 26.533541 -26.724640 1.286642
v 25.518694 -26.194553 1.427006
v 26.605825 -24.316248 1.317426
v 25.453911 -23.007349 1.437308
v 27.139093 -21.171562 1.236998
v 26.260717 -19.468248 1.313858
v 26.194956 -17.399857 1.285392
v 25.382124 -16.296345 1.374384
v 24.412752 -16.279446 1.510051
v 25.234922 -14.988130 1.300030
v 25.842464 -12.612491 0.996465
v 25.572960 -11.081103 0.847404
v 24.713770 -10.139600 0.874587
v 23.887831 -9.179551 0.859219
v 8.870475 -53.735905 39.799377
v 9.790418 -53.115749 39.590618
v 9.594769 -51.843296 39.120251
v 9.447943 -50.924446 38.760784
v 11.098671 -50.186707 38.990608
v 11.200948 -48.908623 38.596622
v 12.026640 -48.027981 38.570580
v 12.625045 -47.048454 38.109791
v 13.888470 -47.313583 38.449753
v 14.904636 -45.636665 37.974380
v 17.045908 -45.120605 37.953152
v 17.223190 -43.516159 37.389965
v 17.689274 -42.069412 37.089901
v 17.155918 -41.366783 36.765064
v 16.694540 -40.901653 36.415668
v 17.838888 -39.259922 36.068695
v 18.816893 -37.665398 35.638332
v 18.818432 -36.453655 35.444759
v 19.076944 -35.133968 35.082230
v 18.280127 -34.059486 34.797390
v 20.025572 -32.964653 34.388245
v 19.260290 -31.749659 34.169041
v 20.623768 -30.563999 34.060104
v 20.829933 -28.276823 33.433285
v 20.610737 -27.037674 33.154522
v 20.609249 -25.618933 32.847801
v 19.578215 -24.485865 32.694252
v 19.560833 -22.622194 32.047329
v 19.024807 -21.408604 31.771910
v 20.889439 -20.657209 31.449060
v 20.449919 -19.606194 30.949327
v 21.620296 -18.209793 30.799322
v 21.165905 -16.393084 30.435986
v 20.265522 -15.849419 30.319029
v 21.316454 -14.708976 30.391047
v 21.814695 -13.006132 30.138508
v 21.963772 -11.443336 29.726309
v 22.112015 -10.242713 29.837107
v 23.447044 -8.937868 29.773415
v 23.330841 -7.009933 29.686081
v 23.344679 -5.344653 29.555489
v 23.422432 -3.382140 29.044518
v 22.692444 -1.956789 28.847185
v 21.832344 -1.545632 28.662531
v 21.361189 -0.774352 28.311073
v 21.755531 0.656099 27.980606
v 21.420080 2.383574 27.518509
v 21.113272 4.030433 26.795263
v 19.474234 3.552479 26.894991
v 20.002827 4.299857 26.410940
v 20.662525 5.821081 25.885883
v -16.878273 19.336721 16.481577
v -17.602375 19.662249 14.615148
v -17.533501 19.319523 12.677055
v -11.812460 20.699793 20.067125
v -10.501054 19.009506 20.291166
v -13.827656 21.266359 19.681143
v -14.645399 20.679623 19.243380
v -15.801741 21.214397 18.416365
v -16.808769 21.168020 17.341101
v -17.638655 20.848383 16.127310
v -6.882547 18.976118 20.468273
v -8.695666 19.424925 20.348892
v -9.543737 19.009714 20.346128
v -0.458129 19.561913 17.525080
v -1.780621 19.355934 18.844925
v -2.794928 19.422525 19.442968
v -3.836137 19.494982 19.852121
v -4.850089 18.931164 20.310207
v 3.956899 17.415745 14.035268
v 2.243668 19.456602 13.915790
v 1.463331 19.327127 15.475894
v 0.957652 19.143837 16.388863
v 19.607082 6.963911 25.479448
v 18.979635 7.044908 24.982124
v 19.412230 8.215777 24.530174
v 18.949322 9.655396 24.058014
v 18.594652 11.752516 23.980692
v 17.329584 11.709807 23.508984
v 16.462891 11.300247 22.955603
v 15.361273 11.227044 22.340719
v 15.971352 11.976428 22.001566
v 15.772607 13.387295 21.538387
v 14.763631 14.746208 20.981480
v 13.434695 14.622292 20.185686
v 13.429499 13.518773 20.239305
v 12.488298 14.407480 19.666624
v 12.593623 15.739518 19.325781
v 11.696993 15.920795 18.466429
v 10.504697 17.963240 15.449814
v 11.144728 18.192566 17.004974
v 11.771788 17.984692 17.925074
v 12.215865 17.189766 18.619013
v 1.254991 16.347355 1.915675
v -0.321952 16.629780 1.824232
v -1.745363 16.501850 1.771758
v -3.581475 16.507217 1.886726
v -5.088694 16.517113 2.118280
v -5.803310 16.029757 2.238397
v -7.465209 16.133375 2.566688
v -9.373300 16.163967 3.112175
v -10.780859 16.182821 3.756201
v -12.007709 16.099735 4.494570
v -13.142248 15.966077 5.477146
v -14.074246 16.216450 6.423017
v -14.975829 17.846294 6.492602
v -15.528929 17.671673 7.656777
v -15.564153 17.391670 8.726106
v -16.359383 19.063595 8.664869
v -16.990631 19.413050 10.808589
v -16.486469 18.791088 11.777915
v 2.632720 17.033323 2.587901
v 2.520572 16.453014 2.186125
v 2.151279 16.357920 2.021398
v 25.327745 -7.069111 0.522901
v 24.710419 -5.017316 0.388619
v 23.916630 -3.981592 0.352339
v 23.079144 -2.952692 0.295246
v 22.429068 -1.009691 0.144184
v 22.345238 1.337303 -0.004672
v 21.691833 2.228182 0.011173
v 21.378834 3.767823 0.006166
v 21.038706 5.849777 0.049867
v 20.337208 6.895907 0.069078
v 19.233517 8.313536 0.147600
v 17.995310 8.541643 0.126942
v 17.854841 10.189939 0.336274
v 16.537708 11.574286 0.572932
v 15.227817 12.858729 0.786518
v 14.030201 12.944618 0.896311
v 14.036808 14.470422 1.372126
v 12.573854 15.953877 2.293260
v 12.090086 17.707829 3.545771
v 2.466662 18.290472 3.247601
v 1.427077 17.607494 2.414498
v -0.396671 -67.691498 38.380733
v 1.467658 -62.898914 39.121246
v 1.379979 -64.738495 39.642910
v 0.976964 -66.117905 39.560535
v 1.961504 -60.977100 38.740776
v 1.853195 -60.106300 38.393429
v 0.818863 -67.938660 39.758251
v 3.128242 -58.894917 38.788937
v 3.361832 -57.119507 38.405937
v 4.693448 -58.669350 39.364719
v 5.728367 -58.432430 39.819725
v 6.729567 -57.549843 39.599804
v 8.590073 -57.776096 40.744026
v 9.322260 -56.124107 40.360249
v 9.142324 -55.229046 40.097496
v 9.730434 -54.027817 40.217873
v -0.950892 -74.190605 37.460930
v -0.943385 -75.741135 37.373108
v -1.413073 -76.755020 36.843567
v -1.693852 -76.681053 35.958988
v -0.885099 -78.135933 35.949738
v -1.238969 -78.507172 34.786880
v -0.680012 -69.468170 38.198399
v -1.091305 -70.248161 37.601959
v -0.504715 -71.848358 38.527409
v -0.383039 -74.224800 38.728951
v -1.418709 -79.420685 34.531994
v -1.205505 -80.417580 33.907158
v -1.397490 -81.484962 32.600224
v -1.993877 -81.176117 32.394665
v -1.628881 -81.672333 30.835251
v -1.559371 -81.414459 28.771345
v -1.569332 -81.094620 27.384584
v -0.985751 -81.680740 25.462622
v -0.476706 -81.721283 23.926857
v -0.424340 -81.121414 23.320122
v 0.335792 -81.416199 21.805647
v 1.133472 -81.511429 20.261372
v 1.896684 -81.678329 19.019535
v 2.548930 -81.326424 17.802523
v 3.373406 -80.977676 16.460485
v 4.636415 -82.907776 15.830347
v 5.936268 -83.061508 14.410669
v 6.648522 -82.395699 13.484292
v 7.729128 -82.195168 12.409267
v 7.569811 -80.963257 12.099249
v 8.592178 -80.899353 11.267580
v 8.207857 -79.809822 11.092989
v 8.667750 -78.945694 10.344371
v 10.155486 -78.160065 9.015073
v 10.026282 -76.860153 8.369587
v 10.519252 -75.448357 6.805772
v 9.513318 -73.362045 4.993431
v 8.287444 -73.500076 5.596211
v 7.905209 -72.267662 4.225031
v 7.844450 -70.736298 3.151424
v 7.544052 -69.176956 2.056230
v 6.827497 -67.884903 1.316297
v 9.026286 -67.697121 1.222938
v 11.208151 -66.805603 0.792740
v 11.359392 -65.303719 0.450455
v 11.132084 -63.708824 0.252684
v 10.614817 -62.684799 0.156439
v 12.127246 -61.394196 0.101840
v 11.588399 -60.265163 0.009797
v 13.079698 -58.866329 0.002935
v 14.060780 -56.665527 -0.007512
v 14.926506 -54.781265 0.011137
v 15.700310 -52.880180 0.047972
v 15.440498 -51.712288 0.078182
v 17.079411 -50.388435 0.158207
v 16.734329 -49.087536 0.207805
v 18.392935 -47.785683 0.312261
v 18.843645 -45.398254 0.515215
v 18.607433 -44.248474 0.644176
v 20.399578 -43.176083 0.751241
v 21.226526 -41.397030 0.748546
v 22.110907 -39.714054 0.760171
v 23.046150 -38.097950 0.768731
v 24.005901 -36.486450 0.789737
v 24.966103 -34.902481 0.806627
v 25.913021 -33.296844 0.840948
v 26.855186 -31.674265 0.873448
v 27.735435 -30.042492 0.910211
v 28.446648 -28.455612 0.978728
v 28.814285 -26.609858 1.045404
v 27.585514 -25.986494 1.195103
v 28.770466 -23.997177 1.086044
v 27.926941 -22.606781 1.169844
v 29.278589 -20.984606 0.965639
v 28.626066 -19.545916 0.997536
v 27.980293 -18.181000 1.038810
v 27.908510 -15.781647 0.968461
v 26.709124 -15.390822 1.154665
v 27.892195 -13.226284 0.800528
v 27.580051 -11.171305 0.632981
v 26.745440 -10.071785 0.644060
v 25.961042 -9.099530 0.641890
v 11.393628 -53.278458 40.174294
v 10.630990 -52.028061 39.632198
v 11.874475 -51.520393 39.651279
v 11.884460 -50.657990 39.601936
v 13.063023 -50.478355 39.504360
v 13.082384 -48.942562 38.954170
v 15.336471 -48.872318 39.186966
v 16.367640 -46.826427 38.680847
v 17.647539 -45.878391 38.627571
v 19.205957 -45.157616 38.029503
v 18.536209 -43.736076 37.496071
v 18.212315 -42.806713 37.395004
v 19.090286 -41.800537 37.038582
v 18.266891 -40.350883 36.663826
v 20.185341 -39.258293 36.142151
v 20.455790 -37.726898 35.877453
v 19.813679 -36.793915 35.493893
v 20.819155 -35.362400 35.095749
v 19.719152 -34.077038 34.863979
v 22.142872 -32.895695 34.311367
v 21.268421 -31.777046 34.237415
v 22.582510 -30.604298 34.001675
v 22.734116 -28.284508 33.304234
v 22.299328 -27.203535 33.105083
v 22.109051 -26.151628 32.891045
v 22.477001 -24.274862 32.490967
v 21.663130 -22.739914 32.146366
v 22.646315 -20.826931 31.609177
v 22.806616 -19.463133 31.140665
v 24.148771 -17.758167 30.704998
v 23.354122 -16.523371 30.517147
v 22.290068 -16.563692 30.467468
v 22.883438 -15.293612 30.285906
v 23.912983 -13.661760 30.200829
v 23.575733 -11.739774 29.932619
v 23.203363 -10.418636 29.694481
v 24.794971 -10.221324 29.667124
v 25.777258 -8.561779 29.284327
v 25.036077 -7.059636 29.410147
v 24.943525 -5.448517 29.123959
v 25.195656 -3.492846 28.693249
v 24.715782 -1.578387 28.458672
v 23.469616 -1.354094 28.732653
v 22.400278 -0.091931 28.561378
v 23.918188 0.810113 27.920353
v 23.176546 2.399455 27.683266
v 22.414110 3.210412 27.625509
v 21.957644 3.490361 27.414392
v 22.909498 3.938194 26.949333
v 22.570459 5.455340 26.134321
v 21.434410 5.104877 26.394108
v 22.519257 7.038697 25.412548
v 21.203524 7.377873 25.357380
v 20.549484 8.107405 25.095879
v -17.929304 20.572252 15.248213
v -18.369551 20.967316 12.683663
v -18.906340 22.337927 13.899889
v -18.293432 21.101564 10.753401
v -9.790070 20.560995 20.326305
v -10.471030 22.405497 20.073170
v -11.938491 22.688305 19.942835
v -13.290035 22.512486 19.717199
v -14.698222 22.692514 19.381603
v -15.670422 22.261276 18.799664
v -16.940325 22.440310 17.729345
v -17.643883 22.438522 16.852100
v -18.295101 22.218069 15.792642
v -5.758700 20.793760 20.045641
v -7.451441 20.965851 20.250597
v -8.401375 20.525883 20.251280
v 0.260170 20.733143 15.643222
v -1.112423 21.266558 16.819677
v -1.863995 21.259556 17.545923
v -2.534132 20.831339 18.363901
v -3.575438 20.484789 19.326073
v -4.525202 20.783077 19.726662
v 0.541343 22.603928 12.393798
v 20.577908 9.865681 24.289282
v 20.516247 11.888206 23.842751
v 19.557610 13.169286 23.895006
v 18.514784 13.499029 23.679216
v 17.618601 12.923792 23.184418
v 16.583176 12.609334 22.584379
v 17.029051 13.516591 22.199776
v 16.855850 14.717501 21.667982
v 15.843174 14.956864 21.576649
v 15.333590 16.359581 21.278500
v 14.172739 16.105225 20.533258
v 13.444553 16.005304 19.992203
v 13.635719 17.451426 19.984135
v 10.579100 20.026237 15.131189
v 11.347336 19.694637 16.929674
v 11.920855 19.065397 17.907387
v 13.075227 19.126448 19.287394
v -0.406004 17.817572 2.096956
v -2.052326 17.949865 1.940833
v -4.040664 18.233673 1.920823
v -5.980534 18.151310 2.059164
v -7.850017 17.745605 2.425696
v -9.595351 17.455685 2.956981
v -11.727131 18.021957 3.686553
v -12.641497 17.420738 4.312149
v -13.554580 17.336786 5.084478
v -14.296571 19.149033 4.879690
v -15.801386 19.574509 6.299584
v -16.063036 19.335739 7.172220
v -16.923855 20.815491 7.267929
v -17.410706 20.727585 9.065186
v -17.182615 20.294395 10.031951
v 27.343979 -7.074171 0.351373
v 26.731897 -5.034418 0.233311
v 25.903027 -4.058630 0.220123
v 25.091927 -3.001120 0.184832
v 24.602318 -0.932487 0.114964
v 23.821362 1.279637 -0.014591
v 23.479637 2.738166 -0.095820
v 22.547783 3.174360 -0.058371
v 23.455494 5.150814 -0.023783
v 22.285036 6.757859 0.076593
v 21.578285 7.838129 0.121478
v 20.778828 9.591269 0.284279
v 19.317802 9.943511 0.316529
v 19.403753 11.709080 0.555613
v 17.754810 13.049511 0.830012
v 16.293552 14.346735 1.142572
v 15.160213 14.449869 1.220841
v 15.060408 15.893018 1.792134
v 13.897487 16.004501 1.985947
v 14.144038 17.364302 2.567150
v 13.122914 19.212095 3.809028
v 0.861573 19.699509 3.052196
v -0.731263 19.345100 2.415086
v 0.252543 -69.295853 39.411659
v 2.263383 -63.925289 40.130280
v 2.778616 -62.588676 39.906528
v 2.901156 -61.409168 39.528294
v 1.984007 -66.281670 40.484104
v 3.044158 -65.423676 41.029011
v 1.952315 -67.669884 40.780201
v 3.151871 -60.209511 39.285797
v 1.152014 -69.522202 40.479546
v 2.260778 -69.442612 41.428448
v 4.395623 -60.172943 39.874989
v 5.373229 -59.323090 39.851990
v 6.236384 -59.860764 40.642204
v 7.042112 -58.642086 40.469360
v 8.120246 -59.644451 41.395569
v 9.644695 -59.278492 41.838875
v 9.909344 -57.894753 41.616238
v 10.499471 -56.499828 41.106457
v 10.497508 -55.050007 40.570614
v 9.623944 -55.436581 40.374474
v -0.551816 -75.412262 38.321461
v -0.537894 -76.818504 38.061600
v -0.472296 -76.814430 37.227711
v -0.880495 -78.152412 37.549454
v -0.407675 -80.058128 36.860561
v -0.928655 -79.680016 35.228321
v 0.187231 -70.946678 39.495033
v 0.449606 -72.626518 39.992683
v 0.298665 -74.210548 39.961044
v 0.087051 -75.306168 39.623600
v 0.023797 -76.728386 39.298126
v -0.622600 -81.545937 35.285381
v -0.972959 -82.867653 33.348961
v -1.199315 -82.960976 31.298874
v -1.185358 -83.237495 29.537767
v -1.036139 -83.023163 28.125719
v -0.995830 -82.606026 26.470318
v -0.195920 -83.418388 24.690996
v 0.144746 -83.079002 23.592583
v 0.706196 -82.818680 22.160158
v 1.837202 -83.142067 20.142147
v 2.274736 -82.686928 19.115826
v 3.059968 -82.907005 17.952126
v 3.714759 -82.931641 17.045198
v 4.579460 -84.531525 16.582813
v 5.801633 -84.791000 15.181845
v 6.495985 -84.451668 14.331166
v 7.456530 -84.165062 13.306836
v 8.479752 -83.701416 12.291449
v 8.676478 -82.487785 11.771234
v 9.952163 -82.608894 10.954564
v 9.892193 -80.956223 10.419044
v 9.319368 -80.139389 10.438162
v 10.190958 -79.779663 9.769686
v 11.618333 -79.250908 8.731194
v 10.957037 -78.251366 8.636104
v 11.093433 -77.409325 8.103912
v 12.399281 -76.543404 6.785619
v 12.220678 -74.786133 5.502007
v 11.539679 -73.114754 4.301027
v 10.504481 -72.109627 3.499235
v 9.347220 -72.132591 3.743242
v 9.826293 -70.893997 2.837907
v 9.473862 -69.348885 1.938738
v 12.018626 -68.927132 1.562724
v 13.354475 -66.697342 0.734695
v 12.676926 -65.479080 0.506295
v 13.017719 -63.726746 0.279371
v 12.609230 -62.570023 0.182791
v 14.165036 -61.333668 0.127661
v 13.712396 -60.052822 0.049893
v 15.450423 -58.783630 0.040730
v 16.096617 -56.769222 0.016451
v 16.910641 -54.838100 0.025409
v 17.679331 -52.882236 0.057992
v 17.422112 -51.692493 0.099593
v 19.078588 -50.380840 0.143789
v 18.730450 -49.067265 0.234782
v 20.390614 -47.781067 0.298053
v 20.831667 -45.393230 0.516577
v 20.589212 -44.237640 0.650292
v 22.377531 -43.163143 0.707907
v 23.218794 -41.402447 0.704263
v 24.111101 -39.731686 0.686353
v 25.050688 -38.083618 0.686057
v 25.996115 -36.488125 0.686438
v 26.949476 -34.888412 0.691698
v 27.919571 -33.281944 0.686363
v 28.835489 -31.677982 0.682786
v 29.701561 -30.036125 0.703865
v 30.537678 -28.213968 0.744660
v 30.230694 -27.043419 0.865927
v 30.400164 -25.277500 0.903634
v 30.533775 -23.424900 0.922999
v 29.914637 -22.372124 0.959088
v 31.252129 -20.834740 0.770640
v 30.662025 -19.382067 0.761250
v 30.070360 -17.870995 0.790790
v 29.449535 -15.886363 0.766903
v 28.893990 -14.525174 0.756247
v 30.168274 -13.080020 0.528437
v 29.571466 -11.194128 0.444559
v 28.746429 -10.185743 0.451434
v 27.970449 -9.133987 0.452539
v 12.722916 -54.667927 41.017536
v 12.492983 -53.446796 40.459110
v 13.271316 -52.353870 40.130062
v 14.960545 -50.853504 39.967709
v 17.019003 -49.822769 39.721020
v 16.691185 -48.856388 39.328255
v 17.692516 -47.948315 39.085976
v 18.473097 -46.325691 38.757671
v 19.918892 -47.033627 38.669125
v 21.194002 -45.462975 37.954487
v 20.924356 -43.706841 37.429333
v 19.754387 -43.222435 37.370632
v 20.946247 -41.739147 36.891594
v 20.329708 -40.288685 36.604435
v 21.844154 -39.758999 36.301159
v 22.431635 -38.114349 35.886494
v 21.692345 -36.858097 35.618855
v 22.877277 -36.301624 35.169685
v 23.295921 -34.443165 34.546112
v 23.992340 -32.682030 34.011978
v 23.190809 -31.775967 34.067348
v 24.156107 -30.921915 33.850426
v 24.911633 -28.647318 32.955231
v 24.454578 -26.684509 32.676144
v 23.440674 -26.287704 32.777931
v 24.307920 -24.623476 32.316071
v 23.789541 -22.557898 31.918276
v 23.365664 -21.345045 31.650309
v 24.695629 -19.969927 31.129543
v 26.264999 -17.713177 30.495380
v 25.678570 -16.062710 30.387201
v 24.446699 -16.373461 30.512571
v 24.400509 -15.274485 30.428352
v 25.422590 -14.564315 30.206459
v 26.168602 -13.259237 29.853968
v 25.410578 -11.808387 29.796223
v 27.065723 -10.118360 29.164473
v 27.540749 -8.108466 28.692562
v 26.723156 -6.977251 28.739902
v 26.481178 -5.535926 28.590872
v 26.347265 -4.175610 28.403011
v 26.997992 -2.521154 27.810513
v 26.087326 -1.211449 27.899197
v 25.630205 0.478367 27.538761
v 23.707150 -0.151695 28.498724
v 25.425472 2.231184 26.957254
v 24.316423 2.257562 27.359547
v 24.588829 3.567135 26.677679
v 24.350277 5.246683 25.902433
v 24.327475 7.212289 25.049007
v 23.294521 8.597764 24.790451
v 21.676411 8.175194 25.168972
v 20.859915 8.099288 25.546919
v 21.670059 9.591244 24.668684
v -18.926685 22.504305 11.549678
v -19.447016 24.213243 11.561675
v -20.085215 24.454960 13.584916
v -19.519840 24.183552 15.335963
v -18.105280 23.827374 16.800188
v -18.057796 22.213779 8.380653
v -19.196037 24.042500 9.228222
v -8.632546 22.179771 20.131374
v -9.484784 24.347252 19.951815
v -11.336223 24.028028 19.841112
v -12.970880 23.950577 19.623041
v -14.604274 23.928061 19.282003
v -16.095882 23.721870 18.846909
v -17.104811 23.684383 18.095661
v -4.523523 22.153688 18.994150
v -6.243715 22.614132 19.692211
v -7.266412 22.187679 20.139189
v -0.647487 22.590954 15.102642
v -1.298091 22.348558 16.245216
v -2.245571 22.421160 17.130239
v -3.006626 22.135857 17.936733
v -1.622969 26.184729 11.285342
v -1.141326 24.734529 13.343874
v -1.253547 23.972069 14.715840
v 22.495756 11.604113 23.672293
v 21.536985 13.342063 23.407639
v 20.545294 14.306780 23.474470
v 19.239540 14.568803 23.419704
v 18.462896 14.602358 23.285479
v 17.674047 14.503261 22.761126
v 17.794136 16.316555 21.886559
v 16.413776 16.020672 21.765541
v 16.369366 17.638836 21.789742
v 15.298667 17.549225 21.270300
v 14.579679 17.355070 20.815514
v 15.093902 18.711004 21.110346
v 14.109169 18.982395 20.311609
v 10.447142 21.266020 13.795487
v 10.769168 21.365288 15.455277
v 11.240934 21.150862 16.666553
v 11.936330 21.280342 17.980938
v 12.563110 20.427305 18.637661
v 13.926942 21.253519 20.120548
v 14.818225 20.549603 20.852968
v -2.075880 19.072050 2.112769
v -3.891227 19.617992 1.970345
v -5.000569 19.496922 1.901784
v -6.059647 19.478271 1.918327
v -7.454073 19.608137 1.980137
v -8.066921 19.151030 2.149076
v -9.755901 19.663200 2.350066
v -10.988677 19.108660 3.047671
v -12.446253 19.332411 3.596715
v -13.188237 19.347174 3.943557
v -13.743963 20.869766 3.705325
v -15.495587 21.075520 4.932713
v -16.257500 20.659161 5.800489
v -17.019720 22.440407 5.794694
v -17.684122 22.421907 7.058319
v 29.312792 -7.081807 0.222694
v 28.681435 -5.031699 0.128272
v 27.921768 -4.012422 0.119927
v 27.103889 -3.025489 0.075288
v 26.505053 -1.342718 0.043667
v 26.545795 1.206024 -0.034896
v 25.466846 2.331187 -0.062861
v 24.453295 3.398576 -0.087363
v 25.576305 5.471391 -0.026204
v 24.568565 7.386583 0.089890
v 23.412636 8.261002 0.158213
v 22.441750 9.162865 0.222662
v 22.576200 11.062411 0.431083
v 20.844551 11.396992 0.483036
v 20.615841 13.256186 0.706559
v 18.906507 14.513135 1.067527
v 17.487434 15.815547 1.470947
v 16.308277 16.334122 1.796782
v 15.648338 17.963484 2.552342
v 14.530580 18.767138 3.132034
v 15.045382 20.309385 3.636032
v 13.657402 21.469019 4.467820
v 12.283911 21.944719 5.302432
v 11.296270 22.725273 6.239889
v -0.458965 22.488070 3.741776
v 0.200645 21.067940 3.349338
v -1.239680 21.250731 2.789697
v -3.046770 20.726408 2.130227
v 1.119797 -70.825562 40.609924
v 3.532159 -63.968506 40.906738
v 3.746655 -62.902107 40.605000
v 3.898290 -61.764439 40.236542
v 3.237637 -67.569099 41.751564
v 4.103162 -66.891975 42.186069
v 4.358675 -65.414368 41.806149
v 4.384152 -64.276810 41.492352
v 3.391536 -69.047928 42.200603
v 2.108117 -70.806404 41.609100
v 3.171756 -70.989357 42.489765
v 3.897814 -70.543861 42.923317
v 5.680590 -61.917229 41.238968
v 7.433859 -61.062248 41.716125
v 9.458721 -60.871639 42.339512
v 8.810981 -59.922161 41.924534
v 10.170090 -59.927429 42.355976
v 11.506840 -59.544964 42.647823
v 10.789126 -58.210182 41.759163
v 10.872254 -57.170105 41.696095
v 12.040483 -56.584854 41.645142
v -0.220875 -78.260277 38.549580
v -0.614731 -79.840996 38.379520
v -0.143520 -81.541313 38.423882
v -0.156694 -82.077980 36.937248
v 1.249796 -72.497704 40.946716
v 1.192518 -74.330841 41.209274
v 0.747766 -75.749794 40.878803
v 0.373789 -76.107178 40.272919
v 0.593681 -77.914909 40.924931
v 0.244273 -78.176826 39.764149
v 0.410667 -78.249123 39.185249
v -0.438822 -83.043243 35.782803
v -0.640401 -82.975021 34.846996
v -0.843957 -84.559845 34.784966
v -0.978188 -84.763802 32.666931
v -0.871307 -84.407806 31.081429
v -0.814447 -84.235474 29.467838
v -0.610545 -84.527580 27.661821
v 0.010162 -84.720886 25.630142
v 0.399130 -84.506920 24.230173
v 0.598623 -84.263741 23.487749
v 1.383867 -84.680244 22.024288
v 2.129162 -84.575310 20.460176
v 3.006836 -84.839546 19.074730
v 3.302133 -84.146591 18.292501
v 4.443603 -86.376457 17.377159
v 5.619566 -86.343735 15.827691
v 6.041866 -85.834503 15.211885
v 7.276111 -86.147987 13.968543
v 7.952888 -85.518578 13.207125
v 9.339914 -85.435379 12.031333
v 9.700583 -84.119492 11.510684
v 11.119605 -84.401466 10.673481
v 11.686178 -82.625305 9.918815
v 11.359983 -81.187164 9.665111
v 13.650295 -80.966934 8.377660
v 12.871643 -79.303352 8.079658
v 12.338311 -78.166183 7.798809
v 13.699033 -78.250969 7.132489
v 13.685175 -76.457199 6.187326
v 13.429735 -75.051483 5.228331
v 13.262642 -73.400681 3.977278
v 13.055904 -71.633125 2.794617
v 11.665664 -71.086311 2.647551
v 12.712177 -70.421471 2.126313
v 14.129927 -69.872589 1.616112
v 13.712961 -68.769165 1.349120
v 15.067298 -67.296516 0.890741
v 15.279680 -65.274460 0.480400
v 14.548309 -64.162361 0.351277
v 14.519657 -62.711208 0.211629
v 16.142523 -61.472378 0.169427
v 15.788285 -60.032928 0.099660
v 17.478811 -58.772335 0.072027
v 18.188120 -56.767193 0.049958
v 18.957132 -54.856136 0.057077
v 19.692305 -52.883228 0.075265
v 19.424616 -51.681786 0.102228
v 21.114981 -50.341026 0.151516
v 20.744091 -49.059635 0.209074
v 22.423672 -47.742386 0.237591
v 22.766138 -45.391533 0.405312
v 22.537491 -44.229828 0.548766
v 24.323357 -43.165939 0.515026
v 25.201101 -41.402935 0.567997
v 26.120838 -39.729839 0.572038
v 27.052263 -38.107010 0.587669
v 28.008131 -36.488441 0.569470
v 28.973211 -34.874695 0.562391
v 29.914190 -33.279324 0.532502
v 30.845325 -31.646875 0.520442
v 31.711338 -30.008907 0.483669
v 32.352795 -28.405727 0.481576
v 32.602657 -26.646969 0.559786
v 31.457256 -26.181004 0.765352
v 32.448662 -24.092306 0.646388
v 31.833809 -22.356241 0.729784
v 33.242901 -20.864796 0.550481
v 32.601734 -19.352116 0.567801
v 32.058132 -17.780188 0.578463
v 31.592161 -15.855132 0.539026
v 30.731947 -15.190229 0.584708
v 32.190071 -13.138403 0.334687
v 31.607826 -11.159345 0.262892
v 30.773451 -10.132750 0.283385
v 29.959236 -9.139595 0.280725
v 13.955497 -56.235706 41.976143
v 13.743285 -55.218689 41.611137
v 14.789599 -54.696487 41.526287
v 14.589632 -53.275311 40.920933
v 14.781652 -51.839333 40.426819
v 15.149783 -51.163864 40.460213
v 16.416578 -51.822220 40.634701
v 17.271393 -50.694172 40.257587
v 18.498705 -50.550278 40.064251
v 19.241032 -48.977131 39.372311
v 21.562019 -48.441936 39.008160
v 21.729218 -46.851768 38.420231
v 22.682156 -45.775658 37.923561
v 22.717815 -43.849827 37.284367
v 21.756781 -42.669395 37.053654
v 22.414814 -41.446457 36.644062
v 21.601889 -41.048298 36.549477
v 21.614410 -40.381737 36.642052
v 23.757786 -39.715309 36.041340
v 24.165848 -37.860825 35.518417
v 23.370623 -37.411373 35.340408
v 24.324728 -36.470703 34.955822
v 24.433847 -35.178223 34.574623
v 25.596968 -33.562653 33.814007
v 24.797646 -31.923594 33.745667
v 24.305758 -31.839617 33.904514
v 25.920698 -30.658369 33.071011
v 26.206829 -28.985287 32.576424
v 26.903757 -27.720720 32.090984
v 26.379560 -25.517235 31.924747
v 26.154116 -23.479937 31.733089
v 25.349846 -22.620569 31.664427
v 24.969828 -21.473211 31.459122
v 24.214611 -21.248945 31.551586
v 26.589319 -21.203602 31.027927
v 27.190781 -19.032892 30.500662
v 28.069838 -17.445738 30.126972
v 27.698383 -15.969720 30.069729
v 26.840822 -14.630327 30.007818
v 27.956024 -13.207552 29.528028
v 26.825594 -12.897742 29.613811
v 26.853418 -12.049470 29.515196
v 28.291891 -11.260178 29.076788
v 28.544193 -10.123649 28.792570
v 29.130821 -8.811849 28.392384
v 28.680798 -7.030587 28.203590
v 27.684246 -6.958061 28.392845
v 27.928757 -5.729080 28.042631
v 28.084681 -3.823656 27.704735
v 28.662203 -1.835406 27.002089
v 27.582878 -0.564203 27.012117
v 26.633865 0.408314 27.141642
v 27.141136 2.167189 26.209415
v 26.246813 4.010739 25.859186
v 25.354782 4.846528 25.800335
v 26.033947 6.538703 24.682823
v 25.144947 8.242385 24.293934
v 24.351507 9.838688 23.861391
v 22.973394 9.931171 24.260143
v -19.994434 25.715523 9.829756
v -19.677917 25.407541 11.373752
v -19.477003 25.151196 12.203755
v -20.603876 26.064413 13.117689
v -20.124268 25.927052 15.061601
v -19.661325 25.406057 15.938358
v -18.834044 25.523977 17.001186
v -17.802551 26.084131 17.983644
v -16.173738 25.502769 18.598640
v -18.598839 24.229202 6.792384
v -19.617279 25.603472 7.403623
v -20.403578 26.958393 7.894428
v -7.436575 24.127007 19.583473
v -8.486789 25.552645 19.582722
v -9.334013 25.850534 19.770403
v -10.228120 25.917280 19.833532
v -11.238387 25.560167 19.748022
v -12.682115 25.406548 19.549252
v -14.126491 25.154076 19.271467
v -3.842848 23.970736 17.612429
v -5.048525 23.877253 18.545469
v -5.935805 23.727566 19.172201
v -1.688543 23.509171 15.833166
v -2.400952 23.520655 16.614502
v -3.692886 29.957384 8.681602
v -3.298334 29.273157 11.804580
v -2.465219 27.283831 13.042628
v -1.727124 25.780439 13.161174
v -2.089514 25.794758 14.475995
v -2.937204 25.045992 16.122595
v 24.489958 12.204987 22.868034
v 23.550793 13.603270 22.789978
v 22.439375 14.269939 22.899632
v 21.490709 14.536526 23.080614
v 21.452099 15.979711 22.564119
v 19.898018 15.986305 22.727995
v 18.491404 15.664912 22.864218
v 19.032705 16.611923 22.196022
v 18.802395 17.868067 21.937229
v 17.614117 17.740114 22.335737
v 17.447910 19.044636 22.113470
v 16.251064 19.037462 21.769541
v 16.430841 20.514290 21.754869
v 10.682850 22.224701 12.002774
v 10.513412 23.195095 13.304911
v 10.704691 22.960436 15.581117
v 11.153988 22.275206 16.705282
v 11.808859 22.478666 17.937811
v 12.672484 22.739807 19.040146
v 13.393542 22.269665 19.720312
v 14.596759 22.719219 20.837593
v 15.456436 22.451447 21.244125
v 16.751379 22.288195 21.717606
v -4.848622 21.142117 1.873781
v -6.073287 20.708851 1.808231
v -7.824100 20.764936 1.830114
v -9.367154 20.636164 1.959514
v -11.082610 21.147177 2.201789
v -11.764062 20.691025 2.725719
v -13.299682 22.783989 2.490492
v -14.540172 22.485565 3.228363
v -15.412227 22.665056 3.841242
v -15.807225 22.211058 4.533012
v -17.001123 24.014305 4.499271
v -17.956161 24.098009 5.558997
v 31.280151 -7.090028 0.098991
v 30.608772 -5.059359 0.050625
v 29.805023 -4.085268 0.029233
v 29.036469 -3.029544 0.000802
v 28.578779 -1.054442 -0.029403
v 28.017174 1.192134 -0.044658
v 27.757586 2.520789 -0.047921
v 27.240852 3.887791 -0.050433
v 27.400930 6.100381 -0.010761
v 26.784355 7.560778 0.085405
v 25.635792 8.636664 0.196794
v 24.451803 9.503244 0.244483
v 25.051743 11.668445 0.465949
v 23.214283 13.327934 0.685624
v 22.010256 13.148612 0.688862
v 21.645090 14.955172 0.959590
v 19.863377 16.024281 1.298318
v 18.378517 17.038565 1.719561
v 17.540438 17.475105 1.995362
v 16.889364 17.434237 2.099266
v 17.311045 19.389168 2.732105
v 16.099094 20.966978 3.599318
v 15.278100 22.348854 4.225818
v 14.365985 21.978065 4.442775
v 13.351012 23.606958 5.268167
v 12.089074 23.481827 5.799232
v 11.606441 23.315582 5.944272
v 11.569532 24.490910 7.053139
v -2.141826 24.596478 3.761511
v -2.223603 23.094591 2.867857
v -3.377461 22.566252 2.249171
v -5.042717 22.534927 1.869609
v 2.268962 -72.337425 41.976219
v 4.584420 -63.199512 41.252560
v 4.189196 -68.874390 42.726746
v 5.220297 -68.544952 43.276878
v 5.555372 -66.874123 42.851337
v 5.124716 -65.750275 42.226109
v 5.460161 -64.466110 41.983421
v 5.464457 -63.302906 41.770294
v 5.020318 -70.156601 43.608307
v 3.389626 -72.220726 42.880383
v 4.423534 -72.031540 43.612877
v 5.225405 -71.587189 44.093815
v 6.830860 -63.501068 42.311562
v 8.397888 -62.833820 42.514893
v 9.605363 -62.597618 42.934124
v 10.793377 -62.254089 43.268696
v 10.767484 -61.090691 42.911945
v 11.617212 -61.285912 43.344769
v 12.581072 -60.935684 43.760403
v 14.017291 -59.513718 43.511044
v 13.039440 -58.519306 42.772858
v 12.693345 -57.674904 42.199833
v 11.616166 -57.435570 42.085487
v 0.047173 -79.511292 39.598152
v 0.425321 -81.413460 39.571743
v 0.109488 -83.065514 39.451824
v -0.148583 -83.359528 38.321251
v -0.143995 -84.211700 36.934639
v 2.438604 -74.230515 42.501415
v 1.914036 -75.854454 42.442726
v 1.193063 -76.323174 41.602345
v 1.565755 -77.911133 42.432842
v 1.133761 -79.837990 42.010578
v 0.559099 -79.655632 40.906319
v -0.468552 -86.317360 36.432903
v -0.736037 -86.408234 34.461960
v -0.745258 -86.164459 32.757320
v -0.618815 -86.010849 30.835846
v -0.413487 -85.609680 28.721935
v -0.507520 -84.753136 28.527443
v 0.077696 -85.951630 26.510250
v -0.175681 -84.959679 26.598530
v 0.709751 -86.551590 24.870504
v 0.830983 -86.054626 24.252682
v 1.175359 -85.676918 23.178190
v 2.114821 -86.267624 21.413837
v 2.612439 -86.086494 20.314959
v 3.200770 -85.931259 19.178312
v 3.813464 -87.724258 18.740381
v 4.917740 -88.124352 17.059391
v 5.497801 -87.882233 16.331268
v 6.298694 -87.899300 15.367845
v 6.953649 -87.233856 14.460583
v 8.438462 -87.986870 13.146227
v 9.330484 -87.146919 12.361089
v 10.705555 -86.954346 11.313153
v 10.660895 -85.870186 11.183978
v 11.955308 -86.167236 10.476333
v 13.170166 -84.769592 9.635026
v 12.700989 -83.227135 9.529382
v 13.915398 -83.198532 8.927055
v 15.469189 -82.694855 8.200064
v 16.086849 -80.936630 7.395190
v 15.876190 -79.351845 6.785600
v 14.566242 -79.328217 7.289721
v 15.229357 -78.186882 6.450285
v 15.062601 -76.651016 5.677517
v 14.816645 -75.129974 4.757855
v 14.700004 -73.643173 3.686205
v 15.118863 -71.654427 2.329202
v 16.224756 -69.732330 1.206118
v 15.673977 -68.666435 1.054718
v 17.413324 -67.191635 0.636539
v 17.337215 -65.341446 0.425239
v 16.840893 -64.328323 0.376471
v 16.439205 -63.242672 0.241403
v 18.150356 -61.560493 0.160314
v 17.782139 -60.095455 0.126515
v 19.473972 -58.781265 0.094950
v 20.192867 -56.778797 0.058498
v 20.973574 -54.875797 0.067562
v 21.723722 -52.884819 0.086177
v 21.467281 -51.675446 0.102596
v 23.167351 -50.309528 0.111135
v 22.835320 -48.932873 0.143529
v 24.693941 -47.357216 0.152504
v 24.503546 -45.395454 0.278127
v 24.469303 -44.241264 0.373833
v 26.323269 -43.221058 0.305321
v 27.197269 -41.414928 0.401723
v 28.114021 -39.736961 0.442556
v 29.053528 -38.102821 0.444176
v 30.001207 -36.489449 0.452020
v 30.968084 -34.878422 0.423917
v 31.946959 -33.259609 0.399461
v 32.873562 -31.625559 0.349095
v 33.753593 -29.952932 0.308347
v 34.516361 -28.139498 0.247732
v 34.189838 -26.706676 0.293649
v 33.510281 -25.431221 0.455901
v 34.575565 -24.064367 0.374349
v 33.851910 -22.495911 0.474046
v 35.225559 -20.936478 0.337287
v 34.858929 -19.018827 0.352786
v 33.922501 -17.880817 0.410529
v 33.570480 -15.878335 0.367916
v 32.754642 -15.168576 0.400307
v 34.238766 -13.168200 0.187973
v 33.606663 -11.167063 0.116637
v 32.772011 -10.144248 0.136072
v 31.951860 -9.131821 0.139735
v 13.909621 -57.499344 42.736378
v 15.548388 -57.668686 42.887226
v 16.148235 -55.978020 42.120533
v 16.580097 -54.551144 41.747311
v 15.644476 -53.614666 41.304451
v 14.958838 -53.814690 41.399704
v 16.656242 -53.454449 41.596279
v 17.759575 -53.015064 41.294243
v 18.737066 -51.859215 40.743259
v 19.644365 -50.773724 40.299034
v 20.578463 -50.022068 39.718693
v 22.815638 -49.934639 39.395542
v 23.418261 -48.339394 38.733746
v 23.174940 -47.098038 38.357391
v 24.507454 -45.422131 37.513313
v 24.711678 -43.418922 36.903580
v 23.461363 -42.608601 36.838856
v 23.908484 -41.574165 36.438133
v 25.214788 -41.057980 36.059105
v 24.706833 -39.698593 35.790752
v 25.352430 -38.587921 35.296738
v 25.433527 -36.741493 34.740623
v 25.449894 -35.336079 34.348389
v 26.506826 -35.472183 34.015709
v 27.321428 -34.244522 33.403866
v 26.703730 -33.395817 33.390636
v 27.256321 -32.293365 32.942142
v 27.396173 -30.225891 32.427071
v 27.037048 -29.074471 32.264816
v 28.144026 -28.526396 31.799953
v 27.566526 -27.376118 31.756712
v 28.146009 -26.264902 31.416698
v 28.312899 -24.156845 31.075430
v 27.802402 -22.647514 31.004944
v 28.245403 -20.848179 30.509895
v 28.103970 -19.715237 30.328106
v 29.497883 -17.990698 29.925745
v 29.475414 -15.907057 29.727745
v 28.810339 -14.725124 29.644798
v 27.955597 -14.682724 29.853481
v 30.055197 -13.538283 29.196302
v 29.724184 -11.757630 28.958656
v 29.628851 -10.319554 28.565790
v 30.819859 -9.353061 27.908197
v 30.273832 -8.244202 27.908356
v 30.057085 -6.985596 27.969248
v 29.245174 -6.707696 28.001654
v 29.234074 -5.967709 27.964170
v 29.876162 -4.541934 27.349316
v 30.245678 -2.540217 26.710190
v 29.961988 -0.956953 26.290192
v 28.929878 -0.441541 26.412291
v 28.502726 1.037745 26.059109
v 27.451862 0.780014 26.623047
v 28.729351 2.668054 25.250982
v 28.325089 4.079476 24.770880
v 27.288292 3.771564 25.465248
v 27.253454 4.853015 24.970631
v 28.040682 5.999330 23.940872
v 27.070621 7.523407 23.590420
v 26.389273 8.214659 23.659279
v 25.709482 9.260676 23.590645
v 25.932201 11.645701 22.220608
v -20.776836 27.214085 9.675914
v -20.510118 26.649773 10.324133
v -20.594791 26.029709 11.058744
v -21.587051 27.279182 11.388368
v -21.561514 27.557161 13.612535
v -20.874271 27.386154 14.933117
v -20.363533 26.921028 15.559954
v -19.482586 27.101242 16.736189
v -18.533089 26.717438 17.656530
v -17.041281 27.561987 18.464609
v -18.255260 28.015224 17.958321
v -14.240818 26.926928 19.030819
v -15.735490 28.102810 18.520403
v -18.780054 25.824408 5.162136
v -20.250872 27.216921 6.134871
v -21.181528 28.489702 7.135443
v -21.441429 28.760557 8.129953
v -21.426151 28.516090 9.318141
v -5.782868 25.616669 18.247026
v -7.796238 26.850918 18.902617
v -9.063438 26.702503 19.417099
v -10.171565 26.991924 19.598948
v -11.407998 26.987175 19.631060
v -12.587365 26.685020 19.454082
v -4.051349 25.342220 17.117830
v -4.620752 25.470282 17.613358
v -4.633599 32.093887 11.789676
v -3.982213 30.892309 12.812292
v -3.366437 29.288797 13.454405
v -2.790916 27.495192 14.040358
v -3.431253 27.490944 15.158578
v -4.818297 26.888901 16.993229
v 25.086327 13.682993 22.020216
v 24.244242 14.338679 22.223297
v 23.138672 16.196623 22.046701
v 21.990570 17.618801 21.948568
v 21.244114 17.487646 22.119865
v 20.610134 17.182331 22.254911
v 19.800299 17.322212 22.139038
v 20.453430 18.805122 21.858084
v 18.916031 19.152172 21.888111
v 18.699379 20.524364 21.836924
v 18.249502 22.050734 21.652493
v 10.735692 20.337044 11.932162
v 11.022500 21.614647 9.962082
v 10.614942 25.577105 11.181479
v 10.356901 24.599422 14.594110
v 10.477191 24.379442 16.331125
v 11.011489 24.319279 17.360861
v 11.643339 23.800388 18.027395
v 12.719943 23.910225 19.330093
v 13.771077 23.883150 20.255045
v 14.621946 23.714750 21.076345
v 15.810042 23.958736 21.537609
v 17.243807 23.915733 21.819050
v 19.058098 23.745024 21.823496
v -6.632892 22.372744 1.637162
v -8.338863 22.196453 1.629695
v -9.666755 21.921751 1.719690
v -11.289939 22.156734 1.872294
v -11.217447 23.749037 1.531674
v -13.463345 24.336645 1.797967
v -14.538151 24.418516 2.200532
v -15.295168 24.363438 2.792660
v -15.715149 23.701523 3.365853
v -16.963135 25.561251 3.448581
v -17.935574 25.662840 4.305872
v 33.242390 -7.063438 0.005304
v 32.531910 -5.040194 -0.035333
v 31.718954 -4.092932 -0.029418
v 30.917566 -3.075367 -0.047408
v 30.353329 -1.399265 -0.070639
v 30.465210 0.994376 -0.095967
v 29.514536 1.760145 -0.087831
v 29.287273 3.884220 -0.031213
v 28.786238 5.960746 0.013704
v 28.657040 7.512271 0.074104
v 27.881544 8.266179 0.152019
v 27.254856 10.438108 0.334361
v 26.720627 12.354870 0.463702
v 25.764814 13.731205 0.697081
v 24.315849 14.571786 0.838308
v 22.949245 14.830991 0.897427
v 22.589525 16.569513 1.183721
v 20.648834 17.665459 1.539286
v 19.147875 18.354460 1.933945
v 19.738937 20.599171 2.543801
v 17.713982 21.564816 3.329972
v 16.595295 21.653238 3.632567
v 16.442368 23.849041 4.033922
v 14.830469 23.830042 4.685837
v 14.207672 25.400475 5.131525
v 13.076707 25.237934 5.770517
v 12.513581 25.091446 6.130018
v 12.411076 26.656973 6.594899
v 11.323186 26.457726 8.292103
v -4.362993 26.474489 3.132507
v -3.744345 24.848614 2.574357
v -2.867905 24.099819 2.804601
v -3.483306 23.804949 2.359253
v -5.105436 24.397078 1.926228
v -7.202482 24.075653 1.513322
v 3.631928 -73.748413 43.382458
v 6.563650 -70.079613 44.410397
v 6.624251 -68.825806 43.963627
v 6.976720 -67.542236 43.612183
v 7.269155 -65.821190 43.081291
v 6.427480 -64.901070 42.312984
v 6.729629 -71.682045 44.929371
v 4.880360 -73.529488 44.213272
v 6.026684 -73.083221 44.928280
v 7.264130 -64.636780 42.668823
v 8.275418 -64.646927 43.059299
v 9.270196 -64.334328 43.566788
v 10.670266 -63.815414 43.739250
v 11.258368 -62.904232 43.761456
v 12.548209 -62.378727 44.014969
v 13.671857 -61.119045 44.078876
v 15.518685 -61.338615 44.414257
v 16.371687 -59.266342 43.820827
v 0.655425 -81.195953 41.071980
v 0.420070 -83.344765 40.874771
v 0.224243 -84.649742 40.137466
v -0.084804 -84.182091 39.226925
v 0.027432 -85.566147 38.877655
v 2.989983 -75.896584 43.537811
v 3.982330 -75.320930 44.045261
v 2.427846 -77.205872 43.432793
v 2.287193 -78.998978 43.634117
v 1.706778 -79.485962 42.888592
v 1.927011 -81.288658 43.459209
v 1.140558 -81.369682 42.240337
v -0.291849 -87.959732 38.317474
v -0.529051 -87.952721 36.355335
v -0.585319 -87.697678 34.678921
v -0.555729 -87.680458 32.776531
v -0.395467 -87.638824 30.790833
v -0.140577 -87.497025 28.833700
v 0.272057 -87.511368 26.945316
v 0.870533 -87.848251 25.087585
v 1.169523 -87.633003 24.235640
v 1.482085 -87.298813 23.308249
v 2.253964 -87.472168 21.599197
v 2.855773 -87.398109 20.340342
v 3.434311 -89.359093 19.812668
v 4.205352 -89.298653 18.441807
v 5.006328 -89.497932 17.212957
v 5.685383 -89.383659 16.329290
v 6.447026 -89.318565 15.434964
v 7.219260 -89.185219 14.537151
v 7.926920 -88.951515 13.726196
v 9.202926 -89.362762 12.673165
v 10.117809 -89.014809 11.981193
v 11.664578 -88.569351 10.899901
v 11.858617 -87.346771 10.669160
v 13.200336 -87.462944 9.982705
v 13.213011 -86.114792 9.809418
v 14.697443 -85.941261 9.134954
v 14.753171 -84.173103 8.822810
v 16.678774 -84.094696 8.129102
v 16.579405 -82.907585 7.871093
v 17.667591 -81.856888 7.204374
v 17.758074 -79.650475 6.240322
v 17.515963 -77.962250 5.488564
v 16.301056 -78.120377 6.014601
v 16.608507 -76.877243 5.205800
v 16.553320 -74.852142 4.029456
v 15.768831 -73.987892 3.652243
v 17.152578 -72.420692 2.372975
v 17.858501 -69.933563 1.171998
v 17.711222 -68.625816 0.840327
v 19.457611 -67.143661 0.526629
v 19.389954 -65.353409 0.279201
v 18.896566 -64.331078 0.269171
v 18.466452 -63.279575 0.190725
v 20.168156 -61.583847 0.127408
v 19.794619 -60.113297 0.125080
v 21.461042 -58.785030 0.095918
v 22.196108 -56.773926 0.082777
v 23.005842 -54.874870 0.063931
v 23.753536 -52.893776 0.070817
v 23.504591 -51.683777 0.082148
v 25.186644 -50.358425 0.075161
v 24.888567 -48.940319 0.113766
v 26.585766 -47.741085 0.084580
v 27.310705 -45.397678 0.109359
v 26.445278 -44.690414 0.179148
v 28.449305 -43.224937 0.124036
v 29.218443 -41.431530 0.217999
v 30.115387 -39.745148 0.278496
v 31.050295 -38.109131 0.321901
v 32.025600 -36.479507 0.313704
v 32.998554 -34.877724 0.302707
v 33.945019 -33.262016 0.285372
v 34.892406 -31.619762 0.240321
v 35.812515 -29.926247 0.174127
v 36.590172 -28.102406 0.085056
v 36.348564 -26.651011 0.106779
v 35.384266 -25.972876 0.223696
v 36.582680 -24.097769 0.159260
v 35.855118 -22.514523 0.248695
v 37.157467 -20.923946 0.169098
v 36.437557 -19.115475 0.222601
v 35.757999 -18.678328 0.274178
v 36.186073 -16.926352 0.210051
v 34.870865 -15.389534 0.251006
v 36.442780 -13.256077 0.088153
v 35.661453 -11.172503 0.029885
v 34.786640 -10.141577 0.029003
v 33.938332 -9.127834 0.034975
v 17.355448 -57.798862 43.087761
v 17.360069 -56.730690 42.579365
v 18.332857 -55.192158 42.058968
v 17.748705 -53.961388 41.734074
v 19.350233 -53.552990 41.442600
v 20.066093 -52.187950 40.817589
v 20.936449 -51.079723 40.301838
v 22.936911 -51.683868 40.075874
v 23.468073 -50.723080 39.628853
v 24.687353 -50.567371 39.127556
v 24.836182 -48.535019 38.423355
v 24.736696 -47.007080 38.008568
v 25.222334 -46.090141 37.689667
v 26.360521 -45.954506 37.129292
v 26.291555 -43.761398 36.476723
v 25.709364 -42.665955 36.385529
v 26.479937 -42.050495 35.954170
v 26.601469 -40.615040 35.569710
v 25.877037 -39.732498 35.489586
v 25.265867 -39.744041 35.685135
v 27.022970 -38.588314 34.708275
v 26.625698 -36.941307 34.339596
v 28.320320 -36.248455 33.530571
v 28.817495 -34.215569 32.822536
v 28.023710 -33.339825 32.915306
v 28.641834 -32.481934 32.451687
v 28.649681 -30.864159 32.088436
v 29.465244 -29.879421 31.689077
v 29.482403 -28.179750 31.236996
v 28.856258 -27.283722 31.324959
v 29.804100 -26.121521 30.807936
v 29.568083 -24.243977 30.632879
v 29.628920 -22.190767 30.364115
v 29.175943 -20.992908 30.331484
v 29.204994 -19.781019 30.126307
v 30.781826 -19.623039 29.744555
v 30.799873 -17.759062 29.489212
v 31.094559 -16.381590 29.372259
v 30.342997 -16.250731 29.566549
v 31.164654 -14.698227 29.114662
v 31.800507 -12.625383 28.697777
v 31.164448 -11.790488 28.766726
v 31.126417 -10.539323 28.514317
v 32.712639 -9.726735 27.869190
v 31.777859 -8.033997 27.520271
v 30.914024 -7.621815 27.575312
v 31.466335 -5.855479 27.242613
v 30.186470 -5.775560 27.657532
v 31.565931 -3.562670 26.631117
v 31.634085 -2.293378 26.233295
v 31.518635 -0.784842 25.761597
v 30.461351 -0.462449 25.983765
v 29.994923 0.480043 25.807451
v 29.780939 2.266695 25.021532
v 29.795931 3.947409 24.101328
v 29.338236 5.684862 23.287933
v 28.803514 7.594165 22.334278
v 27.715345 8.037046 22.882959
v 26.737209 9.315727 22.855520
v 27.748762 9.974819 21.689959
v 27.085581 12.261253 20.926966
v 26.370543 13.670962 20.967628
v 25.659590 14.724358 21.167583
v -21.277718 28.168228 10.387690
v -22.660107 29.025291 11.425334
v -22.107992 28.742596 13.411224
v -21.594076 28.926735 14.816080
v -20.915483 28.641808 15.584266
v -20.258261 28.150204 16.376955
v -19.914921 29.954308 17.130306
v -17.334867 29.663898 18.031174
v -13.272824 28.318039 19.053900
v -14.730168 28.589783 18.550591
v -14.865100 30.251827 18.424032
v -18.847481 27.280884 4.096102
v -20.340523 28.442690 4.988760
v -20.988930 28.802143 5.658753
v -21.685810 29.665386 6.378993
v -22.144764 29.738117 7.813097
v -22.143644 29.614349 8.531725
v -22.043177 29.218948 8.811383
v -23.292358 30.267984 9.535240
v -5.804110 27.012756 17.705433
v -6.850636 28.546894 17.773834
v -8.779443 28.797325 18.577633
v -10.002944 28.206026 19.072435
v -11.532447 28.186357 19.306643
v -6.027679 34.700977 10.791193
v -5.968076 34.275387 12.704257
v -5.055590 32.861790 13.053137
v -4.667921 31.539459 13.523939
v -4.207385 30.093613 14.225260
v -3.866489 28.979036 14.703793
v -4.565226 28.879204 15.896988
v -5.513983 28.628044 16.870481
v 24.634140 16.270451 21.295076
v 23.788273 18.253342 21.171312
v 22.528498 19.183151 21.461405
v 21.327641 20.678566 21.508072
v 20.229040 20.623819 21.667053
v 20.507206 22.319221 21.419203
v 11.039192 28.496227 8.860759
v 10.149506 28.881214 11.481504
v 9.923765 28.171417 13.192077
v 10.121056 27.001541 12.977557
v 10.100765 26.300249 14.692976
v 10.477516 25.726452 16.612494
v 11.095307 25.635918 18.016058
v 11.993859 25.514193 18.946350
v 12.939495 25.375805 19.891426
v 13.844825 25.146276 20.604010
v 15.397252 25.395300 21.331186
v 17.382044 25.521500 21.912344
v 18.890198 25.466413 21.778316
v 21.278858 24.633617 21.177563
v 20.003696 25.196901 21.556326
v -8.704242 23.616327 1.415938
v -10.181243 25.591473 1.166079
v -12.474358 25.695627 1.221684
v -13.400590 25.281631 1.483806
v -14.935133 25.750357 1.980301
v -15.741152 25.395493 2.601783
v -16.884342 27.025969 2.647086
v -17.929573 27.063169 3.385066
v 35.256245 -7.022265 -0.059923
v 34.505783 -4.954061 -0.092062
v 33.564049 -4.017564 -0.094406
v 32.764797 -3.078226 -0.105997
v 32.197639 -1.490131 -0.106311
v 32.085762 0.971550 -0.105842
v 31.552317 2.140640 -0.077700
v 31.129629 3.308150 -0.050784
v 31.360155 5.735100 0.054254
v 30.334354 6.871541 0.108270
v 29.664351 8.019858 0.160350
v 29.213722 10.044524 0.444556
v 28.669300 12.092758 0.525717
v 27.754782 13.292271 0.707196
v 26.662422 14.838062 0.922328
v 25.317265 15.857632 1.060206
v 24.021528 16.187313 1.113527
v 23.748428 17.789232 1.418761
v 22.603920 17.807199 1.398089
v 21.797560 19.077650 1.670588
v 22.044724 21.515329 2.320051
v 21.128735 22.602171 2.714021
v 19.506044 22.655487 3.117702
v 18.365788 22.495466 3.368194
v 18.479725 23.983294 3.496576
v 17.461527 25.772579 3.606763
v 16.031658 25.863535 4.112617
v 15.356952 25.595858 4.480736
v 14.744545 27.292185 4.678960
v 13.564735 27.011662 5.566372
v 12.981467 28.635666 5.959009
v 11.972627 28.535536 7.161214
v -6.254881 28.990643 3.029100
v -6.185564 27.041382 1.951308
v -5.585739 25.879089 1.930220
v -4.687785 25.423218 2.272127
v -7.555362 26.069521 1.273995
v 4.981217 -74.863731 44.604301
v 8.185097 -70.543091 44.962666
v 7.432506 -70.100471 44.449341
v 7.871000 -68.932678 44.371876
v 8.477612 -67.107376 43.913731
v 7.835532 -66.427185 43.648773
v 8.465247 -65.942947 43.466560
v 7.937375 -73.364899 45.862206
v 8.195590 -72.026245 45.570400
v 6.947099 -75.150131 45.734112
v 9.739824 -65.944862 43.978462
v 11.532505 -66.041878 44.908375
v 13.124434 -64.346062 44.783039
v 13.930548 -62.851063 44.606682
v 15.265923 -63.324745 44.910412
v 17.590969 -62.590893 44.934280
v 18.225618 -61.058662 44.552452
v 18.118923 -59.680080 43.898224
v 18.298923 -58.348701 43.334465
v 1.058858 -83.161102 42.357067
v 0.667253 -84.458801 41.805862
v 0.538377 -85.720085 41.333153
v 0.767433 -85.992752 40.420902
v 0.346855 -87.807091 40.795647
v 3.474592 -77.229507 44.328739
v 4.369936 -76.831551 44.776360
v 5.663222 -76.508881 45.501553
v 3.704528 -78.859116 44.897583
v 3.039659 -80.370926 44.674622
v 2.947135 -81.826477 44.850559
v 2.764065 -83.347549 44.805508
v 1.692406 -83.643372 43.659790
v -0.161672 -89.439911 40.168175
v -0.452027 -89.579056 38.231785
v -0.550539 -89.406944 36.266613
v -0.554816 -88.891350 34.784340
v -0.490611 -89.053398 32.929195
v -0.294273 -89.148331 30.854485
v 0.056805 -89.323601 28.591286
v 0.358854 -88.857056 27.144140
v 0.914175 -89.308868 25.338076
v 1.303475 -89.109268 24.308403
v 1.672871 -88.855011 23.344864
v 2.366590 -88.822357 21.778177
v 2.807426 -90.846207 21.193556
v 3.589704 -90.775131 19.754889
v 4.155904 -91.016808 18.797935
v 4.939942 -90.878311 17.575916
v 5.725290 -90.863533 16.491343
v 6.555367 -90.814369 15.499120
v 7.411739 -90.730743 14.579164
v 8.270968 -90.597206 13.692499
v 9.188365 -90.283829 12.756702
v 10.385360 -90.501778 11.913218
v 11.777638 -90.402748 11.033900
v 13.362690 -90.200050 10.107527
v 13.190142 -88.834373 10.109660
v 14.621191 -88.950912 9.462665
v 14.605976 -87.476326 9.338950
v 16.155519 -87.381378 8.768612
v 16.313257 -85.783730 8.520329
v 17.841192 -85.600113 8.037004
v 17.866211 -84.409828 7.843469
v 19.126425 -83.484612 7.319370
v 19.889120 -81.357574 6.410706
v 19.630493 -79.772888 5.695976
v 19.470137 -77.869423 4.750967
v 18.476366 -76.764832 4.503495
v 17.669428 -76.755981 4.784447
v 18.091391 -75.464287 3.912943
v 18.654091 -73.462852 2.672897
v 19.534960 -71.709145 1.577505
v 19.855556 -69.949112 0.984348
v 19.652168 -68.657791 0.722851
v 21.461756 -67.194748 0.465573
v 21.432976 -65.358833 0.221061
v 20.887171 -64.331123 0.186458
v 20.477648 -63.282211 0.122517
v 22.135580 -61.569538 0.097406
v 21.753799 -60.103157 0.091301
v 23.393787 -58.740211 0.057171
v 24.167309 -56.762882 0.058353
v 24.979958 -54.878868 0.069402
v 25.767427 -52.921341 0.069481
v 25.539392 -51.731667 0.064255
v 27.157469 -50.397652 0.068317
v 26.823351 -49.076061 0.070504
v 28.455179 -47.798695 0.060042
v 28.955391 -45.408455 0.059662
v 28.744247 -44.258224 0.068410
v 30.400928 -43.190788 0.041869
v 31.228485 -41.426075 0.106988
v 32.117912 -39.747585 0.163201
v 33.061138 -38.100883 0.190167
v 34.027649 -36.495262 0.195817
v 34.991497 -34.881496 0.197115
v 35.970222 -33.249237 0.169109
v 36.928223 -31.605879 0.143530
v 37.845852 -29.920271 0.098066
v 38.666866 -28.080585 0.021411
v 38.407913 -26.649561 -0.002220
v 37.420395 -25.960136 0.045073
v 38.624741 -24.081671 0.021973
v 37.865402 -22.511616 0.099742
v 39.228199 -20.886211 0.053068
v 38.494957 -19.015495 0.086647
v 37.480595 -18.383936 0.145026
v 38.494202 -16.441151 0.075843
v 37.421558 -14.932580 0.079675
v 38.591061 -13.137890 0.001416
v 37.759205 -11.158166 -0.024297
v 36.868423 -10.134929 -0.032667
v 35.979458 -9.102777 -0.036862
v 19.105614 -56.814625 42.628662
v 20.413559 -55.099792 41.839268
v 19.316511 -54.689648 41.815659
v 20.620359 -53.629295 41.241657
v 21.182121 -52.427845 40.747929
v 21.956656 -53.745232 41.003628
v 24.003429 -53.304455 40.311161
v 24.350225 -51.967518 39.765030
v 25.903334 -52.304413 39.321110
v 26.902613 -50.449970 38.308655
v 26.389353 -48.904602 38.003899
v 26.210091 -47.580688 37.682411
v 25.552589 -47.301178 37.877552
v 27.886663 -47.180912 36.894081
v 28.105705 -45.337376 36.252693
v 27.983711 -43.745285 35.818054
v 27.551788 -42.159565 35.539890
v 27.199835 -41.290306 35.482056
v 28.090805 -40.082851 34.716255
v 28.308199 -38.226368 34.089893
v 29.737152 -37.971947 33.399506
v 30.260765 -35.949120 32.615822
v 30.209427 -34.367062 32.256096
v 29.719048 -32.898178 32.120922
v 29.381680 -31.881277 32.014301
v 30.510738 -31.295982 31.441479
v 30.227448 -30.175497 31.380159
v 30.760523 -29.176739 30.924528
v 30.833899 -27.158051 30.538773
v 31.082336 -25.584356 30.262661
v 30.774729 -24.252665 30.210987
v 30.842518 -22.563644 29.957479
v 30.993959 -21.251074 29.829031
v 32.637440 -20.714664 29.117636
v 31.799814 -19.522701 29.273552
v 32.489365 -18.404896 28.998983
v 31.457684 -18.047279 29.421522
v 32.232353 -16.707348 28.966232
v 32.511467 -14.893013 28.717392
v 32.747074 -13.130080 28.436626
v 32.809738 -11.557061 28.271408
v 32.317093 -10.859234 28.535545
v 34.160152 -11.506137 27.805101
v 34.341095 -9.627338 27.677553
v 33.635952 -8.282846 27.369287
v 32.866886 -7.144033 27.334858
v 33.024197 -5.365194 26.766762
v 32.954586 -3.960652 26.394825
v 33.056282 -2.145532 25.848352
v 33.419846 -0.400967 24.888645
v 32.505524 -0.299847 25.140717
v 32.355465 0.620663 24.756922
v 30.970913 0.653824 25.263580
v 31.310452 2.205095 24.391233
v 30.500441 3.209107 24.283442
v 31.181805 4.114904 23.380363
v 30.652269 5.702005 22.576118
v 30.230635 7.088171 21.833012
v 29.732958 8.806369 20.907717
v 28.793800 9.029215 21.376348
v 28.973820 10.347619 20.475798
v 28.060850 11.870455 20.319042
v 27.536909 13.198856 20.086126
v 27.017677 14.326291 20.057346
v 26.273279 15.637605 20.255745
v 25.668346 17.405764 20.083277
v -23.511715 30.356092 11.740428
v -23.087833 30.193733 12.866916
v -22.631500 30.105982 14.068971
v -21.976284 29.879028 15.139133
v -21.218390 29.876724 16.127596
v -18.750063 31.788322 17.687326
v -20.334724 32.198486 17.477213
v -21.336155 32.057087 16.587208
v -22.119555 31.300543 15.630137
v -16.763966 31.857590 17.982777
v -12.327625 29.896198 18.836565
v -13.335514 31.771975 18.397614
v -14.720388 32.158649 18.286045
v -15.532186 31.784523 18.128330
v -18.762821 28.385622 3.293528
v -20.390411 30.128206 4.054176
v -21.125498 29.970139 5.001388
v -21.443802 29.778173 5.451615
v -22.152428 31.436331 5.698365
v -23.000713 31.452509 7.733383
v -23.944075 31.967546 9.599409
v -24.158432 32.098831 11.435862
v -23.763948 31.461443 12.318753
v -6.021417 30.345270 16.352684
v -7.253352 30.471790 17.346092
v -8.124741 30.531185 17.762012
v -9.211796 30.451920 18.164318
v -10.385956 29.884409 18.675024
v -7.303408 37.018288 9.454483
v -7.489931 37.281261 11.422691
v -6.672502 35.934631 11.737844
v -7.166072 35.739586 13.184778
v -6.644939 34.400784 14.108245
v -6.137972 33.242176 14.461707
v -5.625800 33.134888 13.677552
v -5.509494 31.987770 14.584434
v -4.945055 30.557156 14.978828
v 24.726591 19.438318 20.275433
v 23.539118 20.228382 20.850813
v 22.549238 21.975042 20.924446
v 22.644020 24.091959 20.500988
v 11.576611 30.273254 7.505989
v 10.626506 30.546812 9.281450
v 10.148351 30.335064 10.770261
v 9.688787 30.394552 12.300446
v 9.678234 29.761911 13.329425
v 9.613073 29.583216 15.308417
v 9.690886 28.130920 14.672440
v 9.883706 27.338432 14.009255
v 9.845878 27.300169 14.838554
v 9.956494 27.788198 15.930798
v 10.411031 27.119038 16.835148
v 11.166507 27.353458 18.503172
v 12.192469 27.068720 19.609194
v 13.443054 26.953680 20.401173
v 14.565965 26.537004 21.055706
v 16.862986 27.049580 21.523806
v 15.653372 26.937601 21.595375
v 18.727022 27.476286 21.827679
v 20.610062 27.043646 21.212887
v 22.884653 25.773821 20.373817
v 21.924879 26.076805 20.822674
v -9.771740 27.375704 0.850657
v -11.611534 27.369499 0.824891
v -13.033636 27.069086 1.079338
v -14.604057 26.822577 1.475365
v -15.816814 27.016966 1.976508
v -16.724766 28.502558 1.869998
v -17.849352 28.470928 2.579889
v 37.313988 -7.047716 -0.113166
v 36.605549 -4.874238 -0.157363
v 35.581791 -3.810335 -0.120224
v 34.529839 -2.525041 -0.121720
v 33.585018 -1.693682 -0.137284
v 34.214108 0.418475 -0.072239
v 33.384083 2.634435 -0.061299
v 32.447884 3.120613 -0.077535
v 33.220898 5.180188 0.090594
v 32.495941 7.316131 0.175907
v 31.653927 7.864104 0.181720
v 31.330589 9.409183 0.847180
v 30.441570 11.461197 1.309791
v 29.476431 12.532535 1.124445
v 28.672010 13.737960 1.142072
v 27.933136 16.058447 1.459831
v 26.027807 17.678101 1.498396
v 24.592529 19.651402 1.873550
v 23.295153 19.322817 1.721704
v 23.424603 20.766155 2.057985
v 23.691029 22.994505 2.670615
v 22.220133 23.888718 2.753883
v 20.847818 23.946943 2.922817
v 19.741268 23.779579 3.175081
v 19.989183 25.529612 3.059489
v 18.238062 27.256502 3.212608
v 16.954063 27.098232 3.534402
v 16.195425 26.906246 3.883993
v 16.173210 28.516594 3.662298
v 14.516843 28.947683 4.465638
v 13.887994 28.777582 5.032500
v 13.382496 30.267637 5.148935
v 12.463911 30.235163 6.215522
v -7.697395 32.598183 3.533453
v -9.011917 30.485525 1.417132
v -8.389146 28.327068 1.242951
v -7.137471 27.627428 1.615530
v 9.219794 -71.643486 45.500828
v 10.165457 -70.313812 45.479172
v 9.438413 -69.113678 45.027363
v 9.313679 -67.797470 44.515072
v 8.793189 -74.639450 46.219948
v 9.186370 -73.317802 46.106991
v 8.695858 -73.238373 45.900154
v 9.017455 -72.551506 46.002956
v 7.375118 -77.118111 46.484467
v 7.984640 -76.656990 46.722748
v 9.132653 -76.050659 46.725433
v 10.792207 -67.933662 45.187283
v 11.776291 -67.462357 45.596687
v 12.799333 -66.948410 45.568375
v 12.748629 -65.812714 45.244080
v 13.738304 -65.831474 45.576042
v 14.896327 -64.628662 45.243889
v 16.651117 -64.155579 45.375088
v 18.767405 -63.786503 45.350712
v 18.757734 -62.709629 45.019936
v 19.804953 -61.754593 44.747066
v 20.081112 -59.878506 43.879776
v 20.161999 -58.052006 43.033009
v 1.314613 -84.476036 43.075207
v 1.026952 -85.596733 42.618748
v 0.983309 -87.971413 42.497868
v 0.695783 -89.208069 42.073681
v 0.341099 -90.725304 41.641602
v 4.555633 -78.100220 45.255585
v 5.733455 -78.114700 45.955128
v 6.773175 -78.010895 46.533878
v 4.216647 -80.454781 45.700253
v 4.803549 -79.962097 45.933949
v 5.664467 -79.582603 46.317825
v 3.929827 -81.691841 45.655422
v 3.876899 -83.007660 45.747196
v 2.228893 -85.067619 44.515362
v 3.392751 -85.033684 45.577911
v 4.014007 -84.185257 45.967529
v 1.656540 -85.646179 43.702618
v -0.205048 -90.723213 40.198997
v -0.419607 -90.814583 38.556770
v -0.577467 -90.973831 36.256493
v -0.548120 -90.682014 34.774052
v -0.529177 -90.397797 33.356342
v -0.301338 -90.528282 30.987171
v -0.003161 -90.644333 29.076073
v 0.358185 -90.957321 27.411352
v 0.701569 -90.535156 26.091404
v 1.312972 -90.908928 24.466591
v 1.709812 -90.326767 23.483944
v 1.986132 -92.360695 22.832132
v 2.947211 -92.830170 20.811872
v 3.629168 -92.566223 19.724934
v 3.968212 -91.851463 19.182478
v 4.906404 -92.269485 17.714058
v 5.745941 -92.547798 16.547386
v 6.528977 -92.309372 15.621841
v 7.370678 -92.244072 14.676273
v 8.399481 -92.256348 13.755737
v 9.388260 -92.135674 12.860584
v 10.231097 -91.857742 12.114515
v 11.860056 -91.975624 11.094549
v 13.288092 -91.938087 10.269611
v 14.699132 -91.861107 9.533257
v 14.565647 -90.481491 9.527555
v 16.108685 -90.492371 8.989613
v 16.124693 -88.962227 8.910192
v 17.670109 -88.886536 8.422198
v 17.628756 -87.276199 8.298019
v 18.938625 -87.116119 7.944404
v 19.203896 -85.708000 7.717978
v 19.200352 -84.797951 7.575156
v 20.822149 -84.290550 7.162437
v 20.559015 -83.167297 6.992065
v 21.727711 -81.879265 6.277886
v 21.319109 -79.885773 5.316142
v 21.415113 -77.883354 4.081752
v 20.513027 -76.346565 3.595197
v 19.310530 -75.873772 3.729623
v 20.430256 -74.237251 2.673491
v 21.176311 -71.939117 1.592204
v 21.842186 -69.916306 0.795136
v 21.623409 -68.674911 0.598436
v 23.359867 -67.280579 0.378297
v 23.203402 -65.817459 0.280061
v 23.152067 -64.361839 0.180353
v 22.434332 -63.322891 0.093932
v 24.161942 -61.532963 0.069246
v 23.742540 -60.075993 0.054341
v 25.423388 -58.745857 0.030715
v 26.136570 -56.757694 0.055109
v 26.963329 -54.858974 0.061712
v 27.715370 -52.907406 0.074822
v 27.477098 -51.719166 0.069615
v 29.081650 -50.396790 0.061457
v 28.749344 -49.091187 0.059842
v 30.376675 -47.801540 0.047216
v 30.838804 -45.406803 0.031184
v 30.584801 -44.245159 0.031899
v 32.351208 -43.195374 0.012618
v 33.208508 -41.424717 0.026748
v 34.111580 -39.758804 0.057944
v 35.060135 -38.112286 0.080494
v 36.018116 -36.495934 0.106512
v 37.010376 -34.866619 0.096782
v 38.008331 -33.244873 0.091254
v 38.944431 -31.599136 0.075102
v 39.861961 -29.914675 0.027781
v 40.787350 -28.056870 -0.017153
v 40.622372 -26.545073 -0.016818
v 39.507217 -25.935316 -0.018178
v 40.777073 -23.941013 -0.008196
v 39.972301 -22.454193 0.013820
v 41.413277 -20.773623 0.016182
v 40.679577 -18.922989 0.020304
v 39.571152 -18.297405 0.042757
v 40.628632 -16.239147 0.001826
v 39.577454 -14.750732 0.002918
v 40.673714 -13.108482 -0.050093
v 39.839787 -11.144031 -0.068714
v 38.937340 -10.136095 -0.067616
v 38.042892 -9.102403 -0.065806
v 20.420252 -56.622498 42.411076
v 21.802067 -56.555622 42.142220
v 21.713146 -55.437607 41.769897
v 21.601349 -54.913460 41.509064
v 23.051184 -55.290562 41.332241
v 24.819368 -54.612141 40.595898
v 25.218164 -53.603222 40.051674
v 26.618616 -53.957344 39.687298
v 27.871120 -52.930676 38.792007
v 27.707165 -51.594830 38.376156
v 29.037785 -50.267056 37.389957
v 27.831217 -49.040314 37.501450
v 29.261305 -48.281010 36.665276
v 29.732674 -46.629227 35.978081
v 29.163254 -45.192261 35.766636
v 28.743343 -44.316605 35.673691
v 29.576719 -42.878601 34.876980
v 28.733673 -41.644936 34.901600
v 29.684481 -40.278839 34.089420
v 30.855370 -39.062916 33.150578
v 31.253748 -37.556843 32.565620
v 31.347326 -36.359268 32.237434
v 31.684269 -34.661583 31.685604
v 31.798252 -32.774502 31.213903
v 30.593487 -32.917458 31.752794
v 32.339951 -31.085526 30.606939
v 31.539307 -30.154060 30.777493
v 32.356720 -28.855576 30.209820
v 31.601667 -27.708675 30.274492
v 32.346710 -26.185404 29.825146
v 31.779751 -24.289005 29.864166
v 31.679583 -22.892496 29.727165
v 32.723785 -23.028643 29.303392
v 34.642906 -22.212101 28.444361
v 35.098721 -20.395161 28.116659
v 34.685780 -19.119123 28.201878
v 33.522049 -18.980129 28.630436
v 34.427731 -17.517521 28.201838
v 33.621445 -16.588717 28.451548
v 33.870293 -14.987074 28.216154
v 33.867100 -13.476038 28.076675
v 35.849529 -12.820100 27.330095
v 35.685383 -11.021121 27.219030
v 35.001591 -10.324545 27.432318
v 35.626999 -8.803090 26.911146
v 34.412544 -7.545266 26.959389
v 33.646564 -7.135240 26.982508
v 33.931129 -5.798092 26.493282
v 34.033192 -4.301377 26.335665
v 34.901360 -2.660136 25.498632
v 34.964573 -0.700674 24.556738
v 34.461533 1.083512 23.840496
v 33.449024 0.869257 24.256592
v 33.379318 2.295060 23.524101
v 32.577965 3.910770 22.901779
v 32.196259 5.762993 21.900417
v 31.239689 6.922357 21.478399
v 30.702307 6.556985 21.979166
v 31.174870 8.524276 20.290190
v 30.439987 10.581546 19.216787
v 28.987419 12.127120 19.334871
v 28.049061 13.499075 19.477039
v 27.537731 14.151943 19.615738
v 27.609798 15.576571 18.875496
v 26.856136 15.744704 19.601965
v 26.678717 17.257547 19.143560
v 26.272842 19.131830 18.874407
v 25.559914 19.251919 19.558819
v -23.182213 31.297562 14.005918
v -18.106010 33.337444 17.798517
v -20.056772 33.692993 17.650938
v -20.957470 33.448280 17.222992
v -21.690771 33.492516 16.555855
v -22.703314 33.398365 15.508865
v -23.750498 32.949608 13.916321
v -15.791120 32.999779 18.006460
v -16.984474 33.137184 17.760054
v -11.243776 31.850008 18.259085
v -12.667169 33.136608 18.223589
v -13.917764 33.158607 18.230358
v -14.781872 33.161167 18.178699
v -18.701109 29.948917 2.501673
v -20.143742 31.991138 2.713350
v -21.262915 32.055676 3.799125
v -21.638868 31.773769 4.574637
v -22.797821 33.522552 4.904223
v -23.518501 33.418091 6.135401
v -23.600786 33.109108 7.630318
v -24.374372 33.387280 9.629319
v -24.705107 33.069351 11.096554
v -24.581961 33.203438 12.385568
v -6.463331 32.205708 15.930114
v -7.479010 31.789452 16.874533
v -8.213764 31.476618 17.495199
v -9.155198 31.737352 17.818050
v -9.957421 31.816868 18.021841
v -9.314532 40.107861 7.696068
v -8.363656 38.923420 9.171486
v -8.531709 39.432060 10.388578
v -8.514324 38.938362 12.230211
v -8.119167 37.243698 13.315039
v -7.919526 35.827114 14.373777
v -7.445098 34.659088 14.897749
v -6.811753 33.483215 15.538294
v 25.625214 20.972519 18.985109
v 24.800169 21.126759 19.765211
v 24.054874 21.750048 20.263882
v 24.433424 24.033918 19.403782
v 23.904596 25.936766 19.597637
v 11.964691 31.805166 6.392992
v 11.151365 31.996248 7.688530
v 10.612510 31.908331 9.227613
v 10.040434 31.855318 10.958344
v 9.628220 31.803005 12.752630
v 9.394022 31.619381 14.953686
v 9.819173 31.255243 17.161522
v 9.938039 29.819828 17.116741
v 9.936514 28.973469 16.684368
v 10.542200 28.911558 18.169407
v 11.617984 28.974852 19.608664
v 12.280949 28.450771 20.027777
v 13.634646 28.623936 20.812904
v 15.543339 28.400368 21.243809
v 17.496260 28.560839 21.474840
v 19.723955 28.559113 21.495768
v 19.126080 28.872393 21.726057
v 18.386499 29.751678 21.674171
v 22.431662 27.592035 20.398428
v 21.555590 29.090204 20.613878
v 20.379967 29.686682 21.051926
v 23.425566 27.540710 19.774164
v -10.370468 29.196190 0.664044
v -12.092713 28.787937 0.688110
v -13.861628 28.598558 0.880940
v -15.311287 28.330503 1.190614
v -16.345844 30.134941 1.085860
v -17.652660 30.135448 1.711714
v 39.360649 -7.037699 -0.122381
v 38.602894 -4.947192 -0.157749
v 37.686226 -3.832736 -0.166118
v 36.912170 -2.014060 -0.145076
v 35.553173 -1.366869 -0.117885
v 36.378605 0.879334 -0.030449
v 35.452587 2.676984 0.027358
v 34.444267 3.320782 0.019073
v 35.487602 5.393559 0.187972
v 34.512127 7.352139 0.294126
v 33.460743 7.422891 0.314454
v 32.792583 8.487284 0.529301
v 30.084396 12.962847 1.886152
v 29.374290 14.557243 2.119504
v 28.727905 16.856796 2.569420
v 28.098198 17.560686 2.005638
v 27.419397 18.569792 1.911758
v 26.257360 20.059896 2.373224
v 25.159109 20.744295 2.226714
v 24.402941 20.829006 2.101512
v 25.284155 21.919065 3.022690
v 24.760210 24.960497 4.148299
v 23.214441 25.391483 2.951703
v 21.829809 25.535067 2.872419
v 21.474195 27.322620 2.766531
v 19.414667 28.444159 2.749548
v 17.844404 28.610943 3.108481
v 17.354422 30.243408 2.910680
v 15.497731 30.449972 3.527946
v 14.584130 29.997141 4.079996
v 13.991013 31.984749 4.092917
v 12.858865 31.839251 5.227994
v -10.675456 34.175995 1.307021
v -9.987972 32.273651 1.189213
v -11.009366 30.928951 0.507614
v 10.581397 -72.038460 46.213142
v 11.635588 -70.138016 46.074230
v 11.432956 -69.227554 45.720547
v 10.384858 -69.095398 45.569809
v 9.823311 -74.809845 46.879814
v 9.968789 -73.655540 46.485371
v 7.994004 -78.438759 46.964092
v 9.378530 -77.787971 47.212585
v 10.485960 -76.321930 47.377670
v 11.106245 -75.081039 47.357010
v 12.751097 -68.845123 46.051533
v 14.536004 -67.193542 46.099560
v 15.183144 -65.701447 45.719383
v 15.709504 -64.793816 45.695545
v 17.105019 -65.434105 45.868687
v 17.437187 -64.500191 45.630619
v 19.298943 -64.942734 45.998466
v 21.206816 -64.090645 45.620644
v 20.500177 -62.840096 45.073975
v 22.121120 -61.742023 44.414738
v 21.437851 -60.340183 43.933876
v 22.364401 -58.641663 42.957760
v 1.664746 -87.611702 43.652035
v 1.702135 -89.545471 43.820850
v 1.148771 -90.329208 43.013256
v 1.009220 -92.648643 42.933716
v 0.269082 -92.478737 41.589352
v -0.058829 -92.166237 40.563625
v -0.350270 -92.040413 39.127598
v 7.445290 -79.470528 47.011909
v 4.983636 -81.815712 46.500153
v 5.695424 -80.987183 46.705692
v 7.574889 -81.171661 47.420979
v 4.906763 -83.028549 46.540089
v 4.841742 -84.063133 46.614067
v 3.010920 -86.462181 45.312962
v 2.570412 -87.728844 44.853016
v 3.999271 -86.385010 46.080227
v 4.583093 -85.990189 46.469776
v 5.466632 -85.454742 47.063683
v -0.610957 -92.368813 36.577034
v -0.676471 -92.696869 34.317902
v -0.475820 -92.059914 32.849892
v -0.299579 -92.033119 30.548363
v -0.057341 -91.751541 29.122196
v 0.298656 -92.084740 27.484219
v 0.735968 -92.151779 25.964369
v 1.201755 -91.962875 24.710520
v 1.295825 -93.791634 24.324198
v 2.107681 -94.217896 22.460180
v 2.768741 -94.087395 21.175419
v 3.422929 -94.333916 19.940527
v 4.094676 -94.201347 18.866890
v 4.825864 -93.586899 17.810215
v 5.883304 -93.733063 16.335062
v 6.537351 -93.532822 15.559579
v 7.362499 -93.970909 14.683943
v 8.137167 -93.621094 13.996009
v 9.488607 -94.080627 12.870486
v 10.712040 -93.784615 11.983929
v 11.948727 -93.359451 11.119997
v 13.641174 -93.707306 10.199469
v 14.653986 -93.255623 9.648446
v 16.321993 -93.298874 8.993577
v 16.164749 -91.974403 9.017596
v 17.700024 -91.994545 8.531320
v 17.661667 -90.484367 8.503117
v 19.200058 -90.433884 8.087987
v 19.714178 -88.592552 7.895475
v 20.585985 -87.222115 7.613992
v 20.338997 -86.089645 7.534266
v 22.359289 -85.986153 7.162706
v 22.747303 -84.220810 6.845453
v 22.247826 -83.289398 6.705237
v 23.757910 -82.782616 6.362286
v 23.830606 -81.228241 5.589229
v 23.264471 -80.187813 4.746434
v 22.471704 -80.072769 4.993920
v 23.592644 -78.474930 3.690186
v 22.800236 -76.187454 2.848403
v 21.431770 -75.690361 3.019429
v 22.388811 -74.043526 2.089390
v 23.047482 -72.122459 1.390349
v 23.807457 -69.992134 0.666379
v 23.600191 -68.717361 0.472063
v 25.322758 -67.340927 0.301138
v 25.016745 -65.852379 0.229935
v 24.803286 -64.397125 0.174886
v 24.571665 -62.935528 0.115245
v 26.123829 -61.492325 0.076986
v 25.761335 -60.055553 0.043413
v 27.457232 -58.773388 0.027717
v 28.158012 -56.756050 0.033172
v 28.920441 -54.861694 0.056046
v 29.669710 -52.897758 0.067468
v 29.419456 -51.703579 0.069148
v 31.046103 -50.388325 0.061040
v 30.702003 -49.084301 0.050258
v 32.337677 -47.800156 0.028092
v 32.790192 -45.408535 0.011043
v 32.531773 -44.257572 0.010366
v 34.329903 -43.197781 -0.008465
v 35.185280 -41.429913 -0.005772
v 36.111717 -39.749367 0.016096
v 37.058891 -38.109081 0.026533
v 38.011166 -36.492840 0.031151
v 39.013882 -34.877708 0.026291
v 40.008278 -33.248081 0.027180
v 41.030079 -31.561033 -0.000135
v 41.886070 -29.893353 -0.011774
v 42.637108 -28.152411 -0.043014
v 42.548401 -26.938257 -0.037833
v 42.551651 -25.258863 -0.023232
v 42.507416 -23.531933 -0.018856
v 42.700844 -22.060822 -0.007769
v 43.232635 -20.283529 0.017297
v 42.721790 -19.353088 0.003648
v 42.241657 -17.896894 -0.006495
v 42.290501 -15.615409 -0.019805
v 41.511330 -14.629185 -0.031610
v 42.560471 -13.351109 -0.071486
v 42.187977 -11.086339 -0.117606
v 41.061619 -10.091474 -0.111979
v 40.122517 -9.096771 -0.100047
v 23.378094 -57.057892 41.997585
v 22.790886 -56.365814 41.791737
v 23.596992 -56.308308 41.576607
v 25.305653 -56.509659 41.149303
v 25.907164 -54.924213 40.331783
v 25.592035 -54.137131 40.241978
v 27.377401 -55.595009 39.965809
v 28.844158 -54.412609 38.916431
v 29.293882 -53.012379 38.226402
v 28.883636 -51.953152 38.017380
v 30.541393 -51.765045 37.240704
v 30.678049 -50.016506 36.581802
v 30.517282 -48.797188 36.239681
v 30.790701 -47.186375 35.590714
v 31.073868 -45.605762 34.981770
v 30.679535 -44.265293 34.755650
v 31.122133 -42.301056 33.950607
v 30.428522 -41.483334 34.045383
v 31.433672 -40.533615 33.268318
v 32.299026 -38.968117 32.411427
v 32.470966 -37.428429 31.947044
v 32.039345 -36.673981 31.989595
v 33.094349 -35.202854 31.134251
v 33.316921 -33.065632 30.619762
v 33.547836 -31.282564 30.200188
v 33.097134 -30.086309 30.150696
v 33.854691 -28.840710 29.614349
v 33.191509 -27.513187 29.681669
v 34.166386 -26.294271 29.100233
v 33.654606 -24.331223 29.063108
v 32.587257 -24.404646 29.518883
v 35.649975 -24.128649 28.206993
v 36.249420 -22.274965 27.798382
v 36.810898 -20.391195 27.394579
v 36.459099 -19.113821 27.504343
v 35.843082 -17.810472 27.689264
v 35.826733 -16.390085 27.629656
v 35.125828 -15.427878 27.805458
v 37.220535 -14.602560 26.949453
v 37.977673 -12.484517 26.570103
v 37.540245 -11.084219 26.573729
v 36.677193 -10.433198 26.768309
v 37.422195 -8.341951 26.166382
v 36.069809 -6.943350 26.412899
v 35.124664 -6.216303 26.500420
v 35.753613 -4.451607 25.963785
v 36.589649 -2.443347 24.914568
v 35.782913 -2.144125 25.045420
v 36.285690 -1.306693 24.551226
v 36.335842 -0.224299 23.990158
v 36.179928 1.181017 23.417744
v 35.297062 2.332449 23.044847
v 34.479950 2.341028 23.210505
v 34.774338 3.612682 22.439960
v 33.624523 3.788016 22.567339
v 33.862274 5.321665 21.580557
v 33.366341 6.740398 20.821230
v 32.526031 7.950642 20.277370
v 32.032642 8.774241 19.796520
v 32.130394 9.468280 19.172373
v 31.463285 11.688078 17.502262
v 30.465284 11.772619 18.371752
v 29.790588 12.974024 18.136166
v 28.586655 14.047649 18.630695
v 28.790415 15.674923 17.495872
v 27.944214 17.453791 17.587839
v 27.357435 17.348352 18.342863
v 27.262262 18.903082 17.782461
v 26.797077 20.866249 17.639261
v -17.047644 34.709248 17.896708
v -19.055178 34.847061 17.774700
v -20.351242 35.208740 17.617071
v -21.093842 35.272953 17.157597
v -21.783552 34.785717 16.681061
v -23.027805 35.254677 15.581430
v -24.211901 35.266560 14.260335
v -25.097687 34.633411 12.322994
v -14.778747 34.405418 18.041655
v -10.187375 33.197048 17.682524
v -11.747829 34.461727 17.794462
v -13.242602 34.296192 18.092066
v -18.303030 31.918425 1.559860
v -20.000210 33.616711 1.903570
v -21.090881 33.651413 2.699760
v -21.595430 33.243217 3.495458
v -22.762505 35.170879 3.679105
v -23.840403 35.149311 5.115668
v -24.014980 34.915638 5.826776
v -24.352182 34.776901 6.677402
v -24.531197 34.506744 8.018502
v -24.284929 34.258465 8.932115
v -25.594452 35.157063 10.147843
v -7.876461 33.487000 16.303150
v -9.008944 32.879959 17.359709
v -10.306219 42.386936 9.197583
v -10.588243 42.390865 8.045679
v -9.329345 40.858929 9.551597
v -9.338351 41.287270 10.926463
v -9.286040 40.231079 12.768063
v -8.885063 39.239170 13.021217
v -8.964840 38.284870 14.057403
v -8.698221 36.330025 14.971168
v -8.252122 35.013577 15.501243
v 26.435423 22.890087 17.553246
v 25.460566 22.904091 18.682117
v 24.877522 22.181435 19.447485
v 25.828081 24.574526 17.943636
v 25.256250 26.094816 18.385103
v 24.666937 26.939034 18.867435
v 24.109144 27.972326 19.181458
v 12.200897 33.386829 5.474782
v 11.302241 33.589039 6.988177
v 11.017024 33.126015 7.691819
v 10.401561 33.539753 9.237296
v 9.924986 33.372486 11.039054
v 9.524801 33.327141 12.903897
v 9.300472 33.348202 14.839081
v 9.411463 33.528408 16.494207
v 9.871675 33.024689 17.467571
v 10.248038 32.647640 18.590368
v 10.202181 31.436403 18.466425
v 10.121779 30.399645 18.078016
v 10.747771 30.778883 19.065807
v 11.730151 30.417830 19.787918
v 13.242007 30.470995 20.674417
v 15.010644 30.547377 21.137787
v 16.915257 30.035023 21.387297
v 15.933126 30.127838 21.401747
v 19.377874 29.710470 21.476017
v 19.015072 31.483824 21.273493
v 17.466631 31.478582 21.595793
v 22.995136 28.677046 19.863152
v 22.394094 30.057877 20.006594
v 20.913660 31.685602 20.506029
v 23.568438 29.665716 19.285967
v -12.646225 30.424677 0.543749
v -14.347418 29.966238 0.643753
v -15.179402 31.801987 0.619603
v -16.885929 31.734835 0.974712
v 41.445297 -7.026630 -0.124506
v 40.707596 -4.953336 -0.128527
v 39.677177 -3.891295 -0.126597
v 38.684723 -2.532428 -0.157176
v 37.925652 -1.667091 -0.184959
v 38.443489 0.329747 -0.047514
v 37.522358 2.672368 0.064215
v 36.493931 3.402634 0.091345
v 37.564861 5.418076 0.223118
v 36.586666 7.406693 0.330067
v 35.519936 8.421313 0.405825
v 34.229698 8.803162 0.608870
v 35.528282 11.011521 1.019630
v 28.590597 18.249035 3.257899
v 28.162821 18.287340 2.436995
v 27.799812 19.694561 2.861420
v 27.026180 21.120955 3.684651
v 26.878433 22.883284 5.493513
v 26.090351 25.554111 6.235065
v 25.029654 28.376329 5.491272
v 23.161974 27.634878 3.135992
v 21.854021 29.296474 2.553229
v 20.533037 29.675507 2.397363
v 19.146603 30.306005 2.478259
v 18.353117 31.887327 2.277237
v 16.768904 32.055595 2.595778
v 15.678724 31.608206 3.100351
v 15.364967 33.476440 2.758547
v 13.708737 33.658703 3.763980
v 13.031937 33.475552 4.424848
v -13.470498 38.327007 0.878042
v -12.486913 36.057545 0.987526
v -12.735398 34.054874 0.557725
v -11.848139 33.261459 0.633472
v -11.250239 32.515011 0.647099
v -12.745305 32.336960 0.505686
v 11.594538 -73.223572 47.039928
v 11.579080 -72.125320 46.691746
v 12.613115 -71.232918 46.853024
v 12.043785 -69.310944 46.138741
v 8.852672 -79.494476 47.588341
v 10.431862 -79.497437 47.863384
v 10.778071 -77.997749 47.894028
v 11.174758 -76.722099 47.801254
v 11.615985 -75.695480 47.837936
v 12.866642 -75.302307 47.914078
v 12.339670 -74.129524 47.620335
v 14.402594 -70.042656 46.851696
v 14.701276 -68.573006 46.586861
v 15.169362 -67.737846 46.494423
v 16.641788 -67.442360 46.470123
v 15.690592 -66.333740 46.110275
v 17.428186 -66.272240 46.284073
v 18.803511 -66.355705 46.209953
v 20.967539 -65.893265 46.167603
v 22.806938 -65.492973 45.958546
v 22.343740 -64.351746 45.585377
v 23.055010 -63.516247 44.987000
v 24.088469 -61.814903 43.967941
v 24.187693 -60.165615 43.143021
v 22.563406 -60.111401 43.604366
v 24.317427 -58.168526 42.252697
v 2.283299 -89.136688 44.545692
v 2.559107 -90.619720 44.872299
v 2.249661 -91.926643 44.497543
v 2.123595 -94.309860 44.543194
v 1.026284 -94.298149 43.190937
v 0.506264 -93.953537 42.222095
v -0.026669 -94.050713 40.592667
v -0.405275 -93.403915 39.285698
v -0.709099 -93.978989 36.365837
v 9.477872 -81.115883 47.967091
v 6.242650 -83.388329 47.310333
v 6.996802 -82.493706 47.457333
v 8.978718 -82.531349 48.049416
v 8.604464 -81.614716 47.979836
v 5.786161 -84.225700 47.244999
v 3.617786 -88.324432 45.938362
v 4.644490 -87.935631 46.631657
v 3.548751 -89.662415 45.943935
v 3.078554 -90.218567 45.505684
v 5.758679 -87.191505 47.268860
v 7.102011 -86.928947 48.078480
v 7.182753 -85.682335 47.935043
v 6.711352 -84.685631 47.673607
v -0.758785 -93.880638 34.265839
v -0.622485 -93.965851 32.747887
v -0.385349 -94.026520 31.059046
v -0.085961 -93.650887 29.260288
v 0.147349 -93.287331 27.719601
v 0.616645 -93.440002 26.029373
v 0.595256 -95.113693 25.994572
v 1.285790 -95.561203 24.078245
v 1.985665 -95.507721 22.611376
v 2.884563 -95.711159 20.888720
v 3.434745 -95.329666 19.890804
v 4.200224 -95.638260 18.580715
v 4.677644 -95.391487 17.866039
v 5.223300 -95.287987 17.110546
v 6.182931 -95.273170 15.866528
v 7.237355 -95.102539 14.726162
v 8.408373 -95.206177 13.662929
v 9.503214 -95.281380 12.800629
v 10.770172 -95.452309 11.915078
v 12.146497 -95.742134 11.062276
v 13.379699 -95.289185 10.390880
v 14.614286 -95.110855 9.755959
v 15.810690 -94.810440 9.228316
v 17.969398 -94.767303 8.419706
v 17.799009 -93.440552 8.501650
v 19.288746 -93.465111 8.069667
v 19.229105 -91.960884 8.100697
v 20.818493 -91.785149 7.715476
v 20.681211 -90.076523 7.728103
v 20.320864 -89.372894 7.782031
v 21.713690 -88.294991 7.483641
v 24.293041 -87.049095 7.028886
v 23.753183 -85.950066 6.969587
v 24.623449 -84.754944 6.661462
v 25.656546 -82.815361 6.103205
v 25.745426 -81.208954 5.220459
v 24.485603 -80.039375 4.418296
v 25.976479 -79.093094 3.424023
v 25.365856 -77.647903 2.702756
v 24.444536 -76.791397 2.601191
v 23.742924 -76.710434 2.778887
v 24.152309 -75.257843 2.060958
v 23.090509 -74.834473 2.166655
v 23.422440 -73.944710 1.726544
v 25.010302 -72.453117 1.076841
v 25.737234 -70.109398 0.544057
v 25.559912 -68.876167 0.369415
v 27.100302 -67.801003 0.258170
v 27.585888 -65.491852 0.116508
v 26.557026 -64.385162 0.140858
v 26.451490 -62.911598 0.085554
v 28.088219 -61.509163 0.048391
v 27.753456 -60.072609 0.040825
v 29.415867 -58.756611 0.021005
v 30.135544 -56.767128 0.032937
v 30.915030 -54.862587 0.029611
v 31.635942 -52.890850 0.054236
v 31.388447 -51.705978 0.057189
v 33.030678 -50.380344 0.024924
v 32.668381 -49.075588 0.022870
v 34.327866 -47.793053 -0.005677
v 34.781132 -45.415131 -0.010827
v 34.518742 -44.265499 -0.009834
v 36.337688 -43.205601 -0.028678
v 37.192776 -41.427345 -0.027147
v 38.102531 -39.750893 -0.014499
v 39.039120 -38.126350 -0.021695
v 40.020592 -36.501640 -0.022272
v 40.992908 -34.887226 -0.013228
v 41.999641 -33.249310 -0.030076
v 43.050404 -31.569969 -0.032558
v 44.259987 -29.662138 -0.060532
v 44.357170 -28.187708 -0.066501
v 44.235897 -27.177711 -0.057707
v 44.094173 -26.071108 -0.047453
v 44.614651 -24.234735 -0.039038
v 44.484772 -22.442976 -0.027608
v 44.496609 -20.444494 -0.010777
v 44.331081 -19.395222 -0.012265
v 44.026260 -18.283463 0.000429
v 43.962650 -15.831150 -0.039802
v 43.308632 -14.488622 -0.057675
v 44.493893 -13.013205 -0.089279
v 43.598423 -11.172311 -0.143517
v 43.090546 -9.515984 -0.153567
v 42.233028 -8.965336 -0.138117
v 26.144230 -58.863731 41.963753
v 27.313160 -57.796864 40.912479
v 27.127909 -56.755783 40.524673
v 28.647770 -57.203808 40.044415
v 29.709091 -56.037769 39.131031
v 30.711725 -54.697369 38.170517
v 30.288448 -53.471169 37.937817
v 32.039444 -53.222763 36.995243
v 32.282478 -51.447021 36.287045
v 31.944067 -49.931873 35.951263
v 31.320957 -49.146191 35.983925
v 32.078339 -47.715523 35.104065
v 32.028103 -45.755783 34.502781
v 32.174397 -43.984001 33.897038
v 31.785963 -43.017509 33.835812
v 32.839252 -41.617329 32.831425
v 33.288067 -39.389416 31.990486
v 33.757034 -37.681965 31.338432
v 34.203434 -35.955685 30.725622
v 34.814766 -34.344868 30.095694
v 34.905651 -32.806236 29.798620
v 34.635185 -31.273558 29.691055
v 34.390034 -30.141134 29.631861
v 35.272171 -28.977585 28.987080
v 34.794270 -27.563890 29.020948
v 35.854610 -26.404522 28.392309
v 37.078781 -24.966599 27.578632
v 36.857944 -23.785685 27.573261
v 36.951752 -22.891779 27.475828
v 38.290161 -21.256626 26.714725
v 38.822624 -18.915955 26.361483
v 37.726341 -17.952520 26.879850
v 36.741306 -17.913069 27.329878
v 36.832558 -16.694508 27.247478
v 38.379875 -15.774590 26.514183
v 38.928741 -14.142613 26.216772
v 38.857548 -12.860626 26.187851
v 38.971397 -11.519516 26.019100
v 38.689503 -10.242028 25.983404
v 39.070965 -8.330553 25.509058
v 38.792740 -6.564052 25.225939
v 37.551380 -6.528728 25.776302
v 36.619827 -6.022630 26.180977
v 35.718018 -5.706457 26.204990
v 37.542866 -5.241187 25.361320
v 37.759266 -3.398844 24.834719
v 38.252514 -1.950002 24.184221
v 37.520855 -1.251560 24.189190
v 37.994083 0.334927 23.525885
v 37.693214 2.253238 22.733624
v 36.481548 3.554150 22.273176
v 35.508430 4.079284 21.992199
v 35.586163 5.090083 21.400021
v 35.149979 6.824262 20.512848
v 34.130653 6.714848 20.654547
v 34.350590 7.884216 19.937214
v 33.500195 8.876939 19.282084
v 30.830101 13.437515 16.246256
v 30.488920 13.184380 17.169024
v 29.946236 14.743844 16.505640
v 29.323517 16.964417 15.771132
v 28.602566 18.008732 16.374851
v 27.999929 19.095964 16.646635
v 27.709072 20.721506 16.365164
v 27.402134 22.537045 16.258406
v -15.578115 36.486794 17.946531
v -17.593737 36.703312 17.860632
v -18.690151 36.102852 17.754900
v -20.164471 36.486511 17.476240
v -21.071573 36.210571 17.173992
v -22.084867 36.615158 16.472303
v -22.809790 36.036686 15.948160
v -24.015287 36.327335 14.827992
v -23.752916 37.411030 15.147144
v -25.652182 36.955452 12.863794
v -24.891548 37.209690 14.199897
v -26.314253 36.937634 10.995885
v -13.390231 35.948921 17.736734
v -9.408327 34.799465 16.518879
v -10.570477 34.630535 17.250780
v -10.950818 36.044071 16.824287
v -12.107250 36.058720 17.371050
v -17.299240 33.106815 0.775787
v -18.820513 34.702385 1.078712
v -20.549309 35.183426 1.735724
v -21.284307 34.830490 2.401566
v -22.069956 36.671841 2.239324
v -23.497885 36.785049 3.297201
v -24.346983 36.833996 4.407244
v -24.369902 36.182907 5.109499
v -25.063078 36.255783 6.758920
v -25.830105 35.922283 8.504396
v -26.532738 37.451008 8.970993
v -12.122204 44.235565 7.024713
v -11.304545 44.098515 10.064410
v -10.345872 42.580231 10.644860
v -10.823689 42.388340 12.362200
v -10.184062 40.299431 14.080162
v -9.540844 39.367485 14.054693
v -9.883538 38.522907 15.013578
v -9.670691 36.828510 15.767937
v 27.166983 24.232145 16.181812
v 26.523499 24.230581 17.122042
v 26.568073 25.405281 16.830095
v 25.947113 27.066803 17.430851
v 25.263136 27.942766 18.202450
v 24.743006 29.478317 18.396349
v 12.392371 35.063869 4.788934
v 11.562141 34.852795 5.904498
v 11.062517 34.855938 7.015706
v 10.398117 34.864803 8.668799
v 9.998822 34.823940 9.760688
v 9.729548 34.844761 11.073380
v 9.331022 34.815086 12.983480
v 9.281581 34.866413 14.900503
v 9.682107 35.132519 16.919556
v 10.213753 34.711491 18.199980
v 10.784958 34.119011 19.197186
v 10.992373 32.963867 19.461130
v 10.740645 31.996841 19.176311
v 11.786141 32.215340 20.082811
v 12.631571 31.469522 20.616667
v 14.707112 31.941998 20.718296
v 14.153648 31.940331 20.438360
v 13.559192 32.729042 20.715464
v 16.223150 31.398409 21.511745
v 15.802576 32.722466 21.064228
v 19.305990 33.328934 20.889359
v 18.419937 33.064426 21.234446
v 17.749531 32.829155 21.556137
v 16.745090 32.807346 21.594687
v 22.952076 31.939651 19.382540
v 22.063713 31.810011 19.948191
v 21.937084 33.563812 19.803251
v 20.315289 34.501324 20.392921
v 24.287167 31.900934 18.332600
v -14.526471 33.589386 0.454503
v -15.928393 33.345814 0.487937
v 43.413681 -6.959604 -0.158197
v 42.716385 -4.986379 -0.136588
v 41.876328 -3.928559 -0.137696
v 40.852512 -2.455809 -0.111861
v 39.698929 -1.439046 -0.114961
v 40.703243 0.670123 -0.003963
v 39.616913 2.634974 0.099995
v 38.587677 3.332352 0.120106
v 39.627380 5.394979 0.272124
v 38.645645 7.396836 0.350540
v 37.587143 8.457230 0.428203
v 36.548306 9.396371 0.554226
v 37.490669 11.373181 0.797126
v 36.457977 13.387159 1.234611
v 35.179581 13.882348 2.292006
v 26.996220 24.484518 7.322509
v 27.927284 22.907795 8.136610
v 26.304495 27.015884 7.379980
v 26.698118 25.618607 7.511046
v 23.527979 30.408230 3.607958
v 24.352945 32.620857 5.398876
v 25.744762 30.209482 7.496011
v 25.906601 28.539206 7.229371
v 22.726728 29.647045 2.879109
v 21.948305 31.394899 2.530948
v 20.941669 31.044624 2.181182
v 19.834335 31.204306 2.190629
v 20.017729 32.738491 1.958468
v 18.250889 33.437199 1.950347
v 17.104445 33.134560 2.170190
v 16.865044 34.868549 1.948716
v 15.119482 35.227585 2.416800
v 14.451429 34.853161 2.900232
v 13.837881 34.634529 3.438959
v -14.139357 36.430393 0.546955
v -14.123816 35.023499 0.479986
v 13.650623 -73.404366 47.644119
v 12.834685 -72.484779 47.262367
v 13.526936 -72.162529 47.407555
v 15.069630 -71.654556 47.413609
v 11.783486 -80.924011 48.683372
v 11.799637 -79.503265 48.387207
v 11.918568 -78.255997 48.284626
v 12.285348 -76.805519 48.149998
v 12.348701 -75.795715 48.152088
v 13.532335 -76.968117 48.602448
v 15.126617 -75.112167 48.430275
v 16.047600 -70.137413 47.130459
v 15.852544 -69.091843 46.850952
v 17.633669 -69.141396 47.033424
v 17.611000 -68.012383 46.771507
v 18.916588 -68.075600 46.768360
v 21.033211 -67.529633 46.569450
v 22.619743 -66.995323 46.381382
v 24.470036 -67.058914 46.063000
v 24.146942 -65.731529 45.590889
v 23.458853 -65.160683 45.435799
v 24.857574 -64.363831 44.765129
v 24.196939 -63.013508 44.434963
v 24.920244 -62.712517 44.052444
v 25.684364 -61.418758 43.211346
v 24.652445 -61.070282 43.433140
v 25.655355 -60.104031 42.660255
v 3.595597 -92.193207 45.991714
v 3.635006 -94.050835 46.096294
v 1.126941 -95.896027 43.489769
v 2.300520 -95.963287 45.070065
v 3.400368 -95.706192 46.095509
v 0.508303 -95.462051 42.312855
v 0.035438 -95.246933 41.071205
v -0.527228 -95.660049 38.832520
v -0.683669 -95.237900 37.210537
v -0.921769 -95.766090 34.367023
v -0.872365 -95.153923 33.454037
v 10.441285 -82.553711 48.484093
v 10.565977 -81.749146 48.716946
v 8.634734 -84.589661 48.167194
v 11.002176 -83.798615 48.792854
v 4.810689 -89.401115 46.915627
v 4.658165 -90.514961 46.867210
v 5.526854 -89.167511 47.295399
v 6.450306 -88.954514 47.789940
v 4.132435 -91.528564 46.587601
v 8.307668 -88.472786 48.723099
v 8.356031 -87.133072 48.574020
v 8.227663 -86.232277 48.363861
v -0.513383 -95.348351 31.096195
v -0.205214 -95.378548 29.260265
v -0.014452 -95.140167 27.978542
v 0.138805 -96.828018 27.220993
v 0.880160 -96.990250 24.870359
v 1.227737 -96.567970 24.044716
v 1.934904 -97.041954 22.435101
v 2.628640 -96.734474 21.209129
v 3.308684 -97.160538 19.956394
v 4.063159 -96.988991 18.749241
v 5.010528 -97.084167 17.374981
v 5.271430 -96.437416 16.969627
v 6.334867 -96.700180 15.726254
v 7.628911 -96.957092 14.339312
v 8.747033 -96.721695 13.301585
v 9.548815 -96.462891 12.646323
v 10.715324 -96.764610 11.845583
v 12.155922 -96.974724 11.003920
v 13.771452 -97.132568 10.121373
v 14.667389 -96.804604 9.682146
v 15.662996 -96.482697 9.249009
v 17.972425 -96.727097 8.324146
v 19.432222 -96.271561 7.842712
v 19.342733 -94.952591 7.981871
v 20.810511 -95.049362 7.612552
v 20.811352 -93.481895 7.692783
v 22.437378 -93.464661 7.388934
v 22.537743 -91.715027 7.374358
v 22.153666 -90.761551 7.442612
v 21.816326 -89.891579 7.494295
v 23.633968 -89.703461 7.218688
v 26.511435 -88.538208 6.985518
v 26.201368 -86.817444 6.838069
v 25.563387 -85.887878 6.743371
v 27.026903 -84.647446 6.312513
v 26.455069 -83.400909 6.180760
v 27.782173 -82.048485 5.298521
v 28.106613 -79.883705 3.717140
v 27.845648 -77.685036 2.392582
v 26.433327 -76.711685 2.124382
v 25.295279 -75.876930 1.957221
v 26.395121 -74.099808 1.236156
v 24.541628 -73.849487 1.432429
v 27.560049 -71.758118 0.611751
v 27.723927 -70.041695 0.408074
v 27.424257 -68.987793 0.310920
v 28.893255 -67.829346 0.200272
v 29.052973 -65.789070 0.122606
v 29.411312 -63.833355 0.057810
v 28.462185 -63.251953 0.072710
v 30.187632 -61.389294 0.035073
v 29.727987 -60.046036 0.021677
v 31.389954 -58.731689 -0.001793
v 32.127342 -56.748604 0.000989
v 32.918491 -54.861973 0.032393
v 33.633877 -52.894978 0.042555
v 33.364731 -51.693638 0.038999
v 35.027515 -50.384621 0.020892
v 34.661400 -49.073765 0.001307
v 36.346394 -47.787521 -0.024489
v 36.802269 -45.415051 -0.032627
v 36.542500 -44.267315 -0.042113
v 38.372879 -43.208881 -0.049361
v 39.193306 -41.441742 -0.035760
v 40.089890 -39.764317 -0.042275
v 41.035374 -38.125561 -0.035724
v 41.985584 -36.507294 -0.027169
v 42.964581 -34.904896 -0.054820
v 43.969116 -33.269642 -0.041766
v 44.953728 -31.619265 -0.057086
v 45.952866 -29.924988 -0.081135
v 46.792011 -28.381065 -0.075252
v 46.380688 -27.108007 -0.052154
v 45.415184 -26.318296 -0.052074
v 46.344273 -24.490576 -0.048936
v 45.616253 -23.041845 -0.038839
v 46.983555 -21.323942 -0.032508
v 46.243416 -19.541567 -0.023207
v 45.401714 -18.558512 -0.018660
v 46.143848 -16.610773 -0.039656
v 45.269600 -14.638898 -0.066826
v 46.524475 -13.080495 -0.078139
v 45.766151 -11.131235 -0.107948
v 44.892403 -10.122811 -0.127274
v 44.087280 -9.003865 -0.147008
v 26.551172 -60.212898 42.350357
v 27.418999 -60.041805 41.903313
v 28.313826 -59.354481 41.159271
v 28.467396 -58.230465 40.568188
v 29.587711 -58.663074 40.223476
v 31.062695 -57.711700 39.135395
v 31.530287 -55.959396 38.253891
v 31.856817 -54.719868 37.637917
v 33.118973 -54.801785 37.029652
v 33.749928 -53.095818 36.061768
v 33.743477 -51.428444 35.466087
v 33.133389 -50.090126 35.344570
v 33.196667 -48.539108 34.763363
v 33.628937 -46.799564 33.928017
v 33.196903 -45.419563 33.750538
v 32.833015 -44.562164 33.699738
v 33.892319 -43.095005 32.644932
v 34.458050 -40.992126 31.735344
v 34.573563 -39.575714 31.328268
v 34.931274 -37.885353 30.738457
v 35.352058 -36.221958 30.170818
v 35.763416 -34.569962 29.614910
v 36.049503 -32.936249 29.169888
v 36.298611 -31.289997 28.765272
v 35.674927 -30.687567 29.033321
v 36.573429 -29.313183 28.334324
v 36.341423 -27.809866 28.291077
v 37.681934 -27.039146 27.456572
v 38.383450 -24.969275 26.891613
v 38.175529 -23.942547 26.932337
v 37.831802 -23.125027 27.035543
v 39.505203 -22.539070 26.154661
v 39.637455 -20.785208 25.991377
v 39.943436 -19.464052 25.793522
v 40.407192 -17.696482 25.527617
v 39.639030 -16.603226 25.897078
v 40.139694 -14.250788 25.608568
v 40.024426 -12.594811 25.606756
v 39.760403 -11.228870 25.625490
v 39.457302 -10.534646 25.690914
v 40.313499 -9.189057 25.113995
v 40.612904 -6.945263 24.554522
v 40.404339 -5.110730 24.210592
v 39.025162 -5.184741 24.781507
v 39.425606 -3.664790 24.244473
v 38.917294 -2.517700 24.136333
v 39.875511 -0.896705 23.249102
v 38.396194 -0.916349 23.737642
v 39.948074 1.335269 22.581795
v 39.259251 2.452619 22.299036
v 38.399841 3.792196 21.994461
v 37.861191 5.254439 21.670301
v 36.766647 4.536391 21.545336
v 36.809864 5.409766 21.320131
v 36.945690 6.859639 20.745966
v 36.119942 8.430529 19.762127
v 35.183437 7.663785 20.032068
v 36.853573 10.257675 19.213678
v 36.622997 10.327333 18.447371
v 36.771759 11.469036 18.750748
v 35.827415 11.216087 18.263933
v 30.587246 14.689180 15.232123
v 30.127205 16.401665 14.199553
v 29.434847 18.240747 14.524902
v 29.011930 18.739111 15.214313
v 28.455019 20.260374 15.173147
v 28.089100 22.652966 14.643229
v 27.678907 24.044695 15.081759
v -14.385466 37.902161 17.387533
v -16.264174 38.278572 17.657415
v -17.161814 37.648567 17.714989
v -18.204512 37.772011 17.616817
v -19.606438 37.795048 17.413876
v -20.813023 37.774612 17.212305
v -21.440079 37.379974 16.951271
v -22.235731 39.111019 16.123043
v -24.872175 39.692329 14.304554
v -25.738590 38.726933 13.411173
v -26.685900 38.394741 11.621721
v -26.081150 38.015408 12.630600
v -27.289448 39.416786 9.691879
v -12.421840 37.561272 16.831915
v -10.906703 37.927776 15.922969
v -16.367922 35.082458 0.415586
v -17.973209 36.502316 0.496031
v -19.406925 36.290195 0.915420
v -20.441996 36.154690 1.274513
v -20.485703 37.830399 1.096752
v -22.491472 38.263203 1.748216
v -23.373049 38.235031 2.377303
v -23.734581 37.873932 3.073676
v -24.927567 38.392189 4.375319
v -25.180725 37.979221 5.289529
v -25.286816 37.579056 6.122905
v -25.632215 37.702179 7.467433
v -26.303583 38.873871 7.578402
v -13.339023 46.790035 9.406069
v -14.974804 48.577065 6.591999
v -12.214744 45.235332 9.137002
v -12.244069 45.472065 9.935834
v -12.509285 45.275208 11.197217
v -11.290048 43.998856 11.255261
v -11.741099 43.915157 11.954796
v -12.576692 43.874744 13.056733
v -11.995658 42.134590 13.994442
v -11.344194 40.786942 14.449167
v -10.797417 39.370655 15.083564
v 27.396048 25.756567 15.000426
v 27.012945 25.556803 16.056574
v 26.767014 26.979753 16.100376
v 26.259771 29.003675 16.530788
v 25.621429 29.317142 17.591787
v 25.673607 31.261909 16.900454
v 13.310200 36.288471 3.568277
v 11.953793 36.684387 4.792178
v 11.277292 36.688679 5.772869
v 10.893267 36.201904 6.798128
v 10.198697 36.312958 8.503941
v 9.766917 36.486282 9.729935
v 9.580296 36.138836 10.783061
v 9.054752 36.546207 13.282482
v 9.145288 36.111069 14.846025
v 9.528184 36.650261 16.790886
v 10.165540 36.706039 18.146729
v 10.815919 36.286751 18.748152
v 11.840608 35.841354 19.817936
v 11.758421 34.600002 19.949415
v 11.612250 33.677158 19.970074
v 12.979858 34.571918 20.435369
v 15.148808 33.128742 20.564480
v 14.620560 32.941540 20.508591
v 15.251456 34.566517 20.738989
v 17.628260 34.432587 21.044889
v 19.115803 34.542736 20.754721
v 23.485256 33.284214 18.858543
v 22.806507 33.385635 19.315592
v 22.803843 34.731110 19.102259
v 22.068686 34.707516 19.569576
v 21.490469 35.747669 19.728912
v 19.883997 36.465977 20.316813
v 19.046804 35.644073 20.642141
v 25.122425 33.098404 17.376034
v 24.283792 34.415966 17.971838
v 45.339718 -7.062005 -0.120551
v 44.626343 -5.026553 -0.149852
v 43.806103 -4.055883 -0.155314
v 43.017616 -3.041935 -0.140179
v 42.474422 -1.190972 -0.065556
v 42.571587 1.112826 0.069248
v 42.007706 2.831322 0.181618
v 40.724903 3.383561 0.176286
v 41.746830 5.345665 0.399972
v 40.707676 7.319726 0.482823
v 39.618736 8.402371 0.503094
v 38.628559 9.496168 0.503747
v 39.455708 11.425831 0.799794
v 38.368404 13.490065 0.924938
v 37.388309 14.210678 1.017668
v 36.910488 16.139833 1.749927
v 35.429485 17.595764 3.163968
v 28.618984 21.516396 8.834484
v 28.942373 20.509857 8.673312
v 28.495403 21.213270 7.764322
v 27.377556 25.387173 9.102568
v 28.241018 23.249487 9.894067
v 28.671490 22.028032 9.806499
v 26.536331 28.493311 8.662843
v 26.742384 27.046377 8.344383
v 22.248281 33.133072 2.893949
v 22.499245 35.076408 3.075683
v 24.217960 35.915970 5.695624
v 25.043589 34.043121 6.760437
v 24.991646 33.019020 6.532981
v 25.579273 32.401653 7.584636
v 26.397144 31.141125 9.321517
v 26.437504 29.939251 9.068206
v 21.201506 32.972523 2.258806
v 20.422768 34.459118 1.927916
v 18.829159 34.422386 1.690737
v 18.380114 36.372410 1.406979
v 16.407955 36.610550 1.633932
v 15.256858 36.446838 2.221796
v 14.344124 36.450466 2.742643
v -14.910494 37.713753 0.535329
v -15.362430 36.701382 0.411792
v 15.835179 -73.389565 48.043934
v 17.353594 -72.121872 47.783619
v 17.243685 -70.716019 47.458073
v 11.297783 -82.559685 48.950077
v 12.427996 -82.748238 49.064724
v 13.767432 -81.497665 49.312130
v 13.894926 -79.587265 49.120731
v 12.533775 -79.663559 48.761269
v 12.872180 -78.631981 48.848995
v 14.465598 -77.948456 49.257259
v 15.242577 -76.692245 49.031811
v 17.020863 -76.185547 48.868271
v 16.550968 -74.870415 48.581318
v 16.242531 -74.146019 48.566303
v 19.316393 -70.655907 47.543606
v 19.327160 -69.245644 47.147671
v 21.172453 -69.316765 47.143013
v 23.564442 -68.690063 46.612713
v 25.975924 -68.562836 46.083656
v 25.887035 -67.114922 45.717907
v 25.206791 -66.916260 45.824322
v 25.262407 -66.180840 45.466232
v 26.926464 -65.626198 44.617233
v 26.315916 -64.098167 44.158112
v 25.781578 -63.109241 43.906082
v 27.150169 -62.963753 43.383457
v 27.687115 -61.251812 42.318497
v 4.433008 -93.626511 46.813778
v 5.183673 -93.197342 47.434315
v 4.478328 -95.658363 47.094933
v 5.353552 -94.954102 47.681221
v 1.677181 -97.407059 44.585789
v 0.883531 -97.133003 43.446648
v 0.256160 -97.318710 42.255642
v -0.124611 -96.718819 40.911106
v 3.292060 -97.385529 46.298252
v 4.617953 -96.995041 47.408768
v -0.787934 -96.870712 38.652565
v -0.914107 -96.899239 36.422939
v -1.010734 -96.894691 34.415134
v -1.012832 -97.116844 32.578896
v -0.810976 -96.695374 31.363728
v 9.820179 -86.757362 48.972698
v 11.624689 -85.687370 49.214638
v 13.006339 -84.164375 49.411373
v 5.480536 -90.615059 47.404987
v 6.385239 -90.387100 47.891407
v 5.050722 -91.958420 47.276703
v 6.184595 -92.135658 47.974815
v 8.225690 -90.359619 48.803398
v 9.984638 -90.083939 49.507359
v 9.888269 -88.800789 49.356007
v 9.692562 -88.023689 49.180897
v -0.419639 -96.821785 29.473286
v -0.405388 -98.335388 28.278767
v 0.183024 -98.354324 26.293653
v 0.563408 -98.525154 25.093500
v 0.894640 -98.073425 24.476103
v 1.554212 -98.130722 22.909500
v 2.345290 -98.474503 21.423471
v 3.125290 -98.272377 20.113644
v 3.920243 -98.143166 18.800982
v 4.798348 -98.648293 17.468800
v 5.244591 -98.134789 16.946070
v 6.299230 -98.118362 15.725434
v 7.348980 -97.965294 14.602989
v 8.321113 -98.443039 13.624224
v 9.186147 -98.252693 12.858126
v 10.412657 -98.060242 11.898536
v 11.920883 -98.206245 11.026998
v 13.571351 -98.449783 10.117478
v 14.639795 -98.337822 9.591223
v 15.835380 -98.172119 9.055639
v 17.382492 -97.967705 8.431137
v 18.932459 -98.371826 7.827154
v 20.675865 -97.956245 7.354029
v 20.708179 -96.619682 7.490782
v 22.375717 -96.538673 7.172477
v 22.450808 -95.048103 7.300859
v 24.403908 -94.823074 7.042765
v 24.320463 -93.117554 7.132700
v 23.728325 -92.169632 7.237634
v 23.892538 -91.197464 7.209556
v 25.636236 -91.198700 7.084572
v 28.462519 -90.217613 7.106387
v 28.593122 -88.388557 6.953797
v 28.246456 -86.994331 6.758613
v 27.520433 -86.372955 6.689616
v 29.178032 -84.672531 6.207446
v 28.579233 -83.220268 5.688685
v 30.089193 -81.741104 4.793066
v 29.263350 -80.983704 4.073991
v 30.138697 -79.713158 3.414737
v 29.700871 -78.034592 2.423368
v 29.245003 -76.088806 1.463243
v 27.598942 -75.660217 1.487806
v 28.789917 -73.985115 0.813969
v 29.167799 -71.990807 0.534377
v 29.752562 -69.940231 0.274225
v 29.393017 -68.837952 0.228940
v 31.083107 -67.360794 0.114797
v 30.473524 -65.824333 0.098747
v 30.909647 -63.783096 0.048546
v 30.631910 -62.601273 0.033028
v 32.101902 -61.321033 0.009832
v 31.712181 -59.995052 -0.002726
v 33.366028 -58.727654 -0.008131
v 34.118851 -56.759556 0.010102
v 34.913734 -54.866692 0.005494
v 35.649193 -52.883640 0.017078
v 35.381302 -51.692699 0.018386
v 37.066547 -50.379250 -0.018627
v 36.689468 -49.073887 -0.017592
v 38.392372 -47.795528 -0.031634
v 38.842358 -45.418957 -0.050112
v 38.593765 -44.269646 -0.061989
v 40.422695 -43.226547 -0.066772
v 41.222595 -41.453072 -0.061361
v 42.104038 -39.770947 -0.045764
v 43.007576 -38.137024 -0.026997
v 43.960472 -36.529354 -0.041315
v 44.939075 -34.921276 -0.035065
v 45.911186 -33.298161 -0.053927
v 46.897949 -31.642237 -0.048635
v 47.862831 -29.938028 -0.078985
v 48.650211 -28.138638 -0.100835
v 48.263165 -26.774330 -0.110540
v 47.467628 -25.665154 -0.065335
v 48.550510 -24.154013 -0.077033
v 47.742893 -22.740667 -0.032675
v 49.104458 -21.017021 -0.045388
v 48.452614 -19.120375 -0.037643
v 47.448681 -18.456623 -0.037066
v 48.436100 -16.437620 -0.032846
v 47.404018 -14.811452 -0.056085
v 48.541481 -13.121985 -0.050851
v 47.750618 -11.153689 -0.085053
v 46.897667 -10.144727 -0.100742
v 46.066067 -9.131995 -0.123426
v 28.294250 -60.565105 41.686058
v 29.596575 -60.989868 41.341183
v 29.712734 -59.757782 40.679516
v 31.308786 -60.025860 40.056988
v 32.619751 -59.177559 38.968815
v 32.779308 -57.675430 38.269215
v 32.542568 -56.544071 37.969791
v 34.181431 -56.358044 37.042557
v 34.753662 -54.480434 36.075394
v 34.278229 -53.659393 35.994980
v 35.463432 -52.137112 34.746159
v 34.808880 -50.438465 34.481678
v 34.435425 -48.868927 34.167439
v 34.041183 -47.660446 33.974300
v 35.016083 -46.367348 32.972996
v 34.805363 -44.466942 32.517887
v 35.385880 -42.512569 31.596626
v 35.528507 -41.145153 31.161575
v 35.827450 -39.541351 30.596186
v 36.159458 -37.992210 30.057673
v 36.558815 -36.390560 29.527227
v 36.915993 -34.742828 29.000402
v 37.184929 -33.086262 28.568874
v 37.288853 -31.318890 28.186218
v 36.961918 -30.300135 28.235365
v 37.739044 -29.315710 27.635269
v 39.029072 -28.115227 26.824894
v 39.261040 -26.877041 26.602196
v 39.309650 -25.592796 26.464281
v 39.447182 -24.324093 26.307264
v 40.680771 -24.045031 25.685469
v 40.910004 -22.344023 25.445194
v 41.332901 -20.701895 25.209070
v 40.606201 -20.086510 25.442125
v 41.734970 -18.394369 24.942797
v 41.542259 -16.474321 24.932997
v 40.712852 -16.430204 25.338549
v 41.278561 -15.068660 24.992422
v 41.782242 -12.764866 24.601212
v 41.213486 -11.692316 24.874046
v 40.766499 -10.669169 25.075680
v 41.843266 -9.198281 24.246393
v 42.023125 -7.109296 23.745611
v 42.176502 -5.071062 23.274603
v 41.365147 -3.949933 23.473919
v 40.570236 -3.885823 23.820492
v 40.893890 -2.704181 23.346573
v 41.744015 -0.998989 22.495491
v 41.554653 0.505540 22.255077
v 41.283016 1.662289 22.078793
v 40.740322 3.594253 21.530260
v 39.393555 3.809359 21.591139
v 39.464031 5.484365 21.176561
v 38.613338 7.198734 21.130028
v 38.019321 8.315897 20.360813
v 37.318714 8.324639 20.018055
v 37.847641 9.562138 19.910664
v 38.143810 11.755054 19.405022
v 36.704090 13.326704 17.899918
v 37.552578 13.086305 18.667322
v 35.747299 12.965635 17.074709
v 35.105129 12.325402 16.661179
v 35.192154 13.692393 15.823613
v 29.944811 17.943968 12.166852
v 29.554115 18.837114 13.179189
v 29.039244 20.264563 13.700590
v 28.522348 22.061165 13.314714
v 28.240107 23.746161 12.787997
v 27.977156 25.099136 13.370825
v -13.564817 39.661457 16.547523
v -15.526693 39.530842 17.200397
v -17.215128 39.603630 17.242756
v -18.516394 38.948818 17.319805
v -20.445505 39.229004 16.976912
v -20.532511 40.617466 16.608114
v -22.675362 41.517719 15.799241
v -23.581537 41.020756 15.336965
v -24.616905 40.973377 14.543530
v -25.952353 41.177029 13.423019
v -26.885344 40.411366 12.211037
v -26.505816 39.236546 12.454365
v -27.062546 39.409389 11.134224
v -27.059319 40.860771 6.848443
v -27.951391 41.177258 9.197026
v -27.874334 40.901707 10.543754
v -11.870200 39.384769 15.733686
v -16.721792 37.786324 0.392501
v -18.575514 37.933189 0.593510
v -19.490337 39.668972 0.645624
v -21.360641 39.512363 1.119369
v -22.875952 39.671631 1.674170
v -23.798079 39.264671 2.210310
v -24.846140 39.471382 3.375845
v -25.545414 39.608471 4.390286
v -26.015383 39.788574 5.289994
v -26.025679 39.100269 6.219910
v -15.301419 49.920677 9.086746
v -14.571620 48.371799 10.780779
v -13.529020 46.864513 10.845171
v -13.933660 46.816307 11.934911
v -13.278851 45.378590 12.424577
v -14.193387 45.446819 13.468350
v -13.436647 43.819351 14.288697
v -12.960715 42.522507 14.682611
v -12.524730 40.972374 15.270302
v 27.576366 27.243282 13.368592
v 27.210180 27.245207 14.842275
v 26.995214 29.054825 14.807660
v 26.426115 30.180323 15.971424
v 26.660769 31.372417 15.419874
v 26.251770 33.462601 15.433859
v 25.657209 33.118095 16.598192
v 13.608197 37.957108 3.008464
v 12.325527 38.141682 4.093779
v 11.723108 37.943920 4.998437
v 10.971081 37.956032 6.084077
v 10.414254 37.861855 7.285361
v 9.859249 37.825588 8.822078
v 9.374773 37.643768 10.180500
v 9.443765 37.287151 10.775807
v 8.868896 38.079090 12.398096
v 8.822889 38.481556 14.868590
v 9.201314 37.804878 16.121414
v 9.845305 38.195286 17.619928
v 10.430787 38.002735 18.441486
v 11.345469 37.817699 19.207605
v 12.051369 37.436893 19.842270
v 13.512959 36.441216 20.505251
v 13.470453 37.713116 20.412079
v 14.659183 36.203621 20.668880
v 16.853842 36.554802 20.767496
v 15.804823 37.305168 20.652498
v 18.368395 37.258759 20.669563
v 23.596258 36.516800 18.322811
v 22.462954 36.204906 19.105543
v 21.845007 37.718929 19.228666
v 20.451502 37.398575 20.016335
v 19.529823 37.644054 20.363106
v 25.466631 34.615555 16.561563
v 24.804621 36.717720 17.013605
v 47.339359 -7.118763 -0.107224
v 46.615410 -4.996627 -0.116718
v 45.630604 -4.012947 -0.135765
v 44.834164 -3.082399 -0.164922
v 44.284733 -1.518195 -0.111078
v 44.105343 0.622289 0.070030
v 43.671902 2.743726 0.264769
v 42.727180 3.949687 0.318080
v 43.547607 4.950381 0.498836
v 43.048847 6.858604 0.713648
v 41.889290 8.264622 0.760621
v 40.609306 9.392057 0.691098
v 41.424168 11.504395 1.115162
v 40.317474 13.451255 1.099373
v 39.409130 14.146533 1.052601
v 38.658752 16.184362 1.262318
v 38.018841 18.263115 1.534917
v 37.268936 19.473276 2.066291
v 36.363140 20.792133 2.859133
v 35.620235 21.884235 3.861358
v 35.701996 23.640585 4.351443
v 35.839954 25.387438 5.291914
v 29.067488 20.608513 9.761933
v 29.473909 19.242825 9.309767
v 29.110575 19.603371 7.631961
v 27.077200 27.200129 9.267606
v 27.537954 26.816280 10.448166
v 28.003052 25.276903 11.374801
v 28.347542 23.467739 11.358085
v 28.783598 22.077038 11.096507
v 29.143379 20.718956 10.979528
v 26.982567 29.837814 10.808959
v 27.176826 28.149889 10.022634
v 21.455175 34.806553 2.278019
v 22.360937 37.843971 3.094037
v 20.708328 36.639954 1.795220
v 24.183748 38.959930 5.909229
v 24.903500 37.109478 6.963893
v 24.870356 36.147537 6.823283
v 25.447489 35.331306 7.801091
v 25.561743 33.795544 7.712661
v 26.012775 33.900135 8.867013
v 26.572559 32.882824 10.480006
v 26.819092 31.463448 10.746727
v 19.198704 38.150372 1.196218
v 17.444267 38.165344 1.132681
v 16.174816 37.915730 1.535827
v 15.044464 37.689503 1.962231
v -13.865077 40.731724 1.481928
v -14.174571 39.437714 0.904160
v -15.392765 39.473099 0.629892
v 17.642790 -73.959419 48.403767
v 19.182758 -72.395691 48.109756
v 13.407944 -82.840797 49.323448
v 14.425889 -82.719574 49.554607
v 14.691496 -81.482681 49.774456
v 16.036833 -80.095146 49.533676
v 15.961350 -78.174400 49.259758
v 16.058559 -77.112328 49.419537
v 18.035360 -77.873077 49.302036
v 19.355288 -76.002708 48.826927
v 18.665382 -75.035332 48.677223
v 20.955870 -71.892471 48.021179
v 21.278461 -70.682556 47.528862
v 23.479013 -70.979057 47.311180
v 25.953814 -70.347504 46.556087
v 27.446459 -69.971085 46.075901
v 27.461725 -68.589134 45.559399
v 26.996317 -67.482788 45.342316
v 28.692348 -67.306114 44.521214
v 28.874180 -65.531883 43.773376
v 28.397202 -64.160713 43.524090
v 27.155260 -64.253578 43.995949
v 29.038418 -62.593422 42.458431
v 6.525958 -94.816261 48.561043
v 6.409854 -93.657547 48.321896
v 5.835578 -96.716965 48.295727
v 7.468884 -96.420792 49.334904
v 2.422636 -98.729652 45.722775
v 1.530260 -98.562569 44.653172
v 0.973466 -98.655769 43.868607
v 0.259594 -98.426575 42.632778
v -0.575309 -98.611748 41.010818
v -0.722665 -98.327667 39.676746
v -0.935686 -98.052170 38.317684
v 3.723251 -98.710854 46.988770
v 4.905306 -98.508842 47.990307
v 5.884349 -98.012283 48.625309
v -1.170568 -98.430878 35.832523
v -1.158959 -98.239693 33.621540
v -1.143111 -98.028778 32.255718
v -1.026752 -98.096245 30.656012
v 10.686543 -88.122139 49.543133
v 11.930296 -87.640808 49.622292
v 13.920707 -86.968506 49.861431
v 12.863538 -85.628334 49.718895
v 13.499575 -85.088768 49.937157
v 14.992391 -84.166496 49.874466
v 8.138869 -92.125854 48.960220
v 7.893060 -94.146347 49.178780
v 10.175197 -91.816132 49.804169
v 10.802018 -90.838348 49.982960
v 11.745095 -90.205032 49.906757
v 10.833174 -89.256882 49.645634
v -1.127925 -99.157898 30.528078
v -0.652587 -99.281540 28.310947
v -0.212313 -99.348389 26.840757
v 0.431308 -99.357597 25.024387
v 1.321215 -99.284950 23.030394
v 2.144677 -99.207756 21.662701
v 2.889348 -99.244591 20.330347
v 3.569365 -99.376030 19.081266
v 4.263668 -99.267853 18.021357
v 5.116756 -99.410690 16.867403
v 5.931974 -99.233139 16.034315
v 6.931677 -99.310371 14.897077
v 7.956269 -99.200813 13.932509
v 9.171294 -99.221748 12.802255
v 10.430534 -99.230125 11.855347
v 11.582158 -99.168343 11.087937
v 12.904850 -99.195213 10.412396
v 14.112210 -99.362152 9.768910
v 15.227633 -99.216499 9.216484
v 16.648832 -99.258659 8.585942
v 18.225538 -99.216461 7.965238
v 20.055580 -99.218811 7.343426
v 21.282501 -99.210777 6.963910
v 23.001062 -99.055885 6.620785
v 22.411684 -97.966446 6.950013
v 23.740255 -97.775444 6.768078
v 24.123711 -96.434196 6.922528
v 26.119110 -96.324883 6.741891
v 26.128893 -94.845169 6.917734
v 26.350807 -93.875366 6.978879
v 25.803608 -92.928986 7.029456
v 27.727160 -92.633469 7.074745
v 30.493237 -91.670235 7.329931
v 30.402658 -89.917534 7.260501
v 30.152393 -88.469391 7.158999
v 30.159384 -87.012299 6.962577
v 29.502714 -86.433434 6.753077
v 31.039452 -85.067436 6.659039
v 31.324270 -82.935226 5.780251
v 32.061420 -81.088722 4.637703
v 32.009468 -79.284889 3.329647
v 31.415667 -78.079803 2.389988
v 31.214226 -76.187630 1.435764
v 30.463104 -75.051537 0.939886
v 29.625080 -74.799301 0.904413
v 30.642727 -73.751289 0.554750
v 31.112473 -72.054405 0.395186
v 31.652155 -69.996277 0.192884
v 31.391184 -68.791763 0.147148
v 33.007771 -67.703644 0.071467
v 33.417736 -65.442123 -0.016812
v 32.378468 -64.288307 0.010439
v 32.329926 -62.703842 0.005379
v 33.984612 -61.442150 -0.012360
v 33.664101 -60.013287 -0.014226
v 35.350452 -58.744389 -0.012752
v 36.109657 -56.781563 -0.016984
v 36.951496 -54.875702 0.007359
v 37.711040 -52.884026 0.008757
v 37.431545 -51.696259 0.000091
v 39.153763 -50.372890 -0.007187
v 38.748695 -49.080940 -0.021851
v 40.446651 -47.801144 -0.040014
v 40.874050 -45.441227 -0.059098
v 40.639912 -44.290455 -0.067414
v 42.449062 -43.261208 -0.073071
v 43.221439 -41.473087 -0.056629
v 44.084202 -39.789310 -0.035232
v 44.989361 -38.160606 -0.033098
v 45.929489 -36.546638 -0.016142
v 46.865559 -34.947525 -0.034654
v 47.851135 -33.351372 -0.033963
v 48.838272 -31.676048 -0.054693
v 49.810230 -29.962254 -0.073948
v 50.655560 -28.108431 -0.097863
v 50.400513 -26.673450 -0.126973
v 49.388988 -26.009403 -0.120616
v 50.547634 -24.098652 -0.099526
v 49.807789 -22.548956 -0.051745
v 51.161407 -20.919783 -0.047374
v 50.489975 -19.045368 -0.017981
v 49.476826 -18.363972 -0.024171
v 50.501415 -16.367668 -0.019661
v 49.492271 -14.771923 -0.030312
v 50.534225 -13.095780 -0.021922
v 49.733395 -11.156625 -0.047476
v 48.875248 -10.242318 -0.062564
v 48.017647 -9.205935 -0.093631
v 31.145115 -62.916561 41.614864
v 31.206470 -61.432648 40.774178
v 32.813450 -61.858585 40.179817
v 33.945625 -60.574131 38.939022
v 34.232178 -59.127346 38.130112
v 33.777241 -58.067013 37.924809
v 35.208565 -57.676216 37.002785
v 35.659313 -56.335854 36.216789
v 35.766266 -55.029022 35.683453
v 35.812252 -53.806622 35.179337
v 37.150791 -53.463001 34.172855
v 36.558662 -52.173927 34.085625
v 36.998241 -50.946674 33.320396
v 36.007652 -50.766315 33.876213
v 35.721027 -49.377026 33.526768
v 36.011589 -47.223579 32.620335
v 36.387028 -45.564407 31.873066
v 36.239635 -44.371746 31.619177
v 36.411549 -42.759537 31.049749
v 36.728619 -41.117008 30.430235
v 37.007336 -39.575851 29.881510
v 37.333351 -38.061523 29.376659
v 37.735691 -36.511269 28.845333
v 38.166298 -34.894749 28.334255
v 38.509037 -33.206131 27.878738
v 38.531071 -31.588600 27.572096
v 38.286316 -30.511751 27.530104
v 39.598682 -29.769541 26.744902
v 40.234699 -28.079414 26.212830
v 39.769444 -27.347696 26.358667
v 40.570511 -26.306170 25.867886
v 42.229542 -24.925657 25.052299
v 42.037884 -23.389063 25.011742
v 41.562504 -22.796728 25.147869
v 42.483639 -21.494587 24.753979
v 42.656620 -19.619211 24.697414
v 43.982445 -17.910788 24.304354
v 42.941929 -16.079489 24.333496
v 42.184502 -15.271524 24.530918
v 42.960464 -13.655012 24.057816
v 42.954716 -11.220018 23.787722
v 42.168823 -10.726638 24.195066
v 43.074627 -9.056184 23.395510
v 43.249615 -7.090589 22.947289
v 43.506538 -5.023287 22.398048
v 43.039860 -3.388217 22.365292
v 42.160110 -2.846093 22.763615
v 43.266933 -0.983078 21.670504
v 42.618252 0.914682 21.638775
v 42.148037 1.678263 21.771702
v 42.822643 3.195346 21.053337
v 42.464256 5.496529 20.603828
v 40.942753 5.372316 20.933065
v 41.111938 6.942265 20.521229
v 39.680202 8.186018 20.803545
v 38.828190 9.191378 20.628099
v 39.579365 10.701403 20.250874
v 39.761780 12.998818 19.958351
v 38.649590 14.226386 19.119715
v 37.483688 14.637508 18.116915
v 36.628040 14.802033 17.271938
v 36.007378 14.086493 16.842520
v 37.091881 16.452221 17.368305
v 36.196884 18.221567 16.000456
v 30.180040 17.468971 10.438731
v 29.561741 19.290436 10.815854
v 29.494600 19.502232 11.926862
v 29.177448 20.575314 12.250674
v 28.823694 21.787611 12.310856
v 27.845434 26.594767 11.849984
v -13.804501 41.545078 15.991413
v -15.514611 41.075478 16.587543
v -17.257889 40.889160 16.864506
v -18.607586 40.485252 16.936543
v -19.344849 42.303104 16.453573
v -21.392542 42.610607 16.005251
v -22.653887 42.890079 15.510329
v -23.861620 43.041344 15.029836
v -25.000395 42.654922 14.356960
v -26.033798 42.211750 13.448980
v -27.245424 42.413883 12.175025
v -28.191664 42.289665 10.444411
v -26.312231 40.830238 4.601526
v -27.510183 42.790508 5.416351
v -28.116896 42.786011 7.207819
v -28.336628 42.311497 8.623041
v -17.251661 39.486820 0.458475
v -17.709166 41.149380 0.371599
v -19.762581 41.278713 0.360155
v -21.393616 41.340565 0.714078
v -22.594103 40.903713 1.230860
v -24.299948 41.214943 1.957601
v -24.985106 40.744305 2.646122
v -25.807512 40.858368 3.523646
v -16.783747 52.590763 7.292123
v -16.063589 51.428383 8.826417
v -16.419453 51.678921 9.865256
v -15.503592 49.974693 10.406261
v -16.057989 49.719341 11.705440
v -14.897233 48.180798 11.810467
v -15.174747 47.575809 12.738546
v -15.968568 46.550747 14.098017
v -15.045358 45.162239 14.374404
v -14.429135 44.125610 14.745061
v -13.795768 42.913528 15.198924
v 27.531588 28.048962 11.388164
v 27.355478 28.883204 12.701979
v 27.128258 30.307011 13.249727
v 27.001171 30.599684 14.486035
v 27.046173 31.645800 14.099795
v 26.830214 32.775688 14.305725
v 26.781092 34.380806 12.897037
v 26.293165 35.104076 14.780349
v 26.046082 34.912266 15.671688
v 14.243858 39.459656 2.191847
v 12.584159 39.860397 3.347558
v 11.880789 39.461514 4.393798
v 11.315412 39.158440 5.196885
v 10.519739 39.506687 6.565646
v 10.093358 39.131149 7.447112
v 9.603888 39.384205 9.022595
v 8.932175 39.493538 11.220121
v 8.547267 39.773575 13.149893
v 8.576885 39.639362 14.455196
v 8.869188 39.864494 15.811523
v 9.441510 39.699333 16.935139
v 9.827520 39.168167 17.711412
v 10.639507 39.409664 18.695229
v 11.734307 39.375191 19.548767
v 13.133104 39.058891 20.150761
v 14.880871 37.581512 20.377419
v 15.265056 39.183189 20.460377
v 17.274847 38.835529 20.559309
v 19.555117 39.144611 20.241718
v 24.061333 38.099503 17.619190
v 23.201488 37.923557 18.375210
v 22.566078 39.397953 18.450455
v 21.183315 39.307003 19.363489
v 25.744774 36.532475 15.594113
v 25.180733 37.812668 16.261297
v 24.515188 39.125771 16.712269
v 49.289238 -7.559184 -0.058186
v 48.895069 -4.912251 -0.037619
v 47.654732 -3.902257 -0.045665
v 46.615837 -2.583955 -0.067079
v 45.669788 -1.712134 -0.124448
v 46.298691 0.248543 0.154450
v 45.333447 2.203403 0.330414
v 45.098225 3.985082 0.581309
v 44.799461 5.188424 0.690734
v 44.285820 6.402014 0.798390
v 44.859970 10.945186 1.832509
v 42.721386 14.551536 1.826405
v 41.207954 14.019203 1.393243
v 40.784370 16.075291 1.382454
v 39.906242 18.244032 1.394240
v 39.012707 18.804285 1.473505
v 38.510071 20.608330 1.715225
v 37.874458 20.739609 1.866794
v 37.820332 22.011953 2.171236
v 36.809811 23.568411 3.089846
v 36.502258 25.209660 3.864403
v 36.819221 27.000799 4.448799
v 36.332024 27.618980 6.637600
v 27.073906 31.886700 12.267256
v 22.702440 40.967781 3.362555
v 20.644497 39.397346 1.758221
v 21.246159 37.931808 2.084145
v 24.137074 41.961918 6.208610
v 24.811552 40.369106 7.360097
v 25.053280 39.072857 7.665594
v 25.172071 37.816299 7.758711
v 25.405224 36.706440 7.983483
v 25.842548 36.567921 9.231916
v 25.980942 35.115337 9.113581
v 26.410105 34.838444 10.399666
v 26.979555 33.139072 11.813915
v 18.664379 39.718243 1.106962
v 17.185040 39.493633 1.170651
v 15.642123 39.260242 1.357507
v -15.815623 44.487907 1.691185
v -15.828229 41.713879 0.810766
v 20.310385 -73.522728 48.480457
v 19.824768 -72.431831 48.436008
v 15.471577 -82.803459 49.813278
v 15.938417 -81.743904 49.799995
v 17.808857 -81.026459 50.007446
v 18.374617 -79.239616 49.696449
v 18.956610 -78.168633 49.615849
v 20.677998 -76.878860 49.205044
v 21.516758 -74.866043 48.653934
v 21.566200 -72.434235 48.449837
v 22.855587 -72.330673 48.046581
v 25.028215 -72.697189 47.571236
v 26.659111 -72.034210 46.853420
v 28.475374 -71.454849 46.151222
v 28.757523 -70.177322 45.567108
v 28.448711 -69.057175 45.308270
v 29.995556 -68.934433 44.569618
v 30.445782 -67.243629 43.744488
v 30.273972 -65.747787 43.230808
v 29.421120 -65.483597 43.457764
v 29.584995 -64.735390 43.186775
v 30.046692 -63.418381 42.562737
v 7.603490 -95.306641 49.263687
v 7.244716 -98.051865 49.517609
v 8.975191 -98.000580 50.394379
v 8.999108 -96.602203 50.168945
v 8.467480 -95.620247 49.803188
v 3.423565 -99.319786 46.866081
v 2.602433 -99.329781 46.082302
v 1.932386 -99.390251 45.384781
v 1.172976 -99.323997 44.385826
v 0.373682 -99.277054 43.105892
v -0.278213 -99.360451 41.995869
v -0.816728 -99.410072 40.658703
v -1.163099 -99.415749 38.882515
v -1.196823 -99.279007 36.879612
v 4.460448 -99.283646 47.831512
v 5.483574 -99.358871 48.697250
v 6.676068 -99.219116 49.489197
v -1.352834 -99.422920 34.750557
v -1.352935 -99.369743 32.945126
v 11.792459 -88.944496 49.838223
v 13.685291 -89.380951 50.216846
v 16.230619 -88.568741 50.656536
v 15.511708 -87.227234 50.269192
v 15.573302 -85.995262 50.143730
v 14.412300 -85.642265 49.868622
v 17.106251 -84.323662 50.375725
v 16.613012 -82.539902 50.082596
v 9.972167 -93.716125 49.958363
v 9.874504 -95.643463 50.361549
v 11.752805 -93.284210 50.266636
v 11.388814 -92.042999 49.844734
v 11.568466 -91.081009 50.209648
v 13.116100 -91.226357 50.238037
v 25.049007 -99.265984 6.258873
v 25.359468 -98.441612 6.424480
v 27.626764 -98.092537 6.350387
v 28.411627 -96.339333 6.713729
v 27.927860 -95.309219 6.857930
v 27.520241 -94.362457 6.915893
v 29.566238 -94.316078 7.077702
v 32.214817 -93.368927 7.678679
v 32.556568 -91.507767 7.804295
v 32.326389 -90.114204 7.702132
v 31.664513 -89.576317 7.497174
v 32.047844 -87.717293 7.457711
v 31.493088 -86.467880 7.181456
v 33.195328 -84.608765 7.142417
v 32.249752 -83.489998 6.375145
v 33.443760 -81.720795 5.625093
v 33.438511 -79.725410 3.777422
v 33.676109 -77.957367 2.755005
v 33.047337 -76.441521 1.761907
v 32.599827 -74.738716 0.874708
v 31.672670 -74.277298 0.603852
v 33.034050 -72.609909 0.317966
v 33.608116 -70.051819 0.129968
v 33.324707 -68.916580 0.083033
v 34.925117 -67.736504 0.038088
v 35.256927 -65.401917 -0.004818
v 35.111736 -63.777157 -0.029327
v 34.324463 -63.218182 -0.038413
v 36.115162 -61.457081 -0.039991
v 35.672508 -60.033562 -0.028172
v 37.379639 -58.743427 -0.029541
v 38.104210 -56.807705 0.001871
v 38.914803 -54.969856 0.006148
v 39.846100 -52.885845 0.005455
v 39.565178 -51.696095 0.009452
v 41.320835 -50.251034 -0.034568
v 40.844669 -49.037060 -0.043072
v 42.498318 -47.701813 -0.049258
v 42.815170 -45.422783 -0.065495
v 42.616642 -44.298828 -0.069679
v 44.395779 -43.244621 -0.069148
v 45.209152 -41.485714 -0.040221
v 46.064705 -39.809689 -0.025774
v 46.943977 -38.177490 -0.019414
v 47.860229 -36.570644 0.003645
v 48.799026 -35.003345 -0.013598
v 49.742691 -33.403061 -0.018956
v 50.716885 -31.792511 -0.033287
v 51.717159 -30.035444 -0.035108
v 52.690277 -28.081244 -0.071631
v 52.526226 -26.562778 -0.087847
v 51.408203 -25.960304 -0.106126
v 52.586056 -23.947468 -0.076975
v 51.845707 -22.456055 -0.058479
v 53.237000 -20.802219 -0.049924
v 52.620571 -18.891226 -0.016799
v 51.491169 -18.302631 -0.014575
v 52.479946 -16.165377 -0.009594
v 51.481548 -14.690415 -0.011160
v 52.511162 -13.038730 -0.001820
v 51.725002 -11.136365 -0.007979
v 50.863979 -10.155124 -0.027570
v 49.991699 -9.209452 -0.053161
v 30.535006 -64.263451 42.551208
v 31.389912 -64.694550 42.288418
v 32.673649 -64.314400 41.505814
v 32.711178 -63.090210 40.869099
v 34.305267 -63.499763 40.244026
v 35.259506 -62.256767 39.105972
v 35.806820 -60.845795 38.067043
v 35.844368 -59.222916 37.273811
v 36.623131 -57.562016 36.155392
v 36.129299 -56.827515 36.157310
v 37.013168 -55.837475 35.243385
v 38.424068 -55.374184 34.060654
v 39.016743 -54.394878 33.237862
v 38.607559 -52.870384 32.961639
v 37.871975 -52.053001 33.165558
v 38.767586 -50.770000 32.072876
v 38.381702 -48.826378 31.641823
v 37.091339 -49.149319 32.591541
v 37.378643 -47.647400 31.889215
v 37.430199 -45.745468 31.265951
v 37.398281 -44.252457 30.828642
v 37.540699 -42.867641 30.374313
v 37.911953 -41.237160 29.742989
v 38.246002 -39.532555 29.142248
v 38.462852 -38.025784 28.681908
v 38.844357 -36.657890 28.184935
v 39.391327 -35.077259 27.651352
v 39.847427 -33.387356 27.153460
v 40.305046 -31.467520 26.659405
v 41.419769 -29.612700 25.902506
v 41.024933 -28.497229 25.938440
v 41.124458 -27.532837 25.780420
v 42.704220 -27.188259 25.126362
v 43.605782 -25.025127 24.559237
v 43.520008 -23.845175 24.505859
v 43.118374 -22.914194 24.580067
v 44.026524 -21.276390 24.364853
v 43.695000 -19.832285 24.410498
v 45.409393 -19.450413 24.324299
v 45.894077 -17.588753 24.191959
v 45.448112 -16.134014 23.633841
v 44.115417 -16.228100 23.949816
v 44.203106 -14.750741 23.718733
v 44.597614 -12.853634 23.425213
v 44.236443 -11.160847 23.181843
v 43.628998 -10.113078 23.251026
v 44.476856 -9.086447 22.626154
v 44.422302 -7.247233 22.231255
v 44.578152 -5.030788 21.647465
v 44.242283 -3.446975 21.552273
v 43.720947 -2.862018 21.790400
v 44.438091 -1.415496 20.968664
v 44.468029 0.451891 20.536957
v 44.010815 1.954346 20.554083
v 44.313786 3.960157 20.049173
v 44.086330 5.355770 19.989635
v 43.943462 7.132536 19.871857
v 42.550274 6.962449 20.235703
v 42.280758 8.385105 19.906429
v 40.476074 8.755992 19.971382
v 39.957321 14.791524 19.654009
v 41.068970 14.270270 19.857323
v 41.021618 11.777471 20.205408
v 39.523434 16.366615 19.000126
v 38.211002 15.915330 18.342548
v 37.257648 18.244312 17.298992
v 38.402817 18.062387 18.189651
v 37.103069 19.394329 17.056479
v 36.837059 20.854778 16.535656
v 35.481091 20.744974 14.250237
v -14.682583 42.993370 15.664884
v -15.915586 42.828377 16.034279
v -17.272705 42.225182 16.480343
v -17.855145 43.846554 15.841671
v -19.821877 44.207920 15.712729
v -20.371939 43.069180 15.828527
v -21.362099 44.244164 15.577466
v -22.632427 44.141666 15.340650
v -23.783686 43.984802 14.952945
v -25.356724 44.495628 14.202988
v -26.612753 44.395260 13.403913
v -27.285696 43.850941 12.531518
v -28.843527 44.424042 10.585692
v -28.926882 43.975883 8.533095
v -26.582697 42.288509 3.575650
v -27.593821 44.295765 3.914915
v -28.245691 44.471474 5.431421
v -28.428844 43.991482 6.637988
v -17.068356 43.141880 0.557122
v -18.778973 43.008148 0.213705
v -19.828663 42.327675 0.378236
v -21.656153 42.535984 0.654100
v -23.485136 42.504822 1.106507
v -24.853294 42.448154 1.795438
v -25.760113 42.217445 2.528939
v -17.742657 54.969978 8.841957
v -18.642126 56.801872 6.484652
v -16.987949 53.197559 8.995906
v -17.259912 53.493046 9.847195
v -17.679249 52.857567 11.080190
v -16.928043 51.460686 11.245654
v -17.675619 51.182671 12.323202
v -17.202085 49.627453 12.956042
v -16.381662 48.393223 13.110322
v -17.676064 48.110302 14.055923
v -17.350571 46.574509 14.638996
v -17.036764 45.280159 15.107481
v -15.662934 44.431122 15.124367
v 27.002893 32.772675 13.272921
v 27.030079 33.076180 12.553944
v 26.430986 36.380680 11.368201
v 26.451881 36.578842 13.087122
v 26.327993 36.166122 14.177243
v 14.961384 40.994225 1.625507
v 13.533814 41.006996 2.316875
v 12.603643 41.022610 3.120022
v 11.810938 41.026752 3.959592
v 11.167747 40.968945 4.864557
v 10.390196 40.715618 6.205625
v 9.847337 40.840187 7.499530
v 9.550089 40.720730 8.654195
v 8.984344 41.202911 10.850899
v 8.361045 41.325901 12.398295
v 8.401572 40.813560 13.135299
v 8.543329 41.068092 14.616240
v 8.881206 41.120331 16.036970
v 9.508748 41.081238 17.214624
v 9.907102 40.924927 17.918816
v 10.470783 40.721268 18.645254
v 11.845647 40.984425 19.782124
v 13.402301 40.917629 20.292473
v 14.684164 40.644524 20.554970
v 16.815483 40.826614 20.346209
v 15.731027 41.097099 20.410955
v 18.376314 40.798443 20.310778
v 20.808321 40.835148 19.358503
v 19.492821 40.788437 20.056080
v 23.656883 39.364166 17.565025
v 23.245277 40.869492 17.589298
v 22.185520 40.922684 18.511814
v 26.031820 38.188385 14.287434
v 25.461857 38.694805 15.701215
v 25.128698 40.575806 15.309180
v 24.218580 40.754490 16.549715
v 51.287048 -7.150613 -0.013543
v 50.446198 -5.037884 -0.002056
v 49.738365 -3.325781 0.013493
v 48.670349 -2.394932 0.019701
v 47.601543 -1.466067 0.024114
v 48.490459 0.513380 0.292431
v 47.547985 1.913451 0.520936
v 46.793064 3.276366 0.762637
v 46.043667 5.579110 1.004472
v 44.908939 17.036242 2.613100
v 43.351856 16.905457 2.070356
v 42.287193 16.388327 1.716208
v 42.355846 18.216270 1.590096
v 41.152412 19.425287 1.410308
v 40.001835 20.761032 1.491437
v 39.408600 22.463760 1.690585
v 38.669071 22.239159 1.847341
v 38.936234 23.754217 1.893518
v 38.149273 24.880836 2.255573
v 37.629955 26.492773 2.947530
v 37.747925 28.777370 3.741634
v 37.111969 28.440147 5.031290
v 37.617863 30.216675 5.738188
v 37.065002 29.573481 7.286286
v 36.540894 28.943476 9.127032
v 21.298557 41.490555 1.926640
v 21.925669 43.040054 2.626656
v 23.474390 43.931396 5.263245
v 20.135605 41.243927 1.315109
v 18.665392 40.984119 1.035032
v 24.576843 43.569027 7.579905
v 24.624161 42.422333 7.397265
v 25.178041 41.540283 8.718316
v 25.428125 39.551678 8.938850
v 25.526730 38.257935 8.824778
v 26.004107 38.250340 10.580576
v 17.149700 40.749008 1.058095
v -17.514660 49.052959 2.173871
v -17.811268 46.911579 0.940217
v -17.472143 45.336712 0.701852
v -17.060574 44.388657 0.704210
v 21.978830 -73.641357 48.483047
v 22.412045 -72.744743 48.433128
v 16.645218 -81.681961 50.162018
v 18.490614 -82.153412 50.494492
v 20.400829 -80.868683 50.481277
v 19.916416 -79.265457 49.947994
v 19.803995 -78.216911 49.685135
v 21.179686 -77.572151 49.751373
v 23.176222 -76.988716 49.182999
v 23.297407 -75.368500 48.584946
v 23.394194 -73.625992 48.276917
v 25.788076 -74.297394 47.809738
v 27.278727 -73.428680 47.129688
v 29.368219 -73.111282 46.286304
v 30.051615 -71.675385 45.572655
v 29.746777 -70.604286 45.315918
v 31.288103 -70.417068 44.554676
v 31.593195 -68.575073 43.781017
v 31.052122 -67.800705 43.693943
v 32.119862 -66.464752 42.689640
v 8.320662 -99.186417 50.414066
v 9.706182 -99.254410 51.104477
v 10.937219 -98.611984 51.276703
v 10.071786 -97.209488 50.708221
v 14.570627 -90.824509 50.669807
v 16.079576 -90.617615 50.950947
v 18.465036 -90.181587 51.290607
v 18.519697 -88.435265 51.057896
v 17.611246 -87.189995 50.793755
v 16.342524 -87.063896 50.495739
v 16.829641 -86.096802 50.552921
v 17.966867 -85.607155 50.667980
v 17.912359 -84.571144 50.647778
v 19.043676 -83.672478 50.548748
v 12.069239 -95.042610 51.145142
v 11.582794 -97.065048 51.298153
v 12.738120 -93.983849 51.038750
v 13.720301 -93.265900 50.942657
v 12.685091 -92.421257 50.548916
v 12.158769 -92.255653 50.149696
v 13.756080 -92.276245 50.721397
v 15.437994 -92.257828 51.160480
v 26.799757 -99.210747 6.102633
v 29.108601 -99.052620 6.235910
v 28.793247 -98.316872 6.361674
v 29.757816 -97.414787 6.684044
v 29.834557 -95.922462 6.918475
v 31.466660 -95.704720 7.274191
v 33.586884 -94.990540 7.995889
v 34.081516 -93.241966 8.249878
v 33.902191 -91.670059 8.320696
v 33.857880 -90.527840 8.306497
v 33.969131 -89.044334 8.271832
v 33.075928 -88.292114 7.818825
v 34.139004 -86.572937 8.086693
v 34.600548 -84.797485 7.917814
v 35.672504 -83.113602 7.921094
v 34.149338 -82.724236 6.866205
v 35.051430 -81.428307 6.565342
v 35.378872 -79.698456 5.044129
v 34.326550 -79.801575 4.394616
v 34.997440 -77.994118 3.278497
v 34.812424 -76.188507 1.838348
v 34.608982 -74.729446 1.017608
v 33.759815 -74.163307 0.745455
v 35.355415 -72.501587 0.381795
v 35.701283 -70.017761 0.117127
v 35.368191 -68.812889 0.053542
v 37.155884 -67.322144 0.036485
v 36.685963 -65.748627 0.008783
v 37.308212 -63.854565 -0.016300
v 36.435768 -63.176647 -0.020214
v 38.218746 -61.415596 -0.007700
v 37.755077 -60.037018 -0.025474
v 39.465477 -58.739521 0.004999
v 40.113300 -56.814186 0.003630
v 40.862667 -55.052761 -0.000216
v 41.642677 -53.300938 0.006251
v 42.541191 -51.438526 -0.019319
v 43.371304 -49.684235 -0.055615
v 42.934490 -48.771133 -0.048738
v 44.719948 -47.239410 -0.040074
v 44.552048 -45.397209 -0.054983
v 44.512028 -44.279545 -0.060290
v 46.324837 -43.248310 -0.041403
v 47.144882 -41.496922 -0.012172
v 47.996563 -39.839931 0.005290
v 48.892925 -38.209763 0.034023
v 49.798473 -36.611439 0.033517
v 50.687511 -35.028255 0.024741
v 51.591122 -33.489002 0.015762
v 52.528126 -31.955864 -0.000048
v 53.539818 -30.274820 0.005294
v 54.487450 -28.215273 -0.008759
v 54.299400 -26.912418 -0.037735
v 54.235428 -25.237761 -0.055803
v 54.159668 -23.322779 -0.059153
v 53.750008 -22.305115 -0.045286
v 55.129032 -20.903908 -0.014880
v 54.683277 -19.301853 -0.012867
v 54.206997 -17.491638 -0.011365
v 53.845257 -15.558566 -0.003479
v 53.289627 -14.506243 -0.001231
v 54.394615 -13.012467 0.002066
v 53.716267 -11.133930 0.000366
v 52.878586 -10.124918 0.017038
v 51.988804 -9.137453 0.006566
v 33.710880 -65.485374 41.494930
v 33.642570 -64.461365 41.083031
v 34.754108 -64.955910 40.696625
v 35.981579 -64.842194 39.930290
v 37.122723 -63.805248 38.782143
v 36.676460 -62.379227 38.338902
v 36.587975 -61.512943 37.941933
v 37.540707 -60.152653 36.679142
v 37.589367 -58.310520 35.809986
v 37.600609 -57.093494 35.344326
v 38.864414 -57.159431 34.444584
v 40.031509 -55.918907 33.093346
v 40.199516 -54.453320 32.398125
v 39.768402 -53.197556 32.238556
v 39.697163 -51.745052 31.761618
v 39.996025 -50.209763 30.979874
v 39.819565 -48.651859 30.531507
v 39.269417 -47.368858 30.506502
v 38.436661 -47.450722 31.119196
v 38.736511 -46.044895 30.453907
v 38.709206 -43.908176 29.893723
v 38.179306 -43.120098 30.017994
v 39.145683 -41.656448 29.030518
v 39.533882 -39.575821 28.380623
v 39.900528 -37.614277 27.770277
v 39.470577 -36.868114 27.798820
v 40.606556 -35.437298 26.950380
v 41.060398 -33.670330 26.506437
v 41.696037 -31.977594 26.036255
v 42.367966 -30.281410 25.553320
v 42.758244 -28.993593 25.266060
v 44.440334 -28.790831 24.541952
v 44.957466 -26.774830 24.232418
v 44.976517 -25.107965 24.125790
v 44.590141 -23.560774 24.145966
v 44.137383 -22.618980 24.276953
v 45.452663 -21.635324 23.886850
v 47.202599 -20.434954 23.534878
v 47.112030 -19.290306 23.730324
v 47.490715 -17.802134 23.822477
v 46.901569 -16.305441 24.030764
v 46.777786 -14.774735 23.302010
v 45.613930 -14.755697 23.503151
v 46.092716 -13.301970 23.410006
v 45.944660 -11.064087 22.584356
v 45.120903 -9.993025 22.558222
v 45.899715 -8.642036 21.836363
v 45.195030 -7.623630 21.880890
v 46.020271 -5.732853 20.902231
v 45.451153 -3.615887 20.729288
v 44.866352 -2.959658 20.987803
v 45.602634 -1.517036 20.099852
v 45.410255 0.435688 19.803228
v 45.298756 2.140507 19.569489
v 45.262878 3.784181 19.375860
v 45.292622 5.404486 19.187864
v 45.299255 6.992789 19.133429
v 45.165802 8.732318 19.117210
v 43.673882 8.637924 19.612017
v 42.982353 10.506633 19.483873
v 41.151878 10.017567 19.901453
v 40.747898 15.885656 19.476791
v 42.218525 12.942414 19.273270
v 41.900658 14.629386 19.090832
v 41.818279 15.975392 19.352030
v 41.648838 11.638087 19.414022
v 41.230930 17.591255 18.531633
v 39.714149 18.324167 18.888758
v 37.748425 19.302011 17.723124
v 39.165913 19.398939 18.605307
v 38.649929 20.592663 18.208511
v 37.643093 20.476608 17.492216
v 36.577042 22.482931 15.963744
v 37.070988 22.350256 16.773479
v 37.991173 22.269722 17.624018
v -16.630962 44.091545 15.563983
v -18.822283 46.067551 15.184190
v -21.079681 45.905632 15.238748
v -23.056238 45.950233 14.918357
v -24.616381 45.538223 14.559485
v -26.241266 46.043736 13.848473
v -27.345970 45.916912 12.998327
v -27.978176 45.325298 12.333108
v -28.960224 45.559898 11.253291
v -29.689066 46.023060 8.623308
v -30.035004 47.187962 9.835305
v -29.164589 45.956676 6.481257
v -26.337421 43.810123 2.543270
v -27.511909 46.011196 2.989092
v -28.085203 45.632538 3.982675
v -28.373444 45.430569 4.834386
v -18.422165 44.579472 0.356796
v -20.333523 44.581753 0.343468
v -21.606609 43.909252 0.546741
v -23.806494 43.952469 1.050123
v -25.273548 43.760571 1.583922
v -18.430546 56.916134 8.309955
v -18.320477 56.645706 9.101309
v -18.483932 55.922363 9.956183
v -17.932241 54.499062 10.293339
v -18.976601 54.556080 11.491658
v -18.766562 52.652550 12.454095
v -18.801653 51.210835 13.207940
v -18.517118 49.824467 13.640088
v -19.056856 48.510014 14.437677
v -18.981241 47.564976 14.719028
v 26.334352 37.764694 12.468799
v 16.237564 42.563488 1.236948
v 13.870274 42.885647 2.053385
v 12.434999 42.603935 3.288642
v 11.019930 42.320728 4.868764
v 9.983432 42.414928 6.737903
v 9.337854 42.251259 8.559258
v 9.022820 42.473553 10.564505
v 8.677795 42.537907 11.529136
v 9.084620 42.541042 12.697219
v 8.424697 42.195972 13.131946
v 8.499315 42.568924 14.415784
v 8.815519 42.640553 16.412308
v 9.870777 42.773010 17.836582
v 10.408907 42.121075 18.639717
v 11.903655 42.491276 19.704685
v 13.728973 42.918427 20.353117
v 15.271666 42.345146 20.506292
v 17.886400 42.599033 20.097769
v 16.423071 42.229244 20.260607
v 19.370686 42.070087 19.959295
v 21.715698 42.472954 18.521191
v 20.401335 42.375240 19.336405
v 23.893358 42.408134 16.566572
v 22.943111 42.477257 17.664555
v 26.144144 39.567844 12.560452
v 25.894608 39.800743 14.129667
v 25.840729 41.018642 13.755027
v 25.277115 42.661308 14.321265
v 24.714697 42.427738 15.449529
v 53.332081 -7.091246 0.045590
v 52.651440 -5.001574 0.024702
v 51.606052 -3.953699 0.068614
v 50.611385 -2.465946 0.106608
v 49.615406 -1.402762 0.111958
v 50.493385 0.283696 0.372460
v 49.892704 2.574384 1.061609
v 48.496197 3.244129 1.062108
v 47.894077 5.697173 1.926882
v 47.284443 21.442661 2.853442
v 44.866196 19.399591 2.147907
v 44.213676 17.938631 2.238295
v 43.578392 18.497259 1.846804
v 43.222404 19.867090 1.459988
v 42.508705 20.929714 1.374673
v 41.414597 22.296963 1.339505
v 40.474453 23.436949 1.451781
v 39.712032 23.756701 1.666792
v 39.943314 25.171570 1.619377
v 39.034103 25.263086 1.939234
v 39.156013 27.077799 1.991639
v 38.510941 28.507002 2.538464
v 38.668209 30.293560 3.148881
v 38.041779 30.239986 4.066884
v 38.492889 31.764219 4.771701
v 38.153801 31.925028 6.174240
v 38.043503 31.677359 7.060858
v 37.779449 31.405567 8.372170
v 20.943850 42.759109 1.738314
v 19.811466 42.645054 1.327397
v 21.965311 45.495090 2.903156
v 19.974085 44.370853 1.529434
v 23.402184 46.339420 5.515139
v 24.249287 45.610088 7.298824
v 18.470329 42.304817 0.961751
v 24.922195 45.296009 9.183736
v 25.001589 43.876114 8.839555
v 25.074696 42.959030 8.880816
v 25.508080 42.812176 10.706855
v 25.811420 40.959427 11.011888
v 25.879698 39.842106 10.484701
v -20.348751 51.962242 1.021314
v -19.493708 49.485287 0.799573
v -18.486906 48.376862 0.972085
v -19.405146 47.689835 0.459557
v -18.676535 46.060493 0.418368
v 21.431715 -82.555504 50.542942
v 22.216372 -80.974998 50.445225
v 22.274939 -79.765175 50.122559
v 22.016338 -78.558823 49.825199
v 23.173843 -77.613228 49.582310
v 24.673946 -78.059486 49.263420
v 25.348745 -76.756783 48.673248
v 24.933825 -75.748009 48.427807
v 26.862099 -75.829971 47.981941
v 28.605143 -74.945122 47.130360
v 30.881933 -74.688461 46.197872
v 31.112785 -73.220200 45.588768
v 30.913015 -72.071198 45.296730
v 32.644947 -71.650360 44.333488
v 32.648331 -69.916397 43.711102
v 32.168346 -69.280083 43.747368
v 33.106838 -68.265732 42.934563
v 34.389069 -67.043533 41.797146
v 11.351215 -99.555267 51.785522
v 11.464194 -99.490829 51.447289
v 12.462690 -99.205635 51.945808
v 12.113398 -98.311485 51.518654
v 18.058859 -92.304901 51.650852
v 20.458199 -91.589836 51.682842
v 20.149160 -90.032600 51.430092
v 20.257326 -88.573326 51.191841
v 19.936798 -87.531586 51.026722
v 19.472513 -86.425125 50.862347
v 19.039188 -85.007027 50.697392
v 21.028378 -84.907715 50.722584
v 12.884942 -96.548569 51.874062
v 14.260581 -95.591278 52.128902
v 13.961626 -94.233269 51.613663
v 13.191900 -97.803253 52.049332
v 15.412925 -93.608704 51.533081
v 17.288998 -93.939972 51.923168
v 30.914646 -99.243469 6.537025
v 31.331739 -98.344337 6.838481
v 31.481541 -97.144501 7.075352
v 32.961975 -97.139786 7.544094
v 34.707294 -95.949799 8.322519
v 35.035419 -94.609062 8.566321
v 34.750141 -93.969437 8.489216
v 35.521626 -92.803619 8.959561
v 35.482674 -90.889313 9.043924
v 34.935181 -89.777046 8.780758
v 35.699940 -88.153015 9.053648
v 34.890392 -87.456322 8.591327
v 35.727093 -86.202538 8.872748
v 35.406597 -84.966049 8.427380
v 36.947815 -84.291771 9.214372
v 37.686550 -82.636101 9.237703
v 37.971706 -81.081932 8.218134
v 36.444649 -81.425880 7.372619
v 37.137695 -79.930359 6.488667
v 37.069592 -77.137703 3.847640
v 36.322758 -75.319504 1.779402
v 35.742519 -74.164246 0.951659
v 37.405727 -72.522186 0.690173
v 37.794594 -70.006767 0.218893
v 37.504936 -68.697044 0.084813
v 39.272221 -67.283508 0.084924
v 38.954082 -65.836746 0.022839
v 38.761448 -64.302368 -0.007141
v 38.648819 -62.751106 -0.028133
v 40.312141 -61.431381 -0.010869
v 39.865620 -60.015175 -0.005148
v 41.634865 -58.646214 0.014837
v 42.179256 -56.765560 0.033144
v 42.863148 -55.010014 0.039782
v 43.457714 -53.439888 0.018878
v 44.140232 -51.868568 -0.003767
v 45.079693 -49.855801 -0.017539
v 44.873749 -48.625900 -0.039260
v 46.581268 -47.477459 -0.026206
v 47.275719 -45.307838 -0.008855
v 46.443043 -44.670563 -0.023286
v 48.376534 -43.222935 0.010585
v 49.084366 -41.520721 0.016969
v 49.922523 -39.885197 0.048977
v 50.793640 -38.277332 0.074961
v 51.686893 -36.654385 0.096581
v 52.594791 -35.068783 0.096843
v 53.397038 -33.520321 0.056668
v 54.042751 -32.170418 0.021713
v 54.935097 -30.804134 0.027676
v 56.212906 -29.300495 0.370905
v 56.438992 -26.815344 0.057304
v 55.584736 -25.929167 0.017870
v 56.309399 -23.692961 0.071026
v 55.472488 -22.842760 -0.009376
v 57.102516 -20.998295 0.110393
v 56.483646 -19.564375 0.015879
v 56.119968 -17.938337 0.016555
v 55.711040 -15.822451 -0.000971
v 54.897762 -15.058383 -0.016592
v 56.309074 -13.143487 0.038262
v 55.691593 -11.172778 0.022029
v 54.844162 -10.136097 0.025377
v 54.012081 -9.134276 0.037281
v 34.750755 -65.920120 41.123512
v 36.121563 -66.331558 40.539707
v 37.587151 -65.792526 39.397633
v 38.951893 -65.292801 38.342865
v 38.375679 -64.203499 38.197014
v 39.024483 -63.395428 37.364250
v 37.715141 -61.858418 37.422966
v 39.102943 -60.864647 35.973530
v 38.521564 -59.900082 35.889957
v 38.905178 -58.890270 35.136772
v 40.183956 -58.564301 34.058571
v 41.050835 -57.480171 32.923866
v 41.395229 -56.017727 32.082111
v 41.147606 -54.651669 31.735142
v 40.895729 -52.997158 31.291388
v 40.322247 -52.235245 31.462671
v 41.033550 -50.860771 30.407907
v 41.094040 -48.846470 29.654671
v 41.074192 -47.139248 29.071093
v 40.086555 -47.304981 29.855104
v 40.148117 -46.034710 29.433130
v 40.008591 -44.256580 29.095720
v 40.220722 -42.415005 28.504742
v 40.630486 -40.872395 27.862410
v 40.831482 -39.597836 27.603212
v 41.232933 -37.882446 27.099689
v 41.755512 -36.080013 26.510063
v 42.384235 -34.374828 25.882383
v 41.780350 -33.880440 26.091055
v 43.026573 -32.449207 25.382498
v 43.413925 -30.730774 25.090866
v 45.134846 -30.663256 24.380177
v 46.947811 -28.695597 23.596821
v 46.257374 -27.160583 23.774359
v 46.384132 -25.564299 23.712353
v 46.567509 -24.108675 23.589224
v 45.893261 -23.210358 23.720917
v 47.934429 -22.355366 23.194511
v 49.070686 -20.255110 22.950108
v 48.330235 -19.238131 23.261574
v 49.555504 -17.636719 22.959995
v 48.690617 -16.375296 23.618902
v 47.851845 -16.369541 23.871904
v 48.256405 -15.009333 23.473980
v 48.047886 -13.079990 22.876722
v 47.463509 -11.680332 22.618967
v 47.604561 -10.090324 21.849716
v 46.620647 -9.609885 21.883106
v 47.127216 -8.531433 21.291267
v 46.735771 -7.375637 21.054356
v 47.956520 -6.555789 20.163361
v 47.191322 -4.764025 19.779812
v 46.646057 -3.598345 19.822100
v 46.108013 -3.052015 20.106396
v 46.669838 -1.504393 19.191422
v 46.429497 0.421585 18.920477
v 46.344570 2.227548 18.642996
v 46.291828 3.876623 18.484903
v 46.296772 5.376160 18.371195
v 46.384888 6.905937 18.269747
v 46.391727 8.535024 18.295418
v 46.005756 10.364702 18.443506
v 44.823719 10.236279 19.007088
v 44.745384 11.700602 18.831722
v 43.393269 12.047045 19.166912
v 44.040676 13.742703 18.821611
v 42.717621 15.218235 18.849743
v 41.489178 15.830723 18.237890
v 42.805931 17.300625 18.573330
v 42.545807 19.248184 18.429001
v 41.120361 19.611643 18.359018
v 40.077950 20.874428 18.921164
v 39.487267 22.225853 18.701939
v 38.836498 22.213371 18.292709
v 36.215485 24.628216 14.839046
v 37.525978 23.827436 16.975365
v 38.637203 24.075327 18.072086
v 39.429672 23.611509 18.493450
v -20.479443 47.596790 14.942658
v -22.933060 47.585548 14.811646
v -23.919554 47.259022 14.463648
v -25.022717 47.137882 14.414145
v -26.318256 47.120468 13.967925
v -27.474449 47.164848 13.232486
v -28.281118 47.089352 12.461556
v -29.115561 46.798450 11.515613
v -30.678907 48.693344 7.867939
v -30.704847 48.925365 9.754722
v -29.931427 48.705414 10.906340
v -28.839817 48.298725 12.181658
v -28.655348 46.803776 4.429700
v -29.658297 48.459270 5.309360
v -25.819439 45.459126 1.648145
v -26.872679 47.532066 1.896039
v -27.934843 47.487663 2.699489
v -28.276707 47.196793 3.394814
v -20.520864 46.068897 0.327828
v -22.396393 45.713692 0.541798
v -24.187584 45.394386 0.913779
v -19.110212 58.497879 7.837587
v -19.087425 58.197140 9.048881
v -19.286549 57.362495 10.223079
v -19.173164 56.091106 10.820107
v -20.067162 56.151844 11.811140
v -19.986328 54.584579 12.610138
v -19.955347 53.126823 12.965461
v -19.867199 51.380161 13.670552
v -19.308348 50.462803 13.824701
v -20.214289 49.448635 14.488724
v 17.586172 43.940590 0.960372
v 15.456645 44.380844 1.120772
v 13.647611 44.398602 2.014310
v 12.247190 44.249199 3.273477
v 11.050052 44.405254 4.401096
v 10.506947 44.036621 5.421339
v 9.795830 43.960514 6.989012
v 9.218672 43.995583 8.838322
v 8.785627 44.025379 10.853073
v 9.182485 43.884026 12.654279
v 9.366246 44.069881 14.222758
v 8.429622 44.387829 15.306864
v 8.732283 44.399109 16.653839
v 9.588497 44.233807 18.050589
v 10.539001 44.335430 18.968641
v 11.753575 43.890453 19.243237
v 13.273682 44.067486 20.169737
v 15.446548 44.143913 20.350271
v 14.608154 45.513863 20.321316
v 16.690289 43.902878 20.142618
v 19.729944 43.981689 19.351398
v 18.088408 44.019630 19.985456
v 22.663519 44.076225 17.611834
v 21.467146 44.128864 18.522079
v 24.437450 44.049591 15.507220
v 23.636850 43.996643 16.604624
v 25.976261 41.272724 12.338086
v 25.756605 42.356625 12.865937
v 25.561998 44.088840 12.767172
v 25.097822 44.128441 14.271701
v 55.301388 -7.126879 0.089931
v 54.627438 -5.055661 0.137462
v 53.794922 -3.983136 0.163358
v 52.788612 -2.463283 0.212044
v 51.639694 -1.453685 0.210813
v 52.618332 0.665246 0.611417
v 51.457493 2.570678 1.165370
v 50.642124 3.772340 1.681162
v 49.643475 4.826254 2.312403
v 45.901173 21.272297 2.010115
v 44.962452 20.760857 1.780975
v 44.102177 20.175053 1.601345
v 44.142910 19.321011 1.829109
v 44.256184 22.142183 1.388125
v 42.765141 23.764174 1.145095
v 41.482071 25.295059 1.198707
v 40.693317 27.438288 1.337532
v 40.068638 29.088730 1.609905
v 39.281712 29.486534 2.043588
v 39.810722 31.440594 2.240479
v 38.940701 31.694427 3.402993
v 39.159187 33.242542 4.117307
v 38.874737 33.245537 5.484501
v 38.788776 33.315746 6.638811
v 38.666229 33.112236 8.222188
v 38.487366 33.227268 10.458557
v 37.353497 31.715912 12.789091
v 21.812433 48.111649 3.019348
v 21.133308 46.772171 1.990445
v 20.615599 45.695148 1.801612
v 19.192997 46.223759 1.162952
v 17.324121 45.698055 1.008344
v 23.623056 48.842854 6.910088
v 24.171310 47.030472 7.281402
v 24.588158 47.509968 8.790905
v 25.088030 47.124428 11.156343
v 25.416773 45.138664 11.093927
v 25.350641 44.241852 9.981676
v 25.511559 44.070873 11.118096
v -21.301037 50.196735 0.404487
v -20.309015 48.851559 0.414861
v -21.297659 47.956165 0.310678
v 23.309935 -84.010918 50.544563
v 23.710594 -82.566483 50.432983
v 23.718824 -81.204163 50.260979
v 23.660957 -79.682007 49.910427
v 23.153694 -78.558876 49.697620
v 22.718351 -78.158112 49.554272
v 25.925791 -79.522171 49.426125
v 25.860640 -78.300140 49.086987
v 26.962074 -77.569931 48.580830
v 29.027441 -76.943016 47.700069
v 30.749956 -76.522728 46.926945
v 31.993393 -76.201462 46.305153
v 32.339779 -74.767563 45.608906
v 32.124096 -73.607254 45.270409
v 33.782623 -73.526283 44.494705
v 34.262909 -71.553955 43.582340
v 33.912357 -70.537125 43.354389
v 33.647820 -69.661995 43.145351
v 35.067223 -69.367188 42.279331
v 35.690578 -67.684029 41.321594
v 13.915054 -99.345001 52.701126
v 13.983700 -98.508232 52.449539
v 18.612665 -93.789238 52.211746
v 20.051453 -93.553329 52.010796
v 22.207273 -93.060562 51.838169
v 22.084610 -91.640610 51.653111
v 22.494583 -90.254913 51.458961
v 21.715622 -89.001808 51.268635
v 21.722317 -87.618439 51.078205
v 21.314053 -86.637917 50.946098
v 23.380968 -86.375687 50.828842
v 13.926957 -96.810127 52.243408
v 15.520063 -97.212151 52.609417
v 16.292397 -95.268295 52.434734
v 15.614377 -94.322670 52.119373
v 17.707455 -95.041344 52.334160
v 19.333487 -95.208374 52.296490
v 32.472012 -99.168907 7.092968
v 32.533810 -98.406090 7.182936
v 33.214981 -98.310974 7.446311
v 34.887829 -97.425957 8.316869
v 37.275749 -92.080009 10.162897
v 35.658997 -93.496788 8.990411
v 36.978516 -88.470535 9.669005
v 37.233826 -86.050949 9.666507
v 38.228886 -84.227966 10.064503
v 38.793713 -82.897827 10.059073
v 39.487015 -81.462708 9.646374
v 40.782307 -79.391968 8.818362
v 40.724693 -75.350929 4.676919
v 38.261261 -74.265457 2.050751
v 39.269894 -72.052055 0.861986
v 39.741974 -70.106606 0.436189
v 39.527355 -68.786438 0.186133
v 41.151630 -67.534157 0.203665
v 41.571037 -65.403580 0.036386
v 40.530716 -64.411110 0.001969
v 40.495674 -62.971840 -0.022448
v 42.169060 -61.899410 -0.023136
v 42.791027 -59.673870 -0.007755
v 43.700245 -58.000378 0.009539
v 44.164742 -56.671894 0.026162
v 44.897854 -54.923470 0.046855
v 45.563271 -53.064274 0.049535
v 45.252251 -52.258224 0.015514
v 46.659382 -50.885792 0.034353
v 47.566929 -48.737804 0.031114
v 48.583115 -47.022629 0.019773
v 48.917377 -45.276562 0.027536
v 48.689602 -44.222416 0.014125
v 50.275154 -43.248043 0.054466
v 50.996181 -41.595970 0.078129
v 51.783035 -39.995495 0.085874
v 52.633591 -38.400978 0.127274
v 53.516666 -36.828773 0.187772
v 54.411320 -35.206245 0.242292
v 54.882416 -33.807003 0.276984
v 55.309601 -32.136459 0.253987
v 57.454414 -34.092312 1.475228
v 59.553932 -26.673719 1.795854
v 57.462078 -26.735794 0.508485
v 57.479675 -24.906858 0.376546
v 57.800072 -22.588320 0.227246
v 58.944901 -20.997648 0.425173
v 59.023659 -18.908945 0.398009
v 57.506413 -18.560665 0.032043
v 58.244179 -16.459763 0.207914
v 56.951767 -15.322631 0.057877
v 58.391315 -13.269876 0.192935
v 57.620605 -11.197642 0.110250
v 56.790833 -10.184413 0.080119
v 55.973701 -9.166745 0.064143
v 37.177990 -68.197250 40.632710
v 37.944401 -67.202385 39.773533
v 39.257462 -67.153366 38.926716
v 40.370632 -66.789619 38.070580
v 40.166027 -65.473953 37.641228
v 39.714851 -64.633614 37.534176
v 40.734734 -64.281975 36.646969
v 40.386116 -62.401066 35.919250
v 40.589836 -60.933624 34.953812
v 40.154064 -59.730988 34.660934
v 41.945324 -59.641666 33.240925
v 42.412338 -57.614170 31.907772
v 42.299229 -56.259720 31.425922
v 42.248226 -54.803307 30.903572
v 42.091988 -53.269821 30.427618
v 42.023563 -51.644543 29.889633
v 42.254292 -50.153801 29.188932
v 42.279938 -48.841843 28.770182
v 42.249271 -47.307766 28.269098
v 41.977669 -45.764812 28.059580
v 41.117313 -45.857269 28.708679
v 41.256657 -44.555908 28.297853
v 41.398365 -42.771984 27.853024
v 41.719971 -41.096424 27.329542
v 42.102341 -39.558064 26.868723
v 42.515987 -38.035583 26.419367
v 42.989151 -36.420486 25.933304
v 43.492119 -34.843117 25.462950
v 44.127907 -33.247768 24.990746
v 44.658443 -32.073120 24.667072
v 46.267654 -32.061966 23.992670
v 46.667027 -30.364761 23.779488
v 48.281624 -30.081619 23.167059
v 48.836506 -28.249378 22.924212
v 48.502766 -27.107395 23.026525
v 47.399441 -27.212811 23.412069
v 47.898117 -25.836086 23.218037
v 47.694382 -24.323502 23.285780
v 49.565357 -23.693876 22.689671
v 49.360020 -22.421576 22.770838
v 50.523712 -21.164995 22.438347
v 50.298820 -19.313526 22.640358
v 51.340183 -17.854635 22.289568
v 50.666817 -16.234728 22.484268
v 49.994194 -16.332329 22.743822
v 49.756741 -15.255569 22.803432
v 49.762665 -13.390625 22.574240
v 49.465797 -11.687264 22.248997
v 48.340908 -11.753338 22.391464
v 48.508018 -10.838241 22.185696
v 49.327961 -10.100247 21.475246
v 48.392597 -8.721844 20.985455
v 50.001247 -8.242799 20.261431
v 49.556702 -6.483701 19.354177
v 48.939140 -4.824074 18.809263
v 47.919479 -3.939033 19.062143
v 47.210220 -2.989898 19.190338
v 47.720131 -1.451831 18.262178
v 47.310081 0.440558 18.071938
v 47.265789 2.181440 17.714729
v 47.417278 4.246849 17.309143
v 47.130283 5.349135 17.605162
v 47.354179 6.802382 17.328510
v 47.439919 8.372645 17.327517
v 47.247868 10.036092 17.540510
v 46.970818 11.912518 17.816811
v 46.006927 11.782453 18.402603
v 45.885715 13.500260 18.342726
v 45.125240 14.993524 18.516518
v 44.338585 16.547892 18.568748
v 43.883099 17.791891 18.554989
v 44.471897 19.430647 18.560623
v 43.347195 20.729593 18.566660
v 42.252132 20.811644 18.719753
v 41.271694 21.259495 18.909342
v 41.472107 22.580379 19.156937
v 40.686878 23.427496 19.033064
v 36.675858 27.548824 15.183565
v 37.133549 26.433064 16.333775
v 37.752781 25.691950 17.120464
v 38.803082 25.410427 18.202946
v 40.208866 24.866804 18.778877
v 40.384716 24.271688 18.898924
v -22.363943 48.955727 14.840790
v -24.307423 49.051922 14.708180
v -25.381889 48.523163 14.424018
v -26.661278 48.357288 14.083609
v -27.529337 48.294159 13.475723
v -30.638033 50.538010 5.783758
v -31.286112 50.684898 7.848992
v -31.193508 50.555870 9.495510
v -30.453445 50.306904 10.624093
v -29.181513 50.373695 12.253383
v -27.336527 49.782024 13.661495
v -28.849485 48.454247 3.529606
v -29.721638 50.333897 3.956751
v -24.624090 47.373718 0.926428
v -26.333172 49.008110 1.164928
v -27.559168 49.037079 1.908163
v -28.043240 48.520855 2.479225
v -22.492935 47.124249 0.452902
v -20.623091 60.979542 6.412198
v -19.663948 59.620331 7.882355
v -19.111324 59.127647 8.452020
v -19.902575 59.918560 8.790690
v -20.364637 59.034111 10.671621
v -20.115232 57.672523 11.221191
v -21.032663 57.583199 12.194912
v -21.251474 56.038593 12.848439
v -21.095911 54.872635 13.100649
v -21.188002 53.393574 13.520017
v -21.164537 51.872807 13.956972
v -20.903931 50.713097 14.338016
v -22.384407 50.641857 14.569997
v 15.430231 45.710415 1.211681
v 13.457686 46.034832 1.988183
v 12.289411 45.937126 2.805735
v 11.925589 45.473248 3.445823
v 10.671802 45.884689 4.955678
v 9.902623 45.593636 6.187472
v 9.426698 45.288059 7.171891
v 9.056975 45.570694 8.905237
v 8.801286 45.651611 10.911902
v 8.309143 45.600136 13.057880
v 9.170063 45.123844 14.016762
v 8.160468 45.738819 15.066692
v 8.222435 45.461025 16.241102
v 8.864313 45.877419 17.349873
v 9.791853 45.865726 18.426195
v 10.830481 45.627037 19.326876
v 11.699503 45.350121 19.717581
v 13.031321 45.337467 19.689396
v 16.776936 45.941612 20.076571
v 16.067770 47.370804 20.166643
v 14.307229 47.340290 20.354406
v 12.565155 46.818092 20.118937
v 18.226856 45.336765 19.907946
v 21.174479 45.966896 18.219597
v 19.159267 46.600906 19.166348
v 23.433388 45.430252 16.593102
v 22.490660 45.671894 17.511356
v 24.886326 45.709789 14.313526
v 24.196472 45.632961 15.579859
v 25.353081 45.816303 12.521823
v 57.180637 -7.176566 0.151336
v 56.535778 -5.134478 0.179197
v 55.788143 -4.104729 0.216684
v 54.972294 -3.057294 0.239251
v 54.433411 -1.195186 0.391574
v 54.568378 1.232677 0.733983
v 54.026516 2.660432 1.260939
v 52.782948 3.059766 1.759870
v 51.650944 4.858238 3.332842
v 49.406651 8.518224 5.703355
v 47.156712 23.182365 2.009248
v 45.900978 23.391876 1.359370
v 44.859516 24.282619 1.039714
v 43.997478 25.260082 0.892297
v 42.885754 26.665386 0.844722
v 41.955132 27.928549 0.932980
v 41.388844 29.991529 1.199215
v 41.191223 32.359673 1.319723
v 40.334858 33.453995 2.193640
v 39.762470 33.239635 2.934103
v 39.895741 34.825989 3.463468
v 39.440598 35.084736 5.182239
v 39.282963 34.698837 6.540422
v 39.504826 35.148609 8.827524
v 39.429729 35.023327 10.783709
v 38.717224 34.525715 12.875100
v 38.641975 33.836876 15.120110
v 37.798080 32.357368 14.493381
v 37.315868 31.187346 14.456422
v 37.048706 30.938841 13.646397
v 20.285055 51.034264 2.450545
v 20.343399 48.727322 1.731574
v 20.302332 47.550804 1.688020
v 18.748379 48.122524 1.144593
v 16.796535 47.356445 1.147514
v 15.390112 46.951614 1.256435
v 23.014469 52.073650 6.935434
v 24.231701 50.100803 9.214680
v 24.330332 48.795940 8.613847
v 24.535332 48.781925 9.231636
v 24.699741 48.739967 10.144986
v 24.861055 48.939152 11.509779
v 24.761213 48.501743 12.966602
v 25.135864 46.984249 13.096249
v -21.867891 52.084522 0.379572
v -23.196211 51.069656 0.349232
v -22.508078 49.895538 0.327751
v -22.117998 49.202007 0.319662
v -23.244970 48.907688 0.406421
v 25.329279 -84.406471 50.353943
v 25.384892 -82.864922 50.214577
v 25.378979 -81.529984 50.150291
v 27.629221 -81.372040 49.594578
v 27.962690 -79.441528 48.945641
v 27.206009 -78.702377 48.903469
v 27.914482 -78.513535 48.645199
v 29.350903 -78.616936 48.272655
v 31.427813 -78.453407 47.439140
v 32.750721 -77.684982 46.570850
v 33.483521 -76.416153 45.761517
v 33.294060 -75.318954 45.388443
v 35.061752 -75.427284 44.599327
v 35.366417 -73.560822 43.692009
v 35.251801 -72.177628 43.214417
v 35.295753 -70.954651 42.761272
v 36.533264 -70.899628 41.995872
v 36.607727 -69.398834 41.418674
v 15.560099 -98.762787 52.892632
v 15.721736 -99.550507 53.209393
v 14.774927 -98.479294 52.505764
v 21.830086 -94.909927 52.333565
v 22.543056 -93.883736 52.255562
v 24.386528 -93.370399 51.810307
v 24.254789 -91.730965 51.548752
v 23.495186 -90.982170 51.493233
v 24.255276 -89.295937 51.213585
v 23.646151 -88.280365 51.126972
v 25.987049 -87.353500 50.829025
v 25.884556 -85.488815 50.568604
v 17.177324 -98.413895 52.824181
v 18.470778 -97.163315 52.720127
v 17.596315 -95.810547 52.667614
v 20.686895 -96.663033 52.735035
v 20.495548 -95.591194 52.594006
v 38.196007 -86.832901 10.213261
v 38.703316 -84.754280 10.412008
v 39.471645 -83.313629 10.682437
v 40.520382 -82.153221 10.728216
v 41.010445 -80.754128 10.226649
v 39.786976 -73.191132 2.045270
v 40.833187 -71.295990 1.436356
v 41.744076 -68.742973 0.487894
v 42.871475 -67.004501 0.320172
v 43.200474 -65.285805 0.114186
v 43.142933 -63.810226 0.022852
v 42.439991 -63.332039 -0.028306
v 44.028065 -61.921131 -0.001296
v 44.419697 -60.095402 -0.002709
v 45.150600 -58.348038 -0.009282
v 45.936726 -56.726654 0.025693
v 46.895565 -55.071232 0.065104
v 47.733761 -52.972553 0.178718
v 47.339668 -51.835888 0.078794
v 49.064064 -50.366230 0.119600
v 48.486004 -49.322281 0.067894
v 50.005867 -47.858990 0.140081
v 50.719074 -45.407631 0.088030
v 50.451157 -44.269135 0.054224
v 51.806034 -43.439857 0.090243
v 52.657986 -41.986458 0.220957
v 53.140594 -40.568272 0.270157
v 53.798126 -39.273380 0.307330
v 54.536674 -37.928585 0.355487
v 55.366013 -36.565083 0.541496
v 59.064114 -23.001413 0.837441
v 61.292316 -20.669641 1.991698
v 60.441917 -16.579897 0.792177
v 59.334538 -14.950518 0.356694
v 60.434776 -13.672092 0.658661
v 59.710651 -11.389818 0.354171
v 58.740433 -10.266524 0.221081
v 57.873215 -9.208041 0.131413
v 37.842068 -69.753136 40.772381
v 39.086845 -69.430305 39.815987
v 39.477158 -68.564301 39.300278
v 41.208080 -68.414558 38.006519
v 41.520786 -66.978889 37.249252
v 41.018429 -65.843369 37.162376
v 42.273670 -65.462402 35.989304
v 41.866253 -63.774899 35.689037
v 41.182964 -63.089035 35.755463
v 41.644863 -61.917889 34.749603
v 42.723759 -61.779247 33.782162
v 43.746025 -61.007996 32.409752
v 43.555439 -59.323574 31.718130
v 43.345119 -57.946896 31.242451
v 43.353970 -56.410004 30.603039
v 43.299160 -54.940250 30.070978
v 43.232235 -53.456608 29.593504
v 43.182556 -51.906811 29.059166
v 43.367798 -50.294643 28.430170
v 43.529373 -48.670128 27.814087
v 43.471920 -46.990208 27.346054
v 42.763718 -46.212669 27.622007
v 43.122288 -44.879230 27.097523
v 42.185699 -44.520317 27.649652
v 42.531448 -43.149796 27.153984
v 42.911846 -41.345501 26.665474
v 43.314220 -39.693821 26.221922
v 43.775799 -38.129478 25.774855
v 44.231468 -36.601166 25.333117
v 44.709328 -35.106228 24.907242
v 45.032413 -33.790257 24.606590
v 46.606976 -33.977642 23.906767
v 48.178707 -32.748192 23.267023
v 47.882572 -31.663218 23.358702
v 49.455009 -31.286575 22.739645
v 50.070511 -29.664274 22.445930
v 50.091061 -28.458643 22.432726
v 50.294441 -26.791395 22.368265
v 49.457890 -25.716335 22.705057
v 50.884811 -24.986410 22.198259
v 51.180286 -23.512804 22.139709
v 50.894108 -22.629887 22.264137
v 52.248798 -22.053843 21.814016
v 51.778259 -21.002171 22.045622
v 52.543610 -19.735346 21.860655
v 53.029564 -17.240515 21.843031
v 52.200356 -15.908365 21.955641
v 51.500896 -15.535171 22.124847
v 50.948700 -15.098008 22.300781
v 51.849201 -13.796522 21.868673
v 51.175247 -11.714216 21.892992
v 50.255863 -11.056447 21.658728
v 51.012402 -10.048855 21.059294
v 51.929688 -8.891903 20.354193
v 51.180576 -8.049403 19.580215
v 50.925133 -6.692701 18.975603
v 50.423355 -4.910456 18.127842
v 49.492504 -3.296629 17.695669
v 48.531528 -2.900634 18.190834
v 48.777481 -0.844504 16.981201
v 48.133865 0.984866 17.040319
v 47.769638 1.844216 17.236580
v 48.379009 3.721907 16.155239
v 48.333065 5.895316 16.179171
v 48.042343 6.349336 16.657667
v 48.509544 8.307501 16.033566
v 47.997707 9.579352 16.811684
v 48.342381 11.537248 16.586958
v 47.722187 13.305474 17.436890
v 46.934509 13.274282 17.933762
v 46.965317 14.490514 18.011847
v 46.208912 16.303133 18.231625
v 45.418129 17.836937 18.416531
v 46.573563 19.122423 18.212528
v 46.405109 21.373314 18.526514
v 45.223118 22.406805 18.923761
v 43.872982 21.962341 18.844353
v 42.759762 21.989225 18.953003
v 41.964401 21.836920 19.008951
v 41.668804 20.972790 18.805376
v 42.276390 24.891727 19.235523
v 37.371792 27.692348 16.667517
v 38.345119 27.327435 17.448025
v 39.498032 27.020288 18.343967
v 40.706345 26.504141 19.186415
v -24.453854 50.345505 14.649246
v -26.004351 50.004871 14.407261
v -30.611139 52.169109 4.037520
v -31.294476 52.375740 5.426506
v -31.951239 52.124763 7.748679
v -31.803011 51.915962 9.058904
v -31.341047 52.010288 10.452616
v -30.317730 51.813381 11.636982
v -29.490467 51.566601 12.482804
v -27.535048 51.995995 13.600867
v -28.752930 53.254059 13.260188
v -26.102619 51.653435 14.253108
v -28.682631 50.104759 2.554603
v -29.561890 52.456524 2.495726
v -25.047083 50.037300 0.729971
v -26.680357 50.505402 1.142789
v -27.590147 50.086487 1.644108
v -20.780216 61.701698 8.818986
v -21.402708 63.262154 7.979505
v -20.680260 60.752155 10.085241
v -21.755239 60.557243 11.347547
v -21.781042 58.954521 12.122279
v -22.129412 57.721493 12.807835
v -22.357300 56.219707 13.456609
v -21.773905 55.214821 13.503793
v -22.596659 53.789227 14.105287
v -22.475328 52.196434 14.177761
v -24.155640 52.051258 14.492158
v 13.539325 47.523567 1.949435
v 12.243963 47.618587 2.752975
v 11.669119 47.284805 3.427075
v 10.834945 47.054707 4.529453
v 9.607748 47.580803 6.284319
v 9.401609 46.930889 6.884028
v 8.959097 46.927032 8.508797
v 8.878453 47.380589 10.853089
v 8.782003 47.240673 12.846048
v 8.065551 47.220039 14.762714
v 8.195100 47.336979 16.172354
v 8.816449 46.860188 17.048229
v 9.553587 46.835793 18.234785
v 10.205406 47.056164 19.050797
v 10.955280 46.900425 19.606123
v 18.057451 46.712830 19.723763
v 17.436893 48.427998 19.260971
v 15.319624 48.927273 19.596102
v 13.880481 48.682549 19.831875
v 12.423986 48.367821 19.754375
v 10.395918 48.211391 18.579260
v 22.387419 47.224579 17.220066
v 21.268967 47.513206 17.903978
v 19.897961 48.457844 18.211363
v 23.810312 47.368114 15.722738
v 24.612137 47.777367 14.335768
v 58.980125 -7.514843 0.351680
v 58.512711 -4.774088 0.269205
v 57.417629 -4.346986 0.243966
v 56.848660 -3.124367 0.274793
v 56.331619 -1.520197 0.373425
v 56.234478 0.667216 0.637359
v 56.054539 2.231866 0.997046
v 55.467178 3.265772 1.437654
v 54.481884 4.472547 2.541900
v 50.211765 8.155272 7.640840
v 50.445919 9.666602 9.579316
v 50.522369 7.207879 7.227365
v 47.299988 25.674280 1.324456
v 46.229229 25.104685 1.098650
v 45.386471 26.566423 0.649363
v 43.970631 27.816090 0.521883
v 43.205185 29.512476 0.621899
v 42.795967 32.184086 0.754250
v 41.970375 33.830486 1.096537
v 41.060863 34.360870 1.704122
v 40.478260 34.657665 2.439297
v 40.706993 35.976418 2.622134
v 40.095390 36.585365 3.810178
v 39.922123 36.482868 5.256404
v 39.871384 36.454636 6.913479
v 39.998470 36.519505 8.586387
v 40.222126 36.812466 10.051437
v 40.062511 36.686756 11.209792
v 40.158173 36.403030 12.182544
v 39.154716 36.365204 13.117283
v 39.434750 36.354870 15.078805
v 39.919071 35.631020 16.630445
v 39.645519 34.065472 16.945015
v 38.663654 32.642384 16.474154
v 38.012241 32.208305 15.471176
v 37.885822 30.328896 16.150339
v 37.133175 30.084047 14.857768
v 36.691605 29.680437 13.691589
v 20.267824 54.436520 2.678656
v 18.086685 53.186657 1.387432
v 18.321770 51.273216 1.188527
v 18.786516 49.969677 1.326387
v 17.597780 49.539345 1.008928
v 16.027266 49.027260 1.222799
v 14.215205 48.607185 1.601103
v 22.448414 55.215855 6.793189
v 23.595589 53.435768 9.352024
v 23.853472 51.835987 9.185486
v 24.136923 51.790485 10.911842
v 24.552725 49.991791 10.876226
v 24.438852 50.402187 12.435943
v 24.136808 49.688194 14.128780
v 24.545019 48.642994 13.854391
v -22.662256 53.682030 0.647641
v -24.222822 52.733158 0.474709
v -24.716236 51.464512 0.547710
v 27.287172 -84.290161 50.184914
v 26.993813 -83.197670 49.983242
v 29.284035 -83.037651 49.569603
v 29.946316 -81.329208 48.962021
v 29.436090 -80.116081 48.790432
v 31.272446 -80.213539 48.170746
v 32.676937 -79.799873 47.521397
v 34.110779 -79.227173 46.715572
v 33.781841 -78.123573 46.376518
v 34.485905 -77.328560 45.735664
v 35.904842 -77.057632 44.867939
v 36.663204 -76.106087 44.043678
v 36.083321 -75.261826 44.023613
v 36.508221 -74.250854 43.332500
v 36.303909 -72.561562 42.757935
v 37.915478 -72.430336 41.684505
v 38.041302 -70.976700 41.057823
v 16.787752 -99.392166 53.025227
v 22.527851 -96.420410 52.745342
v 22.747650 -95.580040 52.561161
v 24.105698 -95.305038 52.243538
v 26.431307 -94.734253 51.697269
v 26.220934 -93.208603 51.510406
v 26.563553 -91.845200 51.311504
v 25.726206 -91.168968 51.341995
v 25.468523 -89.746849 51.178059
v 27.885668 -89.162148 50.797993
v 28.010950 -86.930748 50.591434
v 27.615795 -86.094757 50.544724
v 27.392162 -85.193703 50.599636
v 18.356104 -99.283737 53.050808
v 18.634493 -98.391747 52.861385
v 20.400288 -98.580650 53.017635
v 23.109161 -98.079086 53.091518
v 40.037167 -84.106415 11.001163
v 42.080952 -82.916504 11.921011
v 41.924847 -81.274277 11.120497
v 43.239067 -68.701035 1.341983
v 44.393604 -65.482735 0.579743
v 44.784546 -63.777397 0.141850
v 44.328575 -63.219765 0.051226
v 45.751076 -61.619663 0.087176
v 45.438519 -60.316078 0.003335
v 46.737133 -58.880756 0.023412
v 47.244625 -57.058670 0.005270
v 47.983707 -55.860641 0.166734
v 50.564697 -54.424076 1.038237
v 49.996994 -51.479809 0.365711
v 50.737755 -49.955296 0.221769
v 51.202808 -48.788197 0.237303
v 51.737049 -47.546947 0.247759
v 52.610046 -45.789780 0.424581
v 52.383289 -44.356514 0.161433
v 53.054108 -43.294685 0.359091
v 55.135189 -41.086559 1.245136
v 63.560322 -24.382088 4.396817
v 64.378731 -20.096218 4.659867
v 64.288086 -16.294823 3.509311
v 61.404804 -11.157990 0.998496
v 59.893108 -9.304192 0.395301
v 39.803810 -71.139481 39.866112
v 41.234642 -70.225365 38.515617
v 42.596588 -69.784836 37.356258
v 42.173264 -68.818192 37.383842
v 42.641678 -68.051132 36.700623
v 43.579433 -66.865776 35.400539
v 43.429916 -65.357529 34.995983
v 43.017822 -64.408356 34.931561
v 42.606979 -63.356865 34.810822
v 43.676842 -63.447872 33.812283
v 44.938576 -62.587570 32.062744
v 44.878117 -60.833519 31.225237
v 44.617767 -59.501888 30.805063
v 44.470882 -58.003643 30.267361
v 44.386921 -56.519524 29.700472
v 44.316257 -55.059956 29.214956
v 44.246082 -53.633396 28.772352
v 44.377747 -52.139233 28.170324
v 44.597733 -50.499550 27.539347
v 44.782711 -48.795052 26.945910
v 44.961292 -46.733692 26.287935
v 44.058815 -45.729698 26.674786
v 44.473694 -44.269859 26.130739
v 43.527344 -43.321903 26.547197
v 44.156879 -41.784870 25.927147
v 44.550289 -39.842915 25.561455
v 44.972370 -38.263508 25.158815
v 45.488003 -36.748470 24.715446
v 45.862366 -35.373413 24.354498
v 47.399704 -35.615208 23.731743
v 49.158539 -34.218426 22.929682
v 50.089279 -32.631523 22.498514
v 50.983883 -31.238792 22.066290
v 51.383183 -29.655964 21.873272
v 51.159519 -28.552694 21.965942
v 51.699608 -27.190069 21.753845
v 52.150433 -25.467037 21.630087
v 52.119286 -23.936184 21.735079
v 54.006065 -23.483109 20.935417
v 53.831112 -21.741198 21.255709
v 53.149536 -20.875963 21.578495
v 54.044659 -19.748964 21.332062
v 54.167286 -17.805298 21.343176
v 54.222492 -15.735053 21.284359
v 53.137070 -15.217033 21.600195
v 54.250042 -13.273686 20.919319
v 53.273327 -11.595069 20.940804
v 52.228634 -11.830804 21.478573
v 52.379044 -10.334118 21.059542
v 51.852451 -9.840947 20.649630
v 53.379486 -9.115663 20.391886
v 53.545406 -7.613721 19.628927
v 52.171791 -8.007517 19.550924
v 52.465073 -6.814006 18.793743
v 52.173328 -5.172828 17.808939
v 51.618896 -3.456175 16.765945
v 50.497002 -3.582036 17.296858
v 50.531284 -2.336061 16.481318
v 49.528301 -1.946567 16.904270
v 49.879620 -0.794951 15.936006
v 49.450405 0.671723 15.500521
v 49.043407 2.128007 15.508532
v 49.195545 4.186303 14.761749
v 49.181255 5.366726 14.680778
v 49.059204 6.664469 14.930963
v 49.431129 8.809892 14.567268
v 49.334988 10.538668 15.151211
v 49.449398 12.356924 15.487823
v 49.045193 13.658125 16.282118
v 48.378410 14.398353 17.057827
v 47.721210 14.544542 17.585976
v 47.682220 15.936913 17.702145
v 47.693668 18.043661 17.761942
v 47.996540 19.862322 17.784594
v 47.716000 21.202072 18.081390
v 47.654713 22.995304 18.341822
v 46.189991 23.919298 18.712769
v 44.431347 24.159210 19.186308
v 43.884624 23.613583 19.496576
v 42.736469 23.292494 19.223530
v 42.195148 26.914076 19.426977
v 37.161198 28.603420 16.025976
v 37.703064 28.854870 16.642731
v 38.622952 29.056028 17.537588
v 40.172726 28.711674 18.319368
v 41.732067 28.302761 18.980679
v -30.903467 53.729755 3.049269
v -31.222383 53.328064 3.961336
v -31.271816 53.038277 4.529144
v -32.092625 54.492329 5.040734
v -32.591808 53.806992 7.566070
v -32.515572 53.623493 9.388646
v -31.842197 53.168926 10.373142
v -31.152517 53.224606 11.466731
v -30.387934 53.081924 12.205667
v -26.401102 53.402088 14.023247
v -27.443647 53.415821 13.752384
v -27.254908 54.971767 13.834252
v -28.413363 55.012009 13.624855
v -29.527861 55.193069 13.187640
v -30.891779 54.486027 12.205593
v -24.562817 53.616879 14.207233
v -27.852118 51.693275 1.536728
v -28.557341 53.623219 1.439392
v -29.511032 53.629875 1.913198
v -30.337620 54.884380 2.002915
v -26.231470 51.718826 0.813633
v -21.360916 63.213295 9.197431
v -21.672625 62.298363 10.344271
v -22.948030 62.108349 11.740303
v -22.610762 60.652172 12.074176
v -22.563425 59.657234 12.359197
v -23.461615 57.852692 13.326312
v -23.329241 56.173290 13.810288
v -23.384401 55.017166 13.979339
v -23.801908 53.092319 14.384455
v 12.531149 49.041077 2.313792
v 11.800463 48.924297 3.167623
v 10.961205 48.795193 4.093027
v 10.377572 48.456936 4.809772
v 9.557592 48.872971 6.346281
v 9.135621 48.753262 7.409912
v 8.787417 48.514812 8.510652
v 8.698497 48.710632 10.476713
v 8.861805 48.773560 11.585586
v 8.862639 48.767281 12.617072
v 8.234325 49.024757 14.690844
v 8.407878 48.463875 16.263542
v 9.074935 48.360107 17.296864
v 18.079393 50.386543 18.291204
v 16.527817 50.535698 18.634426
v 14.920880 50.311859 18.755234
v 13.404071 49.891823 18.955187
v 11.498744 49.987907 18.730928
v 9.977038 50.218826 17.802677
v 8.981292 49.825481 16.677301
v 22.611692 48.863625 16.532303
v 21.901949 48.623260 17.163704
v 21.365829 48.404140 17.637587
v 20.973309 50.003536 17.179850
v 19.443653 50.155430 17.835056
v 24.040854 48.656506 14.986000
v 23.256775 49.770573 15.536101
v 60.884621 -7.817827 1.036452
v 59.830704 -4.344028 0.567382
v 59.033806 -2.177881 0.461934
v 57.841129 -1.883598 0.398223
v 58.517944 0.596619 0.616319
v 57.588051 2.762868 0.995084
v 56.552776 3.309005 1.347424
v 57.028709 4.875978 2.012040
v 57.084187 6.985105 3.130046
v 51.561405 6.044407 6.736160
v 50.718407 7.878664 9.314537
v 51.057892 6.405159 8.738790
v 49.331253 27.854843 1.973415
v 47.688347 28.669004 0.864002
v 46.669205 27.485964 0.758591
v 46.183746 29.315903 0.371030
v 44.720280 29.349665 0.340385
v 44.772366 31.727070 0.350638
v 43.844875 33.266678 0.504009
v 43.171967 34.883244 0.789196
v 41.742447 35.764305 1.557914
v 41.443417 37.712410 2.441466
v 40.579590 37.880974 3.546078
v 40.343300 38.036362 5.370898
v 40.299534 38.060818 7.144719
v 40.465923 38.030312 8.825887
v 40.719959 37.982204 10.321149
v 40.726887 37.751839 11.241490
v 40.663822 38.085567 12.273560
v 39.442863 37.817825 13.067580
v 39.617474 37.961151 14.664806
v 40.172318 38.053326 15.958248
v 40.711681 37.377369 17.075134
v 41.161911 35.844627 17.718100
v 40.887611 34.617851 17.671907
v 39.718693 32.662312 17.535583
v 40.961887 33.231422 18.006302
v 39.131500 31.261307 17.373760
v 38.680912 30.203636 17.240028
v 36.985504 29.183882 15.192155
v 18.422806 57.694729 1.594930
v 18.215769 55.253021 1.177602
v 16.351368 54.709396 0.894914
v 16.116419 53.185352 1.075921
v 16.715195 51.899303 1.115034
v 17.067225 50.800365 1.038622
v 15.494005 50.726376 1.137045
v 13.396907 50.569744 1.808281
v 12.340138 50.020641 2.253259
v 22.359900 58.165699 6.832266
v 23.162922 56.494984 9.327063
v 23.356592 54.988529 9.187608
v 23.648235 54.887573 10.975868
v 23.900087 53.365757 10.960873
v 23.816151 53.313709 12.364027
v 24.116192 51.872726 12.419319
v 23.731491 51.922611 13.583922
v 23.143499 51.325554 14.829632
v -21.237835 54.865532 1.392049
v -23.563122 55.285397 0.692309
v -25.185446 54.631977 0.606861
v -26.536016 53.258884 0.831740
v 28.878508 -84.636787 50.063511
v 30.689302 -84.427826 49.633141
v 30.814230 -83.142250 49.309650
v 31.892057 -82.164726 48.679333
v 33.856560 -81.184586 47.530106
v 36.086414 -80.911163 46.424881
v 36.122856 -79.427376 45.813263
v 35.660416 -78.274658 45.541279
v 37.567226 -78.170197 44.376118
v 37.935539 -76.140488 43.281723
v 37.277203 -75.216377 43.299576
v 37.997601 -74.352318 42.442337
v 39.014610 -73.398636 41.319199
v 39.248486 -72.356842 40.764114
v 17.441189 -99.714973 53.382675
v 23.771103 -96.921455 52.744377
v 23.801884 -96.034897 52.637016
v 25.692844 -97.169479 52.303452
v 28.151663 -96.156540 51.508221
v 28.114180 -94.768921 51.574276
v 27.844692 -93.772110 51.390163
v 27.671684 -92.619751 51.216545
v 27.885395 -91.106354 51.019699
v 29.456980 -90.756691 50.689713
v 30.205118 -88.654259 50.391483
v 29.778139 -87.668701 50.388191
v 29.458668 -86.312164 50.328758
v 28.571674 -85.337463 50.529774
v 19.522812 -99.592949 53.413101
v 20.884804 -99.487129 53.329208
v 22.340525 -99.404900 53.348530
v 25.063278 -99.360512 53.028637
v 25.099840 -98.586761 52.846237
v 46.509220 -64.845299 1.494789
v 45.651928 -63.518089 0.439349
v 46.433403 -62.449429 0.461012
v 47.251167 -60.758938 0.351509
v 47.961876 -59.077011 0.359442
v 48.389244 -57.315830 0.316074
v 51.689854 -50.073044 0.624644
v 52.459877 -48.052368 0.571978
v 54.353630 -48.623535 1.855142
v 64.698578 -22.050863 5.457591
v 64.424347 -23.236635 5.248283
v 64.663452 -23.982864 6.120485
v 64.326370 -25.316523 5.568245
v 65.261734 -18.572676 5.626252
v 65.075966 -19.633329 5.618858
v 65.067703 -20.775557 6.860668
v 64.876740 -13.657788 4.240813
v 65.235703 -15.939796 4.932178
v 65.525032 -17.245871 6.734635
v 40.321739 -72.839851 40.139282
v 41.460922 -72.654152 38.933678
v 42.164665 -72.061951 38.111591
v 43.290524 -71.359802 37.043854
v 43.578663 -70.013275 36.429642
v 43.287540 -69.188507 36.465698
v 44.213799 -68.731750 35.293606
v 44.487186 -67.053764 34.464714
v 44.243561 -65.883156 34.318184
v 44.045364 -64.877357 34.084930
v 44.867287 -64.770973 33.105778
v 45.992985 -64.122589 31.452578
v 45.890862 -62.588165 31.028559
v 45.753937 -61.200504 30.472595
v 45.641640 -59.581829 29.837967
v 45.520538 -58.058685 29.259232
v 45.426083 -56.571377 28.745005
v 45.357765 -55.107536 28.251015
v 45.190605 -53.749432 27.975029
v 45.109039 -52.506981 27.647869
v 45.898556 -50.881580 26.525881
v 45.969009 -49.090057 26.125067
v 46.239048 -47.286983 25.574160
v 46.433720 -45.368423 25.074995
v 45.417233 -45.135685 25.659302
v 45.679134 -43.736530 25.308580
v 44.940598 -42.781883 25.615423
v 45.696518 -41.550930 25.052975
v 45.795853 -39.927986 24.886509
v 46.205067 -38.372593 24.548134
v 46.498341 -37.035118 24.260399
v 48.107887 -37.171143 23.559193
v 49.941586 -35.787899 22.683594
v 50.955460 -34.331760 22.151648
v 51.310417 -33.037769 21.904116
v 51.975521 -31.556086 21.559452
v 52.547100 -29.988516 21.280025
v 53.111076 -28.271393 21.040791
v 52.461082 -27.766726 21.393293
v 53.722141 -26.271496 20.816975
v 55.363323 -24.914946 20.089260
v 55.605717 -23.423298 20.149473
v 55.564983 -22.181776 20.334232
v 55.159950 -20.663092 20.694590
v 54.917297 -19.546801 20.950188
v 55.615910 -18.264664 20.696310
v 55.592003 -15.902745 20.791470
v 55.030937 -14.660808 20.896635
v 55.975746 -13.649716 20.405640
v 55.862129 -11.281012 19.943758
v 54.513248 -10.321614 20.043110
v 53.436123 -10.246734 20.487247
v 54.231457 -8.769529 19.653166
v 55.688320 -8.635136 19.163027
v 55.221714 -6.572158 18.620399
v 53.751125 -5.885312 18.771942
v 53.041122 -5.523563 18.083151
v 54.133316 -4.420759 17.511789
v 53.084263 -3.454915 16.657875
v 52.723148 -1.919942 15.443953
v 51.575481 -2.182802 15.848950
v 51.340939 -0.799227 14.882439
v 50.261185 0.670491 14.599433
v 49.886971 2.222859 14.199847
v 49.725674 3.936976 13.859881
v 49.698795 5.753184 13.620047
v 49.506622 6.482156 14.032076
v 50.000668 8.098456 13.035526
v 50.057789 10.481238 13.753843
v 50.083427 12.200011 14.532945
v 50.049648 13.742586 15.091727
v 49.679073 14.718369 15.811480
v 49.067127 15.633309 16.654888
v 48.472534 15.924236 17.201031
v 48.784573 17.458414 17.145252
v 48.972298 19.594610 17.244246
v 48.977139 21.503275 17.546413
v 48.462227 22.705799 17.950014
v 48.485821 24.475828 18.047592
v 47.322388 25.424562 18.428038
v 45.521015 25.762169 18.614685
v 43.949444 25.683247 18.939510
v 43.124763 26.966791 18.445295
v 43.815266 28.083984 18.686535
v 39.213104 30.216520 17.747999
v 40.516399 30.502995 18.336271
v 42.346703 30.114948 18.730616
v 43.524113 29.749557 18.462629
v -31.339167 54.915722 2.849980
v -31.739681 54.852261 3.404001
v -32.197243 56.266247 3.521080
v -33.038589 56.604240 5.472383
v -33.533722 56.290897 7.356970
v -32.947029 54.980091 7.215183
v -33.282013 55.469353 9.060788
v -32.744858 54.769669 10.112668
v -32.116085 54.582253 11.088941
v -25.568369 54.781994 14.069067
v -25.601330 56.677109 14.058949
v -27.324839 56.547089 13.900159
v -29.090359 56.747021 13.375592
v -31.058207 56.446804 12.551448
v -32.507187 56.134945 11.477246
v -24.307549 55.500309 13.894533
v -27.421837 54.809364 0.880683
v -28.819763 54.873928 1.320641
v -28.958294 56.208221 1.262037
v -30.838722 56.909611 1.830265
v -31.549730 56.519001 2.343669
v -22.230598 64.636642 8.794863
v -22.259647 64.131126 10.090110
v -22.986185 63.610256 11.036556
v -24.465141 63.664688 12.082436
v -23.843513 62.501862 12.204114
v -24.310766 61.596497 12.801164
v -23.374640 60.134926 12.790271
v -24.778807 59.478104 13.581075
v -24.778004 58.092239 13.902725
v 11.320646 50.288818 3.415927
v 10.374778 50.349266 4.761851
v 9.528222 50.087627 5.907221
v 9.001905 50.160881 7.273896
v 8.783949 50.008644 8.499689
v 8.243558 50.415199 10.757410
v 8.647650 50.103943 12.331287
v 7.927675 50.102325 13.458271
v 8.087962 50.637268 14.663120
v 8.391924 50.409935 15.447601
v 18.691507 51.793415 17.609734
v 17.507690 51.724434 18.064571
v 16.663292 51.535828 18.253094
v 14.903453 51.959446 18.228086
v 13.650323 51.660027 18.214960
v 12.963815 50.817322 18.296644
v 12.130319 50.510208 18.142162
v 11.321844 51.754482 18.034803
v 10.181421 51.312012 17.703554
v 9.306567 51.349213 16.948584
v 8.583894 52.146423 15.630955
v 22.231014 50.106369 16.347004
v 21.785070 51.727619 16.100861
v 20.397703 51.775341 16.977598
v 61.699974 -4.393754 1.284855
v 60.414600 -0.877825 0.611155
v 60.263168 1.370273 0.543820
v 60.001240 2.857036 0.769407
v 59.226604 3.841337 1.123890
v 58.509300 5.006365 1.695129
v 58.553158 6.636614 2.256509
v 58.993031 8.356257 2.761263
v 51.666836 5.123259 8.845582
v 53.242157 4.650417 8.526357
v 50.772408 8.419909 9.879899
v 50.553215 7.414905 11.171144
v 50.768467 5.573935 10.826215
v 51.483490 4.234209 10.249570
v 48.735996 32.331699 0.377138
v 47.439293 30.598715 0.344573
v 46.952724 32.268150 0.194095
v 45.754478 33.770466 0.183636
v 44.577461 34.136616 0.293681
v 44.795975 36.032326 0.474138
v 43.382805 36.183594 0.785558
v 42.574024 37.420963 1.237743
v 42.246483 39.589481 2.373175
v 41.281162 39.467922 3.688855
v 40.784920 39.531010 5.341676
v 40.630322 39.757294 7.489825
v 40.681759 39.534447 9.067362
v 41.070850 39.629677 10.853872
v 41.411953 39.102680 12.157551
v 40.096851 39.408024 13.216540
v 40.102211 39.729450 14.571980
v 40.562531 39.443996 15.976988
v 41.128330 38.949432 16.835232
v 42.106537 38.987621 17.882587
v 41.501450 37.643421 18.116453
v 41.707943 36.601566 18.056524
v 41.769527 34.886509 18.124348
v 42.999413 35.359318 18.446297
v 42.154396 33.845688 18.443932
v 40.043579 31.614876 17.926844
v 40.848530 31.979692 18.268410
v 42.751591 32.112473 18.711529
v 19.981358 60.736740 2.146224
v 17.659843 60.013565 0.784241
v 15.623963 58.978031 0.653908
v 16.351803 57.467312 0.754955
v 16.835598 56.292934 0.922659
v 14.937893 56.089527 0.976278
v 15.196471 54.854004 0.922705
v 14.386267 53.814754 1.084489
v 15.151093 52.327927 1.137179
v 13.402256 52.341282 1.574125
v 11.671023 52.326569 2.571399
v 11.316563 51.401302 3.170166
v 22.630787 60.262447 6.880107
v 23.113407 59.392120 9.306451
v 23.086300 57.989872 9.168853
v 23.163351 57.923759 10.889799
v 23.296907 56.384777 10.970748
v 22.964314 56.185627 12.584038
v 23.563490 54.754566 12.413380
v 23.207418 54.386200 13.378834
v 23.384949 53.274437 13.559632
v 22.568964 53.351379 14.655972
v -18.763205 52.584148 2.460558
v -21.786076 57.262028 1.718777
v -23.569160 56.685638 0.837493
v -25.420046 56.447212 0.598850
v -26.975485 56.065483 0.758766
v 31.495987 -86.658752 49.926216
v 32.621162 -84.496719 49.029327
v 31.469463 -84.118416 49.254349
v 31.493731 -83.399925 49.111267
v 32.303574 -83.168373 48.910389
v 32.872562 -83.210411 48.652676
v 34.461739 -83.338058 48.018833
v 36.239582 -82.722565 47.035149
v 37.590534 -82.361465 46.289825
v 37.495758 -81.091026 45.777145
v 37.117725 -80.006516 45.511608
v 38.285599 -80.352158 44.975201
v 39.516739 -79.551018 43.735046
v 39.335323 -77.808327 42.959671
v 38.874027 -76.533714 42.711910
v 38.578362 -75.489014 42.521240
v 39.494812 -74.940239 41.524181
v 39.908722 -73.820854 40.787460
v 26.740564 -99.041710 52.372631
v 27.111847 -98.181244 52.081532
v 28.855490 -97.984138 51.552044
v 30.311308 -96.165619 50.916927
v 29.693928 -95.058739 50.992710
v 28.694525 -95.161446 51.277775
v 29.707533 -93.906731 50.940277
v 29.181675 -92.786118 50.974522
v 30.831274 -91.924309 50.450275
v 30.997187 -90.435020 50.337738
v 30.864355 -89.507347 50.341209
v 31.761585 -88.329933 50.079910
v 20.961742 -99.664742 53.443779
v 49.140762 -60.149654 1.250387
v 64.947746 -22.314314 6.340796
v 64.978668 -23.159769 7.321318
v 64.867065 -24.250080 7.181670
v 64.747833 -25.700190 7.721598
v 64.373314 -26.927208 6.528378
v 64.044067 -26.431274 5.445647
v 65.336456 -19.057917 7.087665
v 65.121101 -19.778641 9.175164
v 65.020401 -21.684008 9.210708
v 64.984116 -22.705667 8.583109
v 65.710861 -11.936144 5.058748
v 65.797958 -14.145632 5.481064
v 65.995071 -15.322684 6.894390
v 65.687164 -16.448109 9.147559
v 65.390747 -17.907682 8.947278
v 40.900845 -74.383026 40.060696
v 41.956898 -74.008644 38.812786
v 42.961399 -73.684380 37.691059
v 44.096638 -73.177422 36.501915
v 44.469334 -71.722137 35.865158
v 44.263523 -70.545532 35.841263
v 45.295712 -70.463028 34.460812
v 45.410435 -68.739944 33.873631
v 45.210335 -67.477760 33.729557
v 45.049500 -66.248009 33.578712
v 45.957825 -66.271172 32.328339
v 47.110344 -65.662796 30.400215
v 46.888672 -63.808548 30.225967
v 46.357758 -63.109325 30.634041
v 46.744156 -61.732174 29.537172
v 46.602936 -59.766312 28.866175
v 46.523388 -58.117596 28.255819
v 46.455086 -56.546494 27.720469
v 46.304050 -55.113659 27.357849
v 46.131794 -53.694405 27.082933
v 45.884933 -52.527187 26.977167
v 47.046741 -51.977962 25.826717
v 47.246655 -49.891579 25.243525
v 46.681946 -49.343929 25.536886
v 47.484104 -47.891479 24.771570
v 47.608662 -45.735668 24.469250
v 47.679867 -43.839165 24.241924
v 46.606201 -43.935009 24.822039
v 46.719196 -42.646019 24.662292
v 47.127827 -41.156651 24.312054
v 47.145710 -39.974583 24.227669
v 47.249233 -38.664585 24.070686
v 48.916470 -38.740818 23.297308
v 50.611702 -37.360821 22.428879
v 51.618347 -35.965855 21.903311
v 52.014153 -34.689926 21.628874
v 52.570820 -33.302822 21.280319
v 53.240917 -31.832069 20.891260
v 53.774551 -30.250015 20.575670
v 54.140694 -28.582514 20.451666
v 54.224281 -27.433723 20.469702
v 55.848812 -26.579445 19.578793
v 56.318653 -24.936253 19.530104
v 56.474834 -23.652222 19.629885
v 56.486092 -22.302425 19.836451
v 56.509987 -20.920820 20.015469
v 56.785866 -19.123260 20.037394
v 57.199490 -17.359684 19.982611
v 56.985229 -15.856777 20.185471
v 56.496605 -14.804669 20.356468
v 57.307213 -13.754752 19.904381
v 57.211227 -11.863713 19.649330
v 57.400635 -9.817106 18.961161
v 57.732368 -7.973886 18.273268
v 56.949253 -6.844361 18.062513
v 56.412010 -5.095188 17.496801
v 54.940033 -5.299987 18.333946
v 55.389435 -4.535238 17.553452
v 55.995159 -3.430238 16.610001
v 54.705643 -2.264654 15.759093
v 53.993958 -0.441033 13.981994
v 52.598167 -0.700231 14.332870
v 52.262768 0.608531 13.387760
v 51.076420 0.640698 13.897506
v 50.972130 2.109342 12.915117
v 50.390621 3.852217 12.617457
v 50.223274 5.538451 12.444126
v 50.133476 6.693981 12.544498
v 50.567314 8.703569 11.249572
v 50.479527 10.042908 11.682220
v 50.262638 9.960505 12.752952
v 50.424019 11.235993 12.557110
v 50.578465 13.238880 13.192681
v 50.486973 14.156447 14.436276
v 50.424904 15.809170 15.113064
v 49.913345 17.220657 16.188396
v 50.064240 19.314476 16.338116
v 50.233704 21.502903 16.669127
v 49.913708 22.984104 17.192181
v 49.236580 23.657413 17.615789
v 49.315449 25.593164 17.600290
v 48.048019 26.945084 18.020315
v 46.788158 26.997179 18.379795
v 45.580856 26.989084 18.518272
v 44.222694 26.780989 18.523798
v 46.035492 28.654486 18.473675
v 44.646358 29.601063 18.673487
v 44.975620 31.019075 18.799866
v -32.375217 58.086170 2.758029
v -33.169872 58.006809 3.831196
v -33.532825 58.012486 5.447003
v -34.014320 57.986492 7.340294
v -34.128632 57.792458 9.295025
v -33.709820 56.545227 8.999514
v -33.522816 56.680019 10.235589
v -26.060760 58.539425 13.935141
v -27.748363 57.923721 13.766793
v -29.031675 58.061840 13.489568
v -30.135813 58.325989 13.148359
v -31.580194 58.216133 12.488109
v -32.683678 57.669960 11.869191
v -33.510220 57.627476 10.919172
v -28.122021 58.116158 0.967599
v -30.159395 57.782249 1.486546
v -31.261400 58.086369 1.889522
v -22.727692 65.521423 6.596163
v -23.270189 66.279640 8.801025
v -23.106989 65.427994 9.796772
v -24.080656 65.222481 10.897045
v -25.509457 65.524826 11.783220
v -26.043575 64.923767 12.526013
v -25.323717 63.900124 12.570759
v -25.714565 62.876614 13.020245
v -25.986261 60.766819 13.471836
v -26.110306 59.623539 13.744412
v 9.910993 51.982899 5.123977
v 9.085126 51.980045 7.166134
v 8.725128 51.364067 8.417610
v 8.402021 51.768829 10.413011
v 7.764200 52.031467 11.629579
v 7.828230 51.748413 12.764933
v 8.000050 51.429192 14.004012
v 19.405758 53.481804 16.858236
v 17.296389 53.722023 17.595974
v 15.994860 53.014755 17.860472
v 13.661115 53.656479 17.770580
v 12.541696 52.827969 17.828371
v 13.039777 52.070347 17.978790
v 12.723296 51.827732 18.478712
v 10.726098 53.412861 17.118616
v 9.477791 52.773682 16.835493
v 7.998323 53.100292 14.243251
v 8.799501 54.920574 15.113317
v 9.736880 54.434761 16.378021
v 21.115274 53.718822 15.982814
v 62.747822 -1.026933 1.171792
v 61.537266 1.590471 0.591851
v 61.428284 3.347290 0.685216
v 60.999416 5.496218 1.072001
v 59.695320 6.336515 1.667044
v 59.959698 8.330011 2.154892
v 60.260288 10.243678 2.777921
v 59.123287 9.612136 3.489423
v 52.464012 2.774033 11.473377
v 54.653530 2.736427 11.386735
v 50.668659 8.538408 10.451696
v 50.914280 3.682384 11.550552
v 51.284599 2.904670 11.563373
v 49.487629 35.447327 0.390070
v 48.567791 34.199062 0.228542
v 48.009445 33.493622 0.184613
v 47.427074 34.844952 0.176944
v 46.975979 36.913815 0.086053
v 45.440247 38.045357 0.357865
v 44.044056 37.723091 0.762494
v 43.692734 39.265507 1.135000
v 43.158943 41.015919 1.950068
v 42.349350 41.006603 2.746824
v 41.783039 41.028427 3.711934
v 41.239323 41.043442 5.417831
v 41.022869 41.102024 7.212763
v 41.029057 41.256954 8.778473
v 40.518196 40.815289 9.461940
v 41.212990 40.788464 10.394587
v 40.490543 41.299843 11.599324
v 41.477356 40.487820 12.961217
v 40.271957 40.865505 13.648889
v 40.656338 41.556091 14.682402
v 41.545609 41.291603 15.990337
v 42.457733 40.572094 16.915453
v 42.363468 37.885582 18.354872
v 43.639713 38.025505 18.368017
v 43.173599 39.225033 18.055510
v 43.879547 40.474030 17.524359
v 42.520905 36.864681 18.558060
v 43.751976 33.739239 18.751724
v 44.990116 34.849079 18.525051
v 43.911591 35.161545 17.678490
v 44.732204 36.251953 18.039257
v 45.486961 33.093933 18.722315
v 21.704468 61.752594 3.458033
v 20.095192 62.963196 1.692093
v 18.194199 62.498623 0.688946
v 18.034042 61.195255 0.838110
v 16.060497 61.446609 0.529268
v 13.820856 60.486340 0.806735
v 13.583790 59.075256 0.952013
v 13.617799 57.596294 1.104365
v 13.143319 56.094433 1.440342
v 13.134238 54.766712 1.537077
v 12.906264 53.574924 1.579588
v 11.710956 53.944107 2.390555
v 10.547828 53.752712 3.620393
v 10.090633 53.197067 4.563517
v 22.649837 62.491215 7.149724
v 22.880220 61.237350 7.780636
v 22.996141 61.305763 8.919714
v 22.896772 60.801880 10.945326
v 23.141808 59.431099 10.879943
v 22.663944 59.406570 12.207525
v 22.737417 57.871147 12.337964
v 21.936802 57.890511 13.561886
v 22.003395 56.231716 14.113889
v 22.458740 55.092766 14.122379
v 21.341593 55.247009 15.211771
v -22.688101 59.530556 1.765358
v -24.017105 58.487595 0.865345
v -25.515411 57.883926 0.583335
v 32.527920 -87.829262 49.813251
v 33.209530 -87.291634 49.571194
v 32.736382 -86.098663 49.382336
v 34.271393 -86.147850 48.776608
v 34.288502 -84.714340 48.443993
v 35.586018 -85.090904 47.993145
v 36.568569 -84.294746 47.364136
v 38.480339 -84.028694 46.383121
v 38.826450 -82.578972 45.649532
v 38.361252 -81.613945 45.511211
v 39.602108 -81.571373 44.657684
v 40.735508 -80.855728 43.444023
v 40.653648 -79.508308 42.829536
v 40.424664 -78.191086 42.272469
v 40.244598 -76.561035 41.594139
v 40.565758 -75.384743 40.769379
v 28.253805 -99.423004 51.994888
v 30.676994 -99.141159 51.134701
v 30.808455 -98.269577 50.972523
v 31.778322 -97.043991 50.527000
v 32.146042 -95.254356 50.280991
v 31.822611 -93.539658 50.239990
v 32.428875 -91.523804 49.930801
v 31.943062 -90.536255 50.068012
v 31.844368 -89.520020 50.105469
v 33.515877 -89.232506 49.491608
v 64.838242 -24.550161 8.735015
v 64.888046 -24.376780 7.726040
v 64.819473 -25.921648 8.357131
v 64.531059 -27.273918 9.032300
v 64.451111 -28.673504 8.486992
v 64.068436 -29.305202 6.929888
v 63.301411 -29.211761 5.414989
v 64.996063 -18.039204 10.623402
v 64.536942 -19.800566 11.057933
v 64.252785 -21.448078 11.263227
v 64.450554 -22.616161 10.677899
v 64.581055 -23.797869 10.309689
v 65.974236 -9.332089 4.662177
v 66.546715 -11.662888 7.424597
v 66.425842 -13.197690 7.446650
v 66.259834 -14.059913 7.135033
v 66.171936 -14.303930 9.138640
v 65.725082 -15.297954 10.827717
v 65.396973 -16.600285 10.655784
v 41.661186 -75.957680 39.923107
v 42.619549 -75.536163 38.585915
v 43.538658 -75.273872 37.382301
v 44.470284 -74.935005 36.265808
v 45.265778 -74.396576 35.296284
v 44.864254 -73.497849 35.681011
v 45.180187 -72.658249 35.149426
v 46.151333 -71.776962 33.589252
v 46.276531 -70.293869 33.092133
v 46.170609 -69.121330 32.928028
v 45.991100 -67.908249 32.821293
v 47.093224 -67.954941 31.175877
v 48.249420 -66.785469 28.846500
v 47.737537 -65.746002 29.472851
v 47.840630 -64.667603 29.040766
v 47.680614 -62.319260 28.522381
v 47.532848 -61.022465 28.247984
v 47.495365 -59.855507 27.837807
v 47.516155 -58.152225 27.198196
v 47.525875 -56.487358 26.624100
v 47.371124 -54.951073 26.219351
v 46.992786 -53.735687 26.276812
v 48.043282 -52.857647 25.073566
v 47.796642 -51.774872 25.108528
v 48.330788 -50.434303 24.482409
v 47.986195 -48.997562 24.541456
v 48.926140 -47.851219 23.775452
v 49.009411 -45.481991 23.597614
v 48.528934 -44.485916 23.814857
v 49.336239 -42.940792 23.258236
v 48.238098 -42.755138 23.848200
v 47.692661 -42.697216 24.164808
v 48.220699 -41.627247 23.783875
v 48.209644 -40.228882 23.716646
v 49.732689 -40.235947 22.928495
v 51.236389 -38.916199 22.105589
v 52.104656 -37.587002 21.655115
v 52.554806 -36.335144 21.380381
v 53.268734 -34.931282 20.926956
v 53.795357 -33.537151 20.581713
v 54.107170 -32.283588 20.406521
v 55.481865 -30.571199 19.552698
v 55.237831 -28.862852 19.778145
v 56.798615 -28.258783 18.741550
v 57.366711 -26.685232 18.502876
v 57.595818 -25.327461 18.510471
v 57.498592 -23.777378 18.892651
v 57.454193 -22.156969 19.317696
v 57.119431 -21.340570 19.641760
v 57.913456 -19.931824 19.380325
v 58.165573 -17.634884 19.367289
v 58.241020 -15.717200 19.450197
v 57.813000 -14.693029 19.680687
v 58.646015 -13.379119 19.067307
v 57.976662 -12.322374 19.394440
v 58.855038 -10.700074 18.551243
v 59.067966 -8.401387 17.926764
v 59.135361 -6.714725 17.435308
v 58.073433 -6.793682 17.734089
v 58.401707 -5.471622 17.112448
v 57.740746 -3.256939 16.312143
v 56.966297 -2.195238 16.031200
v 55.859371 -0.390848 14.483648
v 55.776180 1.243223 13.355461
v 53.821400 1.350890 12.677687
v 50.579884 12.382905 11.385432
v 50.928928 14.950082 11.857165
v 50.892906 14.681652 12.995601
v 51.046833 15.759913 13.856651
v 51.065903 17.464966 14.552199
v 50.597900 17.353830 15.345251
v 50.883144 18.731419 15.339964
v 51.508617 21.297882 15.109491
v 51.239994 23.020941 16.105703
v 50.599552 23.980457 16.760353
v 50.034153 24.768402 17.272865
v 50.529102 26.630550 16.974218
v 49.296631 26.937969 17.545202
v 49.165031 28.529819 17.541742
v 47.571217 28.893385 18.096704
v 46.909161 30.363125 18.382084
v 46.880745 32.091240 18.342682
v -31.498463 59.624561 1.866950
v -33.391384 59.860149 3.547511
v -34.029152 59.650291 5.530543
v -34.530827 59.581642 7.612927
v -34.531334 59.576618 9.447421
v -33.556870 59.259830 11.259772
v -27.608120 59.767754 13.783469
v -29.570669 59.327255 13.390000
v -31.302114 59.294140 12.862880
v -32.463932 59.476772 12.294924
v -26.558193 59.869465 0.595736
v -28.530991 59.658737 0.868113
v -29.539021 59.615074 1.129347
v -24.026562 68.030853 7.969308
v -24.290482 68.769295 5.978458
v -24.150513 67.516815 9.049752
v -24.619238 67.030342 10.080316
v -25.969587 66.756142 11.194049
v -27.131855 66.480919 12.122217
v -27.629202 65.012245 12.819517
v -26.715679 64.024796 12.960089
v -27.677822 62.990082 13.328239
v -27.463560 61.397942 13.568306
v 9.109869 53.540245 6.167909
v 8.975468 53.155659 7.093456
v 8.510320 53.571480 8.693553
v 8.207792 53.144463 10.084380
v 7.691916 53.291348 11.856119
v 7.685028 53.031097 12.899754
v 19.897785 55.104858 16.268135
v 18.484509 55.227982 16.799345
v 17.008352 54.993595 17.230267
v 16.279577 54.700905 17.663294
v 15.254175 54.686039 17.651585
v 13.490370 54.776573 17.307775
v 13.003931 54.457752 17.601189
v 12.063584 54.497929 17.487873
v 11.467419 53.699902 16.848780
v 10.917674 54.475300 16.931974
v 7.922116 54.687614 13.617440
v 8.522226 56.756195 14.174528
v 9.374489 56.773487 15.294762
v 10.123061 56.338131 16.086376
v 11.384189 55.814896 16.908138
v 64.627701 1.217610 1.518406
v 62.681999 2.934683 0.639445
v 63.199875 5.387076 0.768141
v 62.291557 7.058996 0.951834
v 61.419991 6.909483 1.206331
v 61.059208 8.066152 1.572701
v 61.466885 10.134346 1.993120
v 61.617638 11.867283 2.542980
v 60.759510 11.681877 3.218545
v 60.119663 11.701045 4.188434
v 59.151516 10.769808 4.560150
v 56.375908 2.354688 12.685817
v 51.048653 38.150307 0.989440
v 49.271530 37.974098 0.238122
v 48.288582 37.367119 0.031056
v 48.309937 36.262352 0.046149
v 47.264816 39.141361 0.285764
v 45.343403 39.398987 0.638265
v 45.108295 41.129284 1.033737
v 43.640423 42.686462 2.039091
v 42.400604 42.359291 3.312372
v 41.567188 42.675903 5.535579
v 41.147514 42.480587 7.290125
v 41.219837 42.462845 8.990103
v 41.357185 42.046055 10.392545
v 41.015797 43.686745 11.041482
v 40.473179 42.562588 13.224792
v 41.576054 42.937321 15.244909
v 40.902225 42.756615 14.365682
v 42.511600 42.876728 16.234999
v 43.617306 42.336365 16.743492
v 43.466839 41.099121 15.859440
v 45.834560 38.020313 18.301422
v 44.977303 39.417904 18.001242
v 45.592899 40.979416 17.469221
v 45.473518 42.633129 17.048393
v 46.893147 34.538616 18.228321
v 46.397060 36.270973 18.276808
v 46.904652 33.244949 18.441031
v 21.465702 64.222740 2.969039
v 20.091745 64.631783 1.418596
v 18.267673 64.212563 0.772226
v 16.611454 63.752289 0.433090
v 16.597801 62.745819 0.386408
v 15.197591 63.189144 0.420104
v 13.042431 62.280582 0.980871
v 12.315683 60.612217 1.349374
v 12.446154 59.400345 1.400375
v 12.383394 58.063679 1.648331
v 12.115333 56.622681 1.943816
v 12.131898 55.362118 2.021501
v 10.818550 55.698799 3.054813
v 10.135036 55.125404 4.222824
v 9.619303 54.676758 5.094953
v 9.003668 54.840130 6.633070
v 22.121517 63.005592 5.187704
v 22.359589 64.662888 6.201573
v 22.795265 64.575645 7.947229
v 22.908173 63.726219 9.204708
v 22.891113 62.577801 8.974362
v 22.790024 62.774609 10.486181
v 22.119919 62.206966 12.260997
v 22.531086 60.849838 12.182556
v 21.823875 60.643326 13.119351
v 21.866541 59.367519 13.294376
v 20.901276 59.430935 14.227693
v 20.872522 57.849648 14.754647
v 21.228617 56.769287 14.775638
v 19.962320 56.814838 15.657789
v -24.320328 60.235283 0.911655
v 34.181049 -87.595543 49.099632
v 35.636513 -87.745926 48.449310
v 35.777172 -86.304512 48.146015
v 37.561668 -86.349960 47.338554
v 39.964409 -85.811600 46.070896
v 40.235447 -84.220230 45.405884
v 39.907551 -83.081406 45.238438
v 41.439846 -82.905830 43.800701
v 41.767281 -81.017868 42.536785
v 41.593315 -79.763123 42.020924
v 41.475307 -78.461441 41.406395
v 41.289856 -77.250160 40.961292
v 31.948336 -98.443298 50.612511
v 32.926201 -99.168327 50.332485
v 33.517628 -97.986702 49.993137
v 33.506130 -96.476509 49.900410
v 33.280537 -95.367859 49.902546
v 33.539070 -93.954216 49.738140
v 34.071583 -92.484886 49.468376
v 33.647560 -91.352303 49.564835
v 35.517433 -90.862526 48.812950
v 35.450260 -89.273849 48.707001
v 64.284271 -25.656948 10.502621
v 64.642616 -25.808048 9.408350
v 64.133507 -27.471630 10.488704
v 64.243462 -28.793396 10.288407
v 64.116966 -30.494024 10.336819
v 64.256073 -30.578636 8.751132
v 64.173370 -30.528374 7.602512
v 63.875496 -31.132395 6.664291
v 64.816246 -16.787397 11.994019
v 64.661636 -17.982094 11.671241
v 64.061417 -19.147112 12.361156
v 64.084785 -20.618235 11.864221
v 63.362579 -22.057028 12.825566
v 63.642326 -23.878153 12.097621
v 63.847553 -25.138744 11.671924
v 66.685387 -5.336122 4.531537
v 66.801140 -9.149229 7.156102
v 66.864746 -10.427977 9.411745
v 66.661133 -11.871956 9.397888
v 66.550362 -12.861450 8.815300
v 66.288712 -12.736912 10.585780
v 65.433662 -13.661240 12.009470
v 65.226852 -15.082825 12.046454
v 42.555466 -77.553406 39.733467
v 43.351681 -77.113853 38.350342
v 44.222305 -76.863846 37.053967
v 45.072437 -76.556007 35.787720
v 45.874596 -75.960594 34.622837
v 46.119442 -74.569527 34.116287
v 45.878174 -73.393021 34.260731
v 46.641907 -73.199265 33.074791
v 46.899464 -71.795891 32.495724
v 46.887821 -70.656693 32.295979
v 46.827614 -69.500488 32.110386
v 47.566116 -69.714188 30.977604
v 48.358501 -69.234398 29.021288
v 49.077316 -68.504219 27.536299
v 49.204319 -66.897469 26.895987
v 48.997753 -65.472824 27.165825
v 48.385994 -65.386543 28.317442
v 48.524315 -64.337631 27.885273
v 48.469780 -62.869900 27.566299
v 48.546261 -61.367332 27.013288
v 48.324333 -60.173813 26.973169
v 48.435520 -58.252724 26.172312
v 48.612747 -56.446934 25.512508
v 48.638149 -54.546993 24.931602
v 49.056850 -52.894882 24.183651
v 49.158920 -51.583740 23.921093
v 49.622761 -49.845497 23.402039
v 49.250401 -48.974834 23.641760
v 50.306824 -47.711647 22.857101
v 50.409573 -45.816154 22.732288
v 50.683800 -43.830460 22.523254
v 50.907364 -42.216503 22.328131
v 50.253910 -41.437771 22.691145
v 49.360836 -41.430576 23.166626
v 51.785889 -40.593727 21.801102
v 52.737633 -39.188690 21.261379
v 53.131245 -37.880047 21.024948
v 53.642654 -36.516560 20.740189
v 54.071781 -35.330818 20.475855
v 55.483742 -33.730946 19.554073
v 55.198147 -32.294498 19.719034
v 56.777493 -31.499432 18.599630
v 57.369583 -29.615406 18.226452
v 57.955296 -28.191204 17.860270
v 58.159271 -27.084030 17.808765
v 58.545547 -25.584831 17.672167
v 58.751602 -23.865973 17.832014
v 59.005657 -21.983257 18.065725
v 58.323650 -21.477961 18.824657
v 59.359062 -19.763815 18.290085
v 59.318069 -17.780060 18.535751
v 59.431835 -15.817119 18.633701
v 59.083580 -14.672389 18.861086
v 59.949749 -13.698783 18.204809
v 60.021580 -11.618014 17.998713
v 60.311504 -9.958519 17.605198
v 60.488380 -8.517030 17.317240
v 60.854904 -6.477399 16.848522
v 60.428280 -4.869652 16.618704
v 59.301971 -3.788950 16.331339
v 59.182236 -1.572782 15.664544
v 57.845711 -0.446613 15.466759
v 57.164951 0.238520 14.755971
v 57.301361 1.863956 13.684748
v 57.031971 2.235609 13.163078
v 50.525295 13.993159 9.603102
v 51.373817 17.208323 11.439100
v 51.204529 16.204079 11.854082
v 51.259041 16.383526 12.464821
v 51.441296 17.565321 13.209470
v 51.651516 19.223995 14.027085
v 52.192574 21.021231 12.791939
v 52.526550 22.728336 14.099104
v 52.091312 22.594833 14.882603
v 52.087086 23.866327 15.301639
v 51.399567 24.946514 16.274157
v 52.017960 26.908491 15.818949
v 51.191463 28.384706 16.592251
v 50.415901 28.456709 17.076200
v 50.540512 30.092520 17.021448
v 49.066422 30.104647 17.543167
v 47.922638 29.983025 17.892801
v 48.752239 31.755968 17.634926
v 47.710232 33.296402 18.011393
v -29.994629 61.108742 1.063207
v -32.343426 61.456955 1.690864
v -33.490559 61.504707 2.515899
v -33.709373 60.960011 3.407044
v -34.632404 61.378143 5.721674
v -34.924957 61.364307 7.555615
v -34.948017 60.955547 8.465002
v -34.390331 61.316761 10.347736
v -32.989346 61.430843 11.781728
v -31.441504 60.728973 12.761366
v -29.282572 61.151192 13.542607
v -25.349005 61.485317 0.659181
v -26.750916 61.452339 0.397622
v -28.077856 61.307472 0.607736
v -25.747763 71.112000 7.084210
v -24.947069 69.345078 8.098125
v -25.737411 69.290695 9.045362
v -26.819214 68.250809 10.595621
v -27.827364 67.481407 11.460291
v -28.711538 66.832214 12.054995
v -29.205328 65.309891 12.646581
v -28.521910 64.113632 13.045795
v -29.681992 62.937813 13.181528
v 8.495724 54.658749 8.371967
v 8.040152 54.796253 10.510787
v 7.765887 54.611725 12.137611
v 18.337734 56.632210 16.404697
v 16.717382 56.384598 16.880295
v 15.365888 56.110188 17.185669
v 15.342933 55.293453 17.407408
v 13.683992 56.136669 17.241339
v 7.931264 56.236504 12.279525
v 8.368562 58.438457 12.919615
v 9.029467 58.495804 14.390982
v 9.720825 58.104900 15.170327
v 10.726392 57.903709 15.924499
v 12.359480 57.553356 16.649784
v 67.005119 3.523252 1.792888
v 64.921211 4.615933 1.099604
v 64.979401 7.101988 0.817152
v 63.672619 8.125540 0.803184
v 62.535717 8.405566 1.130426
v 63.196590 10.226415 1.296169
v 62.836338 12.030941 1.826300
v 62.573277 13.144427 2.378106
v 61.958588 13.356742 3.031233
v 61.206287 13.025849 3.841015
v 61.008137 13.445103 5.650033
v 60.726501 13.293001 8.204302
v 58.631287 3.164106 13.813289
v 51.213184 41.871571 0.386370
v 50.327679 40.122696 0.244997
v 49.348171 39.279152 0.224353
v 48.585873 41.120590 0.191405
v 46.872967 41.042553 0.424153
v 46.573112 42.881161 0.726440
v 44.684353 43.596935 1.748133
v 43.736584 43.957180 2.582886
v 42.892990 44.195667 3.710720
v 42.162060 43.791286 5.147813
v 41.721035 44.221298 7.061194
v 41.085609 43.687675 7.636922
v 41.072037 43.794086 8.881748
v 41.684978 45.348839 9.015658
v 41.652500 45.800785 11.183376
v 41.510895 45.264557 12.906278
v 40.972706 43.904339 12.845644
v 41.260700 44.042011 14.148037
v 42.558804 44.078869 15.754840
v 41.918755 44.086060 15.058052
v 43.529549 43.989738 16.356346
v 44.906387 45.184460 16.171352
v 47.671272 37.717804 17.744946
v 46.720177 39.187988 17.769493
v 45.804592 39.599525 17.369184
v 46.881805 40.912109 17.359070
v 46.908581 42.891754 16.414936
v 46.104797 44.036442 15.958416
v 48.910496 34.919540 17.375612
v 47.549713 36.063965 17.855583
v 19.740618 66.882874 1.532581
v 21.839415 66.544449 5.255689
v 17.925550 65.971924 0.731611
v 15.760388 65.466469 0.391392
v 15.282177 64.275406 0.444879
v 13.533633 64.709854 0.787221
v 11.257704 63.899372 1.878459
v 11.257860 62.216015 1.931490
v 11.494507 60.891258 1.964634
v 11.406958 59.257736 2.160010
v 11.729471 58.458073 1.959574
v 10.945347 57.342735 2.706874
v 10.029609 57.106529 3.956433
v 9.672172 56.767422 5.001876
v 9.089609 56.478542 6.660570
v 8.418438 56.298664 8.633104
v 22.493601 66.233536 6.853821
v 22.807310 66.292496 8.136869
v 22.877325 65.845428 9.048661
v 22.776262 65.410393 10.306389
v 22.747789 64.138664 10.532684
v 22.071093 64.462341 11.920092
v 21.115404 63.583885 13.378743
v 21.171295 62.024937 13.600912
v 20.991222 60.823143 13.904987
v 19.895327 61.027851 14.626221
v 19.651501 59.447975 15.157418
v 19.975796 58.384132 15.196887
v 18.378878 58.470119 15.982012
v -23.772083 62.413441 1.970900
v 37.049896 -89.302696 48.047821
v 37.196804 -87.870033 47.833939
v 38.434315 -88.254211 47.367321
v 40.066708 -87.808167 46.327484
v 41.205807 -86.932449 45.665802
v 40.824085 -85.989830 45.691235
v 41.284149 -85.243034 45.101097
v 42.423214 -84.828415 43.847771
v 43.153095 -84.071358 42.691807
v 42.760330 -82.698875 42.545532
v 42.543324 -81.439003 41.946442
v 42.507904 -80.019424 41.161186
v 42.371983 -78.752792 40.598454
v 35.319458 -98.976616 49.301723
v 35.089897 -97.686333 49.370068
v 34.485588 -96.683769 49.547459
v 34.584812 -95.144165 49.434708
v 34.262287 -94.315498 49.530975
v 35.562862 -93.019730 48.998589
v 37.425415 -92.025635 48.116543
v 37.113750 -90.675034 48.148678
v 63.479572 -27.100777 11.984528
v 63.168285 -29.180536 12.462326
v 63.596794 -30.263950 11.793789
v 63.725613 -31.789461 11.166506
v 63.919807 -32.054981 10.273263
v 63.991581 -31.782845 9.051376
v 64.081940 -31.560682 7.926651
v 63.982731 -31.657158 7.296037
v 63.608257 -32.838787 7.583005
v 63.495041 -31.966745 6.245996
v 64.441948 -14.981466 13.306214
v 64.034447 -16.689953 13.398052
v 64.054214 -17.734913 12.966142
v 63.233498 -18.305628 14.087498
v 63.311714 -19.740429 13.484782
v 63.345245 -20.507723 13.216482
v 62.536396 -21.006481 14.259134
v 62.774822 -22.328196 13.661600
v 62.320747 -23.836710 14.012659
v 62.807758 -25.244358 13.240189
v 63.156284 -26.358473 12.684385
v 67.518684 -6.928052 8.007854
v 67.090874 -8.688507 9.199902
v 66.701889 -9.028710 11.200736
v 66.437241 -10.443735 11.201981
v 66.469406 -11.408693 10.664405
v 65.678864 -11.441054 12.360323
v 64.627457 -12.369750 13.646947
v 64.570190 -13.647766 13.419220
v 43.433952 -79.079330 39.459496
v 44.123257 -78.668770 38.107182
v 44.926689 -78.498695 36.741631
v 45.758335 -78.250313 35.398457
v 46.603134 -77.753647 33.790543
v 46.790710 -76.306145 33.263004
v 46.852589 -74.700798 32.841507
v 47.304115 -73.348396 31.949423
v 47.417950 -72.169136 31.573229
v 47.451515 -71.007095 31.425253
v 48.220676 -71.124779 29.715305
v 48.740040 -70.534904 28.123930
v 49.331654 -69.889641 26.567162
v 49.368660 -68.856949 26.721725
v 49.615608 -67.933159 25.926798
v 50.075447 -65.576706 24.925203
v 49.433315 -64.325409 26.134970
v 49.024117 -64.315170 26.964346
v 49.208599 -63.066429 26.424555
v 49.187443 -61.427929 26.141138
v 49.234215 -60.023636 25.758890
v 49.474815 -58.414040 25.148388
v 49.717522 -56.586777 24.478477
v 50.004078 -54.572647 23.735184
v 49.855164 -52.939800 23.582188
v 49.656887 -52.104401 23.630636
v 50.560066 -50.847088 22.870657
v 51.097618 -48.646702 22.394585
v 51.601170 -47.015366 22.003420
v 51.613991 -45.825119 21.997126
v 51.933495 -44.275730 21.755846
v 52.416847 -42.284184 21.439819
v 53.171608 -40.867252 20.985737
v 53.934551 -39.621063 20.528162
v 54.348763 -38.140816 20.313231
v 54.891563 -36.658127 19.953571
v 55.096783 -35.348690 19.843245
v 56.702129 -34.996109 18.683245
v 57.362255 -32.808926 18.147339
v 58.026058 -31.409534 17.598469
v 58.299343 -30.020840 17.418179
v 58.754646 -28.288689 17.177591
v 58.640797 -27.451174 17.352003
v 59.610508 -26.270985 16.636240
v 59.727673 -24.237665 16.836689
v 60.054447 -22.333286 16.935768
v 60.101379 -20.710554 17.374407
v 60.539680 -19.113295 17.210745
v 60.411743 -17.714396 17.565134
v 60.483379 -15.828867 17.757313
v 60.244209 -14.806006 18.039106
v 61.056320 -13.799971 17.399853
v 61.170368 -11.919460 17.276184
v 61.491058 -10.259372 16.892515
v 61.858856 -8.643584 16.512609
v 62.108990 -6.964344 16.272547
v 62.445896 -5.343067 16.014877
v 61.953728 -4.090304 16.079117
v 61.298145 -2.804674 15.950609
v 60.175541 -2.860873 16.015505
v 60.700623 -0.826348 15.512184
v 59.885895 0.316025 15.093695
v 58.697231 0.021487 15.099940
v 59.397438 1.496736 14.662058
v 50.123802 16.193302 7.571522
v 51.446053 18.593969 9.742266
v 51.847641 19.422712 11.412361
v 51.832623 18.973278 12.619564
v 52.228218 21.072218 10.594439
v 52.838116 22.793022 11.484398
v 52.721172 22.682409 12.850764
v 53.132256 24.313021 13.013344
v 52.684151 24.092728 14.337828
v 52.833912 25.608843 14.676966
v 53.009731 27.664669 14.925517
v 52.649723 28.471052 15.417366
v 52.180569 29.650702 15.942225
v 51.731831 31.871355 16.301147
v 50.421417 31.745905 16.992584
v 50.526653 33.317097 16.828362
v -29.292397 62.963013 0.614277
v -31.520868 62.958267 1.016020
v -32.728100 62.750412 1.776420
v -33.957916 62.716087 2.516155
v -34.433746 62.653397 3.447291
v -34.769421 62.506680 4.807796
v -35.555843 63.055454 7.476190
v -35.331352 62.510326 8.469485
v -34.745373 62.622116 10.279484
v -33.950294 62.623817 11.280752
v -33.193623 62.672859 11.935120
v -31.244579 62.378868 12.858796
v -31.472092 64.086792 12.538867
v -25.659622 63.010700 0.684869
v -26.701101 62.535805 0.398360
v -26.548798 71.427231 8.398857
v -26.908424 73.236923 8.190074
v -27.053940 70.964638 8.975356
v -27.453829 70.411430 9.534006
v -28.418831 69.876244 10.343621
v -28.547169 68.508629 11.066862
v -30.053757 67.543343 11.561178
v -30.345785 65.965408 12.120591
v 7.979235 56.106495 10.356874
v 16.522144 57.907906 16.573364
v 14.679357 57.419933 16.932077
v 8.043028 57.776917 10.608262
v 8.131607 59.944778 11.333079
v 8.513898 60.117214 13.116929
v 9.146225 59.907898 14.325711
v 10.135035 59.592533 15.270713
v 10.884217 59.179535 15.840141
v 12.305104 59.360374 16.384676
v 14.547511 59.166245 16.632257
v 67.793625 7.841601 1.060019
v 66.110184 7.783941 0.877763
v 65.511513 9.935280 0.834827
v 64.712448 12.013500 1.027734
v 64.025177 13.084662 1.595800
v 63.426102 14.365645 2.347844
v 62.554844 14.231370 2.971425
v 61.957268 14.575861 3.879922
v 61.682873 14.676717 5.321183
v 61.704624 14.577507 7.176764
v 62.357121 14.147955 9.441699
v 61.396412 2.170113 14.938011
v 60.508579 3.905595 14.504544
v 60.139702 5.228574 14.481599
v 59.558437 4.917305 14.155583
v 50.071243 41.437325 0.158139
v 49.587467 42.810997 0.279738
v 48.139523 42.722317 0.383746
v 47.810226 44.177826 0.639001
v 46.589767 44.167263 0.901352
v 45.650661 45.481346 1.609337
v 43.915253 45.332714 3.216931
v 43.130875 45.860619 4.940147
v 42.417812 45.428547 6.383786
v 41.682926 44.241425 8.462669
v 42.617393 47.356102 8.387699
v 42.036030 47.009434 9.616255
v 42.261299 46.069733 10.162260
v 42.085751 47.233154 11.106899
v 42.169678 47.263100 12.922520
v 42.412086 46.536209 14.098626
v 41.821899 45.338493 14.041505
v 42.391544 45.225582 14.939757
v 43.474888 45.179176 15.841693
v 47.037716 45.312889 16.137127
v 46.310051 47.230286 16.200104
v 45.208313 46.981834 16.034512
v 44.445049 47.134270 15.695499
v 43.502544 46.530586 15.238205
v 48.339039 36.379894 17.747585
v 48.957592 36.981422 16.984869
v 48.567997 37.839439 17.150570
v 49.082417 38.911633 16.709154
v 47.634815 39.558113 17.283516
v 48.682224 41.033455 16.535130
v 48.517475 43.137505 16.117493
v 47.892292 44.297440 16.025270
v 51.043648 35.436386 16.481001
v 50.427532 36.812679 16.429987
v 19.702078 69.895973 1.634238
v 18.253778 68.757660 0.593784
v 17.285166 67.696220 0.456831
v 21.737442 69.374840 5.360030
v 22.275656 67.659576 6.370179
v 22.668852 67.943268 7.635159
v 15.942034 67.064606 0.407385
v 14.121260 66.518265 0.349623
v 12.790999 66.480591 0.737435
v 11.467818 66.038223 1.798123
v 10.128313 65.370468 3.177860
v 10.147667 63.854103 3.086304
v 10.279517 62.222557 3.107202
v 10.646206 61.031376 2.757443
v 10.609999 59.704426 2.952475
v 10.649106 58.598953 2.935958
v 9.969763 58.554485 3.883228
v 9.427019 58.330677 5.269701
v 9.035543 58.466709 6.989477
v 8.772650 57.993286 7.888770
v 8.441367 57.636162 8.652416
v 22.819948 67.553406 8.767518
v 22.842407 67.427750 9.283624
v 22.670061 67.226753 10.251943
v 22.203056 66.808342 11.597333
v 22.230259 65.749100 11.605695
v 21.563477 66.191544 12.456645
v 20.320370 65.318916 13.637978
v 19.933586 63.768074 14.227699
v 20.200802 62.656879 14.196669
v 18.654387 62.594040 15.010672
v 18.517336 61.019512 15.365714
v 18.819206 60.016884 15.445313
v 17.640217 60.136463 15.912261
v 16.587646 59.303425 16.341793
v -24.492399 66.814583 2.202831
v -25.672632 64.859238 0.837602
v 38.405132 -90.571205 47.544456
v 38.483879 -89.412415 47.431873
v 39.987389 -89.661858 46.613220
v 41.058239 -89.067657 45.835926
v 42.153160 -88.480560 45.016434
v 42.032299 -87.175339 44.998985
v 41.846783 -86.496147 45.018574
v 42.828712 -86.712898 44.066536
v 43.502583 -85.666916 42.871803
v 44.439442 -85.367523 41.686195
v 43.902927 -84.004662 41.872375
v 43.672092 -82.981308 41.667664
v 43.545593 -81.667732 40.928131
v 43.293301 -80.433929 40.482780
v 37.380745 -98.185852 48.239407
v 37.139305 -99.188171 48.353603
v 36.409203 -97.365776 48.759640
v 35.908772 -95.897865 48.973770
v 35.903568 -94.440155 48.922516
v 37.365017 -94.151077 48.303883
v 39.033039 -93.310783 47.439243
v 38.706249 -91.808304 47.509201
v 62.215305 -28.460306 13.702400
v 62.586674 -30.692877 13.227885
v 63.004219 -31.232819 12.668469
v 63.214970 -32.796627 11.972233
v 63.604122 -33.229240 10.605980
v 63.721668 -33.008705 9.331445
v 63.284698 -34.852257 9.156271
v 62.931847 -35.341312 7.217282
v 62.612022 -33.370190 5.630203
v 63.679947 -13.754911 14.593888
v 63.886932 -14.819565 14.171871
v 63.457996 -15.717140 14.592619
v 62.405598 -17.066589 15.627403
v 62.468937 -18.481955 15.152076
v 62.462990 -19.323380 14.878385
v 61.548328 -19.545881 15.946062
v 61.297462 -21.521687 15.742245
v 61.538895 -23.013334 15.108407
v 61.389206 -24.473333 15.033859
v 61.489670 -25.546612 14.813564
v 62.002480 -26.384586 14.206397
v 67.932381 -5.595007 9.922477
v 67.199631 -7.278791 10.552814
v 66.192184 -7.524290 12.692667
v 65.751297 -9.173331 12.904243
v 66.048866 -10.036562 12.157854
v 65.501732 -10.276547 12.952464
v 64.381538 -10.543779 14.216614
v 63.789917 -12.121076 14.708374
v 44.392406 -80.643967 39.055336
v 44.707253 -79.977104 38.003494
v 45.694115 -80.259247 36.459190
v 46.448376 -79.949898 34.975430
v 47.212822 -79.699989 33.708942
v 47.723446 -79.321487 32.389019
v 47.305538 -77.851692 31.977396
v 47.288494 -76.556412 32.012474
v 47.497585 -75.202736 31.571363
v 47.769863 -73.795998 30.906916
v 47.922043 -72.565857 30.633787
v 48.542305 -72.829330 28.941847
v 48.942539 -71.882080 27.064201
v 49.596359 -71.563156 24.583271
v 49.867275 -70.013985 24.547153
v 49.986118 -68.587852 24.649889
v 50.086552 -67.318657 24.594597
v 50.699612 -67.153755 22.913694
v 51.273159 -65.191078 22.596169
v 50.994770 -64.023865 23.406153
v 50.409306 -63.947041 24.408077
v 50.010265 -63.163593 25.062790
v 50.105141 -61.118099 24.782202
v 49.684994 -60.239967 25.189699
v 50.463562 -58.789303 24.062252
v 50.860897 -56.733868 23.435076
v 51.035198 -55.051670 22.970428
v 51.359436 -53.636646 22.511944
v 51.289623 -52.151558 22.466351
v 51.896599 -50.334293 21.938719
v 52.086414 -49.063740 21.759352
v 52.564827 -47.342571 21.401794
v 52.898552 -45.529945 21.157310
v 52.600388 -44.676155 21.360304
v 53.892063 -43.334717 20.525642
v 54.491531 -40.956482 20.147720
v 55.667233 -39.106060 19.458481
v 55.224243 -38.408211 19.806091
v 56.203289 -37.267601 19.136896
v 57.875362 -36.356670 17.847715
v 58.195957 -34.760025 17.569847
v 58.316349 -33.383179 17.425177
v 58.757660 -31.828966 17.002308
v 59.258141 -30.370712 16.600325
v 59.598801 -28.811758 16.367844
v 59.710274 -27.643724 16.374107
v 60.791851 -27.262405 15.349395
v 60.810120 -25.571312 15.536808
v 60.656063 -24.417801 15.850931
v 60.685841 -23.067781 16.077663
v 60.744579 -21.015404 16.521757
v 61.298420 -17.860323 16.635803
v 61.472797 -16.011557 16.764725
v 61.247860 -14.875390 17.169285
v 61.907722 -14.002359 16.632416
v 62.515713 -12.076438 16.123400
v 62.334953 -10.651798 16.318693
v 63.392620 -9.038612 15.401026
v 63.375172 -7.215125 15.474215
v 63.599678 -5.540375 15.374349
v 63.573128 -3.651861 15.432029
v 62.790176 -2.619815 15.686183
v 62.121105 -2.693973 15.843431
v 62.388721 -1.286947 15.602097
v 62.097546 0.270956 15.354958
v 51.759518 20.532145 8.422035
v 51.998264 20.678415 9.436934
v 52.472782 22.307156 9.179248
v 52.721664 22.543390 10.220958
v 53.182785 24.021824 9.777275
v 53.255474 24.175510 11.356405
v 53.656975 25.701683 11.300293
v 53.655380 25.905603 12.932707
v 53.372871 25.703056 13.723981
v 53.602093 27.293013 13.775965
v 53.465645 28.511719 14.417707
v 53.271709 29.586224 14.833049
v 53.112759 31.797850 15.025203
v 52.616585 33.330841 15.505710
v 51.762024 33.284615 16.172922
v 52.127983 34.672993 15.874233
v -27.727667 64.184479 0.423570
v -29.732920 64.525360 0.436896
v -31.283234 64.605942 0.711612
v -32.434540 64.354340 1.126868
v -33.738194 64.235214 1.914414
v -34.577499 64.177429 3.210376
v -35.154301 63.945854 4.748958
v -35.825584 64.197784 7.010223
v -35.696827 64.586533 9.262001
v -35.141350 63.898537 10.246978
v -34.250671 64.058586 11.235480
v -33.379444 63.785786 11.860492
v -31.645525 66.045815 11.941958
v -33.767162 65.560143 11.331518
v -27.273338 72.415955 8.656504
v -28.212898 72.335098 9.208602
v -28.827843 71.674782 9.754643
v -30.554337 71.457031 10.575681
v -30.081999 69.918152 10.790126
v -29.766560 69.013939 11.004295
v -31.808262 69.054962 11.015595
v -31.721407 67.178284 11.595852
v 8.433234 59.257229 8.948235
v 8.120311 61.396385 9.596800
v 8.059086 61.615700 11.406685
v 8.603543 61.558468 12.901369
v 9.217267 61.244312 14.147944
v 9.830418 61.156010 14.855508
v 10.518894 61.076523 15.534725
v 11.764850 60.828148 16.134169
v 13.849029 61.190445 16.458662
v 16.017925 60.878292 16.226503
v 69.835281 9.905737 1.019726
v 67.449387 10.610148 0.759223
v 66.620232 12.114881 0.614015
v 65.844467 12.976545 0.870931
v 65.126175 13.998740 1.270336
v 64.768974 15.808442 2.107001
v 63.792507 16.176756 3.122010
v 62.941948 15.611857 3.600031
v 62.713966 16.313156 5.239972
v 62.629539 16.078081 6.960546
v 62.708782 15.690470 8.301119
v 63.648586 15.613565 9.839969
v 64.114883 13.210292 12.213734
v 62.577618 11.769352 12.500487
v 63.947475 0.937874 15.231457
v 63.436134 2.674054 15.212423
v 62.976887 4.463410 15.046174
v 61.329628 4.837920 14.675792
v 60.894634 6.594678 14.516233
v 51.209080 44.125134 0.457471
v 49.531975 44.185951 0.370335
v 49.206715 45.651028 0.558963
v 47.393600 45.630547 0.937446
v 47.046284 47.213421 1.202510
v 45.355278 47.383217 2.102630
v 44.875237 47.103306 2.605940
v 44.268810 47.044437 3.422376
v 43.575634 47.086552 4.927097
v 43.022308 47.179207 6.509949
v 43.275387 48.765217 7.654599
v 42.835957 48.978535 9.089480
v 43.396019 48.750767 10.648758
v 42.937283 48.772282 12.532957
v 43.510044 48.933163 13.782841
v 43.906971 48.134480 14.773598
v 49.022766 45.993725 15.478935
v 47.768864 47.181206 15.988857
v 47.165218 48.815159 15.912454
v 46.116096 48.538132 16.001415
v 45.187931 48.153320 15.867127
v 49.926689 37.942184 16.430164
v 51.131447 39.236946 15.696677
v 50.295784 41.070950 15.810330
v 50.018932 42.677773 15.680068
v 50.459309 44.644001 15.233639
v 52.436378 36.626583 15.610970
v 51.648857 37.397305 15.865106
v 18.879683 74.040878 0.882260
v 18.237074 71.584549 0.332957
v 17.713951 69.970413 0.424836
v 16.605192 69.090050 0.344956
v 14.473139 68.858078 0.439092
v 21.692478 71.578789 5.139401
v 22.409872 70.442802 6.894165
v 22.472700 69.231705 6.961946
v 22.777962 69.544128 7.778331
v 22.898998 69.498711 8.741526
v 22.821575 69.056732 9.136553
v 22.700180 68.705025 9.993647
v 15.387020 70.448479 0.263463
v 12.072091 68.641701 1.312096
v 12.110281 67.220093 1.247589
v 10.861412 67.894066 2.175863
v 10.162285 66.932739 2.975353
v 9.426871 66.921288 4.520717
v 9.414023 65.042847 4.829761
v 9.777894 64.393555 3.760070
v 9.577280 63.075573 4.213690
v 9.602259 61.361141 4.289212
v 9.832850 60.188328 3.886127
v 9.356002 60.031975 5.107607
v 9.119741 59.744202 6.557034
v 9.009200 59.674973 7.426027
v 8.878646 59.582729 7.942571
v 22.176922 68.598541 11.137767
v 21.514673 68.382324 12.251433
v 21.507744 67.244034 12.415459
v 20.525757 67.432831 13.205060
v 18.948460 67.048325 14.358147
v 18.880274 65.479874 14.662893
v 19.034473 64.300705 14.628399
v 17.069510 64.107307 15.326771
v 16.893099 62.326679 15.780136
v 17.547611 61.395752 15.687329
v -25.996059 68.622940 1.219744
v -25.564608 66.721184 1.040500
v -26.467016 66.288315 0.539048
v -28.079441 65.961388 0.483488
v 40.012436 -91.470337 46.802860
v 41.344185 -91.024979 45.751377
v 41.893585 -90.163750 45.300934
v 43.332455 -90.079819 43.920250
v 43.166126 -88.755028 44.072571
v 43.066360 -88.050797 44.091076
v 43.963596 -88.402863 43.088146
v 44.568295 -87.315323 41.818695
v 45.530563 -86.824516 40.468616
v 45.180691 -85.324211 40.657883
v 44.764057 -84.496063 40.966831
v 44.381401 -83.589401 41.144268
v 44.716980 -82.214615 39.691837
v 38.782776 -99.052544 47.364468
v 38.795193 -97.693504 47.448631
v 37.940296 -96.924950 47.969372
v 37.301128 -97.094185 48.318722
v 37.428078 -95.956070 48.302372
v 38.667442 -95.641159 47.597301
v 40.215225 -94.832558 46.695911
v 40.086742 -93.458321 46.809155
v 40.047375 -92.756790 46.845535
v 60.702362 -29.499428 15.313791
v 61.418964 -30.922667 14.562966
v 62.033047 -31.734423 13.820353
v 62.564072 -32.736519 13.066649
v 62.519070 -35.007957 12.495827
v 63.179707 -34.541870 11.052383
v 62.773518 -36.485447 10.764428
v 62.902691 -36.735348 8.893357
v 63.009251 -36.297379 7.940999
v 62.576756 -36.795555 7.158288
v 61.298168 -37.707970 5.798604
v 62.734856 -13.819805 15.756472
v 63.108299 -14.592856 15.226338
v 62.537853 -15.125828 15.827748
v 68.378510 -4.085605 10.234310
v 67.671974 -4.807470 11.371277
v 66.885239 -5.733023 12.251788
v 65.633263 -6.152816 13.768170
v 65.388527 -7.309522 13.742719
v 64.992317 -8.443726 13.924193
v 63.162800 -10.505832 15.562227
v 45.311516 -81.855583 38.358883
v 45.864216 -81.711845 37.006752
v 46.509998 -81.699089 35.667156
v 47.151993 -81.692444 34.432995
v 47.620998 -81.270454 32.800564
v 48.075970 -80.657707 31.196264
v 47.969704 -79.399590 30.872103
v 47.661709 -78.242790 30.865068
v 47.813313 -76.513794 30.475784
v 47.810265 -75.579315 30.829271
v 48.292404 -74.482758 29.476629
v 48.656158 -74.045181 28.082525
v 48.835255 -73.808205 26.787718
v 49.153202 -73.459862 24.720570
v 49.563061 -73.099556 22.530821
v 50.026016 -71.466812 22.764074
v 50.114964 -70.264771 23.313059
v 50.271687 -69.013191 23.323332
v 50.776424 -68.850685 21.115179
v 51.294304 -66.964264 21.117987
v 51.856094 -65.351044 20.870564
v 52.063549 -64.139549 21.169479
v 52.011589 -62.756050 21.708038
v 51.217308 -62.911404 23.112122
v 50.668217 -63.085182 24.058605
v 51.167908 -61.720051 23.280149
v 51.279469 -59.605682 23.139956
v 51.701626 -58.059441 22.601383
v 51.973621 -56.786030 22.311234
v 52.404099 -54.830433 21.738703
v 51.877510 -53.947372 22.100094
v 52.622375 -52.460529 21.402946
v 52.873344 -50.286922 21.214230
v 52.661953 -49.380062 21.375555
v 53.792877 -48.015923 20.558384
v 53.963493 -45.960892 20.447870
v 54.038593 -44.739010 20.411695
v 55.315689 -44.290962 19.464264
v 55.592270 -42.659164 19.339903
v 55.463497 -41.658611 19.465778
v 56.680599 -39.962154 18.654755
v 56.640285 -38.574436 18.782974
v 57.603874 -38.336735 17.990231
v 58.811653 -37.313858 17.078833
v 58.591709 -36.409534 17.298153
v 59.041214 -35.524536 16.893797
v 59.303539 -33.644363 16.606091
v 59.505989 -32.261959 16.421293
v 59.962910 -30.924896 15.987103
v 64.602417 -7.309836 14.509217
v 64.582626 -5.997217 14.710940
v 65.378036 -4.109745 14.254693
v 64.641357 -2.535246 14.975919
v 63.885670 -1.513352 15.386378
v 52.790043 24.527306 7.317153
v 53.642761 26.131895 9.100480
v 54.084305 27.312296 10.357989
v 54.041737 27.122688 11.633834
v 53.951443 26.909216 12.494565
v 54.274403 28.702305 12.403245
v 53.886665 29.359350 13.963158
v 54.192333 31.157795 13.598044
v 54.116772 33.505806 13.922253
v 53.367458 33.406055 14.794905
v 53.508682 34.971336 14.667582
v 52.989311 35.951176 15.216671
v -30.407270 66.020905 0.566161
v -31.671577 65.610588 0.715167
v -33.478725 65.988541 1.457009
v -34.580814 65.737511 2.396875
v -35.128979 65.493332 3.466903
v -35.724304 65.788200 5.601539
v -36.054028 65.406204 6.993949
v -36.031090 65.694420 8.772656
v -35.554646 65.749664 10.210491
v -32.358086 66.295334 11.529378
v -32.706738 67.163872 11.327288
v -33.958485 67.915855 10.770243
v -35.589329 67.087662 9.974591
v -27.919716 74.102699 8.696429
v -28.522848 73.376671 9.091648
v -29.557180 73.345703 9.580681
v -30.890055 73.224731 10.085158
v -32.683113 72.937164 10.523069
v -31.796091 71.871696 10.736156
v -32.300888 71.081017 10.878598
v -33.646072 70.308533 10.541814
v -33.503754 69.089783 10.662358
v 8.881579 60.848198 7.961914
v 8.387352 62.920811 8.182829
v 7.989942 63.063347 9.635039
v 8.070000 62.908340 11.077879
v 8.399913 62.935822 12.638737
v 9.009754 62.736759 13.482758
v 9.643509 62.629105 14.221190
v 10.663787 62.457523 15.179191
v 11.779997 62.341778 15.742484
v 13.153617 62.581661 15.989650
v 15.229301 62.568699 16.294378
v 14.084234 62.608940 15.953467
v 68.173218 12.976166 0.589541
v 66.958168 14.005621 0.661303
v 66.341927 15.612900 1.120686
v 66.051224 17.650654 1.825093
v 65.089798 18.005796 2.697762
v 64.306931 17.321329 3.233781
v 63.589855 17.604958 4.508295
v 63.295532 17.706322 5.663922
v 63.385349 17.777269 7.012389
v 64.089516 17.183645 9.159072
v 66.135910 15.868167 12.259449
v 65.750336 14.250600 12.758717
v 64.232941 11.724863 13.245991
v 65.642288 11.781870 14.075980
v 65.779213 13.050120 13.691059
v 62.424850 9.930736 14.160958
v 63.968777 9.525017 14.123859
v 65.169235 10.279723 14.220933
v 65.648727 -0.959216 14.687926
v 66.043427 1.356943 15.012479
v 65.413712 2.238829 15.179570
v 64.911674 3.438188 15.163264
v 64.582283 5.765639 15.094011
v 62.994568 6.140629 15.271599
v 61.816334 6.543559 14.904592
v 53.169624 42.930202 1.305394
v 52.607403 45.143089 1.046807
v 50.974922 45.542583 0.549026
v 50.599625 47.171452 0.457324
v 48.831810 47.158768 0.572267
v 48.421761 48.597893 0.742569
v 46.458984 49.171989 1.618442
v 45.502651 48.683147 2.466202
v 44.529625 48.429577 3.478760
v 43.896584 48.562088 5.031810
v 43.455223 48.446995 6.348544
v 43.818268 50.147217 6.597161
v 43.737000 50.117558 7.964752
v 43.490704 49.254025 8.595827
v 43.134212 50.353527 9.213843
v 43.153034 50.310631 10.736864
v 44.694084 50.428162 11.917157
v 43.841129 50.103004 12.626707
v 44.453754 50.448402 13.903495
v 45.082706 49.927990 14.647140
v 45.791779 49.547134 15.572763
v 51.044044 46.434074 14.834334
v 50.245934 47.439651 14.863833
v 49.336376 47.274998 15.067951
v 48.710499 48.408077 15.030718
v 47.937153 50.369835 15.414342
v 46.949322 49.921436 15.516090
v 52.838299 38.945095 14.852004
v 52.682613 40.825428 14.648841
v 51.985466 42.117531 14.888422
v 50.914661 42.481583 15.320719
v 51.827362 44.090221 14.774855
v 52.378223 46.207081 14.449498
v 53.799309 37.549160 14.354506
v 21.221201 75.964378 3.648031
v 18.862562 76.917847 0.544502
v 17.268036 76.135475 0.008265
v 16.718275 74.495461 0.011240
v 17.221838 73.489868 0.080174
v 17.345579 72.376251 0.066905
v 13.145612 70.631378 0.824045
v 11.876335 70.266014 1.396238
v 21.988724 72.938919 5.633675
v 22.335489 72.137184 6.952934
v 22.699902 71.526680 8.020503
v 22.709093 70.541214 7.858223
v 22.743744 70.783859 8.745557
v 22.802961 70.591698 9.478328
v 22.654081 70.260193 10.130514
v 22.133965 70.159348 11.016833
v 21.536114 69.929924 11.887137
v 15.739501 72.720299 0.031292
v 13.733882 72.416878 0.423456
v 12.512860 72.046181 0.989824
v 10.792650 69.851753 2.159836
v 10.927338 68.924362 2.043202
v 10.126590 69.297348 2.720334
v 9.555606 68.440880 3.590516
v 9.109431 68.547813 5.458649
v 9.184501 67.239952 5.464752
v 9.024917 66.263474 6.396290
v 8.956301 63.994236 6.458962
v 9.269440 63.732353 5.223848
v 9.140192 62.654484 5.546900
v 9.268538 61.590313 5.091043
v 9.024949 61.174885 6.326855
v 20.094542 69.954765 13.199796
v 20.358213 68.716766 13.169355
v 19.167564 68.958687 13.888011
v 17.222813 68.475204 14.646541
v 17.185310 66.992393 14.902000
v 17.595522 65.924751 14.949527
v 15.554371 65.836418 15.341798
v 14.645708 63.755360 15.803643
v -26.559847 67.745354 0.701113
v -28.622587 67.616997 0.437186
v -30.182112 67.177536 0.525996
v 41.106949 -93.047554 46.105682
v 41.789310 -92.104935 45.500584
v 42.819813 -91.793602 44.422279
v 44.078960 -91.759247 42.806515
v 44.177860 -90.446358 42.822666
v 44.067455 -89.641335 43.035851
v 44.647644 -89.804047 42.170425
v 45.135300 -89.348602 40.932579
v 46.146397 -88.607864 39.100216
v 46.360142 -86.888634 38.959587
v 46.017658 -85.987160 39.377907
v 45.703983 -84.828087 39.440357
v 45.001602 -83.700188 40.156078
v 45.434052 -83.310516 39.164108
v 46.191051 -83.365929 37.795593
v 40.061928 -98.054512 46.565781
v 40.533844 -99.165359 46.157871
v 39.799084 -96.596191 46.833183
v 41.263050 -96.451836 45.750225
v 41.219906 -95.019333 45.943481
v 41.195896 -94.295052 46.003838
v 60.527447 -32.211990 15.474817
v 61.377815 -33.289368 14.492649
v 61.973576 -34.121704 13.701224
v 61.527779 -36.058167 14.052311
v 62.201714 -36.370682 12.838149
v 62.503593 -36.461647 12.198036
v 62.142487 -37.851646 12.464455
v 62.632298 -38.269638 10.577487
v 62.671078 -38.077217 9.152196
v 62.491581 -38.015816 7.741161
v 61.743034 -41.201866 7.619235
v 68.880554 -2.657164 10.101738
v 68.290497 -3.259221 11.254803
v 67.733177 -3.750903 12.002822
v 66.923325 -4.198938 12.932564
v 46.740364 -83.130798 36.189735
v 47.210304 -83.238899 34.631454
v 47.723007 -83.190529 33.212845
v 47.812553 -82.791611 32.061695
v 48.146061 -82.295380 29.834436
v 48.299698 -80.606514 28.909382
v 48.149841 -79.394592 29.678692
v 47.943680 -78.624352 30.132936
v 48.093525 -77.397125 29.212210
v 48.257416 -75.831367 29.066383
v 48.573708 -75.678329 27.247211
v 48.818558 -75.257698 24.660389
v 49.038410 -74.965065 22.527143
v 49.166950 -74.504646 20.713518
v 49.530090 -73.189247 20.610142
v 49.861362 -72.033821 20.876757
v 49.896004 -72.001900 22.034634
v 50.170486 -70.990623 21.219994
v 50.378468 -70.488792 19.186110
v 51.157974 -68.592117 18.814182
v 51.793140 -67.125893 18.759163
v 52.001163 -66.130157 19.560534
v 52.739223 -64.370308 19.143476
v 52.967621 -62.968651 19.628443
v 53.099171 -61.060520 20.251575
v 52.427586 -61.011913 21.438816
v 51.936543 -61.347366 22.107298
v 52.180077 -59.971214 22.026127
v 52.559326 -58.305882 21.664968
v 52.701099 -57.102764 21.545795
v 53.692574 -55.399128 20.548819
v 53.736923 -53.316818 20.477976
v 53.994221 -51.814476 20.284063
v 53.910484 -50.575008 20.395617
v 53.971935 -49.381306 20.386868
v 55.189053 -48.949242 19.353456
v 55.437019 -47.041973 19.255093
v 55.000587 -46.102982 19.664547
v 56.396297 -45.354099 18.550516
v 56.852901 -43.757370 18.298656
v 56.672573 -42.598671 18.508039
v 56.443882 -41.528263 18.737898
v 57.602631 -40.937885 17.810396
v 57.760586 -39.631748 17.766752
v 58.953640 -39.387630 16.680960
v 59.804176 -37.354305 16.145058
v 59.449993 -36.469475 16.548359
v 59.980118 -35.585468 16.040663
v 60.065273 -34.028221 15.952761
v 66.853317 -2.425576 13.696451
v 53.008095 26.958355 5.697838
v 53.296627 26.605206 6.718169
v 53.667912 27.100115 7.643985
v 54.184128 28.523239 9.027559
v 54.309063 28.657015 10.619062
v 54.573441 30.178783 10.763798
v 54.536102 30.426815 12.467904
v 54.814163 31.679935 12.159031
v 54.789078 33.259445 12.483584
v 54.843819 35.101128 12.818083
v 54.282658 34.984638 13.791436
v 54.574043 36.398632 13.568770
v -32.373505 67.741798 0.802221
v -33.287956 67.026512 1.078010
v -34.956654 67.626930 2.285538
v -35.172779 67.059723 3.063801
v -35.854610 67.155495 5.149410
v -36.283123 67.150360 7.032673
v -36.428631 66.892471 8.374021
v -34.526787 69.425644 10.062368
v -35.640072 68.900040 9.669017
v -36.613403 68.369774 8.348501
v -27.535381 75.133240 8.450758
v -28.296263 75.404854 8.779805
v -28.970533 75.134201 9.015325
v -29.788528 74.761986 9.323595
v -31.086250 74.592270 9.783979
v -32.737263 74.799171 9.885270
v -34.339760 74.479454 9.599432
v -34.625038 72.938271 9.973785
v -33.731171 71.810112 10.569404
v -34.990993 71.446838 10.110794
v -34.556229 70.402061 10.148246
v 8.879526 62.326584 6.913460
v 8.378794 64.789726 7.848434
v 8.104331 64.463692 9.371954
v 8.151468 64.412910 10.978347
v 8.478235 64.436592 12.602315
v 9.048691 64.164909 13.403305
v 9.737536 63.892170 14.115971
v 10.871635 63.827209 14.985560
v 12.849763 64.694504 15.572765
v 70.358101 13.069813 0.602220
v 69.082214 14.358343 0.489487
v 68.254097 15.631901 0.538134
v 67.725082 18.247190 1.033508
v 66.571228 19.168018 1.919791
v 65.807091 18.935991 2.496321
v 65.325775 19.324505 3.398672
v 64.513100 18.795776 3.976812
v 64.335907 19.331133 5.264509
v 64.058533 18.927683 6.509008
v 64.205040 18.986521 7.970204
v 63.937611 18.545130 8.306363
v 65.090782 18.736116 9.688684
v 66.464874 17.513424 11.930272
v 67.588554 14.400458 13.862797
v 68.680084 15.250681 14.194372
v 67.374771 16.258089 13.281287
v 67.731689 12.805172 14.312476
v 67.143616 10.521895 14.677568
v 67.264557 11.547435 14.548935
v 63.456497 8.511529 14.548268
v 62.269138 8.716377 14.333461
v 64.709541 8.191785 14.757874
v 66.103958 8.487254 14.678882
v 68.002609 9.096915 14.719659
v 67.436356 -0.218206 14.023392
v 66.986885 0.886403 14.554478
v 67.300949 2.677354 14.712374
v 66.465752 3.168182 15.112172
v 67.034309 4.856139 14.901357
v 66.297943 6.915045 15.016137
v 64.523750 7.281090 14.969402
v 63.018780 7.524695 15.118521
v 54.625908 38.812469 3.623752
v 55.458813 43.405087 3.455921
v 53.202545 47.184792 1.133592
v 51.203960 49.258186 0.368002
v 49.844952 48.851830 0.462430
v 49.113834 50.412365 0.547919
v 47.223267 50.318081 1.212849
v 45.819614 50.604652 2.211917
v 45.389172 49.941849 2.883206
v 44.623501 49.846806 3.765197
v 44.062298 49.918327 5.080204
v 44.849377 51.395927 4.641766
v 44.229767 51.721527 6.987551
v 43.597206 51.856888 8.661103
v 43.567001 52.012875 10.802421
v 44.032669 51.595177 12.088435
v 44.805000 51.872578 13.251365
v 45.683121 52.089428 14.509604
v 46.512894 51.333206 15.039603
v 46.728222 50.296692 14.324604
v 52.295830 47.761108 14.388571
v 51.274937 48.654545 14.557823
v 50.056236 48.726326 14.695581
v 49.887783 50.387779 14.555690
v 48.677616 51.981476 14.430887
v 47.825382 51.767540 15.422188
v 54.080654 39.697559 13.758657
v 53.923615 41.237305 13.741012
v 53.539860 42.559589 13.963316
v 53.588234 44.543613 13.868547
v 53.416962 46.173447 14.013076
v 53.388775 47.217159 14.029663
v 53.346165 48.419182 13.969120
v 54.854500 38.145222 13.122683
v 54.828926 39.539471 12.954249
v 20.589314 78.200493 1.377635
v 20.966555 80.022621 2.043210
v 21.976776 79.179276 5.154311
v 22.134628 76.695816 5.695659
v 22.055168 75.230057 5.723459
v 21.989468 74.213440 5.597086
v 19.001945 78.524635 0.482169
v 17.582342 78.069397 0.224637
v 15.987544 77.483162 0.007241
v 16.243549 76.478386 -0.050719
v 15.332355 75.616791 0.014575
v 15.332348 74.120911 0.027728
v 11.135451 71.874977 1.768148
v 10.025286 71.414452 3.027931
v 22.331778 73.975685 6.913520
v 22.489956 73.191490 8.894878
v 22.678707 71.914253 9.025409
v 22.246555 72.131142 10.375293
v 21.330557 71.612427 11.872349
v 20.189741 71.419342 12.998021
v 13.549723 74.012802 0.332794
v 11.429292 73.876701 1.325601
v 10.300075 73.515671 2.262639
v 10.001881 70.279022 2.926970
v 9.421143 70.276482 4.087011
v 8.997780 70.587311 5.631846
v 8.725385 70.233292 6.972957
v 8.810019 68.672874 6.861000
v 8.924987 67.689316 6.598885
v 8.444647 67.487114 7.835584
v 8.447177 66.069687 7.761239
v 18.699406 71.559967 13.842456
v 18.924961 70.275200 13.861313
v 17.569309 70.441544 14.287823
v 15.510635 69.870087 14.894097
v 15.822637 68.384583 14.992443
v 16.091845 67.476303 15.056569
v 14.250615 66.003510 15.456542
v -26.824875 69.182999 0.839684
v -28.679274 69.191078 0.547356
v -30.037773 68.926331 0.493854
v -31.488531 68.743881 0.595188
v 42.179993 -94.575058 45.162933
v 42.800102 -93.405670 44.536198
v 43.804970 -93.436729 43.039688
v 44.794476 -93.363075 41.519722
v 44.827587 -91.990425 41.639557
v 44.612720 -91.021957 42.067844
v 45.220844 -91.171753 40.764881
v 46.031261 -90.942039 38.510403
v 46.704540 -90.249001 37.225288
v 47.198406 -88.846848 36.526306
v 47.019257 -87.189064 37.665653
v 46.758816 -86.121964 38.043243
v 46.422112 -85.214844 38.418884
v 47.074715 -85.277954 37.039604
v 47.269669 -84.528877 35.399654
v 41.187317 -98.301834 45.696651
v 42.219128 -98.000305 44.727631
v 42.300076 -96.702477 44.767681
v 42.196850 -95.856560 44.987759
v 60.711987 -34.528095 15.226234
v 60.538700 -36.344982 15.316629
v 60.534897 -38.133629 15.047106
v 61.396488 -37.934937 13.890678
v 61.249504 -39.633537 13.808686
v 61.944942 -39.787121 12.375574
v 62.242645 -39.536575 10.892874
v 62.400234 -39.538544 9.295516
v 62.392673 -39.558907 8.014993
v 62.134289 -40.860725 8.136973
v 61.721828 -42.415958 9.249841
v 61.667419 -42.569489 8.169106
v 61.232059 -43.778008 8.113579
v 59.709438 -44.335255 6.066737
v 69.570831 -1.217276 9.709500
v 68.902802 -1.883661 11.019000
v 68.455193 -2.389997 11.633387
v 67.772675 -2.612248 12.713465
v 47.723820 -84.799522 33.635929
v 47.698776 -84.454033 33.137589
v 47.738983 -84.153633 32.801899
v 47.902412 -84.235001 31.506203
v 48.028915 -83.906509 30.216516
v 48.122875 -84.083313 28.243401
v 48.225727 -82.447014 27.510345
v 48.283493 -80.804070 27.171009
v 48.268612 -79.196762 27.273582
v 48.188366 -78.765282 28.478102
v 48.322235 -77.437798 27.715796
v 48.483398 -77.549461 26.099508
v 48.522625 -77.038284 24.402542
v 48.521065 -76.696068 22.266296
v 48.510792 -76.137711 19.820019
v 48.893368 -74.646957 19.040533
v 49.320934 -73.462036 19.183458
v 49.735992 -72.269524 19.453461
v 49.649113 -72.047401 17.431622
v 50.585575 -70.026558 16.993809
v 51.134823 -68.904930 17.502296
v 51.944054 -67.336487 17.267859
v 52.703705 -65.729378 17.229391
v 52.410534 -65.851295 18.359560
v 53.262657 -64.219376 17.694420
v 53.450684 -63.193432 18.241661
v 54.201988 -61.685051 17.726423
v 53.660007 -61.335175 19.082121
v 54.177746 -59.697151 18.947710
v 53.473892 -59.804474 20.144911
v 52.910923 -59.991673 20.975674
v 53.590595 -58.554550 20.344975
v 53.469078 -57.127304 20.674494
v 54.563232 -56.402287 19.411079
v 54.924412 -54.695614 19.232367
v 54.766430 -53.547321 19.515514
v 54.849773 -52.041000 19.498030
v 54.812878 -50.758289 19.600014
v 56.054382 -50.484707 18.460964
v 56.616940 -48.594112 18.086233
v 56.754948 -46.923733 18.102213
v 57.525352 -45.281330 17.555878
v 57.705376 -44.032761 17.499647
v 57.936008 -42.419476 17.382961
v 58.474373 -41.053928 16.982843
v 59.276188 -41.487446 16.072317
v 60.136940 -39.982735 15.231229
v 68.357979 -1.125536 12.824364
v 54.239197 29.947887 6.562057
v 54.439461 31.310835 6.198709
v 54.018524 28.728136 7.253026
v 54.456001 30.088373 7.749023
v 54.536720 30.119776 9.112845
v 54.832928 31.623964 9.060634
v 54.907314 31.687737 10.726090
v 55.213394 33.251751 10.590097
v 55.341415 34.830963 11.389345
v 55.473778 36.360386 11.682334
v 55.095024 36.393528 12.631729
v 55.425858 37.738476 12.169798
v -33.912579 69.321594 1.249632
v -34.834770 68.730072 2.054596
v -35.524143 68.753883 3.296178
v -35.913319 68.547676 4.583694
v -36.514301 68.686424 6.512150
v -35.035126 70.455673 9.880526
v -35.772610 70.610382 9.093798
v -36.310062 70.016380 6.986221
v -27.483503 75.374245 8.068059
v -27.692959 75.954300 8.495995
v -28.455507 76.216560 8.746291
v -30.061117 75.972710 8.939836
v -32.207550 76.057266 9.407448
v -34.057800 75.937744 8.206018
v -35.196735 74.782784 8.234569
v -35.333721 73.480049 8.644615
v -35.568119 72.172997 9.090091
v 8.197179 66.209061 9.096661
v 8.189016 65.918167 10.842538
v 8.773824 66.000244 12.460143
v 9.226750 65.707230 13.365649
v 9.892783 65.382019 14.059471
v 11.114531 65.072334 14.950642
v 11.602054 66.938004 14.944554
v 71.780403 14.998609 0.484255
v 69.869774 15.293602 0.433078
v 70.306435 17.812269 0.464252
v 68.967430 19.983212 0.708330
v 67.851036 20.535826 1.365420
v 66.990433 20.430725 2.030088
v 66.054596 20.318403 3.158977
v 65.305267 20.415941 4.779431
v 64.978180 20.349310 6.426384
v 65.114746 20.335224 8.820698
v 66.962807 19.603359 12.154122
v 68.287903 16.714592 13.747626
v 67.654114 18.030613 12.796058
v 69.988190 13.796517 14.370910
v 70.855598 15.431868 14.328782
v 69.976280 16.792200 14.163050
v 68.668541 11.165099 14.570533
v 70.760010 11.994930 14.148946
v 68.560638 10.147843 14.664799
v 68.565582 7.079365 14.386462
v 69.868118 8.834781 14.223384
v 70.090607 10.095428 14.346056
v 68.816788 1.072256 13.410502
v 68.125587 1.912844 14.144255
v 68.419426 3.888412 14.271533
v 68.480095 5.282124 14.335918
v 56.278839 41.808254 5.468168
v 56.002098 40.332676 5.287372
v 55.818233 38.758698 5.649869
v 55.412643 36.777008 5.462021
v 56.331612 47.105408 4.039589
v 56.831062 44.060574 6.435096
v 53.444210 51.093540 0.748106
v 50.958828 51.103844 0.151912
v 49.365723 51.978115 0.499828
v 48.383980 51.975052 0.601639
v 47.566513 51.507000 1.043888
v 46.481956 51.726124 2.010647
v 45.688362 51.749500 3.012919
v 45.868340 53.276913 3.512002
v 45.106911 53.413612 5.448747
v 44.569599 53.036488 6.965216
v 44.388233 52.230942 7.905246
v 44.070232 53.101109 8.302717
v 43.647072 53.647591 9.336779
v 43.653374 53.568466 10.619177
v 43.989399 53.329655 11.613742
v 44.495655 53.124123 12.542219
v 45.146358 53.436195 13.593119
v 46.029785 53.800400 14.321357
v 47.405388 53.133621 14.939299
v 52.438763 49.973392 14.113949
v 51.266239 50.160671 14.349123
v 51.310593 51.630531 14.099437
v 49.771278 53.125927 13.987490
v 48.450665 53.322006 13.725417
v 54.922249 41.192570 12.751528
v 55.023575 42.851192 12.679278
v 54.291283 42.657848 13.405736
v 54.673084 43.976276 13.125609
v 54.959999 45.727760 12.970485
v 54.654186 47.216633 13.296393
v 54.153603 48.021660 13.696933
v 54.723522 49.739964 13.294813
v 53.576859 49.969471 13.793116
v 55.570370 39.536499 11.837546
v 55.705235 41.106884 11.671432
v 19.289368 79.846535 0.699610
v 18.819811 81.401596 0.636716
v 19.095284 83.068855 0.847418
v 21.247805 83.007797 3.792656
v 21.670160 80.960594 4.110181
v 21.974829 81.767433 5.483963
v 22.315691 80.890587 7.166288
v 22.492434 79.199463 6.882075
v 22.409472 77.803665 6.715795
v 22.447945 76.472107 7.118941
v 22.389538 75.495361 6.805112
v 17.511269 80.014465 0.313678
v 16.084063 79.331238 0.235008
v 13.749523 78.911903 0.231493
v 13.902229 77.436234 0.108611
v 14.539494 76.603386 0.072481
v 13.039542 75.851227 0.345035
v 9.695337 73.097107 3.234198
v 9.097900 72.956184 5.058036
v 9.357747 71.580788 4.326757
v 22.515947 75.509567 8.545301
v 21.945862 74.903549 10.545811
v 22.106562 73.544777 10.365270
v 21.500746 74.021133 11.396717
v 20.564796 73.558914 12.198934
v 19.128506 73.032745 13.223443
v 11.371689 75.376923 1.210739
v 10.160513 75.464233 2.144355
v 9.721212 75.183235 3.037167
v 9.252487 74.956268 4.643371
v 9.066494 71.551056 5.196729
v 8.560256 72.170357 6.892917
v 7.895325 71.350349 8.890484
v 8.257050 70.351822 7.878345
v 8.220281 69.397285 7.898807
v 8.063067 68.692986 9.428892
v 8.178569 67.491600 9.285310
v 17.046606 73.013130 14.043848
v 17.339010 71.797607 14.208754
v 15.907989 71.909538 14.396500
v 14.257161 71.268402 14.523623
v 13.843987 70.055870 14.770673
v 13.987470 69.186371 14.996249
v 12.303633 69.229820 14.836831
v -26.868483 70.358765 1.093595
v -28.489786 70.563911 0.852342
v -30.186359 70.772964 0.722271
v -31.448372 70.239914 0.607939
v -33.523357 70.415482 0.987640
v 42.905315 -95.970177 44.209541
v 43.540653 -95.127991 43.281067
v 44.550758 -95.002869 41.644573
v 45.393970 -94.972427 40.109718
v 45.447910 -93.579285 40.252235
v 45.234219 -92.561600 40.695904
v 45.783829 -92.712372 39.118965
v 46.251350 -92.661392 37.017056
v 46.823612 -91.652664 35.240276
v 47.151604 -90.412689 36.157402
v 47.578392 -89.939484 34.714989
v 47.577980 -88.633064 34.993618
v 47.539063 -87.445564 35.238827
v 47.333344 -87.509834 36.523251
v 47.401974 -86.554863 36.484337
v 47.510429 -85.978561 35.434959
v 47.731865 -86.493507 33.189831
v 41.807579 -99.159561 45.131516
v 43.053402 -99.179810 43.565495
v 43.145054 -98.132942 43.568974
v 42.883636 -97.210846 44.016224
v 60.524704 -41.279964 14.526360
v 61.169720 -41.075577 13.579761
v 61.557449 -41.065475 12.637217
v 61.905781 -41.047955 11.026790
v 62.148415 -40.761612 9.538854
v 61.573547 -42.592281 11.572590
v 61.249271 -44.401100 10.810415
v 61.344196 -44.126179 9.263004
v 61.013729 -45.616554 9.295935
v 60.761017 -45.276287 7.881139
v 60.599922 -46.726910 8.266543
v 60.066734 -48.079746 7.979089
v 70.304161 0.250008 9.416163
v 69.713684 -0.387623 10.611220
v 69.262543 -0.869016 11.351006
v 47.906532 -85.534660 31.597923
v 47.937130 -85.584648 29.244537
v 47.887226 -85.654793 26.688387
v 48.045780 -84.182640 26.422474
v 48.085072 -82.867683 26.099728
v 48.189362 -81.045982 25.396807
v 48.302937 -79.918411 25.643251
v 48.334949 -79.050621 25.984638
v 48.332611 -78.985519 24.242195
v 48.161404 -78.512009 22.077927
v 47.948494 -78.213547 20.097982
v 47.747696 -78.000740 18.389505
v 48.130997 -76.368378 17.897900
v 48.525986 -75.083023 17.795284
v 48.977356 -73.841621 17.817097
v 48.788776 -73.785751 16.523247
v 49.641399 -71.711304 15.302696
v 50.289516 -70.513374 15.878205
v 51.074791 -69.100075 15.570643
v 51.169106 -68.949783 16.441710
v 51.901543 -67.685310 15.696260
v 52.950188 -65.803650 15.575538
v 53.886898 -63.846825 15.878066
v 54.153339 -62.702171 16.748184
v 55.094803 -60.986774 15.983144
v 55.202126 -59.297760 17.307396
v 55.232338 -58.131001 18.000414
v 54.654236 -57.873295 18.931641
v 55.514420 -56.645752 18.070646
v 55.829643 -54.704124 18.112368
v 55.599110 -53.494091 18.603056
v 55.621002 -52.346573 18.714846
v 56.751873 -52.207939 17.452810
v 57.427647 -49.778076 17.204493
v 57.053055 -49.113091 17.654543
v 57.983017 -47.533028 16.825148
v 58.046825 -45.770683 17.002031
v 58.578796 -44.350132 16.585970
v 58.751831 -43.068665 16.528942
v 59.918118 -43.218372 15.095996
v 69.755302 0.628544 11.670840
v 54.641644 31.293894 7.290445
v 54.991554 33.092449 7.438466
v 55.158092 33.241089 8.979584
v 55.523224 34.902760 8.741968
v 55.575520 34.800636 10.304872
v 55.874130 36.225010 10.135573
v 56.003654 37.883202 10.505750
v 56.081356 39.446014 10.492264
v -34.818859 70.679863 1.814803
v -35.342045 70.359772 2.805110
v -35.870426 69.923309 4.319151
v -35.878513 72.248932 7.271025
v -35.752022 71.639877 4.655098
v -28.334187 76.313835 8.564053
v -28.926437 76.367004 8.109628
v -30.238794 76.664169 8.263650
v -32.297379 76.665924 8.351789
v -35.123531 75.448746 6.470472
v -34.459332 76.200264 6.788820
v -33.491627 76.783852 5.604438
v -35.611813 73.956467 7.188751
v 8.194768 67.689934 10.809958
v 8.629093 67.129585 12.055380
v 9.255846 67.503708 13.080096
v 9.824673 66.801964 13.754103
v 10.007540 68.835213 13.576590
v 72.799225 17.101879 0.414226
v 72.294586 19.097721 0.281146
v 71.246460 19.592278 0.315966
v 70.504890 20.529570 0.382560
v 69.537994 22.428169 1.047405
v 68.278412 21.799564 1.512950
v 67.255867 22.098871 2.326985
v 66.513809 21.764469 3.194256
v 66.108452 21.735983 4.422797
v 66.218636 22.580233 6.681586
v 68.837112 18.337330 13.273760
v 68.489304 19.559387 12.707284
v 71.850838 13.621658 14.033089
v 72.083191 14.836533 14.088812
v 72.232422 16.322685 13.898074
v 71.635773 17.841644 13.691430
v 70.286034 18.835672 13.372687
v 71.739517 9.924940 13.571385
v 72.455460 11.757550 13.605205
v 72.827698 13.179512 13.561218
v 69.781158 5.229342 13.645800
v 70.438255 6.989556 13.678619
v 70.571861 8.171966 13.861581
v 69.929543 2.293449 12.697703
v 69.393784 3.189785 13.625118
v 56.664391 42.121082 7.171460
v 56.381008 40.598183 7.162878
v 56.268055 40.714901 5.944633
v 56.182289 39.494484 6.555331
v 55.996937 38.001709 7.201298
v 55.716614 36.745518 7.032642
v 55.309063 35.098206 6.743404
v 53.965614 32.261936 5.065131
v 56.789314 49.686462 3.389073
v 57.670925 48.315258 5.689913
v 57.278954 47.217430 5.452121
v 57.506229 46.413033 6.692793
v 57.416599 45.054653 8.504959
v 57.129932 44.028324 7.741552
v 56.957237 42.907734 8.369419
v 54.438801 54.112896 0.797244
v 53.408459 53.015903 0.436339
v 52.302437 53.294262 0.332767
v 52.014362 51.931587 0.176165
v 51.311695 52.322021 0.154015
v 50.036240 53.359844 0.529304
v 48.286953 53.290760 1.105222
v 47.167046 52.850349 1.664289
v 46.987911 54.864906 2.564304
v 45.940201 55.133896 4.108129
v 45.429996 54.759636 5.401351
v 44.980789 54.530247 6.817538
v 44.355713 54.882778 8.537100
v 44.257195 55.134449 10.698424
v 44.353382 54.842651 11.564288
v 44.569111 54.502338 12.372728
v 45.485851 54.972378 13.598224
v 47.409534 55.250874 14.810667
v 46.660614 55.913746 14.356095
v 48.468842 54.778290 14.592874
v 53.493443 51.545147 13.679564
v 52.416264 51.576347 13.967335
v 52.259281 52.943047 13.827109
v 51.110588 53.123730 13.879741
v 51.116791 54.807125 13.618504
v 49.470028 54.873413 13.515501
v 55.868088 42.663101 11.603544
v 55.987206 44.131897 11.661874
v 55.392540 44.112427 12.410390
v 55.822926 45.446800 12.092775
v 55.949631 47.506088 12.359079
v 55.470669 48.578339 12.809358
v 56.372658 49.811592 12.187145
v 55.914154 51.940277 12.712469
v 54.684032 51.646671 13.267406
v 56.380196 41.236378 10.270797
v 56.470039 42.548996 10.475468
v 17.164597 81.379021 0.317569
v 17.006203 83.044373 0.347560
v 18.933399 86.788094 1.002446
v 17.099306 84.946419 0.246315
v 21.693033 85.842285 5.273540
v 21.953974 83.392159 5.494892
v 22.235147 83.319839 6.929245
v 22.081476 82.453697 8.889933
v 22.354223 80.623817 8.930397
v 22.622667 79.516815 7.993185
v 22.630539 78.205070 7.818278
v 22.595552 77.009506 7.844720
v 15.247021 81.154472 0.346788
v 12.887715 80.671310 0.597769
v 11.912162 79.068794 0.733661
v 12.240223 78.112549 0.627707
v 12.579157 77.279747 0.452894
v 11.026856 77.153107 1.202295
v 8.772922 74.774681 6.663076
v 8.650984 73.482903 6.634621
v 22.610769 77.294014 9.040323
v 21.997507 76.705002 10.444621
v 21.007391 76.421997 11.810548
v 21.268984 75.147957 11.624390
v 20.398596 75.336899 12.483394
v 18.601540 75.216141 13.391780
v 17.271019 74.520020 13.842532
v 10.041910 76.846390 2.307058
v 9.523878 76.789604 3.473494
v 9.251169 76.852638 4.927558
v 9.082791 76.501984 5.640752
v 8.837622 76.424133 6.480011
v 8.309029 74.009476 7.989673
v 8.092739 73.098732 8.988938
v 8.039669 72.950272 10.853170
v 7.672401 71.524765 10.746401
v 7.928911 70.046227 10.468086
v 7.914846 69.923950 9.149384
v 8.058477 68.870674 10.659651
v 15.407075 74.518105 14.051963
v 15.521302 73.292923 14.294898
v 14.015626 73.195335 14.125851
v 13.113286 71.688309 14.271640
v 13.109416 70.642906 14.532390
v 11.907089 71.116325 14.203805
v 10.326139 70.846848 13.617086
v -26.732267 71.050133 1.669089
v -28.511553 71.923454 1.136379
v -30.354576 72.017967 0.972359
v -32.022533 71.883102 0.991165
v -33.426468 71.619263 1.034315
v -34.601429 71.819504 1.815129
v 43.779865 -97.244621 42.640594
v 44.423050 -96.418236 41.608871
v 45.209007 -96.553490 40.077515
v 45.800434 -96.307800 38.522232
v 45.853279 -95.070465 38.462723
v 45.748688 -94.110184 39.080822
v 46.113346 -94.201714 37.225376
v 46.401482 -93.764633 34.950115
v 46.683971 -93.161873 32.594341
v 47.077480 -91.688065 33.005280
v 47.512836 -90.247681 32.829475
v 47.747150 -89.149117 33.063473
v 47.774979 -88.149246 33.548023
v 47.860630 -88.329224 31.516815
v 47.828117 -87.496017 29.698669
v 43.840569 -98.577171 42.421764
v 44.687820 -99.282616 40.818413
v 61.132954 -42.284031 13.343219
v 60.862499 -44.169388 13.161671
v 60.770222 -46.142761 12.460850
v 60.977226 -45.783222 10.819499
v 60.732643 -47.014843 10.692259
v 60.706551 -47.051739 9.378906
v 60.398605 -48.497921 9.566721
v 59.552338 -50.413036 8.951701
v 58.951481 -49.196030 6.747570
v 71.117340 1.699334 8.729064
v 70.562927 1.302992 10.281903
v 47.502972 -87.627785 26.834354
v 47.367939 -86.948128 24.974583
v 47.570786 -85.563141 24.809797
v 47.810509 -84.532173 25.287865
v 47.932705 -83.408379 25.096958
v 47.887775 -81.933144 23.649546
v 48.130669 -80.389870 23.621563
v 47.897861 -80.274872 21.895622
v 47.536236 -80.127815 19.953909
v 47.313511 -79.832115 18.642950
v 46.823795 -80.236465 17.079515
v 47.808689 -76.938248 17.031658
v 48.244450 -75.365570 16.783964
v 48.101734 -74.531532 14.838375
v 50.573471 -69.530663 12.691766
v 50.768944 -69.592384 14.633078
v 51.830345 -67.878792 13.946025
v 53.096558 -65.701485 13.815441
v 53.986290 -64.163239 14.226568
v 55.021648 -62.206638 14.431441
v 55.704628 -60.646248 14.741327
v 56.382244 -59.016743 14.910649
v 56.073959 -58.150188 16.297426
v 55.932014 -57.314762 17.234291
v 56.608631 -55.604107 16.761553
v 56.690186 -53.941746 17.149956
v 57.491310 -53.262573 16.179729
v 57.876526 -51.657715 16.244955
v 58.169609 -49.972969 16.196377
v 58.148151 -48.788651 16.475531
v 58.967934 -47.847572 15.566506
v 59.286053 -46.170738 15.483786
v 59.199154 -44.959255 15.900395
v 60.019840 -44.759693 14.776870
v 71.137199 3.039210 10.956187
v 55.956017 36.719475 8.468932
v 56.124397 38.161453 8.511573
v 56.270752 39.404579 8.881840
v 56.493904 40.950317 8.722406
v -35.359722 71.598274 2.828055
v -35.454712 73.953644 5.055450
v -34.929905 73.057617 3.085483
v -35.114540 75.376816 5.019654
v -34.512985 75.974770 5.171973
v -33.872047 75.941833 3.723435
v -33.403107 76.882896 4.151935
v 8.297084 69.046288 11.623709
v 8.916313 68.514366 12.643287
v 9.177437 70.676361 12.782669
v 8.564044 70.091393 12.026023
v 75.011642 20.635900 0.415907
v 73.507713 20.591249 0.235930
v 72.082619 21.212639 0.281621
v 71.331223 22.764473 0.397328
v 70.300957 24.264935 1.202447
v 69.123116 24.187605 2.053158
v 67.945358 23.591171 2.766884
v 66.899246 22.911411 4.077142
v 67.979591 24.681301 4.770413
v 69.452332 19.293283 13.092190
v 69.929474 20.572044 12.688678
v 69.827209 22.726809 12.096111
v 73.166763 14.643675 13.586457
v 73.175880 16.055605 13.599556
v 73.194481 17.732632 13.395281
v 72.920807 19.661297 13.041762
v 71.450226 20.196457 12.892138
v 71.884193 7.858332 13.000741
v 73.218163 9.006675 12.263843
v 73.411873 10.584030 12.872794
v 72.879738 11.164782 13.337024
v 73.788383 12.468215 13.039849
v 74.511047 14.549207 12.565278
v 70.373604 3.751384 12.807158
v 71.187119 5.036922 12.574807
v 71.136864 6.384119 13.153308
v 56.290966 39.425446 7.696569
v 57.391582 51.626369 3.746097
v 57.872704 50.112545 5.340776
v 58.258129 49.947269 7.381724
v 57.988956 48.422691 7.247110
v 57.803276 47.646088 6.801361
v 57.854153 47.550484 7.585455
v 57.747311 46.894653 8.275184
v 57.607876 46.831684 9.685933
v 57.364117 45.497368 9.796366
v 56.766117 44.169209 10.309558
v 57.031326 43.540577 9.358378
v 56.778580 42.553352 9.599379
v 55.306053 57.087761 0.936242
v 54.305775 56.045612 0.551178
v 53.027573 56.310516 0.445428
v 52.717037 54.813599 0.373666
v 51.058258 55.181076 0.454722
v 49.104710 55.235313 0.820755
v 48.138588 54.702820 1.217741
v 47.848225 56.505585 2.036169
v 46.978039 56.440933 3.103488
v 46.269951 56.615936 4.272538
v 45.699608 56.085815 5.463560
v 45.147472 55.998425 7.241394
v 45.229546 55.091766 7.417033
v 44.511189 56.700298 9.134389
v 44.507027 56.660763 10.653932
v 44.781109 56.382652 11.604118
v 45.073784 55.983437 12.422481
v 46.373631 57.632675 13.600839
v 48.643250 56.451832 14.685107
v 48.027996 57.532921 14.587443
v 49.891582 56.620544 13.533931
v 54.428246 53.262775 13.344960
v 53.273460 53.129150 13.657649
v 53.019451 54.666878 13.700543
v 52.490257 56.478909 13.486536
v 51.295193 56.573246 13.439410
v 56.794899 45.550297 10.790916
v 56.859291 47.077061 11.203397
v 56.987907 48.602760 11.544068
v 57.612759 49.958572 10.657657
v 57.269398 52.114990 11.484830
v 56.541409 53.585587 12.382001
v 55.631748 53.395267 12.887289
v 14.670622 83.034393 0.349670
v 15.090503 84.671257 0.345496
v 19.753273 90.954430 1.817152
v 17.355183 89.157463 0.387208
v 16.802332 87.390404 0.293753
v 17.064142 86.372597 0.263244
v 15.353029 86.387108 0.260957
v 22.275555 88.216080 6.348712
v 22.241028 86.066467 7.464751
v 22.286316 84.856834 7.181566
v 21.965998 84.719604 8.664826
v 21.477531 83.741768 10.053728
v 21.630009 82.411896 10.287378
v 21.700018 81.080635 10.181964
v 21.950481 79.462898 10.217723
v 22.487726 79.333321 9.030039
v 22.715723 78.504440 8.571805
v 13.077584 82.361412 0.626200
v 11.179113 82.280098 1.417320
v 10.784549 80.659096 1.488412
v 11.117593 79.621185 1.222746
v 10.863099 78.603752 1.346336
v 10.024466 78.725937 2.203070
v 8.384006 76.411552 7.913872
v 8.887711 75.123642 8.000197
v 22.483599 78.475967 9.449281
v 22.113943 78.032867 10.309665
v 21.077200 78.381165 11.401530
v 19.654842 77.934158 12.702865
v 20.031155 76.607628 12.679053
v 18.896194 76.810822 13.394056
v 17.505739 76.877884 13.864694
v 16.098223 76.301285 13.967669
v 9.493102 78.398796 3.583519
v 9.250037 78.348770 5.009516
v 9.163137 78.420334 6.271324
v 9.078528 77.681068 6.528156
v 8.598397 77.967476 7.687789
v 8.161258 75.541031 9.003435
v 8.065921 74.816429 10.300076
v 8.559533 74.449425 11.831402
v 8.716068 73.153038 12.118336
v 8.955488 71.949089 12.359046
v 8.256691 71.605690 11.668923
v 13.955774 76.121758 13.818782
v 14.034523 74.720436 13.963600
v 12.775603 74.944077 13.907220
v 12.754052 73.544571 13.921433
v 12.113161 72.450340 13.826954
v 10.537593 72.157265 13.769405
v 9.564835 72.299820 12.990746
v -27.390997 72.884438 2.896557
v -27.546825 72.653458 1.869691
v -28.611843 73.303574 1.617189
v -30.522224 73.495888 1.325846
v -32.370018 73.403221 1.391804
v -33.841366 72.948669 1.688484
v 44.374554 -98.382813 41.513298
v 44.927319 -98.001648 40.356892
v 45.801067 -97.857742 37.650616
v 46.022457 -96.652771 36.629517
v 46.021832 -95.628403 37.145126
v 46.201565 -95.787254 34.716103
v 46.347198 -94.850418 32.840580
v 46.382229 -94.695137 30.547583
v 46.670300 -93.246407 30.844875
v 47.042988 -91.891106 30.539762
v 47.371750 -91.028801 31.462654
v 47.699249 -89.705582 31.185608
v 47.615059 -89.730461 29.539688
v 47.315086 -89.353706 27.465218
v 60.020424 -46.075478 14.311598
v 59.895618 -47.644527 14.212099
v 60.384266 -47.663246 12.667645
v 60.611904 -47.338715 11.848492
v 60.363274 -48.600044 11.557425
v 59.844807 -50.397144 10.978441
v 59.285488 -52.365223 10.540221
v 58.965065 -52.396309 8.874114
v 58.659363 -51.635468 7.569411
v 71.837280 3.054948 8.261957
v 46.899933 -89.514290 25.363241
v 46.883560 -88.474388 24.324030
v 46.768936 -87.046822 22.745691
v 47.256191 -86.184837 23.966900
v 47.274277 -85.069870 23.224411
v 47.600437 -84.668289 24.360367
v 47.668564 -83.643517 23.969494
v 47.380421 -83.127289 22.111904
v 47.619518 -81.669197 21.790367
v 47.234501 -81.975418 20.326614
v 46.675724 -82.482460 18.649702
v 45.967632 -84.189499 17.808378
v 51.831741 -67.753967 12.897027
v 52.851910 -65.918221 11.717177
v 54.041664 -64.190598 12.359159
v 54.029037 -64.255653 13.222604
v 54.837135 -62.802410 12.765444
v 55.984211 -60.812927 12.530408
v 56.278858 -59.899857 13.549036
v 57.133839 -57.805935 13.385071
v 57.004215 -57.649288 14.615343
v 57.057003 -56.720814 15.391798
v 57.821434 -54.393059 15.071015
v 58.153870 -52.986172 15.118580
v 58.434628 -51.886406 15.112373
v 58.789402 -50.410473 15.104323
v 59.098797 -49.013447 15.084805
v 72.310547 4.363232 9.236570
v 72.132652 4.331820 10.660105
v 72.136497 5.173305 11.490454
v -34.660988 74.509506 3.431658
v -33.833996 74.394951 2.399927
v -32.309711 75.084534 1.967419
v -32.197182 76.305183 2.854093
v -32.782185 77.028122 3.612569
v 74.384094 21.977034 0.253520
v 73.420830 22.710415 0.250938
v 72.457085 23.924395 0.405337
v 71.520073 25.149427 0.789424
v 70.417061 25.877127 1.737487
v 69.537338 25.505579 2.488318
v 68.644936 25.069031 3.265307
v 69.474495 26.760839 4.339174
v 69.175468 26.530621 7.519268
v 71.295212 22.263254 12.085131
v 71.159584 24.353085 10.764830
v 69.606667 24.483101 10.525193
v 73.858932 15.662340 13.270817
v 74.303894 17.004807 12.993716
v 74.817101 19.369335 12.293021
v 73.547684 21.267946 12.337561
v 72.351715 21.714525 12.371504
v 72.042046 6.440365 12.382258
v 73.107079 7.100622 10.894776
v 74.277824 9.062722 10.755317
v 74.318550 10.205706 11.691232
v 74.602791 11.773655 12.004364
v 74.699097 13.043493 12.124589
v 75.745094 13.312115 10.648186
v 76.258949 15.348970 11.138712
v 75.233162 16.055145 12.223235
v 58.327942 54.235447 4.880037
v 58.295940 52.224636 5.150463
v 58.558247 51.927219 6.497437
v 58.551689 51.763023 8.784962
v 58.259285 50.399990 9.221769
v 58.002499 48.592171 8.846908
v 57.566303 48.324165 10.507740
v 56.392906 61.457691 0.985824
v 53.480999 59.641605 0.369686
v 53.429539 57.906296 0.354876
v 51.532574 58.065533 0.466205
v 51.191860 56.561279 0.471401
v 49.409050 56.730118 0.783085
v 48.383774 58.450008 1.906465
v 47.572472 57.972019 2.743980
v 47.006905 57.781612 3.680686
v 46.494759 58.241100 5.195908
v 46.011478 57.811344 6.617475
v 45.241478 58.012688 8.728972
v 45.068497 58.173489 10.525664
v 45.171600 57.927750 11.565461
v 45.388226 57.543545 12.392357
v 47.707203 59.474075 14.121403
v 46.567425 59.825436 13.304093
v 45.815002 59.046196 12.250723
v 49.486534 58.010952 14.662640
v 49.467880 59.811550 14.625375
v 51.683491 58.433765 13.274098
v 50.108376 59.623192 13.408979
v 55.435192 54.762924 12.984260
v 54.005272 54.871128 13.537287
v 54.350357 56.596378 13.289180
v 53.302975 57.774780 13.392559
v 58.129753 51.549629 10.224802
v 58.386471 53.326443 10.349965
v 57.488953 54.549282 11.538000
v 56.522034 54.883781 12.361164
v 13.200576 84.728638 0.644231
v 11.725548 84.110199 1.145256
v 13.258094 86.075584 0.668507
v 20.904144 92.848404 3.848969
v 18.664473 94.120293 1.543221
v 17.563068 92.375854 0.799655
v 17.735769 90.836403 0.620882
v 15.799980 90.409309 0.369434
v 16.134657 89.199577 0.212677
v 15.190065 88.274002 0.209509
v 13.163654 87.654495 0.697103
v 21.916546 87.397049 8.271526
v 21.943741 86.112701 8.458748
v 21.370914 86.417526 9.319314
v 20.462963 85.264427 10.664447
v 20.804790 83.815598 10.927981
v 20.891287 82.718224 11.085463
v 20.858553 81.347366 11.267876
v 21.016293 80.021172 11.310830
v 10.091373 83.806992 2.351515
v 10.189766 82.330795 2.196536
v 10.141988 81.238808 2.271060
v 9.960740 80.136955 2.329822
v 9.478975 80.133766 3.364288
v 8.257192 77.862030 9.299860
v 8.142776 76.650955 9.169887
v 19.576115 80.133438 12.359566
v 18.120562 79.131706 13.266990
v 18.569998 77.993462 13.314252
v 17.600019 78.048271 13.623868
v 16.008226 78.113358 13.838906
v 14.104283 77.959541 13.669974
v 9.251819 79.957176 5.047791
v 9.013242 79.783791 6.753874
v 9.117830 79.345192 8.160781
v 8.469265 79.012321 8.947271
v 8.185396 76.784515 10.452978
v 8.940867 76.243065 12.225213
v 9.455705 74.712273 12.898283
v 9.459238 73.434372 12.925024
v 12.508762 77.624390 13.556263
v 12.717568 76.407127 13.774539
v 11.587558 76.444214 14.153160
v 11.292432 74.885284 14.031527
v 11.686355 73.773232 14.108354
v 10.465465 73.750435 13.751811
v -29.366098 75.333473 3.356782
v -29.269461 74.613579 2.195897
v -30.429245 74.789238 1.618880
v 45.586834 -99.155891 38.412754
v 46.113365 -99.059044 35.823090
v 46.066433 -98.258125 36.164787
v 46.162338 -97.602676 34.972252
v 46.137840 -97.253059 32.740993
v 46.139057 -96.448517 31.146049
v 46.066380 -96.141922 28.734983
v 46.217335 -94.852524 28.579048
v 46.392654 -93.777351 28.696449
v 46.716469 -92.701454 29.319746
v 47.141056 -91.257172 29.207600
v 46.897633 -91.243576 27.724115
v 46.694969 -90.827492 25.831867
v 59.605671 -49.367554 14.058778
v 60.054199 -48.682339 13.082282
v 59.729679 -50.285435 12.810235
v 59.262238 -52.093273 12.418821
v 58.743855 -53.876472 12.169465
v 58.793358 -53.970947 10.599780
v 58.679699 -53.763931 9.351232
v 58.138168 -53.781647 7.747625
v 72.395233 4.244577 7.002260
v 46.460228 -90.622162 24.444113
v 46.214020 -90.076958 22.970596
v 46.459747 -88.652542 22.789564
v 45.975479 -88.755119 21.107267
v 46.251286 -86.912231 20.645077
v 46.659966 -85.822868 21.370020
v 46.910763 -85.651855 22.217663
v 46.957157 -84.578545 21.542049
v 47.020039 -83.413315 20.769402
v 46.594650 -84.471558 20.009521
v 45.879280 -85.897285 18.772388
v 45.479511 -85.897041 17.707748
v 45.089439 -86.414680 16.997511
v 54.147339 -63.836647 11.327918
v 54.532440 -62.651283 9.829339
v 54.879578 -62.592152 11.269134
v 55.829872 -61.053307 11.176950
v 56.717785 -59.283623 10.707802
v 57.116650 -58.477341 11.628977
v 57.856232 -56.433823 11.552809
v 57.744972 -56.319279 13.113891
v 57.386612 -56.759998 14.282994
v 57.948124 -55.282703 13.776445
v 58.547665 -53.594894 13.525233
v 58.808826 -52.278378 14.005023
v 59.346397 -50.702591 13.961413
v 73.033119 5.612457 7.299224
v 72.961075 5.814314 9.329636
v 72.665825 5.262132 10.492012
v -30.775434 75.669495 2.411154
v -31.561184 76.669556 3.269865
v 75.722397 22.696459 0.369592
v 74.645798 23.957119 0.269024
v 73.605064 25.380087 0.425078
v 72.275146 26.686275 1.031177
v 71.092545 26.864885 1.776307
v 70.447601 26.897720 2.332522
v 69.940865 26.694567 2.782508
v 70.529778 28.096922 3.164683
v 70.328041 28.677011 4.820634
v 70.298164 28.272209 5.944393
v 71.523254 29.177515 7.372829
v 71.676834 27.260954 8.939219
v 70.619522 25.687958 9.454404
v 73.041359 23.757063 11.424658
v 72.254433 25.814690 10.172921
v 71.450974 25.776739 9.741297
v 75.634514 17.190193 11.948366
v 76.713219 18.080063 11.119609
v 76.792351 19.929022 11.344568
v 75.785484 21.516939 11.810895
v 74.398117 21.972923 11.991693
v 73.588692 7.016917 8.425805
v 74.280861 8.554505 8.937310
v 75.077789 10.273358 9.183089
v 74.793137 10.163328 10.642756
v 75.219048 11.269661 10.627610
v 75.887810 12.046482 8.856007
v 76.660049 13.581801 8.518308
v 77.415649 15.274665 9.188564
v 77.032692 16.551388 10.540066
v 76.447487 16.753607 11.203432
v 59.061893 56.411465 4.954740
v 59.148251 54.879360 7.362173
v 58.868134 53.495365 6.885210
v 58.960350 53.363091 8.408556
v 59.532887 61.832008 2.735210
v 57.690392 66.530022 0.956531
v 54.738884 63.786934 0.283338
v 54.997768 62.506371 0.286235
v 53.765865 61.813148 0.218384
v 51.778748 60.728703 0.482023
v 51.740673 59.538105 0.509204
v 50.107910 59.689667 1.069457
v 49.790871 58.207218 0.985385
v 48.552689 60.059616 2.115222
v 47.879852 59.954987 3.102689
v 47.314617 59.155766 3.488354
v 46.908813 59.426273 4.992285
v 46.475231 59.490669 6.400518
v 46.589363 59.576023 7.554112
v 46.218719 58.667385 8.170454
v 45.470074 59.564327 9.191399
v 45.242317 59.280350 10.075397
v 45.519535 59.421028 10.941876
v 47.230675 60.800228 13.521688
v 48.203941 61.195393 14.036221
v 46.718395 61.298927 12.560030
v 46.110668 60.978504 10.602908
v 50.056812 61.409214 14.387395
v 49.037193 62.183430 14.173762
v 53.708210 59.508320 13.032243
v 51.879829 60.191948 13.058671
v 50.590744 61.018753 13.114980
v 56.504505 56.665764 12.360806
v 55.346531 58.087406 12.898096
v 59.047859 54.869377 9.424187
v 58.375576 54.807320 10.572287
v 58.379860 56.452820 10.781700
v 11.720583 85.867340 1.340349
v 10.652508 85.635513 2.299704
v 11.608030 87.424004 1.511407
v 17.227482 95.847359 2.585294
v 16.917116 94.372108 1.274402
v 15.706031 92.656822 0.740462
v 13.932905 91.775078 0.910237
v 13.868604 90.332634 0.503161
v 14.367189 89.478439 0.315344
v 12.876733 89.332031 0.730870
v 11.521216 89.098572 1.817810
v 22.247381 89.219597 7.639685
v 21.323437 88.809357 9.171724
v 21.264719 87.584091 9.279597
v 20.295023 87.764954 10.274458
v 18.936293 86.823997 11.408229
v 19.072445 85.432541 11.703005
v 19.380367 84.347778 11.822032
v 20.011063 83.222160 11.806703
v 20.129131 81.720993 12.034623
v 9.917459 85.439629 3.570134
v 9.652586 84.033508 3.611184
v 9.573754 82.924416 3.579118
v 9.649777 81.907173 3.009388
v 9.376873 81.784294 4.727068
v 8.711698 79.493439 10.477024
v 8.389972 78.127602 10.540716
v 18.785004 81.869904 12.733743
v 16.736652 80.915428 13.293427
v 16.504633 79.312492 13.635660
v 14.317945 79.969521 13.672007
v 11.754267 79.246193 13.208855
v 9.224043 81.439125 6.802298
v 8.894229 81.253685 9.108759
v 8.803050 78.244118 11.737602
v 9.891246 78.071754 13.114184
v 9.814268 76.725685 13.206724
v 10.229989 75.606178 13.573182
v 10.891444 77.873177 13.752878
v 10.393390 76.947639 13.714217
v 46.184040 -98.846275 33.482037
v 46.170471 -99.318542 33.933983
v 46.122986 -98.279793 32.428009
v 46.014603 -98.166397 30.473429
v 45.808121 -97.779594 27.857828
v 45.822777 -96.340805 26.758650
v 46.000824 -94.840668 26.758701
v 46.231785 -93.770233 27.405230
v 46.447372 -92.698151 27.571003
v 46.143372 -92.735847 25.579987
v 45.945442 -92.009544 23.477783
v 58.241856 -55.326279 12.441633
v 58.430958 -54.944885 11.290171
v 58.176636 -55.338848 9.860313
v 58.145725 -54.818306 8.690698
v 45.423885 -91.665329 21.105965
v 45.700043 -90.199249 21.155533
v 45.194645 -90.194084 19.486292
v 45.531414 -88.762268 19.530806
v 45.776611 -87.718529 19.675175
v 45.329426 -88.105827 18.555691
v 45.194920 -87.169281 17.738091
v 44.700089 -89.394180 17.798777
v 55.601978 -61.070602 10.120562
v 56.290829 -59.791489 9.950562
v 56.842628 -58.379814 9.438352
v 57.429775 -57.306419 10.110289
v 73.703438 7.027552 5.936754
v 77.118370 24.763546 0.518777
v 75.688286 24.584646 0.304822
v 75.266792 26.630644 0.411043
v 73.423683 28.301529 0.828518
v 72.180946 28.641701 1.635247
v 71.428375 28.167854 1.996237
v 71.626472 29.947681 2.836764
v 71.164581 29.903759 4.512636
v 71.063843 29.719666 5.837987
v 71.995888 31.287729 5.842703
v 72.447922 31.669889 7.573630
v 73.465019 30.481808 8.728074
v 72.461685 28.956224 8.555977
v 72.880768 27.241423 9.798561
v 72.935791 28.436943 9.239398
v 75.022552 24.034168 11.562399
v 74.085342 25.787764 11.011510
v 73.309380 26.349461 10.529013
v 78.007530 17.624817 9.847040
v 78.084953 19.444674 10.404402
v 77.904678 21.122120 10.767703
v 76.889351 21.224018 11.361118
v 77.062187 22.590136 11.342557
v 75.923088 22.942783 11.713571
v 74.392281 8.298021 6.683727
v 75.125854 9.735858 6.954323
v 75.780785 11.152312 7.188968
v 76.559387 12.803140 6.718348
v 77.397652 14.669885 7.086256
v 78.354019 16.537039 7.327219
v 78.248192 16.737221 8.711412
v 59.784492 57.534203 5.631004
v 59.613415 56.620895 7.547983
v 59.399067 56.206711 9.047400
v 60.443398 65.468231 3.380510
v 60.449684 62.379620 4.034732
v 60.156265 60.876560 4.056683
v 60.055992 67.130569 2.188486
v 60.650944 68.501411 3.096590
v 57.546108 70.334557 0.748319
v 55.729698 68.166641 0.248041
v 55.884289 67.093330 0.374732
v 54.094540 66.182991 0.306342
v 52.882351 64.072891 0.344196
v 53.158028 63.047668 0.321818
v 51.229954 62.601250 0.716744
v 50.377815 61.120289 0.861739
v 49.126179 61.582737 1.825196
v 48.096809 61.373650 3.393549
v 47.427063 60.878460 4.707810
v 47.002850 60.923847 6.485858
v 46.440655 60.592571 7.190038
v 47.084614 61.035477 8.232780
v 46.615116 59.801331 8.514911
v 46.058125 60.588963 9.088216
v 48.100185 62.530682 13.196720
v 47.133720 62.026794 13.122610
v 47.023060 62.666656 11.936195
v 46.386841 62.856930 9.274632
v 46.203293 62.991108 10.443821
v 50.792446 62.772953 14.264606
v 49.642654 63.625549 14.327336
v 48.343731 64.151711 13.025045
v 56.264957 59.694302 12.547993
v 55.094875 61.306316 12.899966
v 53.510693 61.360424 12.970079
v 51.807007 62.035831 12.981065
v 49.043674 62.283966 12.279430
v 57.707508 58.411724 11.852736
v 59.462147 58.024178 9.901522
v 58.602016 58.138786 11.098019
v 10.769499 87.055038 2.293984
v 10.241991 87.134575 3.448702
v 10.608477 88.731461 3.244565
v 14.399812 96.263199 4.135987
v 14.970424 94.581642 1.997341
v 14.288503 93.177124 1.243208
v 12.861624 93.206245 2.140177
v 12.633497 91.685966 1.423392
v 12.747024 90.777596 0.989993
v 11.570914 90.990929 1.985231
v 10.876275 90.825897 3.658956
v 22.088345 89.910576 6.151048
v 21.574936 91.996315 8.405958
v 21.619970 90.142639 8.804652
v 20.580887 90.473274 9.913304
v 20.531982 89.121376 10.053920
v 19.636595 89.439575 10.730757
v 18.538507 88.513321 11.421628
v 17.055584 87.347801 12.115266
v 17.833435 85.845802 12.205776
v 18.244001 84.471436 12.415825
v 18.773165 83.332359 12.457098
v 9.920935 86.822884 4.517027
v 9.768619 85.470154 4.797200
v 9.611398 84.333366 4.813300
v 9.477904 83.192520 4.674688
v 9.313865 83.258125 6.541107
v 9.199155 81.239342 11.294301
v 10.025510 80.004105 12.234206
v 9.011241 79.381111 11.918861
v 17.095268 83.143867 13.002850
v 14.797901 82.593834 13.580405
v 14.769117 81.256546 13.716062
v 13.301346 81.624985 14.028098
v 11.410272 81.116852 13.519631
v 10.377017 79.390732 13.383792
v 9.549655 82.854752 8.514298
v 8.872186 82.807587 9.620406
v 9.218578 82.920013 11.103298
v 9.546887 79.183868 12.678875
v 46.131458 -99.443382 32.494488
v 46.033638 -99.318657 30.799927
v 45.805244 -99.147179 28.458664
v 45.464897 -99.001358 25.789383
v 45.601219 -98.150627 26.336391
v 45.541828 -97.233742 25.274529
v 45.714947 -95.429184 25.140373
v 45.842022 -94.261581 25.171900
v 45.600636 -94.183533 23.540033
v 45.134701 -93.916443 21.255722
v 57.235237 -56.407532 8.187800
v 44.820244 -93.167435 19.754242
v 44.996250 -91.836273 19.720373
v 44.528538 -92.122940 18.548382
v 44.655922 -90.752533 18.287891
v 44.222034 -91.271797 17.600464
v 43.145638 -91.693459 16.022253
v 55.900497 -59.531792 8.561137
v 78.475273 27.300249 0.615680
v 76.821686 26.948715 0.447104
v 76.381187 28.850540 0.454120
v 74.510933 29.598583 0.743519
v 73.195694 30.147118 1.314439
v 72.326820 29.834805 1.703559
v 72.406052 31.391794 2.162771
v 71.984444 31.764168 3.329093
v 71.792496 31.309870 4.331378
v 72.840134 33.070850 4.731425
v 73.075981 33.373077 6.662520
v 72.997330 32.104172 8.348779
v 74.140984 28.144733 10.128611
v 74.651321 30.256483 9.721831
v 74.889305 31.815931 9.280959
v 74.582619 33.508934 8.232416
v 76.245117 24.110613 11.607579
v 76.080612 25.978123 11.258366
v 75.037476 26.487333 11.000547
v 78.914017 17.858355 8.281860
v 79.347267 19.838453 9.034604
v 78.783646 20.580637 10.080901
v 79.255157 22.037968 9.974378
v 78.193298 22.391043 10.762384
v 78.470627 23.863247 10.813590
v 77.318169 24.070131 11.271268
v 77.138283 14.199031 5.227634
v 77.964798 15.863516 5.454961
v 79.043892 18.233532 5.346766
v 79.041000 17.892668 7.040844
v 60.123466 59.080280 5.365938
v 60.124966 58.331413 6.920053
v 60.072571 57.943287 8.146943
v 60.738918 67.149544 2.885175
v 61.226704 67.151955 3.383097
v 61.267464 66.785568 5.365866
v 61.058556 65.198486 5.208148
v 60.896832 63.631821 5.370229
v 60.723640 62.017624 5.402879
v 60.552074 61.203373 5.139343
v 60.367527 60.384296 4.924760
v 60.905918 71.177307 3.006361
v 61.545567 70.120331 5.426492
v 61.350967 68.509171 5.231257
v 58.589260 74.197701 0.646615
v 56.970440 72.505669 0.156833
v 55.528324 71.386497 0.105576
v 55.843124 70.400955 0.272166
v 54.304520 69.404655 0.242062
v 54.071255 67.750847 0.274423
v 52.157570 67.147537 0.572937
v 52.426907 65.973618 0.311508
v 51.355145 64.918495 0.534556
v 49.710098 63.873375 1.437220
v 49.559338 62.755672 1.497169
v 48.748375 63.210697 2.293030
v 48.205944 63.097382 3.563227
v 47.685829 62.877880 5.214922
v 47.279461 62.277954 6.236341
v 47.468639 62.515079 7.540498
v 47.590252 62.443657 8.753909
v 46.890755 64.784935 10.857964
v 46.789700 64.343170 9.317108
v 52.524864 63.899364 13.423237
v 50.739738 64.595459 14.345090
v 47.738396 66.186256 11.867919
v 48.793892 66.894341 13.058553
v 49.601498 65.700584 14.037304
v 57.665497 60.258736 12.099522
v 57.109341 61.122017 12.337597
v 56.454857 62.479336 12.470464
v 54.541561 62.872627 12.944953
v 53.450626 62.390591 13.043638
v 47.972919 64.032074 8.241183
v 58.780033 59.814148 11.180232
v 60.313152 59.607819 8.364710
v 59.622143 59.559120 10.046456
v 10.095386 88.420105 5.291931
v 10.399738 90.572647 5.657847
v 13.493521 95.124481 3.320088
v 12.528658 94.509895 3.969713
v 12.018646 93.211487 3.329196
v 11.833020 92.405807 2.677144
v 11.394196 92.199104 3.435079
v 11.088713 92.399864 4.645506
v 10.881030 92.118713 5.808338
v 21.716002 95.575523 8.280824
v 21.179789 94.401253 9.345000
v 19.926743 93.358582 10.265846
v 20.550821 91.949966 10.046750
v 19.340870 91.700691 10.893240
v 19.447489 90.486206 10.822028
v 17.984804 90.219582 11.466306
v 17.354191 88.752403 11.793305
v 15.801636 88.847466 12.085069
v 16.014048 87.503021 12.363335
v 15.153157 86.338516 12.811515
v 16.732683 86.084183 12.561107
v 16.815071 84.878838 12.901573
v 10.006442 86.997688 5.606096
v 9.779804 85.856964 5.635413
v 9.608408 84.687744 5.742349
v 9.333446 84.998932 7.003105
v 9.272130 84.474609 8.738146
v 10.007682 82.368675 12.550952
v 9.928004 81.222336 12.478967
v 15.397963 84.216187 13.257918
v 13.111049 84.288269 13.424787
v 13.205713 82.803062 13.751939
v 11.788240 82.733932 13.528329
v 9.308594 84.177284 10.429752
v 9.980942 84.472099 11.816860
v 10.770878 83.880783 12.715352
v 45.206856 -98.138412 23.532883
v 44.959820 -99.234741 22.554138
v 45.282642 -96.850800 23.290287
v 45.449493 -95.758141 23.573786
v 45.098442 -95.875771 21.858229
v 44.671352 -95.661713 20.258808
v 44.331444 -94.799179 18.951008
v 44.426128 -93.528725 18.743395
v 44.009598 -93.739204 17.819448
v 43.997379 -92.271927 17.472626
v 43.561905 -95.877060 17.335596
v 79.157394 29.637241 0.416622
v 77.676964 29.663919 0.378093
v 76.604111 30.316959 0.455394
v 75.249199 31.439823 0.873556
v 73.620461 31.246494 1.361054
v 73.645020 32.922138 2.013274
v 72.795036 32.817089 3.112529
v 73.685059 34.764175 3.515261
v 73.854210 34.888161 5.289590
v 73.821640 34.189697 6.290026
v 75.937965 28.396660 10.681715
v 75.125298 29.561752 10.220194
v 75.894524 31.125965 10.136376
v 75.882622 33.712719 9.206083
v 75.524498 34.890671 8.534918
v 75.207748 35.651604 7.836363
v 74.503593 35.466141 6.642609
v 77.581902 25.842188 11.109784
v 76.818764 27.202406 11.008765
v 79.673454 19.402815 7.085870
v 80.719337 21.615248 7.558604
v 80.122322 21.433802 8.871056
v 80.701897 22.993834 8.963491
v 79.960602 24.462381 10.085567
v 79.290771 26.011749 10.680253
v 80.717323 21.694941 5.168090
v 60.563496 60.248829 6.299329
v 61.483665 68.384254 7.164455
v 61.418686 66.815239 7.089398
v 61.240971 65.700806 7.324306
v 61.034988 64.244843 7.048664
v 60.859531 62.843517 7.034146
v 60.720680 61.680538 6.908317
v 61.397251 74.134995 3.311061
v 61.715332 72.426552 5.570732
v 61.654053 71.482567 7.132379
v 61.562099 70.115227 7.022508
v 59.308487 76.556419 1.044454
v 57.165848 76.344162 0.248172
v 56.522106 74.725945 0.170536
v 56.794670 73.751701 0.194747
v 54.800514 73.360703 0.203285
v 53.728733 71.708382 0.288393
v 53.917099 70.735893 0.234338
v 52.136757 70.454727 0.595665
v 52.200672 68.869537 0.638173
v 50.421879 68.448288 1.464313
v 50.474129 66.893906 1.101917
v 50.594444 66.081474 0.907667
v 49.486301 65.735977 1.805516
v 48.889126 64.282768 2.210509
v 48.424862 64.516785 3.164991
v 48.227249 64.425751 4.030657
v 48.029270 64.292427 5.001760
v 47.817284 64.162811 6.254230
v 47.181927 63.831142 6.884237
v 46.975559 66.022293 9.199586
v 46.937195 65.976151 10.245664
v 47.634449 67.444527 10.563648
v 47.107559 65.514465 7.961760
v 51.583782 66.051804 14.016537
v 50.589996 65.809822 14.231089
v 48.739277 68.400658 12.378689
v 49.885811 67.364456 13.702210
v 49.959244 68.626183 13.247650
v 50.616299 66.961678 14.066043
v 58.399460 61.588383 11.644664
v 57.860947 62.053703 12.076211
v 58.410580 63.838009 11.419811
v 56.328541 64.594368 12.333964
v 54.544960 64.212868 12.742572
v 47.872616 65.322968 6.408829
v 59.749512 60.888596 10.074407
v 59.084278 61.956387 11.094123
v 60.625435 61.994587 8.746954
v 9.879678 89.915161 7.187658
v 9.712279 88.445221 7.121529
v 9.954015 87.371353 6.495427
v 10.586399 91.932999 6.781912
v 10.225666 91.587479 8.209522
v 13.097957 96.024010 5.402168
v 12.236855 94.699852 5.349021
v 11.738631 93.508629 4.550174
v 11.601196 93.803741 6.401212
v 10.944974 93.155960 7.744312
v 21.023285 96.188591 9.400074
v 19.785275 97.170418 8.738781
v 20.874689 95.326622 9.641968
v 19.947128 95.400429 10.120287
v 18.093651 94.931473 11.288355
v 18.170179 93.026863 11.415571
v 18.110483 91.765388 11.482471
v 16.924973 91.770615 11.798409
v 16.593224 90.464439 11.853757
v 15.629623 90.975685 12.010207
v 13.978774 90.377159 12.033626
v 13.935391 88.758156 11.933201
v 14.299805 87.724113 12.333257
v 13.141913 87.033844 12.627534
v 13.032215 85.902657 12.926280
v 9.906272 86.193520 6.375136
v 9.339953 86.388084 7.305522
v 9.250038 86.096970 8.790267
v 9.544970 85.900261 10.525277
v 11.360294 85.501663 12.544847
v 10.098112 85.557846 11.615740
v 44.827000 -98.311417 21.663204
v 45.052979 -97.299370 22.317732
v 44.855694 -97.304985 21.324638
v 44.600922 -96.994019 20.359039
v 44.202843 -96.743576 18.993286
v 43.952473 -95.040466 17.908344
v 43.718479 -98.327271 17.953606
v 42.995167 -98.091331 16.497871
v 41.955345 -96.792068 14.820810
v 78.287628 31.071030 0.316995
v 77.029282 31.699648 0.419503
v 75.880173 33.131485 0.743615
v 74.813377 33.401112 1.303882
v 74.434059 34.786373 2.016452
v 74.585663 36.550842 2.893054
v 74.395782 36.545742 3.914387
v 74.419922 36.251221 5.165585
v 77.659210 28.623989 10.869663
v 76.756279 29.958466 10.624353
v 77.587799 31.592443 10.602493
v 76.816650 33.124821 9.966953
v 77.092056 35.198166 9.649548
v 76.262375 36.385098 8.760754
v 75.148132 38.153728 7.010767
v 78.514893 27.256432 10.881412
v 81.768448 22.925718 6.454805
v 81.670731 22.860426 7.274324
v 81.263359 22.751377 7.943854
v 81.647369 24.141132 8.137520
v 81.165367 24.136045 8.859896
v 81.120972 25.412205 9.338356
v 80.355644 27.057089 10.258234
v 79.333603 28.648684 10.767088
v 61.121185 70.200668 8.378067
v 60.980026 68.463882 8.748249
v 60.899284 66.957085 9.086977
v 61.192078 66.079407 8.382435
v 61.030121 64.606171 8.483890
v 60.903194 63.436047 8.710382
v 61.371273 77.662270 3.346690
v 61.994026 75.370216 5.443608
v 61.985157 73.812645 5.281332
v 61.720364 73.980911 6.784437
v 60.964127 73.010506 7.998651
v 61.011616 71.689018 8.238915
v 59.340317 78.498123 1.036138
v 57.618362 78.081406 0.580652
v 55.610268 77.644279 0.363751
v 55.953030 76.572334 0.182490
v 54.922806 75.664307 0.186277
v 52.935081 74.430290 0.447653
v 53.308193 73.467705 0.327636
v 52.280979 72.612228 0.635987
v 50.650349 71.613419 1.577097
v 50.558613 70.275101 1.406704
v 49.941917 70.186424 2.967931
v 49.278416 68.214966 3.258215
v 49.195030 66.881699 2.732552
v 48.802990 65.750191 3.008027
v 48.466301 65.870842 4.196934
v 47.900642 67.108566 7.200264
v 47.659901 67.592926 8.556777
v 47.864449 69.081497 9.232356
v 48.163570 69.090660 10.617962
v 49.011250 70.191345 11.695900
v 52.934544 65.824951 12.774125
v 52.392262 67.809372 12.737536
v 51.445843 68.148483 13.884999
v 50.297245 70.182121 12.692698
v 50.696075 68.371284 13.805724
v 51.625679 69.689743 13.052478
v 59.748749 62.590759 10.317551
v 60.382259 64.364281 9.676814
v 59.555862 66.302208 10.512812
v 58.066807 66.207504 11.434849
v 56.884212 65.894730 11.935816
v 55.552177 66.153343 12.261579
v 54.556107 65.657364 12.523932
v 48.565849 67.387833 5.079101
v 9.810872 89.937492 9.303662
v 9.531013 88.796753 8.514592
v 9.213716 87.474503 8.439288
v 9.510571 87.433105 7.334568
v 10.518801 93.077110 9.335060
v 10.132310 92.019653 9.593997
v 10.801775 90.725815 10.869801
v 14.703414 97.330025 8.228883
v 12.765973 96.386635 6.872145
v 12.316398 95.285744 6.319759
v 11.983881 95.156677 7.721237
v 11.593184 94.257149 8.020336
v 11.611435 94.844398 9.539457
v 19.468908 96.821709 9.810554
v 17.858700 96.622566 10.621155
v 15.521773 96.196114 11.940548
v 16.363346 95.009171 12.008608
v 16.324518 93.517380 12.000594
v 15.826592 92.146088 12.052532
v 14.781107 92.286842 12.228746
v 13.288682 91.805412 12.529030
v 13.307572 90.790535 12.538892
v 12.503769 90.456039 11.555066
v 12.513490 89.061325 11.509092
v 13.025261 87.900589 11.928065
v 11.225169 87.377190 11.771229
v 12.350707 86.289787 12.237468
v 9.579935 87.748955 10.203734
v 44.320549 -99.271248 19.788300
v 44.591072 -98.079842 20.499071
v 44.264347 -98.224678 19.358774
v 44.073181 -99.188995 18.827608
v 43.817562 -99.342117 18.287947
v 43.242146 -99.412918 17.028555
v 42.491714 -99.281090 15.620844
v 41.787579 -99.216599 14.475064
v 41.712254 -98.025497 14.392864
v 79.420555 32.283833 0.316175
v 78.025398 32.374565 0.346274
v 77.273415 34.283142 0.567333
v 75.384270 34.508751 1.137514
v 75.784348 36.389141 1.578514
v 75.437126 37.832973 2.551644
v 75.306236 38.107891 3.471982
v 74.984909 37.654636 4.002122
v 74.957237 37.613892 4.992742
v 78.553543 30.150871 10.908709
v 79.334526 31.751511 10.770904
v 78.414696 33.541214 10.457696
v 77.656013 33.951603 10.168060
v 78.501602 36.017780 10.001691
v 75.853455 39.456970 4.873551
v 83.131943 25.207781 5.618765
v 82.328522 23.940281 6.853950
v 82.931946 25.861807 7.275902
v 81.910141 25.614664 8.544751
v 81.983253 27.135799 9.243935
v 81.277924 27.970644 10.012545
v 80.827187 29.944822 10.434566
v 60.085114 71.805481 9.243398
v 60.207912 69.919586 9.688535
v 60.533955 68.870590 9.397707
v 60.379345 67.708801 9.673573
v 60.410103 80.485245 2.053005
v 61.415844 79.905037 4.949754
v 61.901649 77.952263 5.431426
v 61.960491 76.913818 5.287909
v 61.665806 76.672905 6.935354
v 61.640537 75.185036 6.968891
v 60.659687 74.927795 8.375636
v 60.152592 73.380913 8.957490
v 57.923355 79.990280 1.002433
v 56.158684 79.284767 0.840358
v 54.175488 79.245461 1.386269
v 53.746281 77.811821 0.628714
v 54.123428 76.872398 0.488845
v 52.251678 76.179993 1.290768
v 51.712273 74.564285 1.233090
v 51.568512 73.756165 1.054356
v 50.764515 73.621399 2.453846
v 50.267849 71.855515 2.886238
v 50.082703 71.876923 4.622582
v 49.418968 69.902336 4.916944
v 49.169994 68.942596 4.102153
v 48.764668 68.641159 5.610237
v 47.984436 68.787422 7.216803
v 48.495754 67.612396 7.664703
v 48.040726 70.587662 7.616054
v 48.194889 70.665329 9.288989
v 48.495644 70.079041 10.438707
v 49.043736 69.163795 9.920661
v 49.114742 71.930084 10.452058
v 49.837677 71.858398 11.560058
v 50.587322 71.780457 12.157966
v 54.173107 67.601990 12.252910
v 52.929424 69.184769 12.176627
v 52.203278 68.901161 12.091505
v 51.970570 71.718628 12.570084
v 52.850033 70.592491 11.808528
v 59.628181 68.107620 10.427460
v 58.288963 67.593063 11.231483
v 56.920616 67.504868 11.863255
v 55.749546 67.155586 12.073401
v 10.536957 89.319237 11.003194
v 11.013726 93.308472 10.465948
v 10.608397 92.309799 10.387854
v 11.260667 92.276985 11.435235
v 11.252914 90.714516 11.568869
v 12.549179 96.284676 8.497405
v 12.740832 96.485512 9.576827
v 13.152098 96.394478 10.863870
v 15.111223 97.475121 10.674321
v 17.753864 97.678375 9.768496
v 11.641304 94.819298 8.405148
v 12.217583 94.839752 11.344868
v 11.588467 93.776512 11.147132
v 14.105137 96.531914 11.708780
v 13.574427 95.072189 12.180164
v 15.271903 94.852654 12.324183
v 14.883258 93.814911 12.464130
v 13.771710 93.364502 12.550406
v 12.444207 93.346001 12.072473
v 12.013618 91.795448 12.046483
v 11.851823 90.771645 11.960946
v 11.807577 89.556480 11.856603
v 11.308993 89.509109 11.668813
v 80.053513 34.675182 0.385330
v 78.783012 34.422512 0.393651
v 78.426865 36.267765 0.513976
v 76.948608 36.218075 0.816220
v 76.681572 37.651615 0.960176
v 76.389160 38.969448 1.945963
v 75.988899 39.056473 3.198667
v 80.897758 32.390282 10.695883
v 79.980217 33.686218 10.678440
v 79.185349 34.190685 10.492428
v 80.038307 35.652519 10.249380
v 79.766136 37.626400 9.882669
v 77.175789 40.880589 3.239349
v 77.197205 41.520622 4.717622
v 77.098930 41.658550 6.493530
v 84.268585 27.485744 5.808472
v 84.323639 27.530382 6.269104
v 83.579163 27.305939 7.619158
v 82.813263 27.145830 8.350486
v 82.807106 28.375467 9.081387
v 82.275421 29.718136 9.828246
v 82.226410 32.200417 10.221881
v 58.918034 73.609360 9.866635
v 58.870499 71.833466 10.267443
v 59.137348 70.508896 10.338693
v 59.349506 69.386589 10.433374
v 59.539906 82.195152 2.794963
v 58.938866 81.202904 1.622108
v 60.533867 82.028419 6.910026
v 61.381413 79.779793 7.144555
v 61.774364 78.442284 6.687375
v 61.006618 78.193810 8.201109
v 60.916050 76.606506 8.293187
v 59.970844 76.683929 9.291026
v 59.561344 75.195625 9.456953
v 57.343075 81.728767 1.781376
v 55.430576 80.828819 2.069229
v 53.285805 80.800262 3.335898
v 52.666695 79.276154 2.329925
v 52.582710 78.173195 1.414999
v 51.505692 77.790413 3.035313
v 51.066803 76.342262 2.323953
v 50.982105 75.307526 2.505706
v 50.537540 75.062706 3.833710
v 50.517475 73.528809 4.469059
v 50.257450 73.554901 6.139355
v 49.667278 71.799606 6.452922
v 49.198109 70.386902 6.163581
v 49.029884 69.294868 6.164378
v 48.666653 72.377449 7.475050
v 48.428001 71.796379 8.752722
v 48.851799 73.643181 9.090832
v 49.768974 73.775124 10.745762
v 50.711765 73.427635 11.627061
v 51.675903 73.107971 12.222581
v 55.304604 68.649605 11.938149
v 54.493961 70.420639 11.636564
v 53.507946 72.137489 11.531958
v 52.764816 73.458031 12.043006
v 58.220047 69.192787 11.100578
v 57.174438 68.587326 11.622144
v 56.373878 68.681229 11.805878
v 81.983803 37.769810 0.722234
v 80.618431 36.763412 0.473877
v 79.202103 38.102974 0.499278
v 77.946396 37.844772 0.603551
v 77.741974 39.207420 0.928794
v 78.003914 40.877338 1.597111
v 81.728561 33.826744 10.465197
v 80.792900 34.370968 10.517830
v 81.617508 36.282684 10.099992
v 80.627419 37.240440 9.987343
v 81.244209 39.294525 9.653707
v 80.324112 41.004742 9.046548
v 78.329292 42.479939 2.155000
v 77.891037 42.602219 3.365324
v 77.608131 42.173119 4.044805
v 78.283607 43.466244 5.073050
v 78.676933 43.741646 6.950150
v 84.608025 29.279249 7.298817
v 85.124275 29.848175 6.221360
v 83.756470 28.463572 8.069327
v 83.614494 30.036880 8.980563
v 83.474068 32.117825 9.484286
v 83.149963 33.329502 9.859552
v 82.849144 34.708469 9.995026
v 58.523003 75.641884 10.130461
v 56.838341 74.364609 10.629163
v 57.431896 72.901100 10.716059
v 58.237797 72.338081 10.553289
v 57.808872 71.063377 10.989530
v 56.854145 83.707306 4.583936
v 58.062202 82.750549 2.313407
v 59.123070 82.559753 7.709484
v 60.017231 80.925621 8.597223
v 60.876522 80.084305 8.189759
v 60.234501 79.255135 9.069320
v 60.161591 78.082886 9.168331
v 59.172752 78.226532 9.817645
v 59.017189 76.846626 10.000636
v 57.289852 82.813660 2.462067
v 56.712528 82.737595 2.803149
v 55.269032 82.390617 3.423391
v 54.094669 82.033241 3.357216
v 52.181423 79.685577 3.510960
v 52.194180 80.573311 4.620972
v 52.537254 81.413025 5.519080
v 53.511105 82.186172 4.467693
v 51.366974 79.174362 5.239428
v 49.748260 76.413986 5.516013
v 50.606750 76.499901 3.410517
v 48.706394 74.185547 7.371599
v 48.599342 75.167610 8.147381
v 49.081341 75.493408 9.368236
v 49.983070 75.098473 10.468644
v 50.910698 74.973213 11.406821
v 52.312386 74.906578 11.945620
v 51.529327 74.890587 11.824698
v 56.363277 69.883385 11.556229
v 56.271210 72.021843 11.114552
v 54.874252 73.254311 11.042774
v 53.754021 73.489449 11.112759
v 53.895702 75.018906 11.007532
v 80.888412 39.356503 0.607572
v 79.324226 39.342827 0.546367
v 79.600105 40.750889 0.750307
v 79.799408 42.648083 1.269354
v 83.090805 36.806789 9.942664
v 82.828377 38.331398 9.822126
v 83.320152 40.445736 9.558217
v 82.625153 41.788216 9.387831
v 81.383705 42.112156 9.053998
v 79.664581 43.886272 2.345227
v 78.701920 43.624676 3.178682
v 79.731079 45.061310 3.761676
v 79.143150 45.866798 5.379895
v 78.825996 45.511604 6.386510
v 85.315659 30.793198 7.064514
v 84.570732 30.383577 8.086142
v 84.735191 31.965195 8.372448
v 84.349289 33.195366 9.056340
v 84.046951 34.355900 9.455207
v 84.158936 36.324249 9.412072
v 58.016914 77.196243 10.297061
v 56.482456 76.565460 10.526723
v 55.392208 75.192528 10.750375
v 58.340195 83.669609 7.968177
v 58.513596 82.435097 8.807648
v 59.001392 81.211502 9.179406
v 59.411121 79.876511 9.591220
v 58.013275 79.798615 9.960607
v 57.985447 78.351219 10.163777
v 53.264317 82.563004 5.854566
v 51.720196 80.296043 6.495337
v 52.557648 81.672318 6.342594
v 51.594151 81.560173 7.168570
v 50.359215 79.311272 7.592310
v 49.819790 77.750618 7.034324
v 49.020569 76.124542 7.305320
v 49.363663 77.002411 8.639172
v 50.070267 77.021980 10.035668
v 50.355545 76.388832 10.539674
v 51.393604 76.452492 11.402206
v 52.053471 76.040916 11.958309
v 53.193558 77.768906 11.737940
v 54.816154 76.639877 10.818894
v 83.238022 39.495148 1.226929
v 82.567101 42.049366 1.190391
v 81.085007 41.040154 0.583288
v 81.321945 42.522408 0.860212
v 81.343399 43.959637 1.418831
v 80.518471 43.952053 1.795619
v 84.223610 37.783985 9.434458
v 83.614693 38.054214 9.757468
v 84.801468 39.709766 9.262438
v 84.658913 41.996998 9.419246
v 83.684868 41.871181 9.532560
v 83.879791 43.517849 9.451964
v 82.243462 43.466816 9.110077
v 81.090355 45.075741 2.650822
v 80.968491 46.115902 3.818592
v 80.291206 46.625862 4.608935
v 85.815239 31.970879 6.545972
v 85.565697 31.930588 7.284506
v 85.726563 33.102535 7.791872
v 85.209030 34.263779 8.635059
v 85.328888 36.159771 8.605832
v 85.516899 38.180050 8.587904
v 56.808197 78.326279 10.374789
v 55.169781 78.624840 10.647844
v 56.965145 83.892136 8.110526
v 57.053013 82.672798 9.260129
v 58.113522 81.441719 9.571166
v 57.106583 81.136917 9.820322
v 56.361328 80.089241 10.138620
v 53.019699 83.608017 7.203514
v 52.195118 82.689384 7.304360
v 51.147739 80.904022 8.795464
v 51.864624 82.625717 8.400899
v 50.342995 79.437141 9.200553
v 49.933403 78.469353 8.735374
v 49.600315 78.158035 7.982121
v 50.403194 78.420822 10.154244
v 51.452095 77.977234 11.240006
v 53.936840 80.658127 11.618411
v 53.302059 79.554039 11.872179
v 52.640335 79.940475 11.707198
v 82.305298 44.463551 1.982472
v 86.297142 39.910580 8.337095
v 86.486107 41.199776 8.515660
v 86.314995 42.706573 8.994425
v 85.387749 44.513702 9.136899
v 84.308418 45.505329 9.261883
v 82.497269 47.040829 5.160324
v 86.295280 33.840405 6.936116
v 85.834724 31.889156 5.064792
v 85.977196 34.345001 7.937504
v 86.387367 35.848728 7.667003
v 86.638321 37.808044 7.478921
v 87.077110 39.606747 7.407574
v 55.264992 80.909676 10.211743
v 54.202480 83.518929 9.820924
v 55.809937 81.743156 10.029935
v 52.959789 83.535431 8.716805
v 51.763817 82.431488 9.650218
v 52.047997 81.528000 10.560482
v 50.772919 79.911697 10.327408
v 51.492607 79.569466 11.171490
v 54.394192 82.221207 10.943486
v 53.216213 82.069084 11.175729
v 53.112835 81.059952 11.573245
v 52.693489 81.208527 11.353276
v 87.302864 41.196362 7.645987
v 87.532944 42.690563 8.051219
v 87.571846 44.448063 8.282771
v 86.787300 45.142124 8.827167
v 85.800148 46.395756 8.305091
v 84.784142 46.526043 8.786144
v 83.334091 44.349606 2.527006
v 84.902504 43.054970 3.188516
v 83.789711 47.970036 7.781330
v 86.624138 34.806255 6.613214
v 86.804977 35.847511 6.304488
v 86.895096 37.327229 6.581008
v 87.393242 39.374504 6.332486
v 87.954269 41.268162 6.573113
v 88.143059 42.584641 6.914734
v 88.487350 44.413406 7.142507
v 88.055351 45.229420 7.947421
v 87.376427 46.259815 7.832380
v 85.797539 46.673698 7.006442
v 86.422760 45.053761 5.749991
v 87.511635 42.099270 5.433689
v 86.812851 37.501316 5.202801
v 88.102562 45.969574 7.041439
v 36.489822 -97.300034 9.458696
v 37.054863 -98.009109 9.843589
v 37.982807 -98.156456 10.545693
v 39.156868 -98.007614 11.571819
v 40.279060 -98.273453 12.631062
v 41.200405 -98.064072 13.732365
v 40.864277 -99.216225 13.230649
v 39.722794 -99.260666 11.983231
v 38.422493 -99.283417 10.816734
v 37.001621 -99.243431 9.745322
v 35.533234 -99.181374 8.726143
v 34.031387 -99.144737 7.797334
v 44.957573 -70.577110 3.927419
v 40.569538 -87.836014 12.044989
v 46.448833 -74.485878 10.022430
v 45.444725 -78.698570 12.772985
v 40.365269 -93.530434 12.804967
v 43.380360 -77.611130 9.369160
v 56.754276 -52.160923 5.388789
v 38.168068 -96.205261 10.838878
v 54.891064 -57.230904 5.512114
v 43.482162 -81.137810 12.158511
v 50.472790 -65.996986 6.531656
v 40.216888 -96.814598 12.716215
v 42.133690 -80.028069 10.353015
v 36.710674 -95.750832 9.687192
v 54.260513 -61.115932 7.515182
v 44.465027 -83.409393 14.387337
v 45.144913 -81.997360 14.673764
v 52.955276 -56.067005 2.973542
v 54.001293 -53.737259 3.170101
v 41.391113 -90.230133 13.377093
v 42.722828 -87.156067 13.994443
v 39.940228 -90.923897 12.081422
v 48.399265 -70.380692 8.004130
v 50.016273 -69.131866 9.593593
v 48.583389 -72.157799 11.218171
v 43.688602 -84.133591 13.826046
v 46.915577 -76.508926 13.396931
v 46.486103 -71.643906 6.558910
v 47.720642 -68.080742 4.822345
v 47.557060 -74.462311 12.349346
v 44.458923 -74.030663 6.807305
v 56.831070 -54.927990 6.655040
v 51.457703 -67.038422 9.759460
v 52.814205 -64.150253 8.432691
v 52.661442 -61.673744 5.621649
v 50.760437 -62.265369 3.732154
v 49.003036 -64.360077 3.374090
v 51.952236 -58.704689 3.078926
v 56.931316 -44.895660 3.369906
v 57.412060 -47.864693 4.616323
v 57.653316 -42.445774 3.489092
v 58.544025 -39.374947 3.538233
v 59.505913 -36.444077 3.620652
v 60.443253 -34.534618 3.955752
v 60.928272 -30.960819 3.627927
v 61.866795 -27.812614 3.785349
v 67.742691 -1.020377 3.798827
v 83.294189 27.022306 3.694455
v 86.255119 40.117435 3.701194
v 67.473122 1.308212 2.612176
v 68.088821 -4.416446 6.863542
v 81.575630 25.040527 3.095035
v 84.408157 29.312551 3.970094
v 74.741043 11.309328 3.719335
v 74.282524 18.761505 0.590843
v 71.639267 5.840725 3.681989
v 83.520882 34.640705 1.933970
v 70.350182 1.957839 5.516485
v 73.753983 8.952927 4.049369
v 76.102470 15.979129 2.301657
v 81.852676 29.115540 1.599811
v 77.822227 20.592716 1.908983
v 69.613571 -0.333730 7.019329
v 84.795891 39.241413 2.506070
v 85.339783 37.285431 3.254681
v 84.087708 37.426826 2.004097
v 85.219749 34.626339 3.586854
v 83.942818 31.010006 2.793414
v 84.675690 32.317612 3.357174
v 82.186478 36.250172 0.976425
v 81.614494 35.070518 0.860380
v 83.034119 37.118732 1.294509
v 81.263657 31.141420 0.980628
v 80.461151 30.037703 0.799730
v 72.853790 6.139876 5.229519
v 72.728760 7.326648 3.792793
v 71.287582 2.297299 7.171612
v 71.579483 3.279047 6.216161
v 81.624878 33.121536 0.988173
v 82.776108 31.277166 1.762831
v 80.373940 28.203829 1.082604
v 77.083084 22.374821 0.933716
v 76.366692 21.105434 0.867218
v 79.547073 22.481773 2.739308
v 78.232704 22.933050 1.435057
v 79.291077 24.752523 1.577857
v 72.161705 8.942729 2.374713
v 72.003860 10.796176 1.658314
v 75.667435 17.776814 1.290542
v 76.075615 19.436487 1.092996
v 77.053902 18.144302 2.154410
v 71.330444 7.791664 2.324659
v 78.274651 18.751711 3.301383
v 79.165779 20.282707 3.654727
v 72.432281 12.616271 1.291872
v 81.446068 27.141474 1.933415
v 82.417564 27.419950 2.580887
v 77.719528 16.964722 3.710365
v 76.455353 14.384385 3.672378
v 77.171684 15.399741 4.032588
v 80.328461 26.408667 1.592365
v 75.094322 10.285225 5.375822
v 75.410820 10.774746 5.708870
v 74.726715 9.617187 5.315417
v 69.905487 7.186261 1.870962
v 69.585434 5.101324 2.558677
v 76.092087 12.964697 4.506119
v 75.173203 13.737718 2.594346
v 75.805794 11.740437 5.519466
v 74.591560 16.938927 1.009846
v 72.501465 5.207471 5.668763
v 73.562607 13.571129 1.494339
v 74.033943 15.349709 1.205639
v 69.357246 3.336835 3.351960
v 68.659363 2.155448 3.432267
v 71.933578 4.453544 5.310193
v 70.947609 1.701031 7.221372
v 70.572762 1.012346 7.542899
v 83.258781 29.162144 2.697673
v 68.822235 0.627881 4.496361
v 69.161011 -1.975315 8.407794
v 70.867607 3.961030 4.287735
v 68.257927 -4.570384 8.764441
v 68.660660 -3.337083 8.517632
v 68.802155 -2.182997 6.914050
v 67.977287 -5.380217 8.377150
v 84.562111 36.007996 2.620081
v 85.877052 35.739773 4.228592
v 83.771835 32.465591 2.330366
v 84.890564 40.735241 2.612416
v 83.018677 32.836330 1.728160
v 72.959404 9.809322 2.614021
v 73.327736 10.896373 2.473056
v 73.563118 12.144719 2.080261
v 68.600243 6.035382 1.726732
v 74.221710 12.654590 2.314246
v 68.720680 -0.881609 5.484493
v 68.374557 -2.037208 5.723554
v 85.959633 34.625240 4.590988
v 11.110127 11.490825 2.689106
v 10.134496 12.320022 5.766888
v 9.758312 12.847302 9.326148
v 9.766134 12.873951 12.658440
v 10.005596 12.530861 15.806936
v 10.289375 11.672885 18.698765
v 11.177589 13.238157 18.016546
v 10.589478 13.516907 14.750728
v 10.225373 13.623388 11.466344
v 10.401532 13.588995 8.058877
v 11.277443 13.644817 4.875261
v 12.040418 13.599351 2.407594
v 34.794289 9.071122 19.119907
v 35.069393 10.199742 18.469206
v 34.702888 11.094500 17.129288
v 33.586124 10.212581 18.083380
v 34.278580 12.187481 15.263288
v 33.765060 12.979180 12.954182
v 33.321999 13.378638 10.608598
v 33.333241 14.111218 8.052605
v 33.552895 13.774671 5.185417
v 33.776287 12.733792 3.411651
v 34.246059 12.500611 2.521969
v 34.496109 11.740046 1.874845
v 33.472313 10.201327 1.255698
v 33.194592 11.657138 2.522452
v 32.781734 12.625936 4.277783
v 32.664181 13.227231 6.506768
v 32.650864 13.312667 8.967959
v 32.728172 13.087921 11.462607
v 33.025017 12.509201 13.985650
v 33.209709 11.605116 16.163832
v 53.844929 5.541675 5.017439
v 55.598675 6.224924 6.082177
v 55.126102 4.480676 8.734456
v 59.709682 8.262043 11.102303
v 59.523510 5.799178 13.225468
v 57.328747 6.869943 8.079820
v 58.666656 9.091134 7.532139
v 57.537796 7.940051 5.894883
v 57.332703 5.934805 9.514315
v 57.355217 4.996440 10.913241
v 57.680805 4.130272 12.394417
v 59.910358 10.542603 8.905315
v 58.334389 7.333203 9.463017
v 58.898392 8.553765 9.122393
v 58.603741 6.342026 11.230705
v 58.237305 6.598506 10.230855
v 59.589787 10.921003 7.180093
v 60.913929 11.022204 10.473283
v 61.140747 10.105553 11.754674
v 61.371876 9.486843 12.716839
v 60.981407 8.270324 13.101466
v 60.829525 7.311551 13.705092
v 36.963951 30.246967 10.808687
v 35.935589 27.154358 12.773602
v 34.324863 19.001535 7.704526
v 34.854832 20.703480 5.203450
v 35.899033 15.550962 16.082891
v 35.194542 24.894238 9.258982
v 35.046452 23.150633 6.373955
v 34.560726 16.247131 12.805716
v 33.879719 15.334426 10.449179
v 34.313297 17.610910 10.789386
v 34.019093 16.769840 8.557133
v 34.549870 20.296341 11.023515
v 34.738667 18.742508 12.596922
v 35.805305 26.951916 9.071795
v 35.596809 26.356003 10.745555
v 36.008312 27.684099 10.660577
v 35.647163 26.213989 8.013491
v 36.855503 30.158140 12.210605
v 36.464890 28.981457 11.549367
v 34.484924 13.630282 14.371673
v 34.934704 15.004564 14.524037
v 34.322105 14.425054 13.326072
v 35.020702 22.869661 11.718470
v 34.589630 22.068241 8.918535
v 35.441311 24.937830 11.893326
v 35.474426 25.310383 7.180255
v 35.317337 16.606232 14.717875
v 35.203644 18.074007 14.095548
v 35.251591 22.363354 4.934256
v 35.406250 20.028072 3.817016
v 35.000141 19.124369 4.278544
v 34.574203 18.183001 5.520444
v 33.993145 15.991785 6.451016
v 34.437599 15.882175 4.518270
v 34.513046 21.022488 7.113787
v 34.348309 14.188066 3.563497
v 33.940361 14.413292 12.012847
v 34.372124 13.298317 2.886095
v 34.282974 18.635092 9.461065
v 34.944473 20.428179 12.689485
v 34.332485 19.883335 9.257357
v 35.209850 21.947145 12.919687
v 34.715195 22.269806 10.493028
v 34.947433 23.564480 10.470539
v 34.363693 20.492552 8.353503
v 35.009476 23.890024 7.904074
v 34.495358 19.765900 6.318423
v 34.208538 17.451864 7.034830
v 34.849159 15.426781 3.355163
v 35.497150 23.582560 13.087202
v 35.633579 22.890223 13.844449
v 35.736370 9.517807 19.136074
v 68.675636 21.172287 11.944290
v 67.543388 22.488136 9.731631
v 67.948997 21.810055 10.887541
v 67.537460 23.282381 8.655669
v 56.351749 -1.335519 15.418190
v 80.995003 45.845596 6.620273
v 83.607368 46.940987 7.715990
v 82.540443 45.500900 8.151752
v 82.862053 46.428028 7.478433
v 82.894737 44.562241 8.855158
v 80.538849 43.985973 7.964405
v 80.414536 43.101612 8.263944
v 79.587921 39.637066 9.037995
v 79.411606 42.109447 8.050210
v 81.517754 44.723469 8.061589
v 80.073975 44.782055 7.224536
v 76.711922 39.488884 7.060505
v 78.119278 39.600407 8.246211
v 78.788818 40.836205 8.178498
v 77.970535 37.112885 9.267275
v 77.270470 38.117668 8.408848
v 77.643005 40.469551 7.488403
v 78.722878 38.664764 8.983775
v 78.398949 37.925144 9.118689
v 10.983010 17.209894 7.717308
v 11.490926 20.773460 6.676090
v 10.802938 18.546259 10.322696
v 11.677350 18.141562 5.253540
v 10.689195 15.620973 7.866426
v 10.512661 15.816988 9.515685
v 11.486451 15.904487 4.634167
v 11.842286 16.685823 3.677208
v 11.793086 15.173727 3.503293
v 11.046027 15.717405 6.325784
v 12.127336 20.123775 5.112472
v 11.072489 23.598370 8.947552
v 11.204578 22.484156 7.759974
v 10.502004 15.688016 15.032427
v 10.389199 15.771118 13.591264
v 10.457301 17.584963 12.888050
v 10.418055 16.249006 11.608458
v 10.669843 15.389903 16.141191
v 10.559630 20.152487 13.407887
v 10.547804 19.121744 13.161301
v 11.245572 21.181055 8.291347
v 11.220694 19.002192 7.605950
v 11.176106 20.149693 8.571212
v 31.976744 12.633204 15.194919
v 32.017284 13.303039 13.013125
v 31.906076 13.700952 10.893262
v 31.905933 13.685129 8.761860
v 31.832844 13.432991 6.442382
v 31.643854 12.823771 4.114875
v 31.737692 11.447101 2.272897
v 30.655235 12.685144 2.556310
v 30.612909 13.981441 3.745291
v 31.021971 14.158726 5.448083
v 31.196207 14.626586 7.640357
v 31.243225 14.847050 10.003272
v 31.236887 14.553588 12.260757
v 31.159731 13.943524 14.379097
v 8.846024 11.059319 19.634016
v 8.896043 12.066688 16.974184
v 8.795412 12.734484 14.128663
v 8.700174 12.986329 10.913458
v 8.804703 12.636039 7.542433
v 8.918396 11.775082 4.672045
v 9.183955 10.605520 2.459743
v 7.790822 10.500138 1.780058
v 7.506087 11.631614 3.168003
v 7.459493 12.933177 5.793965
v 7.453153 13.739470 9.192220
v 7.208294 13.929027 13.052022
v 7.748847 12.888727 15.777052
v 7.207432 12.350977 18.207682
v -6.030761 34.417072 8.730970
v -25.373314 69.854431 3.167481
v -4.620038 31.769899 8.877028
v -7.713607 36.817413 7.445187
v 4.335122 15.107255 3.104197
v 2.858223 20.132675 6.272718
v 3.493637 15.811182 2.557771
v 4.504621 16.707741 5.823302
v 4.301318 16.153200 4.283560
v -19.916922 56.737835 3.625608
v -10.564816 38.639797 3.679131
v 1.383452 20.954863 4.465587
v 4.647129 17.229841 9.874697
v 5.571091 14.720993 5.121986
v 3.046263 16.235039 2.424247
v 3.452804 16.629921 3.130391
v 3.602048 17.813698 4.477645
v 0.080299 23.897776 6.986471
v -16.046593 48.810520 4.364884
v -16.939789 50.831287 4.504386
v 3.365955 18.999702 5.254866
v 3.840126 18.411797 6.205222
v -13.898721 44.664433 4.247317
v -15.089826 46.754601 4.208496
v -20.320181 58.724312 4.535054
v -18.447098 54.843132 4.925359
v -17.978739 53.155464 4.398902
v -19.383755 54.726505 3.107568
v -20.526855 55.920197 2.397271
v -11.230967 41.195957 5.012955
v -6.292216 33.200874 6.586219
v -7.537683 35.055870 5.862111
v 5.480884 13.792644 3.398380
v -4.736449 29.431374 5.629274
v -5.365668 30.772511 5.905682
v 4.817277 16.795746 12.180236
v 3.814607 18.187582 12.279340
v -5.923673 32.084938 6.167586
v -12.270855 39.260387 2.107225
v -11.837230 37.802822 1.865399
v -13.081965 42.704758 3.655220
v -12.102452 40.588230 3.092226
v -9.243333 35.772861 3.610740
v -8.838127 37.459473 5.613056
v -0.212914 24.352982 9.527581
v -1.437760 25.882895 7.946549
v 3.645332 19.113668 8.332056
v 4.400604 17.463394 7.534109
v -30.067543 76.224640 6.204286
v -29.995224 76.431602 7.238107
v 6.502745 13.073277 4.011547
v -29.000816 75.442001 5.533690
v -27.554722 73.733612 5.314601
v -0.544777 23.785486 5.024332
v 0.517488 22.696156 5.296730
v -30.651999 76.204918 4.772853
v -26.539223 72.123772 5.006568
v -22.122869 62.030121 4.094798
v -22.903868 64.080307 4.162503
v -21.688707 60.389511 3.522222
v -21.195896 58.555550 2.950448
v -24.805805 69.284729 4.574927
v -25.629372 70.695656 4.767616
v -24.137705 67.734016 4.457025
v -23.499054 66.024055 4.354827
v -1.262943 25.036623 5.801533
v -2.702122 26.673210 5.726050
v 6.566124 13.349934 16.974104
v 6.085077 12.655829 2.802806
v 5.928190 14.906874 14.494195
v 5.465409 15.710429 13.452522
v 6.224113 14.157017 15.710501
v 2.254996 21.193874 8.982674
v 2.969396 19.710278 11.023264
v 6.447071 14.442200 7.290160
v 1.909932 19.605780 3.735781
v 2.717031 19.369839 4.447948
v 6.033946 15.293837 8.986871
v 6.018440 15.409244 11.130943
v -4.117746 28.241924 5.264977
v 1.519145 22.059368 6.770013
v -10.867674 36.532867 2.194605
v 0.983850 22.896851 8.948924
v 5.285746 15.938059 7.436118
v -13.852673 45.880936 5.536891
v -9.916267 39.389618 5.536878
v -2.493856 27.512577 8.251649
v -21.964867 62.950069 5.298653
v -3.152764 28.079777 6.969975
v 29.991632 17.634832 8.301395
v 29.802073 16.721371 4.936091
v 28.339603 20.154341 5.230073
v 30.633205 16.067280 12.111410
v 30.705015 15.016594 14.354378
v 31.048050 15.267014 11.294302
v 30.819614 15.145797 13.489105
v 30.812275 15.910222 10.682918
v 27.885248 21.398554 5.742453
v 27.643335 21.222887 4.808351
v 30.705212 16.141850 9.376826
v 30.169197 15.229204 3.957501
v 30.520800 15.047677 4.835957
v 30.156330 16.784475 6.778134
v 29.516422 18.167751 6.508217
v 29.035995 18.654455 5.177774
v 29.048668 18.037985 4.182631
v 28.475079 19.217649 4.104253
v 30.634354 15.479182 6.242162
v 30.676262 15.944658 7.868097
v 29.185413 17.182034 3.616328
v 29.589363 15.879456 3.344743
v 30.043415 14.651417 3.115275
v 30.208839 13.726051 2.635664
v 27.940868 21.852819 6.736526
v 28.450062 20.640493 6.552651
v 28.901951 19.473602 6.215920
v 27.892460 20.326054 4.095537
v 31.035982 15.298085 8.746504
v -61.030594 5.471066 6.386103
v -65.562042 5.598462 7.774513
v -63.078247 5.938742 8.071511
v -64.268211 5.536655 6.524717
v -63.830208 5.107652 4.971417
v -59.338875 4.476216 4.403787
v -58.377346 4.967667 6.038383
v -57.499817 3.921584 4.445091
v -31.756372 -16.537119 12.408814
v -29.973211 -19.310663 7.458236
v -38.172817 -12.752556 6.302842
v -36.006310 -14.571827 6.795593
v -35.203644 -15.637250 6.374687
v -26.593706 -20.080978 12.928689
v -26.901249 -20.290348 9.380475
v -28.966673 -18.957037 11.277434
v -27.717726 -20.711706 6.685225
v -36.663540 -13.621648 7.318819
v -33.087219 -16.814823 7.978282
v -31.997835 -18.765718 5.695871
v -30.972418 -17.858734 9.842636
v 12.982501 68.034637 0.918329
v 13.291804 67.421509 0.725382
v 14.374443 67.314163 15.190997
v 13.046119 67.175941 15.165419
v 13.053352 67.977966 15.061030
v 13.216978 66.432152 15.297514
v 32.304859 13.213560 9.966993
v 32.252972 13.198214 7.597491
v 32.219021 12.819164 5.249084
v 32.350410 11.950523 3.200926
v 32.507210 10.551782 1.630485
v 10.042165 11.235959 3.715028
v 41.534168 24.482452 19.295443
v 41.089657 24.683332 19.147434
v 41.846794 23.884747 19.315840
v 42.111259 23.317415 19.311605
v 42.249546 22.787872 19.201855

g 20_F_2634G
usemtl 20_F_2634G
s

f 3 2 1
f 4 3 1
f 5 4 1
f 6 5 1
f 7 6 1
f 8 7 1
f 9 8 1
f 2 9 1
f 10 9 2
f 11 10 2
f 12 11 2
f 3 12 2
f 13 12 3
f 14 13 3
f 15 14 3
f 4 15 3
f 16 15 4
f 6 16 4
f 5 6 4
f 17 16 6
f 18 17 6
f 19 18 6
f 7 19 6
f 20 19 7
f 21 20 7
f 22 21 7
f 8 22 7
f 9 22 8
f 23 22 9
f 10 23 9
f 24 23 10
f 25 24 10
f 26 25 10
f 11 26 10
f 27 26 11
f 12 27 11
f 28 27 12
f 13 28 12
f 14 29 13
f 29 30 13
f 30 31 13
f 31 28 13
f 32 29 14
f 15 32 14
f 33 32 15
f 34 33 15
f 16 34 15
f 35 34 16
f 17 35 16
f 36 35 17
f 18 36 17
f 37 36 18
f 20 37 18
f 19 20 18
f 38 37 20
f 39 38 20
f 40 39 20
f 21 40 20
f 41 40 21
f 42 41 21
f 22 42 21
f 23 42 22
f 43 42 23
f 24 43 23
f 44 43 24
f 45 44 24
f 25 45 24
f 46 45 25
f 26 46 25
f 27 46 26
f 47 46 27
f 28 47 27
f 31 48 28
f 48 47 28
f 32 49 29
f 49 50 29
f 50 51 29
f 51 30 29
f 51 52 30
f 52 31 30
f 52 53 31
f 53 48 31
f 33 54 32
f 54 55 32
f 55 49 32
f 56 54 33
f 34 56 33
f 57 56 34
f 58 57 34
f 35 58 34
f 59 58 35
f 60 59 35
f 36 60 35
f 61 60 36
f 62 61 36
f 37 62 36
f 38 62 37
f 63 62 38
f 64 63 38
f 40 64 38
f 39 40 38
f 65 64 40
f 66 65 40
f 67 66 40
f 41 67 40
f 68 67 41
f 42 68 41
f 69 68 42
f 43 69 42
f 45 46 44
f 47 70 46
f 48 53 47
f 53 71 47
f 71 72 47
f 72 70 47
f 55 73 49
f 73 74 49
f 74 50 49
f 74 75 50
f 75 51 50
f 75 76 51
f 76 52 51
f 76 71 52
f 71 53 52
f 56 77 54
f 77 78 54
f 78 55 54
f 78 79 55
f 79 80 55
f 80 73 55
f 57 81 56
f 81 77 56
f 58 82 57
f 82 83 57
f 83 81 57
f 84 82 58
f 61 84 58
f 59 61 58
f 60 61 59
f 85 84 61
f 62 85 61
f 86 67 68
f 69 86 68
f 87 86 69
f 88 66 67
f 89 88 67
f 90 89 67
f 86 90 67
f 91 65 66
f 92 91 66
f 88 92 66
f 93 64 65
f 94 93 65
f 91 94 65
f 95 63 64
f 93 95 64
f 96 62 63
f 97 96 63
f 95 97 63
f 96 85 62
f 98 84 85
f 99 98 85
f 97 99 85
f 96 97 85
f 100 82 84
f 101 100 84
f 90 86 87
f 102 90 87
f 76 103 71
f 103 104 71
f 104 105 71
f 105 72 71
f 105 106 72
f 106 70 72
f 80 107 73
f 107 74 73
f 107 108 74
f 108 75 74
f 108 103 75
f 103 76 75
f 81 109 77
f 109 78 77
f 109 110 78
f 110 111 78
f 111 79 78
f 111 112 79
f 112 80 79
f 112 113 80
f 113 114 80
f 114 107 80
f 83 115 81
f 115 116 81
f 116 109 81
f 117 83 82
f 118 117 82
f 119 118 82
f 100 119 82
f 117 120 83
f 120 115 83
f 121 100 101
f 122 121 101
f 123 122 101
f 124 123 101
f 84 124 101
f 125 119 100
f 121 125 100
f 126 99 97
f 127 126 97
f 128 127 97
f 94 128 97
f 95 94 97
f 124 98 99
f 129 124 99
f 126 129 99
f 124 84 98
f 93 94 95
f 130 94 91
f 92 130 91
f 131 128 94
f 130 131 94
f 132 92 88
f 133 132 88
f 89 133 88
f 134 130 92
f 135 134 92
f 133 135 92
f 132 133 92
f 133 89 90
f 136 133 90
f 137 136 90
f 102 137 90
f 108 114 103
f 114 138 103
f 138 139 103
f 139 140 103
f 140 104 103
f 140 141 104
f 141 105 104
f 141 106 105
f 143 142 106
f 142 144 106
f 144 145 106
f 114 108 107
f 116 146 109
f 146 147 109
f 147 110 109
f 147 148 110
f 148 111 110
f 148 149 111
f 149 112 111
f 149 150 112
f 150 151 112
f 151 113 112
f 151 138 113
f 138 114 113
f 120 116 115
f 120 152 116
f 152 153 116
f 153 154 116
f 154 147 116
f 147 146 116
f 118 155 117
f 155 156 117
f 156 120 117
f 157 155 118
f 125 157 118
f 119 125 118
f 156 158 120
f 158 152 120
f 159 125 121
f 160 159 121
f 161 160 121
f 122 161 121
f 162 161 122
f 163 162 122
f 123 163 122
f 164 163 123
f 165 164 123
f 166 165 123
f 167 166 123
f 129 167 123
f 124 129 123
f 168 157 125
f 159 168 125
f 167 129 126
f 169 167 126
f 170 169 126
f 131 170 126
f 127 131 126
f 128 131 127
f 171 131 130
f 172 171 130
f 134 172 130
f 173 170 131
f 174 173 131
f 171 174 131
f 175 135 133
f 176 175 133
f 136 176 133
f 177 172 134
f 178 177 134
f 135 178 134
f 175 178 135
f 137 176 136
f 151 179 138
f 179 142 138
f 142 180 138
f 180 139 138
f 180 106 139
f 106 141 139
f 141 140 139
f 143 180 142
f 179 181 142
f 181 182 142
f 182 144 142
f 182 183 144
f 183 184 144
f 184 145 144
f 184 185 145
f 154 186 147
f 186 187 147
f 187 188 147
f 188 148 147
f 188 189 148
f 189 149 148
f 189 190 149
f 190 150 149
f 190 191 150
f 191 151 150
f 191 181 151
f 181 179 151
f 158 192 152
f 192 193 152
f 193 186 152
f 186 153 152
f 186 154 153
f 194 156 155
f 157 194 155
f 194 195 156
f 195 196 156
f 196 158 156
f 197 194 157
f 168 197 157
f 196 198 158
f 198 199 158
f 199 192 158
f 200 168 159
f 201 200 159
f 160 201 159
f 202 201 160
f 161 202 160
f 203 202 161
f 162 203 161
f 204 203 162
f 205 204 162
f 164 205 162
f 163 164 162
f 206 205 164
f 166 206 164
f 165 166 164
f 207 206 166
f 208 207 166
f 169 208 166
f 167 169 166
f 209 197 168
f 210 209 168
f 211 210 168
f 200 211 168
f 212 208 169
f 173 212 169
f 170 173 169
f 213 174 171
f 172 213 171
f 214 213 172
f 215 214 172
f 177 215 172
f 216 212 173
f 217 216 173
f 174 217 173
f 218 217 174
f 213 218 174
f 176 178 175
f 215 178 176
f 219 215 176
f 137 219 176
f 178 215 177
f 143 106 180
f 191 220 181
f 220 182 181
f 220 221 182
f 221 222 182
f 222 223 182
f 223 183 182
f 223 224 183
f 224 225 183
f 225 185 183
f 185 184 183
f 193 226 186
f 226 227 186
f 227 228 186
f 228 229 186
f 229 187 186
f 229 188 187
f 227 230 188
f 230 231 188
f 231 232 188
f 232 190 188
f 190 189 188
f 232 233 190
f 233 234 190
f 234 191 190
f 234 220 191
f 199 226 192
f 226 193 192
f 235 195 194
f 197 235 194
f 235 196 195
f 235 236 196
f 236 237 196
f 237 238 196
f 238 198 196
f 239 235 197
f 209 239 197
f 238 240 198
f 240 199 198
f 240 241 199
f 241 226 199
f 242 211 200
f 201 242 200
f 243 242 201
f 244 243 201
f 245 244 201
f 202 245 201
f 246 245 202
f 247 246 202
f 203 247 202
f 248 247 203
f 204 248 203
f 249 248 204
f 206 249 204
f 205 206 204
f 250 249 206
f 251 250 206
f 207 251 206
f 252 251 207
f 208 252 207
f 253 252 208
f 216 253 208
f 212 216 208
f 254 239 209
f 255 254 209
f 256 255 209
f 210 256 209
f 255 256 210
f 257 255 210
f 211 257 210
f 242 257 211
f 258 218 213
f 214 258 213
f 259 258 214
f 215 259 214
f 219 259 215
f 260 253 216
f 261 260 216
f 217 261 216
f 262 261 217
f 218 262 217
f 263 262 218
f 264 263 218
f 258 264 218
f 265 259 219
f 234 266 220
f 266 267 220
f 267 221 220
f 267 268 221
f 268 269 221
f 269 222 221
f 269 270 222
f 270 223 222
f 270 271 223
f 271 224 223
f 271 272 224
f 272 273 224
f 273 274 224
f 274 225 224
f 274 185 225
f 241 275 226
f 275 227 226
f 275 276 227
f 276 230 227
f 188 228 227
f 188 229 228
f 276 277 230
f 277 231 230
f 277 278 231
f 278 233 231
f 233 232 231
f 278 279 233
f 279 234 233
f 279 280 234
f 280 266 234
f 239 281 235
f 281 236 235
f 281 282 236
f 282 283 236
f 283 238 236
f 238 237 236
f 283 284 238
f 284 285 238
f 285 240 238
f 286 281 239
f 287 286 239
f 254 287 239
f 285 288 240
f 288 241 240
f 288 289 241
f 289 275 241
f 290 257 242
f 291 290 242
f 292 291 242
f 243 292 242
f 293 292 243
f 244 293 243
f 245 293 244
f 246 293 245
f 294 293 246
f 295 294 246
f 247 295 246
f 296 295 247
f 248 296 247
f 297 296 248
f 250 297 248
f 249 250 248
f 298 297 250
f 299 298 250
f 251 299 250
f 300 299 251
f 301 300 251
f 253 301 251
f 252 253 251
f 302 301 253
f 260 302 253
f 303 287 254
f 255 303 254
f 304 303 255
f 257 304 255
f 290 304 257
f 265 264 258
f 259 265 258
f 305 302 260
f 261 305 260
f 306 305 261
f 262 306 261
f 307 306 262
f 263 307 262
f 274 307 263
f 265 274 263
f 264 265 263
f 280 308 266
f 308 309 266
f 309 310 266
f 310 267 266
f 310 268 267
f 310 309 268
f 309 311 268
f 311 312 268
f 312 313 268
f 313 269 268
f 313 312 269
f 312 314 269
f 314 315 269
f 315 316 269
f 316 271 269
f 271 270 269
f 316 272 271
f 316 315 272
f 315 317 272
f 317 273 272
f 317 318 273
f 318 319 273
f 319 274 273
f 319 307 274
f 265 185 274
f 289 320 275
f 320 276 275
f 320 321 276
f 321 277 276
f 321 280 277
f 280 279 277
f 279 278 277
f 321 308 280
f 286 322 281
f 322 323 281
f 323 324 281
f 324 282 281
f 324 325 282
f 325 283 282
f 325 326 283
f 326 284 283
f 326 327 284
f 327 285 284
f 327 328 285
f 328 288 285
f 329 322 286
f 287 329 286
f 330 329 287
f 331 330 287
f 303 331 287
f 328 289 288
f 328 332 289
f 332 333 289
f 333 334 289
f 334 320 289
f 335 304 290
f 336 335 290
f 337 336 290
f 291 337 290
f 338 337 291
f 292 338 291
f 339 338 292
f 293 339 292
f 340 339 293
f 341 340 293
f 294 341 293
f 295 341 294
f 342 341 295
f 296 342 295
f 343 342 296
f 297 343 296
f 344 343 297
f 298 344 297
f 345 344 298
f 299 345 298
f 346 345 299
f 300 346 299
f 347 346 300
f 302 347 300
f 301 302 300
f 348 347 302
f 349 348 302
f 305 349 302
f 304 331 303
f 350 331 304
f 335 350 304
f 351 349 305
f 306 351 305
f 319 351 306
f 307 319 306
f 321 352 308
f 352 309 308
f 352 353 309
f 353 354 309
f 354 311 309
f 354 355 311
f 355 312 311
f 355 356 312
f 356 357 312
f 357 314 312
f 357 358 314
f 358 359 314
f 359 315 314
f 359 360 315
f 360 317 315
f 360 318 317
f 351 319 318
f 349 351 318
f 361 349 318
f 362 361 318
f 334 352 320
f 352 321 320
f 363 323 322
f 364 363 322
f 365 364 322
f 329 365 322
f 363 366 323
f 366 324 323
f 366 367 324
f 367 325 324
f 367 368 325
f 368 326 325
f 368 369 326
f 369 327 326
f 369 332 327
f 332 328 327
f 370 365 329
f 350 370 329
f 330 350 329
f 331 350 330
f 369 371 332
f 371 372 332
f 372 373 332
f 373 374 332
f 374 375 332
f 375 333 332
f 375 334 333
f 375 373 334
f 373 376 334
f 376 352 334
f 377 350 335
f 378 377 335
f 379 378 335
f 380 379 335
f 336 380 335
f 337 380 336
f 381 380 337
f 338 381 337
f 382 381 338
f 383 382 338
f 339 383 338
f 384 383 339
f 340 384 339
f 385 384 340
f 342 385 340
f 341 342 340
f 386 385 342
f 387 386 342
f 343 387 342
f 388 387 343
f 344 388 343
f 389 388 344
f 345 389 344
f 390 389 345
f 346 390 345
f 391 390 346
f 348 391 346
f 347 348 346
f 392 391 348
f 361 392 348
f 349 361 348
f 377 370 350
f 376 393 352
f 393 353 352
f 393 354 353
f 393 394 354
f 394 395 354
f 395 396 354
f 396 355 354
f 396 397 355
f 397 398 355
f 398 356 355
f 398 358 356
f 358 357 356
f 398 399 358
f 399 360 358
f 360 359 358
f 399 400 360
f 400 401 360
f 401 402 360
f 403 392 361
f 362 403 361
f 404 403 362
f 402 404 362
f 318 402 362
f 364 405 363
f 405 406 363
f 406 407 363
f 407 366 363
f 365 408 364
f 408 405 364
f 409 408 365
f 370 409 365
f 407 410 366
f 410 368 366
f 368 367 366
f 410 411 368
f 411 371 368
f 371 369 368
f 412 409 370
f 413 412 370
f 377 413 370
f 411 414 371
f 414 415 371
f 415 416 371
f 416 417 371
f 417 372 371
f 417 418 372
f 418 376 372
f 376 373 372
f 375 374 373
f 418 419 376
f 419 394 376
f 394 393 376
f 420 413 377
f 421 420 377
f 378 421 377
f 422 421 378
f 423 422 378
f 424 423 378
f 379 424 378
f 425 424 379
f 380 425 379
f 426 425 380
f 381 426 380
f 427 426 381
f 428 427 381
f 382 428 381
f 429 428 382
f 383 429 382
f 430 429 383
f 384 430 383
f 431 430 384
f 386 431 384
f 385 386 384
f 432 431 386
f 433 432 386
f 388 433 386
f 387 388 386
f 434 433 388
f 435 434 388
f 389 435 388
f 436 435 389
f 390 436 389
f 403 436 390
f 392 403 390
f 391 392 390
f 419 437 394
f 437 438 394
f 438 395 394
f 438 439 395
f 439 440 395
f 440 396 395
f 440 441 396
f 441 397 396
f 441 400 397
f 400 398 397
f 400 399 398
f 441 442 400
f 442 443 400
f 444 402 401
f 445 444 401
f 446 445 401
f 447 446 401
f 443 447 401
f 448 404 402
f 449 448 402
f 444 449 402
f 448 436 403
f 404 448 403
f 408 450 405
f 450 451 405
f 451 452 405
f 452 406 405
f 452 453 406
f 453 407 406
f 453 454 407
f 454 410 407
f 455 450 408
f 409 455 408
f 456 455 409
f 412 456 409
f 454 414 410
f 414 411 410
f 420 456 412
f 413 420 412
f 454 457 414
f 457 458 414
f 458 459 414
f 459 415 414
f 459 460 415
f 460 461 415
f 461 416 415
f 461 462 416
f 462 463 416
f 463 417 416
f 463 437 417
f 437 419 417
f 419 418 417
f 464 456 420
f 465 464 420
f 466 465 420
f 422 466 420
f 421 422 420
f 467 466 422
f 468 467 422
f 423 468 422
f 424 468 423
f 469 468 424
f 425 469 424
f 470 469 425
f 471 470 425
f 426 471 425
f 472 471 426
f 473 472 426
f 427 473 426
f 474 473 427
f 428 474 427
f 429 474 428
f 475 474 429
f 430 475 429
f 476 475 430
f 432 476 430
f 431 432 430
f 477 476 432
f 478 477 432
f 434 478 432
f 433 434 432
f 479 478 434
f 480 479 434
f 435 480 434
f 448 480 435
f 436 448 435
f 463 481 437
f 481 482 437
f 482 438 437
f 482 483 438
f 483 484 438
f 484 439 438
f 484 485 439
f 485 440 439
f 485 486 440
f 486 442 440
f 442 441 440
f 486 487 442
f 487 488 442
f 488 443 442
f 401 400 443
f 488 489 443
f 489 490 443
f 490 491 443
f 491 447 443
f 480 449 444
f 445 480 444
f 492 480 445
f 493 492 445
f 491 493 445
f 446 491 445
f 447 491 446
f 449 480 448
f 455 494 450
f 494 495 450
f 495 451 450
f 495 496 451
f 496 452 451
f 496 497 452
f 497 453 452
f 497 457 453
f 457 454 453
f 498 494 455
f 499 498 455
f 500 499 455
f 456 500 455
f 501 500 456
f 464 501 456
f 497 502 457
f 502 458 457
f 502 459 458
f 502 460 459
f 502 503 460
f 503 504 460
f 504 505 460
f 505 461 460
f 505 506 461
f 506 462 461
f 506 463 462
f 506 507 463
f 507 482 463
f 482 481 463
f 508 501 464
f 465 508 464
f 509 508 465
f 510 509 465
f 511 510 465
f 467 511 465
f 466 467 465
f 512 511 467
f 513 512 467
f 514 513 467
f 468 514 467
f 515 514 468
f 469 515 468
f 470 515 469
f 516 515 470
f 517 516 470
f 518 517 470
f 471 518 470
f 519 518 471
f 520 519 471
f 472 520 471
f 473 520 472
f 521 520 473
f 474 521 473
f 522 521 474
f 475 522 474
f 523 522 475
f 477 523 475
f 476 477 475
f 524 523 477
f 525 524 477
f 479 525 477
f 478 479 477
f 492 525 479
f 480 492 479
f 507 526 482
f 526 527 482
f 527 483 482
f 527 528 483
f 528 484 483
f 528 529 484
f 529 530 484
f 530 485 484
f 530 487 485
f 487 486 485
f 530 531 487
f 531 532 487
f 532 489 487
f 489 488 487
f 533 534 489
f 534 490 489
f 534 491 490
f 535 493 491
f 536 535 491
f 534 536 491
f 537 525 492
f 535 537 492
f 493 535 492
f 498 538 494
f 538 495 494
f 538 539 495
f 539 496 495
f 539 502 496
f 502 497 496
f 499 540 498
f 540 541 498
f 541 542 498
f 542 538 498
f 500 543 499
f 543 540 499
f 501 543 500
f 508 544 501
f 544 545 501
f 545 546 501
f 546 543 501
f 539 547 502
f 547 548 502
f 548 549 502
f 549 503 502
f 549 550 503
f 550 551 503
f 551 504 503
f 551 552 504
f 552 505 504
f 552 507 505
f 507 506 505
f 552 553 507
f 553 526 507
f 554 544 508
f 509 554 508
f 555 554 509
f 556 555 509
f 557 556 509
f 512 557 509
f 510 512 509
f 511 512 510
f 558 557 512
f 513 558 512
f 559 558 513
f 514 559 513
f 560 559 514
f 515 560 514
f 561 560 515
f 516 561 515
f 562 561 516
f 563 562 516
f 517 563 516
f 564 563 517
f 518 564 517
f 565 564 518
f 566 565 518
f 519 566 518
f 567 566 519
f 568 567 519
f 521 568 519
f 520 521 519
f 569 568 521
f 570 569 521
f 522 570 521
f 571 570 522
f 524 571 522
f 523 524 522
f 572 571 524
f 537 572 524
f 525 537 524
f 553 573 526
f 573 574 526
f 574 527 526
f 574 575 527
f 575 528 527
f 575 576 528
f 576 529 528
f 576 531 529
f 531 530 529
f 576 577 531
f 536 534 533
f 579 536 533
f 580 579 533
f 581 580 533
f 582 581 533
f 572 537 535
f 579 572 535
f 536 579 535
f 542 547 538
f 547 539 538
f 543 546 540
f 546 583 540
f 583 584 540
f 584 541 540
f 584 585 541
f 585 548 541
f 548 542 541
f 548 547 542
f 586 545 544
f 587 586 544
f 588 587 544
f 589 588 544
f 554 589 544
f 586 590 545
f 590 546 545
f 590 591 546
f 591 583 546
f 585 592 548
f 592 549 548
f 592 593 549
f 593 594 549
f 594 550 549
f 594 595 550
f 595 551 550
f 595 553 551
f 553 552 551
f 595 596 553
f 596 597 553
f 597 573 553
f 598 589 554
f 555 598 554
f 556 598 555
f 599 598 556
f 600 599 556
f 601 600 556
f 557 601 556
f 558 601 557
f 602 601 558
f 559 602 558
f 603 602 559
f 560 603 559
f 561 603 560
f 604 603 561
f 605 604 561
f 606 605 561
f 562 606 561
f 607 606 562
f 564 607 562
f 563 564 562
f 608 607 564
f 609 608 564
f 565 609 564
f 610 609 565
f 567 610 565
f 566 567 565
f 611 610 567
f 569 611 567
f 568 569 567
f 570 611 569
f 612 611 570
f 613 612 570
f 614 613 570
f 572 614 570
f 571 572 570
f 580 614 572
f 579 580 572
f 597 615 573
f 615 616 573
f 616 574 573
f 616 617 574
f 617 575 574
f 617 618 575
f 618 619 575
f 619 576 575
f 619 577 576
f 619 620 577
f 620 578 577
f 613 614 580
f 621 613 580
f 622 621 580
f 581 622 580
f 582 622 581
f 623 622 582
f 624 623 582
f 533 624 582
f 591 625 583
f 625 584 583
f 625 592 584
f 592 585 584
f 587 626 586
f 626 627 586
f 627 628 586
f 628 590 586
f 588 629 587
f 629 626 587
f 589 630 588
f 630 631 588
f 631 629 588
f 632 630 589
f 599 632 589
f 598 599 589
f 628 633 590
f 633 625 590
f 625 591 590
f 625 634 592
f 634 635 592
f 635 636 592
f 636 593 592
f 636 637 593
f 637 594 593
f 637 596 594
f 596 595 594
f 637 638 596
f 638 597 596
f 638 639 597
f 639 640 597
f 640 615 597
f 641 632 599
f 642 641 599
f 643 642 599
f 644 643 599
f 645 644 599
f 600 645 599
f 646 645 600
f 601 646 600
f 647 646 601
f 602 647 601
f 648 647 602
f 603 648 602
f 649 648 603
f 604 649 603
f 650 649 604
f 651 650 604
f 605 651 604
f 652 651 605
f 606 652 605
f 653 652 606
f 607 653 606
f 654 653 607
f 608 654 607
f 655 654 608
f 656 655 608
f 609 656 608
f 612 656 609
f 610 612 609
f 611 612 610
f 657 656 612
f 621 657 612
f 613 621 612
f 640 658 615
f 658 659 615
f 659 616 615
f 659 617 616
f 659 660 617
f 660 661 617
f 661 618 617
f 661 620 618
f 620 619 618
f 661 662 620
f 662 578 620
f 663 657 621
f 664 663 621
f 622 664 621
f 623 664 622
f 665 664 623
f 624 665 623
f 633 666 625
f 666 667 625
f 667 634 625
f 629 668 626
f 668 669 626
f 669 670 626
f 670 627 626
f 670 671 627
f 671 628 627
f 671 666 628
f 666 633 628
f 631 672 629
f 672 668 629
f 673 631 630
f 641 673 630
f 632 641 630
f 673 674 631
f 674 672 631
f 667 675 634
f 675 676 634
f 676 635 634
f 676 677 635
f 677 636 635
f 677 637 636
f 677 678 637
f 678 679 637
f 679 638 637
f 679 639 638
f 679 680 639
f 680 658 639
f 658 640 639
f 681 673 641
f 682 681 641
f 683 682 641
f 643 683 641
f 682 683 643
f 684 682 643
f 644 684 643
f 641 642 643
f 685 684 644
f 686 685 644
f 687 686 644
f 645 687 644
f 688 687 645
f 646 688 645
f 689 688 646
f 647 689 646
f 690 689 647
f 648 690 647
f 691 690 648
f 649 691 648
f 692 691 649
f 693 692 649
f 650 693 649
f 694 693 650
f 651 694 650
f 695 694 651
f 696 695 651
f 652 696 651
f 653 696 652
f 697 696 653
f 654 697 653
f 698 697 654
f 655 698 654
f 699 698 655
f 657 699 655
f 656 657 655
f 700 699 657
f 663 700 657
f 680 701 658
f 701 702 658
f 702 659 658
f 702 660 659
f 702 703 660
f 703 662 660
f 662 661 660
f 703 704 662
f 704 705 662
f 705 706 662
f 707 700 663
f 664 707 663
f 708 707 664
f 709 708 664
f 665 709 664
f 624 709 665
f 671 710 666
f 710 667 666
f 710 711 667
f 711 712 667
f 712 713 667
f 713 675 667
f 672 714 668
f 714 715 668
f 715 669 668
f 715 716 669
f 716 671 669
f 671 670 669
f 716 717 671
f 717 710 671
f 674 718 672
f 718 719 672
f 719 720 672
f 720 714 672
f 721 674 673
f 681 721 673
f 722 718 674
f 721 722 674
f 713 676 675
f 713 723 676
f 723 724 676
f 724 677 676
f 724 725 677
f 725 678 677
f 725 680 678
f 680 679 678
f 725 726 680
f 726 727 680
f 727 701 680
f 728 721 681
f 729 728 681
f 682 729 681
f 685 729 682
f 684 685 682
f 730 729 685
f 731 730 685
f 732 731 685
f 733 732 685
f 686 733 685
f 734 733 686
f 735 734 686
f 688 735 686
f 687 688 686
f 736 735 688
f 689 736 688
f 737 736 689
f 690 737 689
f 691 737 690
f 738 737 691
f 739 738 691
f 740 739 691
f 741 740 691
f 692 741 691
f 693 741 692
f 742 741 693
f 695 742 693
f 694 695 693
f 743 742 695
f 744 743 695
f 745 744 695
f 696 745 695
f 746 745 696
f 697 746 696
f 747 746 697
f 698 747 697
f 700 747 698
f 699 700 698
f 748 747 700
f 707 748 700
f 727 702 701
f 727 749 702
f 749 704 702
f 704 703 702
f 749 750 704
f 750 705 704
f 750 751 705
f 751 752 705
f 752 706 705
f 752 753 706
f 753 662 706
f 754 748 707
f 755 754 707
f 708 755 707
f 756 755 708
f 709 756 708
f 757 756 709
f 717 711 710
f 717 758 711
f 758 759 711
f 759 760 711
f 760 712 711
f 760 723 712
f 723 713 712
f 720 761 714
f 761 715 714
f 761 717 715
f 717 716 715
f 761 762 717
f 762 758 717
f 722 763 718
f 763 764 718
f 764 765 718
f 765 766 718
f 766 720 718
f 720 719 718
f 766 767 720
f 767 762 720
f 762 761 720
f 768 722 721
f 728 768 721
f 768 769 722
f 769 770 722
f 770 763 722
f 760 771 723
f 771 772 723
f 772 725 723
f 725 724 723
f 772 773 725
f 773 726 725
f 773 772 726
f 772 774 726
f 774 749 726
f 749 727 726
f 775 768 728
f 730 775 728
f 729 730 728
f 776 775 730
f 731 776 730
f 777 776 731
f 778 777 731
f 779 778 731
f 780 779 731
f 781 780 731
f 732 781 731
f 782 781 732
f 733 782 732
f 783 782 733
f 734 783 733
f 784 783 734
f 785 784 734
f 736 785 734
f 735 736 734
f 786 785 736
f 737 786 736
f 787 786 737
f 738 787 737
f 788 787 738
f 789 788 738
f 790 789 738
f 739 790 738
f 791 790 739
f 740 791 739
f 792 791 740
f 741 792 740
f 793 792 741
f 742 793 741
f 794 793 742
f 743 794 742
f 795 794 743
f 796 795 743
f 744 796 743
f 746 796 744
f 745 746 744
f 795 796 746
f 797 795 746
f 748 797 746
f 747 748 746
f 798 797 748
f 799 798 748
f 754 799 748
f 774 800 749
f 800 751 749
f 751 750 749
f 800 801 751
f 801 802 751
f 802 803 751
f 803 804 751
f 804 805 751
f 805 752 751
f 805 806 752
f 806 753 752
f 807 799 754
f 755 807 754
f 757 807 755
f 756 757 755
f 808 807 757
f 809 808 757
f 709 809 757
f 762 810 758
f 810 811 758
f 811 760 758
f 760 759 758
f 811 812 760
f 812 771 760
f 767 813 762
f 813 814 762
f 814 815 762
f 815 811 762
f 811 810 762
f 770 816 763
f 816 817 763
f 817 764 763
f 817 818 764
f 818 765 764
f 818 813 765
f 813 767 765
f 767 766 765
f 819 769 768
f 775 819 768
f 820 770 769
f 819 820 769
f 821 816 770
f 822 821 770
f 823 822 770
f 820 823 770
f 812 824 771
f 824 774 771
f 774 772 771
f 824 801 774
f 801 800 774
f 776 819 775
f 820 819 776
f 825 820 776
f 777 825 776
f 826 825 777
f 827 826 777
f 828 827 777
f 829 828 777
f 830 829 777
f 831 830 777
f 778 831 777
f 832 831 778
f 833 832 778
f 779 833 778
f 834 833 779
f 835 834 779
f 782 835 779
f 781 782 779
f 780 781 779
f 836 835 782
f 783 836 782
f 837 836 783
f 784 837 783
f 838 837 784
f 839 838 784
f 786 839 784
f 785 786 784
f 840 839 786
f 787 840 786
f 841 840 787
f 788 841 787
f 842 841 788
f 843 842 788
f 789 843 788
f 844 843 789
f 845 844 789
f 791 845 789
f 790 791 789
f 846 845 791
f 847 846 791
f 792 847 791
f 848 847 792
f 793 848 792
f 849 848 793
f 794 849 793
f 850 849 794
f 795 850 794
f 798 850 795
f 797 798 795
f 851 850 798
f 852 851 798
f 799 852 798
f 807 852 799
f 824 853 801
f 853 854 801
f 854 855 801
f 855 802 801
f 855 856 802
f 856 803 802
f 856 857 803
f 857 804 803
f 857 805 804
f 857 858 805
f 858 806 805
f 859 852 807
f 808 859 807
f 860 859 808
f 809 860 808
f 861 860 809
f 862 861 809
f 815 812 811
f 815 863 812
f 863 853 812
f 853 824 812
f 818 864 813
f 864 865 813
f 865 866 813
f 866 814 813
f 866 863 814
f 863 815 814
f 821 867 816
f 867 868 816
f 868 817 816
f 868 869 817
f 869 818 817
f 869 870 818
f 870 864 818
f 826 823 820
f 825 826 820
f 822 871 821
f 871 872 821
f 872 873 821
f 873 867 821
f 874 871 822
f 875 874 822
f 823 875 822
f 827 875 823
f 826 827 823
f 876 875 827
f 828 876 827
f 877 876 828
f 878 877 828
f 829 878 828
f 879 878 829
f 880 879 829
f 831 880 829
f 830 831 829
f 881 880 831
f 833 881 831
f 832 833 831
f 834 881 833
f 882 881 834
f 883 882 834
f 835 883 834
f 884 883 835
f 836 884 835
f 885 884 836
f 837 885 836
f 886 885 837
f 838 886 837
f 887 886 838
f 840 887 838
f 839 840 838
f 841 887 840
f 888 887 841
f 889 888 841
f 842 889 841
f 890 889 842
f 844 890 842
f 843 844 842
f 891 890 844
f 892 891 844
f 846 892 844
f 845 846 844
f 893 892 846
f 847 893 846
f 894 893 847
f 848 894 847
f 849 894 848
f 895 894 849
f 896 895 849
f 852 896 849
f 851 852 849
f 850 851 849
f 897 896 852
f 898 897 852
f 859 898 852
f 863 899 853
f 899 854 853
f 899 900 854
f 900 855 854
f 900 901 855
f 901 856 855
f 901 857 856
f 901 902 857
f 902 903 857
f 903 904 857
f 904 858 857
f 905 898 859
f 860 905 859
f 906 905 860
f 861 906 860
f 907 906 861
f 908 907 861
f 909 908 861
f 862 909 861
f 866 910 863
f 910 899 863
f 870 865 864
f 870 911 865
f 911 912 865
f 912 910 865
f 910 866 865
f 873 913 867
f 913 868 867
f 913 911 868
f 911 869 868
f 911 870 869
f 874 914 871
f 914 915 871
f 915 916 871
f 916 872 871
f 916 917 872
f 917 873 872
f 917 918 873
f 918 913 873
f 919 914 874
f 876 919 874
f 875 876 874
f 920 919 876
f 921 920 876
f 922 921 876
f 877 922 876
f 923 922 877
f 924 923 877
f 925 924 877
f 878 925 877
f 926 925 878
f 927 926 878
f 880 927 878
f 879 880 878
f 882 927 880
f 881 882 880
f 926 927 882
f 928 926 882
f 929 928 882
f 883 929 882
f 930 929 883
f 884 930 883
f 931 930 884
f 885 931 884
f 932 931 885
f 886 932 885
f 933 932 886
f 934 933 886
f 887 934 886
f 935 934 887
f 888 935 887
f 936 935 888
f 889 936 888
f 937 936 889
f 891 937 889
f 890 891 889
f 938 937 891
f 939 938 891
f 893 939 891
f 892 893 891
f 940 939 893
f 941 940 893
f 895 941 893
f 894 895 893
f 897 941 895
f 896 897 895
f 942 941 897
f 943 942 897
f 898 943 897
f 944 943 898
f 905 944 898
f 910 945 899
f 945 900 899
f 945 946 900
f 946 947 900
f 947 901 900
f 947 902 901
f 947 946 902
f 946 948 902
f 948 949 902
f 949 903 902
f 949 950 903
f 950 904 903
f 950 951 904
f 952 944 905
f 906 952 905
f 953 952 906
f 907 953 906
f 954 953 907
f 955 954 907
f 956 955 907
f 908 956 907
f 909 956 908
f 912 957 910
f 957 958 910
f 958 945 910
f 913 918 911
f 918 959 911
f 959 912 911
f 959 960 912
f 960 957 912
f 961 915 914
f 962 961 914
f 920 962 914
f 919 920 914
f 961 963 915
f 963 916 915
f 963 964 916
f 964 917 916
f 964 965 917
f 965 966 917
f 966 967 917
f 967 968 917
f 968 918 917
f 968 960 918
f 960 959 918
f 969 962 920
f 970 969 920
f 921 970 920
f 971 970 921
f 972 971 921
f 923 972 921
f 922 923 921
f 973 972 923
f 974 973 923
f 975 974 923
f 924 975 923
f 976 975 924
f 926 976 924
f 925 926 924
f 977 976 926
f 928 977 926
f 978 977 928
f 979 978 928
f 929 979 928
f 980 979 929
f 930 980 929
f 981 980 930
f 931 981 930
f 982 981 931
f 932 982 931
f 983 982 932
f 984 983 932
f 933 984 932
f 985 984 933
f 934 985 933
f 986 985 934
f 935 986 934
f 936 986 935
f 987 986 936
f 988 987 936
f 989 988 936
f 990 989 936
f 937 990 936
f 991 990 937
f 938 991 937
f 992 991 938
f 939 992 938
f 993 992 939
f 942 993 939
f 940 942 939
f 941 942 940
f 994 993 942
f 943 994 942
f 995 994 943
f 944 995 943
f 996 995 944
f 952 996 944
f 958 997 945
f 997 998 945
f 998 946 945
f 998 948 946
f 998 999 948
f 999 1000 948
f 1000 949 948
f 1000 950 949
f 1000 1001 950
f 1001 1002 950
f 1002 1003 950
f 1003 951 950
f 1003 1004 951
f 1004 1005 951
f 1005 904 951
f 1006 996 952
f 953 1006 952
f 1007 1006 953
f 1008 1007 953
f 1009 1008 953
f 954 1009 953
f 1010 1009 954
f 955 1010 954
f 1011 1010 955
f 1012 1011 955
f 909 1012 955
f 956 909 955
f 960 1013 957
f 1013 958 957
f 1013 1014 958
f 1014 997 958
f 968 1015 960
f 1015 1016 960
f 1016 1013 960
f 962 1017 961
f 1017 1018 961
f 1018 1019 961
f 1019 963 961
f 1020 1017 962
f 969 1020 962
f 1019 965 963
f 965 964 963
f 1019 1021 965
f 1021 1022 965
f 1022 1023 965
f 1023 1024 965
f 1024 966 965
f 1024 968 966
f 968 967 966
f 1024 1023 968
f 1023 1015 968
f 970 1025 969
f 1025 1020 969
f 971 1026 970
f 1026 1027 970
f 1027 1025 970
f 972 973 971
f 973 1028 971
f 1028 1029 971
f 1029 1026 971
f 1030 1028 973
f 1031 1030 973
f 974 1031 973
f 1032 1031 974
f 1033 1032 974
f 975 1033 974
f 1034 1033 975
f 1035 1034 975
f 976 1035 975
f 1036 1035 976
f 978 1036 976
f 977 978 976
f 1037 1036 978
f 1038 1037 978
f 979 1038 978
f 1039 1038 979
f 980 1039 979
f 1040 1039 980
f 981 1040 980
f 1041 1040 981
f 982 1041 981
f 1042 1041 982
f 1043 1042 982
f 1044 1043 982
f 983 1044 982
f 1045 1044 983
f 984 1045 983
f 1046 1045 984
f 986 1046 984
f 985 986 984
f 987 1046 986
f 1047 1046 987
f 1048 1047 987
f 1049 1048 987
f 988 1049 987
f 1050 1049 988
f 989 1050 988
f 1051 1050 989
f 991 1051 989
f 990 991 989
f 1052 1051 991
f 993 1052 991
f 992 993 991
f 1053 1052 993
f 994 1053 993
f 1054 1053 994
f 995 1054 994
f 1055 1054 995
f 996 1055 995
f 1056 1055 996
f 1006 1056 996
f 1014 1057 997
f 1057 998 997
f 1057 999 998
f 1057 1058 999
f 1058 1001 999
f 1001 1000 999
f 1058 1059 1001
f 1059 1060 1001
f 1060 1061 1001
f 1061 1062 1001
f 1062 1063 1001
f 1001 1063 1002
f 1063 1064 1002
f 1064 1065 1002
f 1065 1003 1002
f 1065 1066 1003
f 1066 1067 1003
f 1067 1004 1003
f 1067 1068 1004
f 1068 1069 1004
f 1069 1005 1004
f 1070 1056 1006
f 1007 1070 1006
f 1071 1070 1007
f 1072 1071 1007
f 1073 1072 1007
f 1008 1073 1007
f 1074 1073 1008
f 1009 1074 1008
f 1075 1074 1009
f 1076 1075 1009
f 1010 1076 1009
f 1011 1076 1010
f 1012 1077 1011
f 1077 1078 1011
f 1078 1079 1011
f 1079 1075 1011
f 1075 1076 1011
f 909 1080 1012
f 1080 1069 1012
f 1069 1081 1012
f 1081 1082 1012
f 1082 1077 1012
f 1016 1083 1013
f 1083 1084 1013
f 1084 1014 1013
f 1084 1085 1014
f 1085 1086 1014
f 1086 1057 1014
f 1023 1016 1015
f 1023 1087 1016
f 1087 1083 1016
f 1020 1088 1017
f 1088 1089 1017
f 1089 1018 1017
f 1089 1021 1018
f 1021 1019 1018
f 1025 1090 1020
f 1090 1091 1020
f 1091 1088 1020
f 1089 1092 1021
f 1092 1093 1021
f 1093 1094 1021
f 1094 1023 1021
f 1023 1022 1021
f 1094 1095 1023
f 1095 1087 1023
f 1027 1096 1025
f 1096 1097 1025
f 1097 1090 1025
f 1029 1098 1026
f 1098 1027 1026
f 1098 1099 1027
f 1099 1100 1027
f 1100 1096 1027
f 1030 1101 1028
f 1101 1102 1028
f 1102 1029 1028
f 1102 1098 1029
f 1103 1101 1030
f 1104 1103 1030
f 1105 1104 1030
f 1031 1105 1030
f 1032 1105 1031
f 1106 1105 1032
f 1034 1106 1032
f 1033 1034 1032
f 1107 1106 1034
f 1036 1107 1034
f 1035 1036 1034
f 1037 1107 1036
f 1108 1107 1037
f 1109 1108 1037
f 1038 1109 1037
f 1110 1109 1038
f 1111 1110 1038
f 1039 1111 1038
f 1040 1111 1039
f 1112 1111 1040
f 1041 1112 1040
f 1042 1112 1041
f 1113 1112 1042
f 1114 1113 1042
f 1043 1114 1042
f 1115 1114 1043
f 1044 1115 1043
f 1045 1115 1044
f 1116 1115 1045
f 1117 1116 1045
f 1047 1117 1045
f 1046 1047 1045
f 1118 1117 1047
f 1119 1118 1047
f 1048 1119 1047
f 1120 1119 1048
f 1049 1120 1048
f 1121 1120 1049
f 1050 1121 1049
f 1122 1121 1050
f 1053 1122 1050
f 1051 1053 1050
f 1052 1053 1051
f 1123 1122 1053
f 1054 1123 1053
f 1124 1123 1054
f 1055 1124 1054
f 1125 1124 1055
f 1056 1125 1055
f 1126 1125 1056
f 1070 1126 1056
f 1086 1059 1057
f 1059 1058 1057
f 1086 1127 1059
f 1127 1128 1059
f 1128 1060 1059
f 1128 1129 1060
f 1129 1061 1060
f 1129 1130 1061
f 1130 1131 1061
f 1131 1062 1061
f 1131 1132 1062
f 1132 1063 1062
f 1133 1064 1063
f 1134 1133 1063
f 1135 1134 1063
f 1132 1135 1063
f 1133 1136 1064
f 1136 1137 1064
f 1137 1065 1064
f 1137 1138 1065
f 1138 1139 1065
f 1139 1066 1065
f 1139 1140 1066
f 1140 1141 1066
f 1141 1068 1066
f 1068 1067 1066
f 1141 1142 1068
f 1142 1143 1068
f 1143 1144 1068
f 1144 1145 1068
f 1145 1069 1068
f 1080 1005 1069
f 1145 1146 1069
f 1146 1081 1069
f 1147 1126 1070
f 1148 1147 1070
f 1071 1148 1070
f 1149 1148 1071
f 1150 1149 1071
f 1072 1150 1071
f 1074 1150 1072
f 1073 1074 1072
f 1151 1150 1074
f 1152 1151 1074
f 1075 1152 1074
f 1079 1152 1075
f 1082 1153 1077
f 1153 1154 1077
f 1154 1155 1077
f 1155 1078 1077
f 1156 1079 1078
f 1157 1156 1078
f 1155 1157 1078
f 1156 1152 1079
f 909 1005 1080
f 1146 1082 1081
f 1146 1158 1082
f 1158 1154 1082
f 1154 1153 1082
f 1087 1159 1083
f 1159 1084 1083
f 1159 1160 1084
f 1160 1085 1084
f 1160 1127 1085
f 1127 1086 1085
f 1095 1161 1087
f 1161 1162 1087
f 1162 1159 1087
f 1091 1092 1088
f 1092 1089 1088
f 1097 1163 1090
f 1163 1091 1090
f 1163 1164 1091
f 1164 1092 1091
f 1164 1165 1092
f 1165 1094 1092
f 1094 1093 1092
f 1165 1095 1094
f 1165 1166 1095
f 1166 1167 1095
f 1167 1161 1095
f 1100 1168 1096
f 1168 1097 1096
f 1168 1169 1097
f 1169 1163 1097
f 1102 1170 1098
f 1170 1171 1098
f 1171 1172 1098
f 1172 1099 1098
f 1172 1173 1099
f 1173 1100 1099
f 1173 1174 1100
f 1174 1168 1100
f 1103 1175 1101
f 1175 1102 1101
f 1175 1176 1102
f 1176 1170 1102
f 1177 1175 1103
f 1178 1177 1103
f 1179 1178 1103
f 1104 1179 1103
f 1180 1179 1104
f 1105 1180 1104
f 1106 1180 1105
f 1181 1180 1106
f 1182 1181 1106
f 1108 1182 1106
f 1107 1108 1106
f 1183 1182 1108
f 1109 1183 1108
f 1184 1183 1109
f 1110 1184 1109
f 1185 1184 1110
f 1111 1185 1110
f 1186 1185 1111
f 1112 1186 1111
f 1187 1186 1112
f 1188 1187 1112
f 1113 1188 1112
f 1189 1188 1113
f 1114 1189 1113
f 1116 1189 1114
f 1115 1116 1114
f 1190 1189 1116
f 1191 1190 1116
f 1192 1191 1116
f 1117 1192 1116
f 1193 1192 1117
f 1118 1193 1117
f 1194 1193 1118
f 1119 1194 1118
f 1195 1194 1119
f 1120 1195 1119
f 1196 1195 1120
f 1121 1196 1120
f 1123 1196 1121
f 1122 1123 1121
f 1197 1196 1123
f 1124 1197 1123
f 1198 1197 1124
f 1125 1198 1124
f 1199 1198 1125
f 1126 1199 1125
f 1200 1199 1126
f 1201 1200 1126
f 1147 1201 1126
f 1160 1202 1127
f 1202 1203 1127
f 1203 1204 1127
f 1204 1128 1127
f 1204 1205 1128
f 1205 1129 1128
f 1205 1206 1129
f 1206 1207 1129
f 1207 1208 1129
f 1208 1130 1129
f 1208 1209 1130
f 1209 1210 1130
f 1210 1131 1130
f 1210 1135 1131
f 1135 1132 1131
f 1211 1136 1133
f 1212 1211 1133
f 1134 1212 1133
f 1135 1212 1134
f 1213 1212 1135
f 1214 1213 1135
f 1215 1214 1135
f 1210 1215 1135
f 1138 1137 1136
f 1216 1138 1136
f 1217 1216 1136
f 1211 1217 1136
f 1140 1139 1138
f 1218 1140 1138
f 1219 1218 1138
f 1216 1219 1138
f 1142 1141 1140
f 1220 1142 1140
f 1221 1220 1140
f 1222 1221 1140
f 1218 1222 1140
f 1223 1143 1142
f 1224 1223 1142
f 1225 1224 1142
f 1226 1225 1142
f 1220 1226 1142
f 1223 1227 1143
f 1227 1144 1143
f 1146 1145 1144
f 1228 1146 1144
f 1229 1228 1144
f 1227 1229 1144
f 1228 1158 1146
f 1230 1201 1147
f 1148 1230 1147
f 1231 1230 1148
f 1232 1231 1148
f 1149 1232 1148
f 1151 1232 1149
f 1150 1151 1149
f 1233 1232 1151
f 1234 1233 1151
f 1152 1234 1151
f 1235 1234 1152
f 1156 1235 1152
f 1236 1155 1154
f 1237 1236 1154
f 1228 1237 1154
f 1158 1228 1154
f 1238 1157 1155
f 1236 1238 1155
f 1239 1235 1156
f 1157 1239 1156
f 1240 1239 1157
f 1238 1240 1157
f 1162 1241 1159
f 1241 1160 1159
f 1241 1202 1160
f 1167 1162 1161
f 1167 1241 1162
f 1169 1242 1163
f 1242 1165 1163
f 1165 1164 1163
f 1242 1243 1165
f 1243 1166 1165
f 1243 1244 1166
f 1244 1167 1166
f 1244 1245 1167
f 1245 1246 1167
f 1246 1241 1167
f 1174 1247 1168
f 1247 1169 1168
f 1247 1244 1169
f 1244 1243 1169
f 1243 1242 1169
f 1176 1248 1170
f 1248 1249 1170
f 1249 1250 1170
f 1250 1172 1170
f 1172 1171 1170
f 1250 1251 1172
f 1251 1252 1172
f 1252 1173 1172
f 1252 1253 1173
f 1253 1174 1173
f 1253 1247 1174
f 1177 1254 1175
f 1254 1255 1175
f 1255 1176 1175
f 1255 1256 1176
f 1256 1248 1176
f 1257 1254 1177
f 1258 1257 1177
f 1178 1258 1177
f 1259 1258 1178
f 1260 1259 1178
f 1179 1260 1178
f 1261 1260 1179
f 1181 1261 1179
f 1180 1181 1179
f 1262 1261 1181
f 1263 1262 1181
f 1182 1263 1181
f 1264 1263 1182
f 1183 1264 1182
f 1265 1264 1183
f 1184 1265 1183
f 1266 1265 1184
f 1185 1266 1184
f 1267 1266 1185
f 1186 1267 1185
f 1268 1267 1186
f 1269 1268 1186
f 1187 1269 1186
f 1270 1269 1187
f 1188 1270 1187
f 1190 1270 1188
f 1189 1190 1188
f 1271 1270 1190
f 1272 1271 1190
f 1273 1272 1190
f 1191 1273 1190
f 1274 1273 1191
f 1192 1274 1191
f 1275 1274 1192
f 1193 1275 1192
f 1276 1275 1193
f 1194 1276 1193
f 1277 1276 1194
f 1195 1277 1194
f 1197 1277 1195
f 1196 1197 1195
f 1278 1277 1197
f 1279 1278 1197
f 1198 1279 1197
f 1280 1279 1198
f 1199 1280 1198
f 1281 1280 1199
f 1282 1281 1199
f 1200 1282 1199
f 1283 1282 1200
f 1201 1283 1200
f 1284 1283 1201
f 1230 1284 1201
f 1241 1246 1202
f 1246 1285 1202
f 1285 1286 1202
f 1286 1203 1202
f 1286 1204 1203
f 1286 1287 1204
f 1287 1205 1204
f 1287 1288 1205
f 1288 1206 1205
f 1288 1289 1206
f 1289 1290 1206
f 1290 1207 1206
f 1290 1291 1207
f 1291 1208 1207
f 1291 1292 1208
f 1292 1209 1208
f 1215 1210 1209
f 1293 1215 1209
f 1292 1293 1209
f 1294 1217 1211
f 1212 1294 1211
f 1295 1294 1212
f 1213 1295 1212
f 1296 1295 1213
f 1297 1296 1213
f 1214 1297 1213
f 1293 1297 1214
f 1215 1293 1214
f 1298 1219 1216
f 1217 1298 1216
f 1299 1298 1217
f 1294 1299 1217
f 1219 1222 1218
f 1300 1222 1219
f 1298 1300 1219
f 1221 1226 1220
f 1301 1226 1221
f 1222 1301 1221
f 1302 1301 1222
f 1303 1302 1222
f 1300 1303 1222
f 1304 1227 1223
f 1305 1304 1223
f 1224 1305 1223
f 1306 1305 1224
f 1225 1306 1224
f 1307 1306 1225
f 1226 1307 1225
f 1308 1307 1226
f 1301 1308 1226
f 1309 1229 1227
f 1310 1309 1227
f 1304 1310 1227
f 1311 1237 1228
f 1229 1311 1228
f 1312 1311 1229
f 1313 1312 1229
f 1309 1313 1229
f 1314 1284 1230
f 1315 1314 1230
f 1231 1315 1230
f 1233 1315 1231
f 1232 1233 1231
f 1316 1315 1233
f 1317 1316 1233
f 1234 1317 1233
f 1318 1317 1234
f 1239 1318 1234
f 1235 1239 1234
f 1319 1238 1236
f 1320 1319 1236
f 1312 1320 1236
f 1311 1312 1236
f 1237 1311 1236
f 1321 1240 1238
f 1319 1321 1238
f 1322 1318 1239
f 1323 1322 1239
f 1324 1323 1239
f 1240 1324 1239
f 1325 1324 1240
f 1321 1325 1240
f 1247 1326 1244
f 1326 1327 1244
f 1327 1245 1244
f 1327 1328 1245
f 1328 1285 1245
f 1285 1246 1245
f 1253 1329 1247
f 1329 1330 1247
f 1330 1331 1247
f 1331 1326 1247
f 1256 1332 1248
f 1332 1333 1248
f 1333 1250 1248
f 1250 1249 1248
f 1333 1334 1250
f 1334 1335 1250
f 1335 1251 1250
f 1335 1252 1251
f 1335 1336 1252
f 1336 1337 1252
f 1337 1331 1252
f 1252 1331 1253
f 1331 1329 1253
f 1257 1338 1254
f 1338 1255 1254
f 1338 1339 1255
f 1339 1340 1255
f 1340 1256 1255
f 1340 1341 1256
f 1341 1342 1256
f 1342 1332 1256
f 1343 1338 1257
f 1344 1343 1257
f 1345 1344 1257
f 1346 1345 1257
f 1258 1346 1257
f 1259 1346 1258
f 1262 1346 1259
f 1261 1262 1259
f 1260 1261 1259
f 1347 1346 1262
f 1348 1347 1262
f 1263 1348 1262
f 1349 1348 1263
f 1264 1349 1263
f 1350 1349 1264
f 1265 1350 1264
f 1351 1350 1265
f 1266 1351 1265
f 1352 1351 1266
f 1267 1352 1266
f 1353 1352 1267
f 1354 1353 1267
f 1268 1354 1267
f 1355 1354 1268
f 1356 1355 1268
f 1357 1356 1268
f 1269 1357 1268
f 1271 1357 1269
f 1270 1271 1269
f 1358 1357 1271
f 1359 1358 1271
f 1360 1359 1271
f 1272 1360 1271
f 1361 1360 1272
f 1273 1361 1272
f 1362 1361 1273
f 1274 1362 1273
f 1363 1362 1274
f 1275 1363 1274
f 1364 1363 1275
f 1276 1364 1275
f 1278 1364 1276
f 1277 1278 1276
f 1365 1364 1278
f 1366 1365 1278
f 1279 1366 1278
f 1367 1366 1279
f 1280 1367 1279
f 1368 1367 1280
f 1369 1368 1280
f 1281 1369 1280
f 1370 1369 1281
f 1282 1370 1281
f 1371 1370 1282
f 1283 1371 1282
f 1372 1371 1283
f 1284 1372 1283
f 1373 1372 1284
f 1374 1373 1284
f 1314 1374 1284
f 1328 1375 1285
f 1375 1286 1285
f 1375 1376 1286
f 1376 1287 1286
f 1376 1288 1287
f 1376 1377 1288
f 1377 1378 1288
f 1378 1379 1288
f 1379 1380 1288
f 1380 1289 1288
f 1380 1381 1289
f 1381 1382 1289
f 1382 1290 1289
f 1382 1291 1290
f 1382 1383 1291
f 1383 1292 1291
f 1384 1293 1292
f 1383 1384 1292
f 1385 1297 1293
f 1384 1385 1293
f 1386 1299 1294
f 1387 1386 1294
f 1295 1387 1294
f 1388 1387 1295
f 1389 1388 1295
f 1296 1389 1295
f 1385 1389 1296
f 1297 1385 1296
f 1390 1300 1298
f 1299 1390 1298
f 1386 1390 1299
f 1391 1303 1300
f 1390 1391 1300
f 1392 1308 1301
f 1302 1392 1301
f 1393 1392 1302
f 1303 1393 1302
f 1394 1393 1303
f 1391 1394 1303
f 1395 1310 1304
f 1396 1395 1304
f 1397 1396 1304
f 1305 1397 1304
f 1398 1397 1305
f 1306 1398 1305
f 1399 1398 1306
f 1307 1399 1306
f 1400 1399 1307
f 1308 1400 1307
f 1401 1400 1308
f 1392 1401 1308
f 1402 1313 1309
f 1310 1402 1309
f 1403 1402 1310
f 1404 1403 1310
f 1395 1404 1310
f 1405 1320 1312
f 1402 1405 1312
f 1313 1402 1312
f 1406 1374 1314
f 1316 1406 1314
f 1315 1316 1314
f 1407 1406 1316
f 1317 1407 1316
f 1322 1407 1317
f 1318 1322 1317
f 1408 1321 1319
f 1405 1408 1319
f 1320 1405 1319
f 1409 1325 1321
f 1408 1409 1321
f 1410 1407 1322
f 1411 1410 1322
f 1323 1411 1322
f 1412 1411 1323
f 1324 1412 1323
f 1413 1412 1324
f 1325 1413 1324
f 1414 1413 1325
f 1415 1414 1325
f 1409 1415 1325
f 1331 1416 1326
f 1416 1327 1326
f 1416 1417 1327
f 1417 1375 1327
f 1375 1328 1327
f 1330 1329 1331
f 1337 1418 1331
f 1418 1416 1331
f 1342 1419 1332
f 1419 1333 1332
f 1419 1420 1333
f 1420 1334 1333
f 1420 1336 1334
f 1336 1335 1334
f 1420 1421 1336
f 1421 1422 1336
f 1422 1418 1336
f 1418 1337 1336
f 1343 1423 1338
f 1423 1424 1338
f 1424 1339 1338
f 1424 1340 1339
f 1424 1425 1340
f 1425 1426 1340
f 1426 1427 1340
f 1427 1341 1340
f 1427 1428 1341
f 1428 1342 1341
f 1428 1429 1342
f 1429 1419 1342
f 1430 1423 1343
f 1431 1430 1343
f 1432 1431 1343
f 1433 1432 1343
f 1344 1433 1343
f 1434 1433 1344
f 1345 1434 1344
f 1433 1434 1345
f 1435 1433 1345
f 1346 1435 1345
f 1435 1346 1347
f 1436 1435 1347
f 1437 1436 1347
f 1438 1437 1347
f 1348 1438 1347
f 1437 1438 1348
f 1439 1437 1348
f 1349 1439 1348
f 1440 1439 1349
f 1350 1440 1349
f 1441 1440 1350
f 1351 1441 1350
f 1442 1441 1351
f 1352 1442 1351
f 1353 1442 1352
f 1443 1442 1353
f 1444 1443 1353
f 1355 1444 1353
f 1354 1355 1353
f 1445 1444 1355
f 1446 1445 1355
f 1447 1446 1355
f 1356 1447 1355
f 1358 1447 1356
f 1357 1358 1356
f 1448 1447 1358
f 1449 1448 1358
f 1450 1449 1358
f 1359 1450 1358
f 1451 1450 1359
f 1360 1451 1359
f 1452 1451 1360
f 1361 1452 1360
f 1453 1452 1361
f 1362 1453 1361
f 1454 1453 1362
f 1363 1454 1362
f 1365 1454 1363
f 1364 1365 1363
f 1455 1454 1365
f 1456 1455 1365
f 1366 1456 1365
f 1457 1456 1366
f 1367 1457 1366
f 1458 1457 1367
f 1459 1458 1367
f 1368 1459 1367
f 1460 1459 1368
f 1369 1460 1368
f 1461 1460 1369
f 1370 1461 1369
f 1462 1461 1370
f 1371 1462 1370
f 1463 1462 1371
f 1372 1463 1371
f 1464 1463 1372
f 1465 1464 1372
f 1373 1465 1372
f 1466 1465 1373
f 1374 1466 1373
f 1406 1466 1374
f 1417 1467 1375
f 1467 1468 1375
f 1468 1376 1375
f 1468 1469 1376
f 1469 1470 1376
f 1470 1377 1376
f 1470 1469 1377
f 1469 1471 1377
f 1471 1472 1377
f 1472 1473 1377
f 1473 1474 1377
f 1474 1378 1377
f 1474 1379 1378
f 1474 1475 1379
f 1475 1476 1379
f 1476 1477 1379
f 1477 1380 1379
f 1477 1478 1380
f 1478 1479 1380
f 1479 1480 1380
f 1480 1381 1380
f 1480 1382 1381
f 1480 1481 1382
f 1481 1383 1382
f 1481 1482 1383
f 1482 1384 1383
f 1482 1483 1384
f 1483 1385 1384
f 1483 1484 1385
f 1484 1389 1385
f 1485 1390 1386
f 1387 1485 1386
f 1388 1486 1387
f 1486 1487 1387
f 1487 1488 1387
f 1488 1485 1387
f 1389 1484 1388
f 1484 1486 1388
f 1489 1391 1390
f 1485 1489 1390
f 1489 1394 1391
f 1490 1401 1392
f 1393 1490 1392
f 1491 1490 1393
f 1394 1491 1393
f 1489 1492 1394
f 1492 1493 1394
f 1493 1494 1394
f 1494 1491 1394
f 1495 1404 1395
f 1496 1495 1395
f 1497 1496 1395
f 1397 1497 1395
f 1397 1395 1396
f 1498 1497 1397
f 1499 1498 1397
f 1500 1499 1397
f 1398 1500 1397
f 1501 1500 1398
f 1399 1501 1398
f 1502 1501 1399
f 1400 1502 1399
f 1503 1502 1400
f 1401 1503 1400
f 1504 1503 1401
f 1505 1504 1401
f 1490 1505 1401
f 1506 1405 1402
f 1507 1506 1402
f 1403 1507 1402
f 1508 1507 1403
f 1509 1508 1403
f 1510 1509 1403
f 1495 1510 1403
f 1404 1495 1403
f 1415 1408 1405
f 1506 1415 1405
f 1511 1466 1406
f 1410 1511 1406
f 1407 1410 1406
f 1415 1409 1408
f 1512 1511 1410
f 1513 1512 1410
f 1412 1513 1410
f 1411 1412 1410
f 1514 1513 1412
f 1515 1514 1412
f 1413 1515 1412
f 1516 1515 1413
f 1517 1516 1413
f 1414 1517 1413
f 1415 1517 1414
f 1518 1517 1415
f 1519 1518 1415
f 1520 1519 1415
f 1506 1520 1415
f 1418 1521 1416
f 1521 1522 1416
f 1522 1467 1416
f 1467 1417 1416
f 1422 1521 1418
f 1429 1421 1419
f 1421 1420 1419
f 1429 1523 1421
f 1523 1524 1421
f 1524 1422 1421
f 1524 1525 1422
f 1525 1526 1422
f 1526 1521 1422
f 1430 1527 1423
f 1527 1424 1423
f 1527 1528 1424
f 1528 1529 1424
f 1529 1425 1424
f 1529 1530 1425
f 1530 1531 1425
f 1531 1426 1425
f 1531 1532 1426
f 1532 1427 1426
f 1532 1533 1427
f 1533 1428 1427
f 1533 1523 1428
f 1523 1429 1428
f 1534 1527 1430
f 1535 1534 1430
f 1536 1535 1430
f 1537 1536 1430
f 1431 1537 1430
f 1538 1537 1431
f 1539 1538 1431
f 1432 1539 1431
f 1539 1433 1435
f 1436 1539 1435
f 1540 1539 1436
f 1541 1540 1436
f 1437 1541 1436
f 1542 1541 1437
f 1543 1542 1437
f 1439 1543 1437
f 1544 1543 1439
f 1440 1544 1439
f 1545 1544 1440
f 1441 1545 1440
f 1546 1545 1441
f 1442 1546 1441
f 1547 1546 1442
f 1443 1547 1442
f 1548 1547 1443
f 1549 1548 1443
f 1445 1549 1443
f 1444 1445 1443
f 1550 1549 1445
f 1551 1550 1445
f 1446 1551 1445
f 1448 1551 1446
f 1447 1448 1446
f 1552 1551 1448
f 1553 1552 1448
f 1554 1553 1448
f 1449 1554 1448
f 1555 1554 1449
f 1451 1555 1449
f 1450 1451 1449
f 1556 1555 1451
f 1557 1556 1451
f 1452 1557 1451
f 1558 1557 1452
f 1453 1558 1452
f 1455 1558 1453
f 1454 1455 1453
f 1559 1558 1455
f 1560 1559 1455
f 1456 1560 1455
f 1561 1560 1456
f 1457 1561 1456
f 1562 1561 1457
f 1563 1562 1457
f 1458 1563 1457
f 1564 1563 1458
f 1459 1564 1458
f 1565 1564 1459
f 1460 1565 1459
f 1566 1565 1460
f 1461 1566 1460
f 1567 1566 1461
f 1462 1567 1461
f 1568 1567 1462
f 1463 1568 1462
f 1569 1568 1463
f 1570 1569 1463
f 1464 1570 1463
f 1465 1570 1464
f 1571 1570 1465
f 1572 1571 1465
f 1466 1572 1465
f 1512 1572 1466
f 1511 1512 1466
f 1522 1573 1467
f 1573 1468 1467
f 1573 1574 1468
f 1574 1469 1468
f 1574 1575 1469
f 1575 1576 1469
f 1576 1471 1469
f 1576 1577 1471
f 1577 1472 1471
f 1577 1578 1472
f 1578 1475 1472
f 1475 1474 1472
f 1474 1473 1472
f 1578 1579 1475
f 1579 1580 1475
f 1580 1476 1475
f 1580 1581 1476
f 1581 1478 1476
f 1478 1477 1476
f 1581 1582 1478
f 1582 1479 1478
f 1582 1583 1479
f 1583 1584 1479
f 1584 1480 1479
f 1584 1481 1480
f 1584 1583 1481
f 1583 1585 1481
f 1585 1586 1481
f 1586 1482 1481
f 1586 1587 1482
f 1587 1483 1482
f 1587 1588 1483
f 1588 1484 1483
f 1588 1589 1484
f 1589 1486 1484
f 1488 1492 1485
f 1492 1489 1485
f 1589 1590 1486
f 1590 1487 1486
f 1590 1591 1487
f 1591 1488 1487
f 1591 1592 1488
f 1592 1492 1488
f 1491 1505 1490
f 1494 1593 1491
f 1593 1505 1491
f 1592 1594 1492
f 1594 1493 1492
f 1594 1595 1493
f 1595 1494 1493
f 1595 1596 1494
f 1596 1593 1494
f 1597 1510 1495
f 1496 1597 1495
f 1598 1597 1496
f 1599 1598 1496
f 1600 1599 1496
f 1499 1600 1496
f 1498 1499 1496
f 1497 1498 1496
f 1601 1600 1499
f 1500 1601 1499
f 1602 1601 1500
f 1501 1602 1500
f 1603 1602 1501
f 1502 1603 1501
f 1604 1603 1502
f 1503 1604 1502
f 1605 1604 1503
f 1504 1605 1503
f 1606 1605 1504
f 1505 1606 1504
f 1593 1607 1505
f 1607 1606 1505
f 1508 1520 1506
f 1507 1508 1506
f 1608 1520 1508
f 1609 1608 1508
f 1610 1609 1508
f 1509 1610 1508
f 1597 1610 1509
f 1510 1597 1509
f 1611 1572 1512
f 1612 1611 1512
f 1514 1612 1512
f 1513 1514 1512
f 1613 1612 1514
f 1614 1613 1514
f 1615 1614 1514
f 1515 1615 1514
f 1616 1615 1515
f 1516 1616 1515
f 1518 1616 1516
f 1517 1518 1516
f 1617 1616 1518
f 1618 1617 1518
f 1619 1618 1518
f 1620 1619 1518
f 1608 1620 1518
f 1519 1608 1518
f 1520 1608 1519
f 1526 1573 1521
f 1573 1522 1521
f 1533 1621 1523
f 1621 1622 1523
f 1622 1524 1523
f 1622 1623 1524
f 1623 1624 1524
f 1624 1625 1524
f 1625 1525 1524
f 1625 1526 1525
f 1625 1626 1526
f 1626 1627 1526
f 1627 1574 1526
f 1574 1573 1526
f 1628 1528 1527
f 1534 1628 1527
f 1628 1629 1528
f 1629 1529 1528
f 1629 1630 1529
f 1630 1631 1529
f 1631 1632 1529
f 1632 1530 1529
f 1632 1633 1530
f 1633 1531 1530
f 1633 1634 1531
f 1634 1532 1531
f 1634 1621 1532
f 1621 1533 1532
f 1635 1628 1534
f 1636 1635 1534
f 1637 1636 1534
f 1535 1637 1534
f 1536 1637 1535
f 1638 1637 1536
f 1639 1638 1536
f 1537 1639 1536
f 1640 1639 1537
f 1641 1640 1537
f 1538 1641 1537
f 1540 1641 1538
f 1539 1540 1538
f 1640 1641 1540
f 1642 1640 1540
f 1542 1642 1540
f 1541 1542 1540
f 1643 1642 1542
f 1644 1643 1542
f 1645 1644 1542
f 1543 1645 1542
f 1646 1645 1543
f 1544 1646 1543
f 1647 1646 1544
f 1545 1647 1544
f 1648 1647 1545
f 1546 1648 1545
f 1649 1648 1546
f 1547 1649 1546
f 1650 1649 1547
f 1548 1650 1547
f 1651 1650 1548
f 1652 1651 1548
f 1549 1652 1548
f 1653 1652 1549
f 1550 1653 1549
f 1552 1653 1550
f 1551 1552 1550
f 1654 1653 1552
f 1655 1654 1552
f 1554 1655 1552
f 1553 1554 1552
f 1656 1655 1554
f 1657 1656 1554
f 1556 1657 1554
f 1555 1556 1554
f 1658 1657 1556
f 1659 1658 1556
f 1557 1659 1556
f 1559 1659 1557
f 1558 1559 1557
f 1660 1659 1559
f 1661 1660 1559
f 1560 1661 1559
f 1662 1661 1560
f 1561 1662 1560
f 1663 1662 1561
f 1664 1663 1561
f 1562 1664 1561
f 1665 1664 1562
f 1563 1665 1562
f 1666 1665 1563
f 1564 1666 1563
f 1667 1666 1564
f 1565 1667 1564
f 1668 1667 1565
f 1566 1668 1565
f 1669 1668 1566
f 1567 1669 1566
f 1670 1669 1567
f 1568 1670 1567
f 1671 1670 1568
f 1672 1671 1568
f 1569 1672 1568
f 1570 1672 1569
f 1673 1672 1570
f 1674 1673 1570
f 1571 1674 1570
f 1611 1674 1571
f 1572 1611 1571
f 1627 1675 1574
f 1675 1575 1574
f 1675 1676 1575
f 1676 1576 1575
f 1676 1577 1576
f 1676 1677 1577
f 1677 1678 1577
f 1678 1578 1577
f 1678 1679 1578
f 1679 1680 1578
f 1680 1681 1578
f 1681 1682 1578
f 1682 1579 1578
f 1682 1683 1579
f 1683 1581 1579
f 1581 1580 1579
f 1683 1684 1581
f 1684 1685 1581
f 1685 1582 1581
f 1685 1686 1582
f 1686 1687 1582
f 1687 1583 1582
f 1687 1585 1583
f 1687 1688 1585
f 1688 1586 1585
f 1688 1689 1586
f 1689 1587 1586
f 1689 1690 1587
f 1690 1691 1587
f 1691 1588 1587
f 1691 1692 1588
f 1692 1589 1588
f 1692 1590 1589
f 1692 1693 1590
f 1693 1694 1590
f 1694 1695 1590
f 1695 1591 1590
f 1695 1696 1591
f 1696 1697 1591
f 1697 1592 1591
f 1697 1698 1592
f 1698 1699 1592
f 1699 1594 1592
f 1596 1700 1593
f 1700 1607 1593
f 1699 1595 1594
f 1699 1698 1595
f 1698 1701 1595
f 1701 1702 1595
f 1702 1703 1595
f 1703 1596 1595
f 1703 1704 1596
f 1704 1700 1596
f 1599 1610 1597
f 1598 1599 1597
f 1705 1610 1599
f 1706 1705 1599
f 1707 1706 1599
f 1600 1707 1599
f 1708 1707 1600
f 1601 1708 1600
f 1709 1708 1601
f 1602 1709 1601
f 1710 1709 1602
f 1603 1710 1602
f 1711 1710 1603
f 1712 1711 1603
f 1604 1712 1603
f 1605 1712 1604
f 1713 1712 1605
f 1606 1713 1605
f 1607 1714 1606
f 1714 1713 1606
f 1700 1715 1607
f 1715 1714 1607
f 1716 1620 1608
f 1717 1716 1608
f 1609 1717 1608
f 1718 1717 1609
f 1705 1718 1609
f 1610 1705 1609
f 1719 1674 1611
f 1720 1719 1611
f 1613 1720 1611
f 1612 1613 1611
f 1721 1720 1613
f 1722 1721 1613
f 1723 1722 1613
f 1614 1723 1613
f 1724 1723 1614
f 1615 1724 1614
f 1617 1724 1615
f 1616 1617 1615
f 1725 1724 1617
f 1726 1725 1617
f 1727 1726 1617
f 1618 1727 1617
f 1728 1727 1618
f 1729 1728 1618
f 1619 1729 1618
f 1716 1729 1619
f 1620 1716 1619
f 1634 1730 1621
f 1730 1731 1621
f 1731 1623 1621
f 1623 1622 1621
f 1731 1732 1623
f 1732 1733 1623
f 1733 1734 1623
f 1734 1735 1623
f 1623 1735 1624
f 1735 1625 1624
f 1735 1734 1625
f 1734 1626 1625
f 1734 1736 1626
f 1736 1737 1626
f 1737 1675 1626
f 1675 1627 1626
f 1738 1629 1628
f 1739 1738 1628
f 1635 1739 1628
f 1740 1630 1629
f 1741 1740 1629
f 1738 1741 1629
f 1740 1742 1630
f 1742 1743 1630
f 1743 1744 1630
f 1744 1631 1630
f 1744 1745 1631
f 1745 1746 1631
f 1746 1632 1631
f 1746 1634 1632
f 1634 1633 1632
f 1746 1747 1634
f 1747 1730 1634
f 1748 1739 1635
f 1749 1748 1635
f 1636 1749 1635
f 1750 1749 1636
f 1637 1750 1636
f 1751 1750 1637
f 1638 1751 1637
f 1752 1751 1638
f 1643 1752 1638
f 1640 1643 1638
f 1639 1640 1638
f 1642 1643 1640
f 1753 1752 1643
f 1754 1753 1643
f 1644 1754 1643
f 1755 1754 1644
f 1645 1755 1644
f 1756 1755 1645
f 1646 1756 1645
f 1757 1756 1646
f 1647 1757 1646
f 1758 1757 1647
f 1648 1758 1647
f 1649 1758 1648
f 1759 1758 1649
f 1650 1759 1649
f 1760 1759 1650
f 1761 1760 1650
f 1762 1761 1650
f 1651 1762 1650
f 1763 1762 1651
f 1652 1763 1651
f 1764 1763 1652
f 1653 1764 1652
f 1765 1764 1653
f 1654 1765 1653
f 1766 1765 1654
f 1655 1766 1654
f 1767 1766 1655
f 1656 1767 1655
f 1768 1767 1656
f 1658 1768 1656
f 1657 1658 1656
f 1769 1768 1658
f 1660 1769 1658
f 1659 1660 1658
f 1770 1769 1660
f 1771 1770 1660
f 1661 1771 1660
f 1772 1771 1661
f 1662 1772 1661
f 1773 1772 1662
f 1774 1773 1662
f 1663 1774 1662
f 1775 1774 1663
f 1664 1775 1663
f 1776 1775 1664
f 1665 1776 1664
f 1777 1776 1665
f 1666 1777 1665
f 1778 1777 1666
f 1667 1778 1666
f 1779 1778 1667
f 1668 1779 1667
f 1780 1779 1668
f 1669 1780 1668
f 1781 1780 1669
f 1670 1781 1669
f 1782 1781 1670
f 1783 1782 1670
f 1671 1783 1670
f 1672 1783 1671
f 1784 1783 1672
f 1785 1784 1672
f 1673 1785 1672
f 1719 1785 1673
f 1674 1719 1673
f 1737 1786 1675
f 1786 1787 1675
f 1787 1676 1675
f 1787 1788 1676
f 1788 1789 1676
f 1789 1677 1676
f 1789 1790 1677
f 1790 1679 1677
f 1679 1678 1677
f 1790 1791 1679
f 1791 1681 1679
f 1681 1680 1679
f 1791 1792 1681
f 1792 1793 1681
f 1793 1682 1681
f 1793 1794 1682
f 1794 1683 1682
f 1794 1795 1683
f 1795 1684 1683
f 1795 1796 1684
f 1796 1686 1684
f 1686 1685 1684
f 1796 1797 1686
f 1797 1798 1686
f 1798 1687 1686
f 1798 1799 1687
f 1799 1689 1687
f 1689 1688 1687
f 1799 1800 1689
f 1800 1801 1689
f 1801 1690 1689
f 1801 1802 1690
f 1802 1691 1690
f 1802 1803 1691
f 1803 1693 1691
f 1693 1692 1691
f 1803 1694 1693
f 1803 1804 1694
f 1804 1696 1694
f 1696 1695 1694
f 1804 1805 1696
f 1805 1806 1696
f 1806 1697 1696
f 1806 1701 1697
f 1701 1698 1697
f 1704 1807 1700
f 1807 1715 1700
f 1806 1808 1701
f 1808 1809 1701
f 1809 1810 1701
f 1810 1703 1701
f 1703 1702 1701
f 1810 1704 1703
f 1810 1809 1704
f 1809 1811 1704
f 1811 1812 1704
f 1812 1807 1704
f 1813 1718 1705
f 1814 1813 1705
f 1815 1814 1705
f 1706 1815 1705
f 1707 1815 1706
f 1816 1815 1707
f 1708 1816 1707
f 1817 1816 1708
f 1709 1817 1708
f 1818 1817 1709
f 1819 1818 1709
f 1710 1819 1709
f 1820 1819 1710
f 1711 1820 1710
f 1821 1820 1711
f 1822 1821 1711
f 1712 1822 1711
f 1713 1822 1712
f 1714 1823 1713
f 1823 1822 1713
f 1715 1824 1714
f 1824 1823 1714
f 1807 1825 1715
f 1825 1824 1715
f 1826 1729 1716
f 1827 1826 1716
f 1717 1827 1716
f 1828 1827 1717
f 1718 1828 1717
f 1813 1828 1718
f 1829 1785 1719
f 1830 1829 1719
f 1721 1830 1719
f 1720 1721 1719
f 1831 1830 1721
f 1832 1831 1721
f 1833 1832 1721
f 1722 1833 1721
f 1834 1833 1722
f 1723 1834 1722
f 1835 1834 1723
f 1725 1835 1723
f 1724 1725 1723
f 1836 1835 1725
f 1837 1836 1725
f 1726 1837 1725
f 1838 1837 1726
f 1727 1838 1726
f 1839 1838 1727
f 1840 1839 1727
f 1728 1840 1727
f 1826 1840 1728
f 1729 1826 1728
f 1747 1841 1730
f 1841 1732 1730
f 1732 1731 1730
f 1841 1842 1732
f 1842 1843 1732
f 1843 1844 1732
f 1844 1845 1732
f 1845 1733 1732
f 1845 1736 1733
f 1736 1734 1733
f 1845 1786 1736
f 1786 1737 1736
f 1846 1741 1738
f 1739 1846 1738
f 1847 1846 1739
f 1848 1847 1739
f 1849 1848 1739
f 1748 1849 1739
f 1850 1742 1740
f 1741 1850 1740
f 1851 1850 1741
f 1852 1851 1741
f 1846 1852 1741
f 1850 1853 1742
f 1853 1854 1742
f 1854 1855 1742
f 1855 1743 1742
f 1855 1856 1743
f 1856 1744 1743
f 1856 1857 1744
f 1857 1745 1744
f 1857 1747 1745
f 1747 1746 1745
f 1857 1858 1747
f 1858 1842 1747
f 1842 1841 1747
f 1859 1849 1748
f 1750 1859 1748
f 1749 1750 1748
f 1849 1859 1750
f 1751 1849 1750
f 1860 1849 1751
f 1861 1860 1751
f 1753 1861 1751
f 1752 1753 1751
f 1862 1861 1753
f 1754 1862 1753
f 1863 1862 1754
f 1864 1863 1754
f 1755 1864 1754
f 1865 1864 1755
f 1756 1865 1755
f 1866 1865 1756
f 1757 1866 1756
f 1867 1866 1757
f 1758 1867 1757
f 1868 1867 1758
f 1759 1868 1758
f 1869 1868 1759
f 1870 1869 1759
f 1760 1870 1759
f 1871 1870 1760
f 1872 1871 1760
f 1761 1872 1760
f 1873 1872 1761
f 1762 1873 1761
f 1874 1873 1762
f 1763 1874 1762
f 1764 1874 1763
f 1875 1874 1764
f 1876 1875 1764
f 1877 1876 1764
f 1765 1877 1764
f 1878 1877 1765
f 1766 1878 1765
f 1879 1878 1766
f 1767 1879 1766
f 1880 1879 1767
f 1769 1880 1767
f 1768 1769 1767
f 1881 1880 1769
f 1770 1881 1769
f 1882 1881 1770
f 1771 1882 1770
f 1883 1882 1771
f 1772 1883 1771
f 1884 1883 1772
f 1885 1884 1772
f 1773 1885 1772
f 1886 1885 1773
f 1774 1886 1773
f 1887 1886 1774
f 1775 1887 1774
f 1888 1887 1775
f 1776 1888 1775
f 1889 1888 1776
f 1777 1889 1776
f 1890 1889 1777
f 1778 1890 1777
f 1891 1890 1778
f 1779 1891 1778
f 1892 1891 1779
f 1780 1892 1779
f 1893 1892 1780
f 1781 1893 1780
f 1894 1893 1781
f 1895 1894 1781
f 1782 1895 1781
f 1783 1895 1782
f 1896 1895 1783
f 1784 1896 1783
f 1897 1896 1784
f 1829 1897 1784
f 1785 1829 1784
f 1845 1898 1786
f 1898 1899 1786
f 1899 1787 1786
f 1899 1900 1787
f 1900 1788 1787
f 1900 1789 1788
f 1900 1901 1789
f 1901 1902 1789
f 1902 1790 1789
f 1902 1903 1790
f 1903 1904 1790
f 1904 1905 1790
f 1905 1791 1790
f 1905 1792 1791
f 1905 1906 1792
f 1906 1907 1792
f 1907 1908 1792
f 1908 1793 1792
f 1908 1795 1793
f 1795 1794 1793
f 1908 1909 1795
f 1909 1910 1795
f 1910 1796 1795
f 1910 1911 1796
f 1911 1797 1796
f 1911 1912 1797
f 1912 1913 1797
f 1913 1798 1797
f 1913 1914 1798
f 1914 1799 1798
f 1914 1915 1799
f 1915 1800 1799
f 1915 1916 1800
f 1916 1801 1800
f 1916 1917 1801
f 1917 1802 1801
f 1917 1918 1802
f 1918 1803 1802
f 1918 1919 1803
f 1919 1804 1803
f 1919 1920 1804
f 1920 1805 1804
f 1920 1921 1805
f 1921 1806 1805
f 1921 1922 1806
f 1922 1808 1806
f 1812 1923 1807
f 1923 1924 1807
f 1924 1825 1807
f 1922 1925 1808
f 1925 1809 1808
f 1925 1926 1809
f 1926 1811 1809
f 1926 1927 1811
f 1927 1812 1811
f 1927 1928 1812
f 1928 1929 1812
f 1929 1923 1812
f 1930 1828 1813
f 1931 1930 1813
f 1814 1931 1813
f 1932 1931 1814
f 1815 1932 1814
f 1933 1932 1815
f 1816 1933 1815
f 1934 1933 1816
f 1817 1934 1816
f 1935 1934 1817
f 1818 1935 1817
f 1819 1935 1818
f 1936 1935 1819
f 1820 1936 1819
f 1937 1936 1820
f 1938 1937 1820
f 1821 1938 1820
f 1822 1938 1821
f 1823 1939 1822
f 1939 1938 1822
f 1824 1940 1823
f 1940 1941 1823
f 1941 1939 1823
f 1942 1940 1824
f 1924 1942 1824
f 1825 1924 1824
f 1943 1840 1826
f 1944 1943 1826
f 1945 1944 1826
f 1946 1945 1826
f 1827 1946 1826
f 1930 1946 1827
f 1828 1930 1827
f 1947 1897 1829
f 1948 1947 1829
f 1831 1948 1829
f 1830 1831 1829
f 1949 1948 1831
f 1950 1949 1831
f 1951 1950 1831
f 1832 1951 1831
f 1952 1951 1832
f 1833 1952 1832
f 1835 1952 1833
f 1834 1835 1833
f 1953 1952 1835
f 1954 1953 1835
f 1955 1954 1835
f 1836 1955 1835
f 1837 1955 1836
f 1956 1955 1837
f 1957 1956 1837
f 1958 1957 1837
f 1838 1958 1837
f 1959 1958 1838
f 1943 1959 1838
f 1839 1943 1838
f 1840 1943 1839
f 1858 1960 1842
f 1960 1961 1842
f 1961 1962 1842
f 1962 1843 1842
f 1962 1963 1843
f 1963 1844 1843
f 1963 1898 1844
f 1898 1845 1844
f 1964 1852 1846
f 1848 1964 1846
f 1847 1848 1846
f 1965 1964 1848
f 1966 1965 1848
f 1967 1966 1848
f 1968 1967 1848
f 1849 1968 1848
f 1969 1853 1850
f 1851 1969 1850
f 1970 1969 1851
f 1971 1970 1851
f 1964 1971 1851
f 1852 1964 1851
f 1972 1854 1853
f 1969 1972 1853
f 1972 1973 1854
f 1973 1974 1854
f 1974 1855 1854
f 1974 1975 1855
f 1975 1856 1855
f 1975 1976 1856
f 1976 1857 1856
f 1976 1960 1857
f 1960 1858 1857
f 1968 1849 1860
f 1977 1968 1860
f 1861 1977 1860
f 1978 1977 1861
f 1979 1978 1861
f 1863 1979 1861
f 1862 1863 1861
f 1980 1979 1863
f 1981 1980 1863
f 1864 1981 1863
f 1982 1981 1864
f 1865 1982 1864
f 1983 1982 1865
f 1866 1983 1865
f 1984 1983 1866
f 1867 1984 1866
f 1985 1984 1867
f 1868 1985 1867
f 1986 1985 1868
f 1869 1986 1868
f 1987 1986 1869
f 1870 1987 1869
f 1988 1987 1870
f 1989 1988 1870
f 1872 1989 1870
f 1871 1872 1870
f 1990 1989 1872
f 1991 1990 1872
f 1875 1991 1872
f 1873 1875 1872
f 1874 1875 1873
f 1992 1991 1875
f 1993 1992 1875
f 1994 1993 1875
f 1876 1994 1875
f 1995 1994 1876
f 1878 1995 1876
f 1877 1878 1876
f 1996 1995 1878
f 1997 1996 1878
f 1879 1997 1878
f 1881 1997 1879
f 1880 1881 1879
f 1998 1997 1881
f 1999 1998 1881
f 1882 1999 1881
f 1883 1999 1882
f 2000 1999 1883
f 2001 2000 1883
f 2002 2001 1883
f 1884 2002 1883
f 2003 2002 1884
f 1885 2003 1884
f 2004 2003 1885
f 1886 2004 1885
f 2005 2004 1886
f 1887 2005 1886
f 2006 2005 1887
f 1888 2006 1887
f 2007 2006 1888
f 1889 2007 1888
f 2008 2007 1889
f 1890 2008 1889
f 2009 2008 1890
f 1891 2009 1890
f 2010 2009 1891
f 1892 2010 1891
f 2011 2010 1892
f 1893 2011 1892
f 2012 2011 1893
f 2013 2012 1893
f 1894 2013 1893
f 1896 2013 1894
f 1895 1896 1894
f 2014 2013 1896
f 2015 2014 1896
f 1947 2015 1896
f 1897 1947 1896
f 1963 2016 1898
f 2016 1899 1898
f 2016 1900 1899
f 2016 2017 1900
f 2017 1901 1900
f 2017 2018 1901
f 2018 2019 1901
f 2019 1903 1901
f 1903 1902 1901
f 2019 2020 1903
f 2020 2021 1903
f 2021 2022 1903
f 2022 1904 1903
f 2022 2023 1904
f 2023 1905 1904
f 2023 2024 1905
f 2024 1906 1905
f 2024 2025 1906
f 2025 2026 1906
f 2026 1907 1906
f 2026 1909 1907
f 1909 1908 1907
f 2026 2027 1909
f 2027 2028 1909
f 2028 1910 1909
f 2028 2029 1910
f 2029 1911 1910
f 2029 2030 1911
f 2030 2031 1911
f 2031 1912 1911
f 2031 1913 1912
f 2031 2032 1913
f 2032 1915 1913
f 1915 1914 1913
f 2032 2033 1915
f 2033 1916 1915
f 2033 2034 1916
f 2034 1917 1916
f 2034 2035 1917
f 2035 1918 1917
f 2035 1919 1918
f 2035 2036 1919
f 2036 2037 1919
f 2037 2038 1919
f 2038 1920 1919
f 2038 2039 1920
f 2039 1921 1920
f 2039 2040 1921
f 2040 1922 1921
f 2040 2041 1922
f 2041 1925 1922
f 1929 2042 1923
f 2042 1924 1923
f 2043 1942 1924
f 2044 2043 1924
f 2042 2044 1924
f 2041 2045 1925
f 2045 1926 1925
f 2045 2046 1926
f 2046 1927 1926
f 2046 2047 1927
f 2047 1928 1927
f 2047 2048 1928
f 2048 1929 1928
f 2048 2049 1929
f 2049 2042 1929
f 2050 1946 1930
f 2051 2050 1930
f 2052 2051 1930
f 1931 2052 1930
f 2053 2052 1931
f 2054 2053 1931
f 1932 2054 1931
f 2055 2054 1932
f 1933 2055 1932
f 2056 2055 1933
f 1934 2056 1933
f 2057 2056 1934
f 2058 2057 1934
f 1935 2058 1934
f 1936 2058 1935
f 2059 2058 1936
f 2060 2059 1936
f 1937 2060 1936
f 1938 2061 1937
f 2061 2060 1937
f 1941 2061 1938
f 1939 1941 1938
f 2062 1941 1940
f 2043 2062 1940
f 1942 2043 1940
f 2063 2061 1941
f 2064 2063 1941
f 2065 2064 1941
f 2062 2065 1941
f 2066 1959 1943
f 2067 2066 1943
f 2068 2067 1943
f 1944 2068 1943
f 2050 2068 1944
f 1945 2050 1944
f 1946 2050 1945
f 2069 2015 1947
f 2070 2069 1947
f 1949 2070 1947
f 1948 1949 1947
f 2071 2070 1949
f 2072 2071 1949
f 2073 2072 1949
f 1950 2073 1949
f 2074 2073 1950
f 1951 2074 1950
f 1953 2074 1951
f 1952 1953 1951
f 2075 2074 1953
f 2076 2075 1953
f 2077 2076 1953
f 1954 2077 1953
f 1956 2077 1954
f 1955 1956 1954
f 2078 2077 1956
f 2079 2078 1956
f 2080 2079 1956
f 2081 2080 1956
f 1958 2081 1956
f 1957 1958 1956
f 2082 2081 1958
f 2083 2082 1958
f 2066 2083 1958
f 1959 2066 1958
f 1976 2084 1960
f 2084 2085 1960
f 2085 2086 1960
f 2086 2087 1960
f 2087 1961 1960
f 2087 2088 1961
f 2088 2089 1961
f 2089 1962 1961
f 2089 1963 1962
f 2089 2088 1963
f 2088 2016 1963
f 2090 1964 1965
f 2091 2090 1965
f 1966 2091 1965
f 2092 2091 1966
f 1967 2092 1966
f 1968 2092 1967
f 2093 2092 1968
f 1978 2093 1968
f 1977 1978 1968
f 2094 1972 1969
f 2095 2094 1969
f 2096 2095 1969
f 1970 2096 1969
f 2097 2096 1970
f 2098 2097 1970
f 2099 2098 1970
f 2100 2099 1970
f 1971 2100 1970
f 2101 2100 1971
f 1964 2101 1971
f 2094 2102 1972
f 2102 1973 1972
f 2102 2103 1973
f 2103 1974 1973
f 2103 2104 1974
f 2104 1975 1974
f 2104 2084 1975
f 2084 1976 1975
f 2105 2093 1978
f 2106 2105 1978
f 1980 2106 1978
f 1979 1980 1978
f 2107 2106 1980
f 1981 2107 1980
f 2108 2107 1981
f 1982 2108 1981
f 2109 2108 1982
f 1983 2109 1982
f 2110 2109 1983
f 1984 2110 1983
f 2111 2110 1984
f 1985 2111 1984
f 1986 2111 1985
f 2112 2111 1986
f 1987 2112 1986
f 2113 2112 1987
f 2114 2113 1987
f 2115 2114 1987
f 1988 2115 1987
f 2116 2115 1988
f 2117 2116 1988
f 1989 2117 1988
f 2118 2117 1989
f 1990 2118 1989
f 1992 2118 1990
f 1991 1992 1990
f 2119 2118 1992
f 2120 2119 1992
f 2121 2120 1992
f 1993 2121 1992
f 2122 2121 1993
f 1994 2122 1993
f 2123 2122 1994
f 1996 2123 1994
f 1995 1996 1994
f 2124 2123 1996
f 1998 2124 1996
f 1997 1998 1996
f 2125 2124 1998
f 2126 2125 1998
f 1999 2126 1998
f 2127 2126 1999
f 2000 2127 1999
f 2128 2127 2000
f 2129 2128 2000
f 2002 2129 2000
f 2001 2002 2000
f 2130 2129 2002
f 2131 2130 2002
f 2003 2131 2002
f 2132 2131 2003
f 2004 2132 2003
f 2133 2132 2004
f 2005 2133 2004
f 2134 2133 2005
f 2006 2134 2005
f 2135 2134 2006
f 2007 2135 2006
f 2136 2135 2007
f 2008 2136 2007
f 2137 2136 2008
f 2009 2137 2008
f 2138 2137 2009
f 2010 2138 2009
f 2139 2138 2010
f 2011 2139 2010
f 2140 2139 2011
f 2141 2140 2011
f 2012 2141 2011
f 2013 2141 2012
f 2142 2141 2013
f 2014 2142 2013
f 2143 2142 2014
f 2069 2143 2014
f 2015 2069 2014
f 2088 2144 2016
f 2144 2017 2016
f 2144 2145 2017
f 2145 2146 2017
f 2146 2018 2017
f 2146 2147 2018
f 2147 2020 2018
f 2020 2019 2018
f 2147 2148 2020
f 2148 2149 2020
f 2149 2150 2020
f 2150 2021 2020
f 2150 2151 2021
f 2151 2022 2021
f 2151 2152 2022
f 2152 2023 2022
f 2152 2153 2023
f 2153 2024 2023
f 2153 2154 2024
f 2154 2155 2024
f 2155 2025 2024
f 2155 2156 2025
f 2156 2026 2025
f 2156 2027 2026
f 2156 2157 2027
f 2157 2158 2027
f 2158 2028 2027
f 2158 2159 2028
f 2159 2029 2028
f 2159 2160 2029
f 2160 2030 2029
f 2160 2161 2030
f 2161 2031 2030
f 2161 2162 2031
f 2162 2032 2031
f 2162 2163 2032
f 2163 2033 2032
f 2163 2164 2033
f 2164 2165 2033
f 2165 2034 2033
f 2165 2035 2034
f 2165 2166 2035
f 2166 2167 2035
f 2167 2036 2035
f 2167 2168 2036
f 2168 2169 2036
f 2169 2170 2036
f 2170 2037 2036
f 2170 2171 2037
f 2171 2172 2037
f 2172 2039 2037
f 2039 2038 2037
f 2172 2173 2039
f 2173 2040 2039
f 2173 2174 2040
f 2174 2041 2040
f 2174 2175 2041
f 2175 2045 2041
f 2049 2176 2042
f 2176 2177 2042
f 2177 2044 2042
f 2044 2065 2043
f 2065 2062 2043
f 2178 2065 2044
f 2179 2178 2044
f 2177 2179 2044
f 2175 2180 2045
f 2180 2046 2045
f 2180 2181 2046
f 2181 2182 2046
f 2182 2047 2046
f 2182 2183 2047
f 2183 2048 2047
f 2183 2184 2048
f 2184 2185 2048
f 2185 2049 2048
f 2185 2186 2049
f 2186 2176 2049
f 2187 2068 2050
f 2188 2187 2050
f 2189 2188 2050
f 2051 2189 2050
f 2190 2189 2051
f 2052 2190 2051
f 2191 2190 2052
f 2053 2191 2052
f 2192 2191 2053
f 2054 2192 2053
f 2055 2192 2054
f 2193 2192 2055
f 2194 2193 2055
f 2195 2194 2055
f 2056 2195 2055
f 2057 2195 2056
f 2196 2195 2057
f 2197 2196 2057
f 2058 2197 2057
f 2198 2197 2058
f 2059 2198 2058
f 2199 2198 2059
f 2063 2199 2059
f 2060 2063 2059
f 2061 2063 2060
f 2200 2199 2063
f 2201 2200 2063
f 2202 2201 2063
f 2064 2202 2063
f 2203 2202 2064
f 2178 2203 2064
f 2065 2178 2064
f 2204 2083 2066
f 2205 2204 2066
f 2206 2205 2066
f 2207 2206 2066
f 2067 2207 2066
f 2187 2207 2067
f 2068 2187 2067
f 2208 2143 2069
f 2209 2208 2069
f 2071 2209 2069
f 2070 2071 2069
f 2210 2209 2071
f 2211 2210 2071
f 2072 2211 2071
f 2212 2211 2072
f 2213 2212 2072
f 2073 2213 2072
f 2074 2213 2073
f 2214 2213 2074
f 2215 2214 2074
f 2075 2215 2074
f 2216 2215 2075
f 2076 2216 2075
f 2078 2216 2076
f 2077 2078 2076
f 2217 2216 2078
f 2218 2217 2078
f 2219 2218 2078
f 2079 2219 2078
f 2220 2219 2079
f 2082 2220 2079
f 2080 2082 2079
f 2081 2082 2080
f 2221 2220 2082
f 2222 2221 2082
f 2204 2222 2082
f 2083 2204 2082
f 2104 2223 2084
f 2223 2085 2084
f 2223 2224 2085
f 2224 2225 2085
f 2225 2226 2085
f 2226 2086 2085
f 2226 2087 2086
f 2226 2227 2087
f 2227 2228 2087
f 2228 2144 2087
f 2144 2088 2087
f 2100 1964 2090
f 2229 2090 2091
f 2230 2229 2091
f 2231 2230 2091
f 2092 2231 2091
f 2105 2231 2092
f 2093 2105 2092
f 2095 2232 2094
f 2232 2233 2094
f 2233 2102 2094
f 2096 2234 2095
f 2234 2235 2095
f 2235 2236 2095
f 2236 2237 2095
f 2237 2232 2095
f 2238 2234 2096
f 2097 2238 2096
f 2239 2238 2097
f 2240 2239 2097
f 2241 2240 2097
f 2098 2241 2097
f 2100 2241 2098
f 2099 2100 2098
f 2233 2242 2102
f 2242 2223 2102
f 2223 2103 2102
f 2223 2104 2103
f 2243 2231 2105
f 2106 2243 2105
f 2244 2243 2106
f 2245 2244 2106
f 2107 2245 2106
f 2246 2245 2107
f 2108 2246 2107
f 2247 2246 2108
f 2109 2247 2108
f 2248 2247 2109
f 2110 2248 2109
f 2249 2248 2110
f 2111 2249 2110
f 2250 2249 2111
f 2112 2250 2111
f 2113 2250 2112
f 2251 2250 2113
f 2252 2251 2113
f 2253 2252 2113
f 2114 2253 2113
f 2254 2253 2114
f 2115 2254 2114
f 2255 2254 2115
f 2116 2255 2115
f 2119 2255 2116
f 2118 2119 2116
f 2117 2118 2116
f 2256 2255 2119
f 2257 2256 2119
f 2120 2257 2119
f 2258 2257 2120
f 2122 2258 2120
f 2121 2122 2120
f 2259 2258 2122
f 2260 2259 2122
f 2124 2260 2122
f 2123 2124 2122
f 2261 2260 2124
f 2125 2261 2124
f 2262 2261 2125
f 2126 2262 2125
f 2263 2262 2126
f 2127 2263 2126
f 2264 2263 2127
f 2265 2264 2127
f 2128 2265 2127
f 2266 2265 2128
f 2130 2266 2128
f 2129 2130 2128
f 2267 2266 2130
f 2268 2267 2130
f 2131 2268 2130
f 2269 2268 2131
f 2132 2269 2131
f 2270 2269 2132
f 2133 2270 2132
f 2271 2270 2133
f 2134 2271 2133
f 2272 2271 2134
f 2135 2272 2134
f 2273 2272 2135
f 2136 2273 2135
f 2274 2273 2136
f 2137 2274 2136
f 2275 2274 2137
f 2138 2275 2137
f 2276 2275 2138
f 2139 2276 2138
f 2277 2276 2139
f 2278 2277 2139
f 2140 2278 2139
f 2141 2278 2140
f 2279 2278 2141
f 2142 2279 2141
f 2280 2279 2142
f 2143 2280 2142
f 2281 2280 2143
f 2208 2281 2143
f 2228 2282 2144
f 2282 2145 2144
f 2282 2146 2145
f 2282 2283 2146
f 2283 2148 2146
f 2148 2147 2146
f 2283 2284 2148
f 2284 2285 2148
f 2285 2286 2148
f 2286 2149 2148
f 2286 2287 2149
f 2287 2150 2149
f 2287 2288 2150
f 2288 2151 2150
f 2288 2289 2151
f 2289 2290 2151
f 2290 2152 2151
f 2290 2291 2152
f 2291 2153 2152
f 2291 2292 2153
f 2292 2293 2153
f 2293 2154 2153
f 2293 2294 2154
f 2294 2155 2154
f 2155 2294 2156
f 2294 2157 2156
f 2294 2158 2157
f 2294 2295 2158
f 2295 2296 2158
f 2296 2297 2158
f 2297 2160 2158
f 2160 2159 2158
f 2297 2298 2160
f 2298 2299 2160
f 2299 2161 2160
f 2299 2300 2161
f 2300 2162 2161
f 2300 2301 2162
f 2301 2163 2162
f 2301 2302 2163
f 2302 2166 2163
f 2166 2164 2163
f 2166 2165 2164
f 2302 2303 2166
f 2303 2167 2166
f 2303 2168 2167
f 2303 2169 2168
f 2303 2304 2169
f 2304 2305 2169
f 2305 2306 2169
f 2306 2307 2169
f 2307 2308 2169
f 2308 2171 2169
f 2171 2170 2169
f 2308 2309 2171
f 2309 2310 2171
f 2310 2173 2171
f 2173 2172 2171
f 2310 2311 2173
f 2311 2174 2173
f 2311 2175 2174
f 2311 2312 2175
f 2312 2313 2175
f 2313 2314 2175
f 2314 2180 2175
f 2186 2315 2176
f 2315 2179 2176
f 2179 2177 2176
f 2316 2203 2178
f 2317 2316 2178
f 2318 2317 2178
f 2179 2318 2178
f 2315 2319 2179
f 2319 2318 2179
f 2314 2320 2180
f 2320 2181 2180
f 2320 2321 2181
f 2321 2322 2181
f 2322 2183 2181
f 2183 2182 2181
f 2322 2323 2183
f 2323 2184 2183
f 2323 2324 2184
f 2324 2325 2184
f 2325 2185 2184
f 2325 2326 2185
f 2326 2327 2185
f 2327 2186 2185
f 2327 2328 2186
f 2328 2329 2186
f 2329 2319 2186
f 2319 2315 2186
f 2330 2207 2187
f 2331 2330 2187
f 2332 2331 2187
f 2188 2332 2187
f 2189 2332 2188
f 2333 2332 2189
f 2190 2333 2189
f 2334 2333 2190
f 2191 2334 2190
f 2335 2334 2191
f 2192 2335 2191
f 2336 2335 2192
f 2193 2336 2192
f 2194 2336 2193
f 2195 2196 2194
f 2196 2337 2194
f 2337 2336 2194
f 2197 2337 2196
f 2338 2337 2197
f 2339 2338 2197
f 2200 2339 2197
f 2198 2200 2197
f 2199 2200 2198
f 2340 2339 2200
f 2341 2340 2200
f 2342 2341 2200
f 2201 2342 2200
f 2202 2342 2201
f 2316 2342 2202
f 2203 2316 2202
f 2343 2222 2204
f 2344 2343 2204
f 2345 2344 2204
f 2205 2345 2204
f 2346 2345 2205
f 2206 2346 2205
f 2330 2346 2206
f 2207 2330 2206
f 2347 2281 2208
f 2210 2347 2208
f 2209 2210 2208
f 2348 2347 2210
f 2349 2348 2210
f 2211 2349 2210
f 2350 2349 2211
f 2351 2350 2211
f 2212 2351 2211
f 2213 2351 2212
f 2352 2351 2213
f 2214 2352 2213
f 2353 2352 2214
f 2354 2353 2214
f 2215 2354 2214
f 2217 2354 2215
f 2216 2217 2215
f 2355 2354 2217
f 2356 2355 2217
f 2357 2356 2217
f 2218 2357 2217
f 2358 2357 2218
f 2219 2358 2218
f 2359 2358 2219
f 2221 2359 2219
f 2220 2221 2219
f 2360 2359 2221
f 2361 2360 2221
f 2343 2361 2221
f 2222 2343 2221
f 2242 2362 2223
f 2362 2224 2223
f 2362 2363 2224
f 2363 2364 2224
f 2364 2365 2224
f 2365 2227 2224
f 2227 2225 2224
f 2227 2226 2225
f 2365 2366 2227
f 2366 2367 2227
f 2367 2282 2227
f 2282 2228 2227
f 2368 2229 2230
f 2369 2368 2230
f 2370 2369 2230
f 2371 2370 2230
f 2231 2371 2230
f 2372 2371 2231
f 2244 2372 2231
f 2243 2244 2231
f 2237 2373 2232
f 2373 2233 2232
f 2373 2362 2233
f 2362 2242 2233
f 2238 2374 2234
f 2374 2375 2234
f 2375 2235 2234
f 2375 2376 2235
f 2376 2377 2235
f 2377 2236 2235
f 2377 2378 2236
f 2378 2237 2236
f 2378 2379 2237
f 2379 2373 2237
f 2380 2374 2238
f 2239 2380 2238
f 2381 2380 2239
f 2382 2381 2239
f 2383 2382 2239
f 2384 2383 2239
f 2240 2384 2239
f 2383 2240 2241
f 2385 2383 2241
f 2386 2385 2241
f 2387 2386 2241
f 2388 2372 2244
f 2389 2388 2244
f 2245 2389 2244
f 2390 2389 2245
f 2246 2390 2245
f 2391 2390 2246
f 2247 2391 2246
f 2392 2391 2247
f 2248 2392 2247
f 2393 2392 2248
f 2249 2393 2248
f 2250 2393 2249
f 2394 2393 2250
f 2251 2394 2250
f 2395 2394 2251
f 2396 2395 2251
f 2397 2396 2251
f 2252 2397 2251
f 2398 2397 2252
f 2253 2398 2252
f 2399 2398 2253
f 2254 2399 2253
f 2400 2399 2254
f 2255 2400 2254
f 2401 2400 2255
f 2256 2401 2255
f 2402 2401 2256
f 2257 2402 2256
f 2403 2402 2257
f 2259 2403 2257
f 2258 2259 2257
f 2404 2403 2259
f 2261 2404 2259
f 2260 2261 2259
f 2405 2404 2261
f 2262 2405 2261
f 2406 2405 2262
f 2263 2406 2262
f 2407 2406 2263
f 2408 2407 2263
f 2409 2408 2263
f 2264 2409 2263
f 2410 2409 2264
f 2265 2410 2264
f 2411 2410 2265
f 2267 2411 2265
f 2266 2267 2265
f 2412 2411 2267
f 2413 2412 2267
f 2268 2413 2267
f 2414 2413 2268
f 2269 2414 2268
f 2415 2414 2269
f 2270 2415 2269
f 2416 2415 2270
f 2271 2416 2270
f 2417 2416 2271
f 2272 2417 2271
f 2418 2417 2272
f 2273 2418 2272
f 2419 2418 2273
f 2274 2419 2273
f 2420 2419 2274
f 2275 2420 2274
f 2421 2420 2275
f 2276 2421 2275
f 2422 2421 2276
f 2423 2422 2276
f 2277 2423 2276
f 2278 2423 2277
f 2424 2423 2278
f 2425 2424 2278
f 2279 2425 2278
f 2280 2425 2279
f 2426 2425 2280
f 2281 2426 2280
f 2427 2426 2281
f 2348 2427 2281
f 2347 2348 2281
f 2367 2428 2282
f 2428 2429 2282
f 2429 2430 2282
f 2430 2284 2282
f 2284 2283 2282
f 2430 2431 2284
f 2431 2432 2284
f 2432 2433 2284
f 2433 2286 2284
f 2286 2285 2284
f 2433 2434 2286
f 2434 2435 2286
f 2435 2436 2286
f 2286 2436 2287
f 2436 2288 2287
f 2436 2437 2288
f 2437 2438 2288
f 2438 2290 2288
f 2290 2289 2288
f 2438 2439 2290
f 2439 2440 2290
f 2440 2291 2290
f 2440 2441 2291
f 2441 2442 2291
f 2442 2443 2291
f 2443 2292 2291
f 2443 2444 2292
f 2444 2295 2292
f 2295 2293 2292
f 2295 2294 2293
f 2444 2445 2295
f 2445 2446 2295
f 2446 2296 2295
f 2446 2447 2296
f 2447 2298 2296
f 2298 2297 2296
f 2447 2448 2298
f 2448 2449 2298
f 2449 2299 2298
f 2449 2450 2299
f 2450 2300 2299
f 2450 2451 2300
f 2451 2452 2300
f 2452 2301 2300
f 2452 2302 2301
f 2452 2304 2302
f 2304 2303 2302
f 2452 2453 2304
f 2453 2454 2304
f 2454 2306 2304
f 2306 2305 2304
f 2454 2455 2306
f 2455 2456 2306
f 2456 2457 2306
f 2457 2307 2306
f 2457 2458 2307
f 2458 2459 2307
f 2459 2309 2307
f 2309 2308 2307
f 2459 2460 2309
f 2460 2310 2309
f 2460 2312 2310
f 2312 2311 2310
f 2460 2461 2312
f 2461 2462 2312
f 2462 2463 2312
f 2463 2313 2312
f 2463 2464 2313
f 2464 2314 2313
f 2464 2465 2314
f 2465 2320 2314
f 2466 2342 2316
f 2467 2466 2316
f 2468 2467 2316
f 2469 2468 2316
f 2317 2469 2316
f 2318 2469 2317
f 2319 2470 2318
f 2470 2469 2318
f 2329 2470 2319
f 2465 2471 2320
f 2471 2472 2320
f 2472 2321 2320
f 2472 2473 2321
f 2473 2323 2321
f 2323 2322 2321
f 2473 2474 2323
f 2474 2324 2323
f 2474 2475 2324
f 2475 2326 2324
f 2326 2325 2324
f 2475 2476 2326
f 2476 2328 2326
f 2328 2327 2326
f 2476 2477 2328
f 2477 2478 2328
f 2478 2470 2328
f 2470 2329 2328
f 2479 2346 2330
f 2480 2479 2330
f 2481 2480 2330
f 2482 2481 2330
f 2331 2482 2330
f 2483 2482 2331
f 2332 2483 2331
f 2484 2483 2332
f 2333 2484 2332
f 2485 2484 2333
f 2334 2485 2333
f 2486 2485 2334
f 2335 2486 2334
f 2487 2486 2335
f 2336 2487 2335
f 2488 2487 2336
f 2489 2488 2336
f 2337 2489 2336
f 2339 2488 2338
f 2340 2488 2339
f 2490 2488 2340
f 2491 2490 2340
f 2492 2491 2340
f 2341 2492 2340
f 2466 2492 2341
f 2342 2466 2341
f 2493 2361 2343
f 2494 2493 2343
f 2495 2494 2343
f 2496 2495 2343
f 2344 2496 2343
f 2345 2496 2344
f 2479 2496 2345
f 2346 2479 2345
f 2497 2427 2348
f 2498 2497 2348
f 2349 2498 2348
f 2499 2498 2349
f 2500 2499 2349
f 2350 2500 2349
f 2351 2500 2350
f 2501 2500 2351
f 2352 2501 2351
f 2502 2501 2352
f 2503 2502 2352
f 2353 2503 2352
f 2355 2503 2353
f 2354 2355 2353
f 2504 2503 2355
f 2505 2504 2355
f 2506 2505 2355
f 2356 2506 2355
f 2507 2506 2356
f 2357 2507 2356
f 2508 2507 2357
f 2358 2508 2357
f 2509 2508 2358
f 2360 2509 2358
f 2359 2360 2358
f 2510 2509 2360
f 2511 2510 2360
f 2493 2511 2360
f 2361 2493 2360
f 2373 2379 2362
f 2379 2512 2362
f 2512 2363 2362
f 2512 2513 2363
f 2513 2514 2363
f 2514 2364 2363
f 2514 2366 2364
f 2366 2365 2364
f 2514 2515 2366
f 2515 2516 2366
f 2516 2517 2366
f 2517 2429 2366
f 2429 2428 2366
f 2428 2367 2366
f 2101 2229 2368
f 2518 2386 2368
f 2519 2518 2368
f 2370 2519 2368
f 2520 2519 2370
f 2521 2520 2370
f 2522 2521 2370
f 2371 2522 2370
f 2368 2369 2370
f 2372 2522 2371
f 2521 2522 2372
f 2388 2521 2372
f 2380 2523 2374
f 2523 2524 2374
f 2524 2375 2374
f 2524 2525 2375
f 2525 2526 2375
f 2526 2376 2375
f 2526 2527 2376
f 2527 2377 2376
f 2527 2528 2377
f 2528 2378 2377
f 2528 2512 2378
f 2512 2379 2378
f 2529 2523 2380
f 2381 2529 2380
f 2530 2529 2381
f 2531 2530 2381
f 2532 2531 2381
f 2382 2532 2381
f 2533 2532 2382
f 2383 2533 2382
f 2240 2383 2384
f 2386 2520 2385
f 2520 2383 2385
f 2387 2368 2386
f 2241 2100 2387
f 2101 2368 2387
f 2100 2101 2387
f 2534 2521 2388
f 2535 2534 2388
f 2536 2535 2388
f 2389 2536 2388
f 2537 2536 2389
f 2390 2537 2389
f 2538 2537 2390
f 2391 2538 2390
f 2392 2538 2391
f 2539 2538 2392
f 2540 2539 2392
f 2393 2540 2392
f 2394 2540 2393
f 2541 2540 2394
f 2395 2541 2394
f 2542 2541 2395
f 2543 2542 2395
f 2544 2543 2395
f 2396 2544 2395
f 2545 2544 2396
f 2546 2545 2396
f 2397 2546 2396
f 2399 2546 2397
f 2398 2399 2397
f 2547 2546 2399
f 2548 2547 2399
f 2400 2548 2399
f 2549 2548 2400
f 2401 2549 2400
f 2550 2549 2401
f 2402 2550 2401
f 2551 2550 2402
f 2404 2551 2402
f 2403 2404 2402
f 2552 2551 2404
f 2405 2552 2404
f 2553 2552 2405
f 2406 2553 2405
f 2554 2553 2406
f 2407 2554 2406
f 2555 2554 2407
f 2556 2555 2407
f 2409 2556 2407
f 2408 2409 2407
f 2557 2556 2409
f 2558 2557 2409
f 2410 2558 2409
f 2559 2558 2410
f 2412 2559 2410
f 2411 2412 2410
f 2560 2559 2412
f 2561 2560 2412
f 2413 2561 2412
f 2562 2561 2413
f 2414 2562 2413
f 2563 2562 2414
f 2415 2563 2414
f 2564 2563 2415
f 2416 2564 2415
f 2565 2564 2416
f 2417 2565 2416
f 2566 2565 2417
f 2418 2566 2417
f 2567 2566 2418
f 2419 2567 2418
f 2568 2567 2419
f 2420 2568 2419
f 2569 2568 2420
f 2421 2569 2420
f 2570 2569 2421
f 2571 2570 2421
f 2422 2571 2421
f 2423 2571 2422
f 2572 2571 2423
f 2573 2572 2423
f 2424 2573 2423
f 2425 2573 2424
f 2574 2573 2425
f 2575 2574 2425
f 2426 2575 2425
f 2497 2575 2426
f 2427 2497 2426
f 2517 2576 2429
f 2576 2431 2429
f 2431 2430 2429
f 2576 2577 2431
f 2577 2578 2431
f 2578 2579 2431
f 2579 2432 2431
f 2579 2580 2432
f 2432 2580 2433
f 2580 2434 2433
f 2434 2581 2435
f 2581 2436 2435
f 2436 2582 2437
f 2582 2583 2437
f 2583 2584 2437
f 2584 2585 2437
f 2585 2439 2437
f 2439 2438 2437
f 2585 2586 2439
f 2586 2441 2439
f 2441 2440 2439
f 2586 2587 2441
f 2587 2588 2441
f 2588 2589 2441
f 2589 2590 2441
f 2590 2442 2441
f 2590 2443 2442
f 2590 2591 2443
f 2591 2445 2443
f 2445 2444 2443
f 2591 2592 2445
f 2592 2593 2445
f 2593 2446 2445
f 2593 2594 2446
f 2594 2447 2446
f 2594 2595 2447
f 2595 2448 2447
f 2595 2596 2448
f 2596 2449 2448
f 2596 2597 2449
f 2597 2598 2449
f 2598 2450 2449
f 2598 2451 2450
f 2598 2599 2451
f 2599 2600 2451
f 2600 2601 2451
f 2601 2453 2451
f 2453 2452 2451
f 2601 2454 2453
f 2601 2602 2454
f 2602 2603 2454
f 2603 2604 2454
f 2604 2456 2454
f 2456 2455 2454
f 2604 2605 2456
f 2605 2606 2456
f 2606 2607 2456
f 2607 2458 2456
f 2458 2457 2456
f 2607 2608 2458
f 2608 2609 2458
f 2609 2461 2458
f 2461 2459 2458
f 2461 2460 2459
f 2609 2610 2461
f 2610 2462 2461
f 2610 2463 2462
f 2610 2611 2463
f 2611 2612 2463
f 2612 2613 2463
f 2613 2614 2463
f 2614 2464 2463
f 2614 2615 2464
f 2615 2465 2464
f 2615 2616 2465
f 2616 2617 2465
f 2617 2471 2465
f 2618 2492 2466
f 2619 2618 2466
f 2620 2619 2466
f 2467 2620 2466
f 2621 2620 2467
f 2468 2621 2467
f 2622 2621 2468
f 2469 2622 2468
f 2470 2623 2469
f 2623 2622 2469
f 2478 2624 2470
f 2624 2623 2470
f 2617 2625 2471
f 2625 2472 2471
f 2625 2474 2472
f 2474 2473 2472
f 2625 2626 2474
f 2626 2627 2474
f 2627 2475 2474
f 2627 2628 2475
f 2628 2476 2475
f 2628 2629 2476
f 2629 2477 2476
f 2629 2630 2477
f 2630 2478 2477
f 2630 2631 2478
f 2631 2632 2478
f 2632 2624 2478
f 2633 2496 2479
f 2634 2633 2479
f 2635 2634 2479
f 2636 2635 2479
f 2480 2636 2479
f 2481 2636 2480
f 2637 2636 2481
f 2638 2637 2481
f 2482 2638 2481
f 2483 2638 2482
f 2639 2638 2483
f 2484 2639 2483
f 2640 2639 2484
f 2485 2640 2484
f 2641 2640 2485
f 2642 2641 2485
f 2643 2642 2485
f 2486 2643 2485
f 2644 2643 2486
f 2487 2644 2486
f 2490 2644 2487
f 2488 2490 2487
f 2489 2338 2488
f 2337 2338 2489
f 2645 2644 2490
f 2646 2645 2490
f 2647 2646 2490
f 2648 2647 2490
f 2491 2648 2490
f 2649 2648 2491
f 2492 2649 2491
f 2618 2649 2492
f 2650 2511 2493
f 2651 2650 2493
f 2652 2651 2493
f 2653 2652 2493
f 2494 2653 2493
f 2495 2653 2494
f 2633 2653 2495
f 2496 2633 2495
f 2654 2575 2497
f 2655 2654 2497
f 2498 2655 2497
f 2656 2655 2498
f 2657 2656 2498
f 2499 2657 2498
f 2500 2657 2499
f 2658 2657 2500
f 2501 2658 2500
f 2659 2658 2501
f 2660 2659 2501
f 2502 2660 2501
f 2504 2660 2502
f 2503 2504 2502
f 2661 2660 2504
f 2662 2661 2504
f 2663 2662 2504
f 2505 2663 2504
f 2664 2663 2505
f 2506 2664 2505
f 2665 2664 2506
f 2507 2665 2506
f 2508 2665 2507
f 2666 2665 2508
f 2667 2666 2508
f 2510 2667 2508
f 2509 2510 2508
f 2668 2667 2510
f 2669 2668 2510
f 2650 2669 2510
f 2511 2650 2510
f 2528 2670 2512
f 2670 2671 2512
f 2671 2672 2512
f 2672 2515 2512
f 2515 2513 2512
f 2515 2514 2513
f 2672 2673 2515
f 2673 2516 2515
f 2673 2674 2516
f 2674 2675 2516
f 2675 2676 2516
f 2676 2517 2516
f 2676 2577 2517
f 2577 2576 2517
f 2519 2520 2518
f 2677 2520 2521
f 2678 2677 2521
f 2534 2678 2521
f 2679 2524 2523
f 2529 2679 2523
f 2680 2525 2524
f 2681 2680 2524
f 2679 2681 2524
f 2680 2682 2525
f 2682 2683 2525
f 2683 2527 2525
f 2527 2526 2525
f 2683 2684 2527
f 2684 2670 2527
f 2670 2528 2527
f 2685 2679 2529
f 2686 2685 2529
f 2530 2686 2529
f 2685 2686 2530
f 2687 2685 2530
f 2688 2687 2530
f 2689 2688 2530
f 2531 2689 2530
f 2690 2689 2531
f 2691 2690 2531
f 2692 2691 2531
f 2532 2692 2531
f 2691 2692 2532
f 2693 2691 2532
f 2533 2693 2532
f 2694 2693 2533
f 2678 2694 2533
f 2695 2678 2533
f 2696 2695 2533
f 2383 2696 2533
f 2697 2678 2534
f 2698 2697 2534
f 2535 2698 2534
f 2699 2698 2535
f 2536 2699 2535
f 2700 2699 2536
f 2537 2700 2536
f 2701 2700 2537
f 2538 2701 2537
f 2702 2701 2538
f 2539 2702 2538
f 2703 2702 2539
f 2540 2703 2539
f 2541 2703 2540
f 2704 2703 2541
f 2542 2704 2541
f 2705 2704 2542
f 2706 2705 2542
f 2707 2706 2542
f 2543 2707 2542
f 2708 2707 2543
f 2544 2708 2543
f 2709 2708 2544
f 2545 2709 2544
f 2710 2709 2545
f 2547 2710 2545
f 2546 2547 2545
f 2711 2710 2547
f 2712 2711 2547
f 2548 2712 2547
f 2713 2712 2548
f 2549 2713 2548
f 2714 2713 2549
f 2550 2714 2549
f 2552 2714 2550
f 2551 2552 2550
f 2715 2714 2552
f 2553 2715 2552
f 2716 2715 2553
f 2554 2716 2553
f 2717 2716 2554
f 2718 2717 2554
f 2719 2718 2554
f 2555 2719 2554
f 2720 2719 2555
f 2557 2720 2555
f 2556 2557 2555
f 2721 2720 2557
f 2722 2721 2557
f 2558 2722 2557
f 2723 2722 2558
f 2560 2723 2558
f 2559 2560 2558
f 2724 2723 2560
f 2725 2724 2560
f 2561 2725 2560
f 2726 2725 2561
f 2562 2726 2561
f 2727 2726 2562
f 2563 2727 2562
f 2728 2727 2563
f 2564 2728 2563
f 2729 2728 2564
f 2565 2729 2564
f 2730 2729 2565
f 2566 2730 2565
f 2731 2730 2566
f 2567 2731 2566
f 2732 2731 2567
f 2568 2732 2567
f 2733 2732 2568
f 2569 2733 2568
f 2734 2733 2569
f 2735 2734 2569
f 2570 2735 2569
f 2571 2735 2570
f 2736 2735 2571
f 2572 2736 2571
f 2737 2736 2572
f 2573 2737 2572
f 2738 2737 2573
f 2574 2738 2573
f 2739 2738 2574
f 2654 2739 2574
f 2575 2654 2574
f 2676 2740 2577
f 2740 2578 2577
f 2740 2741 2578
f 2741 2742 2578
f 2742 2743 2578
f 2743 2579 2578
f 2743 2744 2579
f 2744 2580 2579
f 2744 2581 2580
f 2581 2434 2580
f 2744 2583 2581
f 2583 2745 2581
f 2745 2436 2581
f 2436 2745 2582
f 2745 2583 2582
f 2744 2746 2583
f 2746 2584 2583
f 2746 2747 2584
f 2747 2748 2584
f 2748 2585 2584
f 2748 2587 2585
f 2587 2586 2585
f 2748 2749 2587
f 2749 2750 2587
f 2750 2751 2587
f 2751 2588 2587
f 2751 2752 2588
f 2752 2753 2588
f 2753 2754 2588
f 2754 2589 2588
f 2754 2590 2589
f 2754 2755 2590
f 2755 2591 2590
f 2755 2756 2591
f 2756 2592 2591
f 2756 2593 2592
f 2756 2757 2593
f 2757 2758 2593
f 2758 2759 2593
f 2759 2595 2593
f 2595 2594 2593
f 2759 2760 2595
f 2760 2761 2595
f 2761 2597 2595
f 2597 2596 2595
f 2761 2762 2597
f 2762 2763 2597
f 2763 2764 2597
f 2764 2765 2597
f 2765 2600 2597
f 2600 2599 2597
f 2599 2598 2597
f 2765 2764 2600
f 2764 2766 2600
f 2766 2767 2600
f 2767 2602 2600
f 2602 2601 2600
f 2767 2603 2602
f 2767 2766 2603
f 2766 2768 2603
f 2768 2769 2603
f 2769 2604 2603
f 2769 2606 2604
f 2606 2605 2604
f 2769 2770 2606
f 2770 2771 2606
f 2771 2772 2606
f 2772 2773 2606
f 2773 2607 2606
f 2773 2774 2607
f 2774 2608 2607
f 2774 2612 2608
f 2612 2611 2608
f 2611 2610 2608
f 2610 2609 2608
f 2774 2775 2612
f 2775 2613 2612
f 2775 2776 2613
f 2776 2777 2613
f 2777 2778 2613
f 2778 2614 2613
f 2778 2779 2614
f 2779 2615 2614
f 2779 2780 2615
f 2780 2781 2615
f 2781 2616 2615
f 2781 2782 2616
f 2782 2617 2616
f 2782 2783 2617
f 2783 2625 2617
f 2784 2649 2618
f 2785 2784 2618
f 2786 2785 2618
f 2619 2786 2618
f 2787 2786 2619
f 2788 2787 2619
f 2620 2788 2619
f 2621 2788 2620
f 2622 2789 2621
f 2789 2788 2621
f 2623 2790 2622
f 2790 2789 2622
f 2624 2632 2623
f 2632 2791 2623
f 2791 2792 2623
f 2792 2790 2623
f 2783 2793 2625
f 2793 2626 2625
f 2793 2794 2626
f 2794 2627 2626
f 2794 2795 2627
f 2795 2628 2627
f 2795 2796 2628
f 2796 2629 2628
f 2796 2797 2629
f 2797 2798 2629
f 2798 2630 2629
f 2798 2799 2630
f 2799 2792 2630
f 2792 2791 2630
f 2791 2632 2630
f 2632 2631 2630
f 2800 2653 2633
f 2801 2800 2633
f 2802 2801 2633
f 2634 2802 2633
f 2803 2802 2634
f 2635 2803 2634
f 2636 2803 2635
f 2804 2803 2636
f 2805 2804 2636
f 2637 2805 2636
f 2806 2805 2637
f 2638 2806 2637
f 2807 2806 2638
f 2639 2807 2638
f 2808 2807 2639
f 2640 2808 2639
f 2642 2808 2640
f 2641 2642 2640
f 2809 2808 2642
f 2810 2809 2642
f 2643 2810 2642
f 2811 2810 2643
f 2644 2811 2643
f 2645 2811 2644
f 2812 2811 2645
f 2813 2812 2645
f 2646 2813 2645
f 2814 2813 2646
f 2647 2814 2646
f 2648 2814 2647
f 2784 2814 2648
f 2649 2784 2648
f 2815 2669 2650
f 2816 2815 2650
f 2817 2816 2650
f 2651 2817 2650
f 2818 2817 2651
f 2652 2818 2651
f 2800 2818 2652
f 2653 2800 2652
f 2819 2739 2654
f 2820 2819 2654
f 2821 2820 2654
f 2655 2821 2654
f 2822 2821 2655
f 2656 2822 2655
f 2657 2822 2656
f 2823 2822 2657
f 2658 2823 2657
f 2824 2823 2658
f 2825 2824 2658
f 2659 2825 2658
f 2661 2825 2659
f 2660 2661 2659
f 2826 2825 2661
f 2827 2826 2661
f 2828 2827 2661
f 2662 2828 2661
f 2829 2828 2662
f 2663 2829 2662
f 2830 2829 2663
f 2664 2830 2663
f 2665 2830 2664
f 2831 2830 2665
f 2666 2831 2665
f 2832 2831 2666
f 2833 2832 2666
f 2668 2833 2666
f 2667 2668 2666
f 2834 2833 2668
f 2835 2834 2668
f 2815 2835 2668
f 2669 2815 2668
f 2684 2836 2670
f 2836 2837 2670
f 2837 2838 2670
f 2838 2671 2670
f 2838 2673 2671
f 2673 2672 2671
f 2838 2839 2673
f 2839 2840 2673
f 2840 2674 2673
f 2840 2841 2674
f 2841 2842 2674
f 2842 2676 2674
f 2676 2675 2674
f 2842 2843 2676
f 2843 2741 2676
f 2741 2740 2676
f 2844 2694 2678
f 2697 2844 2678
f 2845 2681 2679
f 2685 2845 2679
f 2681 2846 2680
f 2846 2847 2680
f 2847 2848 2680
f 2848 2682 2680
f 2849 2846 2681
f 2845 2849 2681
f 2848 2850 2682
f 2850 2683 2682
f 2850 2836 2683
f 2836 2684 2683
f 2851 2845 2685
f 2687 2851 2685
f 2852 2851 2687
f 2853 2852 2687
f 2854 2853 2687
f 2688 2854 2687
f 2689 2854 2688
f 2855 2854 2689
f 2856 2855 2689
f 2857 2856 2689
f 2690 2857 2689
f 2693 2857 2690
f 2691 2693 2690
f 2858 2857 2693
f 2694 2858 2693
f 2859 2858 2694
f 2844 2859 2694
f 2677 2678 2695
f 2383 2677 2695
f 2696 2383 2695
f 2859 2844 2697
f 2860 2859 2697
f 2698 2860 2697
f 2861 2860 2698
f 2699 2861 2698
f 2862 2861 2699
f 2700 2862 2699
f 2863 2862 2700
f 2701 2863 2700
f 2702 2863 2701
f 2864 2863 2702
f 2703 2864 2702
f 2865 2864 2703
f 2704 2865 2703
f 2705 2865 2704
f 2866 2865 2705
f 2867 2866 2705
f 2868 2867 2705
f 2869 2868 2705
f 2706 2869 2705
f 2707 2869 2706
f 2870 2869 2707
f 2709 2870 2707
f 2708 2709 2707
f 2871 2870 2709
f 2872 2871 2709
f 2711 2872 2709
f 2710 2711 2709
f 2873 2872 2711
f 2874 2873 2711
f 2712 2874 2711
f 2875 2874 2712
f 2713 2875 2712
f 2715 2875 2713
f 2714 2715 2713
f 2876 2875 2715
f 2877 2876 2715
f 2716 2877 2715
f 2878 2877 2716
f 2717 2878 2716
f 2879 2878 2717
f 2880 2879 2717
f 2719 2880 2717
f 2718 2719 2717
f 2881 2880 2719
f 2882 2881 2719
f 2721 2882 2719
f 2720 2721 2719
f 2883 2882 2721
f 2884 2883 2721
f 2722 2884 2721
f 2885 2884 2722
f 2724 2885 2722
f 2723 2724 2722
f 2886 2885 2724
f 2887 2886 2724
f 2725 2887 2724
f 2888 2887 2725
f 2726 2888 2725
f 2889 2888 2726
f 2727 2889 2726
f 2890 2889 2727
f 2728 2890 2727
f 2891 2890 2728
f 2729 2891 2728
f 2892 2891 2729
f 2730 2892 2729
f 2893 2892 2730
f 2731 2893 2730
f 2894 2893 2731
f 2732 2894 2731
f 2895 2894 2732
f 2896 2895 2732
f 2733 2896 2732
f 2897 2896 2733
f 2734 2897 2733
f 2735 2897 2734
f 2898 2897 2735
f 2899 2898 2735
f 2736 2899 2735
f 2738 2899 2736
f 2737 2738 2736
f 2900 2899 2738
f 2901 2900 2738
f 2819 2901 2738
f 2739 2819 2738
f 2843 2902 2741
f 2902 2903 2741
f 2903 2743 2741
f 2743 2742 2741
f 2903 2904 2743
f 2904 2744 2743
f 2904 2905 2744
f 2905 2906 2744
f 2906 2746 2744
f 2906 2907 2746
f 2907 2908 2746
f 2908 2909 2746
f 2909 2747 2746
f 2909 2910 2747
f 2910 2749 2747
f 2749 2748 2747
f 2910 2911 2749
f 2911 2912 2749
f 2912 2750 2749
f 2912 2913 2750
f 2913 2751 2750
f 2913 2914 2751
f 2914 2915 2751
f 2915 2752 2751
f 2915 2916 2752
f 2916 2753 2752
f 2916 2754 2753
f 2916 2917 2754
f 2917 2756 2754
f 2756 2755 2754
f 2917 2918 2756
f 2918 2919 2756
f 2919 2920 2756
f 2756 2920 2757
f 2920 2758 2757
f 2920 2921 2758
f 2921 2922 2758
f 2922 2923 2758
f 2923 2759 2758
f 2923 2924 2759
f 2924 2760 2759
f 2924 2762 2760
f 2762 2761 2760
f 2924 2925 2762
f 2925 2926 2762
f 2926 2763 2762
f 2926 2927 2763
f 2927 2928 2763
f 2928 2764 2763
f 2928 2929 2764
f 2929 2766 2764
f 2929 2930 2766
f 2930 2768 2766
f 2930 2770 2768
f 2770 2769 2768
f 2930 2931 2770
f 2931 2932 2770
f 2932 2933 2770
f 2933 2771 2770
f 2933 2772 2771
f 2933 2934 2772
f 2934 2774 2772
f 2774 2773 2772
f 2934 2935 2774
f 2935 2777 2774
f 2777 2775 2774
f 2777 2776 2775
f 2935 2936 2777
f 2936 2937 2777
f 2937 2778 2777
f 2937 2938 2778
f 2938 2939 2778
f 2939 2779 2778
f 2939 2940 2779
f 2940 2941 2779
f 2941 2780 2779
f 2941 2942 2780
f 2942 2781 2780
f 2942 2943 2781
f 2943 2782 2781
f 2943 2944 2782
f 2944 2783 2782
f 2944 2945 2783
f 2945 2946 2783
f 2946 2794 2783
f 2794 2793 2783
f 2785 2947 2784
f 2947 2948 2784
f 2948 2949 2784
f 2949 2950 2784
f 2950 2814 2784
f 2951 2947 2785
f 2786 2951 2785
f 2952 2951 2786
f 2787 2952 2786
f 2788 2953 2787
f 2953 2954 2787
f 2954 2952 2787
f 2789 2955 2788
f 2955 2953 2788
f 2790 2956 2789
f 2956 2957 2789
f 2957 2958 2789
f 2958 2955 2789
f 2792 2959 2790
f 2959 2957 2790
f 2957 2956 2790
f 2799 2960 2792
f 2960 2959 2792
f 2946 2961 2794
f 2961 2795 2794
f 2961 2962 2795
f 2962 2796 2795
f 2962 2963 2796
f 2963 2797 2796
f 2963 2964 2797
f 2964 2965 2797
f 2965 2960 2797
f 2960 2799 2797
f 2799 2798 2797
f 2966 2818 2800
f 2967 2966 2800
f 2968 2967 2800
f 2969 2968 2800
f 2801 2969 2800
f 2970 2969 2801
f 2802 2970 2801
f 2971 2970 2802
f 2803 2971 2802
f 2804 2971 2803
f 2972 2971 2804
f 2805 2972 2804
f 2973 2972 2805
f 2974 2973 2805
f 2806 2974 2805
f 2807 2974 2806
f 2975 2974 2807
f 2976 2975 2807
f 2808 2976 2807
f 2977 2808 2809
f 2978 2977 2809
f 2979 2978 2809
f 2810 2979 2809
f 2980 2979 2810
f 2812 2980 2810
f 2811 2812 2810
f 2981 2980 2812
f 2982 2981 2812
f 2950 2982 2812
f 2813 2950 2812
f 2814 2950 2813
f 2983 2835 2815
f 2984 2983 2815
f 2985 2984 2815
f 2986 2985 2815
f 2816 2986 2815
f 2817 2986 2816
f 2966 2986 2817
f 2818 2966 2817
f 2987 2901 2819
f 2988 2987 2819
f 2989 2988 2819
f 2820 2989 2819
f 2990 2989 2820
f 2821 2990 2820
f 2822 2990 2821
f 2991 2990 2822
f 2992 2991 2822
f 2823 2992 2822
f 2993 2992 2823
f 2824 2993 2823
f 2994 2993 2824
f 2826 2994 2824
f 2825 2826 2824
f 2995 2994 2826
f 2996 2995 2826
f 2997 2996 2826
f 2827 2997 2826
f 2998 2997 2827
f 2828 2998 2827
f 2999 2998 2828
f 2829 2999 2828
f 2830 2999 2829
f 3000 2999 2830
f 2831 3000 2830
f 3001 3000 2831
f 2832 3001 2831
f 3002 3001 2832
f 3003 3002 2832
f 2834 3003 2832
f 2833 2834 2832
f 3004 3003 2834
f 3005 3004 2834
f 2983 3005 2834
f 2835 2983 2834
f 2850 3006 2836
f 3006 3007 2836
f 3007 3008 2836
f 3008 2837 2836
f 3008 2839 2837
f 2839 2838 2837
f 3008 3009 2839
f 3009 3010 2839
f 3010 2840 2839
f 3010 3011 2840
f 3011 3012 2840
f 3012 2841 2840
f 3012 3013 2841
f 3013 2842 2841
f 3013 3014 2842
f 3014 2843 2842
f 3014 3015 2843
f 3015 2902 2843
f 3016 2849 2845
f 2852 3016 2845
f 2851 2852 2845
f 2849 3017 2846
f 3017 3018 2846
f 3018 3019 2846
f 3019 2848 2846
f 2848 2847 2846
f 3019 3020 2848
f 3020 3006 2848
f 3006 2850 2848
f 3021 3017 2849
f 3016 3021 2849
f 3022 3016 2852
f 3023 3022 2852
f 3024 3023 2852
f 2853 3024 2852
f 3025 3024 2853
f 3026 3025 2853
f 2854 3026 2853
f 2855 3026 2854
f 3027 3026 2855
f 2856 3027 2855
f 3028 3027 2856
f 2858 3028 2856
f 2857 2858 2856
f 3029 2858 2859
f 3030 3029 2859
f 2860 3030 2859
f 3031 3030 2860
f 2861 3031 2860
f 3032 3031 2861
f 2862 3032 2861
f 3033 3032 2862
f 2863 3033 2862
f 2864 3033 2863
f 3034 3033 2864
f 3035 3034 2864
f 2865 3035 2864
f 2866 3035 2865
f 3036 3035 2866
f 3037 3036 2866
f 3038 3037 2866
f 2867 3038 2866
f 3039 3038 2867
f 2868 3039 2867
f 3040 3039 2868
f 2869 3040 2868
f 3041 3040 2869
f 2871 3041 2869
f 2870 2871 2869
f 3042 3041 2871
f 3043 3042 2871
f 2873 3043 2871
f 2872 2873 2871
f 3044 3043 2873
f 3045 3044 2873
f 2874 3045 2873
f 2876 3045 2874
f 2875 2876 2874
f 3046 3045 2876
f 3047 3046 2876
f 2877 3047 2876
f 3048 3047 2877
f 2878 3048 2877
f 3049 3048 2878
f 3050 3049 2878
f 2879 3050 2878
f 3051 3050 2879
f 2881 3051 2879
f 2880 2881 2879
f 3052 3051 2881
f 3053 3052 2881
f 2883 3053 2881
f 2882 2883 2881
f 3054 3053 2883
f 3055 3054 2883
f 2884 3055 2883
f 3056 3055 2884
f 2886 3056 2884
f 2885 2886 2884
f 3057 3056 2886
f 3058 3057 2886
f 2887 3058 2886
f 3059 3058 2887
f 2888 3059 2887
f 3060 3059 2888
f 2889 3060 2888
f 3061 3060 2889
f 2890 3061 2889
f 3062 3061 2890
f 2891 3062 2890
f 3063 3062 2891
f 2892 3063 2891
f 3064 3063 2892
f 2893 3064 2892
f 3065 3064 2893
f 2894 3065 2893
f 3066 3065 2894
f 2895 3066 2894
f 3067 3066 2895
f 3068 3067 2895
f 2896 3068 2895
f 2898 3068 2896
f 2897 2898 2896
f 3069 3068 2898
f 3070 3069 2898
f 2899 3070 2898
f 3071 3070 2899
f 2900 3071 2899
f 3072 3071 2900
f 2901 3072 2900
f 3073 3072 2901
f 2987 3073 2901
f 3015 3074 2902
f 3074 2903 2902
f 3074 2905 2903
f 2905 2904 2903
f 3074 2906 2905
f 3074 3075 2906
f 3075 2907 2906
f 3075 3076 2907
f 3076 3077 2907
f 3077 3078 2907
f 3078 3079 2907
f 3079 2908 2907
f 3079 3080 2908
f 2908 3080 2909
f 3080 2910 2909
f 3080 3081 2910
f 3081 3082 2910
f 3082 2911 2910
f 3082 3083 2911
f 3083 2912 2911
f 3083 2913 2912
f 3083 3084 2913
f 3084 3085 2913
f 3085 3086 2913
f 3086 3087 2913
f 3087 2914 2913
f 3087 3088 2914
f 3088 2915 2914
f 3088 2918 2915
f 2918 2917 2915
f 2917 2916 2915
f 3088 2921 2918
f 2921 2919 2918
f 2921 2920 2919
f 3088 3089 2921
f 3089 3090 2921
f 3090 3091 2921
f 3091 2922 2921
f 3091 3092 2922
f 3092 3093 2922
f 3093 3094 2922
f 3094 2923 2922
f 3094 3095 2923
f 3095 2925 2923
f 2925 2924 2923
f 3095 3096 2925
f 3096 3097 2925
f 3097 2926 2925
f 3097 2927 2926
f 3097 3098 2927
f 3098 2928 2927
f 3098 3099 2928
f 3099 3100 2928
f 3100 2929 2928
f 3100 3101 2929
f 3101 2930 2929
f 3101 2931 2930
f 3101 3102 2931
f 3102 3103 2931
f 3103 3104 2931
f 3104 2932 2931
f 3104 3105 2932
f 3105 2933 2932
f 3105 2934 2933
f 3105 3106 2934
f 3106 2935 2934
f 3106 2936 2935
f 3106 3107 2936
f 3107 2938 2936
f 2938 2937 2936
f 3107 3108 2938
f 3108 3109 2938
f 3109 2939 2938
f 3109 3110 2939
f 3110 2940 2939
f 3110 3111 2940
f 3111 3112 2940
f 3112 2941 2940
f 3112 3113 2941
f 3113 2943 2941
f 2943 2942 2941
f 3113 3114 2943
f 3114 3115 2943
f 3115 2944 2943
f 3115 3116 2944
f 3116 3117 2944
f 3117 2945 2944
f 3117 3118 2945
f 3118 3119 2945
f 3119 2946 2945
f 3119 2961 2946
f 3120 2948 2947
f 3121 3120 2947
f 3122 3121 2947
f 2951 3122 2947
f 3120 3123 2948
f 3123 3124 2948
f 3124 2949 2948
f 3124 3125 2949
f 3125 2950 2949
f 3126 2982 2950
f 3125 3126 2950
f 2952 3127 2951
f 3127 3122 2951
f 2954 3127 2952
f 2955 2958 2953
f 2958 3128 2953
f 3128 3129 2953
f 3129 2954 2953
f 3129 3130 2954
f 3130 3127 2954
f 2959 3131 2957
f 3131 2958 2957
f 3131 3128 2958
f 2960 3132 2959
f 3132 3133 2959
f 3133 3131 2959
f 2965 3134 2960
f 3134 3132 2960
f 3119 3135 2961
f 3135 2962 2961
f 3135 2963 2962
f 3135 3136 2963
f 3136 3137 2963
f 3137 3138 2963
f 3138 3139 2963
f 3139 2964 2963
f 3139 3140 2964
f 3140 3134 2964
f 3134 2965 2964
f 3141 2986 2966
f 3142 3141 2966
f 3143 3142 2966
f 3144 3143 2966
f 2967 3144 2966
f 2968 3144 2967
f 3145 3144 2968
f 2969 3145 2968
f 3146 3145 2969
f 3147 3146 2969
f 2970 3147 2969
f 2971 3147 2970
f 3148 3147 2971
f 3149 3148 2971
f 2972 3149 2971
f 2973 3149 2972
f 3150 3149 2973
f 2974 3150 2973
f 3151 3150 2974
f 3152 3151 2974
f 2975 3152 2974
f 2977 3152 2975
f 2808 2977 2975
f 2976 2808 2975
f 3153 3152 2977
f 3154 3153 2977
f 2978 3154 2977
f 3155 3154 2978
f 2979 3155 2978
f 2981 3155 2979
f 2980 2981 2979
f 3156 3155 2981
f 3126 3156 2981
f 2982 3126 2981
f 3157 3005 2983
f 3158 3157 2983
f 3159 3158 2983
f 2984 3159 2983
f 3160 3159 2984
f 2985 3160 2984
f 3141 3160 2985
f 2986 3141 2985
f 3161 3073 2987
f 2988 3161 2987
f 3162 3161 2988
f 2989 3162 2988
f 3163 3162 2989
f 3164 3163 2989
f 2990 3164 2989
f 3165 3164 2990
f 2991 3165 2990
f 3166 3165 2991
f 3167 3166 2991
f 2992 3167 2991
f 2994 3167 2992
f 2993 2994 2992
f 3168 3167 2994
f 2995 3168 2994
f 3169 3168 2995
f 3170 3169 2995
f 2996 3170 2995
f 3171 3170 2996
f 2997 3171 2996
f 3172 3171 2997
f 2998 3172 2997
f 2999 3172 2998
f 3173 3172 2999
f 3174 3173 2999
f 3000 3174 2999
f 3001 3174 3000
f 3175 3174 3001
f 3176 3175 3001
f 3002 3176 3001
f 3004 3176 3002
f 3003 3004 3002
f 3177 3176 3004
f 3178 3177 3004
f 3157 3178 3004
f 3005 3157 3004
f 3020 3179 3006
f 3179 3180 3006
f 3180 3181 3006
f 3181 3007 3006
f 3181 3009 3007
f 3009 3008 3007
f 3181 3182 3009
f 3182 3183 3009
f 3183 3010 3009
f 3183 3184 3010
f 3184 3185 3010
f 3185 3011 3010
f 3185 3186 3011
f 3186 3012 3011
f 3186 3187 3012
f 3187 3188 3012
f 3188 3013 3012
f 3188 3189 3013
f 3189 3014 3013
f 3189 3015 3014
f 3189 3190 3015
f 3190 3191 3015
f 3191 3075 3015
f 3075 3074 3015
f 3192 3021 3016
f 3022 3192 3016
f 3193 3018 3017
f 3194 3193 3017
f 3195 3194 3017
f 3021 3195 3017
f 3196 3019 3018
f 3197 3196 3018
f 3193 3197 3018
f 3196 3179 3019
f 3179 3020 3019
f 3198 3195 3021
f 3192 3198 3021
f 3199 3192 3022
f 3200 3199 3022
f 3023 3200 3022
f 3201 3200 3023
f 3202 3201 3023
f 3203 3202 3023
f 3024 3203 3023
f 3025 3203 3024
f 3204 3203 3025
f 3205 3204 3025
f 3026 3205 3025
f 3027 3205 3026
f 3206 3205 3027
f 2858 3206 3027
f 3028 2858 3027
f 3206 2858 3029
f 3207 3206 3029
f 3208 3207 3029
f 3209 3208 3029
f 3030 3209 3029
f 3210 3209 3030
f 3031 3210 3030
f 3211 3210 3031
f 3032 3211 3031
f 3212 3211 3032
f 3033 3212 3032
f 3034 3212 3033
f 3213 3212 3034
f 3035 3213 3034
f 3214 3213 3035
f 3036 3214 3035
f 3215 3214 3036
f 3216 3215 3036
f 3217 3216 3036
f 3037 3217 3036
f 3218 3217 3037
f 3219 3218 3037
f 3038 3219 3037
f 3220 3219 3038
f 3039 3220 3038
f 3221 3220 3039
f 3041 3221 3039
f 3040 3041 3039
f 3222 3221 3041
f 3223 3222 3041
f 3042 3223 3041
f 3224 3223 3042
f 3044 3224 3042
f 3043 3044 3042
f 3225 3224 3044
f 3046 3225 3044
f 3045 3046 3044
f 3226 3225 3046
f 3227 3226 3046
f 3047 3227 3046
f 3228 3227 3047
f 3048 3228 3047
f 3229 3228 3048
f 3230 3229 3048
f 3049 3230 3048
f 3231 3230 3049
f 3050 3231 3049
f 3232 3231 3050
f 3051 3232 3050
f 3233 3232 3051
f 3052 3233 3051
f 3234 3233 3052
f 3054 3234 3052
f 3053 3054 3052
f 3235 3234 3054
f 3236 3235 3054
f 3055 3236 3054
f 3237 3236 3055
f 3057 3237 3055
f 3056 3057 3055
f 3238 3237 3057
f 3239 3238 3057
f 3058 3239 3057
f 3240 3239 3058
f 3059 3240 3058
f 3241 3240 3059
f 3060 3241 3059
f 3242 3241 3060
f 3061 3242 3060
f 3243 3242 3061
f 3062 3243 3061
f 3244 3243 3062
f 3063 3244 3062
f 3245 3244 3063
f 3064 3245 3063
f 3246 3245 3064
f 3065 3246 3064
f 3247 3246 3065
f 3066 3247 3065
f 3248 3247 3066
f 3249 3248 3066
f 3067 3249 3066
f 3250 3249 3067
f 3069 3250 3067
f 3068 3069 3067
f 3251 3250 3069
f 3252 3251 3069
f 3070 3252 3069
f 3071 3252 3070
f 3253 3252 3071
f 3072 3253 3071
f 3073 3253 3072
f 3254 3253 3073
f 3255 3254 3073
f 3256 3255 3073
f 3257 3256 3073
f 3162 3257 3073
f 3161 3162 3073
f 3191 3258 3075
f 3258 3259 3075
f 3259 3076 3075
f 3259 3260 3076
f 3260 3261 3076
f 3261 3262 3076
f 3262 3077 3076
f 3262 3263 3077
f 3263 3078 3077
f 3263 3081 3078
f 3081 3080 3078
f 3080 3079 3078
f 3263 3264 3081
f 3264 3265 3081
f 3265 3266 3081
f 3266 3082 3081
f 3266 3267 3082
f 3267 3268 3082
f 3268 3084 3082
f 3084 3083 3082
f 3268 3085 3084
f 3268 3269 3085
f 3269 3270 3085
f 3270 3271 3085
f 3271 3272 3085
f 3272 3273 3085
f 3273 3086 3085
f 3273 3274 3086
f 3274 3087 3086
f 3274 3089 3087
f 3089 3088 3087
f 3274 3275 3089
f 3275 3276 3089
f 3276 3091 3089
f 3091 3090 3089
f 3276 3277 3091
f 3277 3278 3091
f 3278 3092 3091
f 3278 3279 3092
f 3279 3093 3092
f 3279 3280 3093
f 3280 3281 3093
f 3281 3095 3093
f 3095 3094 3093
f 3281 3282 3095
f 3282 3096 3095
f 3282 3283 3096
f 3283 3097 3096
f 3283 3284 3097
f 3284 3285 3097
f 3285 3098 3097
f 3285 3099 3098
f 3285 3101 3099
f 3101 3100 3099
f 3285 3286 3101
f 3286 3287 3101
f 3287 3102 3101
f 3287 3288 3102
f 3288 3103 3102
f 3288 3289 3103
f 3289 3290 3103
f 3290 3104 3103
f 3290 3106 3104
f 3106 3105 3104
f 3290 3291 3106
f 3291 3292 3106
f 3292 3293 3106
f 3293 3107 3106
f 3293 3108 3107
f 3293 3294 3108
f 3294 3295 3108
f 3295 3109 3108
f 3295 3296 3109
f 3296 3297 3109
f 3297 3298 3109
f 3298 3110 3109
f 3298 3299 3110
f 3299 3111 3110
f 3299 3300 3111
f 3300 3113 3111
f 3113 3112 3111
f 3300 3301 3113
f 3301 3302 3113
f 3302 3303 3113
f 3303 3114 3113
f 3303 3304 3114
f 3304 3116 3114
f 3116 3115 3114
f 3304 3305 3116
f 3305 3306 3116
f 3306 3118 3116
f 3118 3117 3116
f 3306 3136 3118
f 3136 3135 3118
f 3135 3119 3118
f 3121 3307 3120
f 3307 3308 3120
f 3308 3309 3120
f 3309 3123 3120
f 3122 3310 3121
f 3310 3307 3121
f 3127 3130 3122
f 3130 3310 3122
f 3309 3124 3123
f 3309 3311 3124
f 3311 3312 3124
f 3312 3125 3124
f 3313 3126 3125
f 3312 3313 3125
f 3314 3156 3126
f 3313 3314 3126
f 3131 3315 3128
f 3315 3129 3128
f 3315 3316 3129
f 3316 3317 3129
f 3317 3318 3129
f 3318 3130 3129
f 3318 3319 3130
f 3319 3310 3130
f 3133 3315 3131
f 3134 3140 3132
f 3140 3320 3132
f 3320 3133 3132
f 3320 3321 3133
f 3321 3322 3133
f 3322 3315 3133
f 3306 3323 3136
f 3323 3324 3136
f 3324 3137 3136
f 3324 3325 3137
f 3325 3326 3137
f 3326 3327 3137
f 3327 3328 3137
f 3328 3138 3137
f 3328 3329 3138
f 3329 3139 3138
f 3329 3330 3139
f 3330 3320 3139
f 3320 3140 3139
f 3331 3160 3141
f 3332 3331 3141
f 3142 3332 3141
f 3333 3332 3142
f 3334 3333 3142
f 3143 3334 3142
f 3335 3334 3143
f 3144 3335 3143
f 3336 3335 3144
f 3145 3336 3144
f 3337 3336 3145
f 3146 3337 3145
f 3338 3337 3146
f 3147 3338 3146
f 3339 3338 3147
f 3148 3339 3147
f 3149 3339 3148
f 3340 3339 3149
f 3150 3340 3149
f 3341 3340 3150
f 3151 3341 3150
f 3153 3151 3152
f 3341 3153 3154
f 3342 3341 3154
f 3156 3342 3154
f 3155 3156 3154
f 3343 3342 3156
f 3314 3343 3156
f 3344 3178 3157
f 3345 3344 3157
f 3346 3345 3157
f 3158 3346 3157
f 3347 3346 3158
f 3159 3347 3158
f 3331 3347 3159
f 3160 3331 3159
f 3348 3257 3162
f 3349 3348 3162
f 3350 3349 3162
f 3163 3350 3162
f 3165 3350 3163
f 3164 3165 3163
f 3351 3350 3165
f 3352 3351 3165
f 3166 3352 3165
f 3353 3352 3166
f 3168 3353 3166
f 3167 3168 3166
f 3354 3353 3168
f 3355 3354 3168
f 3356 3355 3168
f 3169 3356 3168
f 3357 3356 3169
f 3170 3357 3169
f 3358 3357 3170
f 3171 3358 3170
f 3172 3358 3171
f 3359 3358 3172
f 3360 3359 3172
f 3173 3360 3172
f 3174 3360 3173
f 3361 3360 3174
f 3362 3361 3174
f 3175 3362 3174
f 3177 3362 3175
f 3176 3177 3175
f 3363 3362 3177
f 3364 3363 3177
f 3365 3364 3177
f 3344 3365 3177
f 3178 3344 3177
f 3196 3197 3179
f 3197 3366 3179
f 3366 3367 3179
f 3367 3180 3179
f 3367 3182 3180
f 3182 3181 3180
f 3367 3368 3182
f 3368 3183 3182
f 3368 3369 3183
f 3369 3370 3183
f 3370 3371 3183
f 3371 3184 3183
f 3371 3372 3184
f 3372 3185 3184
f 3372 3373 3185
f 3373 3186 3185
f 3373 3374 3186
f 3374 3187 3186
f 3374 3189 3187
f 3189 3188 3187
f 3374 3375 3189
f 3375 3190 3189
f 3375 3376 3190
f 3376 3377 3190
f 3377 3258 3190
f 3258 3191 3190
f 3378 3198 3192
f 3199 3378 3192
f 3379 3197 3193
f 3380 3379 3193
f 3381 3380 3193
f 3194 3381 3193
f 3198 3381 3194
f 3195 3198 3194
f 3382 3366 3197
f 3383 3382 3197
f 3384 3383 3197
f 3379 3384 3197
f 3385 3381 3198
f 3378 3385 3198
f 3386 3378 3199
f 3201 3386 3199
f 3200 3201 3199
f 3387 3201 3202
f 3388 3387 3202
f 3389 3388 3202
f 3390 3389 3202
f 3391 3390 3202
f 3203 3391 3202
f 3392 3391 3203
f 3393 3392 3203
f 3204 3393 3203
f 3394 3393 3204
f 3395 3394 3204
f 3205 3395 3204
f 3207 3395 3205
f 3206 3207 3205
f 3396 3395 3207
f 3397 3396 3207
f 3398 3397 3207
f 3208 3398 3207
f 3399 3398 3208
f 3209 3399 3208
f 3400 3399 3209
f 3210 3400 3209
f 3211 3400 3210
f 3401 3400 3211
f 3212 3401 3211
f 3213 3401 3212
f 3402 3401 3213
f 3214 3402 3213
f 3403 3402 3214
f 3215 3403 3214
f 3404 3403 3215
f 3405 3404 3215
f 3216 3405 3215
f 3406 3405 3216
f 3217 3406 3216
f 3407 3406 3217
f 3218 3407 3217
f 3408 3407 3218
f 3409 3408 3218
f 3220 3409 3218
f 3219 3220 3218
f 3410 3409 3220
f 3221 3410 3220
f 3411 3410 3221
f 3223 3411 3221
f 3222 3223 3221
f 3412 3411 3223
f 3413 3412 3223
f 3225 3413 3223
f 3224 3225 3223
f 3414 3413 3225
f 3226 3414 3225
f 3415 3414 3226
f 3227 3415 3226
f 3416 3415 3227
f 3228 3416 3227
f 3417 3416 3228
f 3418 3417 3228
f 3229 3418 3228
f 3419 3418 3229
f 3230 3419 3229
f 3420 3419 3230
f 3231 3420 3230
f 3421 3420 3231
f 3232 3421 3231
f 3422 3421 3232
f 3233 3422 3232
f 3423 3422 3233
f 3235 3423 3233
f 3234 3235 3233
f 3424 3423 3235
f 3425 3424 3235
f 3426 3425 3235
f 3236 3426 3235
f 3238 3426 3236
f 3237 3238 3236
f 3427 3426 3238
f 3428 3427 3238
f 3239 3428 3238
f 3429 3428 3239
f 3240 3429 3239
f 3430 3429 3240
f 3241 3430 3240
f 3431 3430 3241
f 3242 3431 3241
f 3432 3431 3242
f 3243 3432 3242
f 3433 3432 3243
f 3244 3433 3243
f 3434 3433 3244
f 3245 3434 3244
f 3435 3434 3245
f 3246 3435 3245
f 3436 3435 3246
f 3247 3436 3246
f 3437 3436 3247
f 3438 3437 3247
f 3248 3438 3247
f 3439 3438 3248
f 3249 3439 3248
f 3440 3439 3249
f 3441 3440 3249
f 3250 3441 3249
f 3251 3441 3250
f 3442 3441 3251
f 3443 3442 3251
f 3252 3443 3251
f 3254 3443 3252
f 3253 3254 3252
f 3444 3443 3254
f 3445 3444 3254
f 3446 3445 3254
f 3256 3446 3254
f 3255 3256 3254
f 3447 3446 3256
f 3448 3447 3256
f 3449 3448 3256
f 3348 3449 3256
f 3257 3348 3256
f 3377 3450 3258
f 3450 3259 3258
f 3450 3451 3259
f 3451 3452 3259
f 3452 3260 3259
f 3452 3453 3260
f 3453 3454 3260
f 3454 3261 3260
f 3454 3455 3261
f 3455 3456 3261
f 3456 3262 3261
f 3456 3457 3262
f 3457 3458 3262
f 3458 3263 3262
f 3458 3265 3263
f 3265 3264 3263
f 3458 3459 3265
f 3459 3460 3265
f 3460 3461 3265
f 3461 3267 3265
f 3267 3266 3265
f 3461 3462 3267
f 3462 3269 3267
f 3269 3268 3267
f 3269 3462 3270
f 3462 3461 3270
f 3461 3463 3270
f 3463 3464 3270
f 3464 3465 3270
f 3465 3271 3270
f 3465 3466 3271
f 3466 3272 3271
f 3466 3467 3272
f 3467 3276 3272
f 3276 3273 3272
f 3276 3275 3273
f 3275 3274 3273
f 3467 3468 3276
f 3468 3469 3276
f 3469 3277 3276
f 3469 3470 3277
f 3470 3278 3277
f 3470 3471 3278
f 3471 3279 3278
f 3471 3472 3279
f 3472 3473 3279
f 3473 3280 3279
f 3473 3474 3280
f 3474 3281 3280
f 3474 3282 3281
f 3474 3473 3282
f 3473 3475 3282
f 3475 3283 3282
f 3475 3476 3283
f 3476 3477 3283
f 3477 3284 3283
f 3477 3285 3284
f 3477 3478 3285
f 3478 3286 3285
f 3478 3287 3286
f 3478 3479 3287
f 3479 3480 3287
f 3480 3481 3287
f 3481 3482 3287
f 3482 3483 3287
f 3483 3288 3287
f 3483 3484 3288
f 3484 3289 3288
f 3484 3291 3289
f 3291 3290 3289
f 3484 3292 3291
f 3484 3485 3292
f 3485 3486 3292
f 3486 3293 3292
f 3486 3294 3293
f 3486 3487 3294
f 3487 3488 3294
f 3488 3296 3294
f 3296 3295 3294
f 3488 3297 3296
f 3488 3489 3297
f 3489 3490 3297
f 3490 3491 3297
f 3491 3298 3297
f 3491 3492 3298
f 3492 3299 3298
f 3492 3493 3299
f 3493 3301 3299
f 3301 3300 3299
f 3493 3494 3301
f 3494 3302 3301
f 3494 3495 3302
f 3495 3304 3302
f 3304 3303 3302
f 3495 3496 3304
f 3496 3305 3304
f 3496 3497 3305
f 3497 3498 3305
f 3498 3323 3305
f 3323 3306 3305
f 3310 3319 3307
f 3319 3499 3307
f 3499 3308 3307
f 3499 3500 3308
f 3500 3309 3308
f 3500 3501 3309
f 3501 3311 3309
f 3501 3502 3311
f 3502 3312 3311
f 3503 3313 3312
f 3502 3503 3312
f 3504 3314 3313
f 3505 3504 3313
f 3503 3505 3313
f 3506 3343 3314
f 3504 3506 3314
f 3322 3507 3315
f 3507 3316 3315
f 3507 3322 3316
f 3322 3508 3316
f 3508 3317 3316
f 3508 3509 3317
f 3509 3318 3317
f 3509 3510 3318
f 3510 3511 3318
f 3511 3319 3318
f 3511 3510 3319
f 3510 3512 3319
f 3512 3513 3319
f 3513 3499 3319
f 3330 3514 3320
f 3514 3515 3320
f 3515 3321 3320
f 3515 3516 3321
f 3516 3517 3321
f 3517 3518 3321
f 3518 3508 3321
f 3508 3322 3321
f 3498 3519 3323
f 3519 3520 3323
f 3520 3326 3323
f 3326 3324 3323
f 3326 3325 3324
f 3520 3521 3326
f 3521 3522 3326
f 3522 3327 3326
f 3522 3523 3327
f 3523 3524 3327
f 3524 3328 3327
f 3524 3525 3328
f 3525 3329 3328
f 3525 3526 3329
f 3526 3527 3329
f 3527 3514 3329
f 3514 3330 3329
f 3528 3347 3331
f 3529 3528 3331
f 3332 3529 3331
f 3530 3529 3332
f 3531 3530 3332
f 3333 3531 3332
f 3532 3531 3333
f 3334 3532 3333
f 3533 3532 3334
f 3335 3533 3334
f 3534 3533 3335
f 3336 3534 3335
f 3535 3534 3336
f 3337 3535 3336
f 3536 3535 3337
f 3338 3536 3337
f 3537 3536 3338
f 3339 3537 3338
f 3538 3537 3339
f 3340 3538 3339
f 3539 3538 3340
f 3341 3539 3340
f 3539 3341 3342
f 3343 3539 3342
f 3540 3539 3343
f 3506 3540 3343
f 3541 3365 3344
f 3542 3541 3344
f 3543 3542 3344
f 3345 3543 3344
f 3544 3543 3345
f 3346 3544 3345
f 3528 3544 3346
f 3347 3528 3346
f 3545 3449 3348
f 3349 3545 3348
f 3546 3545 3349
f 3547 3546 3349
f 3351 3547 3349
f 3350 3351 3349
f 3548 3547 3351
f 3549 3548 3351
f 3353 3549 3351
f 3352 3353 3351
f 3550 3549 3353
f 3354 3550 3353
f 3551 3550 3354
f 3552 3551 3354
f 3355 3552 3354
f 3553 3552 3355
f 3356 3553 3355
f 3554 3553 3356
f 3357 3554 3356
f 3358 3554 3357
f 3555 3554 3358
f 3556 3555 3358
f 3359 3556 3358
f 3557 3556 3359
f 3360 3557 3359
f 3558 3557 3360
f 3361 3558 3360
f 3363 3558 3361
f 3362 3363 3361
f 3559 3558 3363
f 3560 3559 3363
f 3561 3560 3363
f 3364 3561 3363
f 3562 3561 3364
f 3541 3562 3364
f 3365 3541 3364
f 3382 3563 3366
f 3563 3368 3366
f 3368 3367 3366
f 3563 3564 3368
f 3564 3565 3368
f 3565 3369 3368
f 3565 3566 3369
f 3566 3567 3369
f 3567 3370 3369
f 3567 3568 3370
f 3568 3371 3370
f 3568 3569 3371
f 3569 3372 3371
f 3569 3570 3372
f 3570 3373 3372
f 3570 3571 3373
f 3571 3376 3373
f 3376 3375 3373
f 3375 3374 3373
f 3571 3572 3376
f 3572 3573 3376
f 3573 3450 3376
f 3450 3377 3376
f 3574 3385 3378
f 3575 3574 3378
f 3576 3575 3378
f 3386 3576 3378
f 3380 3384 3379
f 3577 3384 3380
f 3578 3577 3380
f 3381 3578 3380
f 3385 3578 3381
f 3383 3579 3382
f 3579 3580 3382
f 3580 3564 3382
f 3564 3563 3382
f 3581 3579 3383
f 3384 3581 3383
f 3582 3581 3384
f 3577 3582 3384
f 3574 3583 3385
f 3583 3584 3385
f 3584 3578 3385
f 3585 3576 3386
f 3388 3585 3386
f 3586 3388 3386
f 3387 3586 3386
f 3201 3387 3386
f 3388 3586 3387
f 3587 3585 3388
f 3588 3587 3388
f 3589 3588 3388
f 3389 3589 3388
f 3590 3589 3389
f 3390 3590 3389
f 3591 3590 3390
f 3592 3591 3390
f 3392 3592 3390
f 3391 3392 3390
f 3396 3592 3392
f 3394 3396 3392
f 3393 3394 3392
f 3395 3396 3394
f 3591 3592 3396
f 3593 3591 3396
f 3594 3593 3396
f 3397 3594 3396
f 3595 3594 3397
f 3398 3595 3397
f 3596 3595 3398
f 3597 3596 3398
f 3399 3597 3398
f 3400 3597 3399
f 3598 3597 3400
f 3403 3598 3400
f 3401 3403 3400
f 3402 3403 3401
f 3599 3598 3403
f 3600 3599 3403
f 3601 3600 3403
f 3602 3601 3403
f 3404 3602 3403
f 3603 3602 3404
f 3604 3603 3404
f 3405 3604 3404
f 3406 3604 3405
f 3603 3604 3406
f 3605 3603 3406
f 3606 3605 3406
f 3407 3606 3406
f 3607 3606 3407
f 3608 3607 3407
f 3408 3608 3407
f 3609 3608 3408
f 3410 3609 3408
f 3409 3410 3408
f 3610 3609 3410
f 3412 3610 3410
f 3411 3412 3410
f 3611 3610 3412
f 3414 3611 3412
f 3413 3414 3412
f 3612 3611 3414
f 3613 3612 3414
f 3415 3613 3414
f 3416 3613 3415
f 3614 3613 3416
f 3615 3614 3416
f 3616 3615 3416
f 3417 3616 3416
f 3617 3616 3417
f 3418 3617 3417
f 3618 3617 3418
f 3419 3618 3418
f 3619 3618 3419
f 3420 3619 3419
f 3620 3619 3420
f 3421 3620 3420
f 3621 3620 3421
f 3422 3621 3421
f 3622 3621 3422
f 3424 3622 3422
f 3423 3424 3422
f 3623 3622 3424
f 3624 3623 3424
f 3625 3624 3424
f 3425 3625 3424
f 3427 3625 3425
f 3426 3427 3425
f 3626 3625 3427
f 3627 3626 3427
f 3428 3627 3427
f 3628 3627 3428
f 3429 3628 3428
f 3629 3628 3429
f 3430 3629 3429
f 3630 3629 3430
f 3431 3630 3430
f 3631 3630 3431
f 3432 3631 3431
f 3632 3631 3432
f 3433 3632 3432
f 3633 3632 3433
f 3434 3633 3433
f 3634 3633 3434
f 3435 3634 3434
f 3635 3634 3435
f 3436 3635 3435
f 3636 3635 3436
f 3437 3636 3436
f 3637 3636 3437
f 3638 3637 3437
f 3639 3638 3437
f 3438 3639 3437
f 3439 3639 3438
f 3440 3639 3439
f 3640 3639 3440
f 3641 3640 3440
f 3442 3641 3440
f 3441 3442 3440
f 3444 3641 3442
f 3443 3444 3442
f 3640 3641 3444
f 3642 3640 3444
f 3643 3642 3444
f 3445 3643 3444
f 3644 3643 3445
f 3645 3644 3445
f 3446 3645 3445
f 3447 3645 3446
f 3646 3645 3447
f 3448 3646 3447
f 3647 3646 3448
f 3545 3647 3448
f 3449 3545 3448
f 3573 3648 3450
f 3648 3451 3450
f 3648 3452 3451
f 3648 3649 3452
f 3649 3650 3452
f 3650 3651 3452
f 3651 3453 3452
f 3651 3652 3453
f 3652 3454 3453
f 3652 3455 3454
f 3652 3651 3455
f 3651 3653 3455
f 3653 3457 3455
f 3457 3456 3455
f 3653 3654 3457
f 3654 3655 3457
f 3655 3458 3457
f 3655 3459 3458
f 3655 3654 3459
f 3654 3656 3459
f 3656 3657 3459
f 3657 3658 3459
f 3658 3460 3459
f 3658 3659 3460
f 3659 3461 3460
f 3659 3463 3461
f 3659 3660 3463
f 3660 3661 3463
f 3661 3464 3463
f 3661 3662 3464
f 3662 3465 3464
f 3662 3466 3465
f 3662 3663 3466
f 3663 3664 3466
f 3664 3467 3466
f 3664 3468 3467
f 3664 3665 3468
f 3665 3666 3468
f 3666 3667 3468
f 3667 3470 3468
f 3470 3469 3468
f 3667 3668 3470
f 3668 3669 3470
f 3669 3471 3470
f 3669 3670 3471
f 3670 3472 3471
f 3670 3671 3472
f 3671 3672 3472
f 3672 3673 3472
f 3673 3473 3472
f 3673 3475 3473
f 3673 3476 3475
f 3673 3674 3476
f 3674 3675 3476
f 3675 3676 3476
f 3676 3479 3476
f 3479 3477 3476
f 3479 3478 3477
f 3676 3480 3479
f 3676 3677 3480
f 3677 3678 3480
f 3678 3679 3480
f 3679 3481 3480
f 3679 3680 3481
f 3680 3681 3481
f 3681 3482 3481
f 3681 3682 3482
f 3682 3483 3482
f 3682 3485 3483
f 3485 3484 3483
f 3682 3486 3485
f 3682 3683 3486
f 3683 3684 3486
f 3684 3685 3486
f 3685 3686 3486
f 3686 3487 3486
f 3686 3488 3487
f 3686 3687 3488
f 3687 3688 3488
f 3688 3489 3488
f 3688 3689 3489
f 3689 3690 3489
f 3690 3691 3489
f 3691 3490 3489
f 3691 3692 3490
f 3692 3492 3490
f 3492 3491 3490
f 3692 3693 3492
f 3693 3694 3492
f 3694 3493 3492
f 3694 3494 3493
f 3694 3695 3494
f 3695 3495 3494
f 3695 3696 3495
f 3696 3697 3495
f 3697 3496 3495
f 3697 3696 3496
f 3696 3698 3496
f 3698 3699 3496
f 3496 3699 3497
f 3699 3498 3497
f 3699 3519 3498
f 3513 3700 3499
f 3700 3500 3499
f 3700 3701 3500
f 3701 3501 3500
f 3701 3702 3501
f 3702 3502 3501
f 3505 3503 3502
f 3702 3505 3502
f 3703 3506 3504
f 3704 3703 3504
f 3705 3704 3504
f 3505 3705 3504
f 3706 3705 3505
f 3707 3706 3505
f 3702 3707 3505
f 3708 3540 3506
f 3703 3708 3506
f 3518 3709 3508
f 3709 3710 3508
f 3710 3509 3508
f 3710 3711 3509
f 3711 3712 3509
f 3712 3510 3509
f 3712 3711 3510
f 3711 3713 3510
f 3713 3714 3510
f 3714 3715 3510
f 3715 3512 3510
f 3715 3716 3512
f 3716 3513 3512
f 3716 3700 3513
f 3527 3717 3514
f 3717 3516 3514
f 3516 3515 3514
f 3717 3718 3516
f 3718 3719 3516
f 3719 3720 3516
f 3720 3709 3516
f 3709 3517 3516
f 3709 3518 3517
f 3699 3721 3519
f 3721 3722 3519
f 3722 3723 3519
f 3723 3724 3519
f 3724 3725 3519
f 3725 3521 3519
f 3521 3520 3519
f 3725 3522 3521
f 3725 3726 3522
f 3726 3727 3522
f 3727 3523 3522
f 3727 3728 3523
f 3728 3525 3523
f 3525 3524 3523
f 3729 3730 3526
f 3730 3527 3526
f 3730 3717 3527
f 3731 3544 3528
f 3732 3731 3528
f 3733 3732 3528
f 3529 3733 3528
f 3734 3733 3529
f 3735 3734 3529
f 3530 3735 3529
f 3531 3735 3530
f 3736 3735 3531
f 3532 3736 3531
f 3737 3736 3532
f 3738 3737 3532
f 3533 3738 3532
f 3739 3738 3533
f 3534 3739 3533
f 3535 3739 3534
f 3740 3739 3535
f 3741 3740 3535
f 3536 3741 3535
f 3742 3741 3536
f 3537 3742 3536
f 3538 3742 3537
f 3540 3742 3538
f 3539 3540 3538
f 3743 3742 3540
f 3744 3743 3540
f 3708 3744 3540
f 3745 3562 3541
f 3746 3745 3541
f 3747 3746 3541
f 3748 3747 3541
f 3542 3748 3541
f 3731 3748 3542
f 3543 3731 3542
f 3544 3731 3543
f 3749 3647 3545
f 3750 3749 3545
f 3546 3750 3545
f 3548 3750 3546
f 3547 3548 3546
f 3751 3750 3548
f 3550 3751 3548
f 3549 3550 3548
f 3752 3751 3550
f 3753 3752 3550
f 3754 3753 3550
f 3551 3754 3550
f 3755 3754 3551
f 3552 3755 3551
f 3756 3755 3552
f 3553 3756 3552
f 3555 3756 3553
f 3554 3555 3553
f 3757 3756 3555
f 3758 3757 3555
f 3759 3758 3555
f 3556 3759 3555
f 3760 3759 3556
f 3557 3760 3556
f 3559 3760 3557
f 3558 3559 3557
f 3761 3760 3559
f 3762 3761 3559
f 3763 3762 3559
f 3560 3763 3559
f 3562 3745 3561
f 3580 3764 3564
f 3764 3765 3564
f 3765 3565 3564
f 3765 3766 3565
f 3766 3767 3565
f 3767 3566 3565
f 3767 3768 3566
f 3768 3567 3566
f 3768 3769 3567
f 3769 3568 3567
f 3769 3770 3568
f 3770 3569 3568
f 3770 3571 3569
f 3571 3570 3569
f 3770 3771 3571
f 3771 3772 3571
f 3772 3573 3571
f 3573 3572 3571
f 3772 3773 3573
f 3773 3774 3573
f 3774 3775 3573
f 3775 3648 3573
f 3575 3776 3574
f 3776 3583 3574
f 3777 3776 3575
f 3585 3777 3575
f 3576 3585 3575
f 3584 3582 3577
f 3578 3584 3577
f 3764 3580 3579
f 3778 3764 3579
f 3779 3778 3579
f 3581 3779 3579
f 3780 3779 3581
f 3781 3780 3581
f 3582 3781 3581
f 3782 3781 3582
f 3584 3782 3582
f 3783 3781 3583
f 3784 3783 3583
f 3785 3784 3583
f 3776 3785 3583
f 3583 3782 3584
f 3786 3777 3585
f 3587 3786 3585
f 3787 3786 3587
f 3788 3787 3587
f 3789 3788 3587
f 3588 3789 3587
f 3790 3789 3588
f 3589 3790 3588
f 3791 3790 3589
f 3590 3791 3589
f 3792 3791 3590
f 3591 3792 3590
f 3793 3792 3591
f 3593 3793 3591
f 3594 3793 3593
f 3794 3793 3594
f 3595 3794 3594
f 3795 3794 3595
f 3796 3795 3595
f 3596 3796 3595
f 3597 3796 3596
f 3797 3796 3597
f 3598 3797 3597
f 3599 3797 3598
f 3798 3797 3599
f 3799 3798 3599
f 3600 3799 3599
f 3800 3799 3600
f 3801 3800 3600
f 3601 3801 3600
f 3602 3801 3601
f 3802 3801 3602
f 3803 3802 3602
f 3804 3803 3602
f 3603 3804 3602
f 3805 3804 3603
f 3605 3805 3603
f 3806 3805 3605
f 3606 3806 3605
f 3807 3806 3606
f 3808 3807 3606
f 3607 3808 3606
f 3809 3808 3607
f 3608 3809 3607
f 3810 3809 3608
f 3610 3810 3608
f 3609 3610 3608
f 3612 3810 3610
f 3611 3612 3610
f 3809 3810 3612
f 3811 3809 3612
f 3613 3811 3612
f 3812 3811 3613
f 3614 3812 3613
f 3813 3812 3614
f 3814 3813 3614
f 3615 3814 3614
f 3815 3814 3615
f 3616 3815 3615
f 3816 3815 3616
f 3617 3816 3616
f 3817 3816 3617
f 3618 3817 3617
f 3818 3817 3618
f 3619 3818 3618
f 3819 3818 3619
f 3620 3819 3619
f 3820 3819 3620
f 3821 3820 3620
f 3621 3821 3620
f 3623 3821 3621
f 3622 3623 3621
f 3822 3821 3623
f 3823 3822 3623
f 3824 3823 3623
f 3624 3824 3623
f 3626 3824 3624
f 3625 3626 3624
f 3825 3824 3626
f 3826 3825 3626
f 3627 3826 3626
f 3827 3826 3627
f 3628 3827 3627
f 3828 3827 3628
f 3629 3828 3628
f 3829 3828 3629
f 3630 3829 3629
f 3830 3829 3630
f 3631 3830 3630
f 3831 3830 3631
f 3632 3831 3631
f 3832 3831 3632
f 3633 3832 3632
f 3833 3832 3633
f 3634 3833 3633
f 3834 3833 3634
f 3635 3834 3634
f 3835 3834 3635
f 3636 3835 3635
f 3836 3835 3636
f 3637 3836 3636
f 3837 3836 3637
f 3838 3837 3637
f 3839 3838 3637
f 3639 3839 3637
f 3638 3639 3637
f 3640 3839 3639
f 3838 3839 3640
f 3840 3838 3640
f 3841 3840 3640
f 3642 3841 3640
f 3643 3841 3642
f 3842 3841 3643
f 3843 3842 3643
f 3844 3843 3643
f 3845 3844 3643
f 3644 3845 3643
f 3846 3845 3644
f 3847 3846 3644
f 3645 3847 3644
f 3646 3847 3645
f 3846 3847 3646
f 3848 3846 3646
f 3849 3848 3646
f 3647 3849 3646
f 3850 3849 3647
f 3851 3850 3647
f 3749 3851 3647
f 3775 3649 3648
f 3775 3852 3649
f 3852 3853 3649
f 3853 3854 3649
f 3854 3650 3649
f 3854 3855 3650
f 3855 3651 3650
f 3855 3653 3651
f 3855 3856 3653
f 3856 3857 3653
f 3857 3858 3653
f 3858 3859 3653
f 3859 3654 3653
f 3859 3860 3654
f 3860 3657 3654
f 3657 3656 3654
f 3860 3861 3657
f 3861 3862 3657
f 3862 3658 3657
f 3862 3660 3658
f 3660 3659 3658
f 3862 3863 3660
f 3863 3864 3660
f 3864 3865 3660
f 3865 3866 3660
f 3866 3661 3660
f 3866 3662 3661
f 3866 3867 3662
f 3867 3868 3662
f 3868 3663 3662
f 3868 3869 3663
f 3869 3665 3663
f 3665 3664 3663
f 3869 3870 3665
f 3870 3666 3665
f 3870 3871 3666
f 3871 3668 3666
f 3668 3667 3666
f 3871 3872 3668
f 3872 3873 3668
f 3873 3669 3668
f 3873 3874 3669
f 3874 3875 3669
f 3875 3670 3669
f 3875 3671 3670
f 3875 3876 3671
f 3876 3877 3671
f 3877 3673 3671
f 3673 3672 3671
f 3877 3878 3673
f 3673 3878 3674
f 3878 3675 3674
f 3878 3879 3675
f 3879 3677 3675
f 3677 3676 3675
f 3879 3880 3677
f 3880 3678 3677
f 3880 3881 3678
f 3881 3882 3678
f 3882 3679 3678
f 3882 3883 3679
f 3883 3884 3679
f 3884 3885 3679
f 3885 3886 3679
f 3886 3680 3679
f 3886 3684 3680
f 3684 3681 3680
f 3684 3682 3681
f 3684 3683 3682
f 3886 3887 3684
f 3887 3888 3684
f 3888 3889 3684
f 3889 3685 3684
f 3889 3687 3685
f 3687 3686 3685
f 3889 3890 3687
f 3890 3891 3687
f 3891 3892 3687
f 3892 3688 3687
f 3892 3893 3688
f 3893 3689 3688
f 3893 3894 3689
f 3894 3895 3689
f 3895 3690 3689
f 3895 3896 3690
f 3896 3691 3690
f 3896 3692 3691
f 3896 3895 3692
f 3895 3897 3692
f 3897 3898 3692
f 3898 3693 3692
f 3898 3694 3693
f 3898 3899 3694
f 3899 3900 3694
f 3900 3695 3694
f 3900 3901 3695
f 3901 3902 3695
f 3902 3696 3695
f 3902 3903 3696
f 3903 3698 3696
f 3903 3904 3698
f 3904 3721 3698
f 3721 3699 3698
f 3716 3905 3700
f 3905 3701 3700
f 3905 3707 3701
f 3707 3702 3701
f 3906 3708 3703
f 3907 3906 3703
f 3908 3907 3703
f 3705 3908 3703
f 3704 3705 3703
f 3706 3909 3705
f 3909 3910 3705
f 3910 3911 3705
f 3911 3908 3705
f 3707 3912 3706
f 3912 3913 3706
f 3913 3914 3706
f 3914 3909 3706
f 3905 3915 3707
f 3915 3916 3707
f 3916 3912 3707
f 3906 3744 3708
f 3720 3917 3709
f 3917 3918 3709
f 3918 3710 3709
f 3918 3919 3710
f 3919 3711 3710
f 3919 3920 3711
f 3920 3714 3711
f 3714 3713 3711
f 3920 3921 3714
f 3921 3715 3714
f 3921 3915 3715
f 3915 3716 3715
f 3915 3905 3716
f 3730 3922 3717
f 3922 3718 3717
f 3922 3923 3718
f 3923 3924 3718
f 3924 3925 3718
f 3925 3719 3718
f 3925 3917 3719
f 3917 3720 3719
f 3904 3926 3721
f 3926 3722 3721
f 3926 3927 3722
f 3927 3928 3722
f 3928 3929 3722
f 3929 3723 3722
f 3929 3930 3723
f 3930 3724 3723
f 3930 3931 3724
f 3931 3726 3724
f 3726 3725 3724
f 3931 3932 3726
f 3932 3933 3726
f 3933 3727 3726
f 3933 3934 3727
f 3934 3935 3727
f 3935 3936 3727
f 3922 3730 3729
f 3937 3748 3731
f 3938 3937 3731
f 3939 3938 3731
f 3732 3939 3731
f 3940 3939 3732
f 3941 3940 3732
f 3733 3941 3732
f 3734 3941 3733
f 3942 3941 3734
f 3735 3942 3734
f 3943 3942 3735
f 3736 3943 3735
f 3944 3943 3736
f 3945 3944 3736
f 3737 3945 3736
f 3738 3945 3737
f 3946 3945 3738
f 3739 3946 3738
f 3947 3946 3739
f 3948 3947 3739
f 3740 3948 3739
f 3741 3948 3740
f 3743 3948 3741
f 3742 3743 3741
f 3949 3948 3743
f 3950 3949 3743
f 3951 3950 3743
f 3744 3951 3743
f 3952 3951 3744
f 3953 3952 3744
f 3954 3953 3744
f 3906 3954 3744
f 3956 3955 3745
f 3746 3956 3745
f 3957 3956 3746
f 3747 3957 3746
f 3937 3957 3747
f 3748 3937 3747
f 3958 3851 3749
f 3750 3958 3749
f 3752 3958 3750
f 3751 3752 3750
f 3959 3958 3752
f 3960 3959 3752
f 3961 3960 3752
f 3753 3961 3752
f 3962 3961 3753
f 3754 3962 3753
f 3963 3962 3754
f 3755 3963 3754
f 3757 3963 3755
f 3756 3757 3755
f 3964 3963 3757
f 3965 3964 3757
f 3966 3965 3757
f 3758 3966 3757
f 3759 3966 3758
f 3967 3966 3759
f 3968 3967 3759
f 3761 3968 3759
f 3760 3761 3759
f 3969 3968 3761
f 3970 3969 3761
f 3971 3970 3761
f 3762 3971 3761
f 3972 3765 3764
f 3778 3972 3764
f 3973 3766 3765
f 3974 3973 3765
f 3972 3974 3765
f 3973 3975 3766
f 3975 3976 3766
f 3976 3767 3766
f 3976 3977 3767
f 3977 3768 3767
f 3977 3978 3768
f 3978 3769 3768
f 3978 3979 3769
f 3979 3770 3769
f 3979 3771 3770
f 3979 3773 3771
f 3773 3772 3771
f 3979 3980 3773
f 3980 3774 3773
f 3980 3981 3774
f 3981 3982 3774
f 3982 3775 3774
f 3982 3983 3775
f 3983 3853 3775
f 3853 3852 3775
f 3984 3785 3776
f 3777 3984 3776
f 3985 3984 3777
f 3986 3985 3777
f 3786 3986 3777
f 3987 3972 3778
f 3988 3987 3778
f 3779 3988 3778
f 3780 3988 3779
f 3989 3988 3780
f 3781 3989 3780
f 3990 3989 3781
f 3783 3990 3781
f 3782 3583 3781
f 3991 3990 3783
f 3784 3991 3783
f 3992 3991 3784
f 3984 3992 3784
f 3785 3984 3784
f 3993 3986 3786
f 3994 3993 3786
f 3995 3994 3786
f 3787 3995 3786
f 3996 3995 3787
f 3788 3996 3787
f 3997 3996 3788
f 3789 3997 3788
f 3998 3997 3789
f 3790 3998 3789
f 3999 3998 3790
f 3791 3999 3790
f 4000 3999 3791
f 3792 4000 3791
f 4001 4000 3792
f 4002 4001 3792
f 3793 4002 3792
f 4003 4002 3793
f 3794 4003 3793
f 4004 4003 3794
f 4005 4004 3794
f 3795 4005 3794
f 3796 4005 3795
f 3797 4005 3796
f 4006 4005 3797
f 4007 4006 3797
f 3798 4007 3797
f 3799 4007 3798
f 4008 4007 3799
f 4009 4008 3799
f 4010 4009 3799
f 3800 4010 3799
f 4011 4010 3800
f 4012 4011 3800
f 3802 4012 3800
f 3801 3802 3800
f 4013 4012 3802
f 4014 4013 3802
f 4015 4014 3802
f 3803 4015 3802
f 4016 4015 3803
f 3804 4016 3803
f 4017 4016 3804
f 4018 4017 3804
f 3805 4018 3804
f 4019 4018 3805
f 3806 4019 3805
f 4020 4019 3806
f 4021 4020 3806
f 3807 4021 3806
f 3808 4021 3807
f 3811 4021 3808
f 3809 3811 3808
f 4022 4021 3811
f 3812 4022 3811
f 4023 4022 3812
f 4024 4023 3812
f 4025 4024 3812
f 3813 4025 3812
f 4026 4025 3813
f 3814 4026 3813
f 4027 4026 3814
f 3815 4027 3814
f 4028 4027 3815
f 3816 4028 3815
f 4029 4028 3816
f 3817 4029 3816
f 4030 4029 3817
f 3818 4030 3817
f 4031 4030 3818
f 3819 4031 3818
f 4032 4031 3819
f 4033 4032 3819
f 3820 4033 3819
f 3822 4033 3820
f 3821 3822 3820
f 4034 4033 3822
f 4035 4034 3822
f 3823 4035 3822
f 4036 4035 3823
f 3825 4036 3823
f 3824 3825 3823
f 4037 4036 3825
f 4038 4037 3825
f 3826 4038 3825
f 4039 4038 3826
f 3827 4039 3826
f 4040 4039 3827
f 3828 4040 3827
f 4041 4040 3828
f 3829 4041 3828
f 4042 4041 3829
f 3830 4042 3829
f 4043 4042 3830
f 3831 4043 3830
f 4044 4043 3831
f 3832 4044 3831
f 4045 4044 3832
f 3833 4045 3832
f 4046 4045 3833
f 3834 4046 3833
f 4047 4046 3834
f 4048 4047 3834
f 3836 4048 3834
f 3835 3836 3834
f 4049 4048 3836
f 4050 4049 3836
f 3837 4050 3836
f 4051 4050 3837
f 4052 4051 3837
f 3840 4052 3837
f 3838 3840 3837
f 3842 4052 3840
f 3841 3842 3840
f 4051 4052 3842
f 3843 4051 3842
f 4053 4051 3843
f 4054 4053 3843
f 3844 4054 3843
f 4055 4054 3844
f 4056 4055 3844
f 4057 4056 3844
f 3845 4057 3844
f 3846 4057 3845
f 4058 4057 3846
f 4059 4058 3846
f 3848 4059 3846
f 4060 4059 3848
f 4061 4060 3848
f 3849 4061 3848
f 4062 4061 3849
f 3850 4062 3849
f 4063 4062 3850
f 3851 4063 3850
f 3959 4063 3851
f 3958 3959 3851
f 3983 4064 3853
f 4064 4065 3853
f 4065 4066 3853
f 4066 4067 3853
f 4067 3854 3853
f 4067 3856 3854
f 3856 3855 3854
f 4067 4066 3856
f 4066 4068 3856
f 4068 3857 3856
f 4068 4069 3857
f 4069 4070 3857
f 4070 3858 3857
f 4070 4071 3858
f 4071 3860 3858
f 3860 3859 3858
f 4071 4072 3860
f 4072 4073 3860
f 4073 4074 3860
f 4074 3861 3860
f 4074 4075 3861
f 4075 3862 3861
f 4075 3863 3862
f 4075 4074 3863
f 4074 4076 3863
f 4076 4077 3863
f 4077 4078 3863
f 4078 4079 3863
f 4079 3864 3863
f 4079 4080 3864
f 4080 4081 3864
f 4081 3865 3864
f 4081 3866 3865
f 4081 3867 3866
f 4081 4082 3867
f 4082 3868 3867
f 4082 4083 3868
f 4083 4084 3868
f 4084 4085 3868
f 4085 3869 3868
f 4085 3870 3869
f 4085 4086 3870
f 4086 4087 3870
f 4087 3872 3870
f 3872 3871 3870
f 4087 4088 3872
f 4088 4089 3872
f 4089 3873 3872
f 4089 4090 3873
f 4090 4091 3873
f 4091 3874 3873
f 4091 3875 3874
f 4091 4092 3875
f 4092 3876 3875
f 4092 4093 3876
f 4093 4094 3876
f 4094 3878 3876
f 3878 3877 3876
f 4094 3879 3878
f 4094 4093 3879
f 4093 4095 3879
f 3879 3881 3880
f 3879 4095 3881
f 4095 3883 3881
f 3883 3882 3881
f 4095 4096 3883
f 4096 4097 3883
f 4097 4098 3883
f 4098 3884 3883
f 4098 4099 3884
f 4099 4100 3884
f 4100 3885 3884
f 4100 4101 3885
f 4101 3887 3885
f 3887 3886 3885
f 4101 4102 3887
f 4102 4103 3887
f 4103 4104 3887
f 4104 3889 3887
f 3889 3888 3887
f 4104 3890 3889
f 4104 4103 3890
f 4103 4105 3890
f 4105 4106 3890
f 4106 4107 3890
f 4107 3891 3890
f 4107 4108 3891
f 4108 3892 3891
f 4108 3893 3892
f 4108 4109 3893
f 4109 4110 3893
f 4110 3894 3893
f 4110 4111 3894
f 4111 4112 3894
f 4112 3895 3894
f 4112 3897 3895
f 4112 4113 3897
f 4113 4114 3897
f 4114 3898 3897
f 4114 3901 3898
f 3901 4115 3898
f 4115 3900 3898
f 3900 3899 3898
f 4115 3901 3900
f 4114 4116 3901
f 4116 4117 3901
f 4117 3903 3901
f 3903 3902 3901
f 4117 4118 3903
f 4118 4119 3903
f 4119 3904 3903
f 4119 3926 3904
f 4120 3954 3906
f 3911 4120 3906
f 3907 3911 3906
f 3908 3911 3907
f 3914 4121 3909
f 4121 4122 3909
f 4122 3910 3909
f 4122 3911 3910
f 4123 4120 3911
f 4122 4123 3911
f 3916 4124 3912
f 4124 4125 3912
f 4125 3913 3912
f 4125 4126 3913
f 4126 3914 3913
f 4126 4127 3914
f 4127 4121 3914
f 3921 4128 3915
f 4128 4129 3915
f 4129 4130 3915
f 4130 4124 3915
f 4124 3916 3915
f 3925 4131 3917
f 4131 4132 3917
f 4132 4133 3917
f 4133 3918 3917
f 4133 4134 3918
f 4134 3919 3918
f 4134 4135 3919
f 4135 3920 3919
f 4135 4136 3920
f 4136 3921 3920
f 4136 4128 3921
f 4137 3923 3922
f 4137 4138 3923
f 4138 4139 3923
f 4139 4140 3923
f 4140 3924 3923
f 4140 4131 3924
f 4131 3925 3924
f 4119 4141 3926
f 4141 4142 3926
f 4142 3927 3926
f 4142 4143 3927
f 4143 3928 3927
f 4143 4144 3928
f 4144 3929 3928
f 4144 4145 3929
f 4145 4146 3929
f 4146 4147 3929
f 4147 3931 3929
f 3931 3930 3929
f 4147 3932 3931
f 4147 4146 3932
f 4146 4148 3932
f 4148 4149 3932
f 4149 3933 3932
f 4149 3935 3933
f 3935 3934 3933
f 4149 4150 3935
f 4150 4151 3935
f 4151 4152 3935
f 4152 4153 3935
f 4153 3936 3935
f 4153 4152 3936
f 4152 4154 3936
f 4154 4155 3936
f 4157 3957 3937
f 4158 4157 3937
f 4159 4158 3937
f 3938 4159 3937
f 3939 4159 3938
f 4160 4159 3939
f 4161 4160 3939
f 3940 4161 3939
f 3941 4161 3940
f 4162 4161 3941
f 3942 4162 3941
f 4163 4162 3942
f 3943 4163 3942
f 4164 4163 3943
f 4165 4164 3943
f 3944 4165 3943
f 3945 4165 3944
f 4166 4165 3945
f 3946 4166 3945
f 4167 4166 3946
f 3949 4167 3946
f 3947 3949 3946
f 3948 3949 3947
f 4168 4167 3949
f 4169 4168 3949
f 4170 4169 3949
f 3950 4170 3949
f 3951 4170 3950
f 3952 4170 3951
f 4171 4170 3952
f 4172 4171 3952
f 3954 4172 3952
f 3953 3954 3952
f 4123 4172 3954
f 4120 4123 3954
f 3956 4173 3955
f 4157 4173 3956
f 3957 4157 3956
f 4174 4063 3959
f 4175 4174 3959
f 4176 4175 3959
f 3960 4176 3959
f 4177 4176 3960
f 3961 4177 3960
f 4178 4177 3961
f 3962 4178 3961
f 3964 4178 3962
f 3963 3964 3962
f 4179 4178 3964
f 4180 4179 3964
f 4181 4180 3964
f 3965 4181 3964
f 3966 4181 3965
f 4182 4181 3966
f 3967 4182 3966
f 4183 4182 3967
f 4184 4183 3967
f 3969 4184 3967
f 3968 3969 3967
f 4185 4184 3969
f 4186 4185 3969
f 3970 4186 3969
f 4187 4186 3970
f 4188 4187 3970
f 3971 4188 3970
f 4189 4188 3971
f 4191 3974 3972
f 3987 4191 3972
f 3974 4192 3973
f 4192 4193 3973
f 4193 4194 3973
f 4194 3975 3973
f 4191 4195 3974
f 4195 4192 3974
f 4194 4196 3975
f 4196 3977 3975
f 3977 3976 3975
f 4196 4197 3977
f 4197 4198 3977
f 4198 3978 3977
f 4198 4199 3978
f 4199 3979 3978
f 4199 3980 3979
f 4199 4200 3980
f 4200 4201 3980
f 4201 3981 3980
f 4201 4202 3981
f 4202 4203 3981
f 4203 4064 3981
f 4064 3983 3981
f 3983 3982 3981
f 4204 3992 3984
f 4205 4204 3984
f 3985 4205 3984
f 4206 3985 3986
f 3993 4206 3986
f 4207 4191 3987
f 3988 4207 3987
f 4208 4207 3988
f 3989 4208 3988
f 4209 4208 3989
f 3990 4209 3989
f 3991 4209 3990
f 4210 4209 3991
f 4211 4210 3991
f 4204 4211 3991
f 3992 4204 3991
f 4212 4206 3993
f 3995 4212 3993
f 3994 3995 3993
f 4213 4212 3995
f 4214 4213 3995
f 4215 4214 3995
f 3996 4215 3995
f 4216 4215 3996
f 3997 4216 3996
f 4217 4216 3997
f 3998 4217 3997
f 4218 4217 3998
f 3999 4218 3998
f 4000 4218 3999
f 4219 4218 4000
f 4220 4219 4000
f 4001 4220 4000
f 4002 4220 4001
f 4221 4220 4002
f 4003 4221 4002
f 4222 4221 4003
f 4004 4222 4003
f 4223 4222 4004
f 4005 4223 4004
f 4224 4223 4005
f 4006 4224 4005
f 4008 4224 4006
f 4007 4008 4006
f 4225 4224 4008
f 4226 4225 4008
f 4227 4226 4008
f 4228 4227 4008
f 4009 4228 4008
f 4229 4228 4009
f 4230 4229 4009
f 4011 4230 4009
f 4010 4011 4009
f 4231 4230 4011
f 4012 4231 4011
f 4232 4231 4012
f 4233 4232 4012
f 4234 4233 4012
f 4235 4234 4012
f 4013 4235 4012
f 4236 4235 4013
f 4014 4236 4013
f 4237 4236 4014
f 4016 4237 4014
f 4015 4016 4014
f 4238 4237 4016
f 4017 4238 4016
f 4239 4238 4017
f 4019 4239 4017
f 4018 4019 4017
f 4240 4239 4019
f 4022 4240 4019
f 4020 4022 4019
f 4021 4022 4020
f 4241 4240 4022
f 4023 4241 4022
f 4242 4241 4023
f 4243 4242 4023
f 4244 4243 4023
f 4025 4244 4023
f 4024 4025 4023
f 4245 4244 4025
f 4246 4245 4025
f 4026 4246 4025
f 4247 4246 4026
f 4027 4247 4026
f 4248 4247 4027
f 4028 4248 4027
f 4249 4248 4028
f 4029 4249 4028
f 4250 4249 4029
f 4030 4250 4029
f 4251 4250 4030
f 4032 4251 4030
f 4031 4032 4030
f 4252 4251 4032
f 4253 4252 4032
f 4034 4253 4032
f 4033 4034 4032
f 4254 4253 4034
f 4255 4254 4034
f 4035 4255 4034
f 4256 4255 4035
f 4037 4256 4035
f 4036 4037 4035
f 4257 4256 4037
f 4258 4257 4037
f 4038 4258 4037
f 4259 4258 4038
f 4039 4259 4038
f 4260 4259 4039
f 4040 4260 4039
f 4261 4260 4040
f 4041 4261 4040
f 4262 4261 4041
f 4042 4262 4041
f 4263 4262 4042
f 4043 4263 4042
f 4264 4263 4043
f 4044 4264 4043
f 4265 4264 4044
f 4045 4265 4044
f 4266 4265 4045
f 4046 4266 4045
f 4267 4266 4046
f 4268 4267 4046
f 4047 4268 4046
f 4049 4268 4047
f 4048 4049 4047
f 4269 4268 4049
f 4270 4269 4049
f 4050 4270 4049
f 4053 4270 4050
f 4051 4053 4050
f 4271 4270 4053
f 4272 4271 4053
f 4054 4272 4053
f 4273 4272 4054
f 4055 4273 4054
f 4274 4273 4055
f 4275 4274 4055
f 4058 4275 4055
f 4056 4058 4055
f 4057 4058 4056
f 4276 4275 4058
f 4059 4276 4058
f 4277 4276 4059
f 4060 4277 4059
f 4278 4277 4060
f 4279 4278 4060
f 4061 4279 4060
f 4280 4279 4061
f 4062 4280 4061
f 4174 4280 4062
f 4063 4174 4062
f 4203 4281 4064
f 4281 4282 4064
f 4282 4283 4064
f 4283 4065 4064
f 4283 4284 4065
f 4284 4066 4065
f 4284 4285 4066
f 4285 4069 4066
f 4069 4068 4066
f 4285 4286 4069
f 4286 4287 4069
f 4287 4071 4069
f 4071 4070 4069
f 4287 4288 4071
f 4288 4073 4071
f 4073 4072 4071
f 4288 4289 4073
f 4289 4290 4073
f 4290 4076 4073
f 4076 4074 4073
f 4290 4077 4076
f 4290 4291 4077
f 4291 4292 4077
f 4292 4078 4077
f 4292 4293 4078
f 4293 4294 4078
f 4294 4295 4078
f 4295 4079 4078
f 4295 4296 4079
f 4296 4080 4079
f 4296 4082 4080
f 4082 4081 4080
f 4296 4297 4082
f 4297 4298 4082
f 4298 4083 4082
f 4298 4299 4083
f 4299 4300 4083
f 4300 4084 4083
f 4300 4085 4084
f 4300 4086 4085
f 4300 4301 4086
f 4301 4302 4086
f 4302 4088 4086
f 4088 4087 4086
f 4302 4303 4088
f 4303 4304 4088
f 4304 4089 4088
f 4304 4305 4089
f 4305 4306 4089
f 4306 4090 4089
f 4306 4307 4090
f 4307 4091 4090
f 4307 4092 4091
f 4307 4308 4092
f 4308 4093 4092
f 4308 4309 4093
f 4309 4095 4093
f 4309 4096 4095
f 4309 4310 4096
f 4310 4311 4096
f 4311 4097 4096
f 4311 4312 4097
f 4312 4098 4097
f 4312 4313 4098
f 4313 4099 4098
f 4313 4314 4099
f 4314 4101 4099
f 4101 4100 4099
f 4314 4315 4101
f 4315 4102 4101
f 4315 4316 4102
f 4316 4105 4102
f 4105 4103 4102
f 4316 4317 4105
f 4317 4107 4105
f 4107 4106 4105
f 4317 4318 4107
f 4318 4319 4107
f 4319 4108 4107
f 4319 4320 4108
f 4320 4109 4108
f 4320 4321 4109
f 4321 4110 4109
f 4321 4322 4110
f 4322 4111 4110
f 4322 4323 4111
f 4323 4324 4111
f 4324 4112 4111
f 4324 4325 4112
f 4325 4113 4112
f 4325 4326 4113
f 4326 4114 4113
f 4326 4327 4114
f 4327 4116 4114
f 4327 4328 4116
f 4328 4329 4116
f 4329 4117 4116
f 4329 4118 4117
f 4329 4330 4118
f 4330 4331 4118
f 4331 4141 4118
f 4141 4119 4118
f 4127 4332 4121
f 4332 4122 4121
f 4333 4123 4122
f 4332 4333 4122
f 4334 4172 4123
f 4333 4334 4123
f 4336 4335 4124
f 4335 4125 4124
f 4335 4337 4125
f 4337 4338 4125
f 4338 4126 4125
f 4338 4339 4126
f 4339 4340 4126
f 4340 4127 4126
f 4340 4341 4127
f 4341 4332 4127
f 4136 4342 4128
f 4342 4343 4128
f 4343 4344 4128
f 4344 4129 4128
f 4344 4336 4129
f 4336 4130 4129
f 4336 4124 4130
f 4140 4345 4131
f 4345 4346 4131
f 4346 4132 4131
f 4346 4347 4132
f 4347 4348 4132
f 4348 4133 4132
f 4348 4349 4133
f 4349 4134 4133
f 4349 4342 4134
f 4342 4135 4134
f 4342 4136 4135
f 4350 4138 4137
f 4350 4351 4138
f 4351 4352 4138
f 4352 4353 4138
f 4353 4139 4138
f 4353 4345 4139
f 4345 4140 4139
f 4331 4354 4141
f 4354 4355 4141
f 4355 4142 4141
f 4355 4356 4142
f 4356 4357 4142
f 4357 4143 4142
f 4357 4145 4143
f 4145 4144 4143
f 4357 4358 4145
f 4358 4359 4145
f 4359 4360 4145
f 4360 4146 4145
f 4360 4361 4146
f 4361 4149 4146
f 4149 4148 4146
f 4361 4150 4149
f 4361 4362 4150
f 4362 4363 4150
f 4363 4151 4150
f 4363 4364 4151
f 4364 4365 4151
f 4365 4366 4151
f 4366 4152 4151
f 4366 4365 4152
f 4365 4367 4152
f 4367 4155 4152
f 4155 4154 4152
f 4367 4368 4155
f 4368 4369 4155
f 4369 4156 4155
f 4371 4370 4156
f 4372 4371 4156
f 4373 4372 4156
f 4369 4373 4156
f 4374 4173 4157
f 4375 4374 4157
f 4376 4375 4157
f 4158 4376 4157
f 4377 4376 4158
f 4159 4377 4158
f 4378 4377 4159
f 4379 4378 4159
f 4160 4379 4159
f 4380 4379 4160
f 4161 4380 4160
f 4381 4380 4161
f 4162 4381 4161
f 4382 4381 4162
f 4163 4382 4162
f 4383 4382 4163
f 4164 4383 4163
f 4384 4383 4164
f 4165 4384 4164
f 4166 4384 4165
f 4385 4384 4166
f 4168 4385 4166
f 4167 4168 4166
f 4386 4385 4168
f 4387 4386 4168
f 4388 4387 4168
f 4169 4388 4168
f 4171 4388 4169
f 4170 4171 4169
f 4389 4388 4171
f 4390 4389 4171
f 4391 4390 4171
f 4172 4391 4171
f 4334 4391 4172
f 4374 4394 4173
f 4395 4280 4174
f 4396 4395 4174
f 4397 4396 4174
f 4175 4397 4174
f 4398 4397 4175
f 4176 4398 4175
f 4399 4398 4176
f 4177 4399 4176
f 4179 4399 4177
f 4178 4179 4177
f 4400 4399 4179
f 4401 4400 4179
f 4402 4401 4179
f 4180 4402 4179
f 4181 4402 4180
f 4403 4402 4181
f 4404 4403 4181
f 4182 4404 4181
f 4405 4404 4182
f 4183 4405 4182
f 4406 4405 4183
f 4185 4406 4183
f 4184 4185 4183
f 4407 4406 4185
f 4408 4407 4185
f 4186 4408 4185
f 4409 4408 4186
f 4187 4409 4186
f 4410 4409 4187
f 4189 4410 4187
f 4188 4189 4187
f 4411 4410 4189
f 4412 4411 4189
f 4190 4412 4189
f 4416 4195 4191
f 4207 4416 4191
f 4417 4193 4192
f 4418 4417 4192
f 4419 4418 4192
f 4195 4419 4192
f 4417 4420 4193
f 4420 4194 4193
f 4420 4421 4194
f 4421 4196 4194
f 4422 4419 4195
f 4416 4422 4195
f 4421 4423 4196
f 4423 4197 4196
f 4423 4424 4197
f 4424 4198 4197
f 4424 4199 4198
f 4424 4200 4199
f 4424 4423 4200
f 4423 4425 4200
f 4425 4426 4200
f 4426 4427 4200
f 4427 4201 4200
f 4427 4202 4201
f 4427 4428 4202
f 4428 4429 4202
f 4429 4430 4202
f 4430 4203 4202
f 4430 4431 4203
f 4431 4281 4203
f 4432 4211 4204
f 4433 4432 4204
f 4434 4433 4204
f 4435 4434 4204
f 4206 4435 4204
f 4205 4206 4204
f 3985 4206 4205
f 4436 4435 4206
f 4437 4436 4206
f 4212 4437 4206
f 4438 4416 4207
f 4208 4438 4207
f 4439 4438 4208
f 4209 4439 4208
f 4440 4439 4209
f 4210 4440 4209
f 4441 4440 4210
f 4432 4441 4210
f 4211 4432 4210
f 4442 4437 4212
f 4443 4442 4212
f 4213 4443 4212
f 4444 4443 4213
f 4445 4444 4213
f 4446 4445 4213
f 4214 4446 4213
f 4447 4446 4214
f 4215 4447 4214
f 4448 4447 4215
f 4216 4448 4215
f 4449 4448 4216
f 4217 4449 4216
f 4450 4449 4217
f 4451 4450 4217
f 4218 4451 4217
f 4452 4451 4218
f 4219 4452 4218
f 4453 4452 4219
f 4220 4453 4219
f 4454 4453 4220
f 4455 4454 4220
f 4221 4455 4220
f 4222 4455 4221
f 4456 4455 4222
f 4223 4456 4222
f 4225 4456 4223
f 4224 4225 4223
f 4457 4456 4225
f 4458 4457 4225
f 4459 4458 4225
f 4226 4459 4225
f 4227 4459 4226
f 4460 4459 4227
f 4461 4460 4227
f 4229 4461 4227
f 4228 4229 4227
f 4462 4461 4229
f 4463 4462 4229
f 4464 4463 4229
f 4230 4464 4229
f 4232 4464 4230
f 4231 4232 4230
f 4465 4464 4232
f 4466 4465 4232
f 4467 4466 4232
f 4233 4467 4232
f 4468 4467 4233
f 4469 4468 4233
f 4234 4469 4233
f 4470 4469 4234
f 4236 4470 4234
f 4235 4236 4234
f 4471 4470 4236
f 4237 4471 4236
f 4472 4471 4237
f 4238 4472 4237
f 4473 4472 4238
f 4239 4473 4238
f 4241 4473 4239
f 4240 4241 4239
f 4474 4473 4241
f 4242 4474 4241
f 4475 4474 4242
f 4476 4475 4242
f 4477 4476 4242
f 4243 4477 4242
f 4478 4477 4243
f 4245 4478 4243
f 4244 4245 4243
f 4479 4478 4245
f 4480 4479 4245
f 4246 4480 4245
f 4481 4480 4246
f 4247 4481 4246
f 4482 4481 4247
f 4248 4482 4247
f 4483 4482 4248
f 4249 4483 4248
f 4484 4483 4249
f 4250 4484 4249
f 4485 4484 4250
f 4252 4485 4250
f 4251 4252 4250
f 4486 4485 4252
f 4487 4486 4252
f 4254 4487 4252
f 4253 4254 4252
f 4488 4487 4254
f 4489 4488 4254
f 4255 4489 4254
f 4490 4489 4255
f 4257 4490 4255
f 4256 4257 4255
f 4491 4490 4257
f 4492 4491 4257
f 4258 4492 4257
f 4493 4492 4258
f 4259 4493 4258
f 4494 4493 4259
f 4260 4494 4259
f 4495 4494 4260
f 4261 4495 4260
f 4496 4495 4261
f 4262 4496 4261
f 4497 4496 4262
f 4263 4497 4262
f 4498 4497 4263
f 4264 4498 4263
f 4499 4498 4264
f 4265 4499 4264
f 4500 4499 4265
f 4266 4500 4265
f 4501 4500 4266
f 4502 4501 4266
f 4267 4502 4266
f 4269 4502 4267
f 4268 4269 4267
f 4503 4502 4269
f 4504 4503 4269
f 4271 4504 4269
f 4270 4271 4269
f 4505 4504 4271
f 4506 4505 4271
f 4507 4506 4271
f 4272 4507 4271
f 4273 4507 4272
f 4508 4507 4273
f 4509 4508 4273
f 4274 4509 4273
f 4276 4509 4274
f 4275 4276 4274
f 4510 4509 4276
f 4277 4510 4276
f 4511 4510 4277
f 4512 4511 4277
f 4278 4512 4277
f 4513 4512 4278
f 4279 4513 4278
f 4395 4513 4279
f 4280 4395 4279
f 4431 4282 4281
f 4431 4514 4282
f 4514 4515 4282
f 4515 4283 4282
f 4515 4285 4283
f 4285 4284 4283
f 4515 4516 4285
f 4516 4517 4285
f 4517 4518 4285
f 4518 4519 4285
f 4519 4287 4285
f 4287 4286 4285
f 4519 4289 4287
f 4289 4288 4287
f 4519 4520 4289
f 4520 4521 4289
f 4521 4290 4289
f 4521 4291 4290
f 4521 4522 4291
f 4522 4523 4291
f 4523 4524 4291
f 4524 4292 4291
f 4524 4525 4292
f 4525 4293 4292
f 4525 4526 4293
f 4526 4527 4293
f 4527 4294 4293
f 4527 4295 4294
f 4527 4296 4295
f 4527 4528 4296
f 4528 4529 4296
f 4529 4297 4296
f 4529 4530 4297
f 4530 4298 4297
f 4530 4531 4298
f 4531 4299 4298
f 4531 4532 4299
f 4532 4300 4299
f 4532 4301 4300
f 4532 4531 4301
f 4531 4533 4301
f 4533 4534 4301
f 4534 4303 4301
f 4303 4302 4301
f 4534 4535 4303
f 4535 4536 4303
f 4536 4304 4303
f 4536 4537 4304
f 4537 4538 4304
f 4538 4305 4304
f 4538 4306 4305
f 4538 4539 4306
f 4539 4540 4306
f 4540 4307 4306
f 4540 4308 4307
f 4540 4310 4308
f 4310 4309 4308
f 4540 4541 4310
f 4541 4542 4310
f 4542 4312 4310
f 4312 4311 4310
f 4542 4543 4312
f 4543 4544 4312
f 4544 4545 4312
f 4545 4313 4312
f 4545 4546 4313
f 4546 4315 4313
f 4315 4314 4313
f 4546 4547 4315
f 4547 4316 4315
f 4547 4548 4316
f 4548 4317 4316
f 4548 4549 4317
f 4549 4318 4317
f 4549 4319 4318
f 4549 4550 4319
f 4550 4551 4319
f 4551 4552 4319
f 4552 4320 4319
f 4552 4553 4320
f 4553 4321 4320
f 4553 4554 4321
f 4554 4322 4321
f 4554 4555 4322
f 4555 4556 4322
f 4556 4323 4322
f 4556 4557 4323
f 4557 4324 4323
f 4557 4325 4324
f 4557 4326 4325
f 4557 4558 4326
f 4558 4559 4326
f 4559 4327 4326
f 4559 4560 4327
f 4560 4561 4327
f 4561 4328 4327
f 4561 4562 4328
f 4562 4563 4328
f 4563 4564 4328
f 4564 4331 4328
f 4331 4330 4328
f 4330 4329 4328
f 4564 4563 4331
f 4563 4565 4331
f 4565 4566 4331
f 4566 4567 4331
f 4567 4354 4331
f 4568 4333 4332
f 4341 4568 4332
f 4569 4334 4333
f 4570 4569 4333
f 4568 4570 4333
f 4390 4391 4334
f 4571 4390 4334
f 4569 4571 4334
f 4344 4572 4336
f 4572 4335 4336
f 4572 4573 4335
f 4573 4574 4335
f 4574 4575 4335
f 4575 4337 4335
f 4575 4576 4337
f 4576 4577 4337
f 4577 4338 4337
f 4577 4339 4338
f 4577 4578 4339
f 4578 4340 4339
f 4578 4579 4340
f 4579 4580 4340
f 4580 4341 4340
f 4570 4568 4341
f 4580 4570 4341
f 4349 4581 4342
f 4581 4582 4342
f 4582 4583 4342
f 4583 4343 4342
f 4583 4572 4343
f 4572 4344 4343
f 4353 4584 4345
f 4584 4585 4345
f 4585 4586 4345
f 4586 4587 4345
f 4587 4346 4345
f 4587 4588 4346
f 4588 4347 4346
f 4588 4348 4347
f 4588 4589 4348
f 4589 4581 4348
f 4581 4349 4348
f 4590 4584 4351
f 4584 4352 4351
f 4584 4353 4352
f 4567 4356 4354
f 4356 4355 4354
f 4567 4591 4356
f 4591 4357 4356
f 4591 4592 4357
f 4592 4358 4357
f 4592 4593 4358
f 4593 4594 4358
f 4594 4595 4358
f 4595 4359 4358
f 4595 4596 4359
f 4596 4360 4359
f 4360 4362 4361
f 4360 4596 4362
f 4596 4363 4362
f 4596 4597 4363
f 4597 4598 4363
f 4598 4599 4363
f 4599 4364 4363
f 4599 4600 4364
f 4600 4601 4364
f 4601 4365 4364
f 4601 4602 4365
f 4602 4368 4365
f 4368 4367 4365
f 4602 4603 4368
f 4603 4373 4368
f 4373 4369 4368
f 4605 4604 4370
f 4371 4605 4370
f 4606 4605 4371
f 4372 4606 4371
f 4607 4606 4372
f 4373 4607 4372
f 4603 4607 4373
f 4415 4394 4374
f 4608 4415 4374
f 4375 4608 4374
f 4609 4608 4375
f 4376 4609 4375
f 4610 4609 4376
f 4377 4610 4376
f 4611 4610 4377
f 4378 4611 4377
f 4612 4611 4378
f 4379 4612 4378
f 4380 4612 4379
f 4613 4612 4380
f 4381 4613 4380
f 4614 4613 4381
f 4382 4614 4381
f 4615 4614 4382
f 4383 4615 4382
f 4616 4615 4383
f 4384 4616 4383
f 4386 4616 4384
f 4385 4386 4384
f 4617 4616 4386
f 4618 4617 4386
f 4619 4618 4386
f 4389 4619 4386
f 4387 4389 4386
f 4388 4389 4387
f 4620 4619 4389
f 4621 4620 4389
f 4622 4621 4389
f 4390 4622 4389
f 4571 4622 4390
f 4393 4415 4392
f 4394 4415 4393
f 4623 4513 4395
f 4624 4623 4395
f 4625 4624 4395
f 4396 4625 4395
f 4626 4625 4396
f 4397 4626 4396
f 4627 4626 4397
f 4398 4627 4397
f 4399 4627 4398
f 4628 4627 4399
f 4400 4628 4399
f 4629 4628 4400
f 4630 4629 4400
f 4401 4630 4400
f 4402 4630 4401
f 4631 4630 4402
f 4632 4631 4402
f 4403 4632 4402
f 4633 4632 4403
f 4404 4633 4403
f 4634 4633 4404
f 4405 4634 4404
f 4635 4634 4405
f 4407 4635 4405
f 4406 4407 4405
f 4636 4635 4407
f 4637 4636 4407
f 4408 4637 4407
f 4638 4637 4408
f 4409 4638 4408
f 4639 4638 4409
f 4411 4639 4409
f 4410 4411 4409
f 4640 4639 4411
f 4641 4640 4411
f 4412 4641 4411
f 4642 4641 4412
f 4643 4642 4412
f 4413 4643 4412
f 4415 4644 4414
f 4645 4644 4415
f 4608 4645 4415
f 4646 4422 4416
f 4438 4646 4416
f 4418 4647 4417
f 4647 4648 4417
f 4648 4649 4417
f 4649 4420 4417
f 4419 4650 4418
f 4650 4651 4418
f 4651 4647 4418
f 4652 4650 4419
f 4422 4652 4419
f 4649 4653 4420
f 4653 4423 4420
f 4423 4421 4420
f 4646 4654 4422
f 4654 4655 4422
f 4655 4652 4422
f 4653 4656 4423
f 4656 4425 4423
f 4656 4657 4425
f 4657 4426 4425
f 4657 4658 4426
f 4658 4659 4426
f 4659 4427 4426
f 4659 4428 4427
f 4659 4660 4428
f 4660 4661 4428
f 4661 4662 4428
f 4662 4663 4428
f 4663 4429 4428
f 4663 4664 4429
f 4664 4665 4429
f 4665 4430 4429
f 4665 4664 4430
f 4664 4431 4430
f 4664 4514 4431
f 4666 4441 4432
f 4433 4666 4432
f 4667 4666 4433
f 4668 4667 4433
f 4434 4668 4433
f 4669 4668 4434
f 4436 4669 4434
f 4435 4436 4434
f 4670 4669 4436
f 4671 4670 4436
f 4671 4436 4437
f 4442 4671 4437
f 4672 4646 4438
f 4440 4672 4438
f 4439 4440 4438
f 4673 4672 4440
f 4674 4673 4440
f 4441 4674 4440
f 4675 4674 4441
f 4676 4675 4441
f 4666 4676 4441
f 4678 4677 4443
f 4444 4678 4443
f 4679 4678 4444
f 4446 4679 4444
f 4445 4446 4444
f 4680 4679 4446
f 4681 4680 4446
f 4447 4681 4446
f 4682 4681 4447
f 4448 4682 4447
f 4449 4682 4448
f 4683 4682 4449
f 4684 4683 4449
f 4450 4684 4449
f 4685 4684 4450
f 4451 4685 4450
f 4452 4685 4451
f 4686 4685 4452
f 4453 4686 4452
f 4687 4686 4453
f 4454 4687 4453
f 4688 4687 4454
f 4455 4688 4454
f 4689 4688 4455
f 4457 4689 4455
f 4456 4457 4455
f 4690 4689 4457
f 4691 4690 4457
f 4692 4691 4457
f 4458 4692 4457
f 4693 4692 4458
f 4459 4693 4458
f 4694 4693 4459
f 4460 4694 4459
f 4695 4694 4460
f 4462 4695 4460
f 4461 4462 4460
f 4696 4695 4462
f 4697 4696 4462
f 4698 4697 4462
f 4464 4698 4462
f 4463 4464 4462
f 4699 4698 4464
f 4465 4699 4464
f 4700 4699 4465
f 4701 4700 4465
f 4702 4701 4465
f 4466 4702 4465
f 4467 4702 4466
f 4703 4702 4467
f 4704 4703 4467
f 4705 4704 4467
f 4468 4705 4467
f 4706 4705 4468
f 4707 4706 4468
f 4470 4707 4468
f 4469 4470 4468
f 4708 4707 4470
f 4471 4708 4470
f 4709 4708 4471
f 4472 4709 4471
f 4474 4709 4472
f 4473 4474 4472
f 4710 4709 4474
f 4475 4710 4474
f 4711 4710 4475
f 4712 4711 4475
f 4476 4712 4475
f 4713 4712 4476
f 4477 4713 4476
f 4714 4713 4477
f 4479 4714 4477
f 4478 4479 4477
f 4715 4714 4479
f 4716 4715 4479
f 4481 4716 4479
f 4480 4481 4479
f 4717 4716 4481
f 4718 4717 4481
f 4482 4718 4481
f 4719 4718 4482
f 4483 4719 4482
f 4720 4719 4483
f 4484 4720 4483
f 4721 4720 4484
f 4486 4721 4484
f 4485 4486 4484
f 4722 4721 4486
f 4723 4722 4486
f 4488 4723 4486
f 4487 4488 4486
f 4724 4723 4488
f 4725 4724 4488
f 4489 4725 4488
f 4726 4725 4489
f 4491 4726 4489
f 4490 4491 4489
f 4727 4726 4491
f 4728 4727 4491
f 4492 4728 4491
f 4729 4728 4492
f 4493 4729 4492
f 4730 4729 4493
f 4494 4730 4493
f 4731 4730 4494
f 4495 4731 4494
f 4732 4731 4495
f 4496 4732 4495
f 4733 4732 4496
f 4497 4733 4496
f 4734 4733 4497
f 4498 4734 4497
f 4735 4734 4498
f 4499 4735 4498
f 4736 4735 4499
f 4500 4736 4499
f 4737 4736 4500
f 4501 4737 4500
f 4738 4737 4501
f 4503 4738 4501
f 4502 4503 4501
f 4739 4738 4503
f 4740 4739 4503
f 4505 4740 4503
f 4504 4505 4503
f 4741 4740 4505
f 4742 4741 4505
f 4743 4742 4505
f 4506 4743 4505
f 4507 4743 4506
f 4744 4743 4507
f 4508 4744 4507
f 4745 4744 4508
f 4510 4745 4508
f 4509 4510 4508
f 4746 4745 4510
f 4747 4746 4510
f 4748 4747 4510
f 4511 4748 4510
f 4749 4748 4511
f 4512 4749 4511
f 4623 4749 4512
f 4513 4623 4512
f 4664 4750 4514
f 4750 4751 4514
f 4751 4752 4514
f 4752 4516 4514
f 4516 4515 4514
f 4752 4518 4516
f 4518 4517 4516
f 4752 4753 4518
f 4753 4520 4518
f 4520 4519 4518
f 4753 4754 4520
f 4754 4755 4520
f 4755 4756 4520
f 4756 4521 4520
f 4756 4757 4521
f 4757 4522 4521
f 4757 4523 4522
f 4757 4758 4523
f 4758 4759 4523
f 4759 4760 4523
f 4760 4761 4523
f 4761 4524 4523
f 4761 4526 4524
f 4526 4525 4524
f 4761 4762 4526
f 4762 4763 4526
f 4763 4527 4526
f 4763 4528 4527
f 4763 4764 4528
f 4764 4765 4528
f 4765 4529 4528
f 4765 4766 4529
f 4766 4531 4529
f 4531 4530 4529
f 4766 4767 4531
f 4767 4768 4531
f 4768 4533 4531
f 4768 4769 4533
f 4769 4770 4533
f 4770 4535 4533
f 4535 4534 4533
f 4770 4771 4535
f 4771 4772 4535
f 4772 4536 4535
f 4772 4773 4536
f 4773 4774 4536
f 4774 4537 4536
f 4774 4538 4537
f 4774 4775 4538
f 4775 4539 4538
f 4775 4776 4539
f 4776 4540 4539
f 4776 4777 4540
f 4777 4541 4540
f 4777 4778 4541
f 4778 4542 4541
f 4778 4543 4542
f 4778 4779 4543
f 4779 4780 4543
f 4780 4781 4543
f 4781 4544 4543
f 4781 4782 4544
f 4782 4546 4544
f 4546 4545 4544
f 4782 4547 4546
f 4782 4783 4547
f 4783 4784 4547
f 4784 4785 4547
f 4785 4548 4547
f 4785 4550 4548
f 4550 4549 4548
f 4785 4786 4550
f 4786 4551 4550
f 4786 4787 4551
f 4787 4788 4551
f 4788 4552 4551
f 4788 4789 4552
f 4789 4553 4552
f 4789 4790 4553
f 4790 4554 4553
f 4790 4791 4554
f 4791 4792 4554
f 4792 4555 4554
f 4792 4793 4555
f 4794 4556 4555
f 4794 4557 4556
f 4794 4558 4557
f 4794 4555 4558
f 4555 4793 4558
f 4793 4795 4558
f 4795 4796 4558
f 4796 4559 4558
f 4796 4797 4559
f 4797 4562 4559
f 4562 4560 4559
f 4562 4561 4560
f 4797 4798 4562
f 4798 4563 4562
f 4798 4799 4563
f 4799 4565 4563
f 4799 4800 4565
f 4800 4801 4565
f 4801 4566 4565
f 4801 4802 4566
f 4802 4567 4566
f 4802 4801 4567
f 4801 4803 4567
f 4803 4591 4567
f 4804 4571 4569
f 4570 4804 4569
f 4805 4804 4570
f 4806 4805 4570
f 4807 4806 4570
f 4808 4807 4570
f 4580 4808 4570
f 4621 4622 4571
f 4809 4621 4571
f 4810 4809 4571
f 4804 4810 4571
f 4583 4811 4572
f 4811 4573 4572
f 4811 4812 4573
f 4812 4813 4573
f 4813 4574 4573
f 4813 4814 4574
f 4814 4575 4574
f 4814 4815 4575
f 4815 4576 4575
f 4815 4816 4576
f 4816 4577 4576
f 4816 4817 4577
f 4817 4578 4577
f 4817 4808 4578
f 4808 4579 4578
f 4808 4580 4579
f 4589 4818 4581
f 4818 4819 4581
f 4819 4820 4581
f 4820 4582 4581
f 4820 4811 4582
f 4811 4583 4582
f 4590 4821 4584
f 4821 4822 4584
f 4822 4585 4584
f 4822 4823 4585
f 4823 4586 4585
f 4823 4824 4586
f 4824 4587 4586
f 4824 4818 4587
f 4818 4588 4587
f 4818 4589 4588
f 4825 4826 4590
f 4826 4827 4590
f 4827 4821 4590
f 4803 4828 4591
f 4828 4592 4591
f 4828 4829 4592
f 4829 4830 4592
f 4830 4593 4592
f 4830 4831 4593
f 4831 4594 4593
f 4831 4832 4594
f 4832 4833 4594
f 4833 4595 4594
f 4833 4597 4595
f 4597 4596 4595
f 4833 4598 4597
f 4833 4834 4598
f 4834 4835 4598
f 4835 4599 4598
f 4835 4600 4599
f 4835 4836 4600
f 4836 4837 4600
f 4837 4838 4600
f 4838 4601 4600
f 4838 4603 4601
f 4603 4602 4601
f 4838 4839 4603
f 4839 4840 4603
f 4840 4607 4603
f 4842 4841 4604
f 4843 4842 4604
f 4605 4843 4604
f 4844 4843 4605
f 4845 4844 4605
f 4606 4845 4605
f 4607 4845 4606
f 4846 4845 4607
f 4847 4846 4607
f 4840 4847 4607
f 4848 4645 4608
f 4609 4848 4608
f 4849 4848 4609
f 4610 4849 4609
f 4850 4849 4610
f 4851 4850 4610
f 4611 4851 4610
f 4852 4851 4611
f 4853 4852 4611
f 4612 4853 4611
f 4854 4853 4612
f 4855 4854 4612
f 4613 4855 4612
f 4614 4855 4613
f 4856 4855 4614
f 4857 4856 4614
f 4617 4857 4614
f 4615 4617 4614
f 4616 4617 4615
f 4858 4857 4617
f 4859 4858 4617
f 4860 4859 4617
f 4618 4860 4617
f 4620 4860 4618
f 4619 4620 4618
f 4861 4860 4620
f 4862 4861 4620
f 4809 4862 4620
f 4621 4809 4620
f 4863 4749 4623
f 4864 4863 4623
f 4865 4864 4623
f 4624 4865 4623
f 4866 4865 4624
f 4625 4866 4624
f 4867 4866 4625
f 4626 4867 4625
f 4627 4867 4626
f 4868 4867 4627
f 4869 4868 4627
f 4628 4869 4627
f 4870 4869 4628
f 4629 4870 4628
f 4631 4870 4629
f 4630 4631 4629
f 4871 4870 4631
f 4872 4871 4631
f 4873 4872 4631
f 4632 4873 4631
f 4874 4873 4632
f 4633 4874 4632
f 4634 4874 4633
f 4875 4874 4634
f 4876 4875 4634
f 4636 4876 4634
f 4635 4636 4634
f 4877 4876 4636
f 4878 4877 4636
f 4637 4878 4636
f 4879 4878 4637
f 4638 4879 4637
f 4880 4879 4638
f 4640 4880 4638
f 4639 4640 4638
f 4881 4880 4640
f 4642 4881 4640
f 4641 4642 4640
f 4882 4881 4642
f 4643 4882 4642
f 4883 4882 4643
f 4884 4883 4643
f 4885 4884 4643
f 4889 4888 4644
f 4645 4889 4644
f 4890 4889 4645
f 4848 4890 4645
f 4891 4654 4646
f 4672 4891 4646
f 4651 4892 4647
f 4892 4893 4647
f 4893 4648 4647
f 4893 4894 4648
f 4894 4649 4648
f 4894 4656 4649
f 4656 4653 4649
f 4652 4895 4650
f 4895 4651 4650
f 4895 4896 4651
f 4896 4897 4651
f 4897 4898 4651
f 4898 4892 4651
f 4899 4895 4652
f 4655 4899 4652
f 4900 4655 4654
f 4891 4900 4654
f 4900 4901 4655
f 4901 4902 4655
f 4902 4899 4655
f 4894 4903 4656
f 4903 4658 4656
f 4658 4657 4656
f 4903 4904 4658
f 4904 4660 4658
f 4660 4659 4658
f 4904 4905 4660
f 4905 4906 4660
f 4906 4661 4660
f 4906 4905 4661
f 4905 4907 4661
f 4907 4908 4661
f 4908 4909 4661
f 4909 4662 4661
f 4909 4910 4662
f 4910 4663 4662
f 4910 4911 4663
f 4911 4750 4663
f 4750 4664 4663
f 4667 4676 4666
f 4912 4676 4667
f 4669 4912 4667
f 4668 4669 4667
f 4913 4669 4670
f 4914 4913 4670
f 4915 4914 4670
f 4677 4915 4670
f 4671 4677 4670
f 4443 4677 4671
f 4442 4443 4671
f 4916 4891 4672
f 4673 4916 4672
f 4917 4916 4673
f 4674 4917 4673
f 4918 4917 4674
f 4919 4918 4674
f 4675 4919 4674
f 4676 4919 4675
f 4920 4919 4676
f 4921 4920 4676
f 4922 4921 4676
f 4912 4922 4676
f 4923 4915 4677
f 4924 4923 4677
f 4678 4924 4677
f 4925 4924 4678
f 4926 4925 4678
f 4927 4926 4678
f 4679 4927 4678
f 4928 4927 4679
f 4680 4928 4679
f 4929 4928 4680
f 4681 4929 4680
f 4930 4929 4681
f 4682 4930 4681
f 4683 4930 4682
f 4931 4930 4683
f 4932 4931 4683
f 4684 4932 4683
f 4933 4932 4684
f 4685 4933 4684
f 4934 4933 4685
f 4686 4934 4685
f 4935 4934 4686
f 4936 4935 4686
f 4687 4936 4686
f 4688 4936 4687
f 4690 4936 4688
f 4689 4690 4688
f 4937 4936 4690
f 4938 4937 4690
f 4939 4938 4690
f 4691 4939 4690
f 4940 4939 4691
f 4692 4940 4691
f 4941 4940 4692
f 4693 4941 4692
f 4942 4941 4693
f 4694 4942 4693
f 4943 4942 4694
f 4696 4943 4694
f 4695 4696 4694
f 4944 4943 4696
f 4945 4944 4696
f 4946 4945 4696
f 4697 4946 4696
f 4699 4946 4697
f 4698 4699 4697
f 4700 4946 4699
f 4947 4946 4700
f 4948 4947 4700
f 4949 4948 4700
f 4702 4949 4700
f 4701 4702 4700
f 4703 4949 4702
f 4950 4949 4703
f 4951 4950 4703
f 4952 4951 4703
f 4704 4952 4703
f 4953 4952 4704
f 4705 4953 4704
f 4954 4953 4705
f 4955 4954 4705
f 4706 4955 4705
f 4708 4955 4706
f 4707 4708 4706
f 4710 4955 4708
f 4709 4710 4708
f 4956 4955 4710
f 4957 4956 4710
f 4958 4957 4710
f 4959 4958 4710
f 4711 4959 4710
f 4960 4959 4711
f 4961 4960 4711
f 4712 4961 4711
f 4713 4961 4712
f 4962 4961 4713
f 4715 4962 4713
f 4714 4715 4713
f 4963 4962 4715
f 4964 4963 4715
f 4717 4964 4715
f 4716 4717 4715
f 4965 4964 4717
f 4966 4965 4717
f 4718 4966 4717
f 4967 4966 4718
f 4719 4967 4718
f 4968 4967 4719
f 4720 4968 4719
f 4969 4968 4720
f 4722 4969 4720
f 4721 4722 4720
f 4970 4969 4722
f 4971 4970 4722
f 4724 4971 4722
f 4723 4724 4722
f 4972 4971 4724
f 4973 4972 4724
f 4725 4973 4724
f 4974 4973 4725
f 4727 4974 4725
f 4726 4727 4725
f 4975 4974 4727
f 4976 4975 4727
f 4728 4976 4727
f 4977 4976 4728
f 4729 4977 4728
f 4978 4977 4729
f 4730 4978 4729
f 4979 4978 4730
f 4731 4979 4730
f 4980 4979 4731
f 4732 4980 4731
f 4981 4980 4732
f 4733 4981 4732
f 4982 4981 4733
f 4734 4982 4733
f 4983 4982 4734
f 4735 4983 4734
f 4984 4983 4735
f 4736 4984 4735
f 4985 4984 4736
f 4986 4985 4736
f 4737 4986 4736
f 4738 4986 4737
f 4987 4986 4738
f 4739 4987 4738
f 4988 4987 4739
f 4741 4988 4739
f 4740 4741 4739
f 4989 4988 4741
f 4990 4989 4741
f 4991 4990 4741
f 4742 4991 4741
f 4743 4991 4742
f 4992 4991 4743
f 4993 4992 4743
f 4744 4993 4743
f 4746 4993 4744
f 4745 4746 4744
f 4994 4993 4746
f 4995 4994 4746
f 4996 4995 4746
f 4747 4996 4746
f 4997 4996 4747
f 4748 4997 4747
f 4863 4997 4748
f 4749 4863 4748
f 4911 4998 4750
f 4998 4999 4750
f 4999 5000 4750
f 5000 5001 4750
f 5001 4752 4750
f 4752 4751 4750
f 5001 5002 4752
f 5002 4753 4752
f 5002 5003 4753
f 5003 5004 4753
f 5004 4754 4753
f 5004 5005 4754
f 5005 5006 4754
f 5006 5007 4754
f 5007 4756 4754
f 4756 4755 4754
f 5007 4758 4756
f 4758 4757 4756
f 5007 5008 4758
f 5008 5009 4758
f 5009 4759 4758
f 5009 5010 4759
f 5010 5011 4759
f 5011 4760 4759
f 5011 5012 4760
f 5012 4762 4760
f 4762 4761 4760
f 5012 5013 4762
f 5013 5014 4762
f 5014 5015 4762
f 5015 4763 4762
f 5015 4764 4763
f 5015 5013 4764
f 5013 5016 4764
f 5016 4765 4764
f 5016 5017 4765
f 5017 5018 4765
f 5018 4767 4765
f 4767 4766 4765
f 5018 5019 4767
f 5019 5020 4767
f 5020 4768 4767
f 5020 5021 4768
f 5021 4769 4768
f 5021 5022 4769
f 5022 5023 4769
f 5023 4771 4769
f 4771 4770 4769
f 5023 5022 4771
f 5022 5024 4771
f 5024 4772 4771
f 5024 5025 4772
f 5025 5026 4772
f 5026 5027 4772
f 5027 4773 4772
f 5027 4775 4773
f 4775 4774 4773
f 5027 5028 4775
f 5028 5029 4775
f 5029 4776 4775
f 5029 5030 4776
f 5030 5031 4776
f 5031 4777 4776
f 5031 4778 4777
f 5031 5030 4778
f 5030 5032 4778
f 5032 5033 4778
f 5033 4779 4778
f 5033 5034 4779
f 5034 5035 4779
f 5035 4780 4779
f 5035 5036 4780
f 5036 4783 4780
f 4783 4782 4780
f 4782 4781 4780
f 5036 4784 4783
f 5036 5037 4784
f 5037 5038 4784
f 5038 5039 4784
f 5039 4785 4784
f 5039 4786 4785
f 5039 5040 4786
f 5040 5041 4786
f 5041 5042 4786
f 5042 4787 4786
f 5042 5043 4787
f 5043 5044 4787
f 5044 4788 4787
f 5044 5045 4788
f 5045 4789 4788
f 5045 5046 4789
f 5046 4790 4789
f 5046 4791 4790
f 5046 5047 4791
f 5047 5048 4791
f 5048 4792 4791
f 5048 5049 4792
f 5049 4793 4792
f 5049 5050 4793
f 5050 4795 4793
f 5050 5051 4795
f 5051 4797 4795
f 4797 4796 4795
f 5051 5052 4797
f 5052 4798 4797
f 5052 5053 4798
f 5053 4799 4798
f 5053 5054 4799
f 5054 5055 4799
f 5055 4800 4799
f 5055 5056 4800
f 5056 4803 4800
f 4803 4801 4800
f 5056 4828 4803
f 4805 4810 4804
f 5057 4810 4805
f 5058 5057 4805
f 5059 5058 4805
f 4806 5059 4805
f 5060 5059 4806
f 5061 5060 4806
f 5062 5061 4806
f 4807 5062 4806
f 5063 5062 4807
f 4808 5063 4807
f 5064 5063 4808
f 5065 5064 4808
f 4817 5065 4808
f 5066 4862 4809
f 4810 5066 4809
f 5067 5066 4810
f 5068 5067 4810
f 5057 5068 4810
f 4820 5069 4811
f 5069 4812 4811
f 5069 5070 4812
f 5070 5071 4812
f 5071 5072 4812
f 5072 5073 4812
f 5073 4813 4812
f 5073 5074 4813
f 5074 4814 4813
f 5074 5075 4814
f 5075 4815 4814
f 5075 5065 4815
f 5065 4816 4815
f 5065 4817 4816
f 4824 5076 4818
f 5076 5077 4818
f 5077 5078 4818
f 5078 4819 4818
f 5078 5069 4819
f 5069 4820 4819
f 4827 5079 4821
f 5079 4822 4821
f 5079 5080 4822
f 5080 4823 4822
f 5080 5076 4823
f 5076 4824 4823
f 5081 5082 4825
f 5082 5083 4825
f 5083 5084 4825
f 5084 4826 4825
f 5084 5085 4826
f 5085 4827 4826
f 5085 5086 4827
f 5086 5079 4827
f 5056 5055 4828
f 5055 5087 4828
f 5087 5088 4828
f 5088 5089 4828
f 5089 4829 4828
f 5089 5090 4829
f 5090 4830 4829
f 5090 5091 4830
f 5091 5092 4830
f 5092 4831 4830
f 5092 5093 4831
f 5093 4832 4831
f 5093 4833 4832
f 5093 4834 4833
f 5093 5094 4834
f 5094 5095 4834
f 5095 5096 4834
f 5096 4836 4834
f 4836 4835 4834
f 5096 5097 4836
f 5097 5098 4836
f 5098 4839 4836
f 4839 4837 4836
f 4839 4838 4837
f 5098 5099 4839
f 5099 4847 4839
f 4847 4840 4839
f 5101 5100 4841
f 5102 5101 4841
f 4842 5102 4841
f 5103 5102 4842
f 4843 5103 4842
f 5104 5103 4843
f 4844 5104 4843
f 5105 5104 4844
f 5106 5105 4844
f 4845 5106 4844
f 4846 5106 4845
f 5107 5106 4846
f 5108 5107 4846
f 4847 5108 4846
f 5099 5109 4847
f 5109 5108 4847
f 4849 4890 4848
f 5110 4890 4849
f 5111 5110 4849
f 4850 5111 4849
f 4851 5111 4850
f 5112 5111 4851
f 4852 5112 4851
f 5113 5112 4852
f 4853 5113 4852
f 4854 5113 4853
f 5114 5113 4854
f 5115 5114 4854
f 4855 5115 4854
f 4858 5115 4855
f 4856 4858 4855
f 4857 4858 4856
f 5116 5115 4858
f 5117 5116 4858
f 5118 5117 4858
f 5119 5118 4858
f 4859 5119 4858
f 4861 5119 4859
f 4860 4861 4859
f 5120 5119 4861
f 5121 5120 4861
f 5066 5121 4861
f 4862 5066 4861
f 5122 4997 4863
f 5123 5122 4863
f 5124 5123 4863
f 4864 5124 4863
f 5125 5124 4864
f 4865 5125 4864
f 5126 5125 4865
f 4866 5126 4865
f 4867 5126 4866
f 5127 5126 4867
f 4868 5127 4867
f 5128 5127 4868
f 5129 5128 4868
f 4869 5129 4868
f 4871 5129 4869
f 4870 4871 4869
f 5130 5129 4871
f 5131 5130 4871
f 5132 5131 4871
f 4872 5132 4871
f 5133 5132 4872
f 4873 5133 4872
f 4875 5133 4873
f 4874 4875 4873
f 5134 5133 4875
f 5135 5134 4875
f 5136 5135 4875
f 4877 5136 4875
f 4876 4877 4875
f 5137 5136 4877
f 5138 5137 4877
f 4878 5138 4877
f 5139 5138 4878
f 4879 5139 4878
f 5140 5139 4879
f 5141 5140 4879
f 4880 5141 4879
f 4881 5141 4880
f 5142 5141 4881
f 4883 5142 4881
f 4882 4883 4881
f 5143 5142 4883
f 5144 5143 4883
f 5145 5144 4883
f 4884 5145 4883
f 5146 5145 4884
f 4885 5146 4884
f 5147 5146 4885
f 5148 5147 4885
f 4886 5148 4885
f 5149 5148 4886
f 5151 5150 4887
f 4889 5151 4887
f 4888 4889 4887
f 5152 5151 4889
f 4890 5152 4889
f 5153 5152 4890
f 5110 5153 4890
f 5154 4900 4891
f 4916 5154 4891
f 4898 5155 4892
f 5155 4893 4892
f 5155 4903 4893
f 4903 4894 4893
f 4899 5156 4895
f 5156 5157 4895
f 5157 4896 4895
f 5157 5158 4896
f 5158 5159 4896
f 5159 4897 4896
f 5159 5160 4897
f 5160 4898 4897
f 5160 5161 4898
f 5161 5155 4898
f 4902 5162 4899
f 5162 5156 4899
f 5163 4901 4900
f 5154 5163 4900
f 5163 5164 4901
f 5164 4902 4901
f 5164 5165 4902
f 5165 5162 4902
f 5155 5161 4903
f 5161 5166 4903
f 5166 5167 4903
f 5167 4904 4903
f 5167 4905 4904
f 5167 5168 4905
f 5168 5169 4905
f 5169 5170 4905
f 5170 4908 4905
f 4908 4907 4905
f 5170 5171 4908
f 5171 5172 4908
f 5172 5173 4908
f 5173 5174 4908
f 5174 5175 4908
f 5175 5176 4908
f 5176 4909 4908
f 5176 4910 4909
f 5176 4911 4910
f 5176 5175 4911
f 5175 4998 4911
f 5177 4922 4912
f 4913 5177 4912
f 4669 4913 4912
f 5178 5177 4913
f 4914 5178 4913
f 5179 5178 4914
f 5180 5179 4914
f 4915 5180 4914
f 5181 5180 4915
f 4923 5181 4915
f 5182 5154 4916
f 4917 5182 4916
f 5183 5182 4917
f 5184 5183 4917
f 4918 5184 4917
f 4920 5184 4918
f 4919 4920 4918
f 5185 5184 4920
f 5186 5185 4920
f 5187 5186 4920
f 5177 5187 4920
f 4921 5177 4920
f 4922 5177 4921
f 4925 5181 4923
f 4924 4925 4923
f 5188 5181 4925
f 5189 5188 4925
f 5190 5189 4925
f 4926 5190 4925
f 5191 5190 4926
f 4927 5191 4926
f 5192 5191 4927
f 4928 5192 4927
f 5193 5192 4928
f 4929 5193 4928
f 5192 5193 4929
f 5194 5192 4929
f 5195 5194 4929
f 4930 5195 4929
f 5194 5195 4930
f 5196 5194 4930
f 5197 5196 4930
f 5198 5197 4930
f 4931 5198 4930
f 4932 5198 4931
f 4933 5198 4932
f 5199 5198 4933
f 5200 5199 4933
f 4934 5200 4933
f 5201 5200 4934
f 4935 5201 4934
f 4937 5201 4935
f 4936 4937 4935
f 5202 5201 4937
f 5203 5202 4937
f 5204 5203 4937
f 5205 5204 4937
f 4938 5205 4937
f 5206 5205 4938
f 4939 5206 4938
f 4940 5206 4939
f 5207 5206 4940
f 5208 5207 4940
f 4941 5208 4940
f 4942 5208 4941
f 5209 5208 4942
f 5210 5209 4942
f 4944 5210 4942
f 4943 4944 4942
f 5211 5210 4944
f 5212 5211 4944
f 5213 5212 4944
f 4945 5213 4944
f 4947 5213 4945
f 4946 4947 4945
f 5214 5213 4947
f 5215 5214 4947
f 5216 5215 4947
f 5217 5216 4947
f 5218 5217 4947
f 4950 5218 4947
f 4948 4950 4947
f 4949 4950 4948
f 5219 5218 4950
f 5220 5219 4950
f 4951 5220 4950
f 5221 5220 4951
f 4952 5221 4951
f 5222 5221 4952
f 4953 5222 4952
f 5223 5222 4953
f 4954 5223 4953
f 4957 5223 4954
f 4956 4957 4954
f 4955 4956 4954
f 5224 5223 4957
f 5225 5224 4957
f 4959 5225 4957
f 4958 4959 4957
f 5226 5225 4959
f 5227 5226 4959
f 5228 5227 4959
f 4960 5228 4959
f 5229 5228 4960
f 4961 5229 4960
f 4963 5229 4961
f 4962 4963 4961
f 5230 5229 4963
f 5231 5230 4963
f 4965 5231 4963
f 4964 4965 4963
f 5232 5231 4965
f 5233 5232 4965
f 4966 5233 4965
f 5234 5233 4966
f 4967 5234 4966
f 5235 5234 4967
f 4968 5235 4967
f 5236 5235 4968
f 4970 5236 4968
f 4969 4970 4968
f 5237 5236 4970
f 5238 5237 4970
f 4972 5238 4970
f 4971 4972 4970
f 5239 5238 4972
f 5240 5239 4972
f 4973 5240 4972
f 5241 5240 4973
f 4975 5241 4973
f 4974 4975 4973
f 5242 5241 4975
f 5243 5242 4975
f 4976 5243 4975
f 5244 5243 4976
f 4977 5244 4976
f 5245 5244 4977
f 4978 5245 4977
f 5246 5245 4978
f 4979 5246 4978
f 5247 5246 4979
f 4980 5247 4979
f 5248 5247 4980
f 4981 5248 4980
f 5249 5248 4981
f 4982 5249 4981
f 5250 5249 4982
f 4983 5250 4982
f 5251 5250 4983
f 4984 5251 4983
f 5252 5251 4984
f 4985 5252 4984
f 5253 5252 4985
f 4987 5253 4985
f 4986 4987 4985
f 5254 5253 4987
f 5255 5254 4987
f 4989 5255 4987
f 4988 4989 4987
f 5256 5255 4989
f 5257 5256 4989
f 5258 5257 4989
f 4990 5258 4989
f 4991 5258 4990
f 5259 5258 4991
f 5260 5259 4991
f 4992 5260 4991
f 4994 5260 4992
f 4993 4994 4992
f 5261 5260 4994
f 5262 5261 4994
f 5263 5262 4994
f 4995 5263 4994
f 5264 5263 4995
f 4996 5264 4995
f 5122 5264 4996
f 4997 5122 4996
f 5175 5265 4998
f 5265 5266 4998
f 5266 5267 4998
f 5267 5000 4998
f 5000 4999 4998
f 5267 5268 5000
f 5268 5269 5000
f 5269 5270 5000
f 5270 5001 5000
f 5270 5269 5001
f 5269 5004 5001
f 5004 5002 5001
f 5004 5003 5002
f 5269 5271 5004
f 5271 5272 5004
f 5272 5273 5004
f 5273 5006 5004
f 5006 5005 5004
f 5273 5274 5006
f 5274 5275 5006
f 5275 5007 5006
f 5275 5008 5007
f 5275 5276 5008
f 5276 5277 5008
f 5277 5278 5008
f 5278 5009 5008
f 5278 5010 5009
f 5278 5279 5010
f 5279 5011 5010
f 5279 5280 5011
f 5280 5281 5011
f 5281 5013 5011
f 5013 5012 5011
f 5015 5014 5013
f 5281 5282 5013
f 5282 5016 5013
f 5282 5283 5016
f 5283 5284 5016
f 5284 5285 5016
f 5285 5017 5016
f 5285 5286 5017
f 5286 5019 5017
f 5019 5018 5017
f 5286 5287 5019
f 5287 5020 5019
f 5287 5021 5020
f 5287 5288 5021
f 5288 5289 5021
f 5289 5290 5021
f 5290 5291 5021
f 5291 5024 5021
f 5024 5022 5021
f 5291 5292 5024
f 5292 5293 5024
f 5293 5025 5024
f 5293 5026 5025
f 5293 5294 5026
f 5294 5295 5026
f 5295 5296 5026
f 5296 5027 5026
f 5296 5297 5027
f 5297 5298 5027
f 5298 5028 5027
f 5298 5032 5028
f 5032 5029 5028
f 5032 5030 5029
f 5298 5299 5032
f 5299 5300 5032
f 5300 5033 5032
f 5300 5301 5033
f 5301 5034 5033
f 5301 5302 5034
f 5302 5035 5034
f 5302 5303 5035
f 5303 5304 5035
f 5304 5036 5035
f 5304 5037 5036
f 5304 5303 5037
f 5303 5305 5037
f 5305 5306 5037
f 5306 5040 5037
f 5040 5039 5037
f 5039 5038 5037
f 5306 5307 5040
f 5307 5041 5040
f 5307 5042 5041
f 5307 5308 5042
f 5308 5309 5042
f 5309 5310 5042
f 5310 5043 5042
f 5310 5311 5043
f 5311 5312 5043
f 5312 5045 5043
f 5045 5044 5043
f 5312 5313 5045
f 5313 5046 5045
f 5313 5314 5046
f 5314 5047 5046
f 5314 5315 5047
f 5315 5316 5047
f 5316 5048 5047
f 5316 5317 5048
f 5317 5318 5048
f 5318 5049 5048
f 5318 5050 5049
f 5318 5317 5050
f 5317 5319 5050
f 5319 5320 5050
f 5320 5321 5050
f 5321 5051 5050
f 5321 5322 5051
f 5322 5053 5051
f 5053 5052 5051
f 5322 5323 5053
f 5323 5324 5053
f 5324 5325 5053
f 5325 5326 5053
f 5326 5054 5053
f 5326 5055 5054
f 5326 5327 5055
f 5327 5087 5055
f 5328 5068 5057
f 5329 5328 5057
f 5330 5329 5057
f 5058 5330 5057
f 5060 5330 5058
f 5059 5060 5058
f 5331 5330 5060
f 5332 5331 5060
f 5333 5332 5060
f 5334 5333 5060
f 5061 5334 5060
f 5335 5334 5061
f 5062 5335 5061
f 5063 5335 5062
f 5064 5336 5063
f 5336 5335 5063
f 5065 5337 5064
f 5337 5338 5064
f 5338 5336 5064
f 5075 5339 5065
f 5339 5340 5065
f 5340 5337 5065
f 5341 5121 5066
f 5342 5341 5066
f 5067 5342 5066
f 5068 5342 5067
f 5343 5342 5068
f 5344 5343 5068
f 5345 5344 5068
f 5328 5345 5068
f 5078 5346 5069
f 5346 5347 5069
f 5347 5070 5069
f 5347 5348 5070
f 5348 5071 5070
f 5348 5349 5071
f 5349 5072 5071
f 5349 5350 5072
f 5350 5073 5072
f 5350 5351 5073
f 5351 5074 5073
f 5351 5339 5074
f 5339 5075 5074
f 5080 5086 5076
f 5086 5352 5076
f 5352 5353 5076
f 5353 5346 5076
f 5346 5077 5076
f 5346 5078 5077
f 5086 5080 5079
f 5081 5354 5082
f 5354 5355 5082
f 5355 5356 5082
f 5356 5083 5082
f 5356 5357 5083
f 5357 5085 5083
f 5085 5084 5083
f 5357 5358 5085
f 5358 5086 5085
f 5358 5359 5086
f 5359 5352 5086
f 5327 5360 5087
f 5360 5361 5087
f 5361 5088 5087
f 5361 5362 5088
f 5362 5089 5088
f 5362 5091 5089
f 5091 5090 5089
f 5362 5363 5091
f 5363 5364 5091
f 5364 5365 5091
f 5365 5092 5091
f 5365 5366 5092
f 5366 5094 5092
f 5094 5093 5092
f 5366 5095 5094
f 5366 5367 5095
f 5367 5368 5095
f 5368 5097 5095
f 5097 5096 5095
f 5368 5369 5097
f 5369 5099 5097
f 5099 5098 5097
f 5369 5370 5099
f 5370 5109 5099
f 5372 5371 5100
f 5373 5372 5100
f 5101 5373 5100
f 5374 5373 5101
f 5102 5374 5101
f 5375 5374 5102
f 5376 5375 5102
f 5377 5376 5102
f 5103 5377 5102
f 5104 5377 5103
f 5378 5377 5104
f 5105 5378 5104
f 5379 5378 5105
f 5106 5379 5105
f 5380 5379 5106
f 5107 5380 5106
f 5108 5381 5107
f 5381 5380 5107
f 5109 5382 5108
f 5382 5381 5108
f 5370 5383 5109
f 5383 5382 5109
f 5384 5153 5110
f 5111 5384 5110
f 5385 5384 5111
f 5112 5385 5111
f 5386 5385 5112
f 5113 5386 5112
f 5387 5386 5113
f 5114 5387 5113
f 5116 5387 5114
f 5115 5116 5114
f 5388 5387 5116
f 5389 5388 5116
f 5390 5389 5116
f 5391 5390 5116
f 5392 5391 5116
f 5117 5392 5116
f 5118 5392 5117
f 5120 5392 5118
f 5119 5120 5118
f 5393 5392 5120
f 5394 5393 5120
f 5341 5394 5120
f 5121 5341 5120
f 5395 5264 5122
f 5396 5395 5122
f 5397 5396 5122
f 5123 5397 5122
f 5398 5397 5123
f 5124 5398 5123
f 5399 5398 5124
f 5125 5399 5124
f 5126 5399 5125
f 5400 5399 5126
f 5401 5400 5126
f 5127 5401 5126
f 5402 5401 5127
f 5128 5402 5127
f 5129 5402 5128
f 5403 5402 5129
f 5130 5403 5129
f 5404 5403 5130
f 5405 5404 5130
f 5131 5405 5130
f 5406 5405 5131
f 5132 5406 5131
f 5134 5406 5132
f 5133 5134 5132
f 5407 5406 5134
f 5408 5407 5134
f 5409 5408 5134
f 5135 5409 5134
f 5410 5409 5135
f 5137 5410 5135
f 5136 5137 5135
f 5411 5410 5137
f 5412 5411 5137
f 5138 5412 5137
f 5413 5412 5138
f 5139 5413 5138
f 5142 5413 5139
f 5140 5142 5139
f 5141 5142 5140
f 5414 5413 5142
f 5415 5414 5142
f 5416 5415 5142
f 5143 5416 5142
f 5144 5416 5143
f 5417 5416 5144
f 5418 5417 5144
f 5146 5418 5144
f 5145 5146 5144
f 5419 5418 5146
f 5420 5419 5146
f 5421 5420 5146
f 5149 5421 5146
f 5147 5149 5146
f 5148 5149 5147
f 5422 5421 5149
f 5423 5422 5149
f 5373 5423 5149
f 5425 5424 5150
f 5426 5425 5150
f 5151 5426 5150
f 5427 5426 5151
f 5152 5427 5151
f 5428 5427 5152
f 5153 5428 5152
f 5429 5428 5153
f 5384 5429 5153
f 5182 5430 5154
f 5430 5163 5154
f 5162 5157 5156
f 5162 5431 5157
f 5431 5432 5157
f 5432 5433 5157
f 5433 5158 5157
f 5433 5434 5158
f 5434 5435 5158
f 5435 5159 5158
f 5435 5160 5159
f 5435 5166 5160
f 5166 5161 5160
f 5165 5436 5162
f 5436 5431 5162
f 5430 5437 5163
f 5437 5164 5163
f 5437 5438 5164
f 5438 5165 5164
f 5438 5436 5165
f 5435 5439 5166
f 5439 5440 5166
f 5440 5167 5166
f 5440 5441 5167
f 5441 5442 5167
f 5442 5168 5167
f 5442 5169 5168
f 5442 5443 5169
f 5443 5444 5169
f 5444 5171 5169
f 5171 5170 5169
f 5444 5172 5171
f 5444 5445 5172
f 5445 5173 5172
f 5445 5446 5173
f 5446 5447 5173
f 5447 5266 5173
f 5266 5265 5173
f 5265 5174 5173
f 5265 5175 5174
f 5448 5187 5177
f 5178 5448 5177
f 5449 5448 5178
f 5179 5449 5178
f 5450 5449 5179
f 5451 5450 5179
f 5180 5451 5179
f 5452 5451 5180
f 5181 5452 5180
f 5188 5452 5181
f 5183 5453 5182
f 5453 5454 5182
f 5454 5430 5182
f 5455 5453 5183
f 5185 5455 5183
f 5184 5185 5183
f 5456 5455 5185
f 5457 5456 5185
f 5186 5457 5185
f 5458 5457 5186
f 5459 5458 5186
f 5448 5459 5186
f 5187 5448 5186
f 5460 5452 5188
f 5461 5460 5188
f 5462 5461 5188
f 5189 5462 5188
f 5463 5462 5189
f 5190 5463 5189
f 5464 5463 5190
f 5191 5464 5190
f 5465 5464 5191
f 5192 5465 5191
f 5466 5465 5192
f 5194 5466 5192
f 5467 5466 5194
f 5196 5467 5194
f 5468 5467 5196
f 5469 5468 5196
f 5197 5469 5196
f 5198 5469 5197
f 5470 5469 5198
f 5199 5470 5198
f 5471 5470 5199
f 5200 5471 5199
f 5202 5471 5200
f 5201 5202 5200
f 5472 5471 5202
f 5473 5472 5202
f 5474 5473 5202
f 5203 5474 5202
f 5475 5474 5203
f 5476 5475 5203
f 5204 5476 5203
f 5205 5476 5204
f 5477 5476 5205
f 5478 5477 5205
f 5206 5478 5205
f 5207 5478 5206
f 5479 5478 5207
f 5480 5479 5207
f 5208 5480 5207
f 5481 5480 5208
f 5209 5481 5208
f 5482 5481 5209
f 5211 5482 5209
f 5210 5211 5209
f 5483 5482 5211
f 5484 5483 5211
f 5212 5484 5211
f 5485 5484 5212
f 5486 5485 5212
f 5214 5486 5212
f 5213 5214 5212
f 5215 5486 5214
f 5487 5486 5215
f 5488 5487 5215
f 5489 5488 5215
f 5216 5489 5215
f 5490 5489 5216
f 5217 5490 5216
f 5491 5490 5217
f 5492 5491 5217
f 5219 5492 5217
f 5218 5219 5217
f 5493 5492 5219
f 5220 5493 5219
f 5494 5493 5220
f 5221 5494 5220
f 5495 5494 5221
f 5222 5495 5221
f 5496 5495 5222
f 5223 5496 5222
f 5497 5496 5223
f 5224 5497 5223
f 5498 5497 5224
f 5226 5498 5224
f 5225 5226 5224
f 5499 5498 5226
f 5500 5499 5226
f 5501 5500 5226
f 5227 5501 5226
f 5502 5501 5227
f 5228 5502 5227
f 5230 5502 5228
f 5229 5230 5228
f 5503 5502 5230
f 5504 5503 5230
f 5232 5504 5230
f 5231 5232 5230
f 5505 5504 5232
f 5506 5505 5232
f 5233 5506 5232
f 5507 5506 5233
f 5234 5507 5233
f 5508 5507 5234
f 5235 5508 5234
f 5509 5508 5235
f 5237 5509 5235
f 5236 5237 5235
f 5510 5509 5237
f 5511 5510 5237
f 5239 5511 5237
f 5238 5239 5237
f 5512 5511 5239
f 5513 5512 5239
f 5514 5513 5239
f 5240 5514 5239
f 5242 5514 5240
f 5241 5242 5240
f 5515 5514 5242
f 5516 5515 5242
f 5243 5516 5242
f 5517 5516 5243
f 5244 5517 5243
f 5518 5517 5244
f 5245 5518 5244
f 5519 5518 5245
f 5246 5519 5245
f 5520 5519 5246
f 5247 5520 5246
f 5521 5520 5247
f 5248 5521 5247
f 5522 5521 5248
f 5249 5522 5248
f 5523 5522 5249
f 5250 5523 5249
f 5524 5523 5250
f 5251 5524 5250
f 5525 5524 5251
f 5526 5525 5251
f 5252 5526 5251
f 5254 5526 5252
f 5253 5254 5252
f 5527 5526 5254
f 5528 5527 5254
f 5256 5528 5254
f 5255 5256 5254
f 5529 5528 5256
f 5530 5529 5256
f 5531 5530 5256
f 5257 5531 5256
f 5532 5531 5257
f 5258 5532 5257
f 5533 5532 5258
f 5259 5533 5258
f 5261 5533 5259
f 5260 5261 5259
f 5534 5533 5261
f 5535 5534 5261
f 5536 5535 5261
f 5262 5536 5261
f 5537 5536 5262
f 5263 5537 5262
f 5395 5537 5263
f 5264 5395 5263
f 5447 5538 5266
f 5538 5539 5266
f 5539 5267 5266
f 5539 5540 5267
f 5540 5268 5267
f 5540 5541 5268
f 5268 5271 5269
f 5271 5541 5272
f 5272 5542 5273
f 5542 5543 5273
f 5543 5544 5273
f 5544 5274 5273
f 5544 5275 5274
f 5544 5276 5275
f 5544 5545 5276
f 5545 5546 5276
f 5546 5547 5276
f 5547 5548 5276
f 5548 5277 5276
f 5548 5549 5277
f 5549 5278 5277
f 5549 5279 5278
f 5549 5550 5279
f 5550 5551 5279
f 5551 5552 5279
f 5552 5280 5279
f 5552 5553 5280
f 5553 5283 5280
f 5283 5282 5280
f 5282 5281 5280
f 5553 5554 5283
f 5554 5555 5283
f 5555 5556 5283
f 5556 5557 5283
f 5557 5284 5283
f 5557 5285 5284
f 5557 5556 5285
f 5556 5558 5285
f 5558 5559 5285
f 5559 5286 5285
f 5559 5288 5286
f 5288 5287 5286
f 5559 5560 5288
f 5560 5289 5288
f 5560 5561 5289
f 5561 5562 5289
f 5562 5291 5289
f 5291 5290 5289
f 5562 5563 5291
f 5563 5564 5291
f 5564 5292 5291
f 5564 5294 5292
f 5294 5293 5292
f 5564 5565 5294
f 5565 5566 5294
f 5566 5567 5294
f 5567 5296 5294
f 5296 5295 5294
f 5567 5568 5296
f 5568 5569 5296
f 5569 5297 5296
f 5569 5570 5297
f 5570 5298 5297
f 5570 5571 5298
f 5571 5299 5298
f 5571 5572 5299
f 5572 5300 5299
f 5572 5301 5300
f 5572 5573 5301
f 5573 5574 5301
f 5574 5575 5301
f 5575 5576 5301
f 5576 5302 5301
f 5576 5577 5302
f 5577 5305 5302
f 5305 5303 5302
f 5577 5578 5305
f 5578 5579 5305
f 5579 5306 5305
f 5579 5580 5306
f 5580 5307 5306
f 5580 5308 5307
f 5580 5581 5308
f 5581 5582 5308
f 5582 5583 5308
f 5308 5583 5309
f 5583 5310 5309
f 5583 5584 5310
f 5584 5585 5310
f 5585 5312 5310
f 5312 5311 5310
f 5585 5313 5312
f 5585 5584 5313
f 5584 5586 5313
f 5586 5314 5313
f 5586 5587 5314
f 5587 5588 5314
f 5588 5315 5314
f 5588 5589 5315
f 5589 5590 5315
f 5590 5316 5315
f 5590 5317 5316
f 5590 5591 5317
f 5591 5319 5317
f 5591 5592 5319
f 5592 5320 5319
f 5592 5593 5320
f 5593 5323 5320
f 5323 5322 5320
f 5322 5321 5320
f 5593 5594 5323
f 5594 5595 5323
f 5595 5324 5323
f 5595 5596 5324
f 5596 5325 5324
f 5596 5326 5325
f 5596 5327 5326
f 5596 5597 5327
f 5597 5598 5327
f 5598 5599 5327
f 5599 5600 5327
f 5600 5360 5327
f 5601 5345 5328
f 5331 5601 5328
f 5329 5331 5328
f 5330 5331 5329
f 5602 5601 5331
f 5603 5602 5331
f 5332 5603 5331
f 5604 5603 5332
f 5605 5604 5332
f 5333 5605 5332
f 5606 5605 5333
f 5334 5606 5333
f 5335 5606 5334
f 5336 5338 5335
f 5338 5607 5335
f 5607 5606 5335
f 5340 5608 5337
f 5608 5338 5337
f 5608 5607 5338
f 5351 5609 5339
f 5609 5610 5339
f 5610 5340 5339
f 5610 5611 5340
f 5612 5394 5341
f 5613 5612 5341
f 5342 5613 5341
f 5614 5613 5342
f 5615 5614 5342
f 5343 5615 5342
f 5616 5615 5343
f 5344 5616 5343
f 5617 5616 5344
f 5618 5617 5344
f 5345 5618 5344
f 5619 5618 5345
f 5602 5619 5345
f 5601 5602 5345
f 5353 5359 5346
f 5359 5620 5346
f 5620 5621 5346
f 5621 5347 5346
f 5621 5622 5347
f 5622 5623 5347
f 5623 5348 5347
f 5623 5349 5348
f 5623 5624 5349
f 5624 5350 5349
f 5624 5609 5350
f 5609 5351 5350
f 5359 5353 5352
f 5081 5625 5354
f 5625 5626 5354
f 5626 5627 5354
f 5627 5628 5354
f 5628 5355 5354
f 5628 5629 5355
f 5629 5356 5355
f 5629 5630 5356
f 5630 5358 5356
f 5358 5357 5356
f 5630 5631 5358
f 5631 5359 5358
f 5631 5632 5359
f 5632 5621 5359
f 5621 5620 5359
f 5600 5633 5360
f 5633 5361 5360
f 5633 5362 5361
f 5633 5634 5362
f 5634 5635 5362
f 5635 5363 5362
f 5635 5367 5363
f 5367 5364 5363
f 5367 5365 5364
f 5367 5366 5365
f 5635 5636 5367
f 5636 5637 5367
f 5637 5369 5367
f 5369 5368 5367
f 5637 5638 5369
f 5638 5370 5369
f 5638 5383 5370
f 5639 5423 5373
f 5640 5639 5373
f 5641 5640 5373
f 5642 5641 5373
f 5643 5642 5373
f 5374 5643 5373
f 5644 5643 5374
f 5375 5644 5374
f 5645 5644 5375
f 5376 5645 5375
f 5646 5645 5376
f 5377 5646 5376
f 5647 5646 5377
f 5378 5647 5377
f 5648 5647 5378
f 5379 5648 5378
f 5380 5649 5379
f 5649 5648 5379
f 5381 5649 5380
f 5382 5650 5381
f 5650 5649 5381
f 5383 5651 5382
f 5651 5650 5382
f 5638 5652 5383
f 5652 5653 5383
f 5653 5651 5383
f 5654 5429 5384
f 5385 5654 5384
f 5388 5654 5385
f 5386 5388 5385
f 5387 5388 5386
f 5655 5654 5388
f 5656 5655 5388
f 5657 5656 5388
f 5389 5657 5388
f 5658 5657 5389
f 5390 5658 5389
f 5659 5658 5390
f 5391 5659 5390
f 5393 5659 5391
f 5392 5393 5391
f 5660 5659 5393
f 5661 5660 5393
f 5612 5661 5393
f 5394 5612 5393
f 5662 5537 5395
f 5663 5662 5395
f 5664 5663 5395
f 5396 5664 5395
f 5665 5664 5396
f 5397 5665 5396
f 5666 5665 5397
f 5398 5666 5397
f 5399 5666 5398
f 5667 5666 5399
f 5400 5667 5399
f 5668 5667 5400
f 5669 5668 5400
f 5401 5669 5400
f 5402 5669 5401
f 5670 5669 5402
f 5671 5670 5402
f 5403 5671 5402
f 5672 5671 5403
f 5404 5672 5403
f 5673 5672 5404
f 5405 5673 5404
f 5406 5673 5405
f 5674 5673 5406
f 5675 5674 5406
f 5407 5675 5406
f 5676 5675 5407
f 5408 5676 5407
f 5677 5676 5408
f 5409 5677 5408
f 5678 5677 5409
f 5411 5678 5409
f 5410 5411 5409
f 5679 5678 5411
f 5680 5679 5411
f 5681 5680 5411
f 5412 5681 5411
f 5414 5681 5412
f 5413 5414 5412
f 5682 5681 5414
f 5683 5682 5414
f 5684 5683 5414
f 5685 5684 5414
f 5415 5685 5414
f 5417 5685 5415
f 5416 5417 5415
f 5686 5685 5417
f 5687 5686 5417
f 5688 5687 5417
f 5689 5688 5417
f 5419 5689 5417
f 5418 5419 5417
f 5690 5689 5419
f 5691 5690 5419
f 5422 5691 5419
f 5420 5422 5419
f 5421 5422 5420
f 5692 5691 5422
f 5693 5692 5422
f 5639 5693 5422
f 5423 5639 5422
f 5695 5694 5424
f 5696 5695 5424
f 5697 5696 5424
f 5425 5697 5424
f 5428 5697 5425
f 5427 5428 5425
f 5426 5427 5425
f 5696 5697 5428
f 5698 5696 5428
f 5429 5698 5428
f 5655 5698 5429
f 5654 5655 5429
f 5454 5699 5430
f 5699 5437 5430
f 5436 5700 5431
f 5700 5701 5431
f 5701 5702 5431
f 5702 5432 5431
f 5702 5433 5432
f 5702 5703 5433
f 5703 5704 5433
f 5704 5434 5433
f 5704 5705 5434
f 5705 5440 5434
f 5440 5439 5434
f 5439 5435 5434
f 5438 5706 5436
f 5706 5707 5436
f 5707 5700 5436
f 5699 5708 5437
f 5708 5438 5437
f 5708 5706 5438
f 5705 5709 5440
f 5709 5441 5440
f 5709 5442 5441
f 5709 5710 5442
f 5710 5711 5442
f 5711 5444 5442
f 5444 5443 5442
f 5711 5712 5444
f 5712 5446 5444
f 5446 5445 5444
f 5712 5713 5446
f 5713 5714 5446
f 5714 5715 5446
f 5715 5716 5446
f 5716 5447 5446
f 5716 5717 5447
f 5717 5538 5447
f 5718 5459 5448
f 5449 5718 5448
f 5719 5718 5449
f 5720 5719 5449
f 5450 5720 5449
f 5721 5720 5450
f 5452 5721 5450
f 5451 5452 5450
f 5460 5722 5452
f 5455 5723 5453
f 5723 5724 5453
f 5724 5454 5453
f 5724 5725 5454
f 5725 5699 5454
f 5726 5723 5455
f 5456 5726 5455
f 5727 5726 5456
f 5458 5727 5456
f 5457 5458 5456
f 5728 5727 5458
f 5729 5728 5458
f 5730 5729 5458
f 5718 5730 5458
f 5459 5718 5458
f 5731 5722 5460
f 5732 5731 5460
f 5733 5732 5460
f 5461 5733 5460
f 5734 5733 5461
f 5462 5734 5461
f 5735 5734 5462
f 5463 5735 5462
f 5736 5735 5463
f 5464 5736 5463
f 5737 5736 5464
f 5465 5737 5464
f 5738 5737 5465
f 5466 5738 5465
f 5739 5738 5466
f 5467 5739 5466
f 5740 5739 5467
f 5741 5740 5467
f 5468 5741 5467
f 5469 5741 5468
f 5742 5741 5469
f 5470 5742 5469
f 5472 5742 5470
f 5471 5472 5470
f 5743 5742 5472
f 5744 5743 5472
f 5745 5744 5472
f 5746 5745 5472
f 5473 5746 5472
f 5474 5746 5473
f 5747 5746 5474
f 5748 5747 5474
f 5475 5748 5474
f 5476 5748 5475
f 5749 5748 5476
f 5750 5749 5476
f 5477 5750 5476
f 5478 5750 5477
f 5751 5750 5478
f 5479 5751 5478
f 5752 5751 5479
f 5480 5752 5479
f 5753 5752 5480
f 5481 5753 5480
f 5754 5753 5481
f 5755 5754 5481
f 5483 5755 5481
f 5482 5483 5481
f 5756 5755 5483
f 5757 5756 5483
f 5485 5757 5483
f 5484 5485 5483
f 5758 5757 5485
f 5759 5758 5485
f 5487 5759 5485
f 5486 5487 5485
f 5760 5759 5487
f 5761 5760 5487
f 5762 5761 5487
f 5489 5762 5487
f 5488 5489 5487
f 5763 5762 5489
f 5764 5763 5489
f 5490 5764 5489
f 5765 5764 5490
f 5491 5765 5490
f 5766 5765 5491
f 5767 5766 5491
f 5493 5767 5491
f 5492 5493 5491
f 5768 5767 5493
f 5494 5768 5493
f 5769 5768 5494
f 5496 5769 5494
f 5495 5496 5494
f 5770 5769 5496
f 5771 5770 5496
f 5497 5771 5496
f 5772 5771 5497
f 5499 5772 5497
f 5498 5499 5497
f 5773 5772 5499
f 5774 5773 5499
f 5775 5774 5499
f 5500 5775 5499
f 5776 5775 5500
f 5501 5776 5500
f 5503 5776 5501
f 5502 5503 5501
f 5777 5776 5503
f 5778 5777 5503
f 5505 5778 5503
f 5504 5505 5503
f 5779 5778 5505
f 5780 5779 5505
f 5506 5780 5505
f 5781 5780 5506
f 5507 5781 5506
f 5782 5781 5507
f 5508 5782 5507
f 5783 5782 5508
f 5510 5783 5508
f 5509 5510 5508
f 5784 5783 5510
f 5785 5784 5510
f 5512 5785 5510
f 5511 5512 5510
f 5786 5785 5512
f 5787 5786 5512
f 5513 5787 5512
f 5788 5787 5513
f 5515 5788 5513
f 5514 5515 5513
f 5789 5788 5515
f 5790 5789 5515
f 5516 5790 5515
f 5791 5790 5516
f 5517 5791 5516
f 5792 5791 5517
f 5518 5792 5517
f 5793 5792 5518
f 5519 5793 5518
f 5794 5793 5519
f 5520 5794 5519
f 5795 5794 5520
f 5521 5795 5520
f 5796 5795 5521
f 5522 5796 5521
f 5797 5796 5522
f 5523 5797 5522
f 5798 5797 5523
f 5524 5798 5523
f 5799 5798 5524
f 5800 5799 5524
f 5525 5800 5524
f 5527 5800 5525
f 5526 5527 5525
f 5801 5800 5527
f 5802 5801 5527
f 5529 5802 5527
f 5528 5529 5527
f 5803 5802 5529
f 5804 5803 5529
f 5805 5804 5529
f 5530 5805 5529
f 5532 5805 5530
f 5531 5532 5530
f 5806 5805 5532
f 5807 5806 5532
f 5534 5807 5532
f 5533 5534 5532
f 5808 5807 5534
f 5809 5808 5534
f 5810 5809 5534
f 5535 5810 5534
f 5811 5810 5535
f 5536 5811 5535
f 5662 5811 5536
f 5537 5662 5536
f 5717 5812 5538
f 5812 5539 5538
f 5812 5540 5539
f 5812 5813 5540
f 5813 5814 5540
f 5814 5542 5540
f 5542 5541 5540
f 5271 5268 5541
f 5542 5272 5541
f 5814 5813 5542
f 5813 5815 5542
f 5815 5816 5542
f 5816 5543 5542
f 5816 5544 5543
f 5816 5545 5544
f 5816 5817 5545
f 5817 5818 5545
f 5818 5819 5545
f 5819 5547 5545
f 5547 5546 5545
f 5819 5820 5547
f 5820 5821 5547
f 5821 5822 5547
f 5822 5548 5547
f 5822 5823 5548
f 5823 5824 5548
f 5824 5549 5548
f 5824 5551 5549
f 5551 5550 5549
f 5824 5823 5551
f 5823 5825 5551
f 5825 5826 5551
f 5826 5827 5551
f 5827 5552 5551
f 5827 5828 5552
f 5828 5554 5552
f 5554 5553 5552
f 5828 5829 5554
f 5829 5555 5554
f 5829 5830 5555
f 5830 5558 5555
f 5558 5556 5555
f 5830 5831 5558
f 5831 5560 5558
f 5560 5559 5558
f 5831 5832 5560
f 5832 5833 5560
f 5833 5834 5560
f 5834 5561 5560
f 5834 5835 5561
f 5835 5563 5561
f 5563 5562 5561
f 5835 5836 5563
f 5836 5564 5563
f 5836 5837 5564
f 5837 5565 5564
f 5837 5838 5565
f 5838 5839 5565
f 5839 5566 5565
f 5839 5840 5566
f 5840 5568 5566
f 5568 5567 5566
f 5840 5841 5568
f 5841 5842 5568
f 5842 5569 5568
f 5842 5843 5569
f 5843 5570 5569
f 5843 5844 5570
f 5844 5573 5570
f 5573 5571 5570
f 5573 5572 5571
f 5844 5845 5573
f 5845 5846 5573
f 5846 5847 5573
f 5847 5848 5573
f 5848 5574 5573
f 5848 5849 5574
f 5849 5575 5574
f 5849 5850 5575
f 5850 5577 5575
f 5577 5576 5575
f 5850 5851 5577
f 5851 5578 5577
f 5851 5852 5578
f 5852 5853 5578
f 5853 5579 5578
f 5853 5580 5579
f 5853 5581 5580
f 5853 5852 5581
f 5852 5854 5581
f 5854 5855 5581
f 5855 5856 5581
f 5856 5857 5581
f 5857 5582 5581
f 5857 5584 5582
f 5584 5583 5582
f 5857 5858 5584
f 5858 5859 5584
f 5859 5586 5584
f 5859 5860 5586
f 5860 5587 5586
f 5860 5588 5587
f 5860 5861 5588
f 5861 5862 5588
f 5862 5863 5588
f 5863 5864 5588
f 5864 5590 5588
f 5590 5589 5588
f 5864 5865 5590
f 5865 5591 5590
f 5865 5866 5591
f 5866 5592 5591
f 5866 5867 5592
f 5867 5868 5592
f 5868 5593 5592
f 5868 5869 5593
f 5869 5594 5593
f 5869 5870 5594
f 5870 5871 5594
f 5871 5597 5594
f 5597 5595 5594
f 5597 5596 5595
f 5871 5872 5597
f 5872 5873 5597
f 5873 5598 5597
f 5873 5874 5598
f 5874 5875 5598
f 5875 5599 5598
f 5875 5876 5599
f 5876 5600 5599
f 5876 5877 5600
f 5877 5633 5600
f 5878 5619 5602
f 5879 5878 5602
f 5880 5879 5602
f 5603 5880 5602
f 5881 5880 5603
f 5604 5881 5603
f 5882 5881 5604
f 5605 5882 5604
f 5607 5882 5605
f 5606 5607 5605
f 5608 5883 5607
f 5883 5884 5607
f 5884 5885 5607
f 5885 5886 5607
f 5886 5882 5607
f 5624 5888 5609
f 5888 5611 5609
f 5611 5610 5609
f 5888 5889 5611
f 5889 5890 5611
f 5890 5891 5611
f 5892 5661 5612
f 5893 5892 5612
f 5613 5893 5612
f 5894 5893 5613
f 5895 5894 5613
f 5614 5895 5613
f 5615 5895 5614
f 5896 5895 5615
f 5897 5896 5615
f 5616 5897 5615
f 5619 5897 5616
f 5617 5619 5616
f 5618 5619 5617
f 5898 5897 5619
f 5899 5898 5619
f 5900 5899 5619
f 5878 5900 5619
f 5632 5901 5621
f 5901 5902 5621
f 5902 5903 5621
f 5903 5904 5621
f 5904 5622 5621
f 5904 5905 5622
f 5905 5623 5622
f 5905 5888 5623
f 5888 5624 5623
f 5081 5906 5625
f 5906 5907 5625
f 5907 5908 5625
f 5908 5626 5625
f 5908 5909 5626
f 5909 5910 5626
f 5910 5911 5626
f 5911 5912 5626
f 5912 5627 5626
f 5912 5913 5627
f 5913 5628 5627
f 5913 5914 5628
f 5914 5629 5628
f 5914 5631 5629
f 5631 5630 5629
f 5914 5901 5631
f 5901 5632 5631
f 5877 5915 5633
f 5915 5634 5633
f 5915 5916 5634
f 5916 5635 5634
f 5916 5917 5635
f 5917 5636 5635
f 5917 5638 5636
f 5638 5637 5636
f 5917 5918 5638
f 5918 5652 5638
f 5919 5693 5639
f 5920 5919 5639
f 5921 5920 5639
f 5640 5921 5639
f 5922 5921 5640
f 5923 5922 5640
f 5641 5923 5640
f 5924 5923 5641
f 5925 5924 5641
f 5926 5925 5641
f 5642 5926 5641
f 5643 5926 5642
f 5927 5926 5643
f 5928 5927 5643
f 5929 5928 5643
f 5644 5929 5643
f 5930 5929 5644
f 5645 5930 5644
f 5931 5930 5645
f 5646 5931 5645
f 5647 5932 5646
f 5932 5931 5646
f 5648 5933 5647
f 5933 5932 5647
f 5649 5933 5648
f 5650 5934 5649
f 5934 5935 5649
f 5935 5933 5649
f 5651 5936 5650
f 5936 5934 5650
f 5653 5937 5651
f 5937 5936 5651
f 5918 5938 5652
f 5938 5939 5652
f 5939 5937 5652
f 5937 5653 5652
f 5940 5698 5655
f 5941 5940 5655
f 5942 5941 5655
f 5656 5942 5655
f 5943 5942 5656
f 5657 5943 5656
f 5658 5943 5657
f 5944 5943 5658
f 5660 5944 5658
f 5659 5660 5658
f 5945 5944 5660
f 5946 5945 5660
f 5892 5946 5660
f 5661 5892 5660
f 5947 5811 5662
f 5948 5947 5662
f 5949 5948 5662
f 5663 5949 5662
f 5950 5949 5663
f 5664 5950 5663
f 5951 5950 5664
f 5665 5951 5664
f 5666 5951 5665
f 5952 5951 5666
f 5667 5952 5666
f 5953 5952 5667
f 5954 5953 5667
f 5668 5954 5667
f 5669 5954 5668
f 5955 5954 5669
f 5670 5955 5669
f 5956 5955 5670
f 5957 5956 5670
f 5671 5957 5670
f 5958 5957 5671
f 5672 5958 5671
f 5673 5958 5672
f 5959 5958 5673
f 5960 5959 5673
f 5674 5960 5673
f 5961 5960 5674
f 5675 5961 5674
f 5962 5961 5675
f 5676 5962 5675
f 5963 5962 5676
f 5677 5963 5676
f 5679 5963 5677
f 5678 5679 5677
f 5964 5963 5679
f 5965 5964 5679
f 5681 5965 5679
f 5680 5681 5679
f 5966 5965 5681
f 5682 5966 5681
f 5967 5966 5682
f 5968 5967 5682
f 5683 5968 5682
f 5969 5968 5683
f 5970 5969 5683
f 5684 5970 5683
f 5686 5970 5684
f 5685 5686 5684
f 5971 5970 5686
f 5687 5971 5686
f 5972 5971 5687
f 5973 5972 5687
f 5974 5973 5687
f 5688 5974 5687
f 5690 5974 5688
f 5689 5690 5688
f 5975 5974 5690
f 5976 5975 5690
f 5977 5976 5690
f 5692 5977 5690
f 5691 5692 5690
f 5978 5977 5692
f 5979 5978 5692
f 5919 5979 5692
f 5693 5919 5692
f 5981 5980 5694
f 5982 5981 5694
f 5983 5982 5694
f 5695 5983 5694
f 5698 5983 5695
f 5696 5698 5695
f 5982 5983 5698
f 5940 5982 5698
f 5725 5708 5699
f 5707 5984 5700
f 5984 5985 5700
f 5985 5986 5700
f 5986 5702 5700
f 5702 5701 5700
f 5986 5987 5702
f 5987 5703 5702
f 5987 5709 5703
f 5709 5705 5703
f 5705 5704 5703
f 5708 5988 5706
f 5988 5989 5706
f 5989 5990 5706
f 5990 5991 5706
f 5991 5707 5706
f 5991 5984 5707
f 5725 5992 5708
f 5992 5993 5708
f 5993 5994 5708
f 5994 5988 5708
f 5987 5995 5709
f 5995 5710 5709
f 5995 5996 5710
f 5996 5997 5710
f 5997 5998 5710
f 5998 5711 5710
f 5998 5999 5711
f 5999 6000 5711
f 6000 5713 5711
f 5713 5712 5711
f 6000 6001 5713
f 6001 5714 5713
f 6001 6002 5714
f 6002 6003 5714
f 6003 6004 5714
f 6004 5715 5714
f 6004 6005 5715
f 6005 5716 5715
f 6005 6006 5716
f 6006 5717 5716
f 6006 5812 5717
f 6007 5730 5718
f 6008 6007 5718
f 5719 6008 5718
f 5720 6008 5719
f 6009 6008 5720
f 5722 6009 5720
f 5721 5722 5720
f 5452 5722 5721
f 6010 6009 5722
f 6011 6010 5722
f 5731 6011 5722
f 5726 6012 5723
f 6012 5724 5723
f 6012 6013 5724
f 6013 5725 5724
f 6013 6014 5725
f 6014 5992 5725
f 5727 6015 5726
f 6015 6016 5726
f 6016 6017 5726
f 6017 6012 5726
f 5728 6018 5727
f 6018 6015 5727
f 5729 6019 5728
f 6019 6018 5728
f 5730 6020 5729
f 6020 6021 5729
f 6021 6022 5729
f 6022 6019 5729
f 6023 6020 5730
f 6007 6023 5730
f 6024 6011 5731
f 6025 6024 5731
f 5732 6025 5731
f 6026 6025 5732
f 5733 6026 5732
f 6027 6026 5733
f 6028 6027 5733
f 5734 6028 5733
f 5735 6028 5734
f 6029 6028 5735
f 5736 6029 5735
f 6030 6029 5736
f 5737 6030 5736
f 6031 6030 5737
f 6032 6031 5737
f 5738 6032 5737
f 5739 6032 5738
f 6033 6032 5739
f 6034 6033 5739
f 5740 6034 5739
f 5741 6034 5740
f 5743 6034 5741
f 5742 5743 5741
f 6035 6034 5743
f 6036 6035 5743
f 6037 6036 5743
f 6038 6037 5743
f 5744 6038 5743
f 5745 6038 5744
f 6039 6038 5745
f 5746 6039 5745
f 6040 6039 5746
f 6041 6040 5746
f 5747 6041 5746
f 5748 6041 5747
f 6042 6041 5748
f 6043 6042 5748
f 5749 6043 5748
f 5750 6043 5749
f 6044 6043 5750
f 6045 6044 5750
f 5751 6045 5750
f 5752 6045 5751
f 6046 6045 5752
f 5753 6046 5752
f 6047 6046 5753
f 5754 6047 5753
f 6048 6047 5754
f 6049 6048 5754
f 5756 6049 5754
f 5755 5756 5754
f 6050 6049 5756
f 6051 6050 5756
f 5758 6051 5756
f 5757 5758 5756
f 6052 6051 5758
f 6053 6052 5758
f 5760 6053 5758
f 5759 5760 5758
f 6054 6053 5760
f 6055 6054 5760
f 6056 6055 5760
f 5762 6056 5760
f 5761 5762 5760
f 6057 6056 5762
f 6058 6057 5762
f 6059 6058 5762
f 5763 6059 5762
f 6060 6059 5763
f 5764 6060 5763
f 6061 6060 5764
f 5765 6061 5764
f 6062 6061 5765
f 6063 6062 5765
f 5766 6063 5765
f 5768 6063 5766
f 5767 5768 5766
f 6064 6063 5768
f 5769 6064 5768
f 6065 6064 5769
f 5770 6065 5769
f 6066 6065 5770
f 5771 6066 5770
f 6067 6066 5771
f 5773 6067 5771
f 5772 5773 5771
f 6068 6067 5773
f 6069 6068 5773
f 6070 6069 5773
f 5774 6070 5773
f 6071 6070 5774
f 5775 6071 5774
f 5777 6071 5775
f 5776 5777 5775
f 6072 6071 5777
f 6073 6072 5777
f 5779 6073 5777
f 5778 5779 5777
f 6074 6073 5779
f 6075 6074 5779
f 5780 6075 5779
f 6076 6075 5780
f 5781 6076 5780
f 6077 6076 5781
f 5782 6077 5781
f 6078 6077 5782
f 5784 6078 5782
f 5783 5784 5782
f 6079 6078 5784
f 6080 6079 5784
f 5786 6080 5784
f 5785 5786 5784
f 6081 6080 5786
f 6082 6081 5786
f 5787 6082 5786
f 6083 6082 5787
f 5789 6083 5787
f 5788 5789 5787
f 6084 6083 5789
f 6085 6084 5789
f 5790 6085 5789
f 6086 6085 5790
f 5791 6086 5790
f 6087 6086 5791
f 5792 6087 5791
f 6088 6087 5792
f 5793 6088 5792
f 6089 6088 5793
f 5794 6089 5793
f 6090 6089 5794
f 5795 6090 5794
f 6091 6090 5795
f 5796 6091 5795
f 6092 6091 5796
f 5797 6092 5796
f 6093 6092 5797
f 5798 6093 5797
f 6094 6093 5798
f 6095 6094 5798
f 5799 6095 5798
f 5801 6095 5799
f 5800 5801 5799
f 6096 6095 5801
f 6097 6096 5801
f 5803 6097 5801
f 5802 5803 5801
f 6098 6097 5803
f 6099 6098 5803
f 6100 6099 5803
f 5804 6100 5803
f 5806 6100 5804
f 5805 5806 5804
f 6101 6100 5806
f 6102 6101 5806
f 5808 6102 5806
f 5807 5808 5806
f 6103 6102 5808
f 6104 6103 5808
f 6105 6104 5808
f 5809 6105 5808
f 6106 6105 5809
f 5810 6106 5809
f 5947 6106 5810
f 5811 5947 5810
f 6006 6107 5812
f 6107 5813 5812
f 6107 6108 5813
f 6108 6109 5813
f 6109 6110 5813
f 6110 5817 5813
f 5817 5815 5813
f 5817 5816 5815
f 6110 6111 5817
f 6111 5818 5817
f 6111 6112 5818
f 6112 6113 5818
f 6113 5820 5818
f 5820 5819 5818
f 6113 6114 5820
f 6114 6115 5820
f 6115 6116 5820
f 6116 5821 5820
f 6116 6117 5821
f 6117 6118 5821
f 6118 5822 5821
f 6118 5825 5822
f 5825 5823 5822
f 6118 6119 5825
f 6119 6120 5825
f 6120 6121 5825
f 6121 5826 5825
f 6121 6122 5826
f 6122 5827 5826
f 6122 6123 5827
f 6123 6124 5827
f 6124 5828 5827
f 6124 5830 5828
f 5830 5829 5828
f 6124 6125 5830
f 6125 5832 5830
f 5832 5831 5830
f 6125 6126 5832
f 6126 6127 5832
f 6127 6128 5832
f 6128 5833 5832
f 6128 6129 5833
f 6129 5834 5833
f 6129 6130 5834
f 6130 6131 5834
f 6131 5835 5834
f 6131 5837 5835
f 5837 5836 5835
f 6131 6130 5837
f 6130 6132 5837
f 6132 6133 5837
f 6133 5839 5837
f 5839 5838 5837
f 6133 6134 5839
f 6134 6135 5839
f 6135 5840 5839
f 6135 6136 5840
f 6136 5841 5840
f 6136 6137 5841
f 6137 5842 5841
f 6137 6138 5842
f 6138 5843 5842
f 6138 5845 5843
f 5845 5844 5843
f 6138 6139 5845
f 6139 6140 5845
f 6140 6141 5845
f 6141 6142 5845
f 6142 6143 5845
f 6143 5847 5845
f 5847 5846 5845
f 6143 6144 5847
f 6144 6145 5847
f 6145 5849 5847
f 5849 5848 5847
f 6145 6146 5849
f 6146 5850 5849
f 6146 6147 5850
f 6147 5851 5850
f 6147 5854 5851
f 5854 5852 5851
f 6147 6148 5854
f 6148 6149 5854
f 6149 6150 5854
f 6150 5855 5854
f 6150 6151 5855
f 6151 6152 5855
f 6152 5856 5855
f 6152 6153 5856
f 6153 5857 5856
f 6153 6154 5857
f 6154 5858 5857
f 6154 6155 5858
f 6155 5859 5858
f 6155 6156 5859
f 6156 5860 5859
f 6156 6157 5860
f 6157 5861 5860
f 6157 6158 5861
f 6158 6159 5861
f 6159 5863 5861
f 5863 5862 5861
f 6159 6160 5863
f 6160 5865 5863
f 5865 5864 5863
f 6160 6161 5865
f 6161 5867 5865
f 5867 5866 5865
f 6161 6162 5867
f 6162 5868 5867
f 6162 6163 5868
f 6163 6164 5868
f 6164 5869 5868
f 6164 6163 5869
f 6163 6165 5869
f 6165 5870 5869
f 6165 6166 5870
f 6166 5872 5870
f 5872 5871 5870
f 6166 6167 5872
f 6167 5873 5872
f 6167 6168 5873
f 6168 5874 5873
f 6168 6169 5874
f 6169 5875 5874
f 6169 6170 5875
f 6170 6171 5875
f 6171 5876 5875
f 6171 6172 5876
f 6172 5877 5876
f 6172 6173 5877
f 6173 6174 5877
f 6174 5915 5877
f 6175 5900 5878
f 5879 6175 5878
f 5880 6175 5879
f 5886 6175 5880
f 5881 5886 5880
f 5882 5886 5881
f 6176 6177 5883
f 6177 5884 5883
f 6177 6178 5884
f 6178 6179 5884
f 6179 5885 5884
f 6179 6180 5885
f 6180 5886 5885
f 6180 6181 5886
f 6181 6175 5886
f 5611 5891 5887
f 5891 6182 5887
f 6182 6183 5887
f 6183 6176 5887
f 5905 6184 5888
f 6184 5889 5888
f 6184 6185 5889
f 6185 6186 5889
f 6186 5890 5889
f 6186 6187 5890
f 6187 6182 5890
f 6182 5891 5890
f 6188 5946 5892
f 5893 6188 5892
f 6189 6188 5893
f 6190 6189 5893
f 6191 6190 5893
f 5896 6191 5893
f 5894 5896 5893
f 5895 5896 5894
f 6192 6191 5896
f 6193 6192 5896
f 6194 6193 5896
f 5897 6194 5896
f 6195 6194 5897
f 5898 6195 5897
f 6196 6195 5898
f 5899 6196 5898
f 6197 6196 5899
f 6181 6197 5899
f 5900 6181 5899
f 6175 6181 5900
f 5914 5913 5901
f 5913 6198 5901
f 6198 6199 5901
f 6199 5902 5901
f 6199 6200 5902
f 6200 5903 5902
f 6200 6201 5903
f 6201 5904 5903
f 6201 6202 5904
f 6202 6184 5904
f 6184 5905 5904
f 6203 6204 5906
f 6204 6205 5906
f 6205 5907 5906
f 6205 6206 5907
f 6206 6207 5907
f 6207 5909 5907
f 5909 5908 5907
f 6207 6208 5909
f 6208 6209 5909
f 6209 5910 5909
f 6209 6210 5910
f 6210 5911 5910
f 6210 6198 5911
f 6198 5913 5911
f 5913 5912 5911
f 6174 6211 5915
f 6211 6212 5915
f 6212 6213 5915
f 6213 5916 5915
f 6213 5917 5916
f 6213 6214 5917
f 6214 5918 5917
f 6214 6215 5918
f 6215 5938 5918
f 6216 5979 5919
f 6217 6216 5919
f 6218 6217 5919
f 5920 6218 5919
f 6219 6218 5920
f 5921 6219 5920
f 6220 6219 5921
f 5922 6220 5921
f 6221 6220 5922
f 5923 6221 5922
f 5924 6221 5923
f 6222 6221 5924
f 6223 6222 5924
f 6224 6223 5924
f 5928 6224 5924
f 5925 5928 5924
f 5927 5928 5925
f 5926 5927 5925
f 6225 6224 5928
f 5929 6225 5928
f 5930 6225 5929
f 6226 6225 5930
f 6227 6226 5930
f 5931 6227 5930
f 6228 6227 5931
f 5932 6228 5931
f 5933 6229 5932
f 6229 6228 5932
f 5935 6229 5933
f 5936 6230 5934
f 6230 6229 5934
f 6229 5935 5934
f 5937 6231 5936
f 6231 6232 5936
f 6232 6233 5936
f 6233 6230 5936
f 5939 6234 5937
f 6234 6235 5937
f 6235 6236 5937
f 6236 6231 5937
f 6215 6237 5938
f 6237 6234 5938
f 6234 5939 5938
f 6238 5982 5940
f 6239 6238 5940
f 5941 6239 5940
f 6240 6239 5941
f 5942 6240 5941
f 6241 6240 5942
f 5943 6241 5942
f 5945 6241 5943
f 5944 5945 5943
f 6242 6241 5945
f 6243 6242 5945
f 6188 6243 5945
f 5946 6188 5945
f 6244 6106 5947
f 6245 6244 5947
f 6246 6245 5947
f 5948 6246 5947
f 6247 6246 5948
f 5949 6247 5948
f 6248 6247 5949
f 5950 6248 5949
f 5952 6248 5950
f 5951 5952 5950
f 6249 6248 5952
f 6250 6249 5952
f 6251 6250 5952
f 5953 6251 5952
f 5955 6251 5953
f 5954 5955 5953
f 6252 6251 5955
f 6253 6252 5955
f 6254 6253 5955
f 5956 6254 5955
f 6255 6254 5956
f 5957 6255 5956
f 5958 6255 5957
f 5960 6256 5959
f 6257 6256 5960
f 5961 6257 5960
f 5962 6257 5961
f 6258 6257 5962
f 6259 6258 5962
f 6260 6259 5962
f 5963 6260 5962
f 6261 6260 5963
f 5964 6261 5963
f 6262 6261 5964
f 6263 6262 5964
f 5966 6263 5964
f 5965 5966 5964
f 6264 6263 5966
f 5967 6264 5966
f 6265 6264 5967
f 6266 6265 5967
f 5968 6266 5967
f 6267 6266 5968
f 5971 6267 5968
f 5969 5971 5968
f 5970 5971 5969
f 6268 6267 5971
f 6269 6268 5971
f 5972 6269 5971
f 6270 6269 5972
f 5975 6270 5972
f 5973 5975 5972
f 5974 5975 5973
f 6271 6270 5975
f 6272 6271 5975
f 6273 6272 5975
f 5976 6273 5975
f 5978 6273 5976
f 5977 5978 5976
f 6274 6273 5978
f 6275 6274 5978
f 6216 6275 5978
f 5979 6216 5978
f 6277 6276 5980
f 5981 6277 5980
f 6278 6277 5981
f 6238 6278 5981
f 5982 6238 5981
f 5991 6279 5984
f 6279 5985 5984
f 6279 6280 5985
f 6280 6281 5985
f 6281 6282 5985
f 6282 5986 5985
f 6282 5995 5986
f 5995 5987 5986
f 5994 6283 5988
f 6283 6284 5988
f 6284 5989 5988
f 6284 6279 5989
f 6279 5991 5989
f 5991 5990 5989
f 6014 6285 5992
f 6285 6286 5992
f 6286 5993 5992
f 6286 5994 5993
f 6286 6287 5994
f 6287 6288 5994
f 6288 6283 5994
f 6282 6281 5995
f 6281 6289 5995
f 6289 5996 5995
f 6289 5997 5996
f 6289 6290 5997
f 6290 5999 5997
f 5999 5998 5997
f 6290 6291 5999
f 6291 6000 5999
f 6291 6292 6000
f 6292 6001 6000
f 6292 6293 6001
f 6293 6294 6001
f 6294 6002 6001
f 6294 6293 6002
f 6293 6295 6002
f 6295 6296 6002
f 6296 6297 6002
f 6297 6004 6002
f 6004 6003 6002
f 6297 6298 6004
f 6298 6299 6004
f 6299 6005 6004
f 6299 6300 6005
f 6300 6006 6005
f 6300 6108 6006
f 6108 6107 6006
f 6008 6023 6007
f 6301 6023 6008
f 6009 6301 6008
f 6302 6301 6009
f 6303 6302 6009
f 6010 6303 6009
f 6011 6303 6010
f 6304 6303 6011
f 6305 6304 6011
f 6306 6305 6011
f 6307 6306 6011
f 6024 6307 6011
f 6017 6013 6012
f 6017 6308 6013
f 6308 6014 6013
f 6308 6285 6014
f 6018 6309 6015
f 6309 6310 6015
f 6310 6016 6015
f 6310 6017 6016
f 6310 6311 6017
f 6311 6308 6017
f 6019 6312 6018
f 6312 6309 6018
f 6022 6313 6019
f 6313 6312 6019
f 6314 6021 6020
f 6315 6314 6020
f 6023 6315 6020
f 6314 6316 6021
f 6316 6317 6021
f 6317 6318 6021
f 6318 6022 6021
f 6318 6313 6022
f 6301 6315 6023
f 6025 6307 6024
f 6319 6307 6025
f 6026 6319 6025
f 6320 6319 6026
f 6321 6320 6026
f 6027 6321 6026
f 6028 6321 6027
f 6322 6321 6028
f 6029 6322 6028
f 6323 6322 6029
f 6030 6323 6029
f 6324 6323 6030
f 6031 6324 6030
f 6325 6324 6031
f 6032 6325 6031
f 6326 6325 6032
f 6033 6326 6032
f 6035 6326 6033
f 6034 6035 6033
f 6327 6326 6035
f 6328 6327 6035
f 6329 6328 6035
f 6036 6329 6035
f 6330 6329 6036
f 6331 6330 6036
f 6037 6331 6036
f 6332 6331 6037
f 6038 6332 6037
f 6039 6332 6038
f 6333 6332 6039
f 6040 6333 6039
f 6334 6333 6040
f 6041 6334 6040
f 6335 6334 6041
f 6336 6335 6041
f 6042 6336 6041
f 6043 6336 6042
f 6337 6336 6043
f 6338 6337 6043
f 6044 6338 6043
f 6045 6338 6044
f 6339 6338 6045
f 6046 6339 6045
f 6340 6339 6046
f 6047 6340 6046
f 6341 6340 6047
f 6048 6341 6047
f 6342 6341 6048
f 6343 6342 6048
f 6050 6343 6048
f 6049 6050 6048
f 6344 6343 6050
f 6345 6344 6050
f 6052 6345 6050
f 6051 6052 6050
f 6346 6345 6052
f 6347 6346 6052
f 6054 6347 6052
f 6053 6054 6052
f 6348 6347 6054
f 6349 6348 6054
f 6055 6349 6054
f 6057 6349 6055
f 6056 6057 6055
f 6350 6349 6057
f 6351 6350 6057
f 6352 6351 6057
f 6059 6352 6057
f 6058 6059 6057
f 6353 6352 6059
f 6354 6353 6059
f 6355 6354 6059
f 6356 6355 6059
f 6060 6356 6059
f 6357 6356 6060
f 6061 6357 6060
f 6358 6357 6061
f 6359 6358 6061
f 6062 6359 6061
f 6064 6359 6062
f 6063 6064 6062
f 6360 6359 6064
f 6361 6360 6064
f 6065 6361 6064
f 6362 6361 6065
f 6066 6362 6065
f 6363 6362 6066
f 6068 6363 6066
f 6067 6068 6066
f 6364 6363 6068
f 6365 6364 6068
f 6366 6365 6068
f 6069 6366 6068
f 6070 6366 6069
f 6367 6366 6070
f 6072 6367 6070
f 6071 6072 6070
f 6368 6367 6072
f 6369 6368 6072
f 6074 6369 6072
f 6073 6074 6072
f 6370 6369 6074
f 6371 6370 6074
f 6075 6371 6074
f 6372 6371 6075
f 6076 6372 6075
f 6373 6372 6076
f 6077 6373 6076
f 6374 6373 6077
f 6079 6374 6077
f 6078 6079 6077
f 6375 6374 6079
f 6376 6375 6079
f 6081 6376 6079
f 6080 6081 6079
f 6377 6376 6081
f 6378 6377 6081
f 6082 6378 6081
f 6379 6378 6082
f 6084 6379 6082
f 6083 6084 6082
f 6380 6379 6084
f 6381 6380 6084
f 6085 6381 6084
f 6382 6381 6085
f 6086 6382 6085
f 6383 6382 6086
f 6087 6383 6086
f 6384 6383 6087
f 6088 6384 6087
f 6385 6384 6088
f 6089 6385 6088
f 6386 6385 6089
f 6090 6386 6089
f 6387 6386 6090
f 6091 6387 6090
f 6388 6387 6091
f 6092 6388 6091
f 6389 6388 6092
f 6093 6389 6092
f 6390 6389 6093
f 6391 6390 6093
f 6094 6391 6093
f 6096 6391 6094
f 6095 6096 6094
f 6392 6391 6096
f 6393 6392 6096
f 6098 6393 6096
f 6097 6098 6096
f 6394 6393 6098
f 6395 6394 6098
f 6396 6395 6098
f 6099 6396 6098
f 6101 6396 6099
f 6100 6101 6099
f 6397 6396 6101
f 6398 6397 6101
f 6103 6398 6101
f 6102 6103 6101
f 6399 6398 6103
f 6400 6399 6103
f 6401 6400 6103
f 6104 6401 6103
f 6402 6401 6104
f 6105 6402 6104
f 6244 6402 6105
f 6106 6244 6105
f 6300 6403 6108
f 6403 6404 6108
f 6404 6111 6108
f 6111 6109 6108
f 6111 6110 6109
f 6404 6405 6111
f 6405 6406 6111
f 6406 6112 6111
f 6406 6407 6112
f 6407 6408 6112
f 6408 6113 6112
f 6408 6114 6113
f 6408 6407 6114
f 6407 6409 6114
f 6409 6410 6114
f 6410 6115 6114
f 6410 6411 6115
f 6411 6412 6115
f 6412 6116 6115
f 6412 6117 6116
f 6412 6413 6117
f 6413 6414 6117
f 6414 6415 6117
f 6415 6119 6117
f 6119 6118 6117
f 6415 6416 6119
f 6416 6120 6119
f 6416 6417 6120
f 6417 6418 6120
f 6418 6121 6120
f 6418 6123 6121
f 6123 6122 6121
f 6418 6419 6123
f 6419 6420 6123
f 6420 6125 6123
f 6125 6124 6123
f 6420 6421 6125
f 6421 6126 6125
f 6421 6422 6126
f 6422 6423 6126
f 6423 6127 6126
f 6423 6424 6127
f 6424 6128 6127
f 6424 6425 6128
f 6425 6129 6128
f 6425 6426 6129
f 6426 6130 6129
f 6426 6427 6130
f 6427 6132 6130
f 6427 6428 6132
f 6428 6134 6132
f 6134 6133 6132
f 6428 6429 6134
f 6429 6430 6134
f 6430 6136 6134
f 6136 6135 6134
f 6430 6431 6136
f 6431 6432 6136
f 6432 6433 6136
f 6433 6137 6136
f 6433 6139 6137
f 6139 6138 6137
f 6433 6432 6139
f 6432 6140 6139
f 6432 6434 6140
f 6434 6435 6140
f 6435 6436 6140
f 6436 6141 6140
f 6436 6437 6141
f 6437 6142 6141
f 6437 6438 6142
f 6438 6144 6142
f 6144 6143 6142
f 6438 6439 6144
f 6439 6440 6144
f 6440 6145 6144
f 6440 6146 6145
f 6440 6148 6146
f 6148 6147 6146
f 6440 6441 6148
f 6441 6442 6148
f 6442 6443 6148
f 6443 6444 6148
f 6444 6149 6148
f 6444 6151 6149
f 6151 6150 6149
f 6444 6445 6151
f 6445 6446 6151
f 6446 6447 6151
f 6447 6152 6151
f 6447 6154 6152
f 6154 6153 6152
f 6447 6448 6154
f 6448 6155 6154
f 6448 6156 6155
f 6448 6449 6156
f 6449 6450 6156
f 6450 6451 6156
f 6451 6157 6156
f 6451 6452 6157
f 6452 6453 6157
f 6453 6158 6157
f 6453 6454 6158
f 6454 6455 6158
f 6455 6160 6158
f 6160 6159 6158
f 6455 6456 6160
f 6456 6457 6160
f 6457 6161 6160
f 6457 6458 6161
f 6458 6162 6161
f 6458 6459 6162
f 6459 6460 6162
f 6460 6163 6162
f 6460 6165 6163
f 6460 6461 6165
f 6461 6462 6165
f 6462 6166 6165
f 6462 6463 6166
f 6463 6464 6166
f 6464 6465 6166
f 6465 6167 6166
f 6465 6466 6167
f 6466 6168 6167
f 6466 6170 6168
f 6170 6169 6168
f 6466 6467 6170
f 6467 6468 6170
f 6468 6469 6170
f 6469 6172 6170
f 6172 6171 6170
f 6469 6470 6172
f 6470 6173 6172
f 6470 6471 6173
f 6471 6211 6173
f 6211 6174 6173
f 6183 6472 6176
f 6472 6473 6176
f 6473 6177 6176
f 6473 6474 6177
f 6474 6475 6177
f 6475 6476 6177
f 6476 6178 6177
f 6476 6179 6178
f 6476 6477 6179
f 6477 6180 6179
f 6478 6181 6180
f 6477 6478 6180
f 6479 6197 6181
f 6478 6479 6181
f 6187 6480 6182
f 6480 6472 6182
f 6472 6183 6182
f 6202 6481 6184
f 6481 6482 6184
f 6482 6185 6184
f 6482 6483 6185
f 6483 6186 6185
f 6483 6480 6186
f 6480 6187 6186
f 6484 6243 6188
f 6189 6484 6188
f 6485 6484 6189
f 6486 6485 6189
f 6487 6486 6189
f 6190 6487 6189
f 6192 6487 6190
f 6191 6192 6190
f 6488 6487 6192
f 6489 6488 6192
f 6490 6489 6192
f 6491 6490 6192
f 6193 6491 6192
f 6492 6491 6193
f 6194 6492 6193
f 6493 6492 6194
f 6195 6493 6194
f 6494 6493 6195
f 6479 6494 6195
f 6196 6479 6195
f 6197 6479 6196
f 6210 6495 6198
f 6495 6199 6198
f 6495 6496 6199
f 6496 6200 6199
f 6496 6201 6200
f 6496 6481 6201
f 6481 6202 6201
f 6498 6497 6203
f 6497 6499 6203
f 6499 6205 6203
f 6205 6204 6203
f 6499 6500 6205
f 6500 6501 6205
f 6501 6206 6205
f 6501 6502 6206
f 6502 6503 6206
f 6503 6207 6206
f 6503 6504 6207
f 6504 6208 6207
f 6504 6505 6208
f 6505 6209 6208
f 6505 6495 6209
f 6495 6210 6209
f 6471 6506 6211
f 6506 6507 6211
f 6507 6508 6211
f 6508 6212 6211
f 6508 6213 6212
f 6508 6214 6213
f 6508 6507 6214
f 6507 6509 6214
f 6509 6510 6214
f 6510 6511 6214
f 6511 6215 6214
f 6511 6512 6215
f 6512 6237 6215
f 6513 6275 6216
f 6514 6513 6216
f 6515 6514 6216
f 6217 6515 6216
f 6516 6515 6217
f 6218 6516 6217
f 6517 6516 6218
f 6219 6517 6218
f 6518 6517 6219
f 6220 6518 6219
f 6519 6518 6220
f 6221 6519 6220
f 6520 6519 6221
f 6521 6520 6221
f 6222 6521 6221
f 6522 6521 6222
f 6523 6522 6222
f 6524 6523 6222
f 6223 6524 6222
f 6225 6524 6223
f 6224 6225 6223
f 6525 6524 6225
f 6526 6525 6225
f 6226 6526 6225
f 6527 6526 6226
f 6227 6527 6226
f 6228 6527 6227
f 6229 6528 6228
f 6528 6527 6228
f 6230 6529 6229
f 6529 6530 6229
f 6530 6528 6229
f 6233 6529 6230
f 6236 6531 6231
f 6531 6232 6231
f 6531 6233 6232
f 6531 6532 6233
f 6532 6533 6233
f 6533 6529 6233
f 6237 6534 6234
f 6534 6535 6234
f 6535 6235 6234
f 6535 6536 6235
f 6536 6236 6235
f 6536 6532 6236
f 6532 6531 6236
f 6512 6537 6237
f 6537 6534 6237
f 6538 6278 6238
f 6239 6538 6238
f 6539 6538 6239
f 6240 6539 6239
f 6242 6539 6240
f 6241 6242 6240
f 6540 6539 6242
f 6541 6540 6242
f 6484 6541 6242
f 6243 6484 6242
f 6542 6402 6244
f 6543 6542 6244
f 6544 6543 6244
f 6245 6544 6244
f 6545 6544 6245
f 6246 6545 6245
f 6546 6545 6246
f 6247 6546 6246
f 6547 6546 6247
f 6249 6547 6247
f 6248 6249 6247
f 6548 6547 6249
f 6549 6548 6249
f 6250 6549 6249
f 6252 6549 6250
f 6251 6252 6250
f 6550 6549 6252
f 6551 6550 6252
f 6552 6551 6252
f 6253 6552 6252
f 6553 6552 6253
f 6254 6553 6253
f 6556 6555 6258
f 6259 6556 6258
f 6260 6556 6259
f 6557 6556 6260
f 6261 6557 6260
f 6558 6557 6261
f 6264 6558 6261
f 6262 6264 6261
f 6263 6264 6262
f 6559 6558 6264
f 6265 6559 6264
f 6560 6559 6265
f 6561 6560 6265
f 6562 6561 6265
f 6266 6562 6265
f 6268 6562 6266
f 6267 6268 6266
f 6563 6562 6268
f 6564 6563 6268
f 6269 6564 6268
f 6565 6564 6269
f 6271 6565 6269
f 6270 6271 6269
f 6566 6565 6271
f 6567 6566 6271
f 6568 6567 6271
f 6272 6568 6271
f 6274 6568 6272
f 6273 6274 6272
f 6569 6568 6274
f 6570 6569 6274
f 6571 6570 6274
f 6513 6571 6274
f 6275 6513 6274
f 6575 6574 6276
f 6576 6575 6276
f 6277 6576 6276
f 6278 6576 6277
f 6577 6576 6278
f 6538 6577 6278
f 6284 6578 6279
f 6578 6579 6279
f 6579 6580 6279
f 6580 6280 6279
f 6580 6289 6280
f 6289 6581 6280
f 6581 6281 6280
f 6581 6289 6281
f 6288 6578 6283
f 6578 6284 6283
f 6308 6582 6285
f 6582 6286 6285
f 6582 6583 6286
f 6583 6584 6286
f 6584 6585 6286
f 6585 6287 6286
f 6585 6586 6287
f 6586 6288 6287
f 6586 6587 6288
f 6587 6588 6288
f 6588 6578 6288
f 6580 6589 6289
f 6589 6590 6289
f 6590 6290 6289
f 6590 6591 6290
f 6591 6592 6290
f 6592 6593 6290
f 6593 6291 6290
f 6593 6293 6291
f 6293 6292 6291
f 6593 6592 6293
f 6592 6594 6293
f 6594 6595 6293
f 6595 6295 6293
f 6595 6596 6295
f 6596 6296 6295
f 6596 6597 6296
f 6597 6598 6296
f 6598 6599 6296
f 6599 6298 6296
f 6298 6297 6296
f 6599 6600 6298
f 6600 6601 6298
f 6601 6602 6298
f 6602 6299 6298
f 6602 6300 6299
f 6602 6601 6300
f 6601 6603 6300
f 6603 6403 6300
f 6604 6315 6301
f 6302 6604 6301
f 6605 6604 6302
f 6606 6605 6302
f 6303 6606 6302
f 6304 6606 6303
f 6607 6606 6304
f 6608 6607 6304
f 6609 6608 6304
f 6610 6609 6304
f 6305 6610 6304
f 6611 6610 6305
f 6306 6611 6305
f 6307 6611 6306
f 6612 6611 6307
f 6319 6612 6307
f 6311 6613 6308
f 6613 6582 6308
f 6312 6614 6309
f 6614 6615 6309
f 6615 6310 6309
f 6615 6311 6310
f 6615 6616 6311
f 6616 6617 6311
f 6617 6613 6311
f 6313 6618 6312
f 6618 6614 6312
f 6318 6618 6313
f 6315 6619 6314
f 6619 6620 6314
f 6620 6316 6314
f 6621 6619 6315
f 6622 6621 6315
f 6604 6622 6315
f 6620 6623 6316
f 6623 6317 6316
f 6623 6318 6317
f 6623 6624 6318
f 6624 6625 6318
f 6625 6626 6318
f 6626 6618 6318
f 6627 6612 6319
f 6320 6627 6319
f 6628 6627 6320
f 6629 6628 6320
f 6321 6629 6320
f 6630 6629 6321
f 6322 6630 6321
f 6631 6630 6322
f 6323 6631 6322
f 6324 6631 6323
f 6632 6631 6324
f 6325 6632 6324
f 6327 6632 6325
f 6326 6327 6325
f 6633 6632 6327
f 6634 6633 6327
f 6635 6634 6327
f 6328 6635 6327
f 6636 6635 6328
f 6329 6636 6328
f 6637 6636 6329
f 6330 6637 6329
f 6638 6637 6330
f 6331 6638 6330
f 6639 6638 6331
f 6640 6639 6331
f 6332 6640 6331
f 6641 6640 6332
f 6333 6641 6332
f 6642 6641 6333
f 6334 6642 6333
f 6335 6642 6334
f 6643 6642 6335
f 6336 6643 6335
f 6644 6643 6336
f 6337 6644 6336
f 6645 6644 6337
f 6338 6645 6337
f 6646 6645 6338
f 6647 6646 6338
f 6339 6647 6338
f 6340 6647 6339
f 6648 6647 6340
f 6649 6648 6340
f 6341 6649 6340
f 6342 6649 6341
f 6650 6649 6342
f 6651 6650 6342
f 6344 6651 6342
f 6343 6344 6342
f 6652 6651 6344
f 6653 6652 6344
f 6346 6653 6344
f 6345 6346 6344
f 6654 6653 6346
f 6655 6654 6346
f 6656 6655 6346
f 6347 6656 6346
f 6657 6656 6347
f 6348 6657 6347
f 6350 6657 6348
f 6349 6350 6348
f 6658 6657 6350
f 6659 6658 6350
f 6660 6659 6350
f 6351 6660 6350
f 6353 6660 6351
f 6352 6353 6351
f 6661 6660 6353
f 6662 6661 6353
f 6354 6662 6353
f 6663 6662 6354
f 6355 6663 6354
f 6357 6663 6355
f 6356 6357 6355
f 6664 6663 6357
f 6665 6664 6357
f 6666 6665 6357
f 6667 6666 6357
f 6358 6667 6357
f 6668 6667 6358
f 6669 6668 6358
f 6360 6669 6358
f 6359 6360 6358
f 6670 6669 6360
f 6671 6670 6360
f 6361 6671 6360
f 6672 6671 6361
f 6362 6672 6361
f 6673 6672 6362
f 6364 6673 6362
f 6363 6364 6362
f 6674 6673 6364
f 6675 6674 6364
f 6676 6675 6364
f 6365 6676 6364
f 6366 6676 6365
f 6677 6676 6366
f 6368 6677 6366
f 6367 6368 6366
f 6678 6677 6368
f 6679 6678 6368
f 6370 6679 6368
f 6369 6370 6368
f 6680 6679 6370
f 6681 6680 6370
f 6371 6681 6370
f 6682 6681 6371
f 6372 6682 6371
f 6683 6682 6372
f 6373 6683 6372
f 6684 6683 6373
f 6375 6684 6373
f 6374 6375 6373
f 6685 6684 6375
f 6686 6685 6375
f 6377 6686 6375
f 6376 6377 6375
f 6687 6686 6377
f 6688 6687 6377
f 6378 6688 6377
f 6689 6688 6378
f 6380 6689 6378
f 6379 6380 6378
f 6690 6689 6380
f 6691 6690 6380
f 6381 6691 6380
f 6692 6691 6381
f 6382 6692 6381
f 6693 6692 6382
f 6383 6693 6382
f 6694 6693 6383
f 6384 6694 6383
f 6695 6694 6384
f 6385 6695 6384
f 6696 6695 6385
f 6386 6696 6385
f 6697 6696 6386
f 6387 6697 6386
f 6698 6697 6387
f 6388 6698 6387
f 6699 6698 6388
f 6389 6699 6388
f 6700 6699 6389
f 6701 6700 6389
f 6390 6701 6389
f 6391 6701 6390
f 6702 6701 6391
f 6703 6702 6391
f 6392 6703 6391
f 6393 6703 6392
f 6704 6703 6393
f 6394 6704 6393
f 6705 6704 6394
f 6706 6705 6394
f 6395 6706 6394
f 6396 6706 6395
f 6707 6706 6396
f 6397 6707 6396
f 6708 6707 6397
f 6399 6708 6397
f 6398 6399 6397
f 6709 6708 6399
f 6710 6709 6399
f 6400 6710 6399
f 6711 6710 6400
f 6712 6711 6400
f 6401 6712 6400
f 6542 6712 6401
f 6402 6542 6401
f 6603 6406 6403
f 6406 6405 6403
f 6405 6404 6403
f 6603 6713 6406
f 6713 6714 6406
f 6714 6715 6406
f 6715 6409 6406
f 6409 6407 6406
f 6715 6716 6409
f 6716 6717 6409
f 6717 6410 6409
f 6717 6718 6410
f 6718 6719 6410
f 6719 6411 6410
f 6719 6413 6411
f 6413 6412 6411
f 6719 6720 6413
f 6720 6721 6413
f 6721 6722 6413
f 6722 6414 6413
f 6722 6723 6414
f 6723 6415 6414
f 6723 6724 6415
f 6724 6416 6415
f 6724 6725 6416
f 6725 6417 6416
f 6725 6726 6417
f 6726 6418 6417
f 6726 6727 6418
f 6727 6419 6418
f 6727 6728 6419
f 6728 6421 6419
f 6421 6420 6419
f 6728 6729 6421
f 6729 6422 6421
f 6729 6730 6422
f 6730 6423 6422
f 6730 6731 6423
f 6731 6425 6423
f 6425 6424 6423
f 6731 6732 6425
f 6732 6733 6425
f 6733 6426 6425
f 6733 6734 6426
f 6734 6427 6426
f 6734 6735 6427
f 6735 6429 6427
f 6429 6428 6427
f 6735 6736 6429
f 6736 6737 6429
f 6737 6431 6429
f 6431 6430 6429
f 6737 6738 6431
f 6738 6434 6431
f 6434 6432 6431
f 6738 6739 6434
f 6739 6740 6434
f 6740 6741 6434
f 6741 6435 6434
f 6741 6742 6435
f 6742 6436 6435
f 6742 6743 6436
f 6743 6744 6436
f 6744 6437 6436
f 6744 6745 6437
f 6745 6438 6437
f 6745 6746 6438
f 6746 6439 6438
f 6746 6441 6439
f 6441 6440 6439
f 6746 6747 6441
f 6747 6748 6441
f 6748 6749 6441
f 6749 6442 6441
f 6749 6750 6442
f 6750 6751 6442
f 6751 6443 6442
f 6751 6445 6443
f 6445 6444 6443
f 6751 6752 6445
f 6752 6753 6445
f 6753 6754 6445
f 6754 6755 6445
f 6755 6446 6445
f 6755 6756 6446
f 6756 6447 6446
f 6756 6448 6447
f 6756 6755 6448
f 6755 6757 6448
f 6757 6758 6448
f 6758 6449 6448
f 6758 6759 6449
f 6759 6760 6449
f 6760 6451 6449
f 6451 6450 6449
f 6760 6761 6451
f 6761 6452 6451
f 6761 6453 6452
f 6761 6762 6453
f 6762 6763 6453
f 6763 6454 6453
f 6763 6456 6454
f 6456 6455 6454
f 6763 6764 6456
f 6764 6765 6456
f 6765 6458 6456
f 6458 6457 6456
f 6765 6766 6458
f 6766 6767 6458
f 6767 6459 6458
f 6767 6768 6459
f 6768 6460 6459
f 6768 6769 6460
f 6769 6462 6460
f 6462 6461 6460
f 6770 6771 6463
f 6771 6465 6463
f 6465 6464 6463
f 6771 6772 6465
f 6772 6467 6465
f 6467 6466 6465
f 6772 6773 6467
f 6773 6774 6467
f 6774 6468 6467
f 6774 6775 6468
f 6775 6470 6468
f 6470 6469 6468
f 6775 6776 6470
f 6776 6471 6470
f 6776 6777 6471
f 6777 6506 6471
f 6480 6778 6472
f 6778 6779 6472
f 6779 6780 6472
f 6780 6473 6472
f 6780 6781 6473
f 6781 6474 6473
f 6781 6782 6474
f 6782 6475 6474
f 6782 6783 6475
f 6783 6476 6475
f 6783 6784 6476
f 6784 6477 6476
f 6785 6478 6477
f 6786 6785 6477
f 6784 6786 6477
f 6787 6479 6478
f 6788 6787 6478
f 6785 6788 6478
f 6789 6494 6479
f 6787 6789 6479
f 6483 6790 6480
f 6790 6778 6480
f 6496 6791 6481
f 6791 6792 6481
f 6792 6482 6481
f 6792 6793 6482
f 6793 6794 6482
f 6794 6790 6482
f 6790 6483 6482
f 6795 6541 6484
f 6796 6795 6484
f 6485 6796 6484
f 6797 6796 6485
f 6798 6797 6485
f 6486 6798 6485
f 6488 6798 6486
f 6487 6488 6486
f 6799 6798 6488
f 6800 6799 6488
f 6801 6800 6488
f 6802 6801 6488
f 6489 6802 6488
f 6803 6802 6489
f 6490 6803 6489
f 6491 6803 6490
f 6804 6803 6491
f 6492 6804 6491
f 6494 6804 6492
f 6493 6494 6492
f 6805 6804 6494
f 6789 6805 6494
f 6505 6791 6495
f 6791 6496 6495
f 6498 6806 6497
f 6806 6807 6497
f 6807 6808 6497
f 6808 6500 6497
f 6500 6499 6497
f 6808 6809 6500
f 6809 6501 6500
f 6809 6810 6501
f 6810 6811 6501
f 6811 6503 6501
f 6503 6502 6501
f 6811 6812 6503
f 6812 6813 6503
f 6813 6504 6503
f 6813 6791 6504
f 6791 6505 6504
f 6777 6814 6506
f 6814 6815 6506
f 6815 6509 6506
f 6509 6507 6506
f 6815 6816 6509
f 6816 6817 6509
f 6817 6510 6509
f 6817 6818 6510
f 6818 6511 6510
f 6818 6819 6511
f 6819 6512 6511
f 6819 6537 6512
f 6820 6571 6513
f 6821 6820 6513
f 6822 6821 6513
f 6514 6822 6513
f 6823 6822 6514
f 6515 6823 6514
f 6516 6823 6515
f 6824 6823 6516
f 6825 6824 6516
f 6517 6825 6516
f 6826 6825 6517
f 6518 6826 6517
f 6827 6826 6518
f 6519 6827 6518
f 6828 6827 6519
f 6520 6828 6519
f 6829 6828 6520
f 6521 6829 6520
f 6830 6829 6521
f 6522 6830 6521
f 6831 6830 6522
f 6832 6831 6522
f 6523 6832 6522
f 6525 6832 6523
f 6524 6525 6523
f 6526 6833 6525
f 6833 6832 6525
f 6527 6834 6526
f 6834 6833 6526
f 6528 6835 6527
f 6835 6836 6527
f 6836 6837 6527
f 6837 6834 6527
f 6530 6838 6528
f 6838 6839 6528
f 6839 6835 6528
f 6533 6838 6529
f 6838 6530 6529
f 6536 6840 6532
f 6840 6841 6532
f 6841 6842 6532
f 6842 6533 6532
f 6842 6843 6533
f 6843 6838 6533
f 6537 6535 6534
f 6537 6844 6535
f 6844 6845 6535
f 6845 6536 6535
f 6845 6846 6536
f 6846 6847 6536
f 6847 6840 6536
f 6819 6848 6537
f 6848 6844 6537
f 6540 6577 6538
f 6539 6540 6538
f 6849 6577 6540
f 6850 6849 6540
f 6795 6850 6540
f 6541 6795 6540
f 6851 6712 6542
f 6852 6851 6542
f 6853 6852 6542
f 6543 6853 6542
f 6854 6853 6543
f 6544 6854 6543
f 6855 6854 6544
f 6545 6855 6544
f 6547 6855 6545
f 6546 6547 6545
f 6856 6855 6547
f 6857 6856 6547
f 6858 6857 6547
f 6548 6858 6547
f 6550 6858 6548
f 6549 6550 6548
f 6859 6858 6550
f 6860 6859 6550
f 6861 6860 6550
f 6551 6861 6550
f 6862 6861 6551
f 6552 6862 6551
f 6554 6862 6552
f 6553 6554 6552
f 6863 6862 6554
f 6864 6863 6554
f 6865 6864 6554
f 6556 6557 6555
f 6560 6866 6559
f 6866 6867 6559
f 6561 6868 6560
f 6868 6869 6560
f 6869 6866 6560
f 6562 6870 6561
f 6870 6871 6561
f 6871 6872 6561
f 6872 6873 6561
f 6873 6868 6561
f 6874 6870 6562
f 6563 6874 6562
f 6875 6874 6563
f 6876 6875 6563
f 6564 6876 6563
f 6877 6876 6564
f 6565 6877 6564
f 6566 6877 6565
f 6878 6877 6566
f 6879 6878 6566
f 6880 6879 6566
f 6567 6880 6566
f 6569 6880 6567
f 6568 6569 6567
f 6881 6880 6569
f 6882 6881 6569
f 6883 6882 6569
f 6884 6883 6569
f 6570 6884 6569
f 6820 6884 6570
f 6571 6820 6570
f 6885 6572 6573
f 6886 6885 6573
f 6574 6886 6573
f 6849 6886 6574
f 6577 6849 6574
f 6575 6577 6574
f 6576 6577 6575
f 6588 6887 6578
f 6887 6888 6578
f 6888 6580 6578
f 6580 6579 6578
f 6888 6889 6580
f 6889 6890 6580
f 6890 6589 6580
f 6613 6583 6582
f 6613 6891 6583
f 6891 6892 6583
f 6892 6893 6583
f 6893 6584 6583
f 6893 6894 6584
f 6894 6585 6584
f 6894 6895 6585
f 6585 6895 6586
f 6895 6587 6586
f 6895 6894 6587
f 6894 6896 6587
f 6896 6897 6587
f 6897 6887 6587
f 6887 6588 6587
f 6890 6898 6589
f 6898 6899 6589
f 6899 6590 6589
f 6899 6592 6590
f 6592 6591 6590
f 6899 6900 6592
f 6900 6901 6592
f 6901 6902 6592
f 6902 6595 6592
f 6595 6594 6592
f 6902 6903 6595
f 6903 6596 6595
f 6903 6904 6596
f 6904 6597 6596
f 6904 6905 6597
f 6905 6906 6597
f 6906 6907 6597
f 6907 6599 6597
f 6599 6598 6597
f 6907 6908 6599
f 6908 6909 6599
f 6909 6600 6599
f 6909 6910 6600
f 6910 6911 6600
f 6911 6912 6600
f 6912 6601 6600
f 6912 6911 6601
f 6911 6913 6601
f 6913 6713 6601
f 6713 6603 6601
f 6605 6622 6604
f 6914 6622 6605
f 6606 6914 6605
f 6915 6914 6606
f 6607 6915 6606
f 6608 6916 6607
f 6916 6917 6607
f 6917 6918 6607
f 6918 6915 6607
f 6919 6916 6608
f 6920 6919 6608
f 6609 6920 6608
f 6610 6920 6609
f 6921 6920 6610
f 6922 6921 6610
f 6611 6922 6610
f 6612 6922 6611
f 6923 6922 6612
f 6924 6923 6612
f 6627 6924 6612
f 6617 6616 6613
f 6616 6925 6613
f 6925 6926 6613
f 6926 6891 6613
f 6618 6626 6614
f 6626 6927 6614
f 6927 6615 6614
f 6927 6616 6615
f 6927 6928 6616
f 6928 6925 6616
f 6929 6620 6619
f 6930 6929 6619
f 6621 6930 6619
f 6929 6931 6620
f 6931 6932 6620
f 6932 6623 6620
f 6933 6930 6621
f 6622 6933 6621
f 6914 6933 6622
f 6932 6934 6623
f 6934 6624 6623
f 6934 6935 6624
f 6935 6936 6624
f 6936 6625 6624
f 6936 6927 6625
f 6927 6626 6625
f 6937 6924 6627
f 6628 6937 6627
f 6629 6937 6628
f 6938 6937 6629
f 6939 6938 6629
f 6630 6939 6629
f 6633 6939 6630
f 6631 6633 6630
f 6632 6633 6631
f 6940 6939 6633
f 6941 6940 6633
f 6942 6941 6633
f 6634 6942 6633
f 6943 6942 6634
f 6635 6943 6634
f 6944 6943 6635
f 6636 6944 6635
f 6945 6944 6636
f 6946 6945 6636
f 6637 6946 6636
f 6638 6946 6637
f 6947 6946 6638
f 6948 6947 6638
f 6639 6948 6638
f 6640 6948 6639
f 6949 6948 6640
f 6641 6949 6640
f 6950 6949 6641
f 6642 6950 6641
f 6951 6950 6642
f 6643 6951 6642
f 6952 6951 6643
f 6644 6952 6643
f 6953 6952 6644
f 6645 6953 6644
f 6954 6953 6645
f 6646 6954 6645
f 6955 6954 6646
f 6647 6955 6646
f 6956 6955 6647
f 6957 6956 6647
f 6648 6957 6647
f 6649 6957 6648
f 6958 6957 6649
f 6650 6958 6649
f 6959 6958 6650
f 6960 6959 6650
f 6652 6960 6650
f 6651 6652 6650
f 6961 6960 6652
f 6962 6961 6652
f 6654 6962 6652
f 6653 6654 6652
f 6963 6962 6654
f 6964 6963 6654
f 6965 6964 6654
f 6966 6965 6654
f 6655 6966 6654
f 6657 6966 6655
f 6656 6657 6655
f 6967 6966 6657
f 6658 6967 6657
f 6968 6967 6658
f 6969 6968 6658
f 6970 6969 6658
f 6660 6970 6658
f 6659 6660 6658
f 6971 6970 6660
f 6972 6971 6660
f 6661 6972 6660
f 6973 6972 6661
f 6662 6973 6661
f 6974 6973 6662
f 6664 6974 6662
f 6663 6664 6662
f 6975 6974 6664
f 6976 6975 6664
f 6665 6976 6664
f 6977 6976 6665
f 6666 6977 6665
f 6668 6977 6666
f 6667 6668 6666
f 6978 6977 6668
f 6979 6978 6668
f 6670 6979 6668
f 6669 6670 6668
f 6671 6979 6670
f 6978 6979 6671
f 6980 6978 6671
f 6981 6980 6671
f 6672 6981 6671
f 6982 6981 6672
f 6674 6982 6672
f 6673 6674 6672
f 6983 6982 6674
f 6984 6983 6674
f 6675 6984 6674
f 6985 6984 6675
f 6986 6985 6675
f 6676 6986 6675
f 6678 6986 6676
f 6677 6678 6676
f 6987 6986 6678
f 6988 6987 6678
f 6680 6988 6678
f 6679 6680 6678
f 6989 6988 6680
f 6990 6989 6680
f 6681 6990 6680
f 6991 6990 6681
f 6682 6991 6681
f 6992 6991 6682
f 6683 6992 6682
f 6993 6992 6683
f 6685 6993 6683
f 6684 6685 6683
f 6994 6993 6685
f 6995 6994 6685
f 6687 6995 6685
f 6686 6687 6685
f 6996 6995 6687
f 6997 6996 6687
f 6688 6997 6687
f 6998 6997 6688
f 6690 6998 6688
f 6689 6690 6688
f 6999 6998 6690
f 7000 6999 6690
f 6691 7000 6690
f 7001 7000 6691
f 6692 7001 6691
f 7002 7001 6692
f 6693 7002 6692
f 7003 7002 6693
f 6694 7003 6693
f 7004 7003 6694
f 6695 7004 6694
f 7005 7004 6695
f 6696 7005 6695
f 7006 7005 6696
f 6697 7006 6696
f 7007 7006 6697
f 6698 7007 6697
f 7008 7007 6698
f 7009 7008 6698
f 6699 7009 6698
f 7010 7009 6699
f 6700 7010 6699
f 6701 7010 6700
f 7011 7010 6701
f 6702 7011 6701
f 7012 7011 6702
f 6703 7012 6702
f 7013 7012 6703
f 7014 7013 6703
f 6704 7014 6703
f 7015 7014 6704
f 6705 7015 6704
f 6706 7015 6705
f 7016 7015 6706
f 6707 7016 6706
f 7017 7016 6707
f 6709 7017 6707
f 6708 6709 6707
f 7018 7017 6709
f 7019 7018 6709
f 7020 7019 6709
f 6710 7020 6709
f 7021 7020 6710
f 6711 7021 6710
f 6851 7021 6711
f 6712 6851 6711
f 6913 7022 6713
f 7022 7023 6713
f 7023 7024 6713
f 7024 6714 6713
f 7024 7025 6714
f 7025 6716 6714
f 6716 6715 6714
f 7025 7026 6716
f 7026 7027 6716
f 7027 6717 6716
f 7027 7028 6717
f 7028 6718 6717
f 7028 7029 6718
f 7029 6720 6718
f 6720 6719 6718
f 7029 7030 6720
f 7030 7031 6720
f 7031 7032 6720
f 7032 6721 6720
f 7032 7033 6721
f 7033 6722 6721
f 7033 7034 6722
f 7034 6724 6722
f 6724 6723 6722
f 7034 7035 6724
f 7035 7036 6724
f 7036 6725 6724
f 7036 7037 6725
f 7037 6726 6725
f 7037 7038 6726
f 7038 6728 6726
f 6728 6727 6726
f 7038 7039 6728
f 7039 7040 6728
f 7040 6729 6728
f 7040 7041 6729
f 7041 6730 6729
f 7041 7042 6730
f 7042 6731 6730
f 7042 7043 6731
f 7043 6732 6731
f 7043 7044 6732
f 7044 6733 6732
f 7044 7045 6733
f 7045 7046 6733
f 7046 6734 6733
f 7046 6736 6734
f 6736 6735 6734
f 7046 7047 6736
f 7047 7048 6736
f 7048 6738 6736
f 6738 6737 6736
f 7048 7049 6738
f 7049 6739 6738
f 7049 7050 6739
f 7050 7051 6739
f 7051 7052 6739
f 7052 6740 6739
f 7052 6741 6740
f 7052 6742 6741
f 7052 7053 6742
f 7053 7054 6742
f 7054 7055 6742
f 7055 6743 6742
f 7055 7056 6743
f 7056 7057 6743
f 7057 6744 6743
f 7057 6747 6744
f 6747 6746 6744
f 6746 6745 6744
f 7057 7058 6747
f 7058 6748 6747
f 7058 7059 6748
f 7059 6749 6748
f 7059 7060 6749
f 7060 6750 6749
f 7060 7061 6750
f 7061 6751 6750
f 7061 7062 6751
f 7062 6752 6751
f 7062 7063 6752
f 7063 6753 6752
f 7063 7064 6753
f 7064 7065 6753
f 7065 6757 6753
f 6757 6754 6753
f 6757 6755 6754
f 7065 7066 6757
f 7066 6758 6757
f 7066 7067 6758
f 7067 6759 6758
f 7067 7068 6759
f 7068 7069 6759
f 7069 6760 6759
f 7069 6761 6760
f 7069 7068 6761
f 7068 7070 6761
f 7070 7071 6761
f 7071 6762 6761
f 7071 7072 6762
f 7072 6763 6762
f 7072 7073 6763
f 7073 7074 6763
f 7074 6765 6763
f 6765 6764 6763
f 7074 7075 6765
f 7075 7076 6765
f 7076 6766 6765
f 7076 7077 6766
f 7077 7078 6766
f 7078 6768 6766
f 6768 6767 6766
f 7078 7077 6768
f 7083 6772 6770
f 6772 6771 6770
f 7083 7084 6772
f 7084 6773 6772
f 7084 7085 6773
f 7085 7086 6773
f 7086 6774 6773
f 7086 7087 6774
f 7087 6775 6774
f 7087 6776 6775
f 7087 7088 6776
f 7088 6777 6776
f 7088 7089 6777
f 7089 6814 6777
f 6790 7090 6778
f 7090 7091 6778
f 7091 7092 6778
f 7092 6779 6778
f 7092 7093 6779
f 7093 7094 6779
f 7094 6780 6779
f 7094 6781 6780
f 7094 7095 6781
f 7095 7096 6781
f 7096 6782 6781
f 7096 6783 6782
f 7096 7097 6783
f 7097 6786 6783
f 6786 6784 6783
f 6786 6788 6785
f 7097 7098 6786
f 7098 7099 6786
f 7099 6788 6786
f 7100 6789 6787
f 7101 7100 6787
f 7099 7101 6787
f 6788 7099 6787
f 7102 6805 6789
f 7100 7102 6789
f 6794 7103 6790
f 7103 7090 6790
f 6813 6793 6791
f 6793 6792 6791
f 6813 7104 6793
f 7104 7103 6793
f 7103 6794 6793
f 7105 6850 6795
f 6796 7105 6795
f 7106 7105 6796
f 7107 7106 6796
f 7108 7107 6796
f 6797 7108 6796
f 6799 7108 6797
f 6798 6799 6797
f 7109 7108 6799
f 7110 7109 6799
f 7111 7110 6799
f 7112 7111 6799
f 6800 7112 6799
f 7113 7112 6800
f 6801 7113 6800
f 7114 7113 6801
f 7115 7114 6801
f 6802 7115 6801
f 6803 7115 6802
f 7116 7115 6803
f 6805 7116 6803
f 6804 6805 6803
f 7117 7116 6805
f 7102 7117 6805
f 6203 6806 6498
f 7119 7118 6806
f 7118 7120 6806
f 7120 6807 6806
f 7120 7121 6807
f 7121 7122 6807
f 7122 7123 6807
f 7123 6809 6807
f 6809 6808 6807
f 7123 7124 6809
f 7124 7125 6809
f 7125 7126 6809
f 7126 7127 6809
f 7127 6810 6809
f 7127 7128 6810
f 7128 6812 6810
f 6812 6811 6810
f 7128 7104 6812
f 7104 6813 6812
f 7089 7129 6814
f 7129 7130 6814
f 7130 6816 6814
f 6816 6815 6814
f 7130 7131 6816
f 7131 6817 6816
f 7131 7132 6817
f 7132 7133 6817
f 7133 6818 6817
f 7133 6819 6818
f 7133 7134 6819
f 7134 6848 6819
f 7135 6884 6820
f 7136 7135 6820
f 7137 7136 6820
f 7138 7137 6820
f 6821 7138 6820
f 6822 7138 6821
f 7139 7138 6822
f 6823 7139 6822
f 7140 7139 6823
f 7141 7140 6823
f 6824 7141 6823
f 6825 7141 6824
f 7142 7141 6825
f 6826 7142 6825
f 7143 7142 6826
f 6827 7143 6826
f 7144 7143 6827
f 6828 7144 6827
f 7145 7144 6828
f 7146 7145 6828
f 6829 7146 6828
f 7147 7146 6829
f 6830 7147 6829
f 7148 7147 6830
f 7149 7148 6830
f 6831 7149 6830
f 6833 7149 6831
f 6832 6833 6831
f 6834 6837 6833
f 6837 7150 6833
f 7150 7149 6833
f 6839 7151 6835
f 7151 7152 6835
f 7152 6836 6835
f 7152 6837 6836
f 7152 7153 6837
f 7153 7150 6837
f 6843 6839 6838
f 6843 7154 6839
f 7154 7153 6839
f 7153 7151 6839
f 6847 7155 6840
f 7155 7154 6840
f 7154 6841 6840
f 7154 6842 6841
f 7154 6843 6842
f 6848 7156 6844
f 7156 7157 6844
f 7157 6846 6844
f 6846 6845 6844
f 7157 7158 6846
f 7158 7159 6846
f 7159 7160 6846
f 7160 6847 6846
f 7160 7161 6847
f 7161 7162 6847
f 7162 7155 6847
f 7134 7163 6848
f 7163 7164 6848
f 7164 7156 6848
f 7105 6886 6849
f 6850 7105 6849
f 7165 7021 6851
f 7166 7165 6851
f 7167 7166 6851
f 6852 7167 6851
f 7168 7167 6852
f 6853 7168 6852
f 7169 7168 6853
f 6854 7169 6853
f 6856 7169 6854
f 6855 6856 6854
f 7170 7169 6856
f 7171 7170 6856
f 7172 7171 6856
f 6857 7172 6856
f 6859 7172 6857
f 6858 6859 6857
f 7173 7172 6859
f 7174 7173 6859
f 7175 7174 6859
f 6860 7175 6859
f 7176 7175 6860
f 6861 7176 6860
f 6863 7176 6861
f 6862 6863 6861
f 7177 7176 6863
f 7178 7177 6863
f 7179 7178 6863
f 6864 7179 6863
f 7180 7179 6864
f 6865 7180 6864
f 7181 7180 6865
f 6869 7185 6866
f 7185 6867 6866
f 7185 7186 6867
f 7186 7187 6867
f 7187 7182 6867
f 6873 7188 6868
f 7188 7189 6868
f 7189 7185 6868
f 7185 6869 6868
f 7190 6871 6870
f 6875 7190 6870
f 6874 6875 6870
f 7190 7191 6871
f 7191 7192 6871
f 7192 7193 6871
f 7193 7194 6871
f 7194 7195 6871
f 7195 6872 6871
f 7195 7196 6872
f 7196 7197 6872
f 7197 7188 6872
f 7188 6873 6872
f 7198 7190 6875
f 6878 7198 6875
f 6876 6878 6875
f 6877 6878 6876
f 7199 7198 6878
f 7200 7199 6878
f 6879 7200 6878
f 6881 7200 6879
f 6880 6881 6879
f 7201 7200 6881
f 7202 7201 6881
f 7203 7202 6881
f 6882 7203 6881
f 7204 7203 6882
f 7135 7204 6882
f 6883 7135 6882
f 6884 7135 6883
f 7205 6572 6885
f 7206 7205 6885
f 7105 7206 6885
f 6886 7105 6885
f 6897 7207 6887
f 7207 6890 6887
f 6890 6889 6887
f 6889 6888 6887
f 7207 7208 6890
f 7208 7209 6890
f 7209 6898 6890
f 6926 7210 6891
f 7210 7211 6891
f 7211 7212 6891
f 7212 7213 6891
f 7213 7214 6891
f 7214 6892 6891
f 7214 7215 6892
f 7215 6893 6892
f 7215 6896 6893
f 6896 6894 6893
f 7215 7216 6896
f 7216 7217 6896
f 7217 6897 6896
f 7217 7218 6897
f 7218 7219 6897
f 7219 7220 6897
f 7220 7207 6897
f 7209 6900 6898
f 6900 6899 6898
f 7209 7221 6900
f 7221 7222 6900
f 7222 6902 6900
f 6902 6901 6900
f 7222 7223 6902
f 7223 6903 6902
f 7223 7224 6903
f 7224 6904 6903
f 7224 6905 6904
f 7224 7225 6905
f 7225 7226 6905
f 7226 7227 6905
f 7227 7228 6905
f 7228 6906 6905
f 7228 6908 6906
f 6908 6907 6906
f 7228 7229 6908
f 7229 7230 6908
f 7230 7231 6908
f 7231 6910 6908
f 6910 6909 6908
f 7231 6911 6910
f 7231 7232 6911
f 7232 7233 6911
f 7233 7022 6911
f 7022 6913 6911
f 6915 7234 6914
f 7234 7235 6914
f 7235 6933 6914
f 6918 7236 6915
f 7236 7237 6915
f 7237 7234 6915
f 7238 6917 6916
f 7239 7238 6916
f 7240 7239 6916
f 7241 7240 6916
f 6919 7241 6916
f 7242 6918 6917
f 7238 7242 6917
f 7242 7243 6918
f 7243 7236 6918
f 6920 7241 6919
f 7244 7241 6920
f 6921 7244 6920
f 7245 7244 6921
f 6922 7245 6921
f 7246 7245 6922
f 6923 7246 6922
f 7247 7246 6923
f 7248 7247 6923
f 6924 7248 6923
f 6937 7248 6924
f 6928 7210 6925
f 7210 6926 6925
f 6936 7249 6927
f 7249 7250 6927
f 7250 6928 6927
f 7250 7251 6928
f 7251 7211 6928
f 7211 7210 6928
f 6930 7252 6929
f 7252 7253 6929
f 7253 6931 6929
f 6933 7254 6930
f 7254 7255 6930
f 7255 7252 6930
f 7253 6932 6931
f 7253 7256 6932
f 7256 6934 6932
f 7235 7254 6933
f 7256 7257 6934
f 7257 7258 6934
f 7258 7259 6934
f 7259 7249 6934
f 7249 6935 6934
f 7249 6936 6935
f 7260 7248 6937
f 6940 7260 6937
f 6938 6940 6937
f 6939 6940 6938
f 7261 7260 6940
f 7262 7261 6940
f 7263 7262 6940
f 7264 7263 6940
f 6941 7264 6940
f 7265 7264 6941
f 6942 7265 6941
f 6943 7265 6942
f 7266 7265 6943
f 7267 7266 6943
f 6944 7267 6943
f 6945 7267 6944
f 7268 7267 6945
f 6946 7268 6945
f 7269 7268 6946
f 7270 7269 6946
f 6947 7270 6946
f 7271 7270 6947
f 6948 7271 6947
f 6949 7271 6948
f 7272 7271 6949
f 6950 7272 6949
f 7273 7272 6950
f 7274 7273 6950
f 6951 7274 6950
f 7275 7274 6951
f 6952 7275 6951
f 6953 7275 6952
f 7276 7275 6953
f 6954 7276 6953
f 7277 7276 6954
f 6955 7277 6954
f 7278 7277 6955
f 7279 7278 6955
f 6956 7279 6955
f 6957 7279 6956
f 7280 7279 6957
f 6958 7280 6957
f 7281 7280 6958
f 7282 7281 6958
f 6959 7282 6958
f 7283 7282 6959
f 6961 7283 6959
f 6960 6961 6959
f 7284 7283 6961
f 7285 7284 6961
f 6963 7285 6961
f 6962 6963 6961
f 7286 7285 6963
f 7287 7286 6963
f 7288 7287 6963
f 6964 7288 6963
f 7289 7288 6964
f 6967 7289 6964
f 6965 6967 6964
f 6966 6967 6965
f 7290 7289 6967
f 6968 7290 6967
f 7291 7290 6968
f 7292 7291 6968
f 7293 7292 6968
f 7294 7293 6968
f 6969 7294 6968
f 6971 7294 6969
f 6970 6971 6969
f 7295 7294 6971
f 7296 7295 6971
f 6973 7296 6971
f 6972 6973 6971
f 7297 7296 6973
f 7298 7297 6973
f 6974 7298 6973
f 7299 7298 6974
f 7300 7299 6974
f 6975 7300 6974
f 7301 7300 6975
f 7302 7301 6975
f 6976 7302 6975
f 6978 7302 6976
f 6977 6978 6976
f 7303 7302 6978
f 7304 7303 6978
f 6980 7304 6978
f 7305 7304 6980
f 6981 7305 6980
f 7306 7305 6981
f 6983 7306 6981
f 6982 6983 6981
f 7307 7306 6983
f 7308 7307 6983
f 6984 7308 6983
f 7309 7308 6984
f 6985 7309 6984
f 7310 7309 6985
f 6987 7310 6985
f 6986 6987 6985
f 7311 7310 6987
f 7312 7311 6987
f 6989 7312 6987
f 6988 6989 6987
f 7313 7312 6989
f 7314 7313 6989
f 6990 7314 6989
f 7315 7314 6990
f 6991 7315 6990
f 7316 7315 6991
f 6992 7316 6991
f 7317 7316 6992
f 6994 7317 6992
f 6993 6994 6992
f 7318 7317 6994
f 7319 7318 6994
f 6996 7319 6994
f 6995 6996 6994
f 7320 7319 6996
f 7321 7320 6996
f 6997 7321 6996
f 7322 7321 6997
f 6999 7322 6997
f 6998 6999 6997
f 7323 7322 6999
f 7324 7323 6999
f 7000 7324 6999
f 7325 7324 7000
f 7001 7325 7000
f 7326 7325 7001
f 7002 7326 7001
f 7327 7326 7002
f 7003 7327 7002
f 7328 7327 7003
f 7004 7328 7003
f 7329 7328 7004
f 7005 7329 7004
f 7330 7329 7005
f 7006 7330 7005
f 7331 7330 7006
f 7007 7331 7006
f 7332 7331 7007
f 7008 7332 7007
f 7333 7332 7008
f 7009 7333 7008
f 7334 7333 7009
f 7011 7334 7009
f 7010 7011 7009
f 7335 7334 7011
f 7336 7335 7011
f 7013 7336 7011
f 7012 7013 7011
f 7337 7336 7013
f 7338 7337 7013
f 7339 7338 7013
f 7014 7339 7013
f 7016 7339 7014
f 7015 7016 7014
f 7340 7339 7016
f 7341 7340 7016
f 7018 7341 7016
f 7017 7018 7016
f 7342 7341 7018
f 7343 7342 7018
f 7344 7343 7018
f 7019 7344 7018
f 7345 7344 7019
f 7020 7345 7019
f 7165 7345 7020
f 7021 7165 7020
f 7233 7023 7022
f 7233 7346 7023
f 7346 7024 7023
f 7346 7347 7024
f 7347 7348 7024
f 7348 7026 7024
f 7026 7025 7024
f 7348 7349 7026
f 7349 7027 7026
f 7349 7350 7027
f 7350 7351 7027
f 7351 7352 7027
f 7352 7028 7027
f 7352 7030 7028
f 7030 7029 7028
f 7352 7353 7030
f 7353 7354 7030
f 7354 7355 7030
f 7355 7031 7030
f 7355 7356 7031
f 7356 7032 7031
f 7356 7357 7032
f 7357 7358 7032
f 7358 7033 7032
f 7358 7034 7033
f 7358 7359 7034
f 7359 7035 7034
f 7359 7360 7035
f 7360 7361 7035
f 7361 7036 7035
f 7361 7038 7036
f 7038 7037 7036
f 7361 7362 7038
f 7362 7363 7038
f 7363 7039 7038
f 7363 7364 7039
f 7364 7040 7039
f 7364 7365 7040
f 7365 7041 7040
f 7365 7366 7041
f 7366 7042 7041
f 7366 7367 7042
f 7367 7043 7042
f 7367 7368 7043
f 7368 7044 7043
f 7368 7369 7044
f 7369 7045 7044
f 7369 7370 7045
f 7370 7047 7045
f 7047 7046 7045
f 7370 7371 7047
f 7371 7049 7047
f 7049 7048 7047
f 7371 7372 7049
f 7372 7373 7049
f 7373 7374 7049
f 7374 7050 7049
f 7374 7375 7050
f 7375 7053 7050
f 7053 7051 7050
f 7053 7052 7051
f 7375 7376 7053
f 7376 7377 7053
f 7377 7378 7053
f 7378 7379 7053
f 7379 7054 7053
f 7379 7055 7054
f 7379 7380 7055
f 7380 7056 7055
f 7380 7381 7056
f 7381 7382 7056
f 7382 7057 7056
f 7382 7383 7057
f 7383 7058 7057
f 7383 7384 7058
f 7384 7385 7058
f 7385 7059 7058
f 7385 7386 7059
f 7386 7060 7059
f 7386 7062 7060
f 7062 7061 7060
f 7386 7387 7062
f 7387 7388 7062
f 7388 7063 7062
f 7388 7389 7063
f 7389 7064 7063
f 7389 7390 7064
f 7390 7391 7064
f 7391 7066 7064
f 7066 7065 7064
f 7391 7392 7066
f 7392 7068 7066
f 7068 7067 7066
f 7392 7393 7068
f 7393 7394 7068
f 7394 7395 7068
f 7395 7070 7068
f 7395 7396 7070
f 7396 7071 7070
f 7396 7397 7071
f 7397 7072 7071
f 7397 7398 7072
f 7398 7073 7072
f 7398 7399 7073
f 7399 7076 7073
f 7076 7075 7073
f 7075 7074 7073
f 7399 7400 7076
f 7400 7401 7076
f 7401 7077 7076
f 7401 7402 7077
f 7402 7079 7077
f 7402 7403 7079
f 7403 7081 7079
f 7081 7080 7079
f 7404 7082 7081
f 7405 7404 7081
f 7403 7405 7081
f 7404 7406 7082
f 7406 7407 7082
f 7409 7410 7084
f 7410 7085 7084
f 7410 7411 7085
f 7411 7086 7085
f 7411 7087 7086
f 7411 7412 7087
f 7412 7088 7087
f 7412 7413 7088
f 7413 7414 7088
f 7414 7089 7088
f 7414 7129 7089
f 7103 7415 7090
f 7415 7416 7090
f 7416 7091 7090
f 7416 7417 7091
f 7417 7418 7091
f 7418 7092 7091
f 7418 7093 7092
f 7418 7094 7093
f 7418 7419 7094
f 7419 7097 7094
f 7097 7095 7094
f 7097 7096 7095
f 7419 7420 7097
f 7420 7421 7097
f 7421 7422 7097
f 7422 7423 7097
f 7423 7098 7097
f 7423 7424 7098
f 7424 7425 7098
f 7425 7099 7098
f 7425 7426 7099
f 7426 7100 7099
f 7100 7101 7099
f 7427 7102 7100
f 7425 7427 7100
f 7426 7425 7100
f 7428 7117 7102
f 7429 7428 7102
f 7430 7429 7102
f 7425 7430 7102
f 7427 7425 7102
f 7104 7431 7103
f 7431 7415 7103
f 7128 7431 7104
f 7432 7206 7105
f 7106 7432 7105
f 7433 7432 7106
f 7109 7433 7106
f 7107 7109 7106
f 7108 7109 7107
f 7434 7433 7109
f 7435 7434 7109
f 7436 7435 7109
f 7110 7436 7109
f 7437 7436 7110
f 7111 7437 7110
f 7438 7437 7111
f 7112 7438 7111
f 7113 7438 7112
f 7439 7438 7113
f 7440 7439 7113
f 7441 7440 7113
f 7114 7441 7113
f 7115 7441 7114
f 7117 7441 7115
f 7116 7117 7115
f 7428 7441 7117
f 7119 7442 7118
f 7442 7443 7118
f 7443 7444 7118
f 7444 7122 7118
f 7122 7121 7118
f 7121 7120 7118
f 7444 7445 7122
f 7445 7446 7122
f 7446 7125 7122
f 7125 7124 7122
f 7124 7123 7122
f 7446 7447 7125
f 7447 7448 7125
f 7448 7449 7125
f 7449 7126 7125
f 7449 7450 7126
f 7450 7127 7126
f 7450 7431 7127
f 7431 7128 7127
f 7414 7451 7129
f 7451 7452 7129
f 7452 7131 7129
f 7131 7130 7129
f 7452 7453 7131
f 7453 7132 7131
f 7453 7454 7132
f 7454 7134 7132
f 7134 7133 7132
f 7454 7455 7134
f 7455 7456 7134
f 7456 7457 7134
f 7457 7163 7134
f 7458 7204 7135
f 7459 7458 7135
f 7460 7459 7135
f 7136 7460 7135
f 7461 7460 7136
f 7137 7461 7136
f 7462 7461 7137
f 7138 7462 7137
f 7463 7462 7138
f 7139 7463 7138
f 7464 7463 7139
f 7140 7464 7139
f 7465 7464 7140
f 7141 7465 7140
f 7466 7465 7141
f 7142 7466 7141
f 7467 7466 7142
f 7468 7467 7142
f 7143 7468 7142
f 7144 7468 7143
f 7469 7468 7144
f 7470 7469 7144
f 7145 7470 7144
f 7471 7470 7145
f 7146 7471 7145
f 7147 7472 7146
f 7472 7471 7146
f 7148 7150 7147
f 7150 7473 7147
f 7473 7474 7147
f 7474 7472 7147
f 7149 7150 7148
f 7153 7475 7150
f 7475 7473 7150
f 7153 7152 7151
f 7154 7476 7153
f 7476 7477 7153
f 7477 7475 7153
f 7155 7162 7154
f 7162 7478 7154
f 7478 7476 7154
f 7164 7158 7156
f 7158 7157 7156
f 7164 7479 7158
f 7479 7480 7158
f 7480 7160 7158
f 7160 7159 7158
f 7480 7481 7160
f 7481 7482 7160
f 7482 7161 7160
f 7482 7483 7161
f 7483 7478 7161
f 7478 7162 7161
f 7457 7484 7163
f 7484 7164 7163
f 7484 7485 7164
f 7485 7479 7164
f 7486 7345 7165
f 7487 7486 7165
f 7488 7487 7165
f 7166 7488 7165
f 7489 7488 7166
f 7167 7489 7166
f 7490 7489 7167
f 7168 7490 7167
f 7169 7490 7168
f 7491 7490 7169
f 7170 7491 7169
f 7492 7491 7170
f 7171 7492 7170
f 7493 7492 7171
f 7173 7493 7171
f 7172 7173 7171
f 7494 7493 7173
f 7495 7494 7173
f 7496 7495 7173
f 7174 7496 7173
f 7497 7496 7174
f 7175 7497 7174
f 7177 7497 7175
f 7176 7177 7175
f 7498 7497 7177
f 7499 7498 7177
f 7500 7499 7177
f 7178 7500 7177
f 7501 7500 7178
f 7179 7501 7178
f 7180 7501 7179
f 7502 7501 7180
f 7503 7502 7180
f 7181 7503 7180
f 7504 7503 7181
f 7187 7508 7182
f 7508 7183 7182
f 7508 7509 7183
f 7509 7510 7183
f 7510 7184 7183
f 7189 7511 7185
f 7511 7512 7185
f 7512 7513 7185
f 7513 7514 7185
f 7514 7186 7185
f 7514 7515 7186
f 7515 7187 7186
f 7515 7516 7187
f 7516 7508 7187
f 7197 7517 7188
f 7517 7518 7188
f 7518 7511 7188
f 7511 7189 7188
f 7519 7191 7190
f 7199 7519 7190
f 7198 7199 7190
f 7520 7192 7191
f 7521 7520 7191
f 7519 7521 7191
f 7520 7522 7192
f 7522 7523 7192
f 7523 7524 7192
f 7524 7525 7192
f 7525 7193 7192
f 7525 7526 7193
f 7526 7195 7193
f 7195 7194 7193
f 7526 7527 7195
f 7527 7528 7195
f 7528 7196 7195
f 7528 7529 7196
f 7529 7517 7196
f 7517 7197 7196
f 7521 7519 7199
f 7201 7521 7199
f 7200 7201 7199
f 7530 7521 7201
f 7531 7530 7201
f 7532 7531 7201
f 7202 7532 7201
f 7533 7532 7202
f 7203 7533 7202
f 7458 7533 7203
f 7204 7458 7203
f 7535 7534 6572
f 7536 7535 6572
f 7205 7536 6572
f 7432 7536 7205
f 7206 7432 7205
f 7220 7537 7207
f 7537 7208 7207
f 7537 7538 7208
f 7538 7221 7208
f 7221 7209 7208
f 7251 7539 7211
f 7539 7212 7211
f 7539 7540 7212
f 7540 7541 7212
f 7541 7542 7212
f 7542 7213 7212
f 7542 7543 7213
f 7543 7216 7213
f 7216 7215 7213
f 7215 7214 7213
f 7543 7544 7216
f 7544 7217 7216
f 7544 7218 7217
f 7544 7543 7218
f 7543 7545 7218
f 7545 7546 7218
f 7546 7547 7218
f 7547 7537 7218
f 7537 7219 7218
f 7537 7220 7219
f 7538 7548 7221
f 7548 7549 7221
f 7549 7223 7221
f 7223 7222 7221
f 7549 7550 7223
f 7550 7224 7223
f 7550 7551 7224
f 7551 7225 7224
f 7551 7552 7225
f 7552 7553 7225
f 7553 7554 7225
f 7554 7226 7225
f 7554 7229 7226
f 7229 7228 7226
f 7228 7227 7226
f 7554 7555 7229
f 7555 7556 7229
f 7556 7557 7229
f 7557 7558 7229
f 7558 7230 7229
f 7558 7232 7230
f 7232 7231 7230
f 7558 7557 7232
f 7557 7559 7232
f 7559 7233 7232
f 7559 7347 7233
f 7347 7346 7233
f 7237 7235 7234
f 7237 7560 7235
f 7560 7561 7235
f 7561 7255 7235
f 7255 7254 7235
f 7243 7562 7236
f 7562 7237 7236
f 7562 7563 7237
f 7563 7560 7237
f 7564 7242 7238
f 7565 7564 7238
f 7566 7565 7238
f 7567 7566 7238
f 7239 7567 7238
f 7240 7567 7239
f 7568 7567 7240
f 7569 7568 7240
f 7241 7569 7240
f 7570 7569 7241
f 7244 7570 7241
f 7564 7571 7242
f 7571 7572 7242
f 7572 7243 7242
f 7572 7573 7243
f 7573 7562 7243
f 7574 7570 7244
f 7245 7574 7244
f 7575 7574 7245
f 7246 7575 7245
f 7576 7575 7246
f 7247 7576 7246
f 7577 7576 7247
f 7248 7577 7247
f 7261 7577 7248
f 7260 7261 7248
f 7259 7578 7249
f 7578 7579 7249
f 7579 7250 7249
f 7579 7580 7250
f 7580 7581 7250
f 7581 7251 7250
f 7581 7582 7251
f 7582 7583 7251
f 7583 7540 7251
f 7540 7539 7251
f 7255 7253 7252
f 7255 7584 7253
f 7584 7256 7253
f 7561 7585 7255
f 7585 7584 7255
f 7584 7586 7256
f 7586 7257 7256
f 7586 7587 7257
f 7587 7588 7257
f 7588 7589 7257
f 7589 7258 7257
f 7589 7578 7258
f 7578 7259 7258
f 7590 7577 7261
f 7591 7590 7261
f 7592 7591 7261
f 7593 7592 7261
f 7262 7593 7261
f 7263 7593 7262
f 7594 7593 7263
f 7264 7594 7263
f 7265 7594 7264
f 7595 7594 7265
f 7266 7595 7265
f 7596 7595 7266
f 7267 7596 7266
f 7597 7596 7267
f 7598 7597 7267
f 7268 7598 7267
f 7269 7598 7268
f 7599 7598 7269
f 7600 7599 7269
f 7270 7600 7269
f 7271 7600 7270
f 7601 7600 7271
f 7602 7601 7271
f 7272 7602 7271
f 7273 7602 7272
f 7603 7602 7273
f 7274 7603 7273
f 7604 7603 7274
f 7275 7604 7274
f 7605 7604 7275
f 7276 7605 7275
f 7606 7605 7276
f 7277 7606 7276
f 7607 7606 7277
f 7608 7607 7277
f 7278 7608 7277
f 7279 7608 7278
f 7609 7608 7279
f 7610 7609 7279
f 7280 7610 7279
f 7281 7610 7280
f 7611 7610 7281
f 7282 7611 7281
f 7612 7611 7282
f 7613 7612 7282
f 7614 7613 7282
f 7284 7614 7282
f 7283 7284 7282
f 7615 7614 7284
f 7616 7615 7284
f 7286 7616 7284
f 7285 7286 7284
f 7617 7616 7286
f 7618 7617 7286
f 7619 7618 7286
f 7620 7619 7286
f 7287 7620 7286
f 7290 7620 7287
f 7288 7290 7287
f 7289 7290 7288
f 7621 7620 7290
f 7291 7621 7290
f 7622 7621 7291
f 7623 7622 7291
f 7624 7623 7291
f 7292 7624 7291
f 7625 7624 7292
f 7626 7625 7292
f 7293 7626 7292
f 7295 7626 7293
f 7294 7295 7293
f 7627 7626 7295
f 7628 7627 7295
f 7297 7628 7295
f 7296 7297 7295
f 7629 7628 7297
f 7630 7629 7297
f 7299 7630 7297
f 7298 7299 7297
f 7631 7630 7299
f 7300 7631 7299
f 7632 7631 7300
f 7301 7632 7300
f 7633 7632 7301
f 7634 7633 7301
f 7303 7634 7301
f 7302 7303 7301
f 7635 7634 7303
f 7636 7635 7303
f 7304 7636 7303
f 7637 7636 7304
f 7305 7637 7304
f 7638 7637 7305
f 7307 7638 7305
f 7306 7307 7305
f 7639 7638 7307
f 7640 7639 7307
f 7641 7640 7307
f 7308 7641 7307
f 7309 7641 7308
f 7642 7641 7309
f 7311 7642 7309
f 7310 7311 7309
f 7643 7642 7311
f 7644 7643 7311
f 7313 7644 7311
f 7312 7313 7311
f 7645 7644 7313
f 7646 7645 7313
f 7314 7646 7313
f 7647 7646 7314
f 7315 7647 7314
f 7648 7647 7315
f 7316 7648 7315
f 7649 7648 7316
f 7318 7649 7316
f 7317 7318 7316
f 7650 7649 7318
f 7651 7650 7318
f 7320 7651 7318
f 7319 7320 7318
f 7652 7651 7320
f 7653 7652 7320
f 7321 7653 7320
f 7654 7653 7321
f 7323 7654 7321
f 7322 7323 7321
f 7655 7654 7323
f 7656 7655 7323
f 7324 7656 7323
f 7657 7656 7324
f 7325 7657 7324
f 7658 7657 7325
f 7326 7658 7325
f 7659 7658 7326
f 7327 7659 7326
f 7660 7659 7327
f 7328 7660 7327
f 7661 7660 7328
f 7329 7661 7328
f 7662 7661 7329
f 7330 7662 7329
f 7663 7662 7330
f 7331 7663 7330
f 7664 7663 7331
f 7332 7664 7331
f 7665 7664 7332
f 7666 7665 7332
f 7333 7666 7332
f 7335 7666 7333
f 7334 7335 7333
f 7667 7666 7335
f 7668 7667 7335
f 7337 7668 7335
f 7336 7337 7335
f 7669 7668 7337
f 7670 7669 7337
f 7671 7670 7337
f 7338 7671 7337
f 7340 7671 7338
f 7339 7340 7338
f 7672 7671 7340
f 7673 7672 7340
f 7342 7673 7340
f 7341 7342 7340
f 7674 7673 7342
f 7675 7674 7342
f 7676 7675 7342
f 7343 7676 7342
f 7677 7676 7343
f 7344 7677 7343
f 7486 7677 7344
f 7345 7486 7344
f 7559 7678 7347
f 7678 7679 7347
f 7679 7349 7347
f 7349 7348 7347
f 7679 7680 7349
f 7680 7681 7349
f 7681 7350 7349
f 7681 7682 7350
f 7682 7683 7350
f 7683 7351 7350
f 7683 7353 7351
f 7353 7352 7351
f 7683 7684 7353
f 7684 7685 7353
f 7685 7686 7353
f 7686 7354 7353
f 7686 7687 7354
f 7687 7356 7354
f 7356 7355 7354
f 7687 7688 7356
f 7688 7689 7356
f 7689 7690 7356
f 7690 7691 7356
f 7691 7692 7356
f 7692 7357 7356
f 7692 7358 7357
f 7692 7693 7358
f 7693 7360 7358
f 7360 7359 7358
f 7693 7694 7360
f 7694 7695 7360
f 7695 7361 7360
f 7695 7696 7361
f 7696 7362 7361
f 7696 7697 7362
f 7697 7363 7362
f 7697 7698 7363
f 7698 7364 7363
f 7698 7699 7364
f 7699 7365 7364
f 7699 7700 7365
f 7700 7366 7365
f 7700 7701 7366
f 7701 7367 7366
f 7701 7702 7367
f 7702 7368 7367
f 7702 7703 7368
f 7703 7369 7368
f 7703 7704 7369
f 7704 7371 7369
f 7371 7370 7369
f 7704 7705 7371
f 7705 7372 7371
f 7705 7706 7372
f 7706 7707 7372
f 7707 7373 7372
f 7707 7708 7373
f 7708 7374 7373
f 7708 7376 7374
f 7376 7375 7374
f 7708 7709 7376
f 7709 7710 7376
f 7710 7711 7376
f 7711 7377 7376
f 7711 7712 7377
f 7712 7378 7377
f 7712 7713 7378
f 7713 7380 7378
f 7380 7379 7378
f 7713 7714 7380
f 7714 7715 7380
f 7715 7381 7380
f 7715 7716 7381
f 7716 7383 7381
f 7383 7382 7381
f 7716 7717 7383
f 7717 7384 7383
f 7717 7718 7384
f 7718 7719 7384
f 7719 7385 7384
f 7719 7387 7385
f 7387 7386 7385
f 7719 7720 7387
f 7720 7721 7387
f 7721 7388 7387
f 7721 7722 7388
f 7722 7389 7388
f 7722 7723 7389
f 7723 7724 7389
f 7724 7390 7389
f 7724 7392 7390
f 7392 7391 7390
f 7724 7393 7392
f 7724 7725 7393
f 7725 7726 7393
f 7726 7394 7393
f 7726 7727 7394
f 7727 7395 7394
f 7727 7728 7395
f 7728 7396 7395
f 7728 7729 7396
f 7729 7730 7396
f 7730 7398 7396
f 7398 7397 7396
f 7730 7731 7398
f 7731 7732 7398
f 7732 7399 7398
f 7732 7733 7399
f 7733 7400 7399
f 7733 7402 7400
f 7402 7401 7400
f 7733 7734 7402
f 7734 7403 7402
f 7734 7735 7403
f 7735 7736 7403
f 7736 7405 7403
f 7405 7737 7404
f 7737 7738 7404
f 7738 7739 7404
f 7739 7406 7404
f 7736 7737 7405
f 7408 7407 7406
f 7742 7743 7409
f 7743 7744 7409
f 7744 7410 7409
f 7744 7745 7410
f 7745 7411 7410
f 7745 7746 7411
f 7746 7412 7411
f 7746 7514 7412
f 7514 7413 7412
f 7514 7513 7413
f 7513 7414 7413
f 7513 7747 7414
f 7747 7451 7414
f 7431 7450 7415
f 7450 7748 7415
f 7748 7749 7415
f 7749 7416 7415
f 7749 7750 7416
f 7750 7417 7416
f 7750 7751 7417
f 7751 7418 7417
f 7751 7420 7418
f 7420 7419 7418
f 7751 7752 7420
f 7752 7753 7420
f 7753 7421 7420
f 7753 7754 7421
f 7754 7755 7421
f 7755 7756 7421
f 7756 7422 7421
f 7756 7423 7422
f 7756 7757 7423
f 7757 7424 7423
f 7757 7758 7424
f 7758 7425 7424
f 7759 7430 7425
f 7758 7759 7425
f 7440 7441 7428
f 7760 7440 7428
f 7761 7760 7428
f 7762 7761 7428
f 7763 7762 7428
f 7429 7763 7428
f 7759 7763 7429
f 7430 7759 7429
f 7764 7536 7432
f 7434 7764 7432
f 7433 7434 7432
f 7765 7764 7434
f 7766 7765 7434
f 7767 7766 7434
f 7768 7767 7434
f 7435 7768 7434
f 7436 7768 7435
f 7769 7768 7436
f 7770 7769 7436
f 7437 7770 7436
f 7438 7770 7437
f 7771 7770 7438
f 7760 7771 7438
f 7439 7760 7438
f 7440 7760 7439
f 7119 7772 7442
f 7772 7773 7442
f 7773 7774 7442
f 7774 7775 7442
f 7775 7443 7442
f 7775 7776 7443
f 7776 7777 7443
f 7777 7445 7443
f 7445 7444 7443
f 7777 7778 7445
f 7778 7447 7445
f 7447 7446 7445
f 7778 7779 7447
f 7779 7780 7447
f 7780 7781 7447
f 7781 7448 7447
f 7781 7782 7448
f 7782 7449 7448
f 7782 7748 7449
f 7748 7450 7449
f 7747 7783 7451
f 7783 7784 7451
f 7784 7453 7451
f 7453 7452 7451
f 7784 7785 7453
f 7785 7786 7453
f 7786 7455 7453
f 7455 7454 7453
f 7786 7787 7455
f 7787 7788 7455
f 7788 7456 7455
f 7788 7789 7456
f 7789 7790 7456
f 7790 7791 7456
f 7791 7484 7456
f 7484 7457 7456
f 7792 7533 7458
f 7793 7792 7458
f 7794 7793 7458
f 7459 7794 7458
f 7795 7794 7459
f 7460 7795 7459
f 7796 7795 7460
f 7461 7796 7460
f 7797 7796 7461
f 7462 7797 7461
f 7798 7797 7462
f 7463 7798 7462
f 7799 7798 7463
f 7464 7799 7463
f 7466 7799 7464
f 7465 7466 7464
f 7800 7799 7466
f 7801 7800 7466
f 7467 7801 7466
f 7802 7801 7467
f 7803 7802 7467
f 7468 7803 7467
f 7804 7803 7468
f 7469 7804 7468
f 7805 7804 7469
f 7470 7805 7469
f 7806 7805 7470
f 7471 7806 7470
f 7472 7807 7471
f 7807 7806 7471
f 7474 7807 7472
f 7475 7808 7473
f 7808 7474 7473
f 7808 7809 7474
f 7809 7807 7474
f 7477 7808 7475
f 7478 7810 7476
f 7810 7477 7476
f 7810 7809 7477
f 7809 7808 7477
f 7483 7811 7478
f 7811 7810 7478
f 7485 7812 7479
f 7812 7813 7479
f 7813 7481 7479
f 7481 7480 7479
f 7813 7814 7481
f 7814 7815 7481
f 7815 7811 7481
f 7811 7482 7481
f 7811 7483 7482
f 7791 7816 7484
f 7816 7485 7484
f 7816 7817 7485
f 7817 7818 7485
f 7818 7812 7485
f 7819 7677 7486
f 7820 7819 7486
f 7821 7820 7486
f 7487 7821 7486
f 7822 7821 7487
f 7488 7822 7487
f 7823 7822 7488
f 7489 7823 7488
f 7490 7823 7489
f 7824 7823 7490
f 7491 7824 7490
f 7825 7824 7491
f 7492 7825 7491
f 7826 7825 7492
f 7494 7826 7492
f 7493 7494 7492
f 7827 7826 7494
f 7828 7827 7494
f 7495 7828 7494
f 7829 7828 7495
f 7496 7829 7495
f 7498 7829 7496
f 7497 7498 7496
f 7830 7829 7498
f 7831 7830 7498
f 7499 7831 7498
f 7832 7831 7499
f 7500 7832 7499
f 7501 7832 7500
f 7833 7832 7501
f 7834 7833 7501
f 7502 7834 7501
f 7835 7834 7502
f 7503 7835 7502
f 7836 7835 7503
f 7837 7836 7503
f 7504 7837 7503
f 7838 7837 7504
f 7505 7838 7504
f 7506 7838 7505
f 7839 7838 7506
f 7507 7839 7506
f 7840 7839 7507
f 7841 7840 7507
f 7516 7743 7508
f 7743 7509 7508
f 7743 7742 7509
f 7518 7512 7511
f 7518 7783 7512
f 7783 7747 7512
f 7747 7513 7512
f 7746 7515 7514
f 7746 7745 7515
f 7745 7516 7515
f 7745 7744 7516
f 7744 7743 7516
f 7529 7842 7517
f 7842 7785 7517
f 7785 7784 7517
f 7784 7783 7517
f 7783 7518 7517
f 7843 7522 7520
f 7844 7843 7520
f 7845 7844 7520
f 7521 7845 7520
f 7844 7845 7521
f 7530 7844 7521
f 7843 7846 7522
f 7846 7847 7522
f 7847 7848 7522
f 7848 7849 7522
f 7849 7523 7522
f 7849 7850 7523
f 7850 7525 7523
f 7525 7524 7523
f 7850 7851 7525
f 7851 7852 7525
f 7852 7527 7525
f 7527 7526 7525
f 7852 7853 7527
f 7853 7528 7527
f 7853 7789 7528
f 7789 7854 7528
f 7854 7842 7528
f 7842 7529 7528
f 7855 7844 7530
f 7856 7855 7530
f 7531 7856 7530
f 7857 7856 7531
f 7532 7857 7531
f 7792 7857 7532
f 7533 7792 7532
f 7859 7858 7534
f 7536 7859 7534
f 7535 7536 7534
f 7765 7859 7536
f 7764 7765 7536
f 7547 7860 7537
f 7860 7538 7537
f 7860 7861 7538
f 7861 7548 7538
f 7583 7862 7540
f 7862 7863 7540
f 7863 7541 7540
f 7863 7542 7541
f 7863 7864 7542
f 7864 7865 7542
f 7865 7545 7542
f 7545 7543 7542
f 7865 7866 7545
f 7866 7867 7545
f 7867 7546 7545
f 7867 7868 7546
f 7868 7860 7546
f 7860 7547 7546
f 7861 7860 7548
f 7860 7869 7548
f 7869 7870 7548
f 7870 7550 7548
f 7550 7549 7548
f 7870 7871 7550
f 7871 7872 7550
f 7872 7551 7550
f 7872 7873 7551
f 7873 7552 7551
f 7873 7874 7552
f 7874 7875 7552
f 7875 7553 7552
f 7875 7555 7553
f 7555 7554 7553
f 7875 7876 7555
f 7876 7877 7555
f 7877 7878 7555
f 7878 7556 7555
f 7878 7879 7556
f 7879 7880 7556
f 7880 7557 7556
f 7880 7881 7557
f 7881 7559 7557
f 7881 7678 7559
f 7563 7882 7560
f 7882 7585 7560
f 7585 7561 7560
f 7573 7883 7562
f 7883 7563 7562
f 7883 7884 7563
f 7884 7885 7563
f 7885 7886 7563
f 7886 7882 7563
f 7887 7571 7564
f 7888 7887 7564
f 7889 7888 7564
f 7890 7889 7564
f 7565 7890 7564
f 7566 7890 7565
f 7891 7890 7566
f 7567 7891 7566
f 7892 7891 7567
f 7893 7892 7567
f 7568 7893 7567
f 7894 7893 7568
f 7569 7894 7568
f 7895 7894 7569
f 7570 7895 7569
f 7574 7895 7570
f 7887 7896 7571
f 7896 7572 7571
f 7896 7897 7572
f 7897 7898 7572
f 7898 7573 7572
f 7898 7883 7573
f 7899 7895 7574
f 7900 7899 7574
f 7575 7900 7574
f 7590 7900 7575
f 7576 7590 7575
f 7577 7590 7576
f 7589 7901 7578
f 7901 7579 7578
f 7901 7902 7579
f 7902 7580 7579
f 7902 7903 7580
f 7903 7904 7580
f 7904 7905 7580
f 7905 7906 7580
f 7906 7582 7580
f 7582 7581 7580
f 7906 7583 7582
f 7906 7905 7583
f 7905 7907 7583
f 7907 7908 7583
f 7908 7862 7583
f 7585 7909 7584
f 7909 7586 7584
f 7882 7886 7585
f 7886 7910 7585
f 7910 7909 7585
f 7909 7911 7586
f 7911 7912 7586
f 7912 7913 7586
f 7586 7913 7587
f 7913 7588 7587
f 7913 7914 7588
f 7914 7902 7588
f 7902 7901 7588
f 7901 7589 7588
f 7916 7915 7613
f 7615 7916 7613
f 7614 7615 7613
f 7617 7916 7615
f 7616 7617 7615
f 7917 7916 7617
f 7918 7917 7617
f 7919 7918 7617
f 7920 7919 7617
f 7618 7920 7617
f 7619 7920 7618
f 7621 7920 7619
f 7620 7621 7619
f 7921 7920 7621
f 7622 7921 7621
f 7922 7921 7622
f 7923 7922 7622
f 7924 7923 7622
f 7925 7924 7622
f 7623 7925 7622
f 7926 7925 7623
f 7624 7926 7623
f 7927 7926 7624
f 7625 7927 7624
f 7627 7927 7625
f 7626 7627 7625
f 7928 7927 7627
f 7929 7928 7627
f 7628 7929 7627
f 7930 7929 7628
f 7629 7930 7628
f 7931 7930 7629
f 7630 7931 7629
f 7932 7931 7630
f 7933 7932 7630
f 7631 7933 7630
f 7632 7933 7631
f 7934 7933 7632
f 7935 7934 7632
f 7633 7935 7632
f 7635 7935 7633
f 7634 7635 7633
f 7936 7935 7635
f 7636 7936 7635
f 7937 7936 7636
f 7637 7937 7636
f 7938 7937 7637
f 7639 7938 7637
f 7638 7639 7637
f 7939 7938 7639
f 7940 7939 7639
f 7640 7940 7639
f 7941 7940 7640
f 7942 7941 7640
f 7641 7942 7640
f 7643 7942 7641
f 7642 7643 7641
f 7943 7942 7643
f 7944 7943 7643
f 7645 7944 7643
f 7644 7645 7643
f 7945 7944 7645
f 7946 7945 7645
f 7646 7946 7645
f 7947 7946 7646
f 7647 7947 7646
f 7948 7947 7647
f 7648 7948 7647
f 7949 7948 7648
f 7650 7949 7648
f 7649 7650 7648
f 7950 7949 7650
f 7951 7950 7650
f 7652 7951 7650
f 7651 7652 7650
f 7952 7951 7652
f 7953 7952 7652
f 7653 7953 7652
f 7954 7953 7653
f 7655 7954 7653
f 7654 7655 7653
f 7955 7954 7655
f 7956 7955 7655
f 7656 7956 7655
f 7957 7956 7656
f 7657 7957 7656
f 7958 7957 7657
f 7658 7958 7657
f 7959 7958 7658
f 7659 7959 7658
f 7960 7959 7659
f 7660 7960 7659
f 7961 7960 7660
f 7661 7961 7660
f 7962 7961 7661
f 7662 7962 7661
f 7963 7962 7662
f 7663 7963 7662
f 7964 7963 7663
f 7664 7964 7663
f 7965 7964 7664
f 7966 7965 7664
f 7665 7966 7664
f 7667 7966 7665
f 7666 7667 7665
f 7967 7966 7667
f 7968 7967 7667
f 7669 7968 7667
f 7668 7669 7667
f 7969 7968 7669
f 7970 7969 7669
f 7971 7970 7669
f 7670 7971 7669
f 7672 7971 7670
f 7671 7672 7670
f 7972 7971 7672
f 7973 7972 7672
f 7674 7973 7672
f 7673 7674 7672
f 7974 7973 7674
f 7975 7974 7674
f 7976 7975 7674
f 7675 7976 7674
f 7977 7976 7675
f 7676 7977 7675
f 7819 7977 7676
f 7677 7819 7676
f 7881 7978 7678
f 7978 7979 7678
f 7979 7980 7678
f 7980 7981 7678
f 7981 7680 7678
f 7680 7679 7678
f 7981 7982 7680
f 7982 7983 7680
f 7983 7681 7680
f 7983 7984 7681
f 7984 7985 7681
f 7985 7682 7681
f 7985 7684 7682
f 7684 7683 7682
f 7985 7986 7684
f 7986 7987 7684
f 7987 7685 7684
f 7987 7988 7685
f 7988 7686 7685
f 7988 7688 7686
f 7688 7687 7686
f 7988 7989 7688
f 7989 7990 7688
f 7990 7991 7688
f 7991 7992 7688
f 7992 7690 7688
f 7690 7689 7688
f 7992 7993 7690
f 7993 7994 7690
f 7994 7995 7690
f 7995 7692 7690
f 7692 7691 7690
f 7995 7996 7692
f 7996 7693 7692
f 7996 7997 7693
f 7997 7694 7693
f 7997 7998 7694
f 7998 7695 7694
f 7998 7999 7695
f 7999 7696 7695
f 7999 8000 7696
f 8000 7697 7696
f 8000 8001 7697
f 8001 7698 7697
f 8001 8002 7698
f 8002 7699 7698
f 8002 8003 7699
f 8003 7700 7699
f 8003 8004 7700
f 8004 7701 7700
f 8004 8005 7701
f 8005 7702 7701
f 8005 8006 7702
f 8006 7703 7702
f 8006 7705 7703
f 7705 7704 7703
f 8006 8007 7705
f 8007 8008 7705
f 8008 7706 7705
f 8008 8009 7706
f 8009 7708 7706
f 7708 7707 7706
f 8009 8010 7708
f 8010 7709 7708
f 8010 8011 7709
f 8011 8012 7709
f 8012 8013 7709
f 8013 7710 7709
f 8013 7712 7710
f 7712 7711 7710
f 8013 8014 7712
f 8014 8015 7712
f 8015 7713 7712
f 8015 7714 7713
f 8015 8016 7714
f 8016 8017 7714
f 8017 8018 7714
f 8018 8019 7714
f 8019 7715 7714
f 8019 8020 7715
f 8020 7717 7715
f 7717 7716 7715
f 8020 8021 7717
f 8021 8022 7717
f 8022 7718 7717
f 8022 8023 7718
f 8023 7720 7718
f 7720 7719 7718
f 8023 8024 7720
f 8024 8025 7720
f 8025 7721 7720
f 8025 8026 7721
f 8026 7722 7721
f 8026 8027 7722
f 8027 8028 7722
f 8028 7723 7722
f 8028 7725 7723
f 7725 7724 7723
f 8028 8029 7725
f 8029 8030 7725
f 8030 8031 7725
f 8031 7726 7725
f 8031 7728 7726
f 7728 7727 7726
f 8031 8032 7728
f 8032 8033 7728
f 8033 7729 7728
f 8033 8034 7729
f 8034 8035 7729
f 8035 7731 7729
f 7731 7730 7729
f 8035 8036 7731
f 8036 8037 7731
f 8037 7732 7731
f 8037 7734 7732
f 7734 7733 7732
f 8038 7736 7735
f 8039 8038 7735
f 8040 8039 7735
f 7734 8040 7735
f 8038 8041 7736
f 8041 8042 7736
f 8042 7737 7736
f 7740 7738 7737
f 8042 7740 7737
f 8043 7741 7740
f 8044 8043 7740
f 8042 8044 7740
f 8043 8045 7741
f 8045 8046 7741
f 8046 8047 7741
f 7782 8048 7748
f 8048 8049 7748
f 8049 7749 7748
f 8049 8050 7749
f 8050 7750 7749
f 8050 7752 7750
f 7752 7751 7750
f 8050 8051 7752
f 8051 8052 7752
f 8052 8053 7752
f 8053 7753 7752
f 8053 8054 7753
f 8054 8055 7753
f 8055 7754 7753
f 8055 8056 7754
f 8056 7755 7754
f 8056 8057 7755
f 8057 7756 7755
f 8057 8058 7756
f 8058 8059 7756
f 8059 7757 7756
f 8059 7758 7757
f 8059 8060 7758
f 8060 7759 7758
f 8061 7763 7759
f 8060 8061 7759
f 8062 7771 7760
f 7761 8062 7760
f 8063 8062 7761
f 8064 8063 7761
f 8065 8064 7761
f 7762 8065 7761
f 8061 8065 7762
f 7763 8061 7762
f 8066 7859 7765
f 8067 8066 7765
f 8068 8067 7765
f 7766 8068 7765
f 8069 8068 7766
f 7767 8069 7766
f 8070 8069 7767
f 7768 8070 7767
f 8071 8070 7768
f 7769 8071 7768
f 8072 8071 7769
f 7770 8072 7769
f 8062 8072 7770
f 7771 8062 7770
f 8074 8073 7772
f 8073 8075 7772
f 8075 7774 7772
f 7774 7773 7772
f 8075 8076 7774
f 8076 8077 7774
f 8077 8078 7774
f 8078 7776 7774
f 7776 7775 7774
f 8078 8079 7776
f 8079 8080 7776
f 8080 8081 7776
f 8081 7778 7776
f 7778 7777 7776
f 8081 7779 7778
f 8081 8082 7779
f 8082 8083 7779
f 8083 8084 7779
f 8084 8085 7779
f 8085 7780 7779
f 8085 7781 7780
f 8085 8048 7781
f 8048 7782 7781
f 7842 7787 7785
f 7787 7786 7785
f 7842 8086 7787
f 8086 7788 7787
f 8086 7789 7788
f 8086 8087 7789
f 8087 7854 7789
f 7853 8088 7789
f 8088 8089 7789
f 8089 8090 7789
f 8090 7790 7789
f 8090 7816 7790
f 7816 7791 7790
f 8091 7857 7792
f 8092 8091 7792
f 8093 8092 7792
f 7793 8093 7792
f 8094 8093 7793
f 8095 8094 7793
f 7794 8095 7793
f 8096 8095 7794
f 7795 8096 7794
f 7796 8096 7795
f 8097 8096 7796
f 8098 8097 7796
f 7797 8098 7796
f 7798 8098 7797
f 8099 8098 7798
f 7799 8099 7798
f 8100 8099 7799
f 8101 8100 7799
f 7800 8101 7799
f 8102 8101 7800
f 7801 8102 7800
f 8103 8102 7801
f 7802 8103 7801
f 8104 8103 7802
f 7803 8104 7802
f 8105 8104 7803
f 8106 8105 7803
f 7804 8106 7803
f 7805 8106 7804
f 7806 8107 7805
f 8107 8106 7805
f 7807 8108 7806
f 8108 8107 7806
f 7809 8109 7807
f 8109 8108 7807
f 7810 8110 7809
f 8110 8111 7809
f 8111 8109 7809
f 7811 8112 7810
f 8112 8110 7810
f 7815 8113 7811
f 8113 8114 7811
f 8114 8112 7811
f 7818 8115 7812
f 8115 7814 7812
f 7814 7813 7812
f 8115 8116 7814
f 8116 8117 7814
f 8117 8113 7814
f 8113 7815 7814
f 8090 8118 7816
f 8118 8119 7816
f 8119 7817 7816
f 8119 7818 7817
f 8119 8120 7818
f 8120 8121 7818
f 8121 8116 7818
f 8116 8115 7818
f 8122 7977 7819
f 8123 8122 7819
f 7820 8123 7819
f 8124 8123 7820
f 8125 8124 7820
f 7821 8125 7820
f 8126 8125 7821
f 7822 8126 7821
f 7824 8126 7822
f 7823 7824 7822
f 8127 8126 7824
f 8128 8127 7824
f 8129 8128 7824
f 7825 8129 7824
f 7826 8129 7825
f 8130 8129 7826
f 7827 8130 7826
f 7828 8130 7827
f 7829 8130 7828
f 8131 7829 7830
f 8132 8131 7830
f 8133 8132 7830
f 7832 8133 7830
f 7831 7832 7830
f 8134 8133 7832
f 8135 8134 7832
f 7833 8135 7832
f 8136 8135 7833
f 7834 8136 7833
f 7835 8136 7834
f 8137 8136 7835
f 8138 8137 7835
f 7837 8138 7835
f 7836 7837 7835
f 8139 8138 7837
f 8140 8139 7837
f 7838 8140 7837
f 8141 8140 7838
f 7839 8141 7838
f 7840 8141 7839
f 8142 8141 7840
f 8143 8142 7840
f 7841 8143 7840
f 8144 8143 7841
f 8145 8144 7841
f 8146 8145 7841
f 7854 8087 7842
f 8087 8086 7842
f 7844 8147 7843
f 8147 8148 7843
f 8148 8149 7843
f 8149 7846 7843
f 8150 8147 7844
f 8151 8150 7844
f 7855 8151 7844
f 8149 8152 7846
f 8152 8153 7846
f 8153 8154 7846
f 8154 7847 7846
f 8154 8155 7847
f 8155 7848 7847
f 8155 8156 7848
f 8156 7849 7848
f 8156 7851 7849
f 7851 7850 7849
f 8156 8157 7851
f 8157 8088 7851
f 8088 7853 7851
f 7853 7852 7851
f 8158 8151 7855
f 7856 8158 7855
f 8091 8158 7856
f 7857 8091 7856
f 8160 8159 7858
f 8161 8160 7858
f 8162 8161 7858
f 8066 8162 7858
f 7859 8066 7858
f 7868 8163 7860
f 8163 8164 7860
f 7908 7863 7862
f 7908 8165 7863
f 8165 7864 7863
f 8165 7908 7864
f 7908 8166 7864
f 8166 8167 7864
f 8167 8168 7864
f 8168 7865 7864
f 8168 8169 7865
f 8169 7866 7865
f 8169 7867 7866
f 8169 8170 7867
f 8170 8171 7867
f 8171 8172 7867
f 8172 7868 7867
f 8172 8173 7868
f 8173 8163 7868
f 7860 8164 7869
f 8164 7870 7869
f 8164 8173 7870
f 8173 7871 7870
f 8173 8174 7871
f 8174 8175 7871
f 8175 7872 7871
f 8175 8176 7872
f 8176 7873 7872
f 8176 8177 7873
f 8177 8178 7873
f 8178 7874 7873
f 8178 7876 7874
f 7876 7875 7874
f 8178 8179 7876
f 8179 8180 7876
f 8180 8181 7876
f 8181 7877 7876
f 8181 8182 7877
f 8182 7878 7877
f 8182 7979 7878
f 7979 7978 7878
f 7978 7880 7878
f 7880 7879 7878
f 7978 7881 7880
f 7898 8183 7883
f 8183 7884 7883
f 8183 8184 7884
f 8184 8185 7884
f 8185 8186 7884
f 8186 7885 7884
f 8186 7910 7885
f 7910 7886 7885
f 7914 8187 7902
f 8187 8188 7902
f 8188 7903 7902
f 8188 8189 7903
f 8189 8190 7903
f 8190 8191 7903
f 8191 8192 7903
f 8192 7904 7903
f 8192 7905 7904
f 8192 8193 7905
f 8193 7907 7905
f 8193 8194 7907
f 8194 8195 7907
f 8195 8196 7907
f 8196 8166 7907
f 8166 7908 7907
f 7910 8197 7909
f 8197 7911 7909
f 8186 8198 7910
f 8198 8197 7910
f 8197 8199 7911
f 8199 8200 7911
f 8200 8201 7911
f 8201 8202 7911
f 8202 7912 7911
f 8202 7914 7912
f 7914 7913 7912
f 8202 8201 7914
f 8201 8203 7914
f 8203 8204 7914
f 8204 8187 7914
f 8205 7915 7916
f 7917 8205 7916
f 8206 8205 7917
f 8207 8206 7917
f 8208 8207 7917
f 7918 8208 7917
f 8209 8208 7918
f 7921 8209 7918
f 7919 7921 7918
f 7920 7921 7919
f 8210 8209 7921
f 7922 8210 7921
f 8211 8210 7922
f 8212 8211 7922
f 8213 8212 7922
f 7923 8213 7922
f 8214 8213 7923
f 8215 8214 7923
f 7924 8215 7923
f 8216 8215 7924
f 7925 8216 7924
f 7926 8216 7925
f 8217 8216 7926
f 7928 8217 7926
f 7927 7928 7926
f 8218 8217 7928
f 8219 8218 7928
f 8220 8219 7928
f 7930 8220 7928
f 7929 7930 7928
f 8221 8220 7930
f 8222 8221 7930
f 8223 8222 7930
f 7931 8223 7930
f 8224 8223 7931
f 7932 8224 7931
f 8225 8224 7932
f 7933 8225 7932
f 8226 8225 7933
f 8227 8226 7933
f 7934 8227 7933
f 7936 8227 7934
f 7935 7936 7934
f 8228 8227 7936
f 8229 8228 7936
f 7937 8229 7936
f 8230 8229 7937
f 7939 8230 7937
f 7938 7939 7937
f 8231 8230 7939
f 8232 8231 7939
f 7940 8232 7939
f 8233 8232 7940
f 8234 8233 7940
f 7941 8234 7940
f 7943 8234 7941
f 7942 7943 7941
f 8235 8234 7943
f 8236 8235 7943
f 7945 8236 7943
f 7944 7945 7943
f 8237 8236 7945
f 8238 8237 7945
f 7946 8238 7945
f 8239 8238 7946
f 7947 8239 7946
f 8240 8239 7947
f 7948 8240 7947
f 8241 8240 7948
f 7950 8241 7948
f 7949 7950 7948
f 8242 8241 7950
f 8243 8242 7950
f 7952 8243 7950
f 7951 7952 7950
f 8244 8243 7952
f 8245 8244 7952
f 7953 8245 7952
f 8246 8245 7953
f 7955 8246 7953
f 7954 7955 7953
f 8247 8246 7955
f 8248 8247 7955
f 7956 8248 7955
f 8249 8248 7956
f 7957 8249 7956
f 8250 8249 7957
f 7958 8250 7957
f 8251 8250 7958
f 7959 8251 7958
f 8252 8251 7959
f 7960 8252 7959
f 8253 8252 7960
f 7961 8253 7960
f 8254 8253 7961
f 7962 8254 7961
f 8255 8254 7962
f 7963 8255 7962
f 8256 8255 7963
f 7964 8256 7963
f 8257 8256 7964
f 8258 8257 7964
f 7965 8258 7964
f 7967 8258 7965
f 7966 7967 7965
f 8259 8258 7967
f 8260 8259 7967
f 7969 8260 7967
f 7968 7969 7967
f 8261 8260 7969
f 8262 8261 7969
f 8263 8262 7969
f 7970 8263 7969
f 7972 8263 7970
f 7971 7972 7970
f 8264 8263 7972
f 8265 8264 7972
f 7974 8265 7972
f 7973 7974 7972
f 8266 8265 7974
f 8267 8266 7974
f 8268 8267 7974
f 7975 8268 7974
f 8269 8268 7975
f 7976 8269 7975
f 8122 8269 7976
f 7977 8122 7976
f 8182 7980 7979
f 8182 8270 7980
f 8270 8271 7980
f 8271 7982 7980
f 7982 7981 7980
f 8271 8272 7982
f 8272 8273 7982
f 8273 8274 7982
f 8274 7983 7982
f 8274 8275 7983
f 8275 8276 7983
f 8276 7984 7983
f 8276 8277 7984
f 8277 7985 7984
f 8277 8278 7985
f 8278 7986 7985
f 8278 8279 7986
f 8279 7988 7986
f 7988 7987 7986
f 8279 8280 7988
f 8280 7989 7988
f 8280 8281 7989
f 8281 7990 7989
f 8281 8282 7990
f 8282 8283 7990
f 8283 7991 7990
f 8283 8284 7991
f 8284 7993 7991
f 7993 7992 7991
f 8284 8285 7993
f 8285 8286 7993
f 8286 7994 7993
f 8286 8287 7994
f 8287 8288 7994
f 8288 7996 7994
f 7996 7995 7994
f 8288 8289 7996
f 8289 7997 7996
f 8289 8290 7997
f 8290 7998 7997
f 8290 8291 7998
f 8291 7999 7998
f 8291 8292 7999
f 8292 8000 7999
f 8292 8293 8000
f 8293 8001 8000
f 8293 8294 8001
f 8294 8002 8001
f 8294 8295 8002
f 8295 8003 8002
f 8295 8296 8003
f 8296 8004 8003
f 8296 8297 8004
f 8297 8005 8004
f 8297 8298 8005
f 8298 8006 8005
f 8298 8299 8006
f 8299 8007 8006
f 8299 8300 8007
f 8300 8010 8007
f 8010 8008 8007
f 8010 8009 8008
f 8300 8301 8010
f 8301 8302 8010
f 8302 8303 8010
f 8303 8011 8010
f 8303 8304 8011
f 8304 8012 8011
f 8304 8305 8012
f 8305 8013 8012
f 8305 8014 8013
f 8305 8306 8014
f 8306 8016 8014
f 8016 8015 8014
f 8306 8307 8016
f 8307 8308 8016
f 8308 8309 8016
f 8309 8017 8016
f 8309 8310 8017
f 8310 8018 8017
f 8310 8311 8018
f 8311 8312 8018
f 8312 8020 8018
f 8020 8019 8018
f 8312 8313 8020
f 8313 8021 8020
f 8313 8314 8021
f 8314 8022 8021
f 8314 8315 8022
f 8315 8024 8022
f 8024 8023 8022
f 8315 8316 8024
f 8316 8317 8024
f 8317 8025 8024
f 8317 8318 8025
f 8318 8026 8025
f 8318 8319 8026
f 8319 8320 8026
f 8320 8027 8026
f 8320 8029 8027
f 8029 8028 8027
f 8320 8321 8029
f 8321 8322 8029
f 8322 8030 8029
f 8322 8323 8030
f 8323 8031 8030
f 8323 8324 8031
f 8324 8032 8031
f 8324 8325 8032
f 8325 8033 8032
f 8325 8326 8033
f 8326 8034 8033
f 8326 8327 8034
f 8327 8328 8034
f 8328 8036 8034
f 8036 8035 8034
f 8328 8329 8036
f 8329 8330 8036
f 8330 8037 8036
f 8330 7734 8037
f 8039 8331 8038
f 8331 8041 8038
f 8040 8332 8039
f 8332 8333 8039
f 8333 8334 8039
f 8334 8331 8039
f 7734 8330 8040
f 8330 8329 8040
f 8329 8335 8040
f 8335 8332 8040
f 8331 8336 8041
f 8336 8337 8041
f 8337 8044 8041
f 8044 8042 8041
f 8044 8338 8043
f 8338 8045 8043
f 8337 8339 8044
f 8339 8340 8044
f 8340 8338 8044
f 8338 8341 8045
f 8341 8046 8045
f 8342 8047 8046
f 8343 8342 8046
f 8344 8343 8046
f 8341 8344 8046
f 8085 8049 8048
f 8085 8345 8049
f 8345 8051 8049
f 8051 8050 8049
f 8345 8084 8051
f 8084 8346 8051
f 8346 8052 8051
f 8346 8347 8052
f 8347 8054 8052
f 8052 8054 8053
f 8347 8348 8054
f 8348 8055 8054
f 8348 8349 8055
f 8349 8056 8055
f 8349 8057 8056
f 8349 8350 8057
f 8350 8351 8057
f 8351 8058 8057
f 8351 8352 8058
f 8352 8059 8058
f 8352 8353 8059
f 8353 8060 8059
f 8354 8061 8060
f 8355 8354 8060
f 8353 8355 8060
f 8356 8065 8061
f 8354 8356 8061
f 8357 8072 8062
f 8063 8357 8062
f 8358 8357 8063
f 8359 8358 8063
f 8360 8359 8063
f 8064 8360 8063
f 8356 8360 8064
f 8065 8356 8064
f 8361 8162 8066
f 8067 8361 8066
f 8362 8361 8067
f 8363 8362 8067
f 8068 8363 8067
f 8069 8363 8068
f 8364 8363 8069
f 8070 8364 8069
f 8365 8364 8070
f 8071 8365 8070
f 8357 8365 8071
f 8072 8357 8071
f 8074 8366 8073
f 8366 8367 8073
f 8367 8368 8073
f 8368 8369 8073
f 8369 8076 8073
f 8076 8075 8073
f 8369 8077 8076
f 8369 8370 8077
f 8370 8371 8077
f 8371 8079 8077
f 8079 8078 8077
f 8371 8372 8079
f 8372 8373 8079
f 8373 8080 8079
f 8373 8082 8080
f 8082 8081 8080
f 8373 8374 8082
f 8374 8375 8082
f 8375 8346 8082
f 8346 8083 8082
f 8346 8084 8083
f 8345 8085 8084
f 8157 8376 8088
f 8376 8089 8088
f 8376 8118 8089
f 8118 8090 8089
f 8377 8158 8091
f 8378 8377 8091
f 8379 8378 8091
f 8092 8379 8091
f 8093 8379 8092
f 8380 8379 8093
f 8094 8380 8093
f 8095 8380 8094
f 8381 8380 8095
f 8096 8381 8095
f 8382 8381 8096
f 8097 8382 8096
f 8098 8382 8097
f 8383 8382 8098
f 8099 8383 8098
f 8384 8383 8099
f 8385 8384 8099
f 8100 8385 8099
f 8386 8385 8100
f 8387 8386 8100
f 8101 8387 8100
f 8102 8387 8101
f 8388 8387 8102
f 8103 8388 8102
f 8389 8388 8103
f 8104 8389 8103
f 8390 8389 8104
f 8105 8390 8104
f 8106 8390 8105
f 8107 8391 8106
f 8391 8390 8106
f 8108 8392 8107
f 8392 8391 8107
f 8109 8393 8108
f 8393 8392 8108
f 8111 8393 8109
f 8112 8394 8110
f 8394 8395 8110
f 8395 8111 8110
f 8395 8393 8111
f 8114 8396 8112
f 8396 8394 8112
f 8117 8397 8113
f 8397 8398 8113
f 8398 8396 8113
f 8396 8114 8113
f 8121 8399 8116
f 8399 8400 8116
f 8400 8397 8116
f 8397 8117 8116
f 8376 8401 8118
f 8401 8402 8118
f 8402 8120 8118
f 8120 8119 8118
f 8402 8403 8120
f 8403 8404 8120
f 8404 8405 8120
f 8405 8399 8120
f 8399 8121 8120
f 8406 8269 8122
f 8407 8406 8122
f 8408 8407 8122
f 8123 8408 8122
f 8409 8408 8123
f 8124 8409 8123
f 8410 8409 8124
f 8125 8410 8124
f 8127 8410 8125
f 8126 8127 8125
f 8411 8410 8127
f 8412 8411 8127
f 8413 8412 8127
f 8128 8413 8127
f 8129 8413 8128
f 8414 8413 8129
f 8130 8414 8129
f 7829 8414 8130
f 8416 8415 8131
f 8417 8416 8131
f 8132 8417 8131
f 8418 8417 8132
f 8134 8418 8132
f 8133 8134 8132
f 8419 8418 8134
f 8420 8419 8134
f 8135 8420 8134
f 8421 8420 8135
f 8136 8421 8135
f 8422 8421 8136
f 8137 8422 8136
f 8423 8422 8137
f 8139 8423 8137
f 8138 8139 8137
f 8424 8423 8139
f 8425 8424 8139
f 8140 8425 8139
f 8426 8425 8140
f 8141 8426 8140
f 8427 8426 8141
f 8142 8427 8141
f 8428 8427 8142
f 8429 8428 8142
f 8144 8429 8142
f 8143 8144 8142
f 8430 8429 8144
f 8431 8430 8144
f 8432 8431 8144
f 8433 8432 8144
f 8145 8433 8144
f 8146 8433 8145
f 8434 8148 8147
f 8435 8434 8147
f 8150 8435 8147
f 8436 8149 8148
f 8437 8436 8148
f 8434 8437 8148
f 8436 8438 8149
f 8438 8439 8149
f 8439 8152 8149
f 8440 8435 8150
f 8151 8440 8150
f 8377 8440 8151
f 8158 8377 8151
f 8439 8441 8152
f 8441 8442 8152
f 8442 8443 8152
f 8443 8154 8152
f 8154 8153 8152
f 8443 8444 8154
f 8444 8445 8154
f 8445 8446 8154
f 8446 8155 8154
f 8446 8157 8155
f 8157 8156 8155
f 8446 8401 8157
f 8401 8376 8157
f 8448 8447 8159
f 8449 8448 8159
f 8160 8449 8159
f 8450 8449 8160
f 8451 8450 8160
f 8161 8451 8160
f 8361 8451 8161
f 8162 8361 8161
f 8173 8164 8163
f 8196 8452 8166
f 8452 8167 8166
f 8452 8453 8167
f 8453 8454 8167
f 8454 8455 8167
f 8455 8168 8167
f 8455 8170 8168
f 8170 8169 8168
f 8455 8171 8170
f 8455 8456 8171
f 8456 8457 8171
f 8457 8458 8171
f 8458 8459 8171
f 8459 8172 8171
f 8459 8174 8172
f 8174 8173 8172
f 8459 8460 8174
f 8460 8461 8174
f 8461 8175 8174
f 8461 8176 8175
f 8461 8462 8176
f 8462 8463 8176
f 8463 8464 8176
f 8464 8177 8176
f 8464 8179 8177
f 8179 8178 8177
f 8464 8465 8179
f 8465 8466 8179
f 8466 8467 8179
f 8467 8180 8179
f 8467 8468 8180
f 8468 8182 8180
f 8182 8181 8180
f 8468 8469 8182
f 8469 8270 8182
f 8470 8185 8184
f 8470 8471 8185
f 8471 8472 8185
f 8472 8473 8185
f 8473 8198 8185
f 8198 8186 8185
f 8204 8188 8187
f 8204 8474 8188
f 8474 8189 8188
f 8474 8475 8189
f 8475 8476 8189
f 8476 8477 8189
f 8477 8190 8189
f 8477 8478 8190
f 8478 8479 8190
f 8479 8191 8190
f 8479 8194 8191
f 8194 8193 8191
f 8193 8192 8191
f 8479 8480 8194
f 8480 8195 8194
f 8480 8196 8195
f 8480 8481 8196
f 8481 8452 8196
f 8198 8482 8197
f 8482 8483 8197
f 8483 8484 8197
f 8484 8199 8197
f 8473 8485 8198
f 8485 8482 8198
f 8484 8200 8199
f 8484 8486 8200
f 8486 8204 8200
f 8204 8203 8200
f 8203 8201 8200
f 8486 8487 8204
f 8487 8474 8204
f 8489 8488 8206
f 8208 8489 8206
f 8207 8208 8206
f 8490 8489 8208
f 8210 8490 8208
f 8209 8210 8208
f 8491 8490 8210
f 8211 8491 8210
f 8492 8491 8211
f 8493 8492 8211
f 8494 8493 8211
f 8212 8494 8211
f 8495 8494 8212
f 8496 8495 8212
f 8213 8496 8212
f 8497 8496 8213
f 8214 8497 8213
f 8215 8497 8214
f 8498 8497 8215
f 8499 8498 8215
f 8217 8499 8215
f 8216 8217 8215
f 8500 8499 8217
f 8501 8500 8217
f 8218 8501 8217
f 8219 8501 8218
f 8502 8501 8219
f 8503 8502 8219
f 8504 8503 8219
f 8505 8504 8219
f 8221 8505 8219
f 8220 8221 8219
f 8506 8505 8221
f 8222 8506 8221
f 8507 8506 8222
f 8224 8507 8222
f 8223 8224 8222
f 8508 8507 8224
f 8225 8508 8224
f 8509 8508 8225
f 8226 8509 8225
f 8228 8509 8226
f 8227 8228 8226
f 8510 8509 8228
f 8511 8510 8228
f 8229 8511 8228
f 8512 8511 8229
f 8231 8512 8229
f 8230 8231 8229
f 8513 8512 8231
f 8514 8513 8231
f 8515 8514 8231
f 8232 8515 8231
f 8233 8515 8232
f 8516 8515 8233
f 8235 8516 8233
f 8234 8235 8233
f 8517 8516 8235
f 8518 8517 8235
f 8237 8518 8235
f 8236 8237 8235
f 8519 8518 8237
f 8520 8519 8237
f 8238 8520 8237
f 8521 8520 8238
f 8239 8521 8238
f 8522 8521 8239
f 8240 8522 8239
f 8523 8522 8240
f 8241 8523 8240
f 8524 8523 8241
f 8242 8524 8241
f 8525 8524 8242
f 8244 8525 8242
f 8243 8244 8242
f 8526 8525 8244
f 8527 8526 8244
f 8528 8527 8244
f 8245 8528 8244
f 8247 8528 8245
f 8246 8247 8245
f 8529 8528 8247
f 8530 8529 8247
f 8248 8530 8247
f 8531 8530 8248
f 8249 8531 8248
f 8532 8531 8249
f 8250 8532 8249
f 8533 8532 8250
f 8251 8533 8250
f 8534 8533 8251
f 8252 8534 8251
f 8535 8534 8252
f 8253 8535 8252
f 8536 8535 8253
f 8254 8536 8253
f 8537 8536 8254
f 8255 8537 8254
f 8538 8537 8255
f 8256 8538 8255
f 8539 8538 8256
f 8540 8539 8256
f 8257 8540 8256
f 8258 8540 8257
f 8541 8540 8258
f 8542 8541 8258
f 8259 8542 8258
f 8261 8542 8259
f 8260 8261 8259
f 8543 8542 8261
f 8544 8543 8261
f 8545 8544 8261
f 8262 8545 8261
f 8263 8545 8262
f 8546 8545 8263
f 8547 8546 8263
f 8264 8547 8263
f 8266 8547 8264
f 8265 8266 8264
f 8548 8547 8266
f 8549 8548 8266
f 8550 8549 8266
f 8267 8550 8266
f 8551 8550 8267
f 8268 8551 8267
f 8406 8551 8268
f 8269 8406 8268
f 8469 8552 8270
f 8552 8272 8270
f 8272 8271 8270
f 8552 8553 8272
f 8553 8273 8272
f 8553 8554 8273
f 8554 8274 8273
f 8554 8555 8274
f 8555 8556 8274
f 8556 8557 8274
f 8557 8558 8274
f 8558 8275 8274
f 8558 8276 8275
f 8558 8277 8276
f 8558 8559 8277
f 8559 8560 8277
f 8560 8561 8277
f 8561 8278 8277
f 8561 8280 8278
f 8280 8279 8278
f 8561 8562 8280
f 8562 8563 8280
f 8563 8281 8280
f 8563 8564 8281
f 8564 8565 8281
f 8565 8282 8281
f 8565 8566 8282
f 8566 8283 8282
f 8566 8567 8283
f 8567 8284 8283
f 8567 8568 8284
f 8568 8285 8284
f 8568 8569 8285
f 8569 8286 8285
f 8569 8570 8286
f 8570 8571 8286
f 8571 8287 8286
f 8571 8572 8287
f 8572 8289 8287
f 8289 8288 8287
f 8572 8573 8289
f 8573 8290 8289
f 8573 8574 8290
f 8574 8292 8290
f 8292 8291 8290
f 8574 8575 8292
f 8575 8576 8292
f 8576 8293 8292
f 8576 8577 8293
f 8577 8294 8293
f 8577 8578 8294
f 8578 8296 8294
f 8296 8295 8294
f 8578 8579 8296
f 8579 8580 8296
f 8580 8297 8296
f 8580 8581 8297
f 8581 8298 8297
f 8581 8582 8298
f 8582 8299 8298
f 8582 8301 8299
f 8301 8300 8299
f 8582 8583 8301
f 8583 8584 8301
f 8584 8585 8301
f 8585 8302 8301
f 8585 8586 8302
f 8586 8303 8302
f 8586 8587 8303
f 8587 8588 8303
f 8588 8304 8303
f 8588 8306 8304
f 8306 8305 8304
f 8588 8589 8306
f 8589 8307 8306
f 8589 8590 8307
f 8590 8591 8307
f 8591 8308 8307
f 8591 8309 8308
f 8591 8592 8309
f 8592 8593 8309
f 8593 8594 8309
f 8594 8310 8309
f 8594 8595 8310
f 8595 8311 8310
f 8595 8596 8311
f 8596 8313 8311
f 8313 8312 8311
f 8596 8597 8313
f 8597 8314 8313
f 8597 8598 8314
f 8598 8599 8314
f 8599 8316 8314
f 8316 8315 8314
f 8599 8600 8316
f 8600 8601 8316
f 8601 8318 8316
f 8318 8317 8316
f 8601 8602 8318
f 8602 8603 8318
f 8603 8604 8318
f 8604 8605 8318
f 8605 8319 8318
f 8605 8321 8319
f 8321 8320 8319
f 8605 8606 8321
f 8606 8607 8321
f 8607 8322 8321
f 8607 8608 8322
f 8608 8323 8322
f 8608 8609 8323
f 8609 8324 8323
f 8609 8610 8324
f 8610 8325 8324
f 8610 8611 8325
f 8611 8326 8325
f 8611 8612 8326
f 8612 8327 8326
f 8612 8613 8327
f 8613 8614 8327
f 8614 8329 8327
f 8329 8328 8327
f 8614 8615 8329
f 8615 8616 8329
f 8616 8332 8329
f 8332 8335 8329
f 8334 8336 8331
f 8616 8617 8332
f 8617 8618 8332
f 8618 8333 8332
f 8618 8334 8333
f 8618 8619 8334
f 8619 8620 8334
f 8620 8336 8334
f 8620 8621 8336
f 8621 8622 8336
f 8336 8622 8337
f 8622 8623 8337
f 8623 8339 8337
f 8340 8341 8338
f 8623 8340 8339
f 8623 8624 8340
f 8624 8625 8340
f 8625 8344 8340
f 8344 8341 8340
f 8626 8047 8342
f 8627 8626 8342
f 8343 8627 8342
f 8344 8627 8343
f 8628 8627 8344
f 8629 8628 8344
f 8625 8629 8344
f 8375 8630 8346
f 8630 8347 8346
f 8630 8631 8347
f 8631 8348 8347
f 8631 8632 8348
f 8632 8633 8348
f 8633 8349 8348
f 8633 8634 8349
f 8634 8350 8349
f 8634 8635 8350
f 8635 8351 8350
f 8635 8636 8351
f 8636 8637 8351
f 8637 8352 8351
f 8637 8353 8352
f 8637 8355 8353
f 8638 8356 8354
f 8355 8638 8354
f 8639 8638 8355
f 8640 8639 8355
f 8641 8640 8355
f 8637 8641 8355
f 8642 8360 8356
f 8643 8642 8356
f 8638 8643 8356
f 8644 8365 8357
f 8358 8644 8357
f 8645 8644 8358
f 8646 8645 8358
f 8647 8646 8358
f 8642 8647 8358
f 8359 8642 8358
f 8360 8642 8359
f 8648 8451 8361
f 8362 8648 8361
f 8649 8648 8362
f 8363 8649 8362
f 8650 8649 8363
f 8364 8650 8363
f 8644 8650 8364
f 8365 8644 8364
f 8074 8651 8366
f 8651 8652 8366
f 8652 8367 8366
f 8652 8653 8367
f 8653 8368 8367
f 8653 8654 8368
f 8654 8370 8368
f 8370 8369 8368
f 8654 8655 8370
f 8655 8656 8370
f 8656 8657 8370
f 8657 8371 8370
f 8657 8658 8371
f 8658 8372 8371
f 8658 8659 8372
f 8659 8373 8372
f 8659 8660 8373
f 8660 8374 8373
f 8660 8630 8374
f 8630 8375 8374
f 8661 8440 8377
f 8662 8661 8377
f 8663 8662 8377
f 8378 8663 8377
f 8664 8663 8378
f 8379 8664 8378
f 8665 8664 8379
f 8666 8665 8379
f 8380 8666 8379
f 8667 8666 8380
f 8381 8667 8380
f 8668 8667 8381
f 8382 8668 8381
f 8669 8668 8382
f 8383 8669 8382
f 8670 8669 8383
f 8384 8670 8383
f 8385 8670 8384
f 8671 8670 8385
f 8387 8671 8385
f 8386 8387 8385
f 8672 8671 8387
f 8673 8672 8387
f 8388 8673 8387
f 8674 8673 8388
f 8389 8674 8388
f 8675 8674 8389
f 8676 8675 8389
f 8390 8676 8389
f 8391 8676 8390
f 8392 8677 8391
f 8677 8676 8391
f 8393 8678 8392
f 8678 8679 8392
f 8679 8677 8392
f 8395 8680 8393
f 8680 8678 8393
f 8396 8681 8394
f 8681 8682 8394
f 8682 8680 8394
f 8680 8395 8394
f 8398 8681 8396
f 8400 8683 8397
f 8683 8684 8397
f 8684 8681 8397
f 8681 8398 8397
f 8405 8685 8399
f 8685 8686 8399
f 8686 8683 8399
f 8683 8400 8399
f 8446 8445 8401
f 8445 8687 8401
f 8687 8403 8401
f 8403 8402 8401
f 8687 8688 8403
f 8688 8404 8403
f 8688 8689 8404
f 8689 8690 8404
f 8690 8685 8404
f 8685 8405 8404
f 8691 8551 8406
f 8692 8691 8406
f 8693 8692 8406
f 8407 8693 8406
f 8694 8693 8407
f 8408 8694 8407
f 8695 8694 8408
f 8409 8695 8408
f 8411 8695 8409
f 8410 8411 8409
f 8696 8695 8411
f 8697 8696 8411
f 8412 8697 8411
f 8698 8697 8412
f 8699 8698 8412
f 8413 8699 8412
f 8414 8699 8413
f 8700 8415 8416
f 8701 8700 8416
f 8702 8701 8416
f 8703 8702 8416
f 8418 8703 8416
f 8417 8418 8416
f 8702 8703 8418
f 8419 8702 8418
f 8704 8702 8419
f 8420 8704 8419
f 8705 8704 8420
f 8421 8705 8420
f 8706 8705 8421
f 8422 8706 8421
f 8424 8706 8422
f 8423 8424 8422
f 8707 8706 8424
f 8426 8707 8424
f 8425 8426 8424
f 8708 8707 8426
f 8709 8708 8426
f 8427 8709 8426
f 8428 8709 8427
f 8710 8709 8428
f 8711 8710 8428
f 8430 8711 8428
f 8429 8430 8428
f 8712 8711 8430
f 8713 8712 8430
f 8714 8713 8430
f 8431 8714 8430
f 8715 8714 8431
f 8432 8715 8431
f 8433 8715 8432
f 8716 8715 8433
f 8717 8716 8433
f 8435 8437 8434
f 8661 8437 8435
f 8440 8661 8435
f 8718 8438 8436
f 8719 8718 8436
f 8720 8719 8436
f 8437 8720 8436
f 8721 8720 8437
f 8722 8721 8437
f 8661 8722 8437
f 8718 8723 8438
f 8723 8724 8438
f 8724 8439 8438
f 8724 8725 8439
f 8725 8441 8439
f 8725 8726 8441
f 8726 8727 8441
f 8727 8728 8441
f 8728 8442 8441
f 8728 8444 8442
f 8444 8443 8442
f 8728 8729 8444
f 8729 8689 8444
f 8689 8688 8444
f 8688 8687 8444
f 8687 8445 8444
f 8730 8447 8448
f 8731 8730 8448
f 8450 8731 8448
f 8449 8450 8448
f 8732 8731 8450
f 8648 8732 8450
f 8451 8648 8450
f 8481 8733 8452
f 8733 8734 8452
f 8734 8735 8452
f 8735 8453 8452
f 8735 8736 8453
f 8736 8454 8453
f 8736 8737 8454
f 8737 8455 8454
f 8737 8738 8455
f 8738 8456 8455
f 8738 8737 8456
f 8737 8457 8456
f 8737 8736 8457
f 8736 8739 8457
f 8739 8740 8457
f 8740 8741 8457
f 8741 8458 8457
f 8741 8460 8458
f 8460 8459 8458
f 8741 8742 8460
f 8742 8461 8460
f 8742 8743 8461
f 8743 8462 8461
f 8743 8744 8462
f 8744 8745 8462
f 8745 8746 8462
f 8746 8463 8462
f 8746 8465 8463
f 8465 8464 8463
f 8746 8747 8465
f 8747 8748 8465
f 8748 8749 8465
f 8749 8750 8465
f 8750 8466 8465
f 8750 8468 8466
f 8468 8467 8466
f 8750 8751 8468
f 8751 8469 8468
f 8751 8752 8469
f 8752 8553 8469
f 8553 8552 8469
f 8470 8472 8471
f 8470 8753 8472
f 8753 8754 8472
f 8754 8485 8472
f 8485 8473 8472
f 8487 8755 8474
f 8755 8756 8474
f 8756 8475 8474
f 8756 8757 8475
f 8757 8758 8475
f 8758 8759 8475
f 8759 8760 8475
f 8760 8476 8475
f 8760 8477 8476
f 8760 8761 8477
f 8761 8762 8477
f 8762 8478 8477
f 8762 8479 8478
f 8762 8481 8479
f 8481 8480 8479
f 8762 8763 8481
f 8763 8733 8481
f 8485 8764 8482
f 8764 8483 8482
f 8764 8765 8483
f 8765 8766 8483
f 8766 8767 8483
f 8767 8484 8483
f 8767 8486 8484
f 8754 8765 8485
f 8765 8764 8485
f 8767 8487 8486
f 8767 8766 8487
f 8766 8768 8487
f 8768 8769 8487
f 8769 8755 8487
f 8770 8488 8489
f 8771 8770 8489
f 8491 8771 8489
f 8490 8491 8489
f 8772 8771 8491
f 8773 8772 8491
f 8492 8773 8491
f 8774 8773 8492
f 8493 8774 8492
f 8775 8774 8493
f 8494 8775 8493
f 8495 8775 8494
f 8774 8775 8495
f 8496 8774 8495
f 8776 8774 8496
f 8498 8776 8496
f 8497 8498 8496
f 8777 8776 8498
f 8500 8777 8498
f 8499 8500 8498
f 8502 8777 8500
f 8501 8502 8500
f 8778 8777 8502
f 8779 8778 8502
f 8503 8779 8502
f 8780 8779 8503
f 8504 8780 8503
f 8781 8780 8504
f 8782 8781 8504
f 8506 8782 8504
f 8505 8506 8504
f 8507 8782 8506
f 8783 8782 8507
f 8508 8783 8507
f 8510 8783 8508
f 8509 8510 8508
f 8784 8783 8510
f 8785 8784 8510
f 8511 8785 8510
f 8786 8785 8511
f 8513 8786 8511
f 8512 8513 8511
f 8787 8786 8513
f 8788 8787 8513
f 8789 8788 8513
f 8514 8789 8513
f 8515 8789 8514
f 8790 8789 8515
f 8517 8790 8515
f 8516 8517 8515
f 8791 8790 8517
f 8792 8791 8517
f 8519 8792 8517
f 8518 8519 8517
f 8793 8792 8519
f 8794 8793 8519
f 8520 8794 8519
f 8795 8794 8520
f 8521 8795 8520
f 8796 8795 8521
f 8522 8796 8521
f 8797 8796 8522
f 8523 8797 8522
f 8798 8797 8523
f 8524 8798 8523
f 8799 8798 8524
f 8526 8799 8524
f 8525 8526 8524
f 8800 8799 8526
f 8801 8800 8526
f 8527 8801 8526
f 8802 8801 8527
f 8529 8802 8527
f 8528 8529 8527
f 8803 8802 8529
f 8804 8803 8529
f 8530 8804 8529
f 8805 8804 8530
f 8531 8805 8530
f 8806 8805 8531
f 8532 8806 8531
f 8807 8806 8532
f 8533 8807 8532
f 8808 8807 8533
f 8534 8808 8533
f 8809 8808 8534
f 8535 8809 8534
f 8810 8809 8535
f 8536 8810 8535
f 8537 8810 8536
f 8538 8810 8537
f 8811 8810 8538
f 8812 8811 8538
f 8813 8812 8538
f 8539 8813 8538
f 8814 8813 8539
f 8540 8814 8539
f 8541 8814 8540
f 8815 8814 8541
f 8543 8815 8541
f 8542 8543 8541
f 8816 8815 8543
f 8817 8816 8543
f 8818 8817 8543
f 8544 8818 8543
f 8545 8818 8544
f 8819 8818 8545
f 8820 8819 8545
f 8546 8820 8545
f 8548 8820 8546
f 8547 8548 8546
f 8821 8820 8548
f 8822 8821 8548
f 8823 8822 8548
f 8549 8823 8548
f 8824 8823 8549
f 8550 8824 8549
f 8691 8824 8550
f 8551 8691 8550
f 8752 8825 8553
f 8825 8826 8553
f 8826 8554 8553
f 8826 8827 8554
f 8827 8555 8554
f 8827 8828 8555
f 8828 8829 8555
f 8829 8830 8555
f 8830 8557 8555
f 8557 8556 8555
f 8830 8831 8557
f 8831 8832 8557
f 8832 8559 8557
f 8559 8558 8557
f 8832 8833 8559
f 8833 8834 8559
f 8834 8561 8559
f 8561 8560 8559
f 8834 8562 8561
f 8834 8835 8562
f 8835 8563 8562
f 8835 8836 8563
f 8836 8837 8563
f 8837 8564 8563
f 8837 8838 8564
f 8838 8565 8564
f 8838 8839 8565
f 8839 8566 8565
f 8839 8840 8566
f 8840 8568 8566
f 8568 8567 8566
f 8840 8841 8568
f 8841 8842 8568
f 8842 8569 8568
f 8842 8843 8569
f 8843 8570 8569
f 8843 8844 8570
f 8844 8845 8570
f 8845 8572 8570
f 8572 8571 8570
f 8845 8846 8572
f 8846 8573 8572
f 8846 8847 8573
f 8847 8574 8573
f 8847 8848 8574
f 8848 8575 8574
f 8848 8849 8575
f 8849 8576 8575
f 8849 8850 8576
f 8850 8577 8576
f 8850 8851 8577
f 8851 8578 8577
f 8851 8852 8578
f 8852 8579 8578
f 8852 8853 8579
f 8853 8581 8579
f 8581 8580 8579
f 8853 8854 8581
f 8854 8583 8581
f 8583 8582 8581
f 8854 8855 8583
f 8855 8856 8583
f 8856 8584 8583
f 8856 8857 8584
f 8857 8858 8584
f 8858 8859 8584
f 8859 8860 8584
f 8860 8585 8584
f 8860 8861 8585
f 8861 8586 8585
f 8861 8862 8586
f 8862 8587 8586
f 8862 8589 8587
f 8589 8588 8587
f 8862 8863 8589
f 8863 8864 8589
f 8864 8865 8589
f 8865 8590 8589
f 8865 8866 8590
f 8866 8592 8590
f 8592 8591 8590
f 8866 8867 8592
f 8867 8868 8592
f 8868 8869 8592
f 8869 8870 8592
f 8870 8593 8592
f 8870 8595 8593
f 8595 8594 8593
f 8870 8871 8595
f 8871 8596 8595
f 8871 8872 8596
f 8872 8873 8596
f 8873 8597 8596
f 8873 8874 8597
f 8874 8598 8597
f 8874 8875 8598
f 8875 8876 8598
f 8876 8600 8598
f 8600 8599 8598
f 8876 8602 8600
f 8602 8601 8600
f 8876 8877 8602
f 8877 8878 8602
f 8878 8879 8602
f 8879 8880 8602
f 8880 8603 8602
f 8880 8881 8603
f 8881 8604 8603
f 8881 8606 8604
f 8606 8605 8604
f 8881 8882 8606
f 8882 8883 8606
f 8883 8607 8606
f 8883 8884 8607
f 8884 8608 8607
f 8884 8885 8608
f 8885 8609 8608
f 8885 8886 8609
f 8886 8610 8609
f 8886 8887 8610
f 8887 8611 8610
f 8887 8888 8611
f 8888 8612 8611
f 8888 8889 8612
f 8889 8613 8612
f 8889 8890 8613
f 8890 8891 8613
f 8891 8615 8613
f 8615 8614 8613
f 8891 8892 8615
f 8892 8617 8615
f 8617 8616 8615
f 8892 8893 8617
f 8893 8894 8617
f 8894 8618 8617
f 8894 8620 8618
f 8620 8619 8618
f 8894 8895 8620
f 8895 8896 8620
f 8896 8621 8620
f 8896 8897 8621
f 8897 8898 8621
f 8898 8622 8621
f 8622 8899 8623
f 8899 8900 8623
f 8900 8901 8623
f 8901 8624 8623
f 8901 8629 8624
f 8629 8625 8624
f 8903 8902 8626
f 8904 8903 8626
f 8627 8904 8626
f 8905 8904 8627
f 8628 8905 8627
f 8629 8906 8628
f 8906 8905 8628
f 8901 8907 8629
f 8907 8906 8629
f 8660 8908 8630
f 8908 8631 8630
f 8908 8909 8631
f 8909 8910 8631
f 8910 8632 8631
f 8910 8633 8632
f 8910 8911 8633
f 8911 8634 8633
f 8911 8912 8634
f 8912 8635 8634
f 8912 8641 8635
f 8641 8636 8635
f 8641 8637 8636
f 8913 8643 8638
f 8914 8913 8638
f 8915 8914 8638
f 8916 8915 8638
f 8639 8916 8638
f 8917 8916 8639
f 8640 8917 8639
f 8641 8917 8640
f 8912 8918 8641
f 8918 8917 8641
f 8919 8647 8642
f 8643 8919 8642
f 8920 8919 8643
f 8913 8920 8643
f 8921 8650 8644
f 8645 8921 8644
f 8922 8921 8645
f 8923 8922 8645
f 8924 8923 8645
f 8646 8924 8645
f 8919 8924 8646
f 8647 8919 8646
f 8925 8732 8648
f 8649 8925 8648
f 8921 8925 8649
f 8650 8921 8649
f 8074 8926 8651
f 8926 8927 8651
f 8927 8928 8651
f 8928 8652 8651
f 8928 8929 8652
f 8929 8930 8652
f 8930 8653 8652
f 8930 8931 8653
f 8931 8655 8653
f 8655 8654 8653
f 8931 8932 8655
f 8932 8933 8655
f 8933 8934 8655
f 8934 8656 8655
f 8934 8935 8656
f 8935 8657 8656
f 8935 8936 8657
f 8936 8658 8657
f 8936 8937 8658
f 8937 8660 8658
f 8660 8659 8658
f 8937 8938 8660
f 8938 8908 8660
f 8939 8722 8661
f 8662 8939 8661
f 8940 8939 8662
f 8663 8940 8662
f 8941 8940 8663
f 8942 8941 8663
f 8664 8942 8663
f 8943 8942 8664
f 8665 8943 8664
f 8944 8943 8665
f 8666 8944 8665
f 8945 8944 8666
f 8667 8945 8666
f 8946 8945 8667
f 8668 8946 8667
f 8947 8946 8668
f 8669 8947 8668
f 8948 8947 8669
f 8670 8948 8669
f 8949 8948 8670
f 8671 8949 8670
f 8950 8949 8671
f 8672 8950 8671
f 8951 8950 8672
f 8673 8951 8672
f 8952 8951 8673
f 8953 8952 8673
f 8674 8953 8673
f 8954 8953 8674
f 8675 8954 8674
f 8676 8955 8675
f 8955 8954 8675
f 8677 8956 8676
f 8956 8955 8676
f 8679 8956 8677
f 8680 8957 8678
f 8957 8679 8678
f 8957 8958 8679
f 8958 8959 8679
f 8959 8960 8679
f 8960 8956 8679
f 8682 8961 8680
f 8961 8957 8680
f 8684 8962 8681
f 8962 8963 8681
f 8963 8961 8681
f 8961 8682 8681
f 8686 8964 8683
f 8964 8965 8683
f 8965 8962 8683
f 8962 8684 8683
f 8690 8966 8685
f 8966 8967 8685
f 8967 8964 8685
f 8964 8686 8685
f 8729 8727 8689
f 8727 8968 8689
f 8968 8966 8689
f 8966 8690 8689
f 8969 8824 8691
f 8970 8969 8691
f 8971 8970 8691
f 8692 8971 8691
f 8972 8971 8692
f 8693 8972 8692
f 8973 8972 8693
f 8694 8973 8693
f 8696 8973 8694
f 8695 8696 8694
f 8974 8973 8696
f 8975 8974 8696
f 8976 8975 8696
f 8697 8976 8696
f 8977 8976 8697
f 8698 8977 8697
f 8699 8977 8698
f 8978 8977 8699
f 8414 8978 8699
f 8700 8979 8415
f 8980 8979 8700
f 8704 8980 8700
f 8701 8704 8700
f 8702 8704 8701
f 8981 8980 8704
f 8982 8981 8704
f 8705 8982 8704
f 8983 8982 8705
f 8706 8983 8705
f 8984 8983 8706
f 8707 8984 8706
f 8985 8984 8707
f 8708 8985 8707
f 8710 8985 8708
f 8709 8710 8708
f 8986 8985 8710
f 8987 8986 8710
f 8988 8987 8710
f 8712 8988 8710
f 8711 8712 8710
f 8989 8988 8712
f 8990 8989 8712
f 8991 8990 8712
f 8713 8991 8712
f 8714 8991 8713
f 8992 8991 8714
f 8715 8992 8714
f 8993 8992 8715
f 8716 8993 8715
f 8994 8993 8716
f 8717 8994 8716
f 8995 8994 8717
f 8996 8995 8717
f 8997 8996 8717
f 8998 8997 8717
f 8999 8723 8718
f 9000 8999 8718
f 9001 9000 8718
f 8719 9001 8718
f 8721 9001 8719
f 8720 8721 8719
f 9002 9001 8721
f 9003 9002 8721
f 8722 9003 8721
f 9004 9003 8722
f 8939 9004 8722
f 8999 9005 8723
f 9005 9006 8723
f 9006 9007 8723
f 9007 8725 8723
f 8725 8724 8723
f 9007 9008 8725
f 9008 9009 8725
f 9009 8726 8725
f 9009 9010 8726
f 9010 9011 8726
f 9011 9012 8726
f 9012 8968 8726
f 8968 8727 8726
f 8729 8728 8727
f 9013 8447 8730
f 9014 9013 8730
f 9015 9014 8730
f 9016 9015 8730
f 8732 9016 8730
f 8731 8732 8730
f 9017 9016 8732
f 8925 9017 8732
f 8763 9018 8733
f 9018 9019 8733
f 9019 8734 8733
f 9019 9020 8734
f 9020 8735 8734
f 9020 8739 8735
f 8739 8736 8735
f 9020 9021 8739
f 9021 9022 8739
f 9022 9023 8739
f 9023 8741 8739
f 8741 8740 8739
f 9023 9024 8741
f 9024 9025 8741
f 9025 8742 8741
f 9025 9026 8742
f 9026 8743 8742
f 9026 9027 8743
f 9027 8744 8743
f 9027 9028 8744
f 9028 9029 8744
f 9029 8745 8744
f 9029 8747 8745
f 8747 8746 8745
f 9029 9030 8747
f 9030 9031 8747
f 9031 9032 8747
f 9032 8748 8747
f 9032 9033 8748
f 9033 8751 8748
f 8751 8749 8748
f 8751 8750 8749
f 9033 9034 8751
f 9034 9035 8751
f 9035 8825 8751
f 8825 8752 8751
f 9037 9036 8753
f 9036 9038 8753
f 9038 8754 8753
f 9038 8765 8754
f 8769 8756 8755
f 8769 9039 8756
f 9039 8757 8756
f 9039 9040 8757
f 9040 9041 8757
f 9041 9042 8757
f 9042 9043 8757
f 9043 8758 8757
f 9043 8759 8758
f 9043 9044 8759
f 9044 9045 8759
f 9045 8760 8759
f 9045 8763 8760
f 8763 8761 8760
f 8763 8762 8761
f 9045 9046 8763
f 9046 9047 8763
f 9047 9018 8763
f 9038 9036 8765
f 9036 9048 8765
f 9048 9049 8765
f 9049 9050 8765
f 9050 8766 8765
f 9050 8768 8766
f 9050 8769 8768
f 9050 9049 8769
f 9049 9051 8769
f 9051 9052 8769
f 9052 9039 8769
f 8772 8773 8770
f 8771 8772 8770
f 9053 8774 8776
f 8777 9053 8776
f 9054 9053 8777
f 8778 9054 8777
f 9055 9054 8778
f 8779 9055 8778
f 9056 9055 8779
f 8780 9056 8779
f 9057 9056 8780
f 8781 9057 8780
f 9058 8782 8783
f 8784 9058 8783
f 9059 9058 8784
f 8785 9059 8784
f 9060 9059 8785
f 8787 9060 8785
f 8786 8787 8785
f 9061 9060 8787
f 9062 9061 8787
f 8788 9062 8787
f 9063 9062 8788
f 9064 9063 8788
f 8789 9064 8788
f 8791 9064 8789
f 8790 8791 8789
f 9065 9064 8791
f 9066 9065 8791
f 8792 9066 8791
f 9067 9066 8792
f 8793 9067 8792
f 9068 9067 8793
f 8794 9068 8793
f 9069 9068 8794
f 8795 9069 8794
f 9070 9069 8795
f 8796 9070 8795
f 9071 9070 8796
f 8798 9071 8796
f 8797 8798 8796
f 9072 9071 8798
f 9073 9072 8798
f 8799 9073 8798
f 9074 9073 8799
f 8800 9074 8799
f 9075 9074 8800
f 8801 9075 8800
f 9076 9075 8801
f 8803 9076 8801
f 8802 8803 8801
f 9077 9076 8803
f 9078 9077 8803
f 8804 9078 8803
f 9079 9078 8804
f 8805 9079 8804
f 9080 9079 8805
f 8806 9080 8805
f 9081 9080 8806
f 8807 9081 8806
f 9082 9081 8807
f 8808 9082 8807
f 8811 9082 8808
f 8809 8811 8808
f 8810 8811 8809
f 8814 9083 8812
f 8813 8814 8812
f 8815 9083 8814
f 8816 9083 8815
f 9084 9083 8816
f 8817 9084 8816
f 9085 9084 8817
f 8819 9085 8817
f 8818 8819 8817
f 9086 9085 8819
f 8821 9086 8819
f 8820 8821 8819
f 9087 9086 8821
f 9088 9087 8821
f 9089 9088 8821
f 8822 9089 8821
f 9090 9089 8822
f 8823 9090 8822
f 8969 9090 8823
f 8824 8969 8823
f 9035 9091 8825
f 9091 9092 8825
f 9092 9093 8825
f 9093 8826 8825
f 9093 8827 8826
f 9093 9094 8827
f 9094 8828 8827
f 9094 9095 8828
f 9095 9096 8828
f 9096 8829 8828
f 9096 8831 8829
f 8831 8830 8829
f 9096 9097 8831
f 9097 9098 8831
f 9098 9099 8831
f 9099 8832 8831
f 9099 9100 8832
f 9100 8833 8832
f 9100 8835 8833
f 8835 8834 8833
f 9100 9101 8835
f 9101 9102 8835
f 9102 9103 8835
f 9103 9104 8835
f 9104 8836 8835
f 9104 9105 8836
f 9105 8837 8836
f 9105 9106 8837
f 9106 8838 8837
f 9106 9107 8838
f 9107 8839 8838
f 9107 9108 8839
f 9108 8840 8839
f 9108 9109 8840
f 9109 8841 8840
f 9109 9110 8841
f 9110 8842 8841
f 9110 9111 8842
f 9111 8843 8842
f 9111 9112 8843
f 9112 8844 8843
f 9112 9113 8844
f 9113 9114 8844
f 9114 8846 8844
f 8846 8845 8844
f 9114 9115 8846
f 9115 8847 8846
f 9115 9116 8847
f 9116 8848 8847
f 9116 9117 8848
f 9117 8849 8848
f 9117 9118 8849
f 9118 8850 8849
f 9118 9119 8850
f 9119 8851 8850
f 9119 9120 8851
f 9120 8852 8851
f 9120 9121 8852
f 9121 8853 8852
f 9121 8855 8853
f 8855 8854 8853
f 9121 9122 8855
f 9122 9123 8855
f 9123 9124 8855
f 9124 8857 8855
f 8857 8856 8855
f 9124 9125 8857
f 9125 9126 8857
f 9126 9127 8857
f 9127 8858 8857
f 9127 9128 8858
f 9128 8859 8858
f 9128 9129 8859
f 9129 8861 8859
f 8861 8860 8859
f 9129 8863 8861
f 8863 8862 8861
f 9129 9130 8863
f 9130 9131 8863
f 9131 9132 8863
f 9132 8865 8863
f 8865 8864 8863
f 9132 9133 8865
f 9133 9134 8865
f 9134 9135 8865
f 9135 8867 8865
f 8867 8866 8865
f 9135 9136 8867
f 9136 9137 8867
f 9137 9138 8867
f 9138 8868 8867
f 9138 9139 8868
f 9139 8870 8868
f 8870 8869 8868
f 9139 9140 8870
f 9140 8871 8870
f 9140 9141 8871
f 9141 8872 8871
f 9141 9142 8872
f 9142 8875 8872
f 8875 8874 8872
f 8874 8873 8872
f 9142 9143 8875
f 9143 8877 8875
f 8877 8876 8875
f 9143 9144 8877
f 9144 9145 8877
f 9145 9146 8877
f 9146 8878 8877
f 9146 9147 8878
f 9147 8879 8878
f 9147 9148 8879
f 9148 9149 8879
f 9149 8880 8879
f 9149 8882 8880
f 8882 8881 8880
f 9149 9150 8882
f 9150 9151 8882
f 9151 8883 8882
f 9151 9152 8883
f 9152 8884 8883
f 9152 9153 8884
f 9153 8885 8884
f 9153 9154 8885
f 9154 9155 8885
f 9155 8886 8885
f 9155 8887 8886
f 9155 9156 8887
f 9156 8888 8887
f 9156 9157 8888
f 9157 8889 8888
f 9157 9158 8889
f 9158 8890 8889
f 9158 9159 8890
f 9159 9160 8890
f 9160 8892 8890
f 8892 8891 8890
f 9160 9161 8892
f 9161 9162 8892
f 9162 8893 8892
f 9162 8894 8893
f 9162 9163 8894
f 9163 8896 8894
f 8896 8895 8894
f 9163 9164 8896
f 9164 9165 8896
f 9165 9166 8896
f 9166 9167 8896
f 9167 8897 8896
f 9167 9168 8897
f 9168 8898 8897
f 9169 9170 8898
f 9170 8622 8898
f 8622 9170 8899
f 9172 8902 8903
f 9173 9172 8903
f 8904 9173 8903
f 8905 9174 8904
f 9174 9173 8904
f 8906 9175 8905
f 9175 9174 8905
f 8938 9176 8908
f 9176 8909 8908
f 9176 9177 8909
f 9177 8910 8909
f 9177 8918 8910
f 8918 8911 8910
f 8918 8912 8911
f 9178 8920 8913
f 9179 9178 8913
f 9180 9179 8913
f 8914 9180 8913
f 9181 9180 8914
f 9182 9181 8914
f 8915 9182 8914
f 9183 9182 8915
f 8916 9183 8915
f 9184 9183 8916
f 8917 9184 8916
f 8918 9185 8917
f 9185 9186 8917
f 9186 9184 8917
f 9177 9187 8918
f 9187 9185 8918
f 9188 8924 8919
f 8920 9188 8919
f 9189 9188 8920
f 9178 9189 8920
f 9017 8925 8921
f 9190 9017 8921
f 8922 9190 8921
f 9191 9190 8922
f 9192 9191 8922
f 8923 9192 8922
f 9188 9192 8923
f 8924 9188 8923
f 9194 9193 8926
f 9193 8929 8926
f 8929 8927 8926
f 8929 8928 8927
f 9193 9195 8929
f 9195 8930 8929
f 9195 9196 8930
f 9196 9197 8930
f 9197 8932 8930
f 8932 8931 8930
f 9197 9198 8932
f 9198 9199 8932
f 9199 8933 8932
f 9199 9200 8933
f 9200 8934 8933
f 9200 9201 8934
f 9201 8935 8934
f 9201 9202 8935
f 9202 8936 8935
f 9202 8938 8936
f 8938 8937 8936
f 9202 9203 8938
f 9203 9176 8938
f 9204 9004 8939
f 8940 9204 8939
f 9205 9204 8940
f 9206 9205 8940
f 8941 9206 8940
f 9207 9206 8941
f 8942 9207 8941
f 8943 9207 8942
f 9208 9207 8943
f 9209 9208 8943
f 8944 9209 8943
f 9210 9209 8944
f 8945 9210 8944
f 8946 9210 8945
f 9211 9210 8946
f 8947 9211 8946
f 9212 9211 8947
f 8948 9212 8947
f 9213 9212 8948
f 8950 9213 8948
f 8949 8950 8948
f 9214 9213 8950
f 9215 9214 8950
f 8951 9215 8950
f 8952 9215 8951
f 9216 9215 8952
f 8953 9216 8952
f 9217 9216 8953
f 9218 9217 8953
f 8954 9218 8953
f 8955 8960 8954
f 8960 9218 8954
f 8956 8960 8955
f 8961 9219 8957
f 9219 9220 8957
f 9220 8958 8957
f 9220 9221 8958
f 9221 9222 8958
f 9222 8959 8958
f 9222 9223 8959
f 9223 8960 8959
f 9223 9224 8960
f 9224 9218 8960
f 8963 9219 8961
f 8965 9225 8962
f 9225 9226 8962
f 9226 9227 8962
f 9227 8963 8962
f 9227 9220 8963
f 9220 9219 8963
f 8967 9228 8964
f 9228 9225 8964
f 9225 8965 8964
f 8968 9012 8966
f 9012 9229 8966
f 9229 9228 8966
f 9228 8967 8966
f 9230 9090 8969
f 9231 9230 8969
f 9232 9231 8969
f 8970 9232 8969
f 9233 9232 8970
f 8971 9233 8970
f 9234 9233 8971
f 8972 9234 8971
f 8973 9234 8972
f 9235 9234 8973
f 8974 9235 8973
f 9236 9235 8974
f 9237 9236 8974
f 8975 9237 8974
f 9238 9237 8975
f 8976 9238 8975
f 9240 9239 8978
f 9239 9241 8978
f 9242 8979 8980
f 9243 9242 8980
f 9244 9243 8980
f 8981 9244 8980
f 8982 9244 8981
f 9245 9244 8982
f 8983 9245 8982
f 9246 9245 8983
f 8984 9246 8983
f 8985 9246 8984
f 9247 9246 8985
f 8986 9247 8985
f 9248 9247 8986
f 9249 9248 8986
f 8987 9249 8986
f 9250 9249 8987
f 8989 9250 8987
f 8988 8989 8987
f 9251 9250 8989
f 9252 9251 8989
f 9253 9252 8989
f 8990 9253 8989
f 9254 9253 8990
f 8991 9254 8990
f 9255 9254 8991
f 8992 9255 8991
f 9256 9255 8992
f 9257 9256 8992
f 8993 9257 8992
f 9258 9257 8993
f 9259 9258 8993
f 8994 9259 8993
f 9260 9259 8994
f 8995 9260 8994
f 9261 9260 8995
f 9262 9261 8995
f 9263 9262 8995
f 9264 9263 8995
f 8996 9264 8995
f 8997 9264 8996
f 9265 9264 8997
f 9266 9265 8997
f 9267 9266 8997
f 8998 9267 8997
f 8717 9267 8998
f 9268 9005 8999
f 9269 9268 8999
f 9270 9269 8999
f 9271 9270 8999
f 9002 9271 8999
f 9000 9002 8999
f 9001 9002 9000
f 9272 9271 9002
f 9273 9272 9002
f 9003 9273 9002
f 9274 9273 9003
f 9004 9274 9003
f 9204 9274 9004
f 9268 9275 9005
f 9275 9276 9005
f 9276 9277 9005
f 9277 9006 9005
f 9277 9278 9006
f 9278 9279 9006
f 9279 9009 9006
f 9009 9008 9006
f 9008 9007 9006
f 9279 9010 9009
f 9279 9280 9010
f 9280 9011 9010
f 9280 9281 9011
f 9281 9282 9011
f 9282 9229 9011
f 9229 9012 9011
f 9283 8447 9013
f 9284 9283 9013
f 9014 9284 9013
f 9285 9284 9014
f 9190 9285 9014
f 9017 9190 9014
f 9015 9017 9014
f 9016 9017 9015
f 9047 9286 9018
f 9286 9287 9018
f 9287 9019 9018
f 9287 9021 9019
f 9021 9020 9019
f 9287 9288 9021
f 9288 9289 9021
f 9289 9290 9021
f 9290 9022 9021
f 9290 9025 9022
f 9025 9024 9022
f 9024 9023 9022
f 9290 9291 9025
f 9291 9026 9025
f 9291 9292 9026
f 9292 9293 9026
f 9293 9027 9026
f 9293 9294 9027
f 9294 9295 9027
f 9295 9028 9027
f 9295 9030 9028
f 9030 9029 9028
f 9295 9296 9030
f 9296 9297 9030
f 9297 9298 9030
f 9298 9299 9030
f 9299 9031 9030
f 9299 9300 9031
f 9300 9032 9031
f 9300 9034 9032
f 9034 9033 9032
f 9300 9301 9034
f 9301 9302 9034
f 9302 9091 9034
f 9091 9035 9034
f 9037 9303 9036
f 9303 9048 9036
f 9052 9051 9039
f 9051 9304 9039
f 9304 9305 9039
f 9305 9306 9039
f 9306 9041 9039
f 9041 9040 9039
f 9306 9307 9041
f 9307 9308 9041
f 9308 9309 9041
f 9309 9310 9041
f 9310 9042 9041
f 9310 9311 9042
f 9311 9043 9042
f 9311 9044 9043
f 9311 9046 9044
f 9046 9045 9044
f 9311 9312 9046
f 9312 9313 9046
f 9313 9314 9046
f 9314 9315 9046
f 9315 9047 9046
f 9315 9286 9047
f 9303 9316 9048
f 9316 9317 9048
f 9317 9049 9048
f 9317 9318 9049
f 9318 9051 9049
f 9318 9319 9051
f 9319 9304 9051
f 9320 8774 9053
f 9054 9320 9053
f 9055 9320 9054
f 9056 9320 9055
f 9321 9320 9056
f 9322 9321 9056
f 9057 9322 9056
f 9059 8782 9058
f 9323 8782 9059
f 9060 9323 9059
f 9061 9323 9060
f 9324 9323 9061
f 9062 9324 9061
f 9325 9324 9062
f 9326 9325 9062
f 9063 9326 9062
f 9065 9326 9063
f 9064 9065 9063
f 9327 9326 9065
f 9328 9327 9065
f 9066 9328 9065
f 9329 9328 9066
f 9067 9329 9066
f 9330 9329 9067
f 9068 9330 9067
f 9331 9330 9068
f 9069 9331 9068
f 9332 9331 9069
f 9070 9332 9069
f 9333 9332 9070
f 9072 9333 9070
f 9071 9072 9070
f 9334 9333 9072
f 9335 9334 9072
f 9074 9335 9072
f 9073 9074 9072
f 9336 9335 9074
f 9337 9336 9074
f 9075 9337 9074
f 9338 9337 9075
f 9077 9338 9075
f 9076 9077 9075
f 9339 9338 9077
f 9078 9339 9077
f 9340 9339 9078
f 9079 9340 9078
f 9080 9340 9079
f 9081 9340 9080
f 9082 9340 9081
f 8811 9340 9082
f 9084 8812 9083
f 9341 8812 9084
f 9342 9341 9084
f 9343 9342 9084
f 9085 9343 9084
f 9087 9343 9085
f 9086 9087 9085
f 9344 9343 9087
f 9088 9344 9087
f 9345 9344 9088
f 9089 9345 9088
f 9230 9345 9089
f 9090 9230 9089
f 9302 9346 9091
f 9346 9092 9091
f 9346 9347 9092
f 9347 9093 9092
f 9347 9094 9093
f 9347 9348 9094
f 9348 9349 9094
f 9349 9350 9094
f 9350 9095 9094
f 9350 9097 9095
f 9097 9096 9095
f 9350 9351 9097
f 9351 9352 9097
f 9352 9353 9097
f 9353 9354 9097
f 9354 9098 9097
f 9354 9100 9098
f 9100 9099 9098
f 9354 9101 9100
f 9354 9355 9101
f 9355 9102 9101
f 9355 9356 9102
f 9356 9357 9102
f 9357 9358 9102
f 9358 9103 9102
f 9358 9359 9103
f 9359 9104 9103
f 9359 9360 9104
f 9360 9105 9104
f 9360 9361 9105
f 9361 9106 9105
f 9361 9362 9106
f 9362 9107 9106
f 9362 9363 9107
f 9363 9108 9107
f 9363 9364 9108
f 9364 9109 9108
f 9364 9365 9109
f 9365 9110 9109
f 9365 9366 9110
f 9366 9111 9110
f 9366 9367 9111
f 9367 9113 9111
f 9113 9112 9111
f 9367 9368 9113
f 9368 9369 9113
f 9369 9115 9113
f 9115 9114 9113
f 9369 9370 9115
f 9370 9116 9115
f 9370 9371 9116
f 9371 9117 9116
f 9371 9372 9117
f 9372 9118 9117
f 9372 9373 9118
f 9373 9119 9118
f 9373 9374 9119
f 9374 9120 9119
f 9374 9122 9120
f 9122 9121 9120
f 9374 9375 9122
f 9375 9376 9122
f 9376 9123 9122
f 9376 9377 9123
f 9377 9125 9123
f 9125 9124 9123
f 9377 9378 9125
f 9378 9379 9125
f 9379 9126 9125
f 9379 9380 9126
f 9380 9127 9126
f 9380 9381 9127
f 9381 9128 9127
f 9381 9382 9128
f 9382 9130 9128
f 9130 9129 9128
f 9382 9383 9130
f 9383 9131 9130
f 9383 9133 9131
f 9133 9132 9131
f 9383 9384 9133
f 9384 9385 9133
f 9385 9386 9133
f 9386 9135 9133
f 9135 9134 9133
f 9386 9387 9135
f 9387 9388 9135
f 9388 9136 9135
f 9388 9389 9136
f 9389 9390 9136
f 9390 9137 9136
f 9390 9140 9137
f 9140 9138 9137
f 9140 9139 9138
f 9390 9391 9140
f 9391 9392 9140
f 9392 9393 9140
f 9393 9141 9140
f 9393 9394 9141
f 9394 9143 9141
f 9143 9142 9141
f 9394 9395 9143
f 9395 9144 9143
f 9395 9394 9144
f 9394 9396 9144
f 9396 9397 9144
f 9397 9398 9144
f 9398 9145 9144
f 9398 9399 9145
f 9399 9146 9145
f 9399 9400 9146
f 9400 9147 9146
f 9400 9401 9147
f 9401 9402 9147
f 9402 9148 9147
f 9402 9403 9148
f 9403 9404 9148
f 9404 9150 9148
f 9150 9149 9148
f 9404 9405 9150
f 9405 9406 9150
f 9406 9407 9150
f 9407 9151 9150
f 9407 9153 9151
f 9153 9152 9151
f 9407 9408 9153
f 9408 9409 9153
f 9409 9410 9153
f 9410 9154 9153
f 9410 9156 9154
f 9156 9155 9154
f 9410 9411 9156
f 9411 9412 9156
f 9412 9158 9156
f 9158 9157 9156
f 9412 9413 9158
f 9413 9414 9158
f 9414 9415 9158
f 9415 9159 9158
f 9415 9416 9159
f 9416 9161 9159
f 9161 9160 9159
f 9416 9417 9161
f 9417 9162 9161
f 9417 9418 9162
f 9418 9164 9162
f 9164 9163 9162
f 9418 9419 9164
f 9419 9420 9164
f 9420 9165 9164
f 9420 9421 9165
f 9421 9422 9165
f 9422 9166 9165
f 9422 9423 9166
f 9423 9424 9166
f 9424 9167 9166
f 9424 9425 9167
f 9425 9168 9167
f 9175 8906 9171
f 9426 9175 9171
f 9427 8902 9172
f 9428 9427 9172
f 9429 9428 9172
f 9173 9429 9172
f 9174 9430 9173
f 9430 9429 9173
f 9175 9431 9174
f 9431 9430 9174
f 9426 9431 9175
f 9203 9187 9176
f 9187 9177 9176
f 9432 9189 9178
f 9433 9432 9178
f 9434 9433 9178
f 9179 9434 9178
f 9435 9434 9179
f 9436 9435 9179
f 9180 9436 9179
f 9437 9436 9180
f 9438 9437 9180
f 9181 9438 9180
f 9182 9438 9181
f 9439 9438 9182
f 9440 9439 9182
f 9183 9440 9182
f 9184 9186 9183
f 9186 9440 9183
f 9187 9441 9185
f 9441 9442 9185
f 9442 9186 9185
f 9442 9443 9186
f 9443 9444 9186
f 9444 9445 9186
f 9445 9446 9186
f 9446 9440 9186
f 9203 9447 9187
f 9447 9441 9187
f 9448 9192 9188
f 9189 9448 9188
f 9449 9448 9189
f 9450 9449 9189
f 9451 9450 9189
f 9432 9451 9189
f 9452 9285 9190
f 9191 9452 9190
f 9448 9452 9191
f 9192 9448 9191
f 9194 9453 9193
f 9453 9454 9193
f 9454 9195 9193
f 9454 9196 9195
f 9454 9455 9196
f 9455 9456 9196
f 9456 9457 9196
f 9457 9197 9196
f 9457 9458 9197
f 9458 9198 9197
f 9458 9199 9198
f 9458 9459 9199
f 9459 9460 9199
f 9460 9201 9199
f 9201 9200 9199
f 9461 9203 9201
f 9203 9202 9201
f 9461 9447 9203
f 9462 9274 9204
f 9463 9462 9204
f 9205 9463 9204
f 9464 9463 9205
f 9206 9464 9205
f 9465 9464 9206
f 9207 9465 9206
f 9466 9465 9207
f 9208 9466 9207
f 9467 9466 9208
f 9468 9467 9208
f 9209 9468 9208
f 9210 9468 9209
f 9469 9468 9210
f 9211 9469 9210
f 9470 9469 9211
f 9471 9470 9211
f 9212 9471 9211
f 9472 9471 9212
f 9213 9472 9212
f 9473 9472 9213
f 9214 9473 9213
f 9474 9473 9214
f 9215 9474 9214
f 9224 9474 9215
f 9216 9224 9215
f 9217 9224 9216
f 9218 9224 9217
f 9227 9475 9220
f 9475 9476 9220
f 9476 9477 9220
f 9477 9221 9220
f 9477 9478 9221
f 9478 9222 9221
f 9478 9479 9222
f 9479 9223 9222
f 9479 9224 9223
f 9479 9480 9224
f 9480 9481 9224
f 9481 9474 9224
f 9228 9482 9225
f 9482 9483 9225
f 9483 9484 9225
f 9484 9226 9225
f 9484 9227 9226
f 9484 9485 9227
f 9485 9486 9227
f 9486 9475 9227
f 9229 9487 9228
f 9487 9488 9228
f 9488 9482 9228
f 9282 9281 9229
f 9281 9487 9229
f 9489 9345 9230
f 9490 9489 9230
f 9231 9490 9230
f 9491 9490 9231
f 9492 9491 9231
f 9232 9492 9231
f 9233 9492 9232
f 9234 9492 9233
f 9493 9492 9234
f 9235 9493 9234
f 9494 9493 9235
f 9236 9494 9235
f 9495 9494 9236
f 9237 9495 9236
f 9496 9495 9237
f 9238 9496 9237
f 9497 9496 9238
f 9240 9499 9239
f 9499 9500 9239
f 9500 9241 9239
f 9500 9498 9241
f 9498 8978 9241
f 9501 8415 8979
f 9242 9501 8979
f 9502 9501 9242
f 9503 9502 9242
f 9244 9503 9242
f 9243 9244 9242
f 9504 9503 9244
f 9505 9504 9244
f 9245 9505 9244
f 9246 9505 9245
f 9506 9505 9246
f 9247 9506 9246
f 9507 9506 9247
f 9508 9507 9247
f 9248 9508 9247
f 9509 9508 9248
f 9249 9509 9248
f 9251 9509 9249
f 9250 9251 9249
f 9510 9509 9251
f 9511 9510 9251
f 9252 9511 9251
f 9512 9511 9252
f 9253 9512 9252
f 9513 9512 9253
f 9254 9513 9253
f 9514 9513 9254
f 9255 9514 9254
f 9515 9514 9255
f 9256 9515 9255
f 9516 9515 9256
f 9257 9516 9256
f 9517 9516 9257
f 9518 9517 9257
f 9258 9518 9257
f 9259 9518 9258
f 9519 9518 9259
f 9260 9519 9259
f 9520 9519 9260
f 9521 9520 9260
f 9261 9521 9260
f 9522 9521 9261
f 9523 9522 9261
f 9262 9523 9261
f 9263 9524 9262
f 9524 9525 9262
f 9525 9523 9262
f 9526 9524 9263
f 9265 9526 9263
f 9264 9265 9263
f 9527 9526 9265
f 9429 9527 9265
f 9428 9429 9265
f 9427 9428 9265
f 9528 9427 9265
f 9266 9528 9265
f 9267 9528 9266
f 8902 9528 9267
f 9529 9275 9268
f 9530 9529 9268
f 9269 9530 9268
f 9531 9530 9269
f 9532 9531 9269
f 9533 9532 9269
f 9270 9533 9269
f 9534 9533 9270
f 9272 9534 9270
f 9271 9272 9270
f 9535 9534 9272
f 9273 9535 9272
f 9536 9535 9273
f 9274 9536 9273
f 9537 9536 9274
f 9462 9537 9274
f 9529 9538 9275
f 9538 9539 9275
f 9539 9540 9275
f 9540 9276 9275
f 9540 9541 9276
f 9541 9542 9276
f 9542 9278 9276
f 9278 9277 9276
f 9542 9543 9278
f 9543 9544 9278
f 9544 9280 9278
f 9280 9279 9278
f 9544 9545 9280
f 9545 9281 9280
f 9545 9546 9281
f 9546 9488 9281
f 9488 9487 9281
f 9547 8447 9283
f 9548 9547 9283
f 9549 9548 9283
f 9284 9549 9283
f 9550 9549 9284
f 9452 9550 9284
f 9285 9452 9284
f 9315 9551 9286
f 9551 9288 9286
f 9288 9287 9286
f 9551 9552 9288
f 9552 9553 9288
f 9553 9554 9288
f 9554 9289 9288
f 9554 9291 9289
f 9291 9290 9289
f 9554 9555 9291
f 9555 9292 9291
f 9555 9293 9292
f 9555 9556 9293
f 9556 9557 9293
f 9557 9558 9293
f 9558 9295 9293
f 9295 9294 9293
f 9558 9296 9295
f 9558 9559 9296
f 9559 9297 9296
f 9559 9560 9297
f 9560 9561 9297
f 9561 9299 9297
f 9299 9298 9297
f 9561 9562 9299
f 9562 9301 9299
f 9301 9300 9299
f 9562 9563 9301
f 9563 9564 9301
f 9564 9346 9301
f 9346 9302 9301
f 9037 9565 9303
f 9565 9316 9303
f 9319 9566 9304
f 9566 9567 9304
f 9567 9305 9304
f 9567 9306 9305
f 9567 9568 9306
f 9568 9307 9306
f 9568 9569 9307
f 9569 9570 9307
f 9570 9571 9307
f 9571 9572 9307
f 9572 9308 9307
f 9572 9309 9308
f 9572 9573 9309
f 9573 9312 9309
f 9312 9310 9309
f 9312 9311 9310
f 9573 9574 9312
f 9574 9575 9312
f 9575 9576 9312
f 9576 9577 9312
f 9577 9313 9312
f 9577 9578 9313
f 9578 9314 9313
f 9578 9315 9314
f 9578 9551 9315
f 9565 9579 9316
f 9579 9318 9316
f 9318 9317 9316
f 9579 9580 9318
f 9580 9581 9318
f 9581 9319 9318
f 9581 9582 9319
f 9582 9583 9319
f 9583 9568 9319
f 9568 9566 9319
f 9324 9584 9323
f 9585 9584 9324
f 9325 9585 9324
f 9327 9585 9325
f 9326 9327 9325
f 9586 9585 9327
f 9587 9586 9327
f 9329 9587 9327
f 9328 9329 9327
f 9588 9587 9329
f 9589 9588 9329
f 9330 9589 9329
f 9331 9589 9330
f 9332 9589 9331
f 9590 9332 9333
f 9334 9590 9333
f 9335 9590 9334
f 9591 9590 9335
f 9336 9591 9335
f 9337 9591 9336
f 9592 9591 9337
f 9340 9592 9337
f 9339 9340 9337
f 9338 9339 9337
f 9342 9593 9341
f 9593 9594 9341
f 9594 9595 9341
f 9595 9596 9341
f 9343 9597 9342
f 9597 9598 9342
f 9598 9599 9342
f 9599 9593 9342
f 9344 9600 9343
f 9600 9601 9343
f 9601 9602 9343
f 9602 9597 9343
f 9489 9600 9344
f 9345 9489 9344
f 9564 9603 9346
f 9603 9604 9346
f 9604 9605 9346
f 9605 9347 9346
f 9605 9606 9347
f 9606 9348 9347
f 9606 9607 9348
f 9607 9608 9348
f 9608 9350 9348
f 9350 9349 9348
f 9608 9609 9350
f 9609 9351 9350
f 9609 9610 9351
f 9610 9611 9351
f 9611 9352 9351
f 9611 9612 9352
f 9612 9355 9352
f 9355 9353 9352
f 9355 9354 9353
f 9612 9613 9355
f 9613 9356 9355
f 9613 9614 9356
f 9614 9615 9356
f 9615 9616 9356
f 9616 9357 9356
f 9616 9617 9357
f 9617 9358 9357
f 9617 9618 9358
f 9618 9359 9358
f 9618 9619 9359
f 9619 9360 9359
f 9619 9620 9360
f 9620 9361 9360
f 9620 9621 9361
f 9621 9362 9361
f 9621 9622 9362
f 9622 9363 9362
f 9622 9623 9363
f 9623 9364 9363
f 9623 9624 9364
f 9624 9365 9364
f 9624 9625 9365
f 9625 9366 9365
f 9625 9626 9366
f 9626 9627 9366
f 9627 9368 9366
f 9368 9367 9366
f 9627 9628 9368
f 9628 9629 9368
f 9629 9370 9368
f 9370 9369 9368
f 9629 9630 9370
f 9630 9631 9370
f 9631 9371 9370
f 9631 9632 9371
f 9632 9372 9371
f 9632 9633 9372
f 9633 9373 9372
f 9633 9375 9373
f 9375 9374 9373
f 9633 9634 9375
f 9634 9635 9375
f 9635 9376 9375
f 9635 9636 9376
f 9636 9637 9376
f 9637 9377 9376
f 9637 9638 9377
f 9638 9378 9377
f 9638 9639 9378
f 9639 9379 9378
f 9639 9640 9379
f 9640 9641 9379
f 9641 9380 9379
f 9641 9381 9380
f 9641 9642 9381
f 9642 9382 9381
f 9642 9384 9382
f 9384 9383 9382
f 9642 9643 9384
f 9643 9644 9384
f 9644 9645 9384
f 9645 9646 9384
f 9646 9385 9384
f 9646 9387 9385
f 9387 9386 9385
f 9646 9647 9387
f 9647 9648 9387
f 9648 9388 9387
f 9648 9649 9388
f 9649 9389 9388
f 9649 9650 9389
f 9650 9391 9389
f 9391 9390 9389
f 9650 9651 9391
f 9651 9652 9391
f 9652 9653 9391
f 9653 9392 9391
f 9653 9654 9392
f 9654 9394 9392
f 9394 9393 9392
f 9654 9396 9394
f 9654 9653 9396
f 9653 9655 9396
f 9655 9397 9396
f 9655 9656 9397
f 9656 9657 9397
f 9657 9658 9397
f 9658 9399 9397
f 9399 9398 9397
f 9658 9659 9399
f 9659 9400 9399
f 9659 9660 9400
f 9660 9661 9400
f 9661 9401 9400
f 9661 9662 9401
f 9662 9663 9401
f 9663 9403 9401
f 9403 9402 9401
f 9663 9664 9403
f 9664 9405 9403
f 9405 9404 9403
f 9664 9665 9405
f 9665 9406 9405
f 9665 9666 9406
f 9666 9407 9406
f 9666 9667 9407
f 9667 9408 9407
f 9667 9668 9408
f 9668 9409 9408
f 9668 9669 9409
f 9669 9410 9409
f 9669 9670 9410
f 9670 9411 9410
f 9670 9671 9411
f 9671 9412 9411
f 9671 9672 9412
f 9672 9413 9412
f 9672 9673 9413
f 9673 9674 9413
f 9674 9414 9413
f 9674 9675 9414
f 9675 9415 9414
f 9675 9676 9415
f 9676 9417 9415
f 9417 9416 9415
f 9676 9677 9417
f 9677 9418 9417
f 9677 9678 9418
f 9678 9419 9418
f 9678 9679 9419
f 9679 9420 9419
f 9679 9680 9420
f 9680 9421 9420
f 9680 9681 9421
f 9681 9682 9421
f 9682 9422 9421
f 9682 9683 9422
f 9683 9684 9422
f 9684 9423 9422
f 9684 9171 9423
f 9171 9424 9423
f 9171 9425 9424
f 9171 9684 9426
f 9684 9685 9426
f 9685 9686 9426
f 9686 9431 9426
f 9528 8902 9427
f 9687 9527 9429
f 9688 9687 9429
f 9430 9688 9429
f 9431 9689 9430
f 9689 9688 9430
f 9686 9690 9431
f 9690 9689 9431
f 9691 9451 9432
f 9692 9691 9432
f 9435 9692 9432
f 9433 9435 9432
f 9434 9435 9433
f 9693 9692 9435
f 9694 9693 9435
f 9695 9694 9435
f 9696 9695 9435
f 9436 9696 9435
f 9697 9696 9436
f 9698 9697 9436
f 9437 9698 9436
f 9699 9698 9437
f 9438 9699 9437
f 9446 9699 9438
f 9439 9446 9438
f 9440 9446 9439
f 9447 9700 9441
f 9700 9443 9441
f 9443 9442 9441
f 9700 9701 9443
f 9701 9702 9443
f 9702 9703 9443
f 9703 9444 9443
f 9703 9445 9444
f 9703 9704 9445
f 9704 9446 9445
f 9704 9705 9446
f 9705 9699 9446
f 9461 9201 9447
f 9201 9460 9447
f 9460 9706 9447
f 9706 9700 9447
f 9550 9452 9448
f 9449 9550 9448
f 9707 9550 9449
f 9708 9707 9449
f 9451 9708 9449
f 9450 9451 9449
f 9709 9708 9451
f 9710 9709 9451
f 9711 9710 9451
f 9693 9711 9451
f 9691 9693 9451
f 9194 9712 9453
f 9712 9713 9453
f 9713 9454 9453
f 9713 9714 9454
f 9714 9455 9454
f 9714 9715 9455
f 9715 9716 9455
f 9716 9717 9455
f 9717 9718 9455
f 9718 9456 9455
f 9718 9457 9456
f 9718 9458 9457
f 9718 9719 9458
f 9719 9720 9458
f 9720 9701 9458
f 9701 9706 9458
f 9706 9459 9458
f 9706 9460 9459
f 9721 9537 9462
f 9463 9721 9462
f 9722 9721 9463
f 9464 9722 9463
f 9723 9722 9464
f 9465 9723 9464
f 9466 9723 9465
f 9724 9723 9466
f 9725 9724 9466
f 9467 9725 9466
f 9468 9725 9467
f 9726 9725 9468
f 9469 9726 9468
f 9727 9726 9469
f 9470 9727 9469
f 9471 9727 9470
f 9728 9727 9471
f 9472 9728 9471
f 9729 9728 9472
f 9730 9729 9472
f 9481 9730 9472
f 9473 9481 9472
f 9474 9481 9473
f 9486 9731 9475
f 9731 9732 9475
f 9732 9733 9475
f 9733 9476 9475
f 9733 9734 9476
f 9734 9477 9476
f 9734 9735 9477
f 9735 9736 9477
f 9736 9478 9477
f 9736 9737 9478
f 9737 9479 9478
f 9737 9738 9479
f 9738 9739 9479
f 9739 9480 9479
f 9739 9740 9480
f 9740 9481 9480
f 9741 9730 9481
f 9740 9741 9481
f 9488 9742 9482
f 9742 9485 9482
f 9485 9483 9482
f 9485 9484 9483
f 9742 9743 9485
f 9743 9744 9485
f 9744 9731 9485
f 9731 9486 9485
f 9546 9743 9488
f 9743 9742 9488
f 9745 9600 9489
f 9490 9745 9489
f 9746 9745 9490
f 9491 9746 9490
f 9493 9746 9491
f 9492 9493 9491
f 9747 9746 9493
f 9748 9747 9493
f 9749 9748 9493
f 9494 9749 9493
f 9750 9749 9494
f 9496 9750 9494
f 9495 9496 9494
f 9751 9750 9496
f 9497 9751 9496
f 9752 9751 9497
f 8977 8978 9498
f 9500 9753 9498
f 9753 9754 9498
f 9240 9755 9499
f 9755 9756 9499
f 9756 9757 9499
f 9757 9500 9499
f 9757 9758 9500
f 9758 9753 9500
f 9759 9501 9502
f 9760 9759 9502
f 9504 9760 9502
f 9503 9504 9502
f 9761 9760 9504
f 9506 9761 9504
f 9505 9506 9504
f 9762 9761 9506
f 9763 9762 9506
f 9507 9763 9506
f 9508 9763 9507
f 9764 9763 9508
f 9765 9764 9508
f 9766 9765 9508
f 9509 9766 9508
f 9510 9766 9509
f 9767 9766 9510
f 9768 9767 9510
f 9511 9768 9510
f 9769 9768 9511
f 9512 9769 9511
f 9770 9769 9512
f 9513 9770 9512
f 9771 9770 9513
f 9514 9771 9513
f 9772 9771 9514
f 9515 9772 9514
f 9773 9772 9515
f 9516 9773 9515
f 9517 9773 9516
f 9774 9773 9517
f 9518 9774 9517
f 9775 9774 9518
f 9519 9775 9518
f 9776 9775 9519
f 9520 9776 9519
f 9777 9776 9520
f 9521 9777 9520
f 9778 9777 9521
f 9779 9778 9521
f 9780 9779 9521
f 9522 9780 9521
f 9523 9781 9522
f 9781 9782 9522
f 9782 9780 9522
f 9525 9783 9523
f 9783 9781 9523
f 9526 9784 9524
f 9784 9785 9524
f 9785 9525 9524
f 9785 9786 9525
f 9786 9783 9525
f 9527 9687 9526
f 9687 9688 9526
f 9688 9784 9526
f 9787 9538 9529
f 9788 9787 9529
f 9789 9788 9529
f 9790 9789 9529
f 9791 9790 9529
f 9530 9791 9529
f 9531 9791 9530
f 9792 9791 9531
f 9793 9792 9531
f 9794 9793 9531
f 9532 9794 9531
f 9795 9794 9532
f 9533 9795 9532
f 9535 9795 9533
f 9534 9535 9533
f 9796 9795 9535
f 9536 9796 9535
f 9797 9796 9536
f 9798 9797 9536
f 9537 9798 9536
f 9721 9798 9537
f 9787 9799 9538
f 9799 9800 9538
f 9800 9801 9538
f 9801 9539 9538
f 9801 9802 9539
f 9802 9803 9539
f 9803 9541 9539
f 9541 9540 9539
f 9803 9804 9541
f 9804 9805 9541
f 9805 9543 9541
f 9543 9542 9541
f 9805 9806 9543
f 9806 9807 9543
f 9807 9545 9543
f 9545 9544 9543
f 9807 9808 9545
f 9808 9546 9545
f 9808 9743 9546
f 9809 8447 9547
f 9811 9810 9547
f 9548 9811 9547
f 9812 9811 9548
f 9549 9812 9548
f 9813 9812 9549
f 9707 9813 9549
f 9550 9707 9549
f 9578 9577 9551
f 9577 9552 9551
f 9577 9814 9552
f 9814 9815 9552
f 9815 9816 9552
f 9816 9817 9552
f 9817 9553 9552
f 9817 9554 9553
f 9817 9818 9554
f 9818 9819 9554
f 9819 9820 9554
f 9820 9555 9554
f 9820 9821 9555
f 9821 9556 9555
f 9821 9822 9556
f 9822 9823 9556
f 9823 9824 9556
f 9824 9557 9556
f 9824 9559 9557
f 9559 9558 9557
f 9824 9825 9559
f 9825 9826 9559
f 9826 9827 9559
f 9827 9828 9559
f 9828 9560 9559
f 9828 9829 9560
f 9829 9562 9560
f 9562 9561 9560
f 9829 9830 9562
f 9830 9563 9562
f 9830 9831 9563
f 9831 9603 9563
f 9603 9564 9563
f 9568 9567 9566
f 9583 9832 9568
f 9832 9833 9568
f 9833 9834 9568
f 9834 9569 9568
f 9834 9835 9569
f 9835 9836 9569
f 9836 9837 9569
f 9837 9570 9569
f 9837 9838 9570
f 9838 9839 9570
f 9839 9571 9570
f 9839 9572 9571
f 9839 9574 9572
f 9574 9573 9572
f 9839 9840 9574
f 9840 9841 9574
f 9841 9842 9574
f 9842 9575 9574
f 9842 9843 9575
f 9843 9814 9575
f 9814 9576 9575
f 9814 9577 9576
f 9579 9844 9580
f 9844 9581 9580
f 9582 9832 9583
f 9586 9587 9584
f 9585 9586 9584
f 9845 9584 9587
f 9588 9845 9587
f 9589 9845 9588
f 9332 9845 9589
f 9592 9332 9590
f 9591 9592 9590
f 9599 9846 9593
f 9846 9595 9593
f 9595 9594 9593
f 9846 9847 9595
f 9847 9848 9595
f 9848 9849 9595
f 9849 9850 9595
f 9850 9596 9595
f 9850 9851 9596
f 9851 9341 9596
f 9602 9852 9597
f 9852 9599 9597
f 9599 9598 9597
f 9852 9853 9599
f 9853 9854 9599
f 9854 9855 9599
f 9855 9847 9599
f 9847 9846 9599
f 9745 9856 9600
f 9856 9857 9600
f 9857 9858 9600
f 9858 9602 9600
f 9602 9601 9600
f 9858 9859 9602
f 9859 9860 9602
f 9860 9853 9602
f 9853 9852 9602
f 9831 9861 9603
f 9861 9862 9603
f 9862 9604 9603
f 9862 9863 9604
f 9863 9605 9604
f 9863 9864 9605
f 9864 9606 9605
f 9864 9865 9606
f 9865 9866 9606
f 9866 9607 9606
f 9866 9609 9607
f 9609 9608 9607
f 9866 9867 9609
f 9867 9868 9609
f 9868 9869 9609
f 9869 9610 9609
f 9869 9870 9610
f 9870 9611 9610
f 9870 9613 9611
f 9613 9612 9611
f 9870 9871 9613
f 9871 9614 9613
f 9871 9872 9614
f 9872 9873 9614
f 9873 9874 9614
f 9874 9615 9614
f 9874 9875 9615
f 9875 9616 9615
f 9875 9876 9616
f 9876 9617 9616
f 9876 9877 9617
f 9877 9618 9617
f 9877 9878 9618
f 9878 9619 9618
f 9878 9879 9619
f 9879 9620 9619
f 9879 9880 9620
f 9880 9621 9620
f 9880 9881 9621
f 9881 9622 9621
f 9881 9623 9622
f 9881 9882 9623
f 9882 9883 9623
f 9883 9884 9623
f 9884 9624 9623
f 9884 9885 9624
f 9885 9625 9624
f 9885 9886 9625
f 9886 9626 9625
f 9886 9887 9626
f 9887 9888 9626
f 9888 9628 9626
f 9628 9627 9626
f 9888 9889 9628
f 9889 9630 9628
f 9630 9629 9628
f 9889 9890 9630
f 9890 9891 9630
f 9891 9631 9630
f 9891 9892 9631
f 9892 9632 9631
f 9892 9634 9632
f 9634 9633 9632
f 9892 9893 9634
f 9893 9894 9634
f 9894 9635 9634
f 9894 9895 9635
f 9895 9896 9635
f 9896 9636 9635
f 9896 9897 9636
f 9897 9637 9636
f 9897 9898 9637
f 9898 9638 9637
f 9898 9899 9638
f 9899 9639 9638
f 9899 9900 9639
f 9900 9640 9639
f 9900 9901 9640
f 9901 9642 9640
f 9642 9641 9640
f 9901 9902 9642
f 9902 9643 9642
f 9902 9903 9643
f 9903 9904 9643
f 9904 9644 9643
f 9904 9905 9644
f 9905 9645 9644
f 9905 9906 9645
f 9906 9646 9645
f 9906 9907 9646
f 9907 9648 9646
f 9648 9647 9646
f 9907 9908 9648
f 9908 9909 9648
f 9909 9649 9648
f 9909 9910 9649
f 9910 9651 9649
f 9651 9650 9649
f 9910 9911 9651
f 9911 9912 9651
f 9912 9652 9651
f 9912 9913 9652
f 9913 9656 9652
f 9656 9653 9652
f 9656 9655 9653
f 9913 9914 9656
f 9914 9915 9656
f 9915 9657 9656
f 9915 9916 9657
f 9916 9917 9657
f 9917 9658 9657
f 9917 9660 9658
f 9660 9659 9658
f 9917 9918 9660
f 9918 9919 9660
f 9919 9920 9660
f 9920 9661 9660
f 9920 9662 9661
f 9920 9921 9662
f 9921 9922 9662
f 9922 9664 9662
f 9664 9663 9662
f 9922 9923 9664
f 9923 9924 9664
f 9924 9665 9664
f 9924 9925 9665
f 9925 9666 9665
f 9925 9926 9666
f 9926 9667 9666
f 9926 9927 9667
f 9927 9668 9667
f 9927 9928 9668
f 9928 9670 9668
f 9670 9669 9668
f 9928 9756 9670
f 9756 9929 9670
f 9929 9930 9670
f 9930 9931 9670
f 9931 9671 9670
f 9931 9932 9671
f 9932 9933 9671
f 9933 9672 9671
f 9933 9934 9672
f 9934 9673 9672
f 9934 9935 9673
f 9935 9674 9673
f 9935 9936 9674
f 9936 9675 9674
f 9936 9677 9675
f 9677 9676 9675
f 9936 9937 9677
f 9937 9678 9677
f 9937 9938 9678
f 9938 9679 9678
f 9938 9939 9679
f 9939 9940 9679
f 9940 9680 9679
f 9940 9681 9680
f 9940 9941 9681
f 9941 9942 9681
f 9942 9682 9681
f 9942 9943 9682
f 9943 9944 9682
f 9944 9683 9682
f 9944 9945 9683
f 9945 9684 9683
f 9945 9685 9684
f 9945 9686 9685
f 9945 9944 9686
f 9944 9946 9686
f 9946 9947 9686
f 9947 9690 9686
f 9689 9786 9688
f 9786 9785 9688
f 9785 9784 9688
f 9690 9948 9689
f 9948 9786 9689
f 9947 9948 9690
f 9692 9693 9691
f 9949 9711 9693
f 9950 9949 9693
f 9951 9950 9693
f 9694 9951 9693
f 9952 9951 9694
f 9695 9952 9694
f 9953 9952 9695
f 9954 9953 9695
f 9697 9954 9695
f 9696 9697 9695
f 9955 9954 9697
f 9705 9955 9697
f 9698 9705 9697
f 9699 9705 9698
f 9706 9701 9700
f 9720 9956 9701
f 9956 9957 9701
f 9957 9702 9701
f 9957 9703 9702
f 9957 9958 9703
f 9958 9959 9703
f 9959 9960 9703
f 9960 9704 9703
f 9960 9961 9704
f 9961 9705 9704
f 9961 9962 9705
f 9962 9955 9705
f 9709 9813 9707
f 9708 9709 9707
f 9963 9813 9709
f 9964 9963 9709
f 9710 9964 9709
f 9965 9964 9710
f 9949 9965 9710
f 9711 9949 9710
f 9194 9966 9712
f 9966 9967 9712
f 9967 9968 9712
f 9968 9713 9712
f 9968 9969 9713
f 9969 9714 9713
f 9969 9715 9714
f 9969 9970 9715
f 9970 9971 9715
f 9971 9972 9715
f 9972 9973 9715
f 9973 9717 9715
f 9717 9716 9715
f 9973 9974 9717
f 9974 9719 9717
f 9719 9718 9717
f 9974 9975 9719
f 9975 9956 9719
f 9956 9720 9719
f 9976 9798 9721
f 9722 9976 9721
f 9977 9976 9722
f 9723 9977 9722
f 9978 9977 9723
f 9724 9978 9723
f 9725 9978 9724
f 9979 9978 9725
f 9726 9979 9725
f 9980 9979 9726
f 9981 9980 9726
f 9727 9981 9726
f 9982 9981 9727
f 9728 9982 9727
f 9729 9982 9728
f 9741 9982 9729
f 9730 9741 9729
f 9744 9983 9731
f 9983 9984 9731
f 9984 9985 9731
f 9985 9732 9731
f 9985 9733 9732
f 9985 9734 9733
f 9985 9986 9734
f 9986 9987 9734
f 9987 9735 9734
f 9987 9988 9735
f 9988 9989 9735
f 9989 9736 9735
f 9989 9738 9736
f 9738 9737 9736
f 9989 9987 9738
f 9987 9990 9738
f 9990 9991 9738
f 9991 9739 9738
f 9991 9740 9739
f 9991 9741 9740
f 9992 9982 9741
f 9993 9992 9741
f 9994 9993 9741
f 9991 9994 9741
f 9808 9995 9743
f 9995 9983 9743
f 9983 9744 9743
f 9996 9856 9745
f 9746 9996 9745
f 9997 9996 9746
f 9747 9997 9746
f 9998 9997 9747
f 9748 9998 9747
f 9999 9998 9748
f 9749 9999 9748
f 10000 9999 9749
f 9750 10000 9749
f 9751 10000 9750
f 10001 10000 9751
f 9752 10001 9751
f 10002 10001 9752
f 10003 10002 9752
f 9497 10003 9752
f 9758 9754 9753
f 9758 10004 9754
f 10004 10005 9754
f 9240 10006 9755
f 10006 9756 9755
f 10006 9929 9756
f 9928 9927 9756
f 9927 9757 9756
f 9927 9926 9757
f 9926 10007 9757
f 10007 9758 9757
f 10007 10008 9758
f 10008 10004 9758
f 10009 9501 9759
f 10010 10009 9759
f 10011 10010 9759
f 9761 10011 9759
f 9760 9761 9759
f 10012 10011 9761
f 9762 10012 9761
f 9764 10012 9762
f 9763 9764 9762
f 10013 10012 9764
f 10014 10013 9764
f 10015 10014 9764
f 9766 10015 9764
f 9765 9766 9764
f 10016 10015 9766
f 9767 10016 9766
f 10017 10016 9767
f 10018 10017 9767
f 10019 10018 9767
f 9768 10019 9767
f 10020 10019 9768
f 9769 10020 9768
f 10021 10020 9769
f 9770 10021 9769
f 10022 10021 9770
f 10023 10022 9770
f 9771 10023 9770
f 10024 10023 9771
f 9772 10024 9771
f 10025 10024 9772
f 10026 10025 9772
f 9773 10026 9772
f 9774 10026 9773
f 10027 10026 9774
f 9775 10027 9774
f 10028 10027 9775
f 10029 10028 9775
f 9776 10029 9775
f 10030 10029 9776
f 9777 10030 9776
f 9778 10030 9777
f 9779 10031 9778
f 10031 10032 9778
f 10032 10033 9778
f 10033 10034 9778
f 10034 10030 9778
f 9780 10035 9779
f 10035 10031 9779
f 9782 10035 9780
f 9783 9782 9781
f 9783 10036 9782
f 10036 10037 9782
f 10037 10038 9782
f 10038 10039 9782
f 10039 10032 9782
f 10032 10035 9782
f 9786 10036 9783
f 9948 10040 9786
f 10040 10036 9786
f 10041 9799 9787
f 10042 10041 9787
f 10043 10042 9787
f 10044 10043 9787
f 9788 10044 9787
f 10045 10044 9788
f 9789 10045 9788
f 10046 10045 9789
f 10047 10046 9789
f 10048 10047 9789
f 9792 10048 9789
f 9790 9792 9789
f 9791 9792 9790
f 10049 10048 9792
f 10050 10049 9792
f 9794 10050 9792
f 9793 9794 9792
f 10051 10050 9794
f 9796 10051 9794
f 9795 9796 9794
f 10052 10051 9796
f 9797 10052 9796
f 10053 10052 9797
f 10054 10053 9797
f 9798 10054 9797
f 9976 10054 9798
f 10041 10055 9799
f 10055 10056 9799
f 10056 10057 9799
f 10057 9800 9799
f 10057 10058 9800
f 10058 10059 9800
f 10059 9802 9800
f 9802 9801 9800
f 10059 10060 9802
f 10060 10061 9802
f 10061 9804 9802
f 9804 9803 9802
f 10061 10062 9804
f 10062 10063 9804
f 10063 10064 9804
f 10064 9806 9804
f 9806 9805 9804
f 10064 9808 9806
f 9808 9807 9806
f 10064 10065 9808
f 10065 9995 9808
f 9809 8159 8447
f 10067 10066 9810
f 9811 10067 9810
f 10068 10067 9811
f 9812 10068 9811
f 9963 10068 9812
f 9813 9963 9812
f 9843 10069 9814
f 10069 10070 9814
f 10070 10071 9814
f 10071 9815 9814
f 10071 10072 9815
f 10072 10073 9815
f 10073 9820 9815
f 9820 9819 9815
f 9819 9818 9815
f 9818 9817 9815
f 9817 9816 9815
f 10073 10074 9820
f 10074 10075 9820
f 10075 9821 9820
f 10075 10076 9821
f 10076 9822 9821
f 10076 10077 9822
f 10077 10078 9822
f 10078 9823 9822
f 10078 9825 9823
f 9825 9824 9823
f 10078 10079 9825
f 10079 9826 9825
f 10079 10080 9826
f 10080 10081 9826
f 10081 10082 9826
f 10082 9827 9826
f 10082 10083 9827
f 10083 9828 9827
f 10083 9830 9828
f 9830 9829 9828
f 10083 10084 9830
f 10084 9861 9830
f 9861 9831 9830
f 10085 9834 9832
f 9834 9833 9832
f 10085 10086 9834
f 10086 10087 9834
f 10087 10088 9834
f 10088 9835 9834
f 10088 10089 9835
f 10089 10090 9835
f 10090 9836 9835
f 10090 9838 9836
f 9838 9837 9836
f 10090 9840 9838
f 9840 9839 9838
f 10090 10091 9840
f 10091 10092 9840
f 10092 9841 9840
f 10092 10093 9841
f 10093 9842 9841
f 10093 9843 9842
f 10093 10094 9843
f 10094 10069 9843
f 9855 10095 9847
f 10095 10096 9847
f 10096 9848 9847
f 10096 9849 9848
f 10096 10095 9849
f 10095 10097 9849
f 10097 10098 9849
f 10098 10099 9849
f 10099 9850 9849
f 10099 10100 9850
f 10100 10101 9850
f 10101 9851 9850
f 10101 9341 9851
f 9860 10102 9853
f 10102 10103 9853
f 10103 10104 9853
f 10104 10105 9853
f 10105 9854 9853
f 10105 10106 9854
f 10106 9855 9854
f 10106 10095 9855
f 9996 10107 9856
f 10107 10108 9856
f 10108 10109 9856
f 10109 10110 9856
f 10110 9858 9856
f 9858 9857 9856
f 10110 10111 9858
f 10111 9859 9858
f 10111 10112 9859
f 10112 10113 9859
f 10113 10102 9859
f 10102 9860 9859
f 10084 10114 9861
f 10114 10115 9861
f 10115 9862 9861
f 10115 10116 9862
f 10116 9863 9862
f 10116 10117 9863
f 10117 9864 9863
f 10117 10118 9864
f 10118 10119 9864
f 10119 10120 9864
f 10120 9865 9864
f 10120 9867 9865
f 9867 9866 9865
f 10120 10121 9867
f 10121 10122 9867
f 10122 10123 9867
f 10123 9868 9867
f 10123 10124 9868
f 10124 9869 9868
f 10124 9871 9869
f 9871 9870 9869
f 10124 10125 9871
f 10125 9872 9871
f 10125 10126 9872
f 10126 10127 9872
f 10127 10128 9872
f 10128 9873 9872
f 10128 10129 9873
f 10129 9875 9873
f 9875 9874 9873
f 10129 10130 9875
f 10130 10131 9875
f 10131 9876 9875
f 10131 10132 9876
f 10132 9877 9876
f 10132 10133 9877
f 10133 9878 9877
f 10133 10134 9878
f 10134 9879 9878
f 10134 10135 9879
f 10135 9880 9879
f 10135 9882 9880
f 9882 9881 9880
f 10135 10136 9882
f 10136 10137 9882
f 10137 10138 9882
f 10138 9883 9882
f 10138 10139 9883
f 10139 9885 9883
f 9885 9884 9883
f 10139 10140 9885
f 10140 10141 9885
f 10141 9886 9885
f 10141 10142 9886
f 10142 9887 9886
f 10142 10143 9887
f 10143 10144 9887
f 10144 10145 9887
f 10145 9889 9887
f 9889 9888 9887
f 10145 10146 9889
f 10146 9890 9889
f 10146 10147 9890
f 10147 9891 9890
f 10147 9893 9891
f 9893 9892 9891
f 10147 10148 9893
f 10148 10149 9893
f 10149 9894 9893
f 10149 10150 9894
f 10150 10151 9894
f 10151 9895 9894
f 10151 10152 9895
f 10152 9896 9895
f 10152 10153 9896
f 10153 9897 9896
f 10153 10154 9897
f 10154 9898 9897
f 10154 10155 9898
f 10155 9899 9898
f 10155 10156 9899
f 10156 9900 9899
f 10156 9902 9900
f 9902 9901 9900
f 10156 10157 9902
f 10157 10158 9902
f 10158 10159 9902
f 10159 10160 9902
f 10160 9903 9902
f 10160 9904 9903
f 10160 10161 9904
f 10161 9905 9904
f 10161 10162 9905
f 10162 9906 9905
f 10162 10163 9906
f 10163 9907 9906
f 10163 10164 9907
f 10164 9908 9907
f 10164 10165 9908
f 10165 9909 9908
f 10165 10166 9909
f 10166 9911 9909
f 9911 9910 9909
f 10166 10167 9911
f 10167 10168 9911
f 10168 9912 9911
f 10168 10169 9912
f 10169 9913 9912
f 10169 10170 9913
f 10170 9914 9913
f 10170 10171 9914
f 10171 10172 9914
f 10172 9915 9914
f 10172 10173 9915
f 10173 9916 9915
f 10173 10174 9916
f 10174 9919 9916
f 9919 9918 9916
f 9918 9917 9916
f 10174 10175 9919
f 10176 9921 9920
f 10176 10177 9921
f 10177 10178 9921
f 10178 9923 9921
f 9923 9922 9921
f 10178 10004 9923
f 10004 9925 9923
f 9925 9924 9923
f 10007 9926 9925
f 10006 9240 9929
f 9240 9930 9929
f 9240 10179 9930
f 10179 9932 9930
f 9932 9931 9930
f 10179 9933 9932
f 10179 10180 9933
f 10180 10181 9933
f 10181 10182 9933
f 10182 9934 9933
f 10182 9935 9934
f 10182 10183 9935
f 10183 10184 9935
f 10184 9936 9935
f 10184 10185 9936
f 10185 9937 9936
f 10185 10186 9937
f 10186 9938 9937
f 10186 10187 9938
f 10187 10188 9938
f 10188 9939 9938
f 10188 10189 9939
f 10189 9940 9939
f 10189 9941 9940
f 10189 10190 9941
f 10190 10191 9941
f 10191 9942 9941
f 10191 10192 9942
f 10192 10193 9942
f 10193 9946 9942
f 9946 9943 9942
f 9946 9944 9943
f 10193 10194 9946
f 10194 9948 9946
f 9948 9947 9946
f 10194 10195 9948
f 10195 10040 9948
f 10196 9965 9949
f 10197 10196 9949
f 10198 10197 9949
f 9950 10198 9949
f 9951 10198 9950
f 10199 10198 9951
f 9952 10199 9951
f 10200 10199 9952
f 9953 10200 9952
f 10201 10200 9953
f 9962 10201 9953
f 9955 9962 9953
f 9954 9955 9953
f 9975 10202 9956
f 10202 9957 9956
f 10202 10203 9957
f 10203 9958 9957
f 10203 9959 9958
f 10203 10204 9959
f 10204 9960 9959
f 10204 10205 9960
f 10205 10201 9960
f 10201 9961 9960
f 10201 9962 9961
f 10206 10068 9963
f 10207 10206 9963
f 10208 10207 9963
f 10196 10208 9963
f 9964 10196 9963
f 9965 10196 9964
f 10210 10209 9966
f 10209 9967 9966
f 10209 10211 9967
f 10211 10212 9967
f 10212 9968 9967
f 10212 9969 9968
f 10212 10213 9969
f 10213 9970 9969
f 10213 10214 9970
f 10214 9971 9970
f 10214 10215 9971
f 10215 10216 9971
f 10216 9973 9971
f 9973 9972 9971
f 10216 10217 9973
f 10217 10218 9973
f 10218 9974 9973
f 10218 10202 9974
f 10202 9975 9974
f 10219 10054 9976
f 10220 10219 9976
f 9977 10220 9976
f 10221 10220 9977
f 10222 10221 9977
f 9978 10222 9977
f 9979 10222 9978
f 10223 10222 9979
f 9980 10223 9979
f 10224 10223 9980
f 9981 10224 9980
f 9992 10224 9981
f 9982 9992 9981
f 9995 10225 9983
f 10225 10226 9983
f 10226 10227 9983
f 10227 9984 9983
f 10227 10228 9984
f 10228 10229 9984
f 10229 9985 9984
f 10229 10230 9985
f 10230 9986 9985
f 10230 10231 9986
f 10231 10232 9986
f 10232 9987 9986
f 10232 10233 9987
f 10233 9990 9987
f 9989 9988 9987
f 10233 10234 9990
f 10234 9994 9990
f 9994 9991 9990
f 10235 10224 9992
f 9993 10235 9992
f 10236 10235 9993
f 10237 10236 9993
f 10238 10237 9993
f 9994 10238 9993
f 10234 10239 9994
f 10239 10238 9994
f 10065 10225 9995
f 10240 10107 9996
f 10241 10240 9996
f 9997 10241 9996
f 9998 10241 9997
f 10242 10241 9998
f 9999 10242 9998
f 10243 10242 9999
f 10244 10243 9999
f 10245 10244 9999
f 10000 10245 9999
f 10001 10245 10000
f 10246 10245 10001
f 10002 10246 10001
f 10247 10246 10002
f 10248 10247 10002
f 10249 10248 10002
f 10003 10249 10002
f 10250 10249 10003
f 9497 10250 10003
f 10008 9925 10004
f 10178 10005 10004
f 10178 10177 10005
f 10177 10251 10005
f 9925 10008 10007
f 10252 9501 10009
f 10253 10252 10009
f 10254 10253 10009
f 10255 10254 10009
f 10012 10255 10009
f 10010 10012 10009
f 10011 10012 10010
f 10013 10255 10012
f 10254 10255 10013
f 10256 10254 10013
f 10014 10256 10013
f 10257 10256 10014
f 10016 10257 10014
f 10015 10016 10014
f 10258 10257 10016
f 10017 10258 10016
f 10259 10258 10017
f 10260 10259 10017
f 10018 10260 10017
f 10019 10260 10018
f 10261 10260 10019
f 10020 10261 10019
f 10262 10261 10020
f 10021 10262 10020
f 10263 10262 10021
f 10022 10263 10021
f 10264 10263 10022
f 10023 10264 10022
f 10024 10264 10023
f 10025 10264 10024
f 10265 10264 10025
f 10266 10265 10025
f 10027 10266 10025
f 10026 10027 10025
f 10029 10267 10028
f 10267 10268 10028
f 10268 10266 10028
f 10266 10027 10028
f 10269 10267 10029
f 10270 10269 10029
f 10030 10270 10029
f 10034 10271 10030
f 10271 10270 10030
f 10035 10032 10031
f 10039 10272 10032
f 10272 10273 10032
f 10273 10034 10032
f 10034 10033 10032
f 10273 10274 10034
f 10274 10275 10034
f 10275 10270 10034
f 10270 10271 10034
f 10040 10037 10036
f 10040 10276 10037
f 10276 10277 10037
f 10277 10039 10037
f 10037 10039 10038
f 10277 10272 10039
f 10195 10278 10040
f 10278 10276 10040
f 10042 10279 10041
f 10280 10279 10042
f 10281 10280 10042
f 10043 10281 10042
f 10282 10281 10043
f 10283 10282 10043
f 10045 10283 10043
f 10044 10045 10043
f 10284 10283 10045
f 10285 10284 10045
f 10046 10285 10045
f 10286 10285 10046
f 10287 10286 10046
f 10047 10287 10046
f 10288 10287 10047
f 10048 10288 10047
f 10289 10288 10048
f 10049 10289 10048
f 10290 10289 10049
f 10050 10290 10049
f 10052 10290 10050
f 10051 10052 10050
f 10291 10290 10052
f 10292 10291 10052
f 10053 10292 10052
f 10293 10292 10053
f 10054 10293 10053
f 10294 10293 10054
f 10219 10294 10054
f 10041 10295 10055
f 10295 10296 10055
f 10296 10297 10055
f 10297 10298 10055
f 10298 10299 10055
f 10299 10057 10055
f 10057 10056 10055
f 10299 10300 10057
f 10300 10058 10057
f 10300 10301 10058
f 10301 10302 10058
f 10302 10060 10058
f 10060 10059 10058
f 10302 10303 10060
f 10303 10304 10060
f 10304 10062 10060
f 10062 10061 10060
f 10304 10305 10062
f 10305 10306 10062
f 10306 10307 10062
f 10307 10063 10062
f 10307 10065 10063
f 10065 10064 10063
f 10307 10308 10065
f 10308 10225 10065
f 10309 10066 10067
f 10206 10309 10067
f 10068 10206 10067
f 10094 10070 10069
f 10094 10310 10070
f 10310 10072 10070
f 10072 10071 10070
f 10310 10311 10072
f 10311 10312 10072
f 10312 10074 10072
f 10074 10073 10072
f 10312 10313 10074
f 10313 10075 10074
f 10313 10076 10075
f 10313 10314 10076
f 10314 10315 10076
f 10315 10316 10076
f 10316 10077 10076
f 10316 10079 10077
f 10079 10078 10077
f 10316 10317 10079
f 10317 10080 10079
f 10317 10318 10080
f 10318 10319 10080
f 10319 10081 10080
f 10319 10320 10081
f 10320 10082 10081
f 10320 10321 10082
f 10321 10083 10082
f 10321 10114 10083
f 10114 10084 10083
f 9832 9582 10085
f 10323 10322 10086
f 10322 10087 10086
f 10322 10088 10087
f 10322 10324 10088
f 10324 10325 10088
f 10325 10326 10088
f 10326 10089 10088
f 10326 10327 10089
f 10327 10090 10089
f 10327 10328 10090
f 10328 10329 10090
f 10329 10091 10090
f 10329 10094 10091
f 10094 10092 10091
f 10094 10093 10092
f 10329 10330 10094
f 10330 10331 10094
f 10331 10311 10094
f 10311 10310 10094
f 10106 10332 10095
f 10332 10333 10095
f 10333 10097 10095
f 10333 10334 10097
f 10334 10098 10097
f 10334 10335 10098
f 10335 10099 10098
f 10335 10336 10099
f 10336 10337 10099
f 10337 10338 10099
f 10338 10100 10099
f 10338 10339 10100
f 10339 10101 10100
f 10113 10340 10102
f 10340 10341 10102
f 10341 10342 10102
f 10342 10103 10102
f 10342 10343 10103
f 10343 10104 10103
f 10343 10344 10104
f 10344 10345 10104
f 10345 10105 10104
f 10345 10346 10105
f 10346 10106 10105
f 10346 10332 10106
f 10240 10347 10107
f 10347 10348 10107
f 10348 10108 10107
f 10348 10349 10108
f 10349 10350 10108
f 10350 10351 10108
f 10351 10109 10108
f 10351 10111 10109
f 10111 10110 10109
f 10351 10352 10111
f 10352 10353 10111
f 10353 10112 10111
f 10353 10354 10112
f 10354 10340 10112
f 10340 10113 10112
f 10321 10355 10114
f 10355 10356 10114
f 10356 10115 10114
f 10356 10357 10115
f 10357 10116 10115
f 10357 10358 10116
f 10358 10117 10116
f 10358 10359 10117
f 10359 10118 10117
f 10359 10360 10118
f 10360 10361 10118
f 10361 10120 10118
f 10120 10119 10118
f 10361 10121 10120
f 10361 10362 10121
f 10362 10363 10121
f 10363 10364 10121
f 10364 10122 10121
f 10364 10365 10122
f 10365 10123 10122
f 10365 10125 10123
f 10125 10124 10123
f 10365 10366 10125
f 10366 10367 10125
f 10367 10126 10125
f 10367 10368 10126
f 10368 10369 10126
f 10369 10370 10126
f 10370 10371 10126
f 10371 10128 10126
f 10128 10127 10126
f 10371 10372 10128
f 10372 10373 10128
f 10373 10129 10128
f 10373 10374 10129
f 10374 10375 10129
f 10375 10130 10129
f 10375 10131 10130
f 10375 10376 10131
f 10376 10132 10131
f 10376 10377 10132
f 10377 10133 10132
f 10377 10378 10133
f 10378 10134 10133
f 10378 10136 10134
f 10136 10135 10134
f 10378 10379 10136
f 10379 10380 10136
f 10380 10138 10136
f 10138 10137 10136
f 10380 10381 10138
f 10381 10382 10138
f 10382 10140 10138
f 10140 10139 10138
f 10382 10383 10140
f 10383 10384 10140
f 10384 10141 10140
f 10384 10385 10141
f 10385 10143 10141
f 10143 10142 10141
f 10385 10386 10143
f 10386 10387 10143
f 10387 10388 10143
f 10388 10146 10143
f 10146 10144 10143
f 10146 10145 10144
f 10388 10148 10146
f 10148 10147 10146
f 10388 10387 10148
f 10387 10389 10148
f 10389 10149 10148
f 10389 10390 10149
f 10390 10391 10149
f 10391 10150 10149
f 10391 10392 10150
f 10392 10151 10150
f 10392 10393 10151
f 10393 10152 10151
f 10393 10394 10152
f 10394 10153 10152
f 10394 10395 10153
f 10395 10154 10153
f 10395 10155 10154
f 10395 10396 10155
f 10396 10397 10155
f 10397 10157 10155
f 10157 10156 10155
f 10397 10398 10157
f 10398 10399 10157
f 10399 10158 10157
f 10399 10400 10158
f 10400 10159 10158
f 10400 10401 10159
f 10401 10160 10159
f 10401 10402 10160
f 10402 10403 10160
f 10403 10161 10160
f 10403 10163 10161
f 10163 10162 10161
f 10403 10404 10163
f 10404 10405 10163
f 10405 10164 10163
f 10405 10406 10164
f 10406 10165 10164
f 10406 10407 10165
f 10407 10167 10165
f 10167 10166 10165
f 10407 10408 10167
f 10408 10409 10167
f 10409 10169 10167
f 10169 10168 10167
f 10409 10410 10169
f 10410 10411 10169
f 10411 10170 10169
f 10411 10412 10170
f 10412 10171 10170
f 10412 10413 10171
f 10413 10173 10171
f 10173 10172 10171
f 10413 10414 10173
f 10414 10174 10173
f 10414 10415 10174
f 10415 10416 10174
f 10416 10175 10174
f 10417 10177 10176
f 10417 10418 10177
f 10418 10419 10177
f 10419 10251 10177
f 8978 10420 9240
f 10420 10179 9240
f 10420 10180 10179
f 10420 10421 10180
f 10421 10422 10180
f 10422 10423 10180
f 10423 10182 10180
f 10182 10181 10180
f 10423 10424 10182
f 10424 10183 10182
f 10424 10425 10183
f 10425 10185 10183
f 10185 10184 10183
f 10425 10186 10185
f 10425 10426 10186
f 10426 10427 10186
f 10427 10428 10186
f 10428 10429 10186
f 10429 10187 10186
f 10429 10430 10187
f 10430 10188 10187
f 10430 10190 10188
f 10190 10189 10188
f 10430 10431 10190
f 10431 10432 10190
f 10432 10433 10190
f 10433 10192 10190
f 10192 10191 10190
f 10433 10434 10192
f 10434 10435 10192
f 10435 10436 10192
f 10436 10193 10192
f 10436 10194 10193
f 10436 10437 10194
f 10437 10195 10194
f 10437 10438 10195
f 10438 10278 10195
f 10439 10208 10196
f 10440 10439 10196
f 10441 10440 10196
f 10442 10441 10196
f 10197 10442 10196
f 10443 10442 10197
f 10198 10443 10197
f 10444 10443 10198
f 10445 10444 10198
f 10199 10445 10198
f 10446 10445 10199
f 10200 10446 10199
f 10447 10446 10200
f 10201 10447 10200
f 10448 10447 10201
f 10205 10448 10201
f 10218 10449 10202
f 10449 10203 10202
f 10449 10448 10203
f 10448 10204 10203
f 10448 10205 10204
f 10450 10309 10206
f 10451 10450 10206
f 10452 10451 10206
f 10439 10452 10206
f 10207 10439 10206
f 10208 10439 10207
f 10210 10453 10209
f 10453 10454 10209
f 10454 10455 10209
f 10455 10211 10209
f 10455 10212 10211
f 10455 10456 10212
f 10456 10213 10212
f 10456 10457 10213
f 10457 10214 10213
f 10457 10458 10214
f 10458 10459 10214
f 10459 10215 10214
f 10459 10460 10215
f 10460 10217 10215
f 10217 10216 10215
f 10460 10461 10217
f 10461 10449 10217
f 10449 10218 10217
f 10462 10294 10219
f 10220 10462 10219
f 10221 10462 10220
f 10463 10462 10221
f 10222 10463 10221
f 10464 10463 10222
f 10223 10464 10222
f 10235 10464 10223
f 10224 10235 10223
f 10308 10465 10225
f 10465 10226 10225
f 10465 10466 10226
f 10466 10227 10226
f 10466 10467 10227
f 10467 10468 10227
f 10468 10228 10227
f 10468 10229 10228
f 10468 10469 10229
f 10469 10230 10229
f 10469 10239 10230
f 10239 10232 10230
f 10232 10231 10230
f 10239 10234 10232
f 10234 10233 10232
f 10470 10464 10235
f 10236 10470 10235
f 10471 10470 10236
f 10472 10471 10236
f 10473 10472 10236
f 10237 10473 10236
f 10474 10473 10237
f 10238 10474 10237
f 10475 10474 10238
f 10239 10475 10238
f 10469 10475 10239
f 10476 10347 10240
f 10477 10476 10240
f 10242 10477 10240
f 10241 10242 10240
f 10478 10477 10242
f 10479 10478 10242
f 10243 10479 10242
f 10480 10479 10243
f 10245 10480 10243
f 10244 10245 10243
f 10481 10480 10245
f 10246 10481 10245
f 10482 10481 10246
f 10247 10482 10246
f 10483 10482 10247
f 10484 10483 10247
f 10485 10484 10247
f 10248 10485 10247
f 10249 10485 10248
f 10486 10485 10249
f 10487 10486 10249
f 10250 10487 10249
f 10419 10488 10251
f 10488 10005 10251
f 10490 10489 10252
f 10491 10490 10252
f 10253 10491 10252
f 10256 10491 10253
f 10254 10256 10253
f 10492 10491 10256
f 10493 10492 10256
f 10258 10493 10256
f 10257 10258 10256
f 10494 10493 10258
f 10495 10494 10258
f 10259 10495 10258
f 10496 10495 10259
f 10497 10496 10259
f 10260 10497 10259
f 10498 10497 10260
f 10261 10498 10260
f 10499 10498 10261
f 10500 10499 10261
f 10262 10500 10261
f 10501 10500 10262
f 10263 10501 10262
f 10265 10501 10263
f 10264 10265 10263
f 10502 10501 10265
f 10503 10502 10265
f 10504 10503 10265
f 10505 10504 10265
f 10266 10505 10265
f 10506 10505 10266
f 10268 10506 10266
f 10269 10507 10267
f 10507 10508 10267
f 10508 10506 10267
f 10506 10268 10267
f 10270 10509 10269
f 10509 10507 10269
f 10275 10510 10270
f 10510 10509 10270
f 10277 10511 10272
f 10511 10512 10272
f 10512 10513 10272
f 10513 10273 10272
f 10513 10274 10273
f 10513 10514 10274
f 10514 10515 10274
f 10515 10275 10274
f 10515 10516 10275
f 10516 10510 10275
f 10278 10438 10276
f 10438 10517 10276
f 10517 10518 10276
f 10518 10277 10276
f 10518 10511 10277
f 10280 10519 10279
f 10519 10520 10279
f 10520 10296 10279
f 10296 10295 10279
f 10295 10041 10279
f 10521 10519 10280
f 10281 10521 10280
f 10522 10521 10281
f 10282 10522 10281
f 10523 10522 10282
f 10284 10523 10282
f 10283 10284 10282
f 10524 10523 10284
f 10285 10524 10284
f 10525 10524 10285
f 10526 10525 10285
f 10527 10526 10285
f 10286 10527 10285
f 10528 10527 10286
f 10287 10528 10286
f 10529 10528 10287
f 10288 10529 10287
f 10530 10529 10288
f 10289 10530 10288
f 10291 10530 10289
f 10290 10291 10289
f 10531 10530 10291
f 10532 10531 10291
f 10292 10532 10291
f 10533 10532 10292
f 10293 10533 10292
f 10294 10533 10293
f 10534 10533 10294
f 10462 10534 10294
f 10520 10535 10296
f 10535 10536 10296
f 10536 10297 10296
f 10536 10537 10297
f 10537 10538 10297
f 10538 10298 10297
f 10538 10539 10298
f 10539 10300 10298
f 10300 10299 10298
f 10539 10540 10300
f 10540 10301 10300
f 10540 10541 10301
f 10541 10542 10301
f 10542 10303 10301
f 10303 10302 10301
f 10542 10543 10303
f 10543 10305 10303
f 10305 10304 10303
f 10543 10544 10305
f 10544 10545 10305
f 10545 10546 10305
f 10546 10306 10305
f 10546 10308 10306
f 10308 10307 10306
f 10546 10547 10308
f 10547 10465 10308
f 10548 10066 10309
f 10450 10548 10309
f 10331 10549 10311
f 10549 10550 10311
f 10550 10313 10311
f 10313 10312 10311
f 10550 10551 10313
f 10551 10552 10313
f 10552 10314 10313
f 10552 10553 10314
f 10553 10554 10314
f 10554 10555 10314
f 10555 10315 10314
f 10555 10317 10315
f 10317 10316 10315
f 10555 10556 10317
f 10556 10557 10317
f 10557 10558 10317
f 10558 10559 10317
f 10559 10318 10317
f 10559 10560 10318
f 10560 10319 10318
f 10560 10561 10319
f 10561 10320 10319
f 10561 10355 10320
f 10355 10321 10320
f 10323 10324 10322
f 10323 10562 10324
f 10562 10563 10324
f 10563 10564 10324
f 10564 10325 10324
f 10564 10565 10325
f 10565 10326 10325
f 10565 10566 10326
f 10566 10327 10326
f 10566 10567 10327
f 10567 10328 10327
f 10567 10330 10328
f 10330 10329 10328
f 10567 10568 10330
f 10568 10569 10330
f 10569 10549 10330
f 10549 10331 10330
f 10346 10570 10332
f 10570 10334 10332
f 10334 10333 10332
f 10570 10571 10334
f 10571 10572 10334
f 10572 10335 10334
f 10572 10336 10335
f 10572 10573 10336
f 10573 10574 10336
f 10574 10575 10336
f 10575 10337 10336
f 10575 10576 10337
f 10576 10338 10337
f 10576 10577 10338
f 10577 10339 10338
f 10577 10578 10339
f 10578 10579 10339
f 10579 10101 10339
f 10354 10580 10340
f 10580 10581 10340
f 10581 10582 10340
f 10582 10342 10340
f 10342 10341 10340
f 10582 10583 10342
f 10583 10584 10342
f 10584 10585 10342
f 10585 10344 10342
f 10344 10343 10342
f 10585 10586 10344
f 10586 10587 10344
f 10587 10588 10344
f 10588 10589 10344
f 10589 10345 10344
f 10589 10590 10345
f 10590 10346 10345
f 10590 10570 10346
f 10591 10348 10347
f 10591 10592 10348
f 10592 10349 10348
f 10592 10593 10349
f 10593 10594 10349
f 10594 10595 10349
f 10595 10350 10349
f 10595 10352 10350
f 10352 10351 10350
f 10595 10596 10352
f 10596 10353 10352
f 10596 10597 10353
f 10597 10598 10353
f 10598 10580 10353
f 10580 10354 10353
f 10561 10599 10355
f 10599 10600 10355
f 10600 10356 10355
f 10600 10601 10356
f 10601 10357 10356
f 10601 10602 10357
f 10602 10358 10357
f 10602 10603 10358
f 10603 10359 10358
f 10603 10604 10359
f 10604 10605 10359
f 10605 10360 10359
f 10605 10362 10360
f 10362 10361 10360
f 10605 10606 10362
f 10606 10607 10362
f 10607 10363 10362
f 10607 10608 10363
f 10608 10364 10363
f 10608 10366 10364
f 10366 10365 10364
f 10608 10609 10366
f 10609 10367 10366
f 10609 10610 10367
f 10610 10611 10367
f 10611 10368 10367
f 10611 10612 10368
f 10612 10613 10368
f 10613 10369 10368
f 10613 10614 10369
f 10614 10370 10369
f 10614 10615 10370
f 10615 10616 10370
f 10616 10372 10370
f 10372 10371 10370
f 10616 10617 10372
f 10617 10373 10372
f 10617 10618 10373
f 10618 10374 10373
f 10618 10619 10374
f 10619 10375 10374
f 10619 10620 10375
f 10620 10376 10375
f 10620 10621 10376
f 10621 10377 10376
f 10621 10622 10377
f 10622 10378 10377
f 10622 10623 10378
f 10623 10379 10378
f 10623 10624 10379
f 10624 10380 10379
f 10624 10625 10380
f 10625 10381 10380
f 10625 10626 10381
f 10626 10383 10381
f 10383 10382 10381
f 10626 10627 10383
f 10627 10628 10383
f 10628 10384 10383
f 10628 10629 10384
f 10629 10385 10384
f 10629 10630 10385
f 10630 10386 10385
f 10630 10389 10386
f 10389 10387 10386
f 10630 10631 10389
f 10631 10632 10389
f 10632 10390 10389
f 10632 10633 10390
f 10633 10391 10390
f 10633 10634 10391
f 10634 10392 10391
f 10634 10635 10392
f 10635 10393 10392
f 10635 10394 10393
f 10635 10636 10394
f 10636 10637 10394
f 10637 10396 10394
f 10396 10395 10394
f 10637 10638 10396
f 10638 10639 10396
f 10639 10397 10396
f 10639 10640 10397
f 10640 10398 10397
f 10640 10641 10398
f 10641 10399 10398
f 10641 10642 10399
f 10642 10400 10399
f 10642 10643 10400
f 10643 10401 10400
f 10643 10644 10401
f 10644 10402 10401
f 10644 10645 10402
f 10645 10404 10402
f 10404 10403 10402
f 10645 10646 10404
f 10646 10647 10404
f 10647 10405 10404
f 10647 10648 10405
f 10648 10406 10405
f 10648 10649 10406
f 10649 10408 10406
f 10408 10407 10406
f 10649 10650 10408
f 10650 10651 10408
f 10651 10409 10408
f 10651 10652 10409
f 10652 10410 10409
f 10652 10653 10410
f 10653 10411 10410
f 10653 10654 10411
f 10654 10412 10411
f 10654 10655 10412
f 10655 10656 10412
f 10656 10413 10412
f 10656 10657 10413
f 10657 10658 10413
f 10658 10414 10413
f 10658 10415 10414
f 10658 10659 10415
f 10659 10660 10415
f 10660 10661 10415
f 10661 10416 10415
f 10416 10661 10417
f 10661 10662 10417
f 10662 10488 10417
f 10488 10418 10417
f 10488 10419 10418
f 8978 10663 10420
f 10663 10664 10420
f 10664 10421 10420
f 10664 10665 10421
f 10665 10666 10421
f 10666 10424 10421
f 10424 10423 10421
f 10423 10422 10421
f 10666 10425 10424
f 10666 10426 10425
f 10666 10665 10426
f 10665 10667 10426
f 10667 10668 10426
f 10668 10669 10426
f 10669 10427 10426
f 10669 10670 10427
f 10670 10671 10427
f 10671 10429 10427
f 10429 10428 10427
f 10671 10672 10429
f 10672 10431 10429
f 10431 10430 10429
f 10672 10673 10431
f 10673 10674 10431
f 10674 10675 10431
f 10675 10432 10431
f 10675 10434 10432
f 10434 10433 10432
f 10675 10676 10434
f 10676 10677 10434
f 10677 10437 10434
f 10437 10435 10434
f 10437 10436 10435
f 10677 10678 10437
f 10678 10517 10437
f 10517 10438 10437
f 10679 10452 10439
f 10680 10679 10439
f 10681 10680 10439
f 10440 10681 10439
f 10682 10681 10440
f 10441 10682 10440
f 10683 10682 10441
f 10684 10683 10441
f 10442 10684 10441
f 10443 10684 10442
f 10685 10684 10443
f 10686 10685 10443
f 10444 10686 10443
f 10687 10686 10444
f 10445 10687 10444
f 10446 10687 10445
f 10688 10687 10446
f 10689 10688 10446
f 10447 10689 10446
f 10448 10690 10447
f 10690 10691 10447
f 10691 10689 10447
f 10449 10461 10448
f 10461 10690 10448
f 10692 10548 10450
f 10693 10692 10450
f 10451 10693 10450
f 10679 10693 10451
f 10452 10679 10451
f 10695 10694 10453
f 10694 10455 10453
f 10455 10454 10453
f 10694 10696 10455
f 10696 10697 10455
f 10697 10698 10455
f 10698 10456 10455
f 10698 10699 10456
f 10699 10457 10456
f 10699 10700 10457
f 10700 10458 10457
f 10700 10701 10458
f 10701 10459 10458
f 10701 10691 10459
f 10691 10461 10459
f 10461 10460 10459
f 10691 10690 10461
f 10702 10534 10462
f 10463 10702 10462
f 10470 10702 10463
f 10464 10470 10463
f 10547 10703 10465
f 10703 10466 10465
f 10703 10704 10466
f 10704 10467 10466
f 10704 10469 10467
f 10469 10468 10467
f 10704 10475 10469
f 10705 10702 10470
f 10471 10705 10470
f 10706 10705 10471
f 10707 10706 10471
f 10708 10707 10471
f 10472 10708 10471
f 10709 10708 10472
f 10473 10709 10472
f 10710 10709 10473
f 10474 10710 10473
f 10475 10711 10474
f 10711 10710 10474
f 10704 10712 10475
f 10712 10711 10475
f 10714 10713 10476
f 10478 10714 10476
f 10477 10478 10476
f 10715 10714 10478
f 10479 10715 10478
f 10481 10715 10479
f 10480 10481 10479
f 10716 10715 10481
f 10717 10716 10481
f 10482 10717 10481
f 10718 10717 10482
f 10483 10718 10482
f 10719 10718 10483
f 10484 10719 10483
f 10720 10719 10484
f 10485 10720 10484
f 10721 10720 10485
f 10486 10721 10485
f 10722 10721 10486
f 10487 10722 10486
f 10723 10722 10487
f 10662 10724 10488
f 10724 10725 10488
f 10725 10726 10488
f 10726 10727 10488
f 10728 10489 10490
f 10492 10728 10490
f 10491 10492 10490
f 10729 10728 10492
f 10730 10729 10492
f 10494 10730 10492
f 10493 10494 10492
f 10731 10730 10494
f 10732 10731 10494
f 10733 10732 10494
f 10495 10733 10494
f 10734 10733 10495
f 10496 10734 10495
f 10497 10734 10496
f 10735 10734 10497
f 10736 10735 10497
f 10498 10736 10497
f 10499 10736 10498
f 10502 10736 10499
f 10737 10502 10499
f 10500 10737 10499
f 10501 10737 10500
f 10502 10737 10501
f 10738 10736 10502
f 10739 10738 10502
f 10740 10739 10502
f 10503 10740 10502
f 10741 10740 10503
f 10742 10741 10503
f 10504 10742 10503
f 10743 10742 10504
f 10744 10743 10504
f 10506 10744 10504
f 10505 10506 10504
f 10745 10744 10506
f 10508 10745 10506
f 10509 10746 10507
f 10746 10745 10507
f 10745 10508 10507
f 10510 10746 10509
f 10516 10747 10510
f 10747 10748 10510
f 10748 10749 10510
f 10749 10750 10510
f 10750 10751 10510
f 10751 10746 10510
f 10518 10752 10511
f 10752 10753 10511
f 10753 10754 10511
f 10754 10755 10511
f 10755 10756 10511
f 10756 10512 10511
f 10756 10514 10512
f 10514 10513 10512
f 10756 10757 10514
f 10757 10758 10514
f 10758 10515 10514
f 10758 10759 10515
f 10759 10747 10515
f 10747 10516 10515
f 10678 10760 10517
f 10760 10761 10517
f 10761 10753 10517
f 10753 10752 10517
f 10752 10518 10517
f 10762 10520 10519
f 10763 10762 10519
f 10764 10763 10519
f 10521 10764 10519
f 10762 10765 10520
f 10765 10766 10520
f 10766 10767 10520
f 10767 10535 10520
f 10768 10764 10521
f 10522 10768 10521
f 10524 10769 10522
f 10523 10524 10522
f 10770 10769 10524
f 10771 10770 10524
f 10525 10771 10524
f 10772 10771 10525
f 10773 10772 10525
f 10774 10773 10525
f 10526 10774 10525
f 10775 10774 10526
f 10527 10775 10526
f 10776 10775 10527
f 10528 10776 10527
f 10777 10776 10528
f 10530 10777 10528
f 10529 10530 10528
f 10778 10777 10530
f 10531 10778 10530
f 10779 10778 10531
f 10532 10779 10531
f 10780 10779 10532
f 10533 10780 10532
f 10781 10780 10533
f 10782 10781 10533
f 10534 10782 10533
f 10705 10782 10534
f 10702 10705 10534
f 10767 10536 10535
f 10767 10783 10536
f 10783 10784 10536
f 10784 10785 10536
f 10785 10537 10536
f 10785 10538 10537
f 10785 10786 10538
f 10786 10787 10538
f 10787 10540 10538
f 10540 10539 10538
f 10787 10788 10540
f 10788 10789 10540
f 10789 10541 10540
f 10789 10790 10541
f 10790 10791 10541
f 10791 10542 10541
f 10791 10544 10542
f 10544 10543 10542
f 10791 10792 10544
f 10792 10793 10544
f 10793 10794 10544
f 10794 10545 10544
f 10794 10547 10545
f 10547 10546 10545
f 10794 10795 10547
f 10795 10796 10547
f 10796 10703 10547
f 10798 10797 10548
f 10692 10798 10548
f 10569 10799 10549
f 10799 10800 10549
f 10800 10551 10549
f 10551 10550 10549
f 10800 10801 10551
f 10801 10552 10551
f 10801 10802 10552
f 10802 10803 10552
f 10803 10553 10552
f 10803 10804 10553
f 10804 10805 10553
f 10805 10555 10553
f 10555 10554 10553
f 10805 10806 10555
f 10806 10556 10555
f 10806 10807 10556
f 10807 10557 10556
f 10807 10808 10557
f 10808 10809 10557
f 10809 10810 10557
f 10810 10558 10557
f 10810 10811 10558
f 10811 10559 10558
f 10811 10812 10559
f 10812 10560 10559
f 10812 10599 10560
f 10599 10561 10560
f 10814 10813 10562
f 10813 10815 10562
f 10815 10563 10562
f 10815 10816 10563
f 10816 10564 10563
f 10816 10565 10564
f 10816 10817 10565
f 10817 10567 10565
f 10567 10566 10565
f 10817 10818 10567
f 10818 10568 10567
f 10818 10819 10568
f 10819 10820 10568
f 10820 10799 10568
f 10799 10569 10568
f 10590 10821 10570
f 10821 10571 10570
f 10821 10822 10571
f 10822 10823 10571
f 10823 10572 10571
f 10823 10824 10572
f 10824 10573 10572
f 10824 10825 10573
f 10825 10574 10573
f 10825 10826 10574
f 10826 10575 10574
f 10826 10578 10575
f 10578 10576 10575
f 10578 10577 10576
f 10826 10827 10578
f 10827 10828 10578
f 10828 10829 10578
f 10829 10579 10578
f 10829 10101 10579
f 10598 10830 10580
f 10830 10831 10580
f 10831 10832 10580
f 10832 10581 10580
f 10832 10583 10581
f 10583 10582 10581
f 10832 10833 10583
f 10833 10834 10583
f 10834 10835 10583
f 10835 10586 10583
f 10586 10584 10583
f 10586 10585 10584
f 10835 10836 10586
f 10836 10837 10586
f 10837 10838 10586
f 10838 10588 10586
f 10588 10587 10586
f 10838 10839 10588
f 10839 10840 10588
f 10840 10841 10588
f 10841 10589 10588
f 10841 10821 10589
f 10821 10590 10589
f 10842 10843 10591
f 10843 10592 10591
f 10843 10593 10592
f 10843 10844 10593
f 10844 10845 10593
f 10845 10846 10593
f 10846 10594 10593
f 10846 10596 10594
f 10596 10595 10594
f 10846 10847 10596
f 10847 10848 10596
f 10848 10597 10596
f 10848 10849 10597
f 10849 10830 10597
f 10830 10598 10597
f 10812 10850 10599
f 10850 10851 10599
f 10851 10600 10599
f 10851 10852 10600
f 10852 10601 10600
f 10852 10853 10601
f 10853 10602 10601
f 10853 10854 10602
f 10854 10603 10602
f 10854 10855 10603
f 10855 10856 10603
f 10856 10857 10603
f 10857 10604 10603
f 10857 10858 10604
f 10858 10605 10604
f 10858 10859 10605
f 10859 10606 10605
f 10859 10860 10606
f 10860 10607 10606
f 10860 10609 10607
f 10609 10608 10607
f 10860 10861 10609
f 10861 10862 10609
f 10862 10610 10609
f 10862 10611 10610
f 10862 10863 10611
f 10863 10864 10611
f 10864 10865 10611
f 10865 10613 10611
f 10613 10612 10611
f 10865 10866 10613
f 10866 10614 10613
f 10866 10867 10614
f 10867 10868 10614
f 10868 10869 10614
f 10869 10870 10614
f 10870 10871 10614
f 10871 10615 10614
f 10871 10617 10615
f 10617 10616 10615
f 10871 10872 10617
f 10872 10618 10617
f 10872 10873 10618
f 10873 10619 10618
f 10873 10874 10619
f 10874 10620 10619
f 10874 10875 10620
f 10875 10621 10620
f 10875 10876 10621
f 10876 10622 10621
f 10876 10877 10622
f 10877 10878 10622
f 10878 10623 10622
f 10878 10625 10623
f 10625 10624 10623
f 10878 10879 10625
f 10879 10880 10625
f 10880 10626 10625
f 10880 10881 10626
f 10881 10627 10626
f 10881 10882 10627
f 10882 10628 10627
f 10882 10883 10628
f 10883 10629 10628
f 10883 10884 10629
f 10884 10630 10629
f 10884 10885 10630
f 10885 10631 10630
f 10885 10632 10631
f 10885 10886 10632
f 10886 10887 10632
f 10887 10633 10632
f 10887 10888 10633
f 10888 10634 10633
f 10888 10636 10634
f 10636 10635 10634
f 10888 10889 10636
f 10889 10890 10636
f 10890 10891 10636
f 10891 10637 10636
f 10891 10892 10637
f 10892 10638 10637
f 10892 10893 10638
f 10893 10639 10638
f 10893 10894 10639
f 10894 10640 10639
f 10894 10895 10640
f 10895 10642 10640
f 10642 10641 10640
f 10895 10896 10642
f 10896 10897 10642
f 10897 10898 10642
f 10898 10643 10642
f 10898 10899 10643
f 10899 10644 10643
f 10899 10837 10644
f 10837 10900 10644
f 10900 10645 10644
f 10900 10836 10645
f 10836 10646 10645
f 10836 10901 10646
f 10901 10647 10646
f 10901 10902 10647
f 10902 10648 10647
f 10902 10903 10648
f 10903 10650 10648
f 10650 10649 10648
f 10903 10904 10650
f 10904 10905 10650
f 10905 10651 10650
f 10905 10906 10651
f 10906 10652 10651
f 10906 10907 10652
f 10907 10653 10652
f 10907 10908 10653
f 10908 10654 10653
f 10908 10909 10654
f 10909 10655 10654
f 10909 10910 10655
f 10910 10656 10655
f 10910 10911 10656
f 10911 10912 10656
f 10912 10657 10656
f 10912 10913 10657
f 10913 10659 10657
f 10659 10658 10657
f 10913 10914 10659
f 10914 10724 10659
f 10724 10660 10659
f 10724 10662 10660
f 10662 10661 10660
f 10663 10915 10664
f 10915 10916 10664
f 10916 10667 10664
f 10667 10665 10664
f 10916 10917 10667
f 10917 10918 10667
f 10918 10668 10667
f 10918 10919 10668
f 10919 10920 10668
f 10920 10670 10668
f 10670 10669 10668
f 10920 10921 10670
f 10921 10922 10670
f 10922 10923 10670
f 10923 10672 10670
f 10672 10671 10670
f 10923 10924 10672
f 10924 10673 10672
f 10924 10925 10673
f 10925 10926 10673
f 10926 10674 10673
f 10926 10675 10674
f 10926 10927 10675
f 10927 10676 10675
f 10927 10928 10676
f 10928 10929 10676
f 10929 10678 10676
f 10678 10677 10676
f 10929 10930 10678
f 10930 10760 10678
f 10931 10693 10679
f 10932 10931 10679
f 10933 10932 10679
f 10934 10933 10679
f 10680 10934 10679
f 10935 10934 10680
f 10681 10935 10680
f 10936 10935 10681
f 10682 10936 10681
f 10937 10936 10682
f 10683 10937 10682
f 10684 10937 10683
f 10938 10937 10684
f 10685 10938 10684
f 10939 10938 10685
f 10940 10939 10685
f 10686 10940 10685
f 10687 10940 10686
f 10941 10940 10687
f 10942 10941 10687
f 10688 10942 10687
f 10689 10942 10688
f 10691 10942 10689
f 10701 10943 10691
f 10943 10944 10691
f 10944 10942 10691
f 10931 10798 10692
f 10693 10931 10692
f 10695 10945 10694
f 10945 10696 10694
f 10945 10946 10696
f 10946 10947 10696
f 10947 10697 10696
f 10947 10698 10697
f 10947 10948 10698
f 10948 10949 10698
f 10949 10950 10698
f 10950 10699 10698
f 10950 10700 10699
f 10950 10951 10700
f 10951 10952 10700
f 10952 10943 10700
f 10943 10701 10700
f 10796 10712 10703
f 10712 10704 10703
f 10953 10782 10705
f 10706 10953 10705
f 10954 10953 10706
f 10955 10954 10706
f 10956 10955 10706
f 10707 10956 10706
f 10957 10956 10707
f 10708 10957 10707
f 10958 10957 10708
f 10959 10958 10708
f 10709 10959 10708
f 10710 10960 10709
f 10960 10959 10709
f 10711 10960 10710
f 10712 10961 10711
f 10961 10960 10711
f 10796 10962 10712
f 10962 10961 10712
f 10964 10963 10713
f 10715 10964 10713
f 10714 10715 10713
f 10965 10964 10715
f 10966 10965 10715
f 10716 10966 10715
f 10967 10966 10716
f 10717 10967 10716
f 10968 10967 10717
f 10718 10968 10717
f 10969 10968 10718
f 10970 10969 10718
f 10719 10970 10718
f 10720 10970 10719
f 10971 10970 10720
f 10721 10971 10720
f 10972 10971 10721
f 10722 10972 10721
f 10973 10972 10722
f 10723 10973 10722
f 10974 10973 10723
f 10975 10974 10723
f 10976 10975 10723
f 10487 10976 10723
f 10914 10977 10724
f 10977 10978 10724
f 10978 10979 10724
f 10979 10980 10724
f 10980 10725 10724
f 10980 10726 10725
f 10980 10981 10726
f 10729 10489 10728
f 10982 10489 10729
f 10983 10982 10729
f 10731 10983 10729
f 10730 10731 10729
f 10984 10983 10731
f 10985 10984 10731
f 10733 10985 10731
f 10732 10733 10731
f 10986 10985 10733
f 10987 10986 10733
f 10988 10987 10733
f 10989 10988 10733
f 10734 10989 10733
f 10990 10989 10734
f 10735 10990 10734
f 10991 10990 10735
f 10736 10991 10735
f 10738 10991 10736
f 10992 10991 10738
f 10993 10992 10738
f 10994 10993 10738
f 10739 10994 10738
f 10741 10994 10739
f 10740 10741 10739
f 10995 10994 10741
f 10742 10995 10741
f 10996 10995 10742
f 10997 10996 10742
f 10743 10997 10742
f 10751 10997 10743
f 10745 10751 10743
f 10744 10745 10743
f 10746 10751 10745
f 10759 10998 10747
f 10998 10999 10747
f 10999 10748 10747
f 10999 11000 10748
f 11000 11001 10748
f 11001 11002 10748
f 11002 10749 10748
f 11002 10750 10749
f 11002 10997 10750
f 10997 10751 10750
f 10761 11003 10753
f 11003 10755 10753
f 10755 10754 10753
f 11003 11004 10755
f 11004 11005 10755
f 11005 10757 10755
f 10757 10756 10755
f 11005 11006 10757
f 11006 10758 10757
f 11006 11007 10758
f 11007 10998 10758
f 10998 10759 10758
f 10930 11008 10760
f 11008 11009 10760
f 11009 10761 10760
f 11009 11004 10761
f 11004 11003 10761
f 11010 10765 10762
f 11011 11010 10762
f 11012 11011 10762
f 10763 11012 10762
f 11013 10763 10764
f 11014 11013 10764
f 10768 11014 10764
f 11010 11015 10765
f 11015 11016 10765
f 11016 11017 10765
f 11017 10767 10765
f 10767 10766 10765
f 11017 11018 10767
f 11018 11019 10767
f 11019 11020 10767
f 11020 11021 10767
f 11021 10783 10767
f 11024 10770 10771
f 11025 11024 10771
f 11026 11025 10771
f 10772 11026 10771
f 11027 11026 10772
f 11028 11027 10772
f 11029 11028 10772
f 10773 11029 10772
f 11030 11029 10773
f 10774 11030 10773
f 11031 11030 10774
f 11032 11031 10774
f 10775 11032 10774
f 10776 11032 10775
f 10778 11032 10776
f 10777 10778 10776
f 11033 11032 10778
f 10779 11033 10778
f 11034 11033 10779
f 10780 11034 10779
f 11035 11034 10780
f 11036 11035 10780
f 10953 11036 10780
f 10781 10953 10780
f 10782 10953 10781
f 11021 10784 10783
f 11021 10785 10784
f 11021 11037 10785
f 11037 11038 10785
f 11038 10786 10785
f 11038 11039 10786
f 11039 10788 10786
f 10788 10787 10786
f 11039 11040 10788
f 11040 10789 10788
f 11040 11041 10789
f 11041 11042 10789
f 11042 11043 10789
f 11043 10790 10789
f 11043 10792 10790
f 10792 10791 10790
f 11043 11044 10792
f 11044 11045 10792
f 11045 11046 10792
f 11046 10793 10792
f 11046 10795 10793
f 10795 10794 10793
f 11046 10962 10795
f 10962 10796 10795
f 11048 11047 10797
f 10798 11048 10797
f 11049 11048 10798
f 11050 11049 10798
f 10931 11050 10798
f 10820 11051 10799
f 11051 10801 10799
f 10801 10800 10799
f 11051 11052 10801
f 11052 11053 10801
f 11053 10802 10801
f 11053 10803 10802
f 11053 11054 10803
f 11054 11055 10803
f 11055 11056 10803
f 11056 10806 10803
f 10806 10804 10803
f 10806 10805 10804
f 11056 11057 10806
f 11057 11058 10806
f 11058 10807 10806
f 11058 10808 10807
f 11058 11059 10808
f 11059 11060 10808
f 11060 11061 10808
f 11061 11062 10808
f 11062 10809 10808
f 11062 10810 10809
f 11062 11063 10810
f 11063 10811 10810
f 11063 10850 10811
f 10850 10812 10811
f 10814 11064 10813
f 11064 11065 10813
f 11065 11066 10813
f 11066 11067 10813
f 11067 10815 10813
f 11067 11068 10815
f 11068 10816 10815
f 11068 10818 10816
f 10818 10817 10816
f 11068 11069 10818
f 11069 10819 10818
f 11069 11070 10819
f 11070 11071 10819
f 11071 11072 10819
f 11072 11051 10819
f 11051 10820 10819
f 10841 10896 10821
f 10896 11073 10821
f 11073 11074 10821
f 11074 11075 10821
f 11075 10822 10821
f 11075 11076 10822
f 11076 10823 10822
f 11076 10824 10823
f 11076 11077 10824
f 11077 11078 10824
f 11078 10825 10824
f 11078 10827 10825
f 10827 10826 10825
f 11078 11079 10827
f 11079 11080 10827
f 11080 11081 10827
f 11081 10828 10827
f 11081 11082 10828
f 11082 11083 10828
f 11083 10829 10828
f 10849 10905 10830
f 10905 11084 10830
f 11084 11085 10830
f 11085 10832 10830
f 10832 10831 10830
f 11085 11086 10832
f 11086 10833 10832
f 11086 10902 10833
f 10902 10901 10833
f 10901 10836 10833
f 10836 10834 10833
f 10836 10835 10834
f 10900 10837 10836
f 10899 10838 10837
f 10899 10898 10838
f 10898 10839 10838
f 10898 10897 10839
f 10897 10840 10839
f 10897 10896 10840
f 10896 10841 10840
f 11087 11088 10842
f 11088 11089 10842
f 11089 10843 10842
f 11089 10844 10843
f 11089 11090 10844
f 11090 11091 10844
f 11091 11092 10844
f 11092 10845 10844
f 11092 10848 10845
f 10848 10847 10845
f 10847 10846 10845
f 11092 10907 10848
f 10907 11093 10848
f 11093 10905 10848
f 10905 10849 10848
f 11063 11094 10850
f 11094 11095 10850
f 11095 10851 10850
f 11095 10852 10851
f 11095 11096 10852
f 11096 11097 10852
f 11097 10853 10852
f 11097 11098 10853
f 11098 10854 10853
f 11098 11099 10854
f 11099 10855 10854
f 11099 11100 10855
f 11100 11101 10855
f 11101 10856 10855
f 11101 11102 10856
f 11102 10857 10856
f 11102 11103 10857
f 11103 10858 10857
f 11103 11104 10858
f 11104 10859 10858
f 11104 10861 10859
f 10861 10860 10859
f 11104 11105 10861
f 11105 11106 10861
f 11106 10862 10861
f 11106 11107 10862
f 11107 10863 10862
f 11107 11108 10863
f 11108 11109 10863
f 11109 11110 10863
f 11110 10864 10863
f 11110 11111 10864
f 11111 10865 10864
f 11111 10867 10865
f 10867 10866 10865
f 11111 11112 10867
f 11112 11113 10867
f 11113 11114 10867
f 11114 10868 10867
f 11114 11115 10868
f 11115 11116 10868
f 11116 10869 10868
f 11116 11117 10869
f 11117 11118 10869
f 11118 10870 10869
f 11118 10871 10870
f 11118 11119 10871
f 11119 10872 10871
f 11119 11120 10872
f 11120 10874 10872
f 10874 10873 10872
f 11120 11121 10874
f 11121 11122 10874
f 11122 10875 10874
f 11122 11123 10875
f 11123 10876 10875
f 11123 11124 10876
f 11124 10877 10876
f 11124 11125 10877
f 11125 10878 10877
f 11125 11126 10878
f 11126 10879 10878
f 11126 11127 10879
f 11127 10880 10879
f 11127 11128 10880
f 11128 10881 10880
f 11128 11129 10881
f 11129 10882 10881
f 11129 11130 10882
f 11130 10884 10882
f 10884 10883 10882
f 11130 11131 10884
f 11131 11132 10884
f 11132 11133 10884
f 11133 10885 10884
f 11133 11134 10885
f 11134 10886 10885
f 11134 11135 10886
f 11135 10888 10886
f 10888 10887 10886
f 11135 11136 10888
f 11136 10889 10888
f 11136 11137 10889
f 11137 11138 10889
f 11138 11139 10889
f 11139 10890 10889
f 11139 11140 10890
f 11140 10891 10890
f 11140 11141 10891
f 11141 10892 10891
f 11141 11142 10892
f 11142 10893 10892
f 11142 11073 10893
f 11073 10894 10893
f 11073 10896 10894
f 10896 10895 10894
f 11086 10904 10902
f 10904 10903 10902
f 11086 11084 10904
f 11084 10905 10904
f 11093 10906 10905
f 11093 10907 10906
f 11092 11143 10907
f 11143 10908 10907
f 11143 11144 10908
f 11144 10909 10908
f 11144 11145 10909
f 11145 10910 10909
f 11145 11146 10910
f 11146 11147 10910
f 11147 10911 10910
f 11147 10913 10911
f 10913 10912 10911
f 11147 10977 10913
f 10977 10914 10913
f 10663 11148 10915
f 11148 10917 10915
f 10917 10916 10915
f 11148 10919 10917
f 10919 10918 10917
f 11148 11149 10919
f 11149 10921 10919
f 10921 10920 10919
f 11149 11150 10921
f 11150 11151 10921
f 11151 11152 10921
f 11152 10922 10921
f 11152 10924 10922
f 10924 10923 10922
f 11152 11153 10924
f 11153 11154 10924
f 11154 10925 10924
f 11154 10926 10925
f 11154 11155 10926
f 11155 10927 10926
f 11155 11156 10927
f 11156 11157 10927
f 11157 10928 10927
f 11157 11158 10928
f 11158 10930 10928
f 10930 10929 10928
f 11158 11159 10930
f 11159 11008 10930
f 11160 11050 10931
f 10932 11160 10931
f 11161 11160 10932
f 10933 11161 10932
f 11162 11161 10933
f 10934 11162 10933
f 11163 11162 10934
f 10935 11163 10934
f 11164 11163 10935
f 10936 11164 10935
f 11165 11164 10936
f 10937 11165 10936
f 11166 11165 10937
f 10938 11166 10937
f 11167 11166 10938
f 10939 11167 10938
f 11168 11167 10939
f 10944 11168 10939
f 10940 10944 10939
f 10941 10944 10940
f 10942 10944 10941
f 10952 11169 10943
f 11169 10944 10943
f 11169 11170 10944
f 11170 11171 10944
f 11171 11172 10944
f 11172 11168 10944
f 10695 11173 10945
f 11173 11174 10945
f 11174 10946 10945
f 11174 11175 10946
f 11175 10947 10946
f 11175 11176 10947
f 11176 10948 10947
f 11176 11177 10948
f 11177 11178 10948
f 11178 11179 10948
f 11179 10951 10948
f 10951 10949 10948
f 10951 10950 10949
f 11179 11180 10951
f 11180 11181 10951
f 11181 11171 10951
f 11171 11170 10951
f 11170 10952 10951
f 11170 11169 10952
f 11182 11036 10953
f 10954 11182 10953
f 11183 11182 10954
f 11184 11183 10954
f 11185 11184 10954
f 10955 11185 10954
f 11186 11185 10955
f 10956 11186 10955
f 11187 11186 10956
f 11188 11187 10956
f 10957 11188 10956
f 11189 11188 10957
f 10958 11189 10957
f 10959 11189 10958
f 10960 11190 10959
f 11190 11189 10959
f 10961 11191 10960
f 11191 11190 10960
f 10962 11192 10961
f 11192 11193 10961
f 11193 11191 10961
f 11046 11045 10962
f 11045 11192 10962
f 11194 10963 10964
f 10965 11194 10964
f 11195 11194 10965
f 10966 11195 10965
f 11196 11195 10966
f 10967 11196 10966
f 10968 11196 10967
f 11197 11196 10968
f 11198 11197 10968
f 11199 11198 10968
f 10969 11199 10968
f 11200 11199 10969
f 10970 11200 10969
f 10971 11200 10970
f 11201 11200 10971
f 11202 11201 10971
f 10972 11202 10971
f 11203 11202 10972
f 10973 11203 10972
f 10974 11203 10973
f 11204 11203 10974
f 11205 11204 10974
f 10976 11206 10975
f 11206 11207 10975
f 11207 11208 10975
f 11208 11205 10975
f 11209 11210 10976
f 11210 11211 10976
f 11211 11206 10976
f 11147 11212 10977
f 11212 11213 10977
f 11213 11214 10977
f 11214 11215 10977
f 11215 10978 10977
f 11215 10979 10978
f 11215 11216 10979
f 11216 11217 10979
f 11217 11218 10979
f 11218 10980 10979
f 11218 10981 10980
f 11219 10489 10982
f 11220 11219 10982
f 11221 11220 10982
f 10984 11221 10982
f 10983 10984 10982
f 11222 11221 10984
f 11223 11222 10984
f 10986 11223 10984
f 10985 10986 10984
f 11224 11223 10986
f 11225 11224 10986
f 11226 11225 10986
f 10987 11226 10986
f 11227 11226 10987
f 10988 11227 10987
f 10989 11227 10988
f 11228 11227 10989
f 10990 11228 10989
f 11229 11228 10990
f 10991 11229 10990
f 10992 11229 10991
f 11230 11229 10992
f 11231 11230 10992
f 11232 11231 10992
f 10993 11232 10992
f 11233 11232 10993
f 11234 11233 10993
f 10994 11234 10993
f 11235 11234 10994
f 11236 11235 10994
f 10995 11236 10994
f 11237 11236 10995
f 10996 11237 10995
f 11238 11237 10996
f 10997 11238 10996
f 11002 11239 10997
f 11239 11238 10997
f 11007 11240 10998
f 11240 11241 10998
f 11241 11242 10998
f 11242 11243 10998
f 11243 10999 10998
f 11243 11000 10999
f 11243 11244 11000
f 11244 11245 11000
f 11245 11239 11000
f 11239 11001 11000
f 11239 11002 11001
f 11009 11246 11004
f 11246 11247 11004
f 11247 11248 11004
f 11248 11005 11004
f 11248 11249 11005
f 11249 11006 11005
f 11249 11250 11006
f 11250 11007 11006
f 11250 11251 11007
f 11251 11240 11007
f 11159 11252 11008
f 11252 11246 11008
f 11246 11009 11008
f 11253 11015 11010
f 11254 11253 11010
f 11255 11254 11010
f 11256 11255 11010
f 11257 11256 11010
f 11258 11257 11010
f 11011 11258 11010
f 11022 11258 11011
f 11012 11022 11011
f 11013 11022 11012
f 10763 11013 11012
f 11014 11022 11013
f 11259 11022 11014
f 11260 11259 11014
f 11023 11260 11014
f 11253 11261 11015
f 11261 11262 11015
f 11262 11016 11015
f 11262 11263 11016
f 11263 11264 11016
f 11264 11018 11016
f 11018 11017 11016
f 11264 11265 11018
f 11265 11019 11018
f 11265 11266 11019
f 11266 11267 11019
f 11267 11020 11019
f 11267 11021 11020
f 11267 11268 11021
f 11268 11269 11021
f 11269 11037 11021
f 11270 11258 11022
f 11271 11270 11022
f 11272 11271 11022
f 11259 11272 11022
f 11273 11260 11023
f 11274 11273 11023
f 11025 11274 11023
f 11024 11025 11023
f 11275 11274 11025
f 11276 11275 11025
f 11026 11276 11025
f 11027 11276 11026
f 11277 11276 11027
f 11278 11277 11027
f 11279 11278 11027
f 11028 11279 11027
f 11280 11279 11028
f 11281 11280 11028
f 11030 11281 11028
f 11029 11030 11028
f 11282 11281 11030
f 11283 11282 11030
f 11031 11283 11030
f 11033 11283 11031
f 11032 11033 11031
f 11284 11283 11033
f 11034 11284 11033
f 11182 11284 11034
f 11035 11182 11034
f 11036 11182 11035
f 11269 11038 11037
f 11269 11285 11038
f 11285 11286 11038
f 11286 11040 11038
f 11040 11039 11038
f 11286 11287 11040
f 11287 11041 11040
f 11287 11288 11041
f 11288 11289 11041
f 11289 11290 11041
f 11290 11042 11041
f 11290 11044 11042
f 11044 11043 11042
f 11290 11291 11044
f 11291 11292 11044
f 11292 11192 11044
f 11192 11045 11044
f 11293 11047 11048
f 11049 11293 11048
f 11294 11293 11049
f 11050 11294 11049
f 11295 11294 11050
f 11160 11295 11050
f 11072 11296 11051
f 11296 11297 11051
f 11297 11052 11051
f 11297 11298 11052
f 11298 11053 11052
f 11298 11054 11053
f 11298 11299 11054
f 11299 11300 11054
f 11300 11301 11054
f 11301 11057 11054
f 11057 11055 11054
f 11057 11056 11055
f 11301 11302 11057
f 11302 11303 11057
f 11303 11058 11057
f 11303 11304 11058
f 11304 11059 11058
f 11304 11305 11059
f 11305 11306 11059
f 11306 11307 11059
f 11307 11060 11059
f 11307 11308 11060
f 11308 11061 11060
f 11308 11062 11061
f 11308 11063 11062
f 11308 11309 11063
f 11309 11310 11063
f 11310 11094 11063
f 11312 11311 11064
f 11311 11065 11064
f 11311 11313 11065
f 11313 11069 11065
f 11069 11066 11065
f 11069 11068 11066
f 11068 11067 11066
f 11313 11070 11069
f 11313 11314 11070
f 11314 11315 11070
f 11315 11316 11070
f 11316 11296 11070
f 11296 11071 11070
f 11296 11072 11071
f 11142 11317 11073
f 11317 11074 11073
f 11317 11318 11074
f 11318 11075 11074
f 11318 11319 11075
f 11319 11076 11075
f 11319 11077 11076
f 11319 11320 11077
f 11320 11321 11077
f 11321 11322 11077
f 11322 11079 11077
f 11079 11078 11077
f 11322 11323 11079
f 11323 11324 11079
f 11324 11325 11079
f 11325 11080 11079
f 11325 11326 11080
f 11326 11081 11080
f 11326 11082 11081
f 11326 11083 11082
f 11326 11327 11083
f 11086 11085 11084
f 11328 11329 11087
f 11329 11330 11087
f 11330 11088 11087
f 11330 11331 11088
f 11331 11089 11088
f 11331 11145 11089
f 11145 11090 11089
f 11145 11144 11090
f 11144 11143 11090
f 11143 11091 11090
f 11143 11092 11091
f 11310 11095 11094
f 11310 11332 11095
f 11332 11333 11095
f 11333 11096 11095
f 11333 11097 11096
f 11333 11334 11097
f 11334 11335 11097
f 11335 11098 11097
f 11335 11336 11098
f 11336 11099 11098
f 11336 11337 11099
f 11337 11338 11099
f 11338 11100 11099
f 11338 11339 11100
f 11339 11101 11100
f 11339 11340 11101
f 11340 11102 11101
f 11340 11341 11102
f 11341 11104 11102
f 11104 11103 11102
f 11341 11342 11104
f 11342 11105 11104
f 11342 11106 11105
f 11342 11343 11106
f 11343 11107 11106
f 11343 11344 11107
f 11344 11108 11107
f 11344 11345 11108
f 11345 11346 11108
f 11346 11347 11108
f 11347 11348 11108
f 11348 11109 11108
f 11348 11349 11109
f 11349 11112 11109
f 11112 11110 11109
f 11112 11111 11110
f 11349 11350 11112
f 11350 11351 11112
f 11351 11352 11112
f 11352 11353 11112
f 11353 11113 11112
f 11353 11114 11113
f 11353 11354 11114
f 11354 11355 11114
f 11355 11115 11114
f 11355 11116 11115
f 11355 11356 11116
f 11356 11357 11116
f 11357 11358 11116
f 11358 11119 11116
f 11119 11117 11116
f 11119 11118 11117
f 11358 11359 11119
f 11359 11120 11119
f 11359 11360 11120
f 11360 11121 11120
f 11360 11361 11121
f 11361 11122 11121
f 11361 11362 11122
f 11362 11123 11122
f 11362 11363 11123
f 11363 11125 11123
f 11125 11124 11123
f 11363 11364 11125
f 11364 11365 11125
f 11365 11126 11125
f 11365 11366 11126
f 11366 11128 11126
f 11128 11127 11126
f 11366 11367 11128
f 11367 11368 11128
f 11368 11369 11128
f 11369 11129 11128
f 11369 11131 11129
f 11131 11130 11129
f 11369 11370 11131
f 11370 11371 11131
f 11371 11372 11131
f 11372 11132 11131
f 11372 11373 11132
f 11373 11133 11132
f 11373 11134 11133
f 11373 11374 11134
f 11374 11375 11134
f 11375 11136 11134
f 11136 11135 11134
f 11375 11376 11136
f 11376 11137 11136
f 11376 11377 11137
f 11377 11378 11137
f 11378 11139 11137
f 11139 11138 11137
f 11378 11379 11139
f 11379 11380 11139
f 11380 11140 11139
f 11380 11317 11140
f 11317 11141 11140
f 11317 11142 11141
f 11331 11381 11145
f 11381 11212 11145
f 11212 11146 11145
f 11212 11147 11146
f 10663 11382 11148
f 11382 11383 11148
f 11383 11384 11148
f 11384 11149 11148
f 11384 11385 11149
f 11385 11150 11149
f 11385 11386 11150
f 11386 11153 11150
f 11153 11151 11150
f 11153 11152 11151
f 11386 11387 11153
f 11387 11388 11153
f 11388 11155 11153
f 11155 11154 11153
f 11388 11389 11155
f 11389 11390 11155
f 11390 11156 11155
f 11390 11391 11156
f 11391 11392 11156
f 11392 11158 11156
f 11158 11157 11156
f 11392 11393 11158
f 11393 11252 11158
f 11252 11159 11158
f 11394 11295 11160
f 11395 11394 11160
f 11161 11395 11160
f 11162 11395 11161
f 11396 11395 11162
f 11397 11396 11162
f 11163 11397 11162
f 11398 11397 11163
f 11164 11398 11163
f 11165 11398 11164
f 11399 11398 11165
f 11400 11399 11165
f 11166 11400 11165
f 11167 11400 11166
f 11172 11400 11167
f 11168 11172 11167
f 11181 11401 11171
f 11401 11402 11171
f 11402 11172 11171
f 11402 11403 11172
f 11403 11400 11172
f 10695 11404 11173
f 11404 11405 11173
f 11405 11406 11173
f 11406 11407 11173
f 11407 11174 11173
f 11407 11175 11174
f 11407 11408 11175
f 11408 11176 11175
f 11408 11409 11176
f 11409 11177 11176
f 11409 11410 11177
f 11410 11411 11177
f 11411 11412 11177
f 11412 11179 11177
f 11179 11178 11177
f 11412 11180 11179
f 11412 11413 11180
f 11413 11414 11180
f 11414 11401 11180
f 11401 11181 11180
f 11415 11284 11182
f 11183 11415 11182
f 11280 11415 11183
f 11416 11280 11183
f 11417 11416 11183
f 11184 11417 11183
f 11418 11417 11184
f 11185 11418 11184
f 11419 11418 11185
f 11186 11419 11185
f 11420 11419 11186
f 11421 11420 11186
f 11187 11421 11186
f 11188 11421 11187
f 11422 11421 11188
f 11189 11422 11188
f 11190 11423 11189
f 11423 11422 11189
f 11191 11423 11190
f 11193 11292 11191
f 11292 11423 11191
f 11292 11193 11192
f 11424 10963 11194
f 11425 11424 11194
f 11426 11425 11194
f 11195 11426 11194
f 11196 11426 11195
f 11427 11426 11196
f 11197 11427 11196
f 11428 11427 11197
f 11429 11428 11197
f 11198 11429 11197
f 11430 11429 11198
f 11431 11430 11198
f 11199 11431 11198
f 11200 11431 11199
f 11432 11431 11200
f 11433 11432 11200
f 11201 11433 11200
f 11202 11433 11201
f 11434 11433 11202
f 11435 11434 11202
f 11203 11435 11202
f 11436 11435 11203
f 11437 11436 11203
f 11204 11437 11203
f 11205 11438 11204
f 11438 11439 11204
f 11439 11440 11204
f 11440 11437 11204
f 10974 10975 11205
f 11208 11441 11205
f 11441 11438 11205
f 11211 11207 11206
f 11211 11442 11207
f 11442 11443 11207
f 11443 11441 11207
f 11441 11208 11207
f 11444 11210 11209
f 11445 11444 11209
f 11444 11446 11210
f 11446 11447 11210
f 11447 11211 11210
f 11447 11448 11211
f 11448 11442 11211
f 11381 11449 11212
f 11449 11450 11212
f 11450 11213 11212
f 11450 11451 11213
f 11451 11452 11213
f 11452 11214 11213
f 11452 11215 11214
f 11452 11453 11215
f 11453 11216 11215
f 11453 11454 11216
f 11454 11455 11216
f 11455 11456 11216
f 11456 11217 11216
f 11219 10252 10489
f 11457 10252 11219
f 11458 11457 11219
f 11220 11458 11219
f 11459 11458 11220
f 11222 11459 11220
f 11221 11222 11220
f 11460 11459 11222
f 11461 11460 11222
f 11224 11461 11222
f 11223 11224 11222
f 11462 11461 11224
f 11463 11462 11224
f 11225 11463 11224
f 11464 11463 11225
f 11465 11464 11225
f 11226 11465 11225
f 11466 11465 11226
f 11227 11466 11226
f 11467 11466 11227
f 11228 11467 11227
f 11230 11467 11228
f 11229 11230 11228
f 11468 11467 11230
f 11469 11468 11230
f 11470 11469 11230
f 11231 11470 11230
f 11233 11470 11231
f 11232 11233 11231
f 11471 11470 11233
f 11234 11471 11233
f 11472 11471 11234
f 11235 11472 11234
f 11473 11235 11236
f 11237 11473 11236
f 11475 11474 11237
f 11238 11475 11237
f 11239 11476 11238
f 11476 11475 11238
f 11245 11476 11239
f 11251 11477 11240
f 11477 11478 11240
f 11478 11241 11240
f 11478 11479 11241
f 11479 11243 11241
f 11243 11242 11241
f 11479 11480 11243
f 11480 11244 11243
f 11480 11481 11244
f 11481 11482 11244
f 11482 11475 11244
f 11244 11476 11245
f 11252 11483 11246
f 11483 11484 11246
f 11484 11247 11246
f 11484 11485 11247
f 11485 11248 11247
f 11485 11486 11248
f 11486 11250 11248
f 11250 11249 11248
f 11486 11487 11250
f 11487 11251 11250
f 11487 11488 11251
f 11488 11489 11251
f 11489 11477 11251
f 11393 11490 11252
f 11490 11491 11252
f 11491 11483 11252
f 11254 11492 11253
f 11492 11493 11253
f 11493 11494 11253
f 11494 11495 11253
f 11495 11496 11253
f 11496 11497 11253
f 11498 11492 11254
f 11499 11498 11254
f 11500 11499 11254
f 11255 11500 11254
f 11501 11500 11255
f 11502 11501 11255
f 11256 11502 11255
f 11503 11502 11256
f 11270 11503 11256
f 11257 11270 11256
f 11258 11270 11257
f 11504 11272 11259
f 11260 11504 11259
f 11505 11504 11260
f 11273 11505 11260
f 11253 11497 11261
f 11497 11506 11261
f 11506 11262 11261
f 11506 11507 11262
f 11507 11263 11262
f 11507 11508 11263
f 11508 11265 11263
f 11265 11264 11263
f 11508 11509 11265
f 11509 11266 11265
f 11509 11267 11266
f 11509 11510 11267
f 11510 11268 11267
f 11510 11269 11268
f 11510 11511 11269
f 11511 11285 11269
f 11512 11503 11270
f 11271 11512 11270
f 11513 11512 11271
f 11272 11513 11271
f 11514 11513 11272
f 11504 11514 11272
f 11515 11505 11273
f 11275 11515 11273
f 11274 11275 11273
f 11516 11515 11275
f 11276 11516 11275
f 11277 11516 11276
f 11517 11516 11277
f 11518 11517 11277
f 11519 11518 11277
f 11520 11519 11277
f 11279 11520 11277
f 11278 11279 11277
f 11521 11520 11279
f 11522 11521 11279
f 11416 11522 11279
f 11280 11416 11279
f 11282 11415 11280
f 11281 11282 11280
f 11284 11415 11282
f 11283 11284 11282
f 11511 11523 11285
f 11523 11524 11285
f 11524 11287 11285
f 11287 11286 11285
f 11524 11525 11287
f 11525 11288 11287
f 11525 11526 11288
f 11526 11527 11288
f 11527 11528 11288
f 11528 11289 11288
f 11528 11291 11289
f 11291 11290 11289
f 11529 11423 11291
f 11423 11292 11291
f 11530 11047 11293
f 11531 11530 11293
f 11294 11531 11293
f 11532 11531 11294
f 11533 11532 11294
f 11295 11533 11294
f 11394 11533 11295
f 11316 11534 11296
f 11534 11535 11296
f 11535 11297 11296
f 11535 11298 11297
f 11535 11536 11298
f 11536 11299 11298
f 11536 11537 11299
f 11537 11538 11299
f 11538 11539 11299
f 11539 11300 11299
f 11539 11302 11300
f 11302 11301 11300
f 11539 11540 11302
f 11540 11303 11302
f 11540 11541 11303
f 11541 11304 11303
f 11541 11542 11304
f 11542 11543 11304
f 11543 11544 11304
f 11544 11305 11304
f 11544 11545 11305
f 11545 11546 11305
f 11546 11306 11305
f 11546 11307 11306
f 11546 11310 11307
f 11310 11309 11307
f 11309 11308 11307
f 11546 11547 11310
f 11547 11548 11310
f 11548 11332 11310
f 11312 11549 11311
f 11549 11314 11311
f 11314 11313 11311
f 11549 11550 11314
f 11550 11551 11314
f 11551 11552 11314
f 11552 11534 11314
f 11534 11315 11314
f 11534 11316 11315
f 11380 11553 11317
f 11553 11318 11317
f 11553 11320 11318
f 11320 11319 11318
f 11553 11554 11320
f 11554 11555 11320
f 11555 11556 11320
f 11556 11323 11320
f 11323 11321 11320
f 11323 11322 11321
f 11556 11557 11323
f 11557 11558 11323
f 11558 11559 11323
f 11559 11324 11323
f 11559 11560 11324
f 11560 11325 11324
f 11560 11561 11325
f 11561 11326 11325
f 11561 11327 11326
f 11561 11562 11327
f 11562 11563 11327
f 11563 11564 11327
f 11564 11565 11327
f 11565 11566 11327
f 11566 11083 11327
f 11567 11568 11328
f 11568 11569 11328
f 11569 11329 11328
f 11569 11570 11329
f 11570 11330 11329
f 11570 11381 11330
f 11381 11331 11330
f 11548 11333 11332
f 11548 11571 11333
f 11571 11572 11333
f 11572 11573 11333
f 11573 11334 11333
f 11573 11574 11334
f 11574 11335 11334
f 11574 11575 11335
f 11575 11336 11335
f 11575 11576 11336
f 11576 11577 11336
f 11577 11578 11336
f 11578 11337 11336
f 11578 11579 11337
f 11579 11580 11337
f 11580 11338 11337
f 11580 11340 11338
f 11340 11339 11338
f 11580 11581 11340
f 11581 11342 11340
f 11342 11341 11340
f 11581 11582 11342
f 11582 11583 11342
f 11583 11343 11342
f 11583 11584 11343
f 11584 11344 11343
f 11584 11585 11344
f 11585 11345 11344
f 11585 11586 11345
f 11586 11587 11345
f 11587 11346 11345
f 11587 11588 11346
f 11588 11347 11346
f 11588 11350 11347
f 11350 11349 11347
f 11349 11348 11347
f 11588 11589 11350
f 11589 11590 11350
f 11590 11591 11350
f 11591 11351 11350
f 11591 11592 11351
f 11592 11352 11351
f 11592 11593 11352
f 11593 11594 11352
f 11594 11353 11352
f 11594 11595 11353
f 11595 11354 11353
f 11595 11596 11354
f 11596 11355 11354
f 11596 11597 11355
f 11597 11598 11355
f 11598 11356 11355
f 11598 11599 11356
f 11599 11600 11356
f 11600 11601 11356
f 11601 11357 11356
f 11601 11359 11357
f 11359 11358 11357
f 11601 11602 11359
f 11602 11360 11359
f 11602 11603 11360
f 11603 11361 11360
f 11603 11362 11361
f 11603 11604 11362
f 11604 11605 11362
f 11605 11606 11362
f 11606 11363 11362
f 11606 11607 11363
f 11607 11364 11363
f 11607 11608 11364
f 11608 11365 11364
f 11608 11367 11365
f 11367 11366 11365
f 11608 11609 11367
f 11609 11610 11367
f 11610 11611 11367
f 11611 11368 11367
f 11611 11370 11368
f 11370 11369 11368
f 11611 11612 11370
f 11612 11613 11370
f 11613 11371 11370
f 11613 11614 11371
f 11614 11372 11371
f 11614 11374 11372
f 11374 11373 11372
f 11614 11615 11374
f 11615 11376 11374
f 11376 11375 11374
f 11615 11616 11376
f 11616 11617 11376
f 11617 11555 11376
f 11555 11377 11376
f 11555 11554 11377
f 11554 11379 11377
f 11379 11378 11377
f 11554 11553 11379
f 11553 11380 11379
f 11570 11618 11381
f 11618 11449 11381
f 11620 11619 11382
f 11619 11621 11382
f 11621 11384 11382
f 11384 11383 11382
f 11621 11385 11384
f 11621 11622 11385
f 11622 11623 11385
f 11623 11387 11385
f 11387 11386 11385
f 11623 11624 11387
f 11624 11625 11387
f 11625 11389 11387
f 11389 11388 11387
f 11625 11626 11389
f 11626 11390 11389
f 11626 11627 11390
f 11627 11391 11390
f 11627 11628 11391
f 11628 11629 11391
f 11629 11393 11391
f 11393 11392 11391
f 11629 11630 11393
f 11630 11490 11393
f 11631 11533 11394
f 11632 11631 11394
f 11395 11632 11394
f 11396 11632 11395
f 11633 11632 11396
f 11634 11633 11396
f 11397 11634 11396
f 11398 11634 11397
f 11635 11634 11398
f 11403 11635 11398
f 11399 11403 11398
f 11400 11403 11399
f 11414 11636 11401
f 11636 11637 11401
f 11637 11402 11401
f 11637 11638 11402
f 11638 11403 11402
f 11638 11635 11403
f 10695 11639 11404
f 11639 11640 11404
f 11640 11641 11404
f 11641 11405 11404
f 11641 11642 11405
f 11642 11406 11405
f 11642 11407 11406
f 11642 11643 11407
f 11643 11408 11407
f 11643 11409 11408
f 11643 11644 11409
f 11644 11410 11409
f 11644 11645 11410
f 11645 11646 11410
f 11646 11411 11410
f 11646 11647 11411
f 11647 11413 11411
f 11413 11412 11411
f 11647 11637 11413
f 11637 11636 11413
f 11636 11414 11413
f 11648 11522 11416
f 11417 11648 11416
f 11649 11648 11417
f 11418 11649 11417
f 11650 11649 11418
f 11419 11650 11418
f 11651 11650 11419
f 11652 11651 11419
f 11420 11652 11419
f 11421 11652 11420
f 11653 11652 11421
f 11422 11653 11421
f 11423 11653 11422
f 11654 11653 11423
f 11656 11655 11424
f 11425 11656 11424
f 11426 11656 11425
f 11657 11656 11426
f 11427 11657 11426
f 11658 11657 11427
f 11659 11658 11427
f 11660 11659 11427
f 11428 11660 11427
f 11661 11660 11428
f 11429 11661 11428
f 11430 11661 11429
f 11662 11661 11430
f 11431 11662 11430
f 11432 11662 11431
f 11663 11662 11432
f 11433 11663 11432
f 11664 11663 11433
f 11434 11664 11433
f 11436 11664 11434
f 11435 11436 11434
f 11665 11664 11436
f 11437 11665 11436
f 11440 11666 11437
f 11666 11667 11437
f 11667 11665 11437
f 11441 11668 11438
f 11668 11439 11438
f 11668 11669 11439
f 11669 11670 11439
f 11670 11666 11439
f 11666 11440 11439
f 11443 11671 11441
f 11671 11672 11441
f 11672 11668 11441
f 11448 11673 11442
f 11673 11671 11442
f 11671 11443 11442
f 11445 11456 11444
f 11456 11455 11444
f 11455 11446 11444
f 11455 11454 11446
f 11454 11447 11446
f 11454 11674 11447
f 11674 11448 11447
f 11674 11675 11448
f 11675 11676 11448
f 11676 11673 11448
f 11618 11677 11449
f 11677 11678 11449
f 11678 11450 11449
f 11678 11451 11450
f 11678 11679 11451
f 11679 11453 11451
f 11453 11452 11451
f 11679 11680 11453
f 11680 11674 11453
f 11674 11454 11453
f 11458 11681 11457
f 11681 11682 11457
f 11682 11683 11457
f 11683 11684 11457
f 11459 11685 11458
f 11685 11686 11458
f 11686 11681 11458
f 11687 11685 11459
f 11460 11687 11459
f 11688 11687 11460
f 11462 11688 11460
f 11461 11462 11460
f 11689 11688 11462
f 11690 11689 11462
f 11691 11690 11462
f 11463 11691 11462
f 11692 11691 11463
f 11464 11692 11463
f 11693 11692 11464
f 11468 11693 11464
f 11465 11468 11464
f 11466 11468 11465
f 11467 11468 11466
f 11694 11693 11468
f 11695 11694 11468
f 11696 11695 11468
f 11469 11696 11468
f 11697 11696 11469
f 11470 11697 11469
f 11698 11697 11470
f 11699 11698 11470
f 11700 11699 11470
f 11471 11700 11470
f 11701 11700 11471
f 11702 11701 11471
f 11472 11702 11471
f 11473 11702 11472
f 11235 11473 11472
f 11237 11474 11473
f 11703 11702 11473
f 11704 11703 11473
f 11474 11704 11473
f 11475 11705 11474
f 11705 11704 11474
f 11482 11705 11475
f 11476 11244 11475
f 11489 11706 11477
f 11706 11478 11477
f 11706 11707 11478
f 11707 11480 11478
f 11480 11479 11478
f 11707 11708 11480
f 11708 11709 11480
f 11709 11481 11480
f 11709 11710 11481
f 11710 11705 11481
f 11705 11482 11481
f 11491 11711 11483
f 11711 11484 11483
f 11711 11712 11484
f 11712 11713 11484
f 11713 11485 11484
f 11713 11714 11485
f 11714 11486 11485
f 11714 11715 11486
f 11715 11716 11486
f 11716 11487 11486
f 11716 11717 11487
f 11717 11488 11487
f 11717 11489 11488
f 11717 11718 11489
f 11718 11719 11489
f 11719 11706 11489
f 11630 11720 11490
f 11720 11491 11490
f 11720 11721 11491
f 11721 11711 11491
f 11498 11722 11492
f 11722 11493 11492
f 11722 11723 11493
f 11723 11724 11493
f 11724 11725 11493
f 11725 11726 11493
f 11726 11494 11493
f 11726 11727 11494
f 11727 11728 11494
f 11728 11729 11494
f 11729 11730 11494
f 11730 11495 11494
f 11730 11731 11495
f 11731 11732 11495
f 11732 11496 11495
f 11732 11506 11496
f 11506 11497 11496
f 11733 11722 11498
f 11734 11733 11498
f 11499 11734 11498
f 11500 11734 11499
f 11735 11734 11500
f 11736 11735 11500
f 11737 11736 11500
f 11502 11737 11500
f 11501 11502 11500
f 11738 11737 11502
f 11512 11738 11502
f 11503 11512 11502
f 11739 11514 11504
f 11505 11739 11504
f 11740 11739 11505
f 11741 11740 11505
f 11516 11741 11505
f 11515 11516 11505
f 11732 11742 11506
f 11742 11507 11506
f 11742 11743 11507
f 11743 11744 11507
f 11744 11509 11507
f 11509 11508 11507
f 11744 11745 11509
f 11745 11746 11509
f 11746 11510 11509
f 11746 11747 11510
f 11747 11511 11510
f 11747 11523 11511
f 11748 11738 11512
f 11513 11748 11512
f 11749 11748 11513
f 11750 11749 11513
f 11514 11750 11513
f 11751 11750 11514
f 11739 11751 11514
f 11752 11741 11516
f 11517 11752 11516
f 11753 11752 11517
f 11518 11753 11517
f 11754 11753 11518
f 11755 11754 11518
f 11756 11755 11518
f 11519 11756 11518
f 11521 11756 11519
f 11520 11521 11519
f 11757 11756 11521
f 11758 11757 11521
f 11648 11758 11521
f 11522 11648 11521
f 11747 11759 11523
f 11759 11760 11523
f 11760 11525 11523
f 11525 11524 11523
f 11760 11761 11525
f 11761 11526 11525
f 11761 11762 11526
f 11762 11763 11526
f 11763 11764 11526
f 11766 11047 11530
f 11767 11766 11530
f 11531 11767 11530
f 11768 11767 11531
f 11769 11768 11531
f 11532 11769 11531
f 11533 11769 11532
f 11770 11769 11533
f 11631 11770 11533
f 11552 11771 11534
f 11771 11772 11534
f 11772 11535 11534
f 11772 11536 11535
f 11772 11773 11536
f 11773 11537 11536
f 11773 11774 11537
f 11774 11775 11537
f 11775 11776 11537
f 11776 11538 11537
f 11776 11540 11538
f 11540 11539 11538
f 11776 11777 11540
f 11777 11541 11540
f 11777 11778 11541
f 11778 11779 11541
f 11779 11542 11541
f 11779 11780 11542
f 11780 11543 11542
f 11780 11781 11543
f 11781 11782 11543
f 11782 11783 11543
f 11783 11784 11543
f 11784 11544 11543
f 11784 11785 11544
f 11785 11547 11544
f 11547 11545 11544
f 11547 11546 11545
f 11785 11786 11547
f 11786 11548 11547
f 11786 11787 11548
f 11787 11571 11548
f 11312 11788 11549
f 11788 11550 11549
f 11788 11789 11550
f 11789 11790 11550
f 11790 11791 11550
f 11791 11551 11550
f 11791 11771 11551
f 11771 11552 11551
f 11617 11557 11555
f 11557 11556 11555
f 11617 11792 11557
f 11792 11793 11557
f 11793 11794 11557
f 11794 11558 11557
f 11794 11795 11558
f 11795 11559 11558
f 11795 11796 11559
f 11796 11560 11559
f 11796 11562 11560
f 11562 11561 11560
f 11796 11563 11562
f 11796 11795 11563
f 11795 11797 11563
f 11797 11798 11563
f 11798 11799 11563
f 11799 11565 11563
f 11565 11564 11563
f 11799 11800 11565
f 11800 11801 11565
f 11801 11566 11565
f 11801 11802 11566
f 11802 11803 11566
f 11804 11805 11567
f 11805 11806 11567
f 11806 11568 11567
f 11806 11618 11568
f 11618 11569 11568
f 11618 11570 11569
f 11787 11807 11571
f 11807 11572 11571
f 11807 11573 11572
f 11807 11574 11573
f 11807 11808 11574
f 11808 11575 11574
f 11808 11576 11575
f 11808 11809 11576
f 11809 11810 11576
f 11810 11811 11576
f 11811 11577 11576
f 11811 11812 11577
f 11812 11578 11577
f 11812 11813 11578
f 11813 11814 11578
f 11814 11579 11578
f 11814 11582 11579
f 11582 11581 11579
f 11581 11580 11579
f 11814 11815 11582
f 11815 11583 11582
f 11815 11816 11583
f 11816 11584 11583
f 11816 11817 11584
f 11817 11585 11584
f 11817 11818 11585
f 11818 11819 11585
f 11819 11820 11585
f 11820 11586 11585
f 11820 11821 11586
f 11821 11587 11586
f 11821 11589 11587
f 11589 11588 11587
f 11821 11822 11589
f 11822 11823 11589
f 11823 11824 11589
f 11824 11590 11589
f 11824 11825 11590
f 11825 11826 11590
f 11826 11591 11590
f 11826 11827 11591
f 11827 11592 11591
f 11827 11828 11592
f 11828 11593 11592
f 11828 11829 11593
f 11829 11595 11593
f 11595 11594 11593
f 11829 11830 11595
f 11830 11597 11595
f 11597 11596 11595
f 11830 11831 11597
f 11831 11832 11597
f 11832 11599 11597
f 11599 11598 11597
f 11832 11833 11599
f 11833 11834 11599
f 11834 11602 11599
f 11602 11600 11599
f 11602 11601 11600
f 11834 11604 11602
f 11604 11603 11602
f 11834 11835 11604
f 11835 11836 11604
f 11836 11605 11604
f 11836 11837 11605
f 11837 11606 11605
f 11837 11838 11606
f 11838 11607 11606
f 11838 11609 11607
f 11609 11608 11607
f 11838 11839 11609
f 11839 11840 11609
f 11840 11841 11609
f 11841 11610 11609
f 11841 11842 11610
f 11842 11611 11610
f 11842 11843 11611
f 11843 11612 11611
f 11843 11844 11612
f 11844 11613 11612
f 11844 11845 11613
f 11845 11614 11613
f 11845 11616 11614
f 11616 11615 11614
f 11845 11846 11616
f 11846 11792 11616
f 11792 11617 11616
f 11806 11847 11618
f 11847 11677 11618
f 11620 11848 11619
f 11848 11622 11619
f 11622 11621 11619
f 11848 11624 11622
f 11624 11623 11622
f 11848 11849 11624
f 11849 11850 11624
f 11850 11626 11624
f 11626 11625 11624
f 11850 11851 11626
f 11851 11852 11626
f 11852 11627 11626
f 11852 11853 11627
f 11853 11628 11627
f 11853 11854 11628
f 11854 11630 11628
f 11630 11629 11628
f 11854 11855 11630
f 11855 11720 11630
f 11856 11770 11631
f 11857 11856 11631
f 11632 11857 11631
f 11858 11857 11632
f 11633 11858 11632
f 11634 11858 11633
f 11638 11858 11634
f 11635 11638 11634
f 11859 11638 11637
f 11647 11859 11637
f 11860 11858 11638
f 11859 11860 11638
f 11862 11861 11639
f 11861 11640 11639
f 11861 11641 11640
f 11861 11863 11641
f 11863 11642 11641
f 11863 11864 11642
f 11864 11643 11642
f 11864 11644 11643
f 11865 11645 11644
f 11866 11865 11644
f 11867 11866 11644
f 11864 11867 11644
f 11868 11646 11645
f 11865 11868 11645
f 11859 11647 11646
f 11868 11859 11646
f 11869 11758 11648
f 11649 11869 11648
f 11870 11869 11649
f 11650 11870 11649
f 11871 11870 11650
f 11872 11871 11650
f 11651 11872 11650
f 11652 11872 11651
f 11653 11654 11652
f 11654 11872 11652
f 11765 11873 11654
f 11873 11872 11654
f 11657 11874 11655
f 11656 11657 11655
f 11875 11874 11657
f 11876 11875 11657
f 11877 11876 11657
f 11658 11877 11657
f 11878 11877 11658
f 11879 11878 11658
f 11659 11879 11658
f 11880 11879 11659
f 11660 11880 11659
f 11881 11880 11660
f 11661 11881 11660
f 11882 11881 11661
f 11662 11882 11661
f 11883 11882 11662
f 11663 11883 11662
f 11664 11883 11663
f 11667 11884 11665
f 11884 11885 11665
f 11670 11884 11666
f 11884 11667 11666
f 11672 11886 11668
f 11886 11887 11668
f 11887 11669 11668
f 11887 11888 11669
f 11888 11889 11669
f 11889 11670 11669
f 11889 11890 11670
f 11890 11884 11670
f 11673 11676 11671
f 11676 11672 11671
f 11676 11891 11672
f 11891 11892 11672
f 11892 11893 11672
f 11893 11886 11672
f 11680 11894 11674
f 11894 11895 11674
f 11895 11896 11674
f 11896 11675 11674
f 11896 11891 11675
f 11891 11676 11675
f 11847 11897 11677
f 11897 11898 11677
f 11898 11678 11677
f 11898 11679 11678
f 11898 11894 11679
f 11894 11680 11679
f 11686 11899 11681
f 11899 11900 11681
f 11900 11901 11681
f 11901 11682 11681
f 11901 11902 11682
f 11902 11683 11682
f 11902 11903 11683
f 11903 11904 11683
f 11904 11684 11683
f 11904 11905 11684
f 11905 11906 11684
f 11906 11457 11684
f 11687 11907 11685
f 11907 11908 11685
f 11908 11909 11685
f 11909 11910 11685
f 11910 11686 11685
f 11910 11911 11686
f 11911 11912 11686
f 11912 11913 11686
f 11913 11899 11686
f 11914 11907 11687
f 11915 11914 11687
f 11916 11915 11687
f 11917 11916 11687
f 11688 11917 11687
f 11918 11917 11688
f 11919 11918 11688
f 11689 11919 11688
f 11920 11919 11689
f 11690 11920 11689
f 11921 11920 11690
f 11691 11921 11690
f 11692 11921 11691
f 11694 11921 11692
f 11693 11694 11692
f 11922 11921 11694
f 11923 11922 11694
f 11924 11923 11694
f 11695 11924 11694
f 11925 11924 11695
f 11696 11925 11695
f 11926 11925 11696
f 11698 11926 11696
f 11697 11698 11696
f 11699 11926 11698
f 11927 11926 11699
f 11700 11927 11699
f 11928 11927 11700
f 11929 11928 11700
f 11701 11929 11700
f 11702 11929 11701
f 11930 11929 11702
f 11703 11930 11702
f 11704 11930 11703
f 11705 11931 11704
f 11931 11932 11704
f 11932 11930 11704
f 11710 11933 11705
f 11933 11931 11705
f 11719 11934 11706
f 11934 11935 11706
f 11935 11708 11706
f 11708 11707 11706
f 11935 11936 11708
f 11936 11937 11708
f 11937 11709 11708
f 11937 11938 11709
f 11938 11939 11709
f 11939 11933 11709
f 11933 11710 11709
f 11721 11940 11711
f 11940 11712 11711
f 11940 11941 11712
f 11941 11942 11712
f 11942 11714 11712
f 11714 11713 11712
f 11942 11943 11714
f 11943 11715 11714
f 11943 11944 11715
f 11944 11716 11715
f 11944 11945 11716
f 11945 11718 11716
f 11718 11717 11716
f 11945 11946 11718
f 11946 11947 11718
f 11947 11948 11718
f 11948 11934 11718
f 11934 11719 11718
f 11855 11949 11720
f 11949 11721 11720
f 11949 11950 11721
f 11950 11940 11721
f 11951 11723 11722
f 11733 11951 11722
f 11952 11724 11723
f 11951 11952 11723
f 11953 11725 11724
f 11954 11953 11724
f 11952 11954 11724
f 11953 11955 11725
f 11955 11956 11725
f 11956 11727 11725
f 11727 11726 11725
f 11956 11957 11727
f 11957 11728 11727
f 11957 11958 11728
f 11958 11959 11728
f 11959 11960 11728
f 11960 11729 11728
f 11960 11961 11729
f 11961 11730 11729
f 11961 11962 11730
f 11962 11731 11730
f 11962 11742 11731
f 11742 11732 11731
f 11963 11951 11733
f 11734 11963 11733
f 11964 11963 11734
f 11735 11964 11734
f 11965 11964 11735
f 11966 11965 11735
f 11967 11966 11735
f 11736 11967 11735
f 11738 11967 11736
f 11737 11738 11736
f 11968 11967 11738
f 11748 11968 11738
f 11740 11751 11739
f 11969 11751 11740
f 11970 11969 11740
f 11753 11970 11740
f 11752 11753 11740
f 11741 11752 11740
f 11962 11971 11742
f 11971 11972 11742
f 11972 11743 11742
f 11972 11973 11743
f 11973 11974 11743
f 11974 11745 11743
f 11745 11744 11743
f 11974 11975 11745
f 11975 11746 11745
f 11975 11976 11746
f 11976 11747 11746
f 11976 11977 11747
f 11977 11759 11747
f 11978 11968 11748
f 11749 11978 11748
f 11979 11978 11749
f 11750 11979 11749
f 11980 11979 11750
f 11751 11980 11750
f 11981 11980 11751
f 11982 11981 11751
f 11969 11982 11751
f 11983 11970 11753
f 11984 11983 11753
f 11754 11984 11753
f 11985 11984 11754
f 11986 11985 11754
f 11987 11986 11754
f 11988 11987 11754
f 11756 11988 11754
f 11755 11756 11754
f 11757 11988 11756
f 11987 11988 11757
f 11989 11987 11757
f 11869 11989 11757
f 11758 11869 11757
f 11977 11990 11759
f 11990 11991 11759
f 11991 11761 11759
f 11761 11760 11759
f 11991 11992 11761
f 11992 11762 11761
f 11992 11993 11762
f 11993 11994 11762
f 11994 11763 11762
f 11994 11765 11763
f 11765 11764 11763
f 11994 11995 11765
f 11995 11996 11765
f 11996 11873 11765
f 11997 10797 11047
f 11766 11997 11047
f 11998 11997 11766
f 11767 11998 11766
f 11999 11998 11767
f 11768 11999 11767
f 12000 11999 11768
f 11769 12000 11768
f 12001 12000 11769
f 11770 12001 11769
f 12002 12001 11770
f 11856 12002 11770
f 11791 12003 11771
f 12003 11772 11771
f 12003 12004 11772
f 12004 11773 11772
f 12004 12005 11773
f 12005 11774 11773
f 12005 12006 11774
f 12006 12007 11774
f 12007 12008 11774
f 12008 11775 11774
f 12008 11777 11775
f 11777 11776 11775
f 12008 12009 11777
f 12009 11778 11777
f 12009 12010 11778
f 12010 11779 11778
f 12010 12011 11779
f 12011 12012 11779
f 12012 12013 11779
f 12013 11781 11779
f 11781 11780 11779
f 12013 12014 11781
f 12014 12015 11781
f 12015 11782 11781
f 12015 11783 11782
f 12015 11787 11783
f 11787 11786 11783
f 11786 11785 11783
f 11785 11784 11783
f 12015 12016 11787
f 12016 12017 11787
f 12017 11807 11787
f 12019 12018 11789
f 12018 11790 11789
f 12018 12003 11790
f 12003 11791 11790
f 11846 12020 11792
f 12020 11793 11792
f 12020 11794 11793
f 12020 11797 11794
f 11797 11795 11794
f 12020 12021 11797
f 12021 11798 11797
f 12021 12022 11798
f 12022 12023 11798
f 12023 11800 11798
f 11800 11799 11798
f 12023 12024 11800
f 12024 12025 11800
f 12025 11802 11800
f 11802 11801 11800
f 12025 12026 11802
f 12026 11803 11802
f 12026 12027 11803
f 12027 12028 11803
f 12028 11566 11803
f 12029 12030 11804
f 12030 11847 11804
f 11847 11805 11804
f 11847 11806 11805
f 12017 11808 11807
f 12017 12031 11808
f 12031 11809 11808
f 12031 12032 11809
f 12032 12033 11809
f 12033 12034 11809
f 12034 11810 11809
f 12034 12035 11810
f 12035 11811 11810
f 12035 12036 11811
f 12036 11812 11811
f 12036 12037 11812
f 12037 11815 11812
f 11815 11813 11812
f 11815 11814 11813
f 12037 12038 11815
f 12038 11816 11815
f 12038 12039 11816
f 12039 11817 11816
f 12039 12040 11817
f 12040 11818 11817
f 12040 12041 11818
f 12041 12042 11818
f 12042 11819 11818
f 12042 12043 11819
f 12043 11820 11819
f 12043 11822 11820
f 11822 11821 11820
f 12043 12044 11822
f 12044 11823 11822
f 12044 12045 11823
f 12045 12046 11823
f 12046 11824 11823
f 12046 11825 11824
f 12046 12047 11825
f 12047 11827 11825
f 11827 11826 11825
f 12047 12048 11827
f 12048 11828 11827
f 12048 12049 11828
f 12049 11829 11828
f 12049 12050 11829
f 12050 11831 11829
f 11831 11830 11829
f 12050 12051 11831
f 12051 12052 11831
f 12052 12053 11831
f 12053 11832 11831
f 12053 12054 11832
f 12054 11833 11832
f 12054 11835 11833
f 11835 11834 11833
f 12054 12055 11835
f 12055 11836 11835
f 12055 12056 11836
f 12056 11839 11836
f 11839 11837 11836
f 11839 11838 11837
f 12056 12057 11839
f 12057 12058 11839
f 12058 12059 11839
f 12059 11840 11839
f 12059 12060 11840
f 12060 11842 11840
f 11842 11841 11840
f 12060 12061 11842
f 12061 12062 11842
f 12062 12063 11842
f 12063 11843 11842
f 12063 11844 11843
f 12063 11846 11844
f 11846 11845 11844
f 12063 12064 11846
f 12064 12021 11846
f 12021 12020 11846
f 12030 12065 11847
f 12065 11897 11847
f 11382 11906 11620
f 11906 11849 11620
f 11849 11848 11620
f 11906 11905 11849
f 11905 11851 11849
f 11851 11850 11849
f 11905 11904 11851
f 11904 12066 11851
f 12066 11853 11851
f 11853 11852 11851
f 12066 12067 11853
f 12067 11854 11853
f 12067 12068 11854
f 12068 11855 11854
f 12068 12069 11855
f 12069 11949 11855
f 12070 12002 11856
f 11857 12070 11856
f 11860 12070 11857
f 11858 11860 11857
f 12071 11860 11859
f 11868 12071 11859
f 12072 12070 11860
f 12071 12072 11860
f 11863 11867 11864
f 12071 11868 11865
f 12073 12071 11865
f 12074 12073 11865
f 11867 12074 11865
f 11866 11867 11865
f 12075 12074 11867
f 12076 12075 11867
f 12077 11989 11869
f 12078 12077 11869
f 11870 12078 11869
f 11871 12078 11870
f 11872 11873 11871
f 11873 12078 11871
f 11996 12079 11873
f 12079 12080 11873
f 12080 12078 11873
f 12083 12082 11875
f 11876 12083 11875
f 11877 12083 11876
f 12084 12083 11877
f 11878 12084 11877
f 12085 12084 11878
f 12086 12085 11878
f 12087 12086 11878
f 11879 12087 11878
f 11880 12087 11879
f 12088 12087 11880
f 11881 12088 11880
f 11882 12088 11881
f 11883 12088 11882
f 12089 12088 11883
f 11890 12090 11884
f 12090 11885 11884
f 12090 12091 11885
f 11893 12093 11886
f 12093 11887 11886
f 12093 12094 11887
f 12094 11888 11887
f 12094 12095 11888
f 12095 11889 11888
f 12095 12096 11889
f 12096 12097 11889
f 12097 11890 11889
f 12097 12091 11890
f 12091 12090 11890
f 11896 12098 11891
f 12098 12099 11891
f 12099 12100 11891
f 12100 12101 11891
f 12101 11892 11891
f 12101 12102 11892
f 12102 11893 11892
f 12102 12103 11893
f 12103 12093 11893
f 11898 12104 11894
f 12104 12105 11894
f 12105 12106 11894
f 12106 11895 11894
f 12106 12098 11895
f 12098 11896 11895
f 12065 12104 11897
f 12104 11898 11897
f 11913 12069 11899
f 12069 11900 11899
f 12069 12068 11900
f 12068 12107 11900
f 12107 11902 11900
f 11902 11901 11900
f 12107 12067 11902
f 12067 11903 11902
f 12067 12066 11903
f 12066 11904 11903
f 11914 12108 11907
f 12108 12109 11907
f 12109 11908 11907
f 12109 12110 11908
f 12110 12111 11908
f 12111 12112 11908
f 12112 11910 11908
f 11910 11909 11908
f 12112 12113 11910
f 12113 12114 11910
f 12114 11911 11910
f 12114 12115 11911
f 12115 12116 11911
f 12116 12117 11911
f 12117 12118 11911
f 12118 11913 11911
f 11913 11912 11911
f 12118 12119 11913
f 12119 11949 11913
f 11949 12069 11913
f 12120 12108 11914
f 12121 12120 11914
f 12122 12121 11914
f 12123 12122 11914
f 11916 12123 11914
f 11915 11916 11914
f 12124 12123 11916
f 11919 12124 11916
f 11918 11919 11916
f 11917 11918 11916
f 12125 12124 11919
f 12126 12125 11919
f 11920 12126 11919
f 11922 12126 11920
f 11921 11922 11920
f 12127 12126 11922
f 12128 12127 11922
f 12129 12128 11922
f 11923 12129 11922
f 12130 12129 11923
f 11924 12130 11923
f 12131 12130 11924
f 11925 12131 11924
f 12132 12131 11925
f 11926 12132 11925
f 12131 12132 11926
f 12133 12131 11926
f 12134 12133 11926
f 11927 12134 11926
f 12135 12134 11927
f 12136 12135 11927
f 11928 12136 11927
f 11929 12136 11928
f 11930 12136 11929
f 12137 12136 11930
f 11932 12137 11930
f 11933 12138 11931
f 12138 12139 11931
f 12139 11932 11931
f 12139 12137 11932
f 11939 12140 11933
f 12140 12138 11933
f 11948 12141 11934
f 12141 12142 11934
f 12142 11936 11934
f 11936 11935 11934
f 12142 12143 11936
f 12143 11938 11936
f 11938 11937 11936
f 12143 12144 11938
f 12144 12145 11938
f 12145 12140 11938
f 12140 11939 11938
f 11950 12117 11940
f 12117 11941 11940
f 12117 12146 11941
f 12146 11943 11941
f 11943 11942 11941
f 12146 12147 11943
f 12147 11944 11943
f 12147 12148 11944
f 12148 11946 11944
f 11946 11945 11944
f 12148 12149 11946
f 12149 12150 11946
f 12150 11947 11946
f 12150 12151 11947
f 12151 12152 11947
f 12152 12141 11947
f 12141 11948 11947
f 12119 11950 11949
f 12119 12118 11950
f 12118 12117 11950
f 12153 11952 11951
f 11963 12153 11951
f 12154 11954 11952
f 12153 12154 11952
f 12155 11955 11953
f 12156 12155 11953
f 12157 12156 11953
f 12158 12157 11953
f 11954 12158 11953
f 12159 12158 11954
f 12154 12159 11954
f 12155 12160 11955
f 12160 12161 11955
f 12161 12162 11955
f 12162 11957 11955
f 11957 11956 11955
f 12162 12163 11957
f 12163 11958 11957
f 12163 12164 11958
f 12164 12165 11958
f 12165 12166 11958
f 12166 11959 11958
f 12166 12167 11959
f 12167 12168 11959
f 12168 11960 11959
f 12168 12169 11960
f 12169 11961 11960
f 12169 11971 11961
f 11971 11962 11961
f 12170 12153 11963
f 11964 12170 11963
f 12171 12170 11964
f 12172 12171 11964
f 12173 12172 11964
f 11965 12173 11964
f 12174 12173 11965
f 11968 12174 11965
f 11966 11968 11965
f 11967 11968 11966
f 12175 12174 11968
f 11978 12175 11968
f 12176 11982 11969
f 12177 12176 11969
f 11983 12177 11969
f 11970 11983 11969
f 12169 12178 11971
f 12178 12179 11971
f 12179 11972 11971
f 12179 12180 11972
f 12180 11973 11972
f 12180 12181 11973
f 12181 12182 11973
f 12182 11975 11973
f 11975 11974 11973
f 12182 12183 11975
f 12183 11976 11975
f 12183 12184 11976
f 12184 12185 11976
f 12185 11977 11976
f 12185 11990 11977
f 12186 12175 11978
f 11979 12186 11978
f 12187 12186 11979
f 11980 12187 11979
f 12188 12187 11980
f 12189 12188 11980
f 11981 12189 11980
f 11982 12189 11981
f 12190 12189 11982
f 12176 12190 11982
f 12191 12177 11983
f 12192 12191 11983
f 11984 12192 11983
f 11985 12192 11984
f 12193 12192 11985
f 12194 12193 11985
f 12195 12194 11985
f 12196 12195 11985
f 11986 12196 11985
f 12080 12196 11986
f 11987 12080 11986
f 12077 12080 11987
f 11989 12077 11987
f 12185 12197 11990
f 12197 12198 11990
f 12198 11992 11990
f 11992 11991 11990
f 12198 12199 11992
f 12199 12200 11992
f 12200 12201 11992
f 12201 11993 11992
f 12201 11995 11993
f 11995 11994 11993
f 12201 12202 11995
f 12202 11996 11995
f 12202 12203 11996
f 12203 12195 11996
f 12195 12079 11996
f 12205 12204 11997
f 12206 12205 11997
f 11998 12206 11997
f 12207 12206 11998
f 11999 12207 11998
f 12208 12207 11999
f 12000 12208 11999
f 12209 12208 12000
f 12001 12209 12000
f 12002 12209 12001
f 12072 12209 12002
f 12070 12072 12002
f 12018 12210 12003
f 12210 12211 12003
f 12211 12004 12003
f 12211 12005 12004
f 12211 12212 12005
f 12212 12006 12005
f 12212 12213 12006
f 12213 12214 12006
f 12214 12007 12006
f 12214 12009 12007
f 12009 12008 12007
f 12214 12215 12009
f 12215 12010 12009
f 12215 12216 12010
f 12216 12011 12010
f 12216 12217 12011
f 12217 12218 12011
f 12218 12219 12011
f 12219 12220 12011
f 12220 12012 12011
f 12220 12013 12012
f 12220 12221 12013
f 12221 12016 12013
f 12016 12014 12013
f 12016 12015 12014
f 12221 12222 12016
f 12222 12017 12016
f 12222 12223 12017
f 12223 12031 12017
f 12019 12210 12018
f 12064 12224 12021
f 12224 12022 12021
f 12224 12225 12022
f 12225 12226 12022
f 12226 12227 12022
f 12227 12024 12022
f 12024 12023 12022
f 12227 12228 12024
f 12228 12026 12024
f 12026 12025 12024
f 12228 12229 12026
f 12229 12027 12026
f 12229 12230 12027
f 12230 12231 12027
f 12231 12232 12027
f 12232 12028 12027
f 12233 12065 12029
f 12065 12030 12029
f 12223 12234 12031
f 12234 12235 12031
f 12235 12032 12031
f 12235 12236 12032
f 12236 12237 12032
f 12237 12033 12032
f 12237 12238 12033
f 12238 12239 12033
f 12239 12034 12033
f 12239 12240 12034
f 12240 12035 12034
f 12240 12036 12035
f 12240 12241 12036
f 12241 12242 12036
f 12242 12038 12036
f 12038 12037 12036
f 12242 12243 12038
f 12243 12039 12038
f 12243 12244 12039
f 12244 12040 12039
f 12244 12041 12040
f 12244 12245 12041
f 12041 12044 12042
f 12044 12043 12042
f 12247 12246 12045
f 12246 12047 12045
f 12047 12046 12045
f 12246 12247 12047
f 12247 12048 12047
f 12247 12248 12048
f 12248 12249 12048
f 12249 12049 12048
f 12249 12250 12049
f 12250 12050 12049
f 12250 12251 12050
f 12251 12252 12050
f 12252 12051 12050
f 12252 12052 12051
f 12252 12253 12052
f 12253 12254 12052
f 12254 12255 12052
f 12255 12053 12052
f 12255 12055 12053
f 12055 12054 12053
f 12255 12256 12055
f 12256 12057 12055
f 12057 12056 12055
f 12256 12257 12057
f 12257 12258 12057
f 12258 12058 12057
f 12258 12259 12058
f 12259 12059 12058
f 12259 12260 12059
f 12260 12061 12059
f 12061 12060 12059
f 12260 12225 12061
f 12225 12224 12061
f 12224 12062 12061
f 12224 12064 12062
f 12064 12063 12062
f 12233 12261 12065
f 12261 12262 12065
f 12262 12263 12065
f 12263 12105 12065
f 12105 12104 12065
f 12107 12068 12067
f 12264 12072 12071
f 12075 12264 12071
f 12073 12075 12071
f 12265 12209 12072
f 12264 12265 12072
f 12074 12075 12073
f 12265 12264 12075
f 12266 12265 12075
f 12267 12266 12075
f 12268 12267 12075
f 12076 12268 12075
f 11867 12268 12076
f 12078 12080 12077
f 12195 12196 12079
f 12196 12080 12079
f 12269 12081 12082
f 12270 12269 12082
f 12083 12270 12082
f 12271 12270 12083
f 12084 12271 12083
f 12272 12271 12084
f 12085 12272 12084
f 12273 12272 12085
f 12274 12273 12085
f 12086 12274 12085
f 12275 12274 12086
f 12087 12275 12086
f 12089 12275 12087
f 12088 12089 12087
f 12276 12275 12089
f 12277 12276 12089
f 11883 12277 12089
f 12097 12278 12091
f 12278 12092 12091
f 12278 12279 12092
f 12279 12280 12092
f 12103 12281 12093
f 12281 12094 12093
f 12281 12282 12094
f 12282 12095 12094
f 12282 12283 12095
f 12283 12096 12095
f 12283 12284 12096
f 12284 12285 12096
f 12285 12097 12096
f 12285 12278 12097
f 12106 12286 12098
f 12286 12287 12098
f 12287 12099 12098
f 12287 12288 12099
f 12288 12289 12099
f 12289 12100 12099
f 12289 12290 12100
f 12290 12102 12100
f 12102 12101 12100
f 12290 12291 12102
f 12291 12103 12102
f 12291 12292 12103
f 12292 12293 12103
f 12293 12294 12103
f 12294 12282 12103
f 12282 12281 12103
f 12263 12286 12105
f 12286 12106 12105
f 12120 12295 12108
f 12295 12296 12108
f 12296 12297 12108
f 12297 12109 12108
f 12297 12110 12109
f 12297 12298 12110
f 12298 12299 12110
f 12299 12300 12110
f 12300 12111 12110
f 12300 12113 12111
f 12113 12112 12111
f 12300 12114 12113
f 12300 12115 12114
f 12300 12301 12115
f 12301 12147 12115
f 12147 12146 12115
f 12146 12116 12115
f 12146 12117 12116
f 12302 12295 12120
f 12303 12302 12120
f 12304 12303 12120
f 12122 12304 12120
f 12121 12122 12120
f 12305 12304 12122
f 12306 12305 12122
f 12124 12306 12122
f 12123 12124 12122
f 12307 12306 12124
f 12125 12307 12124
f 12127 12307 12125
f 12126 12127 12125
f 12308 12307 12127
f 12309 12308 12127
f 12310 12309 12127
f 12128 12310 12127
f 12129 12310 12128
f 12311 12310 12129
f 12312 12311 12129
f 12130 12312 12129
f 12131 12312 12130
f 12313 12312 12131
f 12133 12313 12131
f 12314 12313 12133
f 12134 12314 12133
f 12315 12314 12134
f 12316 12315 12134
f 12135 12316 12134
f 12136 12316 12135
f 12137 12316 12136
f 12139 12317 12137
f 12317 12318 12137
f 12318 12319 12137
f 12319 12316 12137
f 12140 12320 12138
f 12320 12139 12138
f 12320 12321 12139
f 12321 12317 12139
f 12145 12322 12140
f 12322 12323 12140
f 12323 12320 12140
f 12152 12324 12141
f 12324 12325 12141
f 12325 12143 12141
f 12143 12142 12141
f 12325 12326 12143
f 12326 12144 12143
f 12326 12327 12144
f 12327 12322 12144
f 12322 12145 12144
f 12301 12148 12147
f 12301 12149 12148
f 12301 12300 12149
f 12300 12299 12149
f 12299 12328 12149
f 12328 12150 12149
f 12328 12329 12150
f 12329 12330 12150
f 12330 12151 12150
f 12330 12331 12151
f 12331 12324 12151
f 12324 12152 12151
f 12332 12154 12153
f 12333 12332 12153
f 12170 12333 12153
f 12334 12159 12154
f 12332 12334 12154
f 12335 12160 12155
f 12336 12335 12155
f 12337 12336 12155
f 12338 12337 12155
f 12156 12338 12155
f 12339 12338 12156
f 12340 12339 12156
f 12341 12340 12156
f 12157 12341 12156
f 12159 12341 12157
f 12158 12159 12157
f 12342 12341 12159
f 12334 12342 12159
f 12160 12343 12161
f 12343 12344 12161
f 12344 12163 12161
f 12163 12162 12161
f 12344 12345 12163
f 12345 12346 12163
f 12346 12164 12163
f 12346 12347 12164
f 12347 12348 12164
f 12348 12165 12164
f 12348 12349 12165
f 12349 12166 12165
f 12349 12350 12166
f 12350 12167 12166
f 12350 12180 12167
f 12180 12179 12167
f 12179 12178 12167
f 12178 12168 12167
f 12178 12169 12168
f 12171 12333 12170
f 12351 12333 12171
f 12352 12351 12171
f 12353 12352 12171
f 12172 12353 12171
f 12354 12353 12172
f 12175 12354 12172
f 12173 12175 12172
f 12174 12175 12173
f 12355 12354 12175
f 12186 12355 12175
f 12356 12190 12176
f 12357 12356 12176
f 12191 12357 12176
f 12177 12191 12176
f 12350 12358 12180
f 12358 12181 12180
f 12358 12359 12181
f 12359 12360 12181
f 12360 12183 12181
f 12183 12182 12181
f 12360 12361 12183
f 12361 12184 12183
f 12361 12362 12184
f 12362 12185 12184
f 12362 12363 12185
f 12363 12197 12185
f 12364 12355 12186
f 12187 12364 12186
f 12365 12364 12187
f 12188 12365 12187
f 12366 12365 12188
f 12189 12366 12188
f 12190 12366 12189
f 12367 12366 12190
f 12356 12367 12190
f 12368 12357 12191
f 12192 12368 12191
f 12369 12368 12192
f 12193 12369 12192
f 12370 12369 12193
f 12371 12370 12193
f 12194 12371 12193
f 12203 12371 12194
f 12195 12203 12194
f 12363 12372 12197
f 12372 12373 12197
f 12373 12199 12197
f 12199 12198 12197
f 12373 12374 12199
f 12374 12375 12199
f 12375 12376 12199
f 12376 12200 12199
f 12376 12201 12200
f 12376 12377 12201
f 12377 12202 12201
f 12377 12371 12202
f 12371 12203 12202
f 12379 12378 12204
f 12206 12379 12204
f 12205 12206 12204
f 12380 12379 12206
f 12207 12380 12206
f 12266 12380 12207
f 12208 12266 12207
f 12265 12266 12208
f 12209 12265 12208
f 12019 12211 12210
f 12019 12381 12211
f 12381 12212 12211
f 12381 12382 12212
f 12382 12383 12212
f 12383 12384 12212
f 12384 12213 12212
f 12384 12215 12213
f 12215 12214 12213
f 12384 12385 12215
f 12385 12386 12215
f 12386 12216 12215
f 12386 12217 12216
f 12386 12387 12217
f 12387 12388 12217
f 12388 12389 12217
f 12389 12390 12217
f 12390 12218 12217
f 12390 12219 12218
f 12390 12391 12219
f 12391 12222 12219
f 12222 12220 12219
f 12222 12221 12220
f 12391 12392 12222
f 12392 12223 12222
f 12392 12393 12223
f 12393 12234 12223
f 12260 12394 12225
f 12394 12395 12225
f 12395 12226 12225
f 12395 12228 12226
f 12228 12227 12226
f 12395 12396 12228
f 12396 12229 12228
f 12396 12397 12229
f 12397 12230 12229
f 12397 12398 12230
f 12398 12399 12230
f 12399 12400 12230
f 12400 12231 12230
f 12400 12401 12231
f 12401 12232 12231
f 12402 12261 12233
f 12393 12403 12234
f 12403 12404 12234
f 12404 12235 12234
f 12404 12405 12235
f 12405 12236 12235
f 12405 12406 12236
f 12406 12407 12236
f 12407 12408 12236
f 12408 12409 12236
f 12409 12238 12236
f 12238 12237 12236
f 12409 12410 12238
f 12410 12241 12238
f 12241 12240 12238
f 12240 12239 12238
f 12410 12411 12241
f 12411 12243 12241
f 12243 12242 12241
f 12411 12412 12243
f 12412 12244 12243
f 12412 12413 12244
f 12413 12245 12244
f 12413 12414 12245
f 12414 12415 12245
f 12415 12041 12245
f 12417 12416 12247
f 12416 12248 12247
f 12416 12418 12248
f 12418 12250 12248
f 12250 12249 12248
f 12418 12419 12250
f 12419 12251 12250
f 12419 12420 12251
f 12420 12421 12251
f 12421 12252 12251
f 12421 12253 12252
f 12421 12422 12253
f 12422 12423 12253
f 12423 12424 12253
f 12424 12254 12253
f 12424 12255 12254
f 12424 12425 12255
f 12425 12256 12255
f 12425 12426 12256
f 12426 12427 12256
f 12427 12257 12256
f 12427 12258 12257
f 12427 12428 12258
f 12428 12259 12258
f 12428 12394 12259
f 12394 12260 12259
f 12402 12429 12261
f 12429 12430 12261
f 12430 12431 12261
f 12431 12262 12261
f 12431 12263 12262
f 12431 12287 12263
f 12287 12286 12263
f 12432 12380 12266
f 12267 12432 12266
f 12433 12432 12267
f 12268 12433 12267
f 11867 12433 12268
f 12269 12434 12081
f 12435 12434 12269
f 12270 12435 12269
f 12436 12435 12270
f 12271 12436 12270
f 12437 12436 12271
f 12272 12437 12271
f 12438 12437 12272
f 12273 12438 12272
f 12439 12438 12273
f 12440 12439 12273
f 12274 12440 12273
f 12276 12440 12274
f 12275 12276 12274
f 12441 12440 12276
f 12442 12441 12276
f 12443 12442 12276
f 12277 12443 12276
f 12444 12443 12277
f 12445 12444 12277
f 12446 12445 12277
f 12280 12446 12277
f 12285 12447 12278
f 12447 12279 12278
f 12447 12448 12279
f 12448 12449 12279
f 12449 12446 12279
f 12446 12280 12279
f 12294 12450 12282
f 12450 12283 12282
f 12450 12451 12283
f 12451 12452 12283
f 12452 12453 12283
f 12453 12454 12283
f 12454 12284 12283
f 12454 12447 12284
f 12447 12285 12284
f 12431 12430 12287
f 12430 12455 12287
f 12455 12456 12287
f 12456 12288 12287
f 12456 12457 12288
f 12457 12458 12288
f 12458 12289 12288
f 12458 12459 12289
f 12459 12290 12289
f 12459 12292 12290
f 12292 12291 12290
f 12459 12460 12292
f 12460 12461 12292
f 12461 12462 12292
f 12462 12293 12292
f 12462 12463 12293
f 12463 12464 12293
f 12464 12450 12293
f 12450 12294 12293
f 12302 12465 12295
f 12465 12466 12295
f 12466 12467 12295
f 12467 12297 12295
f 12297 12296 12295
f 12467 12468 12297
f 12468 12298 12297
f 12468 12329 12298
f 12329 12328 12298
f 12328 12299 12298
f 12469 12465 12302
f 12470 12469 12302
f 12471 12470 12302
f 12472 12471 12302
f 12473 12472 12302
f 12303 12473 12302
f 12474 12473 12303
f 12475 12474 12303
f 12305 12475 12303
f 12304 12305 12303
f 12476 12475 12305
f 12477 12476 12305
f 12307 12477 12305
f 12306 12307 12305
f 12308 12477 12307
f 12476 12477 12308
f 12478 12476 12308
f 12479 12478 12308
f 12480 12479 12308
f 12309 12480 12308
f 12310 12480 12309
f 12481 12480 12310
f 12311 12481 12310
f 12482 12481 12311
f 12312 12482 12311
f 12483 12482 12312
f 12484 12483 12312
f 12313 12484 12312
f 12485 12484 12313
f 12486 12485 12313
f 12314 12486 12313
f 12487 12486 12314
f 12319 12487 12314
f 12315 12319 12314
f 12316 12319 12315
f 12489 12488 12317
f 12488 12318 12317
f 12488 12490 12318
f 12490 12491 12318
f 12491 12319 12318
f 12491 12487 12319
f 12323 12321 12320
f 12323 12492 12321
f 12492 12493 12321
f 12493 12489 12321
f 12489 12317 12321
f 12327 12494 12322
f 12494 12495 12322
f 12495 12496 12322
f 12496 12492 12323
f 12331 12497 12324
f 12497 12326 12324
f 12326 12325 12324
f 12497 12498 12326
f 12498 12494 12326
f 12494 12327 12326
f 12468 12499 12329
f 12499 12500 12329
f 12500 12330 12329
f 12500 12501 12330
f 12501 12497 12330
f 12497 12331 12330
f 12502 12334 12332
f 12333 12502 12332
f 12503 12502 12333
f 12351 12503 12333
f 12504 12342 12334
f 12502 12504 12334
f 12505 12335 12336
f 12506 12505 12336
f 12337 12506 12336
f 12507 12506 12337
f 12339 12507 12337
f 12338 12339 12337
f 12508 12507 12339
f 12509 12508 12339
f 12510 12509 12339
f 12341 12510 12339
f 12340 12341 12339
f 12511 12510 12341
f 12342 12511 12341
f 12512 12511 12342
f 12504 12512 12342
f 12160 12513 12343
f 12513 12514 12343
f 12514 12515 12343
f 12515 12345 12343
f 12345 12344 12343
f 12515 12516 12345
f 12516 12346 12345
f 12516 12517 12346
f 12517 12518 12346
f 12518 12519 12346
f 12519 12520 12346
f 12520 12347 12346
f 12520 12348 12347
f 12520 12521 12348
f 12521 12349 12348
f 12521 12358 12349
f 12358 12350 12349
f 12522 12503 12351
f 12523 12522 12351
f 12524 12523 12351
f 12525 12524 12351
f 12352 12525 12351
f 12353 12525 12352
f 12355 12525 12353
f 12354 12355 12353
f 12526 12525 12355
f 12364 12526 12355
f 12527 12367 12356
f 12528 12527 12356
f 12368 12528 12356
f 12357 12368 12356
f 12521 12529 12358
f 12529 12530 12358
f 12530 12359 12358
f 12530 12531 12359
f 12531 12361 12359
f 12361 12360 12359
f 12531 12362 12361
f 12531 12532 12362
f 12532 12363 12362
f 12532 12533 12363
f 12533 12372 12363
f 12534 12526 12364
f 12365 12534 12364
f 12535 12534 12365
f 12366 12535 12365
f 12527 12535 12366
f 12367 12527 12366
f 12536 12528 12368
f 12369 12536 12368
f 12537 12536 12369
f 12538 12537 12369
f 12539 12538 12369
f 12370 12539 12369
f 12377 12539 12370
f 12371 12377 12370
f 12533 12540 12372
f 12540 12374 12372
f 12374 12373 12372
f 12540 12541 12374
f 12541 12539 12374
f 12539 12375 12374
f 12539 12377 12375
f 12377 12376 12375
f 12432 12378 12379
f 12380 12432 12379
f 12543 12542 12382
f 12542 12384 12382
f 12384 12383 12382
f 12542 12544 12384
f 12544 12385 12384
f 12544 12545 12385
f 12545 12386 12385
f 12545 12546 12386
f 12546 12387 12386
f 12546 12547 12387
f 12547 12548 12387
f 12548 12388 12387
f 12548 12549 12388
f 12549 12389 12388
f 12549 12550 12389
f 12550 12390 12389
f 12550 12392 12390
f 12392 12391 12390
f 12550 12551 12392
f 12551 12393 12392
f 12551 12552 12393
f 12552 12403 12393
f 12428 12396 12394
f 12396 12395 12394
f 12428 12427 12396
f 12427 12397 12396
f 12427 12426 12397
f 12426 12398 12397
f 12426 12425 12398
f 12425 12553 12398
f 12553 12554 12398
f 12554 12399 12398
f 12554 12555 12399
f 12555 12400 12399
f 12555 12556 12400
f 12556 12401 12400
f 12552 12404 12403
f 12552 12557 12404
f 12557 12558 12404
f 12558 12406 12404
f 12406 12405 12404
f 12558 12559 12406
f 12559 12560 12406
f 12560 12561 12406
f 12561 12407 12406
f 12561 12413 12407
f 12413 12412 12407
f 12412 12408 12407
f 12412 12410 12408
f 12410 12409 12408
f 12412 12411 12410
f 12561 12562 12413
f 12562 12563 12413
f 12563 12414 12413
f 12563 12415 12414
f 12563 12564 12415
f 12417 12418 12416
f 12417 12565 12418
f 12565 12419 12418
f 12565 12566 12419
f 12566 12420 12419
f 12566 12567 12420
f 12567 12568 12420
f 12568 12421 12420
f 12568 12422 12421
f 12568 12555 12422
f 12555 12554 12422
f 12554 12553 12422
f 12553 12423 12422
f 12553 12425 12423
f 12425 12424 12423
f 12569 12455 12429
f 12455 12430 12429
f 12433 12378 12432
f 12571 12570 12434
f 12435 12571 12434
f 12572 12571 12435
f 12436 12572 12435
f 12573 12572 12436
f 12437 12573 12436
f 12574 12573 12437
f 12575 12574 12437
f 12438 12575 12437
f 12441 12575 12438
f 12439 12441 12438
f 12440 12441 12439
f 12576 12575 12441
f 12577 12576 12441
f 12442 12577 12441
f 12578 12577 12442
f 12443 12578 12442
f 12444 12578 12443
f 12579 12578 12444
f 12580 12579 12444
f 12581 12580 12444
f 12582 12581 12444
f 12445 12582 12444
f 12446 12449 12445
f 12449 12448 12445
f 12448 12583 12445
f 12583 12584 12445
f 12584 12582 12445
f 12454 12585 12447
f 12585 12586 12447
f 12586 12587 12447
f 12587 12448 12447
f 12587 12583 12448
f 12464 12451 12450
f 12464 12463 12451
f 12463 12588 12451
f 12588 12589 12451
f 12589 12452 12451
f 12589 12590 12452
f 12590 12591 12452
f 12591 12453 12452
f 12591 12592 12453
f 12592 12593 12453
f 12593 12585 12453
f 12585 12454 12453
f 12569 12594 12455
f 12594 12456 12455
f 12594 12595 12456
f 12595 12457 12456
f 12595 12596 12457
f 12596 12460 12457
f 12460 12459 12457
f 12459 12458 12457
f 12596 12597 12460
f 12597 12461 12460
f 12597 12598 12461
f 12598 12462 12461
f 12598 12599 12462
f 12599 12600 12462
f 12600 12588 12462
f 12588 12463 12462
f 12469 12601 12465
f 12601 12602 12465
f 12602 12466 12465
f 12602 12603 12466
f 12603 12499 12466
f 12499 12468 12466
f 12468 12467 12466
f 12470 12604 12469
f 12604 12605 12469
f 12605 12606 12469
f 12607 12604 12470
f 12608 12607 12470
f 12609 12608 12470
f 12610 12609 12470
f 12611 12610 12470
f 12612 12611 12470
f 12471 12612 12470
f 12613 12612 12471
f 12614 12613 12471
f 12473 12614 12471
f 12472 12473 12471
f 12615 12614 12473
f 12474 12615 12473
f 12616 12615 12474
f 12476 12616 12474
f 12475 12476 12474
f 12617 12616 12476
f 12478 12617 12476
f 12618 12617 12478
f 12479 12618 12478
f 12619 12618 12479
f 12480 12619 12479
f 12481 12619 12480
f 12620 12619 12481
f 12482 12620 12481
f 12621 12620 12482
f 12483 12621 12482
f 12622 12621 12483
f 12623 12622 12483
f 12484 12623 12483
f 12485 12623 12484
f 12624 12623 12485
f 12491 12624 12485
f 12486 12491 12485
f 12487 12491 12486
f 12493 12625 12489
f 12625 12626 12489
f 12626 12488 12489
f 12626 12490 12488
f 12627 12491 12490
f 12626 12627 12490
f 12629 12628 12491
f 12627 12629 12491
f 12496 12630 12492
f 12630 12631 12492
f 12631 12493 12492
f 12632 12625 12493
f 12631 12632 12493
f 12498 12633 12494
f 12633 12634 12494
f 12634 12635 12494
f 12635 12636 12494
f 12636 12495 12494
f 12636 12496 12495
f 12323 12637 12496
f 12501 12638 12497
f 12638 12633 12497
f 12633 12498 12497
f 12603 12501 12499
f 12501 12500 12499
f 12603 12639 12501
f 12639 12640 12501
f 12640 12638 12501
f 12641 12504 12502
f 12503 12641 12502
f 12642 12641 12503
f 12522 12642 12503
f 12643 12512 12504
f 12641 12643 12504
f 12645 12644 12505
f 12506 12645 12505
f 12507 12645 12506
f 12646 12645 12507
f 12508 12646 12507
f 12647 12646 12508
f 12648 12647 12508
f 12649 12648 12508
f 12509 12649 12508
f 12511 12649 12509
f 12510 12511 12509
f 12650 12649 12511
f 12512 12650 12511
f 12651 12650 12512
f 12643 12651 12512
f 12160 12652 12513
f 12652 12653 12513
f 12653 12654 12513
f 12654 12514 12513
f 12654 12655 12514
f 12655 12656 12514
f 12656 12516 12514
f 12516 12515 12514
f 12656 12657 12516
f 12657 12658 12516
f 12658 12517 12516
f 12658 12659 12517
f 12659 12660 12517
f 12660 12518 12517
f 12660 12661 12518
f 12661 12519 12518
f 12661 12662 12519
f 12662 12520 12519
f 12662 12529 12520
f 12529 12521 12520
f 12663 12642 12522
f 12664 12663 12522
f 12665 12664 12522
f 12523 12665 12522
f 12666 12665 12523
f 12524 12666 12523
f 12526 12666 12524
f 12525 12526 12524
f 12667 12666 12526
f 12534 12667 12526
f 12668 12535 12527
f 12669 12668 12527
f 12670 12669 12527
f 12536 12670 12527
f 12528 12536 12527
f 12662 12671 12529
f 12671 12530 12529
f 12671 12672 12530
f 12672 12673 12530
f 12673 12532 12530
f 12532 12531 12530
f 12673 12674 12532
f 12674 12675 12532
f 12675 12533 12532
f 12675 12669 12533
f 12669 12676 12533
f 12676 12537 12533
f 12537 12540 12533
f 12677 12667 12534
f 12535 12677 12534
f 12678 12677 12535
f 12679 12678 12535
f 12668 12679 12535
f 12680 12670 12536
f 12537 12680 12536
f 12538 12541 12537
f 12541 12540 12537
f 12676 12680 12537
f 12539 12541 12538
f 12543 12681 12542
f 12681 12682 12542
f 12682 12544 12542
f 12682 12545 12544
f 12682 12683 12545
f 12683 12546 12545
f 12683 12684 12546
f 12684 12685 12546
f 12685 12686 12546
f 12686 12547 12546
f 12686 12687 12547
f 12687 12548 12547
f 12687 12688 12548
f 12688 12551 12548
f 12551 12549 12548
f 12551 12550 12549
f 12688 12689 12551
f 12689 12552 12551
f 12689 12690 12552
f 12690 12557 12552
f 12568 12691 12555
f 12691 12556 12555
f 12691 12401 12556
f 12690 12692 12557
f 12692 12693 12557
f 12693 12559 12557
f 12559 12558 12557
f 12693 12694 12559
f 12694 12695 12559
f 12695 12564 12559
f 12564 12562 12559
f 12562 12560 12559
f 12562 12561 12560
f 12564 12563 12562
f 12695 12696 12564
f 12696 12697 12564
f 12697 12415 12564
f 12417 12698 12565
f 12698 12566 12565
f 12698 12567 12566
f 12698 12691 12567
f 12691 12568 12567
f 12700 12699 12570
f 12572 12700 12570
f 12571 12572 12570
f 12701 12700 12572
f 12702 12701 12572
f 12573 12702 12572
f 12703 12702 12573
f 12704 12703 12573
f 12574 12704 12573
f 12576 12704 12574
f 12575 12576 12574
f 12705 12704 12576
f 12706 12705 12576
f 12707 12706 12576
f 12577 12707 12576
f 12579 12707 12577
f 12578 12579 12577
f 12708 12707 12579
f 12709 12708 12579
f 12580 12709 12579
f 12581 12710 12580
f 12582 12584 12581
f 12584 12711 12581
f 12711 12712 12581
f 12712 12713 12581
f 12713 12714 12581
f 12714 12710 12581
f 12711 12584 12583
f 12587 12711 12583
f 12593 12715 12585
f 12715 12716 12585
f 12716 12717 12585
f 12717 12586 12585
f 12717 12711 12586
f 12711 12587 12586
f 12600 12718 12588
f 12718 12719 12588
f 12719 12589 12588
f 12719 12720 12589
f 12720 12590 12589
f 12720 12721 12590
f 12721 12722 12590
f 12722 12592 12590
f 12592 12591 12590
f 12722 12723 12592
f 12723 12724 12592
f 12724 12715 12592
f 12715 12593 12592
f 12725 12598 12597
f 12725 12726 12598
f 12726 12599 12598
f 12726 12727 12599
f 12727 12728 12599
f 12728 12718 12599
f 12718 12600 12599
f 12469 12729 12601
f 12729 12730 12601
f 12730 12731 12601
f 12731 12602 12601
f 12731 12639 12602
f 12639 12603 12602
f 12607 12732 12604
f 12732 12733 12604
f 12733 12734 12604
f 12734 12735 12604
f 12735 12736 12604
f 12736 12605 12604
f 12736 12737 12605
f 12737 12738 12605
f 12738 12739 12605
f 12739 12606 12605
f 12739 12729 12606
f 12729 12469 12606
f 12608 12732 12607
f 12609 12740 12608
f 12740 12741 12608
f 12741 12742 12608
f 12742 12734 12608
f 12734 12733 12608
f 12733 12732 12608
f 12743 12740 12609
f 12744 12743 12609
f 12745 12744 12609
f 12746 12745 12609
f 12747 12746 12609
f 12610 12747 12609
f 12748 12747 12610
f 12612 12748 12610
f 12611 12612 12610
f 12749 12748 12612
f 12750 12749 12612
f 12751 12750 12612
f 12613 12751 12612
f 12615 12751 12613
f 12614 12615 12613
f 12752 12751 12615
f 12753 12752 12615
f 12617 12753 12615
f 12616 12617 12615
f 12754 12753 12617
f 12755 12754 12617
f 12618 12755 12617
f 12756 12755 12618
f 12619 12756 12618
f 12757 12756 12619
f 12620 12757 12619
f 12758 12757 12620
f 12622 12758 12620
f 12621 12622 12620
f 12759 12758 12622
f 12624 12491 12622
f 12623 12624 12622
f 12632 12637 12625
f 12637 12627 12625
f 12627 12626 12625
f 12637 12632 12627
f 12632 12760 12627
f 12760 12629 12627
f 12761 12628 12629
f 12760 12761 12629
f 12496 12636 12630
f 12636 12762 12630
f 12762 12763 12630
f 12763 12631 12630
f 12764 12760 12632
f 12765 12764 12632
f 12766 12765 12632
f 12631 12766 12632
f 12638 12767 12633
f 12767 12768 12633
f 12768 12769 12633
f 12769 12634 12633
f 12769 12770 12634
f 12770 12771 12634
f 12771 12635 12634
f 12771 12636 12635
f 12640 12773 12638
f 12773 12767 12638
f 12731 12774 12639
f 12774 12775 12639
f 12775 12773 12639
f 12773 12640 12639
f 12642 12643 12641
f 12776 12643 12642
f 12663 12776 12642
f 12777 12651 12643
f 12776 12777 12643
f 12778 12644 12645
f 12647 12778 12645
f 12646 12647 12645
f 12779 12778 12647
f 12780 12779 12647
f 12781 12780 12647
f 12650 12781 12647
f 12648 12650 12647
f 12649 12650 12648
f 12782 12781 12650
f 12651 12782 12650
f 12783 12782 12651
f 12784 12783 12651
f 12777 12784 12651
f 12160 12335 12652
f 12335 12653 12652
f 12335 12785 12653
f 12785 12786 12653
f 12786 12787 12653
f 12787 12788 12653
f 12788 12655 12653
f 12655 12654 12653
f 12788 12789 12655
f 12789 12790 12655
f 12790 12657 12655
f 12657 12656 12655
f 12790 12791 12657
f 12791 12658 12657
f 12791 12792 12658
f 12792 12659 12658
f 12792 12793 12659
f 12793 12794 12659
f 12794 12795 12659
f 12795 12796 12659
f 12796 12660 12659
f 12796 12797 12660
f 12797 12661 12660
f 12797 12671 12661
f 12671 12662 12661
f 12798 12776 12663
f 12799 12798 12663
f 12664 12799 12663
f 12800 12799 12664
f 12665 12800 12664
f 12667 12800 12665
f 12666 12667 12665
f 12801 12800 12667
f 12802 12801 12667
f 12677 12802 12667
f 12803 12679 12668
f 12804 12803 12668
f 12669 12804 12668
f 12680 12676 12669
f 12670 12680 12669
f 12675 12804 12669
f 12797 12805 12671
f 12805 12672 12671
f 12805 12806 12672
f 12806 12807 12672
f 12807 12674 12672
f 12674 12673 12672
f 12807 12808 12674
f 12808 12675 12674
f 12808 12803 12675
f 12803 12804 12675
f 12809 12802 12677
f 12678 12809 12677
f 12679 12809 12678
f 12810 12809 12679
f 12811 12810 12679
f 12803 12811 12679
f 12813 12812 12684
f 12812 12686 12684
f 12686 12685 12684
f 12812 12814 12686
f 12814 12815 12686
f 12815 12687 12686
f 12815 12689 12687
f 12689 12688 12687
f 12815 12816 12689
f 12816 12690 12689
f 12816 12817 12690
f 12817 12818 12690
f 12818 12692 12690
f 12818 12819 12692
f 12819 12694 12692
f 12694 12693 12692
f 12819 12820 12694
f 12820 12821 12694
f 12821 12696 12694
f 12696 12695 12694
f 12821 12697 12696
f 12821 12820 12697
f 12820 12822 12697
f 12824 12823 12699
f 12701 12824 12699
f 12700 12701 12699
f 12825 12824 12701
f 12826 12825 12701
f 12702 12826 12701
f 12827 12826 12702
f 12703 12827 12702
f 12705 12827 12703
f 12704 12705 12703
f 12828 12827 12705
f 12829 12828 12705
f 12706 12829 12705
f 12708 12829 12706
f 12707 12708 12706
f 12830 12829 12708
f 12831 12830 12708
f 12832 12831 12708
f 12709 12832 12708
f 12714 12832 12709
f 12717 12833 12711
f 12833 12834 12711
f 12834 12712 12711
f 12834 12835 12712
f 12835 12713 12712
f 12835 12836 12713
f 12836 12714 12713
f 12836 12837 12714
f 12837 12838 12714
f 12838 12839 12714
f 12839 12832 12714
f 12709 12710 12714
f 12724 12840 12715
f 12840 12716 12715
f 12840 12841 12716
f 12841 12833 12716
f 12833 12717 12716
f 12728 12842 12718
f 12842 12719 12718
f 12842 12843 12719
f 12843 12844 12719
f 12844 12721 12719
f 12721 12720 12719
f 12844 12845 12721
f 12845 12846 12721
f 12846 12723 12721
f 12723 12722 12721
f 12846 12847 12723
f 12847 12840 12723
f 12840 12724 12723
f 12848 12842 12727
f 12842 12728 12727
f 12739 12849 12729
f 12849 12774 12729
f 12774 12730 12729
f 12774 12731 12730
f 12742 12850 12734
f 12850 12851 12734
f 12851 12852 12734
f 12852 12853 12734
f 12853 12735 12734
f 12853 12736 12735
f 12853 12854 12736
f 12854 12855 12736
f 12855 12737 12736
f 12855 12849 12737
f 12849 12738 12737
f 12849 12739 12738
f 12743 12856 12740
f 12856 12857 12740
f 12857 12741 12740
f 12857 12858 12741
f 12858 12859 12741
f 12859 12850 12741
f 12850 12742 12741
f 12860 12856 12743
f 12861 12860 12743
f 12862 12861 12743
f 12863 12862 12743
f 12744 12863 12743
f 12864 12863 12744
f 12745 12864 12744
f 12865 12864 12745
f 12866 12865 12745
f 12747 12866 12745
f 12746 12747 12745
f 12867 12866 12747
f 12868 12867 12747
f 12749 12868 12747
f 12748 12749 12747
f 12869 12868 12749
f 12870 12869 12749
f 12871 12870 12749
f 12751 12871 12749
f 12750 12751 12749
f 12872 12871 12751
f 12752 12872 12751
f 12873 12872 12752
f 12754 12873 12752
f 12753 12754 12752
f 12874 12873 12754
f 12755 12874 12754
f 12875 12874 12755
f 12876 12875 12755
f 12756 12876 12755
f 12877 12876 12756
f 12878 12877 12756
f 12757 12878 12756
f 12758 12878 12757
f 12772 12878 12758
f 12759 12772 12758
f 12879 12761 12760
f 12880 12879 12760
f 12881 12880 12760
f 12764 12881 12760
f 12772 12628 12761
f 12882 12772 12761
f 12879 12882 12761
f 12762 12883 12763
f 12883 12884 12763
f 12884 12766 12763
f 12766 12631 12763
f 12885 12881 12764
f 12765 12885 12764
f 12766 12886 12765
f 12886 12887 12765
f 12887 12885 12765
f 12884 12888 12766
f 12888 12886 12766
f 12773 12889 12767
f 12889 12890 12767
f 12890 12768 12767
f 12890 12769 12768
f 12890 12891 12769
f 12891 12892 12769
f 12892 12893 12769
f 12893 12770 12769
f 12893 12762 12770
f 12762 12771 12770
f 12762 12636 12771
f 12894 12878 12772
f 12882 12894 12772
f 12775 12895 12773
f 12895 12896 12773
f 12896 12889 12773
f 12849 12855 12774
f 12855 12897 12774
f 12897 12895 12774
f 12895 12775 12774
f 12898 12777 12776
f 12899 12898 12776
f 12900 12899 12776
f 12798 12900 12776
f 12901 12784 12777
f 12902 12901 12777
f 12898 12902 12777
f 12903 12644 12778
f 12779 12903 12778
f 12904 12903 12779
f 12905 12904 12779
f 12780 12905 12779
f 12782 12905 12780
f 12781 12782 12780
f 12783 12905 12782
f 12906 12905 12783
f 12784 12906 12783
f 12907 12906 12784
f 12901 12907 12784
f 12909 12908 12785
f 12908 12786 12785
f 12908 12910 12786
f 12910 12911 12786
f 12911 12787 12786
f 12911 12912 12787
f 12912 12913 12787
f 12913 12789 12787
f 12789 12788 12787
f 12913 12914 12789
f 12914 12791 12789
f 12791 12790 12789
f 12914 12915 12791
f 12915 12916 12791
f 12916 12793 12791
f 12793 12792 12791
f 12916 12917 12793
f 12917 12918 12793
f 12918 12919 12793
f 12919 12920 12793
f 12920 12795 12793
f 12795 12794 12793
f 12920 12921 12795
f 12921 12922 12795
f 12922 12806 12795
f 12806 12805 12795
f 12805 12797 12795
f 12797 12796 12795
f 12923 12900 12798
f 12799 12923 12798
f 12801 12923 12799
f 12800 12801 12799
f 12924 12923 12801
f 12925 12924 12801
f 12802 12925 12801
f 12926 12925 12802
f 12809 12926 12802
f 12808 12811 12803
f 12922 12927 12806
f 12927 12811 12806
f 12811 12808 12806
f 12808 12807 12806
f 12928 12926 12809
f 12810 12928 12809
f 12927 12928 12810
f 12811 12927 12810
f 12813 12929 12812
f 12929 12930 12812
f 12930 12814 12812
f 12930 12816 12814
f 12816 12815 12814
f 12930 12931 12816
f 12931 12932 12816
f 12932 12817 12816
f 12932 12933 12817
f 12933 12818 12817
f 12933 12822 12818
f 12822 12934 12818
f 12934 12820 12818
f 12820 12819 12818
f 12934 12822 12820
f 12933 12935 12822
f 12935 12936 12822
f 12936 12937 12822
f 12937 12697 12822
f 12938 12823 12824
f 12939 12938 12824
f 12825 12939 12824
f 12826 12939 12825
f 12940 12939 12826
f 12941 12940 12826
f 12828 12941 12826
f 12827 12828 12826
f 12942 12941 12828
f 12830 12942 12828
f 12829 12830 12828
f 12943 12942 12830
f 12944 12943 12830
f 12945 12944 12830
f 12831 12945 12830
f 12839 12945 12831
f 12832 12839 12831
f 12841 12946 12833
f 12946 12947 12833
f 12947 12835 12833
f 12835 12834 12833
f 12947 12948 12835
f 12948 12949 12835
f 12949 12836 12835
f 12949 12950 12836
f 12950 12951 12836
f 12951 12837 12836
f 12951 12838 12837
f 12952 12945 12839
f 12847 12953 12840
f 12953 12946 12840
f 12946 12841 12840
f 12848 12843 12842
f 12848 12954 12843
f 12954 12955 12843
f 12955 12956 12843
f 12956 12845 12843
f 12845 12844 12843
f 12956 12957 12845
f 12957 12958 12845
f 12958 12959 12845
f 12959 12846 12845
f 12959 12960 12846
f 12960 12847 12846
f 12960 12961 12847
f 12961 12953 12847
f 12859 12962 12850
f 12962 12963 12850
f 12963 12964 12850
f 12964 12965 12850
f 12965 12851 12850
f 12965 12852 12851
f 12965 12966 12852
f 12966 12853 12852
f 12966 12967 12853
f 12967 12897 12853
f 12897 12854 12853
f 12897 12855 12854
f 12860 12968 12856
f 12968 12969 12856
f 12969 12970 12856
f 12970 12857 12856
f 12970 12971 12857
f 12971 12972 12857
f 12972 12858 12857
f 12972 12973 12858
f 12973 12962 12858
f 12962 12859 12858
f 12974 12968 12860
f 12975 12974 12860
f 12861 12975 12860
f 12976 12975 12861
f 12977 12976 12861
f 12978 12977 12861
f 12862 12978 12861
f 12864 12978 12862
f 12863 12864 12862
f 12979 12978 12864
f 12980 12979 12864
f 12981 12980 12864
f 12865 12981 12864
f 12867 12981 12865
f 12866 12867 12865
f 12982 12981 12867
f 12983 12982 12867
f 12869 12983 12867
f 12868 12869 12867
f 12984 12983 12869
f 12985 12984 12869
f 12986 12985 12869
f 12872 12986 12869
f 12870 12872 12869
f 12871 12872 12870
f 12987 12986 12872
f 12874 12987 12872
f 12873 12874 12872
f 12988 12987 12874
f 12875 12988 12874
f 12876 12988 12875
f 12894 12988 12876
f 12877 12894 12876
f 12878 12894 12877
f 12989 12882 12879
f 12990 12989 12879
f 12881 12990 12879
f 12880 12881 12879
f 12991 12990 12881
f 12992 12991 12881
f 12993 12992 12881
f 12885 12993 12881
f 12989 12894 12882
f 12762 12994 12883
f 12994 12995 12883
f 12995 12996 12883
f 12996 12888 12883
f 12888 12884 12883
f 12887 12997 12885
f 12997 12993 12885
f 12888 12998 12886
f 12998 12887 12886
f 12999 12997 12887
f 12998 12999 12887
f 12996 12998 12888
f 12896 12891 12889
f 12891 12890 12889
f 12896 13000 12891
f 13000 13001 12891
f 13001 13002 12891
f 13002 13003 12891
f 13003 13004 12891
f 13004 12892 12891
f 13004 13005 12892
f 13005 13006 12892
f 13006 12893 12892
f 13006 12994 12893
f 12994 12762 12893
f 13007 12988 12894
f 12989 13007 12894
f 12897 13000 12895
f 13000 12896 12895
f 12967 13001 12897
f 13001 13000 12897
f 13008 12902 12898
f 13009 13008 12898
f 12899 13009 12898
f 13010 13009 12899
f 13011 13010 12899
f 12900 13011 12899
f 12924 13011 12900
f 12923 12924 12900
f 12902 12907 12901
f 13012 12907 12902
f 13013 13012 12902
f 13014 13013 12902
f 13008 13014 12902
f 13015 12644 12903
f 13016 13015 12903
f 13017 13016 12903
f 12904 13017 12903
f 12906 13017 12904
f 12905 12906 12904
f 13018 13017 12906
f 13019 13018 12906
f 12907 13019 12906
f 13020 13019 12907
f 13012 13020 12907
f 12909 13021 12908
f 13021 12911 12908
f 12911 12910 12908
f 13021 13022 12911
f 13022 12912 12911
f 13022 13023 12912
f 13023 13024 12912
f 13024 13025 12912
f 13025 12913 12912
f 13025 12915 12913
f 12915 12914 12913
f 13025 13026 12915
f 13026 12917 12915
f 12917 12916 12915
f 13026 13027 12917
f 13027 12918 12917
f 13027 13028 12918
f 13028 13029 12918
f 13029 13030 12918
f 13030 13031 12918
f 13031 12919 12918
f 13031 13032 12919
f 12919 13032 12920
f 13032 12921 12920
f 13032 13033 12921
f 13033 13034 12921
f 13034 12922 12921
f 13034 12927 12922
f 13010 13011 12924
f 12925 13010 12924
f 13035 13010 12925
f 12926 13035 12925
f 12928 13033 12926
f 13033 13035 12926
f 13034 13033 12927
f 13033 12928 12927
f 12813 13036 12929
f 13036 13037 12929
f 13037 12931 12929
f 12931 12930 12929
f 13037 12932 12931
f 13037 13038 12932
f 13038 12933 12932
f 13038 12935 12933
f 13038 13039 12935
f 13039 13040 12935
f 13040 13041 12935
f 13041 12936 12935
f 13041 13042 12936
f 13042 12937 12936
f 13042 13043 12937
f 13043 13044 12937
f 12938 13045 12823
f 13046 13045 12938
f 12939 13046 12938
f 13047 13046 12939
f 12940 13047 12939
f 13048 13047 12940
f 12941 13048 12940
f 12942 13048 12941
f 13049 13048 12942
f 12943 13049 12942
f 13050 13049 12943
f 13051 13050 12943
f 13052 13051 12943
f 12944 13052 12943
f 13053 13052 12944
f 12945 13053 12944
f 12952 13053 12945
f 12953 12961 12946
f 12961 13054 12946
f 13054 12948 12946
f 12948 12947 12946
f 13054 13055 12948
f 13055 13056 12948
f 13056 13057 12948
f 13057 12949 12948
f 13057 12950 12949
f 13057 13058 12950
f 12952 12838 12951
f 13059 13053 12952
f 12848 13060 12954
f 13060 13061 12954
f 13061 12955 12954
f 13061 12957 12955
f 12957 12956 12955
f 13061 13062 12957
f 13062 13063 12957
f 13063 12959 12957
f 12959 12958 12957
f 13063 13064 12959
f 13064 13065 12959
f 13065 12960 12959
f 13065 13066 12960
f 13066 12961 12960
f 13066 13055 12961
f 13055 13054 12961
f 12973 13067 12962
f 13067 13068 12962
f 13068 13069 12962
f 13069 12963 12962
f 13069 13070 12963
f 13070 12964 12963
f 13070 13002 12964
f 13002 13001 12964
f 13001 12965 12964
f 13001 12966 12965
f 13001 12967 12966
f 12974 13071 12968
f 13071 13072 12968
f 13072 13073 12968
f 13073 13074 12968
f 13074 12969 12968
f 13074 13075 12969
f 13075 13076 12969
f 13076 12971 12969
f 12971 12970 12969
f 13076 13077 12971
f 13077 12972 12971
f 13077 13078 12972
f 13078 13067 12972
f 13067 12973 12972
f 13079 13071 12974
f 12975 13079 12974
f 13080 13079 12975
f 12976 13080 12975
f 13081 13080 12976
f 13082 13081 12976
f 13083 13082 12976
f 12978 13083 12976
f 12977 12978 12976
f 13084 13083 12978
f 12979 13084 12978
f 13085 13084 12979
f 13086 13085 12979
f 12981 13086 12979
f 12980 12981 12979
f 13087 13086 12981
f 12982 13087 12981
f 13088 13087 12982
f 12984 13088 12982
f 12983 12984 12982
f 13089 13088 12984
f 13090 13089 12984
f 13091 13090 12984
f 12985 13091 12984
f 13007 13091 12985
f 12988 13007 12985
f 12986 12988 12985
f 12987 12988 12986
f 13092 13007 12989
f 13093 13092 12989
f 13094 13093 12989
f 12990 13094 12989
f 13093 13094 12990
f 12991 13093 12990
f 13095 13093 12991
f 13096 13095 12991
f 13097 13096 12991
f 13098 13097 12991
f 12992 13098 12991
f 13097 13098 12992
f 12993 13097 12992
f 13099 13097 12993
f 13100 13099 12993
f 13101 13100 12993
f 12997 13101 12993
f 13006 13102 12994
f 13102 12995 12994
f 13102 13103 12995
f 13103 13104 12995
f 13104 12999 12995
f 12999 12996 12995
f 12999 12998 12996
f 12999 13105 12997
f 13105 13101 12997
f 13104 13103 12999
f 13103 13106 12999
f 13106 13105 12999
f 13070 13107 13002
f 13107 13108 13002
f 13108 13003 13002
f 13108 13109 13003
f 13109 13004 13003
f 13109 13110 13004
f 13110 13005 13004
f 13110 13102 13005
f 13102 13006 13005
f 13092 13091 13007
f 13111 13014 13008
f 13035 13111 13008
f 13009 13035 13008
f 13010 13035 13009
f 13112 13020 13012
f 13113 13112 13012
f 13013 13113 13012
f 13113 13013 13014
f 13114 13113 13014
f 13115 13114 13014
f 13016 13116 13015
f 13116 13117 13015
f 13117 13118 13015
f 13118 13119 13015
f 13119 13120 13015
f 13018 13116 13016
f 13017 13018 13016
f 13020 13116 13018
f 13121 13020 13018
f 13019 13121 13018
f 13020 13121 13019
f 13117 13116 13020
f 13118 13117 13020
f 13122 13118 13020
f 13123 13122 13020
f 13112 13123 13020
f 12909 13120 13021
f 13120 13022 13021
f 13120 13119 13022
f 13119 13023 13022
f 13119 13124 13023
f 13124 13125 13023
f 13125 13126 13023
f 13126 13024 13023
f 13126 13025 13024
f 13126 13127 13025
f 13127 13027 13025
f 13027 13026 13025
f 13127 13128 13027
f 13128 13028 13027
f 13128 13129 13028
f 13129 13130 13028
f 13130 13131 13028
f 13131 13030 13028
f 13030 13029 13028
f 13131 13014 13030
f 13014 13132 13030
f 13132 13031 13030
f 13132 13133 13031
f 13133 13033 13031
f 13033 13032 13031
f 13133 13111 13033
f 13111 13035 13033
f 13038 13037 13036
f 13036 13039 13038
f 13040 13036 13041
f 13135 13134 13045
f 13047 13135 13045
f 13046 13047 13045
f 13136 13135 13047
f 13137 13136 13047
f 13049 13137 13047
f 13048 13049 13047
f 13138 13137 13049
f 13139 13138 13049
f 13050 13139 13049
f 13140 13139 13050
f 13051 13140 13050
f 13059 13140 13051
f 13052 13059 13051
f 13053 13059 13052
f 13066 13141 13055
f 13141 13142 13055
f 13142 13143 13055
f 13143 13056 13055
f 13143 13058 13056
f 13058 13057 13056
f 13143 13144 13058
f 13144 13145 13058
f 13146 13140 13059
f 13147 13146 13059
f 13148 13147 13059
f 13149 13062 13060
f 13062 13061 13060
f 13149 13150 13062
f 13150 13151 13062
f 13151 13152 13062
f 13152 13064 13062
f 13064 13063 13062
f 13152 13153 13064
f 13153 13154 13064
f 13154 13065 13064
f 13154 13066 13065
f 13154 13155 13066
f 13155 13141 13066
f 13078 13156 13067
f 13156 13157 13067
f 13157 13158 13067
f 13158 13068 13067
f 13158 13159 13068
f 13159 13107 13068
f 13107 13069 13068
f 13107 13070 13069
f 13160 13072 13071
f 13161 13160 13071
f 13079 13161 13071
f 13160 13162 13072
f 13162 13163 13072
f 13163 13164 13072
f 13164 13073 13072
f 13164 13075 13073
f 13075 13074 13073
f 13164 13165 13075
f 13165 13166 13075
f 13166 13077 13075
f 13077 13076 13075
f 13166 13167 13077
f 13167 13168 13077
f 13168 13156 13077
f 13156 13078 13077
f 13169 13161 13079
f 13170 13169 13079
f 13080 13170 13079
f 13081 13170 13080
f 13171 13170 13081
f 13172 13171 13081
f 13173 13172 13081
f 13082 13173 13081
f 13084 13173 13082
f 13083 13084 13082
f 13174 13173 13084
f 13175 13174 13084
f 13176 13175 13084
f 13087 13176 13084
f 13085 13087 13084
f 13086 13087 13085
f 13177 13176 13087
f 13178 13177 13087
f 13089 13178 13087
f 13088 13089 13087
f 13179 13178 13089
f 13180 13179 13089
f 13181 13180 13089
f 13090 13181 13089
f 13182 13181 13090
f 13092 13182 13090
f 13091 13092 13090
f 13093 13182 13092
f 13181 13093 13095
f 13180 13181 13095
f 13183 13180 13095
f 13184 13183 13095
f 13096 13184 13095
f 13099 13184 13096
f 13097 13099 13096
f 13185 13184 13099
f 13186 13185 13099
f 13187 13186 13099
f 13100 13187 13099
f 13101 13187 13100
f 13105 13188 13101
f 13188 13187 13101
f 13110 13189 13102
f 13189 13190 13102
f 13190 13103 13102
f 13190 13106 13103
f 13106 13191 13105
f 13191 13192 13105
f 13192 13188 13105
f 13190 13191 13106
f 13159 13193 13107
f 13193 13108 13107
f 13193 13194 13108
f 13194 13109 13108
f 13194 13195 13109
f 13195 13189 13109
f 13189 13110 13109
f 13133 13115 13111
f 13115 13014 13111
f 13114 13123 13112
f 13113 13114 13112
f 13115 13130 13114
f 13130 13129 13114
f 13129 13123 13114
f 13133 13131 13115
f 13131 13130 13115
f 13122 13125 13118
f 13125 13124 13118
f 13124 13119 13118
f 12909 13015 13120
f 13129 13125 13122
f 13123 13129 13122
f 13129 13128 13125
f 13128 13127 13125
f 13127 13126 13125
f 13014 13133 13132
f 13136 13197 13134
f 13135 13136 13134
f 13198 13197 13136
f 13199 13198 13136
f 13138 13199 13136
f 13137 13138 13136
f 13200 13199 13138
f 13139 13200 13138
f 13201 13200 13139
f 13146 13201 13139
f 13140 13146 13139
f 13155 13202 13141
f 13202 13203 13141
f 13203 13142 13141
f 13203 13144 13142
f 13144 13143 13142
f 13203 13204 13144
f 13204 13205 13144
f 13205 13145 13144
f 13205 13206 13145
f 13208 13201 13146
f 13209 13208 13146
f 13210 13209 13146
f 13147 13210 13146
f 13211 13210 13147
f 13148 13211 13147
f 13212 13211 13148
f 13214 13213 13150
f 13213 13215 13150
f 13215 13151 13150
f 13215 13153 13151
f 13153 13152 13151
f 13215 13216 13153
f 13216 13154 13153
f 13216 13217 13154
f 13217 13155 13154
f 13217 13218 13155
f 13218 13219 13155
f 13219 13202 13155
f 13168 13220 13156
f 13220 13221 13156
f 13221 13222 13156
f 13222 13223 13156
f 13223 13157 13156
f 13223 13224 13157
f 13224 13158 13157
f 13224 13193 13158
f 13193 13159 13158
f 13225 13162 13160
f 13226 13225 13160
f 13169 13226 13160
f 13161 13169 13160
f 13225 13227 13162
f 13227 13228 13162
f 13228 13229 13162
f 13229 13163 13162
f 13229 13165 13163
f 13165 13164 13163
f 13229 13230 13165
f 13230 13231 13165
f 13231 13167 13165
f 13167 13166 13165
f 13231 13232 13167
f 13232 13233 13167
f 13233 13220 13167
f 13220 13168 13167
f 13234 13226 13169
f 13235 13234 13169
f 13236 13235 13169
f 13170 13236 13169
f 13237 13236 13170
f 13171 13237 13170
f 13172 13238 13171
f 13238 13239 13171
f 13239 13240 13171
f 13240 13241 13171
f 13241 13237 13171
f 13174 13238 13172
f 13173 13174 13172
f 13242 13238 13174
f 13243 13242 13174
f 13244 13243 13174
f 13175 13244 13174
f 13177 13244 13175
f 13176 13177 13175
f 13243 13244 13177
f 13179 13243 13177
f 13178 13179 13177
f 13245 13243 13179
f 13183 13245 13179
f 13180 13183 13179
f 13182 13093 13181
f 13185 13245 13183
f 13184 13185 13183
f 13246 13245 13185
f 13247 13246 13185
f 13248 13247 13185
f 13186 13248 13185
f 13249 13248 13186
f 13187 13249 13186
f 13188 13250 13187
f 13250 13251 13187
f 13251 13249 13187
f 13192 13250 13188
f 13195 13252 13189
f 13252 13190 13189
f 13252 13253 13190
f 13253 13254 13190
f 13254 13191 13190
f 13254 13255 13191
f 13255 13192 13191
f 13255 13256 13192
f 13256 13250 13192
f 13224 13252 13193
f 13252 13194 13193
f 13252 13195 13194
f 13257 13196 13197
f 13198 13257 13197
f 13258 13257 13198
f 13200 13258 13198
f 13199 13200 13198
f 13259 13258 13200
f 13201 13259 13200
f 13260 13259 13201
f 13208 13260 13201
f 13219 13204 13202
f 13204 13203 13202
f 13219 13261 13204
f 13261 13262 13204
f 13262 13206 13204
f 13206 13205 13204
f 13262 13263 13206
f 13263 13264 13206
f 13264 13265 13206
f 13265 13207 13206
f 13266 13260 13208
f 13267 13266 13208
f 13209 13267 13208
f 13211 13267 13209
f 13210 13211 13209
f 13268 13267 13211
f 13269 13268 13211
f 13270 13269 13211
f 13212 13270 13211
f 13214 13271 13213
f 13271 13272 13213
f 13272 13216 13213
f 13216 13215 13213
f 13272 13273 13216
f 13273 13217 13216
f 13273 13274 13217
f 13274 13275 13217
f 13275 13218 13217
f 13275 13219 13218
f 13275 13276 13219
f 13276 13261 13219
f 13233 13277 13220
f 13277 13278 13220
f 13278 13221 13220
f 13278 13279 13221
f 13279 13254 13221
f 13254 13253 13221
f 13253 13222 13221
f 13253 13224 13222
f 13224 13223 13222
f 13253 13252 13224
f 13234 13225 13226
f 13225 13280 13227
f 13280 13281 13227
f 13281 13282 13227
f 13282 13228 13227
f 13282 13283 13228
f 13283 13230 13228
f 13230 13229 13228
f 13283 13232 13230
f 13232 13231 13230
f 13283 13284 13232
f 13284 13285 13232
f 13285 13277 13232
f 13277 13233 13232
f 13235 13225 13234
f 13236 13225 13235
f 13286 13225 13236
f 13241 13286 13236
f 13237 13241 13236
f 13242 13239 13238
f 13287 13240 13239
f 13242 13287 13239
f 13286 13241 13240
f 13288 13286 13240
f 13289 13288 13240
f 13287 13289 13240
f 13290 13287 13242
f 13291 13290 13242
f 13243 13291 13242
f 13292 13291 13243
f 13245 13292 13243
f 13246 13292 13245
f 13293 13292 13246
f 13247 13293 13246
f 13294 13293 13247
f 13295 13294 13247
f 13248 13295 13247
f 13296 13295 13248
f 13249 13296 13248
f 13251 13297 13249
f 13297 13296 13249
f 13256 13298 13250
f 13298 13297 13250
f 13297 13251 13250
f 13279 13256 13254
f 13256 13255 13254
f 13279 13299 13256
f 13299 13298 13256
f 13300 13196 13257
f 13301 13300 13257
f 13302 13301 13257
f 13259 13302 13257
f 13258 13259 13257
f 13303 13302 13259
f 13260 13303 13259
f 13304 13303 13260
f 13305 13304 13260
f 13266 13305 13260
f 13276 13306 13261
f 13306 13307 13261
f 13307 13262 13261
f 13307 13308 13262
f 13308 13263 13262
f 13308 13309 13263
f 13309 13310 13263
f 13310 13264 13263
f 13310 13311 13264
f 13311 13312 13264
f 13312 13265 13264
f 13313 13305 13266
f 13268 13313 13266
f 13267 13268 13266
f 13314 13313 13268
f 13315 13314 13268
f 13269 13315 13268
f 13214 13316 13271
f 13316 13317 13271
f 13317 13273 13271
f 13273 13272 13271
f 13317 13318 13273
f 13318 13319 13273
f 13319 13274 13273
f 13319 13275 13274
f 13319 13320 13275
f 13320 13276 13275
f 13320 13321 13276
f 13321 13306 13276
f 13285 13322 13277
f 13322 13278 13277
f 13322 13323 13278
f 13323 13299 13278
f 13299 13279 13278
f 13225 13324 13280
f 13324 13325 13280
f 13325 13281 13280
f 13325 13326 13281
f 13326 13282 13281
f 13326 13284 13282
f 13284 13283 13282
f 13326 13327 13284
f 13327 13328 13284
f 13328 13322 13284
f 13322 13285 13284
f 13329 13225 13286
f 13330 13329 13286
f 13289 13330 13286
f 13288 13289 13286
f 13331 13289 13287
f 13290 13331 13287
f 13332 13330 13289
f 13331 13332 13289
f 13333 13331 13290
f 13334 13333 13290
f 13335 13334 13290
f 13291 13335 13290
f 13293 13335 13291
f 13292 13293 13291
f 13334 13335 13293
f 13336 13334 13293
f 13294 13336 13293
f 13337 13336 13294
f 13295 13337 13294
f 13296 13337 13295
f 13298 13337 13296
f 13297 13298 13296
f 13299 13323 13298
f 13323 13338 13298
f 13338 13339 13298
f 13339 13340 13298
f 13340 13337 13298
f 13303 13341 13301
f 13302 13303 13301
f 13304 13341 13303
f 13313 13341 13304
f 13305 13313 13304
f 13321 13308 13306
f 13308 13307 13306
f 13321 13342 13308
f 13342 13343 13308
f 13343 13344 13308
f 13344 13309 13308
f 13344 13345 13309
f 13345 13311 13309
f 13311 13310 13309
f 13345 13346 13311
f 13314 13347 13313
f 13347 13341 13313
f 13315 13347 13314
f 13349 13348 13316
f 13348 13318 13316
f 13318 13317 13316
f 13348 13350 13318
f 13350 13319 13318
f 13350 13351 13319
f 13351 13320 13319
f 13351 13352 13320
f 13352 13321 13320
f 13352 13353 13321
f 13353 13342 13321
f 13328 13323 13322
f 13328 13354 13323
f 13354 13338 13323
f 13225 13355 13324
f 13355 13325 13324
f 13355 13356 13325
f 13356 13327 13325
f 13327 13326 13325
f 13356 13328 13327
f 13356 13354 13328
f 13332 13357 13329
f 13330 13332 13329
f 13358 13332 13331
f 13359 13358 13331
f 13360 13359 13331
f 13333 13360 13331
f 13358 13357 13332
f 13336 13360 13333
f 13334 13336 13333
f 13361 13360 13336
f 13337 13361 13336
f 13340 13361 13337
f 13354 13362 13338
f 13362 13363 13338
f 13363 13364 13338
f 13364 13340 13338
f 13340 13339 13338
f 13364 13365 13340
f 13365 13359 13340
f 13359 13361 13340
f 13353 13366 13342
f 13366 13343 13342
f 13366 13367 13343
f 13367 13344 13343
f 13367 13368 13344
f 13368 13369 13344
f 13369 13345 13344
f 13369 13370 13345
f 13370 13371 13345
f 13371 13346 13345
f 13372 13341 13347
f 13373 13372 13347
f 13372 13301 13341
f 13349 13375 13348
f 13375 13351 13348
f 13351 13350 13348
f 13375 13376 13351
f 13376 13377 13351
f 13377 13352 13351
f 13377 13378 13352
f 13378 13353 13352
f 13378 13379 13353
f 13379 13366 13353
f 13356 13362 13354
f 13225 13357 13355
f 13357 13359 13355
f 13359 13363 13355
f 13363 13362 13355
f 13362 13356 13355
f 13365 13363 13359
f 13357 13358 13359
f 13360 13361 13359
f 13365 13364 13363
f 13379 13380 13366
f 13380 13367 13366
f 13380 13381 13367
f 13381 13368 13367
f 13381 13382 13368
f 13382 13383 13368
f 13383 13369 13368
f 13383 13370 13369
f 13383 13384 13370
f 13384 13374 13370
f 13374 13371 13370
f 13373 13301 13372
f 13347 13385 13373
f 13385 13386 13373
f 13349 13376 13375
f 13349 13387 13376
f 13387 13377 13376
f 13387 13378 13377
f 13387 13386 13378
f 13386 13379 13378
f 13386 13380 13379
f 13225 13329 13357
f 13386 13381 13380
f 13386 13385 13381
f 13385 13388 13381
f 13388 13383 13381
f 13383 13382 13381
f 13388 13384 13383
f 13347 13384 13385
f 13384 13388 13385
f 8926 9966 9194
f 10453 11639 10695
f 102 87 137
f 402 318 360
f 578 662 753
f 578 753 806
f 2229 2101 2090
f 8131 8415 7829
f 10252 11457 9501
f 9501 11457 8415
f 11457 11906 8415
f 8415 11906 7829
f 11906 11382 7829
f 11382 10663 7829
f 10663 8978 7829
f 8978 8414 7829
f 13301 13373 13300
f 13316 13214 13349
f 13150 13149 13214
f 13214 13149 13349
f 13149 13060 13349
f 12644 13015 12505
f 12505 13015 12335
f 13015 12909 12335
f 12909 12785 12335
f 13040 13039 13036
f 13374 13384 13347
f 12622 12491 12759
f 12491 12628 12759
f 12628 12772 12759
f 2520 2677 2383
f 13400 8770 8773
f 13394 13044 13043
f 13394 13043 13395
f 13393 13394 13395
f 13393 13395 13396
f 13392 13393 13396
f 13392 13396 13397
f 13391 13392 13397
f 13391 13397 13398
f 13390 13391 13398
f 13399 13400 8773
f 13399 8773 13389
f 13399 13389 13390
f 13398 13399 13390
f 9584 13401 9323
f 13401 8782 9323
f 9321 13402 9320
f 13402 8774 9320
f 13408 13412 13392
f 12937 13044 13394
f 13412 13393 13392
f 12937 13394 13412
f 13408 13392 13391
f 13391 13390 13408
f 13408 13405 13412
f 13394 13393 13412
f 12937 13405 12697
f 8781 8782 13406
f 13413 9322 9057
f 13410 9321 9322
f 13390 13389 13408
f 13406 13413 8781
f 13410 13413 13406
f 12691 12698 13409
f 8781 13413 9057
f 13404 13410 13406
f 13407 12028 12232
f 13404 13406 13403
f 8774 13405 13408
f 12401 13407 12232
f 12937 13412 13405
f 13410 9322 13413
f 13389 13414 13408
f 8774 13408 13414
f 8774 13414 8773
f 13389 8773 13414
f 12417 13415 12698
f 13409 12698 13415
f 12415 13416 13417
f 13410 13417 13416
f 12041 12415 13417
f 13409 13418 13419
f 9332 13419 13418
f 13407 13409 13419
f 12697 13420 13421
f 13402 13421 13420
f 12415 12697 13421
f 13405 13422 13420
f 13402 13420 13422
f 12697 13405 13420
f 13403 13423 13425
f 13411 13424 13423
f 12045 13425 13424
f 13423 13424 13425
f 9321 13426 13421
f 12415 13421 13426
f 13402 9321 13421
f 13410 13416 13426
f 12415 13426 13416
f 9321 13410 13426
f 13404 13427 12041
f 12044 12041 13427
f 13403 13428 13423
f 13401 13429 13428
f 13411 13423 13429
f 13428 13429 13423
f 12044 13430 13425
f 13403 13425 13430
f 12045 12044 13425
f 8782 13431 13406
f 13403 13406 13431
f 13402 13422 8774
f 13405 8774 13422
f 13409 13432 12691
f 12401 12691 13432
f 13407 13419 9592
f 9332 9592 13419
f 12041 13417 13404
f 13410 13404 13417
f 12247 13433 13434
f 13411 13434 13433
f 12417 12247 13434
f 13401 13428 13431
f 13403 13431 13428
f 8782 13401 13431
f 13403 13430 13427
f 12044 13427 13430
f 13404 13403 13427
f 12417 13434 13415
f 13411 13435 13434
f 13409 13415 13435
f 13434 13435 13415
f 12401 13432 13407
f 13409 13407 13432
f 9845 13436 13437
f 13411 13437 13436
f 9584 9845 13437
f 13409 13435 13438
f 13411 13436 13435
f 9845 13438 13436
f 13435 13436 13438
f 9332 13418 13438
f 13409 13438 13418
f 9845 9332 13438
f 12045 13424 13433
f 13411 13433 13424
f 12247 12045 13433
f 9592 13439 13440
f 11566 13440 13439
f 13407 9592 13440
f 13407 13440 12028
f 11566 12028 13440
f 11566 13441 13442
f 9340 13442 13441
f 11083 11566 13442
f 9584 13437 13429
f 13411 13429 13437
f 13401 9584 13429
f 11083 13443 13444
f 8811 13444 13443
f 10829 11083 13444
f 8811 13443 13442
f 11083 13442 13443
f 9340 8811 13442
f 10829 13444 13445
f 8811 13445 13444
f 10101 10829 13445
f 10101 13446 9341
f 8812 9341 13446
f 8812 13446 13445
f 10101 13445 13446
f 8811 8812 13445
f 9340 13441 13439
f 11566 13439 13441
f 9592 9340 13439
f 13387 13449 13386
f 13449 13373 13386
f 10476 13450 10347
f 13450 13447 10347
f 13447 13451 10347
f 13451 10591 10347
f 12848 13452 13060
f 13452 13448 13060
f 13448 13453 13060
f 13453 13349 13060
f 13459 12594 12569
f 13455 11875 12082
f 12081 13455 12082
f 11875 13455 11874
f 13463 11804 11567
f 13300 13464 13466
f 13449 13465 13464
f 13464 13465 13466
f 13449 13387 13465
f 13453 13468 13469
f 13349 13453 13469
f 13197 13470 13471
f 13457 13471 13470
f 13134 13197 13471
f 13196 13472 13470
f 13457 13470 13472
f 13197 13196 13470
f 13045 13473 13474
f 13461 13474 13473
f 12823 13045 13474
f 12569 13475 13476
f 13456 13476 13475
f 13459 12569 13476
f 12233 13477 13478
f 13458 13478 13477
f 12402 12233 13478
f 13045 13479 13473
f 13461 13473 13480
f 13479 13480 13473
f 13300 13466 13472
f 13457 13472 13466
f 13196 13300 13472
f 12823 13474 13481
f 13461 13481 13474
f 12699 12823 13481
f 12434 13482 13483
f 13462 13483 13482
f 12081 12434 13483
f 13452 13484 13486
f 13462 13485 13484
f 12570 13486 13485
f 13484 13485 13486
f 10963 13488 13487
f 13460 13489 13491
f 13455 13490 13489
f 13462 13491 13490
f 13489 13490 13491
f 13456 13492 13476
f 10963 13487 13492
f 13459 13476 13487
f 13492 13487 13476
f 12727 13493 13494
f 13462 13494 13493
f 12848 12727 13494
f 11424 13495 13488
f 10963 11424 13488
f 13349 13469 13467
f 13457 13467 13469
f 13452 13496 13497
f 13461 13497 13496
f 13448 13452 13497
f 13462 13493 13491
f 12727 13498 13493
f 13460 13491 13498
f 13493 13498 13491
f 12725 13499 13500
f 13460 13500 13499
f 12726 12725 13500
f 12726 13500 13498
f 13460 13498 13500
f 12727 12726 13498
f 12699 13501 13486
f 13452 13486 13501
f 12570 12699 13486
f 12595 13502 13503
f 13454 13503 13502
f 12596 12595 13503
f 13454 13502 13504
f 12595 13504 13502
f 13459 13454 13504
f 13456 13506 13505
f 13460 13499 13508
f 12725 13507 13499
f 13454 13508 13507
f 13499 13507 13508
f 12570 13485 13482
f 13462 13482 13485
f 12434 12570 13482
f 12597 13509 13507
f 13454 13507 13509
f 12725 12597 13507
f 13461 13496 13481
f 13452 13501 13496
f 12699 13481 13501
f 13496 13501 13481
f 13455 13489 13510
f 13460 13510 13489
f 11874 13455 13510
f 12848 13494 13484
f 13462 13484 13494
f 13452 12848 13484
f 12429 13511 13475
f 13456 13475 13511
f 12569 12429 13475
f 11655 13512 13495
f 11424 11655 13495
f 11874 13510 13513
f 13460 13513 13510
f 11655 11874 13513
f 12081 13483 13490
f 13462 13490 13483
f 13455 12081 13490
f 13459 13504 12594
f 12595 12594 13504
f 13460 13508 13513
f 11655 13513 13512
f 13508 13512 13513
f 10476 13514 13515
f 13458 13515 13514
f 13450 10476 13515
f 10963 13492 13505
f 13456 13505 13492
f 10713 10963 13505
f 12596 13503 13509
f 13454 13509 13503
f 12597 12596 13509
f 12402 13516 13511
f 13456 13511 13516
f 12429 12402 13511
f 12029 13517 13477
f 13458 13477 13517
f 12233 12029 13477
f 13134 13471 13479
f 13457 13479 13471
f 13045 13134 13479
f 13458 13517 13518
f 12029 13518 13517
f 13463 13458 13518
f 13448 13497 13519
f 13461 13519 13497
f 13453 13448 13519
f 13458 13463 13520
f 11328 13521 11567
f 13463 11567 13521
f 13453 13519 13468
f 13461 13480 13519
f 13468 13519 13480
f 13456 13516 13522
f 12402 13478 13516
f 13458 13522 13478
f 13516 13478 13522
f 13463 13518 11804
f 12029 11804 13518
f 11087 13523 13524
f 13451 13524 13523
f 11328 11087 13524
f 11328 13524 13521
f 13451 13525 13524
f 13463 13521 13525
f 13524 13525 13521
f 10842 13526 13523
f 13451 13523 13526
f 11087 10842 13523
f 13451 13526 10591
f 10842 10591 13526
f 13450 13515 13520
f 13458 13520 13515
f 13447 13450 13520
f 13456 13522 13506
f 13458 13514 13522
f 10476 13506 13514
f 13522 13514 13506
f 13465 13527 13466
f 13457 13466 13527
f 13387 13528 13465
f 13467 13465 13528
f 13457 13527 13467
f 13465 13467 13527
f 13468 13529 13469
f 13457 13469 13529
f 13464 13530 13449
f 13373 13449 13530
f 13373 13530 13300
f 13464 13300 13530
f 13457 13531 13479
f 13480 13479 13531
f 13488 13532 13487
f 13459 13487 13532
f 13459 13532 13533
f 13488 13533 13532
f 13454 13459 13533
f 13495 13534 13533
f 13454 13533 13534
f 13488 13495 13533
f 13506 13535 13505
f 10713 13505 13535
f 10713 13535 10476
f 13506 10476 13535
f 13512 13536 13534
f 13454 13534 13536
f 13495 13512 13534
f 13454 13536 13508
f 13512 13508 13536
f 13463 13537 13520
f 13447 13520 13537
f 13480 13531 13529
f 13457 13529 13531
f 13468 13480 13529
f 13525 13538 13537
f 13447 13537 13538
f 13463 13525 13537
f 13447 13538 13451
f 13525 13451 13538
f 13528 13539 13467
f 13349 13467 13539
f 13349 13539 13387
f 13528 13387 13539
f 13545 3727 3936
f 13545 3936 13546
f 13544 13545 13546
f 13544 13546 13547
f 13543 13544 13547
f 13543 13547 13548
f 13542 13543 13548
f 13542 13548 13549
f 13541 13542 13549
f 13541 13549 13550
f 4189 3971 13540
f 13551 4189 13540
f 13550 13551 13540
f 13550 13540 13541
f 7082 7407 13554
f 6769 6768 13552
f 13553 7082 13554
f 13553 13554 13555
f 13552 13553 13555
f 13552 13555 6769
f 13571 13555 13554
f 13571 13554 13556
f 13570 13571 13556
f 13570 13556 13557
f 13569 13570 13557
f 13569 13557 13558
f 13568 13569 13558
f 13568 13558 13559
f 13567 13568 13559
f 13567 13559 13560
f 13566 13567 13560
f 13566 13560 13561
f 13565 13566 13561
f 13565 13561 13562
f 13565 13562 13563
f 13564 13565 13563
f 13564 13563 6554
f 13564 6554 6553
f 13572 9754 13573
f 13572 13573 9497
f 9238 13572 9497
f 10005 13574 9754
f 13574 13573 9754
f 11456 11218 11217
f 10981 13576 10726
f 11445 10981 11218
f 11445 11218 11456
f 13576 10727 10726
f 10727 13576 10488
f 13573 13577 13579
f 10250 13579 13578
f 13577 13578 13579
f 13574 13581 13580
f 13576 13582 10488
f 10005 10488 13582
f 10005 13582 13581
f 13576 13581 13582
f 13574 10005 13581
f 13574 13580 13577
f 13573 13574 13577
f 13573 13579 9497
f 10250 9497 13579
f 13577 13584 13585
f 13575 13585 13584
f 13578 13577 13585
f 13581 13586 13587
f 13575 13587 13586
f 13580 13581 13587
f 13575 13586 13576
f 13581 13576 13586
f 13580 13587 13584
f 13575 13584 13587
f 13577 13580 13584
f 13583 13588 13578
f 10250 13578 13588
f 13578 13585 13583
f 13575 13583 13585
f 10250 13588 10487
f 13583 10487 13588
f 13583 13589 10487
f 10976 10487 13589
f 13575 13590 13589
f 10976 13589 13590
f 13583 13575 13589
f 10976 13590 13591
f 13575 13591 13590
f 11209 10976 13591
f 11209 13591 13592
f 13575 13592 13591
f 11445 11209 13592
f 11445 13593 10981
f 13576 10981 13593
f 13576 13593 13592
f 11445 13592 13593
f 13575 13576 13592
f 8146 13594 8433
f 13594 8717 8433
f 9267 13595 8902
f 13595 8626 8902
f 13598 7408 7739
f 7740 13598 7738
f 7739 7408 7406
f 13598 7739 7738
f 7407 13556 13554
f 13556 7407 7408
f 7740 7741 13598
f 13600 7507 7506
f 13562 6865 13563
f 6554 13563 6865
f 13559 13602 13604
f 13601 13603 13602
f 13602 13603 13604
f 13601 13606 13603
f 13605 13603 13606
f 8146 13607 13609
f 13599 13608 13607
f 13595 13609 13608
f 13607 13608 13609
f 7841 13610 13607
f 13599 13607 13610
f 8146 7841 13607
f 9267 13611 13612
f 13594 13612 13611
f 13595 9267 13612
f 13557 13613 13615
f 7408 13614 13613
f 13601 13615 13614
f 13613 13614 13615
f 13595 13608 13618
f 13599 13618 13608
f 8626 13595 13618
f 7408 13613 13556
f 13557 13556 13613
f 13599 13610 13619
f 7841 13619 13610
f 13598 13620 13614
f 13601 13614 13620
f 7408 13598 13614
f 13594 13611 8717
f 9267 8717 13611
f 8047 13606 13621
f 13601 13621 13606
f 7741 8047 13621
f 13600 13619 7507
f 7841 7507 13619
f 7505 13622 7506
f 13600 7506 13622
f 7504 13623 7505
f 13597 7505 13623
f 13597 13624 13625
f 7181 13625 13624
f 13600 13622 13597
f 7505 13597 13622
f 13560 13626 13627
f 7181 13627 13625
f 13626 13625 13627
f 13600 13628 13617
f 13559 13604 13626
f 13560 13559 13626
f 7181 13624 13623
f 13597 13623 13624
f 7504 7181 13623
f 7741 13621 13620
f 13601 13620 13621
f 13598 7741 13620
f 13560 13627 13629
f 13561 13560 13629
f 13557 13615 13630
f 13601 13630 13615
f 13558 13557 13630
f 13561 13631 13562
f 6865 13562 13631
f 13558 13630 13602
f 13601 13602 13630
f 13559 13558 13602
f 6865 13631 13629
f 13561 13629 13631
f 13600 13597 13628
f 8146 13609 13612
f 13595 13612 13609
f 13594 8146 13612
f 13603 13632 13604
f 13596 13604 13632
f 8047 13633 13606
f 13605 13606 13633
f 13605 13634 13632
f 13596 13632 13634
f 13603 13605 13632
f 13605 13633 13635
f 8047 13635 13633
f 13616 13605 13635
f 13617 13636 13637
f 13616 13637 13636
f 13599 13617 13637
f 13617 13638 13634
f 13596 13634 13638
f 13605 13617 13634
f 13616 13636 13605
f 13617 13605 13636
f 13600 13639 13619
f 13599 13619 13639
f 13596 13640 13625
f 13597 13625 13640
f 13626 13641 13625
f 13596 13625 13641
f 13596 13638 13628
f 13617 13628 13638
f 13599 13639 13617
f 13600 13617 13639
f 13596 13641 13604
f 13626 13604 13641
f 7181 13642 13627
f 13629 13627 13642
f 13616 13643 13618
f 8626 13618 13643
f 13599 13637 13618
f 13616 13618 13637
f 13616 13635 13643
f 13629 13642 6865
f 7181 6865 13642
f 13597 13640 13628
f 13596 13628 13640
f 13635 13644 13643
f 8626 13643 13644
f 8626 13644 8047
f 13635 8047 13644
f 7081 7082 7080
f 7082 13553 7080
f 7080 13553 7079
f 6768 7077 13552
f 13552 13645 13553
f 7079 13553 13645
f 7079 13645 7077
f 13552 7077 13645
f 12709 12580 12710
f 12952 12839 12838
f 11885 12091 11665
f 12092 13646 12091
f 11665 12091 13646
f 12280 13647 13648
f 11664 13648 13647
f 12092 12280 13648
f 11664 13647 13649
f 12280 13649 13647
f 11883 11664 13649
f 11883 13649 12277
f 12280 12277 13649
f 11665 13646 13648
f 12092 13648 13646
f 11664 11665 13648
f 10176 10416 10417
f 10175 9920 9919
f 10176 13650 10416
f 10175 10416 13650
f 10175 13650 9920
f 10176 9920 13650
f 13651 13347 13315
f 13651 13315 13269
f 13270 13651 13269
f 13058 12951 12950
f 13374 13652 13371
f 13346 13371 13652
f 13651 13653 13654
f 13346 13654 13653
f 13347 13651 13654
f 13347 13654 13652
f 13346 13652 13654
f 13374 13347 13652
f 13346 13655 13311
f 13312 13311 13655
f 13312 13656 13657
f 13212 13657 13656
f 13265 13312 13657
f 13207 13658 13206
f 13145 13206 13658
f 13265 13657 13659
f 13212 13659 13657
f 13207 13265 13659
f 13346 13653 13655
f 13651 13660 13653
f 13312 13655 13660
f 13653 13660 13655
f 13212 13661 13270
f 13651 13270 13661
f 12952 13662 13059
f 13148 13059 13662
f 13207 13664 13658
f 13663 13658 13664
f 13148 13664 13659
f 13207 13659 13664
f 13212 13148 13659
f 13145 13665 13058
f 12951 13058 13665
f 12951 13665 13666
f 12952 12951 13666
f 12952 13666 13662
f 13663 13662 13666
f 13312 13660 13656
f 13651 13661 13660
f 13212 13656 13661
f 13660 13661 13656
f 13148 13667 13664
f 13663 13664 13667
f 13663 13668 13658
f 13145 13658 13668
f 13145 13669 13665
f 13666 13665 13669
f 13666 13669 13668
f 13145 13668 13669
f 13663 13666 13668
f 13663 13667 13662
f 13148 13662 13667
f 4190 4189 13551
f 4412 4190 13551
f 13673 4643 4413
f 13546 3936 4155
f 13671 4886 4885
f 13546 4155 4156
f 5100 5371 4841
f 13672 5371 5372
f 13670 13674 13675
f 13549 13675 13674
f 13672 13670 13675
f 13550 13676 13678
f 13673 13677 13676
f 4412 13678 13677
f 13676 13677 13678
f 13550 13678 13551
f 4412 13551 13678
f 13549 13674 13679
f 13670 13679 13674
f 13550 13549 13679
f 4885 13680 13671
f 13673 13671 13680
f 13673 13676 13679
f 13550 13679 13676
f 13670 13673 13679
f 5149 13681 5373
f 5372 5373 13681
f 13673 13680 4643
f 4885 4643 13680
f 13671 13682 4886
f 5149 4886 13682
f 13547 13683 13684
f 4370 13684 13683
f 13548 13547 13684
f 4370 13685 13684
f 13672 13686 13685
f 13548 13684 13686
f 13685 13686 13684
f 4156 13687 13546
f 13547 13546 13687
f 4370 13683 13687
f 13547 13687 13683
f 4156 4370 13687
f 13548 13686 13675
f 13672 13675 13686
f 13549 13548 13675
f 5371 13688 4841
f 4604 4841 13688
f 4604 13688 13689
f 5371 13689 13688
f 4370 4604 13689
f 5372 13681 13682
f 5149 13682 13681
f 13672 13685 13689
f 4370 13689 13685
f 5371 13672 13689
f 4412 13677 4413
f 13673 4413 13677
f 13671 13690 13682
f 5372 13682 13690
f 13670 13691 13673
f 13671 13673 13691
f 5372 13690 13692
f 13671 13692 13690
f 13672 5372 13692
f 13672 13692 13691
f 13671 13691 13692
f 13670 13672 13691
f 6770 6463 13693
f 13706 6770 13693
f 13706 13693 13694
f 13705 13706 13694
f 13705 13694 13695
f 13704 13705 13695
f 13704 13695 13696
f 13703 13704 13696
f 13703 13696 13697
f 13702 13703 13697
f 13699 5958 5959
f 13699 5959 13700
f 13698 13699 13700
f 13698 13700 13701
f 13698 13701 13702
f 13697 13698 13702
f 3526 3525 13707
f 13720 3526 13707
f 13720 13707 13708
f 13719 13720 13708
f 13719 13708 13709
f 13718 13719 13709
f 13718 13709 13710
f 13717 13718 13710
f 13717 13710 13711
f 13716 13717 13711
f 13716 13711 13712
f 13715 13716 13712
f 13713 3560 3561
f 13713 3561 13714
f 13713 13714 13715
f 13712 13713 13715
f 12204 13722 11997
f 13722 10797 11997
f 5081 13723 5906
f 13723 13721 5906
f 13721 13724 5906
f 13724 6203 5906
f 4414 4392 4415
f 11863 11861 11862
f 13734 13729 13728
f 13735 4392 13736
f 3729 3526 13720
f 3729 13720 3922
f 13737 13729 13736
f 4173 13735 13727
f 13725 13729 13734
f 13736 13725 13727
f 13714 3561 3745
f 13715 13714 3745
f 4173 13725 3955
f 13736 4414 13737
f 4392 4414 13736
f 6574 6573 6276
f 13729 13725 13736
f 13729 13737 13728
f 4173 13727 13725
f 4393 4173 4394
f 4393 4392 13735
f 13727 13735 13736
f 4887 13732 4888
f 13732 4644 4888
f 4173 4393 13735
f 7119 13739 13740
f 8159 13740 13739
f 7772 7119 13740
f 13737 13741 13742
f 13726 13742 13741
f 13728 13737 13742
f 7858 13744 13743
f 13730 13745 8074
f 8926 8074 13745
f 8159 13739 13744
f 7119 13744 13739
f 7858 8159 13744
f 7772 13746 8074
f 13730 8074 13746
f 13730 13746 13748
f 7772 13747 13746
f 9809 13748 13747
f 13746 13747 13748
f 9809 13747 13740
f 7772 13740 13747
f 8159 9809 13740
f 9547 13749 13748
f 13730 13748 13749
f 9809 9547 13748
f 6806 6203 13750
f 13721 13751 13752
f 5980 13752 13751
f 13724 13721 13752
f 13734 13753 13725
f 3955 13725 13753
f 5081 13754 13755
f 5694 13755 13754
f 13723 5081 13755
f 4350 13756 13757
f 13733 13757 13756
f 4351 4350 13757
f 13723 13758 13751
f 5980 13751 13758
f 13721 13723 13751
f 6572 13759 13760
f 13731 13760 13759
f 6573 6572 13760
f 7858 13743 13761
f 6806 13761 13743
f 7534 7858 13761
f 13731 13762 13750
f 7534 13761 13762
f 6806 13750 13761
f 13762 13761 13750
f 5980 13763 13752
f 13731 13764 13763
f 13724 13752 13764
f 13763 13764 13752
f 4825 13765 13766
f 13738 13766 13765
f 13728 13742 13768
f 13726 13767 13742
f 13733 13768 13767
f 13742 13767 13768
f 11639 13769 13770
f 11867 13770 13769
f 11862 11639 13770
f 13715 13771 13716
f 13734 13716 13771
f 12378 13772 13773
f 11639 13773 13772
f 12204 12378 13773
f 4887 13774 13775
f 13738 13775 13774
f 13732 4887 13775
f 11862 13770 11863
f 11867 11863 13770
f 11867 13776 12433
f 12378 12433 13776
f 10453 13777 13773
f 12204 13773 13777
f 11639 10453 13773
f 10548 13779 13778
f 10548 13778 13780
f 8926 13780 13778
f 10066 10548 13780
f 8926 13745 13780
f 13730 13781 13745
f 10066 13780 13781
f 13745 13781 13780
f 13730 13749 9810
f 9547 9810 13749
f 10210 13782 13783
f 13722 13783 13782
f 10453 10210 13783
f 12204 13777 13783
f 10453 13783 13777
f 13722 12204 13783
f 13722 13782 13784
f 10210 13784 13782
f 10797 13722 13784
f 9966 13785 13784
f 10797 13784 13785
f 10210 9966 13784
f 10797 13785 13779
f 9966 13779 13785
f 10548 10797 13779
f 13738 13786 13766
f 5150 13787 13786
f 13766 13786 13787
f 13719 13788 13720
f 3922 13720 13788
f 7534 13762 13759
f 13731 13759 13762
f 6572 7534 13759
f 3955 13753 13789
f 13734 13771 13753
f 13715 13789 13771
f 13753 13771 13789
f 4137 13790 13791
f 13718 13791 13790
f 4350 4137 13791
f 3922 13788 13792
f 13719 13792 13788
f 4137 3922 13792
f 13733 13767 13794
f 13726 13793 13767
f 4590 13794 13793
f 13767 13793 13794
f 13718 13790 13792
f 4137 13792 13790
f 13719 13718 13792
f 13734 13795 13716
f 13717 13716 13795
f 3955 13789 3745
f 13715 3745 13789
f 4414 13796 13797
f 13732 13797 13796
f 13737 4414 13797
f 13717 13798 13799
f 13733 13799 13798
f 13718 13717 13799
f 5980 13758 13755
f 13723 13755 13758
f 5694 5980 13755
f 5694 13754 13800
f 5081 13800 13754
f 5424 5694 13800
f 12378 13776 13772
f 11867 13769 13776
f 11639 13772 13769
f 13776 13769 13772
f 5424 13800 13787
f 5150 5424 13787
f 13732 13775 13801
f 13738 13801 13775
f 13726 13732 13801
f 6573 13760 13802
f 13731 13802 13760
f 6276 6573 13802
f 6276 13802 13763
f 13731 13763 13802
f 5980 6276 13763
f 13726 13801 13793
f 13738 13803 13801
f 4590 13793 13803
f 13801 13803 13793
f 4590 13803 13765
f 13738 13765 13803
f 4825 4590 13765
f 13726 13741 13797
f 13737 13797 13741
f 13732 13726 13797
f 13733 13798 13804
f 13717 13795 13798
f 13734 13804 13795
f 13798 13795 13804
f 10066 13781 9810
f 13730 9810 13781
f 4351 13757 13794
f 13733 13794 13757
f 4590 4351 13794
f 13718 13799 13791
f 13733 13756 13799
f 4350 13791 13756
f 13799 13756 13791
f 5150 13786 13774
f 13738 13774 13786
f 4887 5150 13774
f 13728 13768 13804
f 13733 13804 13768
f 13734 13728 13804
f 13724 13764 6203
f 13732 13796 4644
f 4414 4644 13796
f 13744 13805 13743
f 6806 13743 13805
f 6806 13805 7119
f 13744 7119 13805
f 6203 13806 13750
f 13731 13750 13806
f 13766 13807 4825
f 5081 4825 13807
f 13779 13808 13778
f 8926 13778 13808
f 8926 13808 9966
f 13779 9966 13808
f 13787 13809 13807
f 5081 13807 13809
f 13766 13787 13807
f 5081 13809 13800
f 13787 13800 13809
f 13731 13806 13764
f 6203 13764 13806
f 7742 13810 7509
f 13810 7510 7509
f 13706 7083 6770
f 7742 7409 13813
f 7184 7182 7183
f 7184 6867 7182
f 13700 5959 6256
f 7084 13813 7409
f 13706 13814 7083
f 7084 7083 13814
f 13704 13815 13705
f 13813 13705 13815
f 7084 13814 13816
f 13706 13816 13814
f 13813 7084 13816
f 13813 13816 13705
f 13706 13705 13816
f 13813 13815 13817
f 13704 13817 13815
f 7742 13813 13817
f 6559 13818 13819
f 13812 13819 13818
f 6558 6559 13819
f 7742 13817 13820
f 13704 13820 13817
f 13810 7742 13820
f 13701 13821 13822
f 13811 13822 13821
f 13702 13701 13822
f 13810 13823 13824
f 13811 13824 13823
f 7510 13810 13824
f 13812 13825 13827
f 13811 13826 13825
f 6555 13827 13826
f 13825 13826 13827
f 13703 13828 13829
f 13811 13823 13828
f 13810 13829 13823
f 13828 13823 13829
f 13810 13820 13829
f 6555 13826 13830
f 13811 13830 13826
f 6258 6555 13830
f 6257 13831 13832
f 13811 13821 13831
f 13701 13832 13821
f 13831 13821 13832
f 6256 13833 13700
f 13701 13700 13833
f 6257 13832 13833
f 13701 13833 13832
f 6256 6257 13833
f 13812 13818 13835
f 6559 13834 13818
f 7184 13835 13834
f 13818 13834 13835
f 13811 13825 13824
f 13812 13836 13825
f 7510 13824 13836
f 13825 13836 13824
f 7184 13834 6867
f 6559 6867 13834
f 6558 13819 13837
f 13812 13837 13819
f 6557 6558 13837
f 7510 13836 13835
f 13812 13835 13836
f 7184 7510 13835
f 6557 13837 13827
f 13812 13827 13837
f 6555 6557 13827
f 6258 13830 13831
f 13811 13831 13830
f 6257 6258 13831
f 13702 13822 13828
f 13811 13828 13822
f 13703 13702 13828
f 13820 13838 13829
f 13703 13829 13838
f 13703 13838 13704
f 13820 13704 13838
f 44 69 43
f 69 44 87
f 145 13839 106
f 70 13840 46
f 44 46 13840
f 70 13841 13840
f 13839 13842 13841
f 44 13840 13842
f 13841 13842 13840
f 13839 13841 106
f 70 106 13841
f 87 13843 137
f 13839 137 13843
f 44 13842 13843
f 13839 13843 13842
f 87 44 13843
f 219 13844 13846
f 13839 13845 13844
f 185 13846 13845
f 13844 13845 13846
f 185 13845 145
f 13839 145 13845
f 13839 13844 137
f 219 137 13844
f 219 13846 265
f 185 265 13846
f 858 13847 806
f 13847 578 806
f 809 13848 862
f 533 489 532
f 532 531 577
f 532 13849 533
f 624 533 13849
f 624 13850 13851
f 578 13851 13850
f 709 624 13851
f 858 13852 13854
f 1005 13853 13852
f 13848 13854 13853
f 13852 13853 13854
f 13848 13855 862
f 909 862 13855
f 578 13850 13856
f 624 13856 13850
f 577 578 13856
f 709 13851 13857
f 578 13857 13851
f 578 13847 13857
f 909 13855 13853
f 13848 13853 13855
f 1005 909 13853
f 1005 13852 904
f 858 904 13852
f 858 13854 13847
f 577 13856 13849
f 624 13849 13856
f 532 577 13849
f 13848 13858 13857
f 709 13857 13858
f 13847 13859 13857
f 13848 13857 13859
f 13848 13859 13854
f 13847 13854 13859
f 709 13858 809
f 13848 809 13858
f 10769 11014 10768
f 10768 10522 10769
f 11014 13860 11023
f 11024 11023 13860
f 10770 13861 10769
f 11014 10769 13861
f 11024 13860 13861
f 11014 13861 13860
f 10770 11024 13861
f 11529 11291 13862
f 11527 11764 13862
f 11527 11526 11764
f 13862 11291 11528
f 11527 13862 11528
f 11654 13863 13864
f 13862 13864 13863
f 11765 11654 13864
f 11529 13865 11423
f 11654 11423 13865
f 11765 13864 11764
f 13862 11764 13864
f 13862 13863 13865
f 11654 13865 13863
f 11529 13862 13865
f 9754 13572 9498
f 9498 13572 8977
f 9238 8976 8977
f 9238 8977 13572
f 13694 13693 13570
f 13694 13569 13695
f 13569 13694 13570
f 6769 13555 6462
f 6463 6462 13555
f 6463 13571 13693
f 13570 13693 13571
f 13555 13571 6463
f 6255 5958 13564
f 6254 6255 6553
f 13564 6553 6255
f 13568 13866 13569
f 13695 13569 13866
f 13695 13866 13696
f 13568 13696 13866
f 13696 13867 13697
f 13567 13697 13867
f 13567 13868 13697
f 13698 13697 13868
f 13567 13867 13568
f 13696 13568 13867
f 13566 13869 13698
f 13699 13698 13869
f 13698 13868 13566
f 13567 13566 13868
f 13699 13869 13565
f 13566 13565 13869
f 5958 13870 13564
f 13565 13564 13870
f 13565 13870 13699
f 5958 13699 13870
f 13541 13711 13542
f 13711 13541 13712
f 13542 13711 13710
f 3762 3763 3971
f 3560 13540 3971
f 13540 3560 13713
f 3560 3971 3763
f 13543 13710 13709
f 13545 13708 13707
f 3727 13707 3525
f 13544 13709 13708
f 13543 13709 13544
f 13707 3727 13545
f 13545 13544 13708
f 3727 3525 3728
f 13710 13543 13542
f 13712 13871 13713
f 13540 13713 13871
f 13540 13871 13541
f 13712 13541 13871
f 8900 8899 9169
f 8898 9168 9169
f 9170 9169 8899
f 8901 13872 13873
f 9171 13873 13872
f 8907 8901 13873
f 8907 13873 8906
f 9171 8906 13873
f 9171 13872 13874
f 8901 13874 13872
f 9425 9171 13874
f 9425 13875 13876
f 8900 13876 13875
f 9168 9425 13876
f 9168 13876 9169
f 8900 9169 13876
f 8900 13875 13874
f 9425 13874 13875
f 8901 8900 13874
f 6176 5883 5887
f 5887 5883 5608
f 5608 5340 5611
f 5608 5611 5887

