#Obj File : Exported From rapidform (INUS Technology Co. Ltd.)

mtllib 20_F_0004G.mtl

v -59.429787 -5.127974 10.717262
v -59.876068 -3.527388 11.284387
v -58.942684 -4.097320 12.546187
v -58.341793 -5.668367 12.444307
v -57.842640 -6.793814 11.597850
v -58.621876 -6.899535 10.272166
v -59.370621 -6.303717 8.728165
v -59.539951 -4.773998 8.819501
v -59.488766 -3.862684 9.215867
v -59.436600 -2.525867 9.675797
v -59.457893 -2.209425 11.328171
v -59.162514 -2.662712 12.267107
v -57.905449 -2.342360 13.168939
v -57.788418 -4.045536 13.506571
v -57.365513 -5.387875 13.221169
v -56.755707 -6.823449 12.586373
v -55.962685 -8.059466 11.345676
v -56.849125 -7.525063 10.087765
v -58.209824 -7.929174 8.294700
v -59.037933 -6.681603 7.031436
v -59.059254 -5.447734 7.050669
v -59.185997 -4.452449 7.446697
v -59.074417 -2.841861 7.714982
v -58.640858 -0.964916 7.877789
v -58.800098 -0.758362 9.557970
v -58.769936 -0.983171 11.060522
v -58.524193 -1.349507 12.389185
v -57.077980 -3.237617 13.986114
v -57.386715 -2.329391 13.751552
v -56.767563 -1.344932 13.768051
v -57.085327 -0.002241 12.311733
v -56.271011 -4.820927 13.972068
v -55.305130 -6.527329 13.589932
v -55.247597 -8.019590 12.458761
v -54.365406 -9.657820 11.085713
v -55.127037 -8.125501 10.759007
v -55.607815 -8.875771 9.576214
v -56.752914 -7.962895 8.996604
v -56.851910 -9.361150 7.935856
v -57.439823 -8.488700 6.825496
v -57.580360 -7.304536 5.375527
v -58.291718 -5.032811 5.564632
v -58.818970 -4.441705 6.473578
v -58.408585 -2.946096 5.946268
v -57.694839 -0.873837 6.153457
v -57.756634 0.117063 7.470563
v -57.356667 0.281233 9.540712
v -57.998058 0.029373 10.825939
v -55.928005 -3.653567 14.208734
v -55.518898 -2.132587 14.297429
v -55.687874 -0.746155 13.945441
v -55.426785 0.227602 13.309498
v -55.136723 1.283235 11.130109
v -54.852219 -5.252798 14.101017
v -54.430099 -3.868423 14.223296
v -54.041504 -6.932864 13.835689
v -53.782124 -8.330799 13.113143
v -53.164352 -5.335997 14.262964
v -53.327541 -10.129147 12.482174
v -53.176792 -11.449879 11.429658
v -53.792591 -11.185897 10.725294
v -53.337811 -11.746464 9.806912
v -54.455135 -10.716628 9.108314
v -55.360588 -10.423256 7.206625
v -56.517330 -9.757214 6.970642
v -56.589729 -9.034716 5.714772
v -55.913971 -8.862695 3.372538
v -56.360901 -6.721445 3.208199
v -57.270855 -5.611948 4.204020
v -57.099342 -3.784026 4.186171
v -57.917351 -3.591528 5.098133
v -57.593784 -2.732868 4.795740
v -56.768036 -1.351855 4.712848
v -55.776440 0.284215 5.771795
v -56.241413 0.535268 7.962975
v -54.000385 -2.491098 14.357945
v -53.715351 -1.191320 14.225766
v -54.812813 -0.182744 14.001229
v -53.332413 -3.987109 14.435586
v -52.229397 -2.779250 14.451156
v -53.412514 0.618125 13.330617
v -52.769367 1.663652 11.356910
v -54.150963 0.984673 8.267039
v -56.394386 -5.007080 3.127880
v -55.716934 -3.402748 3.032929
v -56.133949 -2.251117 3.759788
v -56.943604 -2.493940 4.309824
v -55.388767 -7.826385 2.126322
v -55.670307 -6.586343 2.335706
v -55.442619 -5.501105 2.394710
v -55.387085 -10.235066 4.690430
v -55.144913 -10.221073 3.411719
v -54.451370 -10.491847 2.432925
v -54.024292 -9.424370 1.616955
v -54.828918 -11.524483 8.410547
v -54.316422 -11.982746 7.238215
v -55.229027 -11.491472 6.785064
v -54.540993 -11.844924 5.497727
v -53.847664 -12.708570 8.673645
v -55.611378 -1.181522 4.013670
v -55.068741 -0.074676 4.594055
v -53.113567 0.541065 6.216833
v -52.244907 -0.653991 14.058797
v -52.399223 -9.511480 13.459400
v -52.297474 -8.104691 13.783362
v -52.914200 -7.124097 13.781216
v -51.091831 -6.741687 14.374954
v -51.654705 -5.464323 14.501814
v -51.358349 -4.431617 14.627400
v -52.302254 -11.132845 12.915908
v -51.966068 -13.044038 12.199602
v -52.868084 -12.824814 10.810162
v -52.506668 -13.509997 9.605810
v -54.738682 -4.038416 2.475333
v -54.311398 -2.865722 2.635565
v -54.338150 -1.471483 3.287376
v -49.820652 -3.403634 14.608305
v -49.865608 -2.046878 14.381556
v -50.490257 -0.703289 14.003585
v -51.634350 0.595724 13.338282
v -52.153706 1.499934 12.497327
v -50.680416 1.461174 11.860500
v -50.377174 1.426118 9.576984
v -53.631870 -0.066389 4.201753
v -51.014923 0.559826 6.813495
v -51.785145 -0.738791 3.610585
v -52.464390 -2.879789 2.223998
v -54.240803 -7.945506 1.342843
v -54.520149 -6.606001 1.578307
v -55.054958 -6.112411 1.906286
v -53.713844 -4.769265 1.735577
v -54.524002 -11.310734 3.422103
v -53.415916 -11.968521 2.194392
v -52.505409 -11.016562 1.359519
v -51.918941 -9.413651 0.855000
v -52.659756 -8.098471 0.939874
v -53.307087 -13.542210 7.179613
v -54.175991 -12.881534 6.535443
v -53.376999 -13.595322 5.281745
v -53.514744 -12.835441 3.400661
v -52.735081 -14.474143 8.382824
v -48.223221 0.204707 7.374179
v -49.698547 -2.100549 2.198790
v -49.747849 -0.853373 3.325003
v -52.298969 -13.503725 10.868557
v -51.793636 -14.605107 10.649568
v -51.559181 -14.992726 8.931264
v -50.827885 -5.424427 14.579555
v -49.073280 -5.184652 14.711670
v -48.002663 -3.563724 14.576174
v -48.305161 -2.297012 14.266719
v -50.996658 -11.691843 13.604271
v -50.492085 -13.663161 13.442579
v -51.027058 -14.964428 12.160493
v -48.812927 -0.878392 13.669128
v -49.646114 0.342117 12.933780
v -50.584793 0.551080 13.178233
v -51.075359 -10.011523 13.902379
v -51.254211 -8.630186 14.120525
v -49.443008 -8.505257 14.727222
v -49.217209 -6.753990 14.759004
v -48.562656 0.430189 11.727352
v -49.815666 1.481284 10.978066
v -46.847466 0.166686 10.143272
v -51.407051 -4.344997 1.458755
v -49.586052 -3.798652 1.525513
v -52.892418 -7.107104 1.079618
v -53.293625 -6.216313 1.243067
v -51.161343 -6.186860 0.951443
v -52.195675 -13.525676 2.237497
v -51.282883 -12.599481 1.355496
v -50.466324 -11.235839 0.873284
v -50.517120 -10.007401 0.776872
v -50.362015 -8.749963 0.602070
v -51.021461 -7.791179 0.656790
v -52.082081 -14.954652 6.678782
v -53.235870 -14.460827 6.416983
v -52.027321 -14.998584 4.629943
v -52.450920 -14.270044 3.198023
v -51.449490 -16.175415 7.178123
v -46.817818 0.144966 8.781521
v -44.965569 -0.894979 8.002625
v -45.535488 -1.321359 5.023954
v -47.765087 -3.345278 1.473962
v -47.717304 -1.983345 2.048079
v -48.473839 -1.012379 3.012923
v -50.868668 -15.592316 10.578894
v -50.674580 -16.537148 8.738362
v -47.335052 -6.587644 15.041782
v -47.586655 -5.366709 14.863956
v -46.504189 -4.381518 14.712915
v -46.603046 -2.549497 14.119563
v -47.165268 -1.264221 13.222166
v -49.821255 -11.746655 14.400360
v -49.971272 -10.423623 14.404860
v -49.187252 -13.055640 14.603082
v -49.517448 -15.238147 13.760226
v -50.194546 -15.916722 12.600293
v -50.457733 -16.444069 11.363207
v -50.715919 -16.124954 10.956450
v -48.340912 -10.097930 15.055249
v -47.788120 -8.460937 15.179501
v -45.348454 -1.167835 12.040570
v -43.789005 -1.351391 10.590801
v -43.810745 -1.271369 9.328965
v -49.298893 -5.155999 1.080893
v -46.784328 -4.931036 1.061192
v -48.809219 -7.765408 0.556419
v -47.555832 -6.585964 0.690025
v -51.053925 -15.081381 2.596955
v -50.101231 -14.115571 1.531121
v -49.369713 -12.863066 0.862017
v -48.951817 -11.557543 0.755298
v -48.677921 -10.239481 0.571540
v -49.082333 -9.161625 0.573110
v -51.052799 -16.273460 5.008714
v -50.798023 -16.279100 3.015095
v -49.938705 -17.754028 6.775887
v -49.945015 -17.641226 5.179229
v -41.896519 -2.417947 8.364875
v -42.129280 -2.778544 6.337550
v -44.615623 -2.686232 2.512728
v -46.314648 -1.770922 2.684777
v -47.372837 -0.976218 3.153984
v -46.039761 -3.549431 1.552633
v -46.455982 -2.634622 1.908416
v -50.104271 -17.586338 9.675191
v -48.828499 -19.141279 7.507912
v -46.167046 -8.516651 15.503426
v -45.037884 -6.440153 15.191419
v -45.707687 -5.460919 14.967868
v -44.610397 -4.379107 14.438748
v -45.023903 -2.826214 14.037020
v -45.598431 -1.667610 13.272363
v -48.829090 -11.586330 14.867275
v -48.322269 -14.639804 14.944492
v -47.765724 -12.850642 15.314658
v -47.664501 -11.410760 15.348666
v -48.736313 -16.883238 14.050289
v -49.373516 -17.329306 12.654069
v -49.933132 -17.422520 11.368266
v -46.985809 -10.071767 15.550906
v -44.143211 -2.759017 13.281028
v -43.869781 -1.736972 12.320967
v -42.542870 -2.470574 11.589190
v -41.516758 -2.727764 10.332031
v -41.801083 -2.299721 9.500127
v -44.728687 -6.555592 0.834304
v -44.516930 -5.164490 1.180949
v -44.901630 -4.118650 1.480479
v -47.095718 -9.248709 0.457634
v -45.325409 -8.289627 0.592560
v -50.019836 -16.151608 2.329389
v -49.189999 -15.683125 1.754199
v -48.348831 -14.415071 1.157751
v -47.829414 -13.143983 0.862645
v -47.160439 -11.755815 0.598742
v -46.810696 -10.464159 0.449249
v -49.812508 -17.437016 3.553951
v -48.580349 -17.234940 2.176407
v -48.622482 -19.099848 5.264695
v -48.571579 -18.746050 3.480316
v -40.058609 -3.899102 9.175742
v -40.432480 -3.600095 7.909696
v -43.022003 -4.373753 1.974783
v -48.940029 -19.021444 10.896363
v -48.948502 -19.176682 9.183419
v -47.793446 -20.760963 8.921326
v -47.227459 -21.103559 6.804958
v -47.231190 -20.682034 5.288586
v -45.609119 -10.205271 15.874273
v -44.765823 -8.725962 15.819846
v -43.476524 -7.341471 15.266803
v -43.507126 -5.303040 14.457425
v -43.679008 -4.090604 13.948271
v -47.706326 -16.461882 15.262928
v -47.072426 -14.781365 15.862422
v -46.775906 -13.240914 15.763572
v -46.553154 -11.896788 15.764623
v -47.982620 -18.171675 14.497813
v -48.418964 -18.025984 13.876587
v -48.353249 -19.080387 12.987694
v -42.656494 -4.042653 13.495741
v -42.671741 -2.995024 12.683424
v -41.188847 -4.380465 12.516507
v -40.328945 -4.003663 10.825905
v -42.645485 -7.670347 0.900271
v -42.930870 -6.594174 1.065137
v -43.246696 -5.769788 1.213231
v -44.603519 -10.507616 0.450006
v -42.007973 -9.429764 0.684907
v -47.343361 -16.007885 1.285778
v -46.824039 -14.709181 0.999357
v -46.099522 -13.364731 0.711894
v -45.660576 -12.099196 0.515011
v -47.160023 -18.839952 2.136352
v -47.279114 -17.675976 1.742810
v -45.904514 -16.829641 1.058042
v -47.221668 -20.221832 3.580540
v -38.717510 -5.377839 10.039283
v -38.601788 -5.295444 9.028881
v -38.709171 -5.438293 7.480955
v -40.953190 -6.372828 1.764451
v -48.431145 -19.639833 11.606872
v -48.125145 -20.824144 11.127528
v -47.316216 -21.472729 9.935150
v -46.458134 -22.800856 9.038252
v -46.286560 -22.529173 7.109348
v -45.891399 -22.311110 5.271797
v -45.569595 -21.724058 3.448354
v -44.784561 -11.752555 16.278879
v -44.154976 -10.277722 16.181135
v -43.658527 -9.091049 15.932107
v -41.835644 -8.431831 15.518923
v -41.657990 -6.923019 14.551303
v -41.996235 -5.586109 14.040206
v -46.515816 -16.184032 16.337692
v -46.837463 -18.257042 15.778892
v -45.981701 -14.641985 16.539740
v -45.797592 -13.535646 16.309362
v -47.266266 -19.407742 14.860394
v -47.788750 -19.340069 14.165737
v -47.231461 -20.631165 14.065092
v -47.677902 -20.763720 12.717947
v -42.127766 -3.756691 12.920743
v -40.462887 -6.084637 13.351618
v -39.331387 -5.841096 12.190020
v -39.169548 -5.325046 11.290769
v -41.120029 -8.259971 1.014642
v -41.231598 -7.465022 1.174660
v -43.392403 -12.307154 0.437499
v -41.036072 -11.076608 0.667404
v -39.952766 -9.706809 1.008807
v -39.962074 -8.722990 1.155700
v -45.080269 -14.977498 0.719409
v -44.614578 -13.626664 0.517756
v -45.998756 -20.184160 2.308808
v -46.392803 -19.269201 1.894257
v -45.564724 -18.526430 1.373214
v -43.826042 -17.240162 0.698940
v -44.313667 -16.465548 0.677135
v -43.161026 -15.377277 0.501754
v -37.594307 -7.017352 10.868873
v -37.712673 -6.318415 9.401548
v -40.263279 -7.754998 1.320904
v -46.664932 -22.444281 12.670197
v -46.985577 -22.165241 10.647218
v -47.406258 -21.373911 10.479917
v -45.823761 -24.166237 10.759324
v -45.479919 -24.448580 8.691991
v -45.361626 -24.115536 7.221977
v -44.915680 -23.957430 5.523948
v -43.954662 -23.497574 3.623896
v -43.690697 -21.831470 2.401089
v -44.440346 -20.623842 2.117703
v -43.833836 -13.308195 16.825975
v -42.751320 -11.441754 16.632267
v -42.752430 -10.140562 16.287846
v -40.788700 -9.861660 15.797119
v -40.757820 -8.332357 15.128043
v -40.630318 -7.425769 14.423377
v -45.471912 -17.421646 16.932798
v -45.751923 -16.309097 16.815462
v -44.982449 -15.405939 17.058115
v -45.624420 -19.607967 16.656231
v -46.250854 -20.609137 15.650068
v -45.894482 -22.451723 14.887537
v -39.184788 -7.598820 13.519029
v -38.199993 -7.201962 12.342316
v -42.870361 -13.618743 0.401015
v -40.483852 -13.108362 0.698506
v -39.000286 -11.370671 1.098034
v -38.770802 -10.114234 1.342521
v -39.055443 -8.589578 1.528450
v -44.795467 -19.621727 1.719420
v -42.986378 -19.049002 1.194552
v -41.856361 -17.232544 0.490066
v -42.441872 -16.316742 0.436326
v -40.836357 -15.406769 0.424685
v -36.651665 -9.054483 11.688570
v -36.216141 -8.619207 10.612067
v -35.993042 -8.233950 9.324905
v -45.436352 -24.315268 14.336625
v -45.772606 -24.157669 12.637616
v -45.069527 -25.763121 12.650562
v -45.023209 -25.936977 10.637687
v -44.810726 -25.740128 9.023374
v -44.534760 -25.638090 7.292423
v -44.346527 -25.327271 5.864954
v -43.259792 -25.558933 4.535591
v -42.381680 -24.929770 3.247907
v -42.451286 -23.624918 2.671429
v -42.251541 -22.355915 2.230253
v -41.716694 -20.599228 1.478116
v -43.304848 -20.650715 1.754375
v -42.785465 -14.900999 17.489492
v -41.665554 -13.099931 16.955755
v -41.612671 -11.866547 16.662193
v -39.824238 -11.748836 16.054066
v -39.382771 -10.019636 15.063418
v -39.536270 -8.810347 14.551697
v -40.047203 -7.915008 14.544758
v -44.225204 -19.178370 17.576681
v -44.032581 -17.615061 17.548477
v -44.093204 -16.408894 17.421106
v -45.088444 -21.250959 16.716005
v -44.149021 -20.961355 17.488590
v -44.911194 -22.535877 16.344774
v -44.616943 -24.186567 16.039268
v -38.517803 -9.147263 13.904269
v -37.748585 -8.547306 12.793069
v -38.709412 -14.322760 0.841982
v -38.128029 -12.848704 1.237337
v -38.009590 -11.890875 1.321964
v -37.560680 -10.779110 1.645633
v -37.214005 -9.433549 2.474943
v -40.598194 -19.071318 0.826949
v -40.449615 -17.724371 0.714257
v -40.344749 -16.621803 0.531974
v -38.311699 -16.130451 0.986992
v -37.190670 -10.244010 13.291055
v -35.874649 -10.622417 12.118266
v -35.612614 -10.243013 11.347372
v -35.217148 -10.179562 10.343368
v -44.399193 -25.756479 15.715216
v -44.874428 -25.743582 14.429727
v -44.290405 -27.252483 14.518056
v -44.534424 -27.411497 12.529768
v -44.326340 -27.228577 10.921762
v -44.013432 -27.223423 9.201045
v -43.692902 -27.136765 7.486225
v -43.259827 -26.905794 5.698367
v -42.108902 -27.185913 4.519505
v -41.417671 -26.452389 3.543408
v -41.129547 -25.033186 2.706710
v -41.114769 -23.632299 2.217997
v -41.485420 -22.802073 2.072905
v -39.884785 -21.546820 1.322409
v -39.067688 -19.502041 0.985301
v -42.931564 -16.827976 17.846581
v -41.439713 -16.029095 17.979679
v -41.835487 -14.853223 17.764416
v -40.262112 -13.927961 17.120207
v -38.410847 -12.887467 15.930497
v -38.444874 -11.896662 15.386190
v -38.413330 -10.780902 14.765134
v -42.813980 -20.727175 18.283545
v -42.557224 -19.250837 18.168781
v -43.077675 -18.191391 17.906805
v -43.841530 -22.537539 17.406122
v -42.758301 -22.334831 18.271484
v -43.510212 -24.142054 17.278473
v -43.166004 -26.008793 17.178043
v -37.188370 -14.392633 1.444614
v -37.021278 -13.131523 1.610881
v -36.883690 -11.794416 1.787279
v -36.746998 -10.836090 2.005288
v -38.761086 -18.040154 0.757042
v -36.635742 -17.823135 1.265268
v -36.149853 -16.064175 1.662483
v -36.152134 -14.786629 1.844102
v -37.180931 -12.254487 14.656306
v -36.004906 -11.819344 13.285459
v -35.065060 -11.935026 12.318776
v -34.976654 -11.228310 11.482410
v -33.773533 -13.174699 11.423313
v -43.348885 -27.400841 16.506672
v -43.266148 -28.804125 15.967283
v -43.692181 -28.883488 14.249866
v -44.089874 -28.460428 12.844210
v -43.708714 -28.509123 11.037886
v -43.232994 -28.625797 9.345707
v -42.725193 -28.625273 7.799195
v -42.211086 -28.513172 6.297029
v -41.698151 -28.188051 5.129808
v -40.257591 -28.125685 4.006876
v -39.793007 -26.644390 2.949712
v -40.001984 -25.153740 2.383427
v -40.480629 -24.258360 2.198682
v -39.519596 -23.254520 1.620170
v -37.767639 -21.958384 1.131841
v -38.254742 -21.148987 1.053241
v -37.075829 -20.121967 1.011011
v -41.428436 -18.086802 18.264196
v -39.821239 -17.306761 18.270844
v -39.852749 -16.078142 17.890694
v -40.348263 -15.201803 17.667227
v -41.158932 -14.915256 17.736551
v -38.690277 -15.426456 17.345610
v -37.622890 -14.322411 16.256033
v -37.347759 -13.316670 15.501382
v -41.602467 -21.842436 18.843824
v -41.844025 -20.910799 18.653013
v -40.945011 -20.095650 18.741446
v -42.363503 -23.950487 18.284407
v -40.961124 -23.549835 19.200731
v -42.015377 -25.652180 18.277161
v -42.369324 -27.706209 17.668896
v -41.549046 -27.363520 18.409290
v -36.043148 -13.504062 2.038525
v -36.068504 -11.882842 2.221029
v -34.944447 -18.833263 1.573107
v -34.856010 -17.437469 1.858135
v -34.981190 -16.421528 2.020871
v -34.972832 -15.210243 2.256443
v -34.590782 -13.479654 2.980869
v -36.250381 -13.889829 15.078781
v -35.400333 -13.373619 13.919213
v -34.758289 -12.994823 12.932872
v -33.674374 -14.783452 13.410694
v -32.153767 -16.649574 13.263482
v -42.156036 -29.162279 17.343960
v -42.249241 -30.389326 16.119053
v -42.808746 -30.123171 14.565258
v -43.071064 -29.865326 12.928675
v -43.344608 -29.025826 12.742732
v -42.966778 -29.467876 11.244438
v -42.465260 -29.917406 9.424097
v -41.850628 -30.103880 7.965405
v -41.142288 -30.050070 6.637387
v -40.295910 -29.732397 5.246049
v -38.788227 -29.613861 4.150076
v -38.725445 -28.463587 3.458244
v -38.487629 -27.119785 2.760433
v -38.539711 -25.564741 2.235449
v -38.799080 -24.438602 1.871004
v -36.941872 -23.956295 1.626667
v -35.922073 -22.214464 1.302563
v -36.278187 -21.237947 1.185491
v -34.347572 -20.744083 1.582960
v -38.943413 -18.872334 18.604086
v -38.396496 -17.576820 18.193867
v -38.788422 -16.617285 17.949423
v -37.476128 -16.949924 17.670622
v -36.300877 -16.121456 16.508837
v -36.363190 -14.866950 15.794463
v -40.088802 -22.209005 19.252249
v -40.238621 -21.306475 19.025324
v -38.196617 -21.036764 19.049236
v -40.860428 -25.359041 19.189186
v -39.915058 -24.942781 19.847824
v -40.095146 -23.934387 19.661537
v -39.192993 -23.202629 19.761658
v -40.461723 -27.096878 19.268164
v -41.093819 -29.003920 18.520969
v -40.010498 -28.773640 19.404869
v -33.361797 -18.834612 2.139235
v -33.786217 -17.361576 2.267646
v -34.211670 -16.646519 2.261208
v -33.436222 -15.609049 2.798499
v -31.666618 -16.356918 3.916903
v -35.382065 -15.296206 15.354492
v -34.749218 -14.692894 14.320123
v -33.875591 -16.348623 14.874676
v -32.967388 -16.391064 14.103240
v -32.232086 -17.859278 14.681029
v -31.638102 -17.907393 14.180734
v -40.591953 -30.826471 18.498137
v -41.369896 -30.948923 17.204529
v -41.668278 -31.871199 16.249422
v -41.908398 -31.839985 14.801897
v -41.837246 -30.719170 14.765695
v -41.937782 -31.614798 12.985362
v -42.403500 -30.545954 13.020700
v -42.098560 -30.955141 11.332430
v -41.602238 -31.335972 9.377755
v -41.231316 -31.339291 8.127185
v -40.089249 -31.764746 6.862593
v -39.538364 -31.262463 5.751859
v -37.852581 -31.198835 4.574769
v -37.054703 -29.615774 3.515833
v -37.820877 -28.903418 3.423484
v -36.571541 -27.656591 2.543945
v -37.103355 -25.903435 2.076902
v -35.091499 -25.333803 1.817885
v -35.409424 -24.109041 1.557271
v -34.322903 -23.185583 1.509486
v -32.395779 -22.052170 1.949752
v -32.238899 -20.484890 2.142477
v -32.932644 -19.681635 2.139130
v -37.110538 -19.214409 18.419889
v -37.274696 -18.126038 18.160156
v -35.749508 -18.366796 17.535601
v -34.246475 -17.658361 16.181084
v -34.936501 -16.332203 15.748162
v -37.716454 -22.656397 19.649687
v -36.197777 -22.355295 19.528250
v -35.779675 -20.928623 18.738153
v -35.960678 -19.763639 18.371836
v -39.097519 -26.710077 20.093609
v -38.475689 -25.331911 20.154463
v -38.760479 -24.421448 20.000641
v -37.249882 -24.123795 20.032063
v -38.935032 -28.532953 20.180368
v -39.473839 -30.481421 19.564114
v -38.250862 -30.153896 20.404184
v -31.767826 -18.705954 2.818267
v -32.465183 -17.018732 2.905811
v -30.766287 -18.209846 3.496577
v -29.594856 -18.789385 4.476444
v -33.135002 -17.798422 15.428163
v -32.243008 -19.315430 15.897847
v -31.382698 -19.224867 15.109337
v -30.548342 -19.260233 14.221616
v -40.709015 -31.992083 17.934685
v -40.001186 -32.547623 18.783651
v -38.932846 -32.376781 19.791201
v -40.791000 -33.176983 16.817699
v -41.248924 -33.335640 14.884413
v -41.119057 -33.311005 13.003625
v -40.880665 -33.301201 11.166794
v -41.448532 -32.208973 11.207349
v -40.737316 -32.981987 9.545124
v -39.971497 -32.984360 7.769613
v -38.687111 -33.449551 6.494519
v -38.010132 -32.847424 5.526470
v -36.605877 -32.695354 4.548986
v -36.375576 -31.632978 4.151446
v -35.473633 -30.440731 3.509186
v -35.834499 -29.013779 2.989324
v -34.280628 -28.275080 2.573004
v -35.153339 -27.049158 2.064454
v -33.681278 -26.598644 1.984906
v -33.200096 -25.243513 1.842911
v -33.508041 -24.396599 1.677132
v -32.071465 -24.088388 2.012810
v -30.505957 -22.432508 2.648312
v -31.473658 -21.269754 2.363744
v -30.813076 -20.295952 2.794516
v -34.364742 -20.145205 17.898895
v -33.695755 -19.331917 16.958054
v -35.009792 -23.662420 19.848637
v -35.175968 -22.531675 19.431112
v -34.396706 -21.731531 18.822187
v -37.708462 -28.042162 20.668373
v -38.013092 -27.065903 20.479055
v -37.076206 -26.265631 20.513861
v -35.572540 -25.295687 20.352947
v -36.756077 -29.586243 20.978456
v -37.733940 -31.803694 20.666780
v -35.984894 -31.365963 21.405375
v -30.378651 -19.354731 3.338159
v -29.167347 -21.592272 3.426965
v -31.948883 -21.331770 17.190756
v -30.932608 -20.903967 16.178217
v -30.703072 -20.328968 15.509055
v -28.896877 -22.522503 15.922063
v -40.348526 -33.021336 18.013285
v -39.044956 -33.983631 19.321562
v -39.762985 -34.471676 18.187559
v -38.070679 -34.086349 20.362991
v -37.194527 -33.491047 21.041727
v -40.140827 -35.104561 16.507677
v -40.480919 -34.936695 14.857536
v -40.327671 -34.866661 12.940097
v -40.068157 -34.827202 11.153414
v -39.709717 -34.823696 9.384343
v -39.020500 -34.736149 7.984982
v -38.067825 -34.689957 6.793565
v -37.003384 -34.573536 5.748717
v -35.848438 -34.138206 4.780894
v -35.220749 -32.844257 4.177583
v -35.487801 -31.901733 3.982043
v -33.626431 -31.644888 3.550910
v -33.294617 -29.757774 3.006125
v -31.967028 -28.406523 2.633661
v -32.221161 -27.012091 2.299015
v -32.039902 -25.736008 2.003925
v -30.707457 -25.663580 2.414805
v -30.617258 -24.156555 2.471812
v -29.273748 -24.506969 2.897411
v -28.916658 -23.169634 3.148365
v -30.141422 -21.326237 2.949341
v -33.313488 -21.398800 18.100534
v -34.342766 -25.253429 20.168564
v -33.373875 -24.348957 19.588531
v -33.850842 -23.098421 19.226051
v -32.671719 -22.860703 18.594824
v -35.964497 -28.272425 20.905396
v -36.311420 -27.435169 20.751146
v -34.563526 -26.987072 20.658970
v -34.646023 -29.918648 21.299419
v -34.625099 -28.762115 21.086609
v -36.305435 -32.925472 21.592934
v -34.876942 -32.934429 22.073997
v -34.820755 -31.815760 21.880999
v -33.125046 -30.735319 21.526609
v -27.146894 -24.904755 3.705727
v -26.072104 -23.178228 5.301884
v -31.032284 -23.060020 17.864820
v -30.350178 -22.675085 17.174477
v -29.581308 -23.890680 17.511627
v -28.726488 -24.928072 17.653938
v -38.176514 -35.368984 19.625389
v -38.623775 -35.987015 18.526012
v -39.154129 -36.420860 16.817631
v -37.588047 -35.522385 20.530020
v -36.567665 -35.320786 21.470516
v -35.316219 -34.487503 22.210430
v -39.493294 -36.515942 14.862094
v -39.313759 -36.685879 12.573084
v -39.397655 -36.144657 11.148576
v -38.884312 -36.358440 9.514871
v -38.151955 -36.341740 8.119608
v -37.150959 -36.211037 6.943648
v -36.398174 -35.902622 6.019225
v -34.748344 -35.840687 4.979382
v -34.173309 -34.398270 4.317956
v -34.311596 -33.325302 4.083924
v -32.453133 -33.269688 3.648438
v -31.440573 -31.492119 3.219706
v -31.162977 -29.814859 2.999714
v -30.070501 -28.140997 2.683947
v -30.870047 -27.251368 2.451242
v -29.569990 -26.762066 2.608283
v -29.354790 -25.696690 2.742845
v -28.097269 -25.935984 3.133424
v -33.353966 -25.807436 20.126995
v -32.053623 -25.543987 19.698174
v -32.383114 -24.241337 19.242126
v -31.222239 -24.492105 18.795000
v -32.671101 -28.544809 20.929920
v -32.560600 -26.862001 20.370495
v -33.732014 -34.289032 22.772667
v -33.371746 -32.900890 22.205536
v -33.914261 -32.090122 21.943836
v -33.054230 -31.930441 21.952663
v -31.657770 -31.909273 22.162111
v -30.693386 -30.224745 21.330458
v -30.657076 -28.835276 20.698086
v -26.931732 -27.401674 3.437874
v -25.202896 -27.154959 4.038546
v -23.750746 -26.341761 4.883338
v -30.188437 -24.226810 18.166534
v -29.499495 -25.700245 18.623240
v -28.384094 -26.222267 18.334635
v -27.018183 -26.067509 17.553923
v -37.613453 -36.836391 19.841391
v -37.710457 -36.472469 18.907343
v -37.963486 -37.725124 18.425056
v -38.282948 -36.871838 17.455921
v -38.392765 -38.055740 16.514038
v -38.817673 -37.844070 15.046283
v -36.796043 -36.898621 21.075850
v -35.675453 -37.016815 22.278654
v -34.899586 -36.141289 22.657131
v -33.268127 -35.944836 23.437054
v -38.610889 -38.065308 13.114004
v -38.237659 -38.373001 11.292287
v -38.242653 -37.831596 9.892859
v -37.433022 -37.830212 8.326300
v -36.401688 -37.772022 7.141506
v -34.729687 -37.657696 5.791076
v -32.963593 -37.276508 4.682196
v -32.848675 -35.928368 4.334192
v -33.179291 -34.920185 4.180269
v -31.303366 -34.815781 3.736847
v -30.340887 -33.128616 3.371354
v -29.864054 -31.816944 3.295392
v -29.165682 -30.302031 3.169715
v -28.616083 -28.728720 3.039282
v -28.581242 -27.390587 2.952671
v -31.056738 -27.200653 20.164749
v -30.692286 -26.034513 19.423899
v -32.393143 -34.545063 23.193800
v -32.465073 -33.450241 22.683109
v -30.975700 -33.369373 23.004005
v -31.211983 -32.208382 22.621086
v -29.686855 -31.889387 22.468485
v -29.636135 -30.663717 21.679230
v -28.728304 -29.246916 20.708609
v -29.690414 -27.478867 19.797483
v -26.479019 -29.348860 3.388784
v -24.835539 -28.667618 3.802106
v -23.299370 -28.357674 4.309787
v -21.785376 -27.996386 4.960883
v -21.417355 -26.605688 5.743939
v -20.930794 -24.868151 6.820688
v -28.094315 -27.635721 19.356409
v -36.975559 -38.418728 20.434656
v -37.492680 -38.136971 19.454126
v -37.235386 -39.651436 18.935867
v -37.638401 -39.565765 16.848082
v -37.796085 -39.613411 15.068190
v -38.245811 -38.591415 15.090066
v -37.925632 -39.409267 13.509676
v -35.945961 -38.656784 21.808353
v -34.684818 -38.708427 23.073038
v -33.398716 -37.981503 23.829248
v -32.280712 -37.490929 24.347826
v -32.142220 -36.405663 23.933266
v -31.324337 -35.398327 23.812626
v -37.615784 -39.605831 11.431005
v -37.234692 -39.606392 9.659516
v -36.624062 -39.379116 8.355386
v -36.075230 -39.045124 7.405011
v -34.746040 -39.318459 6.434021
v -33.203243 -39.590446 5.485195
v -31.998648 -38.780888 4.701266
v -31.481462 -37.443996 4.265806
v -31.778362 -36.387161 4.155143
v -30.137867 -36.168499 3.826482
v -29.258924 -34.679443 3.502462
v -28.803286 -33.416866 3.410072
v -28.072910 -31.990122 3.347932
v -27.586065 -30.695021 3.252498
v -29.934406 -34.525921 23.741201
v -28.617117 -33.146996 23.332178
v -27.636175 -31.517122 22.433706
v -28.073929 -30.582157 21.733334
v -25.496656 -29.818190 21.054487
v -25.401676 -30.919434 3.458873
v -24.267002 -29.988773 3.676560
v -23.069054 -29.709555 3.957137
v -21.012697 -29.584414 4.233731
v -19.932507 -28.120188 5.095383
v -20.362564 -27.053614 5.788626
v -19.571232 -25.608158 6.332451
v -19.060108 -24.475771 6.792134
v -36.375698 -39.732861 20.972115
v -36.804832 -39.721157 20.201035
v -36.467659 -41.193554 20.254480
v -36.901833 -41.452717 18.422150
v -37.071171 -41.188137 16.873535
v -37.173283 -41.135139 15.089113
v -37.191444 -41.089500 13.303866
v -36.935703 -41.089855 11.517890
v -34.991848 -39.859135 22.740250
v -35.483227 -40.846645 21.932510
v -34.081394 -40.182121 23.651176
v -33.074390 -39.782635 24.253567
v -31.847467 -39.760040 25.011980
v -31.100979 -38.940952 25.317900
v -30.925661 -37.556808 24.846739
v -31.432465 -36.629471 24.112255
v -30.144930 -36.339466 24.677294
v -29.978498 -35.341557 24.200197
v -36.515160 -41.140724 9.701407
v -35.563084 -41.248417 8.151046
v -34.940716 -40.538151 7.087457
v -32.910324 -41.102112 5.862362
v -30.938828 -40.480888 4.699233
v -30.048706 -38.842430 4.132390
v -30.501608 -37.716522 4.104419
v -28.557911 -36.947067 3.662523
v -27.770189 -35.104523 3.487486
v -27.011526 -33.590069 3.402982
v -26.565351 -32.297295 3.354446
v -28.379845 -35.021675 24.461603
v -26.544085 -33.344021 23.832546
v -26.490854 -31.985212 22.888477
v -24.275038 -31.936592 23.244425
v -24.118336 -30.619005 22.122696
v -22.407663 -29.945902 21.804474
v -21.847187 -28.520514 19.563284
v -24.259699 -32.512955 3.396876
v -22.178110 -31.257526 3.582473
v -19.778517 -31.104088 3.667255
v -19.447487 -29.971365 4.000725
v -18.341850 -28.579403 4.359567
v -18.441578 -27.130592 5.641995
v -19.214163 -27.125553 5.959843
v -18.340637 -26.005556 6.080151
v -18.083994 -24.343830 6.515703
v -18.028412 -23.046837 7.919124
v -35.402935 -42.730511 21.428919
v -36.058254 -43.003666 20.157368
v -36.428799 -42.767742 18.667635
v -36.544910 -42.739597 16.712406
v -36.639980 -42.682186 15.131123
v -36.441841 -42.643265 13.317378
v -36.196510 -42.645000 11.563534
v -35.747055 -42.645275 9.937764
v -34.405720 -41.273148 23.237812
v -34.393871 -42.739429 22.826641
v -33.405289 -41.607029 24.244987
v -32.768311 -41.016434 24.548695
v -31.322912 -41.241398 25.338009
v -30.152166 -40.517616 26.024879
v -29.727606 -39.207912 25.845900
v -29.218475 -37.768051 25.468260
v -28.706184 -36.402615 25.063583
v -35.105259 -42.644161 8.526608
v -34.381405 -42.642445 7.678724
v -33.302437 -42.625820 6.712610
v -31.825113 -42.771210 5.617496
v -31.050913 -42.080711 5.065986
v -29.484182 -42.082764 4.383883
v -29.223871 -40.749275 4.129936
v -28.963961 -39.420128 3.972241
v -28.689623 -38.273659 3.795694
v -26.994553 -37.807056 3.469171
v -27.227755 -36.726555 3.472015
v -26.034830 -35.629375 3.319414
v -25.480000 -33.903954 3.331239
v -26.961573 -36.417900 25.485365
v -26.057238 -34.504318 24.701237
v -25.355034 -33.383251 24.113914
v -24.402512 -33.717522 24.596064
v -22.719906 -32.856712 24.299673
v -22.972822 -32.101086 23.680302
v -21.797897 -31.384525 23.413147
v -20.798738 -29.804235 22.472351
v -21.275684 -29.594893 21.968681
v -20.293875 -28.519428 21.470137
v -21.099817 -28.614388 20.411613
v -19.945274 -26.995407 19.554409
v -20.337666 -26.790287 17.073624
v -22.275183 -27.862129 17.574873
v -23.110130 -34.127811 3.186448
v -21.062986 -33.256416 3.095167
v -18.883785 -32.543587 3.040234
v -18.124262 -31.155491 3.295573
v -18.553633 -30.186996 3.748074
v -17.006683 -29.675079 3.443154
v -17.265062 -28.661594 3.983580
v -16.503023 -27.673603 4.116451
v -16.961420 -25.915199 5.098993
v -18.112291 -26.943214 6.805778
v -17.189377 -24.400982 5.948049
v -16.782351 -22.867002 6.483031
v -16.387197 -21.216511 7.432951
v -16.985588 -21.508381 8.131383
v -17.007198 -21.787449 8.950443
v -18.173655 -23.249516 10.601434
v -34.373444 -44.323109 22.371304
v -35.253071 -44.441338 20.554976
v -35.817699 -44.261913 18.900829
v -35.959145 -44.169712 16.949888
v -35.984535 -44.003582 15.183181
v -36.421284 -43.067432 15.641974
v -35.739799 -44.155430 13.331904
v -35.444473 -44.180080 11.592985
v -35.019035 -44.171482 9.994752
v -34.284393 -44.127781 8.684075
v -33.396317 -42.843742 23.992687
v -33.040272 -44.568287 23.763861
v -32.408035 -42.988174 24.811987
v -31.649963 -42.480991 25.230869
v -30.439445 -42.566013 25.768232
v -29.014240 -42.367744 26.287451
v -28.211563 -40.722366 26.486530
v -28.296860 -39.154621 26.201096
v -27.778765 -37.796696 25.865765
v -33.366325 -43.992737 7.427952
v -31.975801 -44.457195 6.398825
v -31.096495 -44.138863 5.692170
v -29.783022 -43.649872 4.822654
v -28.083170 -43.420174 4.051473
v -28.236668 -41.954449 3.930178
v -28.678600 -41.284775 4.026231
v -27.614998 -40.229782 3.654467
v -25.383562 -39.115135 3.170697
v -24.712786 -37.423168 3.100977
v -25.370134 -36.568993 3.237231
v -23.690125 -35.754951 3.053263
v -26.541233 -37.712589 26.151890
v -26.296562 -36.856709 25.968536
v -24.998819 -36.547024 25.963072
v -24.713526 -35.122658 25.375233
v -22.558722 -34.829662 25.537930
v -21.258362 -33.163891 24.830799
v -21.175285 -32.280209 24.221039
v -19.947611 -31.478113 23.970213
v -19.510889 -30.148932 23.381670
v -19.145990 -28.728624 22.611275
v -19.017975 -26.847454 20.975233
v -18.333426 -27.218225 22.095083
v -19.322275 -25.361187 17.719130
v -18.960239 -25.262455 19.338062
v -18.218658 -25.300680 20.694658
v -19.747965 -26.327999 13.343101
v -19.149408 -24.922413 14.906585
v -21.544121 -35.417515 2.835641
v -20.046518 -34.833263 2.694040
v -17.994055 -34.164063 2.516706
v -16.758333 -32.844265 2.509407
v -16.348806 -31.286652 2.740115
v -15.201203 -29.526428 2.806514
v -15.876639 -28.527576 3.418082
v -14.893409 -26.974649 3.459784
v -15.859497 -26.191652 4.313132
v -15.164035 -24.366495 4.510671
v -16.116507 -23.355028 5.635463
v -15.239963 -21.250307 5.901480
v -15.551393 -19.601866 7.124039
v -16.156475 -19.616579 8.414425
v -16.395613 -20.982573 8.673834
v -17.126251 -21.275661 8.434771
v -16.905804 -20.514868 10.250282
v -17.705303 -21.437380 12.227736
v -18.131094 -22.713037 12.487496
v -18.482552 -23.981195 12.790759
v -18.378729 -25.141552 11.623627
v -33.285179 -46.121796 22.836679
v -34.431122 -45.592178 21.666225
v -34.813820 -45.962955 20.447802
v -35.171440 -45.580051 18.932814
v -35.158398 -44.565777 19.402403
v -35.372437 -45.631817 17.048040
v -35.289894 -45.629417 15.147060
v -35.039063 -45.645752 13.330849
v -34.717712 -45.743404 11.571993
v -34.317158 -45.706562 9.980551
v -33.585205 -45.632343 8.780444
v -32.650822 -45.641392 7.642360
v -31.919645 -44.271618 24.770576
v -32.164974 -46.147804 24.102785
v -31.310806 -45.797203 24.776485
v -31.154917 -43.918037 25.457535
v -29.591602 -44.056152 26.044411
v -28.427105 -43.978535 26.361591
v -27.690346 -43.617096 26.735296
v -27.973162 -42.622715 26.739134
v -26.612129 -41.409744 26.810781
v -26.080832 -39.300922 26.596100
v -31.534307 -45.710274 6.602692
v -30.359810 -45.702984 5.729441
v -29.123692 -45.482391 4.916670
v -27.486437 -45.145836 4.053824
v -26.830643 -43.912430 3.654982
v -26.510372 -42.664955 3.518944
v -27.111250 -41.776966 3.616031
v -24.951927 -41.091827 3.117727
v -23.465046 -39.353455 2.838507
v -23.275148 -38.067207 2.866237
v -23.228172 -37.021538 2.902324
v -21.197693 -37.088768 2.597932
v -24.914131 -37.597237 26.386267
v -24.513266 -36.971504 26.257654
v -23.500696 -36.876884 26.354334
v -21.995167 -36.156269 26.378237
v -21.730423 -35.381481 26.025963
v -20.427345 -35.048801 26.062469
v -19.742878 -33.396549 25.335604
v -20.081066 -32.385338 24.597614
v -18.314053 -31.543144 24.700619
v -18.798265 -30.715668 24.033611
v -17.674643 -29.669741 23.954569
v -18.420395 -29.070112 23.249929
v -17.350332 -27.676096 23.161804
v -17.370924 -25.606890 21.912447
v -16.504549 -25.913116 22.940996
v -18.840694 -23.703632 16.939028
v -18.368265 -23.941914 18.878553
v -17.714691 -23.978521 20.248545
v -16.910440 -23.768097 21.215336
v -16.402372 -24.041384 21.960926
v -18.883268 -25.237867 13.089290
v -18.560413 -22.599960 14.171991
v -18.899218 -23.524311 15.407284
v -19.489056 -36.224476 2.436925
v -17.152597 -35.863476 2.100768
v -16.234346 -34.419525 2.126166
v -16.099104 -33.504112 2.236648
v -14.654338 -32.188389 2.116443
v -14.096510 -30.179070 2.300670
v -13.728490 -28.055405 2.604718
v -13.982357 -26.963802 2.978166
v -13.274078 -25.711849 2.931379
v -14.469921 -25.365587 3.546211
v -13.763771 -24.062456 3.687563
v -13.920521 -21.971226 4.560497
v -14.131480 -20.331978 5.257815
v -14.481055 -19.556799 5.708828
v -14.850046 -18.207687 6.466095
v -15.634539 -17.996452 7.928972
v -16.221220 -17.976967 9.451337
v -16.551908 -19.207874 9.353445
v -16.738503 -18.361532 11.188317
v -17.459576 -19.669081 12.991926
v -17.971285 -21.071135 13.611242
v -17.745380 -26.123404 9.599972
v -31.616623 -47.695644 23.566530
v -32.879425 -47.681160 22.411726
v -33.930962 -47.171352 20.994627
v -34.517342 -47.214985 18.900846
v -34.930931 -47.043900 17.119967
v -34.619827 -47.096958 15.233386
v -34.327950 -47.126694 13.318739
v -34.007614 -47.245869 11.584806
v -33.415421 -47.456165 9.831043
v -33.026562 -46.925034 8.839268
v -32.001019 -47.132725 7.815765
v -30.920431 -47.158043 6.793257
v -30.024775 -45.542805 25.598284
v -30.882771 -47.094231 24.513577
v -29.603590 -47.252304 25.285009
v -28.438602 -45.910847 26.323961
v -26.953007 -45.135269 26.820612
v -26.202091 -43.674000 27.044943
v -26.738791 -42.743744 26.915619
v -24.974501 -42.104206 27.170059
v -25.244476 -41.219910 27.039143
v -24.155968 -40.095905 27.061337
v -23.831095 -38.270622 26.796717
v -29.749060 -47.200451 5.867609
v -28.543737 -47.125805 5.016662
v -27.270947 -46.894161 4.261542
v -26.102942 -46.516655 3.658838
v -26.431252 -45.537895 3.700945
v -25.565014 -44.691208 3.386014
v -25.411888 -42.940807 3.232110
v -23.299978 -42.545719 2.725328
v -23.448502 -41.245834 2.779401
v -22.145384 -40.229137 2.547360
v -21.645452 -38.455292 2.570372
v -19.436909 -38.800323 2.154091
v -17.564152 -38.000797 1.918857
v -21.583719 -37.943710 26.983068
v -20.336422 -36.100975 26.518726
v -19.783297 -35.441490 26.291531
v -18.683788 -35.213703 26.363304
v -18.564489 -34.005257 25.945560
v -17.512243 -32.879284 25.626671
v -16.170767 -31.153522 25.395351
v -16.968754 -30.342812 24.700048
v -15.803994 -28.824490 24.686001
v -16.663082 -28.308430 23.935341
v -15.770722 -27.002773 24.026749
v -16.022694 -26.197727 23.525944
v -15.475380 -24.259546 22.985832
v -14.403574 -24.765882 24.099934
v -18.595518 -22.351194 15.884079
v -18.343973 -22.188780 17.406713
v -17.694666 -22.407585 18.799536
v -16.964300 -22.577753 20.243069
v -16.497925 -22.849842 21.120916
v -15.581523 -22.633871 22.013222
v -14.649972 -22.686789 22.939108
v -18.039751 -20.593893 14.997287
v -16.021469 -37.633320 1.680399
v -14.680715 -36.378922 1.589097
v -15.005731 -34.767929 1.846028
v -15.042337 -33.620346 1.989761
v -13.268966 -33.129501 1.705155
v -13.517613 -32.065140 1.862145
v -12.687527 -30.922689 1.828510
v -12.319203 -28.642435 2.066774
v -11.931240 -26.620438 2.230143
v -11.523845 -24.914991 2.278920
v -12.097138 -23.894819 2.717975
v -12.949880 -24.095327 3.161761
v -12.684951 -22.649118 3.419320
v -12.718694 -20.538626 3.982296
v -13.448651 -19.957079 4.739263
v -13.744001 -18.422432 5.256789
v -14.085588 -16.377171 5.632163
v -14.892621 -15.967723 6.842067
v -15.379154 -16.633179 7.675231
v -15.907172 -16.221241 9.292423
v -16.361572 -16.431232 11.060365
v -16.709927 -16.648516 12.805704
v -17.061714 -18.113747 12.883333
v -17.259710 -17.873787 14.648956
v -17.776314 -19.384871 14.336539
v -31.685019 -49.187164 22.403994
v -30.393126 -49.266888 23.573257
v -29.616875 -48.644375 24.504375
v -32.970753 -48.874153 20.837631
v -33.551628 -48.811985 18.929876
v -33.934994 -48.645905 16.702850
v -34.300140 -47.610062 16.115936
v -33.806480 -48.146301 14.969597
v -33.445625 -48.466225 13.264829
v -33.359615 -48.499214 11.670436
v -32.681026 -48.819050 10.438550
v -31.902411 -49.138836 9.177091
v -31.528109 -48.631817 8.135061
v -30.165197 -48.708069 6.948391
v -29.300198 -48.503563 6.060344
v -27.882483 -47.483608 26.049107
v -27.986788 -48.888630 25.436869
v -26.519087 -47.089165 26.710508
v -24.980877 -46.473892 27.208004
v -25.500521 -45.432468 27.156294
v -24.537331 -44.225334 27.355143
v -23.372690 -42.318012 27.462276
v -22.845619 -40.902767 27.377720
v -22.233442 -39.703812 27.273211
v -27.699818 -48.876175 5.125002
v -26.872181 -48.317905 4.374674
v -25.289560 -48.299446 3.569744
v -24.595291 -46.754196 3.169141
v -25.048143 -45.773338 3.240227
v -23.718285 -44.984013 2.795178
v -21.954103 -44.246342 2.288193
v -20.937120 -42.527451 2.129863
v -21.562719 -41.344959 2.355666
v -19.867723 -40.416260 2.048749
v -18.692806 -39.852016 1.894803
v -18.149996 -39.751438 1.804355
v -17.198053 -39.647282 1.655351
v -15.427727 -39.682812 1.344163
v -14.422763 -38.875813 1.250575
v -20.394848 -39.851093 27.532513
v -19.219839 -37.843250 27.245798
v -19.426912 -36.646698 26.825081
v -17.429554 -36.216263 27.039970
v -17.662395 -35.121902 26.579798
v -17.037462 -34.148335 26.407770
v -15.811524 -32.748055 26.052914
v -15.140219 -31.416962 26.025129
v -14.926449 -30.197046 25.642166
v -15.252316 -29.706436 25.301241
v -14.135796 -28.453367 25.409443
v -14.500685 -27.306870 24.942661
v -15.167056 -27.336966 24.574083
v -14.562874 -26.307686 24.602432
v -13.574336 -22.746130 23.867119
v -12.915055 -25.790247 25.217003
v -12.860586 -24.023327 24.740505
v -12.153197 -22.688164 24.441511
v -17.652533 -20.708187 17.059258
v -16.956753 -20.774094 18.808889
v -16.092344 -20.954084 20.423691
v -15.201517 -21.297401 21.760504
v -13.821890 -21.224525 22.871853
v -13.068495 -21.458237 23.647190
v -17.632242 -19.216640 15.152354
v -17.146854 -18.864645 16.631300
v -14.561049 -37.654900 1.413184
v -12.900103 -37.292007 1.168902
v -13.282068 -35.967873 1.375717
v -13.620270 -35.048458 1.539442
v -11.859916 -34.871395 1.253182
v -11.206337 -32.723225 1.329882
v -11.990090 -31.910067 1.560953
v -10.815732 -30.857019 1.458030
v -10.903987 -28.954756 1.673166
v -10.416996 -27.023003 1.762242
v -10.320062 -25.026630 1.889254
v -10.666368 -24.024389 2.105495
v -10.935703 -22.837917 2.396499
v -11.824526 -22.682858 2.872601
v -11.581854 -21.231447 3.065009
v -11.850389 -18.822790 3.554921
v -12.830965 -18.614021 4.431515
v -12.796922 -16.399675 4.312521
v -13.829787 -14.570242 5.067618
v -14.700862 -14.718825 6.212793
v -15.265038 -14.555879 7.391352
v -15.564552 -15.026967 8.574941
v -15.970173 -14.848313 9.741322
v -16.171083 -14.796070 10.985490
v -16.443838 -14.722966 12.812475
v -16.492262 -15.236207 13.900627
v -16.899448 -16.379929 13.844464
v -16.800089 -15.910422 14.984364
v -16.748175 -16.688524 16.158140
v -16.969742 -17.712675 16.205719
v -29.814301 -50.706387 22.699980
v -31.057247 -50.383984 21.658693
v -32.023575 -50.193077 20.551855
v -28.803423 -50.368748 24.020470
v -27.949329 -50.014839 24.850815
v -32.553204 -50.259529 18.990627
v -32.260841 -50.614532 16.901226
v -32.237450 -50.389404 15.034489
v -33.284569 -49.188702 15.050540
v -32.341824 -49.941540 13.428908
v -31.977575 -50.042164 11.264305
v -31.114855 -50.345123 9.575581
v -30.391459 -50.317822 8.394572
v -29.360346 -50.317551 7.246755
v -27.793484 -50.360123 5.897992
v -26.389791 -49.273106 26.184288
v -25.844696 -48.438232 26.594694
v -26.273293 -50.687256 25.555277
v -24.169556 -48.238796 27.136503
v -23.264952 -46.860554 27.528872
v -23.447235 -45.352730 27.589052
v -22.854572 -44.054371 27.774324
v -22.458145 -42.810211 27.698128
v -21.981979 -41.467575 27.613501
v -26.194511 -50.516479 4.827853
v -25.287130 -49.889839 4.025752
v -23.652744 -49.605171 3.113717
v -24.126141 -48.666355 3.152734
v -23.336658 -47.766006 2.797893
v -23.340389 -46.308273 2.705767
v -21.861313 -46.304771 2.230034
v -20.833227 -45.265137 1.911515
v -20.931261 -43.954483 2.020380
v -19.817144 -43.777557 1.750744
v -20.173466 -42.654758 1.896340
v -19.590160 -41.920273 1.817933
v -18.546484 -41.399216 1.686724
v -17.363140 -40.898239 1.536894
v -14.988623 -40.981743 1.137718
v -12.694268 -40.567387 0.813655
v -11.753383 -38.861019 0.856054
v -20.691044 -41.720345 27.798513
v -18.737911 -40.972534 27.965919
v -18.717875 -39.756660 27.805794
v -17.473425 -38.657448 27.725025
v -15.960881 -37.617538 27.801792
v -15.416467 -36.002979 27.470543
v -16.221542 -35.052589 26.937387
v -15.096915 -33.988262 26.879242
v -14.105470 -31.839308 26.510107
v -13.874906 -29.966291 25.972704
v -13.041201 -28.439980 25.809299
v -12.864116 -27.440676 25.567026
v -12.067197 -21.460464 24.135988
v -11.688495 -27.329254 26.042459
v -11.086277 -25.334860 25.894567
v -11.219053 -24.095655 25.485418
v -11.946817 -23.401316 25.088531
v -10.525073 -22.587679 25.260141
v -10.448563 -20.924498 24.730040
v -16.364096 -19.141182 18.640291
v -15.240566 -19.115255 20.486702
v -14.293051 -19.501263 21.844585
v -13.064090 -19.651922 22.883051
v -11.471841 -19.883512 23.824490
v -16.517572 -17.256084 17.250944
v -15.959446 -17.534292 18.583818
v -10.792082 -37.249844 0.857487
v -11.319420 -36.245506 1.029129
v -9.756186 -35.200554 0.913132
v -9.566698 -32.958302 1.049035
v -10.102890 -31.798925 1.240163
v -8.934907 -30.544945 1.152061
v -9.795194 -29.383326 1.408139
v -8.341493 -27.739149 1.274859
v -8.635278 -25.079672 1.471573
v -9.271074 -23.598383 1.701879
v -9.983183 -23.209835 1.947527
v -9.465830 -21.511503 1.960798
v -10.614997 -21.323765 2.499476
v -10.459539 -19.759806 2.577320
v -10.763207 -17.487246 2.830092
v -11.734381 -17.240246 3.510324
v -11.559731 -15.738243 3.329931
v -12.464459 -14.225019 3.770482
v -13.508135 -13.326306 4.386197
v -14.480982 -12.922762 5.237522
v -15.153983 -13.076545 6.237271
v -15.362009 -13.528896 7.306884
v -15.623556 -13.418324 8.821263
v -15.931445 -13.531038 10.568437
v -16.297470 -13.122229 12.631105
v -16.565861 -13.310150 13.609828
v -16.395351 -13.811897 14.921315
v -16.467665 -14.886599 14.703748
v -16.493502 -14.871135 15.295921
v -16.168081 -14.978737 16.568338
v -16.290422 -16.227489 17.143856
v -27.876244 -52.176331 23.370874
v -28.957518 -52.126148 22.518126
v -29.490423 -51.736446 22.072279
v -29.272303 -51.244587 21.296446
v -29.885157 -51.124737 20.668308
v -30.895987 -51.139118 19.455341
v -32.010937 -51.144485 19.112509
v -26.963984 -51.533363 24.619272
v -31.734690 -51.551151 17.698692
v -30.132730 -52.515247 16.421192
v -30.566145 -52.132187 14.909482
v -30.654966 -51.827740 13.176679
v -30.699207 -51.570580 11.566236
v -29.825684 -51.938328 10.002292
v -29.643785 -51.529320 8.786302
v -28.681583 -51.776894 7.789895
v -27.484386 -51.965118 6.634215
v -26.119909 -52.350372 5.537523
v -25.727825 -51.636948 4.959508
v -24.904108 -50.737465 26.289339
v -24.030884 -49.969105 26.826059
v -25.301340 -52.356552 25.290241
v -24.233292 -52.124035 26.001860
v -22.164997 -49.681110 27.451639
v -22.080723 -48.059093 27.588564
v -22.188257 -46.594158 27.829554
v -22.611473 -45.667480 27.795464
v -22.373308 -44.561459 27.831434
v -21.263872 -43.372665 28.026600
v -24.392914 -51.684338 4.134007
v -22.676439 -51.345581 3.101903
v -22.172760 -49.937553 2.622506
v -22.126495 -48.718163 2.478811
v -21.954500 -47.650944 2.314635
v -20.533258 -47.993374 1.875047
v -19.199656 -46.665398 1.461075
v -19.974733 -45.488350 1.660540
v -18.527065 -45.214485 1.361570
v -18.093817 -43.932529 1.385695
v -18.693420 -43.051319 1.557938
v -17.154690 -42.827152 1.313404
v -14.665138 -42.572151 0.950252
v -12.518692 -42.370102 0.618402
v -10.731245 -41.843636 0.399989
v -11.177665 -40.851131 0.569438
v -10.004070 -39.823769 0.557359
v -9.240565 -37.450638 0.675874
v -19.117788 -42.777889 28.174253
v -16.899710 -42.070721 28.405914
v -17.414965 -40.809006 28.138378
v -17.736654 -40.022552 27.978624
v -16.329222 -40.213989 28.238667
v -14.779359 -39.169186 28.181673
v -14.570447 -37.321266 28.050808
v -14.648021 -36.258202 27.762896
v -13.909595 -35.256775 27.647711
v -13.280681 -33.071514 27.244278
v -12.481339 -31.215149 26.976419
v -12.979194 -30.252918 26.413404
v -12.621140 -28.975594 26.034260
v -11.887680 -29.320074 26.628384
v -10.250925 -28.323009 26.919512
v -10.361949 -26.851774 26.266987
v -10.109487 -25.444096 26.131912
v -9.749025 -23.579515 25.785511
v -9.619441 -22.472338 25.668898
v -8.866048 -21.155819 25.541426
v -9.466819 -19.556065 24.798834
v -10.058135 -19.546694 24.327734
v -15.095301 -17.711981 20.136667
v -14.057833 -17.568741 21.286762
v -13.695189 -18.095175 21.908396
v -12.501115 -18.024389 22.889460
v -11.344770 -18.312262 23.738688
v -9.938061 -18.255054 24.323168
v -15.610402 -15.836795 18.450079
v -14.679682 -16.118052 20.244024
v -9.414774 -36.370689 0.774423
v -7.835267 -35.295712 0.694876
v -7.628693 -33.029922 0.812049
v -8.241173 -31.819656 0.977014
v -7.012792 -30.703730 0.902307
v -7.575054 -29.219908 1.059145
v -5.939641 -28.204752 0.909843
v -6.517826 -26.824865 1.023756
v -6.626985 -25.129980 1.085736
v -7.296638 -23.462864 1.234358
v -8.411779 -22.956682 1.520138
v -7.612753 -20.959080 1.347716
v -8.802796 -19.777704 1.773326
v -9.516140 -19.788233 2.076159
v -9.321897 -18.241755 2.034682
v -9.754097 -15.971857 2.227060
v -10.688490 -15.966496 2.762691
v -10.655364 -14.442424 2.600729
v -11.853401 -13.094389 3.092914
v -13.228398 -11.775600 3.793110
v -14.127667 -11.443149 4.541496
v -14.703802 -11.583533 5.429718
v -15.421210 -11.643930 6.394658
v -15.580911 -11.767468 7.358038
v -15.642448 -12.005741 8.524210
v -15.766636 -11.879222 10.645031
v -16.002024 -11.793957 12.715978
v -16.408794 -12.100513 13.251849
v -16.242922 -11.998608 14.513755
v -15.870785 -12.370385 16.339302
v -15.992561 -13.525896 16.434792
v -15.388860 -13.313483 17.666143
v -15.510600 -14.601519 17.947315
v -25.507298 -53.664295 24.321379
v -26.882839 -53.792725 22.605495
v -27.988457 -53.151100 21.839340
v -28.956854 -52.719078 20.949986
v -29.090427 -51.965401 19.859331
v -29.621794 -52.663765 19.338833
v -29.915098 -52.350422 17.848516
v -29.134247 -53.309189 17.432026
v -28.226061 -54.746120 16.692795
v -28.952360 -53.895073 14.903985
v -29.064951 -53.605091 13.167343
v -28.967892 -53.251144 11.195800
v -28.108978 -53.595333 9.517127
v -28.235798 -52.966652 8.516049
v -26.987865 -53.375408 7.322003
v -25.818863 -53.581276 6.166281
v -24.626560 -53.838936 5.257753
v -23.971540 -53.255318 4.485757
v -23.024557 -51.780247 26.696095
v -21.426373 -51.394794 27.335669
v -23.450296 -53.854115 25.656231
v -22.259905 -53.366219 26.498970
v -20.271620 -50.036762 27.750925
v -20.871971 -48.747147 27.805870
v -20.541054 -47.436478 27.866646
v -20.953224 -46.247639 27.878956
v -21.654995 -44.896877 28.048073
v -19.658552 -44.690399 28.251110
v -22.363796 -53.193005 3.438196
v -20.957304 -52.789722 2.635364
v -20.885687 -51.513500 2.416819
v -21.092379 -50.418804 2.331475
v -21.150532 -49.297947 2.182918
v -19.747740 -49.534206 1.743015
v -17.734741 -48.539799 1.146723
v -16.866749 -46.742527 0.927199
v -17.603071 -45.923122 1.112196
v -16.239485 -44.964905 0.934568
v -14.062010 -44.315830 0.690028
v -11.854079 -43.938019 0.436719
v -9.721015 -43.400017 0.188906
v -8.754482 -41.896076 0.190966
v -9.314472 -40.970364 0.341923
v -7.672775 -39.874180 0.323162
v -7.301633 -37.588875 0.491106
v -7.559499 -36.457851 0.586787
v -17.299452 -44.113705 28.602863
v -15.550679 -43.591232 28.849426
v -14.770511 -42.094429 28.746326
v -15.724637 -41.278767 28.458473
v -14.945283 -40.669003 28.478439
v -13.216838 -40.540291 28.759481
v -13.597599 -39.275696 28.432701
v -12.857604 -37.986401 28.386065
v -13.388770 -36.454231 28.038561
v -12.173033 -35.000931 27.970310
v -12.678235 -33.833511 27.676975
v -11.524849 -32.355343 27.688120
v -11.121056 -30.285233 27.215130
v -9.454579 -30.288765 27.725510
v -8.933300 -28.468729 27.556564
v -8.715119 -26.961752 27.184046
v -9.594262 -26.914900 26.736551
v -8.823637 -25.248478 26.597921
v -9.033079 -23.979139 26.139116
v -8.732698 -22.823038 25.902880
v -8.021110 -22.690903 26.273170
v -7.841435 -21.104385 25.981312
v -7.397956 -19.536768 25.832575
v -8.149986 -19.543861 25.482994
v -8.400414 -18.019655 25.046268
v -13.864406 -16.591599 21.227320
v -12.459940 -16.333387 22.469122
v -10.498148 -16.501968 23.886414
v -9.252823 -16.766600 24.287613
v -14.856296 -14.173861 18.904074
v -14.199981 -14.590217 20.034962
v -13.270352 -14.642518 21.162445
v -12.998670 -15.292115 21.703642
v -5.869692 -35.335747 0.531988
v -5.600401 -32.983337 0.644200
v -6.187376 -31.764772 0.753832
v -4.657945 -30.274664 0.691905
v -3.793238 -27.910696 0.666919
v -4.434973 -26.603848 0.769228
v -5.504603 -26.173891 0.913563
v -4.610928 -24.451864 0.815246
v -5.645728 -22.119938 0.950844
v -6.175501 -20.181009 0.995910
v -7.068704 -18.812944 1.175629
v -8.129305 -18.611437 1.445793
v -7.844985 -16.374207 1.406706
v -9.097661 -14.566839 1.827273
v -9.830813 -14.583928 2.189304
v -9.790657 -13.303610 2.018037
v -10.835339 -11.966101 2.249756
v -12.527959 -10.070508 2.776409
v -13.925232 -9.897474 3.860026
v -14.484734 -10.130698 4.656281
v -15.124061 -10.099043 5.569209
v -15.432066 -9.954519 7.091120
v -15.658927 -10.400902 8.567300
v -15.626140 -10.368085 10.677617
v -15.678655 -10.387611 12.594315
v -15.644858 -10.051299 14.837809
v -15.421466 -10.886810 16.780565
v -15.347105 -12.051320 17.352020
v -14.664301 -11.886858 18.471508
v -14.666758 -13.138321 18.813938
v -25.815092 -55.385735 22.549696
v -24.444710 -55.634521 23.965624
v -23.386024 -55.235950 25.040018
v -26.996908 -54.920868 21.268875
v -27.100294 -53.771538 21.075068
v -28.105549 -53.751354 19.372019
v -26.899429 -56.214756 18.974894
v -27.057981 -56.700054 16.739283
v -27.009335 -56.331326 14.737652
v -27.980316 -55.093147 14.930707
v -27.638918 -55.349140 13.389587
v -27.456320 -55.126465 11.438125
v -27.038328 -54.943073 9.758112
v -26.481989 -54.708790 8.220953
v -25.075005 -55.159817 6.649068
v -24.321873 -54.814266 5.583307
v -22.795921 -55.194885 4.597940
v -21.481853 -54.787537 3.549193
v -21.311892 -52.919197 27.073561
v -19.735245 -52.948952 27.589455
v -19.644978 -51.447880 27.771599
v -22.042349 -55.383511 25.802509
v -21.244078 -54.925346 26.429502
v -20.312851 -54.345348 27.095306
v -19.368822 -50.445126 27.984966
v -18.468256 -49.372795 28.127504
v -19.759682 -48.933357 27.787601
v -19.134357 -47.742947 28.064455
v -19.542370 -46.335381 28.093611
v -17.518524 -46.148441 28.593220
v -20.138250 -54.269581 2.610816
v -19.661243 -53.014038 2.168031
v -19.666290 -51.930256 2.030186
v -19.894747 -50.851036 1.965667
v -17.957689 -50.887569 1.370494
v -15.872565 -49.706799 0.655458
v -16.312223 -48.732681 0.755822
v -15.321396 -47.875130 0.574153
v -15.344042 -46.385979 0.655383
v -13.139462 -46.390293 0.383435
v -11.385194 -45.408466 0.257125
v -8.759878 -45.160812 0.040249
v -7.465686 -43.679008 0.014406
v -7.116050 -42.003281 0.112309
v -7.311733 -40.996716 0.194533
v -5.679089 -39.884655 0.202854
v -5.243246 -37.642223 0.343590
v -5.548300 -36.468884 0.440557
v -14.752638 -45.355053 29.150843
v -13.719213 -43.583347 29.165531
v -13.338023 -42.305950 29.049702
v -11.699042 -42.667782 29.456781
v -11.216258 -40.430679 29.256653
v -12.007267 -39.301720 28.838036
v -10.728359 -38.066769 28.933304
v -11.188127 -36.244904 28.356674
v -10.721682 -34.405296 28.127649
v -11.111607 -33.508083 27.985126
v -9.949908 -32.534195 28.174793
v -8.220355 -31.468191 28.335846
v -8.616813 -30.544516 28.051441
v -8.012230 -29.893349 28.017345
v -8.310098 -28.937225 27.615025
v -7.433008 -27.536768 27.746605
v -7.179806 -25.070787 27.265497
v -7.570379 -23.842571 26.791700
v -6.325903 -22.305923 26.971704
v -7.190611 -21.084669 26.297657
v -6.405093 -19.975151 26.505157
v -5.841875 -18.099173 26.278505
v -6.907381 -17.721310 25.780367
v -7.159837 -16.254301 25.232134
v -8.154327 -16.485487 24.851345
v -9.075673 -15.178992 24.265724
v -11.199362 -15.317908 23.173992
v -11.660457 -13.877243 22.457449
v -10.538530 -15.136822 23.519896
v -13.858166 -13.091097 19.940907
v -12.978647 -13.546373 21.075071
v -3.847049 -35.345837 0.403184
v -3.561846 -33.017212 0.496511
v -4.059226 -31.731134 0.589914
v -2.495896 -30.568956 0.533474
v -2.169400 -28.109285 0.574420
v -2.446359 -26.760851 0.599823
v -2.916777 -25.254097 0.621523
v -3.396804 -23.722101 0.661279
v -3.616598 -22.128998 0.669821
v -4.234272 -20.475178 0.700248
v -5.089310 -19.763609 0.796703
v -5.660648 -17.473341 0.845121
v -6.289985 -15.530874 0.834347
v -7.159138 -14.193964 1.027931
v -8.228860 -13.769558 1.391175
v -9.011084 -13.450439 1.694297
v -8.914710 -12.165759 1.495804
v -9.856400 -11.967397 1.825076
v -9.838583 -10.474282 1.563132
v -11.137623 -10.237906 2.000326
v -11.096915 -8.468984 1.637562
v -12.757261 -8.162378 2.263139
v -13.783060 -8.099569 3.070656
v -14.384941 -8.554832 4.037210
v -14.967344 -8.869984 4.730206
v -15.367764 -8.709729 5.765037
v -15.551380 -8.670789 7.006382
v -15.603735 -8.657626 7.921191
v -15.617332 -8.678124 8.981320
v -15.523808 -8.734653 10.772051
v -15.287581 -8.930192 12.832614
v -15.239517 -9.598431 13.696891
v -15.568839 -8.758529 14.819828
v -15.523432 -8.220113 15.999839
v -14.984252 -9.116163 17.549385
v -14.800970 -10.532432 18.033613
v -14.045496 -10.466500 19.283459
v -13.882399 -11.891019 19.658361
v -24.700682 -56.955708 22.461166
v -25.555857 -56.604656 21.615324
v -26.251547 -56.266865 20.988207
v -23.308849 -57.286907 23.778202
v -22.505342 -56.795292 24.747114
v -21.423426 -56.589371 25.570414
v -25.203690 -57.748966 20.225224
v -25.828924 -57.554794 18.622240
v -26.137213 -57.192020 17.584929
v -26.088203 -57.860813 16.626366
v -25.724640 -57.841339 15.064158
v -25.376740 -57.803741 12.946938
v -26.595982 -56.576870 13.147161
v -26.195995 -56.807201 11.564129
v -25.606306 -56.777107 9.730748
v -25.469185 -56.204624 8.573657
v -24.433981 -56.545254 7.360659
v -23.377993 -56.794285 6.280025
v -23.179426 -56.156906 5.436833
v -21.470819 -56.974609 4.448091
v -20.404327 -56.440411 3.574063
v -19.066118 -55.844055 2.572525
v -18.450226 -54.445850 27.723410
v -18.324062 -52.853355 27.994171
v -19.000202 -52.126488 27.869129
v -18.459736 -51.072510 27.998299
v -20.229397 -56.417343 26.317425
v -19.198961 -55.890949 27.095453
v -17.317507 -50.561222 28.505156
v -16.222460 -49.329685 28.853380
v -17.255491 -47.898441 28.568750
v -15.299358 -47.643841 29.129545
v -18.319391 -54.412006 1.898257
v -18.794540 -53.372917 1.906359
v -18.663387 -52.368343 1.723300
v -17.198875 -52.688820 1.227741
v -14.826213 -51.601254 0.589163
v -13.833037 -49.828716 0.300762
v -14.509890 -48.872284 0.387434
v -12.928964 -48.147686 0.185117
v -10.825538 -47.869827 0.089903
v -9.296566 -46.963505 0.050082
v -6.832285 -46.494095 -0.104196
v -7.218542 -45.490593 -0.052020
v -5.981943 -44.490314 -0.030157
v -5.222954 -42.092178 0.054055
v -5.431310 -40.998886 0.120529
v -3.710286 -39.901962 0.128264
v -3.262236 -37.641251 0.244910
v -3.544364 -36.492329 0.339856
v -13.318444 -47.107594 29.575415
v -13.148159 -45.878799 29.549438
v -12.191181 -44.841114 29.597937
v -11.109483 -44.173134 29.842739
v -9.961460 -43.514713 29.881540
v -10.533881 -42.650906 29.706438
v -9.979990 -41.610577 29.764057
v -9.719988 -39.460258 29.569248
v -9.126045 -37.860401 29.400627
v -9.341655 -36.615692 29.012138
v -10.301876 -36.535053 28.704231
v -9.755103 -35.231701 28.569363
v -9.758324 -33.818069 28.272589
v -8.505432 -33.683559 28.664314
v -6.961041 -32.614025 28.902597
v -7.342387 -31.607401 28.614586
v -6.613612 -30.378759 28.567678
v -7.066328 -28.813082 28.099430
v -7.696238 -28.772600 27.854259
v -5.549218 -27.505665 28.306700
v -6.144301 -25.834528 27.804182
v -5.351799 -23.651909 27.580503
v -5.323569 -22.447235 27.442776
v -4.263289 -21.282804 27.479797
v -5.518108 -20.720236 26.978197
v -4.951586 -19.435907 26.899343
v -3.985155 -17.610998 26.883371
v -4.802532 -16.413214 26.265202
v -6.040518 -16.732019 25.938044
v -6.237961 -17.552654 25.975225
v -5.687203 -14.813050 25.559467
v -7.327036 -14.913217 24.974722
v -7.667022 -13.432904 24.876364
v -9.396011 -12.693200 24.026850
v -10.270025 -13.343400 23.410748
v -11.017261 -11.681262 22.794527
v -12.227528 -11.663436 21.653811
v -13.082960 -12.132982 20.729511
v -1.869652 -35.343185 0.313236
v -1.539693 -33.049610 0.395276
v -2.013967 -31.831198 0.457776
v -0.506041 -30.687227 0.457530
v -0.275475 -28.295307 0.512754
v -0.641088 -27.038357 0.526676
v -0.889008 -25.477846 0.549176
v -1.424338 -23.549374 0.516210
v -2.506836 -23.082617 0.558007
v -1.710258 -21.109434 0.474386
v -3.110351 -20.067476 0.546333
v -3.739548 -18.337570 0.553624
v -3.939392 -15.706217 0.444693
v -5.196114 -14.487587 0.556140
v -6.196069 -13.145504 0.683048
v -7.337837 -11.856350 0.911996
v -8.266726 -10.307757 1.027109
v -8.620523 -8.234442 0.797450
v -9.852143 -6.678269 0.764976
v -11.472180 -6.914225 1.415284
v -12.813210 -6.712574 2.123281
v -13.818477 -6.930484 2.809777
v -14.490473 -6.942561 3.652835
v -15.092267 -6.881616 4.749004
v -15.546337 -7.492174 5.663106
v -15.764466 -7.254406 7.128114
v -15.744453 -7.379476 8.675710
v -15.579711 -6.956580 10.786864
v -15.298457 -7.231832 12.785423
v -14.989156 -7.587204 14.792923
v -14.908731 -8.627134 14.502316
v -15.696364 -6.505616 16.118156
v -15.088564 -7.096782 17.564821
v -14.303567 -7.521133 19.004921
v -14.253251 -8.930761 18.993227
v -13.505208 -8.808858 20.186056
v -13.073879 -10.605100 20.678185
v -23.388985 -58.488155 22.459398
v -24.258223 -58.129505 21.531067
v -22.422417 -58.626431 23.668184
v -21.309135 -58.461060 24.645756
v -20.769344 -57.830353 25.362871
v -19.476475 -57.874462 26.049162
v -23.456369 -59.331913 20.651140
v -24.044058 -59.431236 18.877853
v -24.853996 -58.458584 17.443581
v -24.842813 -58.650970 15.629351
v -23.468971 -59.667545 13.672370
v -23.592342 -59.279057 11.287632
v -24.926868 -58.038647 11.476304
v -24.412226 -58.249454 10.280359
v -24.202204 -58.075241 9.183625
v -23.753315 -57.973488 8.020471
v -22.278738 -58.342026 6.621802
v -21.854815 -57.696465 5.440617
v -20.392593 -58.397423 4.571645
v -19.431339 -58.064743 3.728746
v -17.952211 -57.560017 2.609894
v -17.340454 -56.240341 1.940948
v -17.176479 -55.051987 1.641368
v -17.235392 -55.888847 27.863981
v -17.522118 -54.718086 27.979486
v -16.824675 -53.586220 28.352158
v -17.459991 -51.958977 28.232679
v -17.877132 -57.624920 27.009125
v -16.391670 -51.637806 28.766148
v -16.150417 -50.509823 28.870462
v -14.613658 -50.536919 29.312323
v -14.697865 -49.024029 29.333155
v -13.565418 -48.878239 29.635748
v -16.972239 -54.018452 1.381772
v -15.127086 -53.978832 0.874516
v -12.865193 -52.776192 0.214362
v -13.342285 -51.814316 0.276727
v -12.348949 -50.941422 0.142061
v -12.360842 -49.437042 0.111005
v -10.550690 -49.374161 -0.006957
v -8.297039 -48.855110 -0.037778
v -5.785387 -48.218910 -0.107442
v -4.776734 -46.608593 -0.116983
v -5.347851 -45.628323 -0.098978
v -3.680714 -44.555134 -0.058499
v -3.271688 -42.223083 0.016285
v -3.481466 -41.044498 0.082286
v -1.734393 -39.916557 0.093419
v -1.278252 -37.632118 0.191003
v -1.559684 -36.491383 0.250731
v -11.838842 -48.359207 29.844429
v -12.482665 -47.262501 29.766233
v -12.240832 -46.436401 29.838903
v -11.067053 -46.133873 29.880611
v -9.862768 -45.352379 30.052488
v -8.070641 -43.725460 30.384848
v -9.111189 -42.571098 30.051573
v -8.432823 -41.237076 30.164557
v -9.122126 -40.153454 29.917957
v -8.008668 -38.696396 30.002811
v -7.819793 -36.635098 29.469393
v -8.363023 -35.370659 29.027321
v -6.457248 -34.787193 29.412081
v -5.395947 -32.698555 29.325710
v -5.976560 -31.615444 28.990267
v -4.908507 -30.501593 29.084772
v -5.321240 -29.120787 28.718618
v -3.789006 -28.141146 28.969402
v -4.026221 -26.640024 28.597038
v -4.315642 -25.640045 28.333668
v -5.164385 -25.359171 28.001120
v -4.286050 -24.079403 28.054720
v -4.095878 -22.843445 27.729780
v -2.599198 -22.443123 28.115257
v -2.583188 -20.775734 28.001759
v -2.297383 -19.189741 27.844683
v -3.568518 -19.049141 27.351788
v -2.343216 -17.796104 27.575787
v -2.684861 -16.214302 27.081259
v -3.782016 -16.296911 26.653872
v -3.702970 -14.998497 26.416407
v -4.558478 -13.026006 25.984068
v -6.258883 -12.898339 25.497368
v -7.491655 -11.366848 25.181400
v -8.561778 -11.984086 24.553118
v -9.569872 -10.390565 23.926277
v -11.493789 -9.673569 22.448112
v -12.359374 -10.180923 21.524954
v 0.098438 -35.351467 0.263736
v 0.394770 -33.042938 0.337037
v -0.047158 -31.864780 0.376068
v 1.397028 -30.726345 0.419661
v 1.553046 -28.668062 0.505009
v 1.611176 -26.737778 0.521922
v 0.443079 -26.244740 0.516546
v 1.353184 -24.630810 0.538037
v 0.374417 -22.222185 0.519379
v -0.192571 -20.196255 0.419967
v -1.125677 -18.815742 0.370551
v -2.268796 -18.650166 0.406433
v -1.881317 -16.246546 0.305627
v -2.998116 -14.107350 0.242886
v -4.050985 -13.018864 0.316188
v -5.119600 -11.804966 0.381398
v -6.085940 -10.822680 0.464182
v -6.597286 -8.804016 0.451853
v -7.111855 -7.098545 0.359598
v -7.868218 -5.598156 0.345894
v -9.753287 -5.224896 0.649675
v -11.274350 -5.079421 1.178014
v -12.359216 -5.562004 1.679764
v -13.758366 -5.235903 2.521726
v -14.348980 -5.442503 3.381626
v -15.130508 -5.698347 4.533050
v -15.715057 -5.609210 5.731109
v -15.896508 -5.824890 6.833090
v -16.047754 -5.679093 8.762679
v -15.792458 -5.901789 10.092096
v -15.636100 -5.315787 11.457084
v -15.447469 -5.550730 12.796037
v -15.298522 -5.862806 14.522039
v -16.240711 -4.983410 15.485784
v -15.883967 -5.098396 16.732294
v -15.201980 -5.431423 17.763004
v -14.340062 -5.747136 19.015598
v -13.694637 -6.147604 20.007467
v -13.632981 -7.374296 20.039705
v -12.837394 -7.256960 21.068260
v -12.636777 -8.798974 21.370926
v -21.897240 -59.987621 22.545095
v -22.694166 -59.645458 21.650190
v -20.574533 -60.074207 24.019903
v -19.357632 -59.958611 25.003429
v -19.173805 -59.195518 25.574734
v -17.377939 -59.462395 26.436628
v -21.853981 -60.825531 20.752058
v -22.317205 -60.896885 18.738148
v -23.045155 -60.105499 16.844662
v -23.862967 -59.407028 15.641208
v -22.995968 -60.140026 15.243298
v -21.600187 -61.378670 15.036376
v -21.492115 -61.398895 12.712397
v -22.099419 -60.760189 11.509151
v -21.737087 -60.710648 9.562847
v -23.177940 -59.405003 9.986929
v -23.053989 -59.202103 8.990887
v -21.465366 -60.020145 7.671101
v -20.819002 -59.778439 6.457909
v -20.226147 -59.464413 5.459489
v -18.503428 -59.759087 4.136621
v -17.690561 -59.144512 3.155469
v -16.051115 -58.983807 2.149737
v -16.816975 -57.924366 2.133914
v -16.212154 -57.057121 1.616488
v -16.036240 -55.552410 1.297004
v -15.974219 -57.779659 27.889475
v -15.803140 -56.290649 28.381229
v -15.563599 -54.742870 28.660818
v -15.040517 -53.346867 28.964325
v -15.303248 -52.316189 29.002794
v -15.567126 -59.607304 27.424994
v -13.696851 -52.369938 29.451960
v -12.345149 -50.700336 29.895741
v -13.988832 -55.729549 0.671558
v -11.845322 -54.382000 0.187904
v -10.823951 -52.841877 0.018511
v -11.482089 -51.952759 0.051984
v -9.932274 -51.206299 -0.045783
v -7.863631 -50.598969 -0.088741
v -5.635365 -50.158512 -0.108955
v -3.774948 -49.560192 -0.132343
v -4.261403 -48.476276 -0.124572
v -3.154850 -47.304123 -0.103075
v -3.337004 -45.831944 -0.088454
v -1.682374 -44.685455 -0.061898
v -1.228970 -42.267700 -0.000308
v -1.488091 -41.094067 0.041032
v 0.234187 -39.933880 0.068705
v 0.693078 -37.643234 0.170828
v 0.411789 -36.490498 0.209142
v -10.028495 -50.388378 30.332804
v -9.936696 -48.313103 30.141577
v -11.031169 -47.232903 29.937086
v -10.076489 -46.863239 30.060217
v -8.627969 -46.939800 30.484188
v -8.408934 -45.550613 30.525309
v -6.800786 -45.638393 30.905659
v -6.128435 -43.593658 30.804968
v -6.889679 -42.521511 30.436377
v -7.511801 -42.301891 30.263771
v -7.072105 -41.170998 30.312323
v -7.517186 -40.024830 30.273129
v -6.188385 -39.391945 30.362810
v -6.915185 -38.339283 30.157232
v -6.514199 -37.169685 30.008272
v -5.155133 -35.882694 29.885193
v -5.325887 -34.870716 29.674103
v -4.359800 -33.921684 29.754786
v -3.942210 -31.666361 29.568161
v -3.167366 -29.733839 29.483517
v -2.246496 -28.260796 29.467960
v -2.145805 -27.136175 29.252293
v -2.776985 -25.979807 28.838573
v -3.584226 -25.700926 28.524584
v -3.167774 -24.553314 28.465681
v -1.289185 -23.773277 28.809668
v -1.488277 -22.481571 28.426325
v -0.564914 -21.256069 28.380531
v -1.699087 -21.010147 28.075994
v -0.966872 -19.626720 28.157967
v -0.709687 -17.532228 28.087252
v -1.749737 -18.199825 27.884232
v -1.650851 -16.694368 27.622629
v -1.182080 -15.222440 27.389269
v -2.469547 -14.934226 26.902664
v -2.423502 -13.382033 26.673954
v -3.649871 -11.371367 26.246300
v -4.988370 -11.631603 25.994499
v -5.980862 -11.826335 25.833313
v -5.737912 -10.234842 25.839567
v -7.522740 -9.889800 25.381001
v -8.344454 -10.091405 24.810680
v -8.739702 -8.650766 24.550226
v -10.033964 -8.729270 23.739447
v -10.960406 -8.634694 22.958656
v -12.002129 -8.322865 22.019123
v 2.066536 -35.335701 0.267108
v 2.338196 -33.034424 0.332047
v 1.869658 -31.870934 0.362471
v 3.334785 -30.725191 0.454126
v 3.443462 -28.743574 0.571428
v 3.397160 -26.784948 0.605572
v 2.452338 -25.666973 0.577832
v 3.365849 -24.517923 0.652524
v 2.615395 -22.445278 0.630970
v 2.248366 -20.414421 0.574972
v 1.040560 -19.730145 0.471682
v 0.356357 -17.440809 0.351061
v -0.280710 -15.504086 0.212017
v -1.022967 -14.119509 0.142371
v -1.953185 -13.139372 0.135544
v -2.910742 -11.619276 0.117301
v -4.042992 -10.235135 0.146361
v -5.235442 -9.407575 0.192334
v -4.416090 -7.313456 0.022426
v -5.775065 -5.944754 0.108414
v -6.669856 -3.655652 0.132131
v -8.727148 -3.770503 0.428151
v -9.814235 -4.214257 0.689215
v -11.526679 -3.918195 1.180971
v -13.117067 -3.756653 2.085769
v -13.873308 -4.270807 2.616180
v -14.807551 -3.995683 3.653621
v -15.575077 -3.991234 5.015100
v -16.089771 -4.185338 6.735432
v -16.086323 -4.047456 8.808415
v -15.845480 -4.226829 10.776215
v -15.571990 -4.000791 12.741008
v -15.612197 -4.100286 14.410745
v -16.530928 -3.718803 15.446286
v -16.411882 -3.847535 16.096319
v -15.780591 -3.773453 16.943424
v -15.037593 -3.830568 18.125175
v -14.193387 -4.061927 19.274958
v -13.211643 -4.490397 20.589121
v -12.973076 -5.822966 20.880224
v -11.955467 -5.622394 21.951302
v -11.821339 -7.373886 22.261419
v -20.121025 -61.572186 22.583124
v -21.035091 -61.191219 21.657978
v -18.826651 -61.765968 24.058880
v -18.085518 -61.303722 24.963898
v -17.188404 -60.853943 25.792051
v -15.242580 -61.328529 26.823475
v -20.173243 -62.373779 20.532129
v -21.153921 -62.046803 19.306534
v -20.317459 -62.586742 17.370426
v -21.827032 -61.248318 17.006433
v -19.764284 -63.086475 14.647888
v -20.010460 -62.766556 12.810358
v -20.315279 -62.290333 10.698097
v -20.004292 -62.191029 8.720162
v -20.810699 -61.175629 8.351630
v -20.086842 -61.470833 7.569505
v -19.300690 -61.263298 6.227062
v -18.361950 -60.939072 4.926610
v -17.057501 -61.380379 4.107922
v -16.242929 -60.746380 3.112004
v -14.485741 -60.667873 2.024871
v -14.412125 -59.433056 1.579050
v -14.325606 -58.222748 1.222834
v -15.436678 -57.881283 1.476485
v -14.624304 -57.130733 1.034644
v -14.669796 -58.952618 28.118086
v -15.128858 -58.016148 28.175013
v -14.568417 -57.109547 28.622541
v -14.267344 -55.176506 29.031733
v -13.972657 -53.780643 29.263166
v -14.293203 -61.028934 27.563841
v -13.348424 -60.608627 28.254520
v -12.593523 -53.799656 29.685211
v -12.352023 -52.287457 29.852051
v -10.884662 -52.439041 30.216986
v -12.693162 -57.155918 0.530109
v -10.700270 -55.986675 0.136659
v -9.550248 -54.579208 0.017964
v -9.456366 -53.416317 -0.018546
v -9.427047 -52.414181 -0.046242
v -7.688095 -52.345303 -0.089201
v -5.311141 -51.968487 -0.115466
v -2.710436 -51.348946 -0.150633
v -1.804377 -49.655602 -0.138674
v -2.427763 -48.574287 -0.110270
v -0.849388 -47.303368 -0.122593
v -1.347885 -46.005981 -0.090780
v 0.392542 -44.708626 -0.078207
v 0.792181 -42.274021 -0.026367
v 0.515244 -41.088902 0.028353
v 2.236267 -39.931709 0.070128
v 2.669291 -37.633904 0.171735
v 2.381929 -36.496021 0.215393
v -9.373805 -52.115189 30.487383
v -8.569229 -51.285271 30.847206
v -9.058353 -50.385513 30.686035
v -7.993219 -49.258060 30.868971
v -7.297597 -47.361172 30.896051
v -5.811461 -47.536720 31.354082
v -5.461885 -45.872307 31.283459
v -4.659115 -44.255657 31.275625
v -5.207537 -42.680855 30.847969
v -5.904539 -41.612118 30.435623
v -4.295562 -41.268951 30.954195
v -4.225824 -38.873848 30.686047
v -5.232104 -37.645435 30.310791
v -4.145936 -36.698059 30.362438
v -4.081109 -35.333008 30.018600
v -2.692674 -35.013607 30.309444
v -2.872115 -32.955742 29.847397
v -3.425047 -32.306400 29.753101
v -2.394577 -30.808174 29.882744
v -1.696096 -29.013250 29.836098
v -0.505774 -27.286785 29.758242
v -1.388018 -25.900217 29.240244
v -0.282747 -25.281242 29.510643
v 0.750101 -23.549335 29.421837
v -0.093844 -22.426428 28.887409
v 0.845085 -21.196924 29.008591
v 1.029456 -19.439030 28.598709
v 0.137095 -19.559904 28.339973
v 0.808973 -17.991484 28.303055
v 1.112506 -15.925279 27.977566
v 0.032740 -15.869143 27.876005
v 0.595693 -14.161818 27.535414
v -0.507042 -12.750812 27.054550
v -1.662796 -11.182617 26.626226
v -2.687923 -9.771591 26.372515
v -4.052465 -10.043755 26.138107
v -4.481086 -8.580061 26.081097
v -6.225286 -8.416320 25.805767
v -7.146004 -8.865602 25.417322
v -7.356672 -7.087043 25.151423
v -9.194690 -6.845516 24.272720
v -10.547784 -7.297923 23.318869
v 4.034537 -35.346695 0.289210
v 4.308562 -33.033020 0.385155
v 3.821937 -31.850695 0.410449
v 5.308658 -30.719051 0.557595
v 5.418063 -28.760332 0.702566
v 5.363528 -26.804682 0.769783
v 4.399882 -25.658949 0.713211
v 5.345846 -24.509853 0.851939
v 4.578621 -22.451927 0.795676
v 3.977198 -20.410652 0.731258
v 3.244195 -19.298431 0.632296
v 2.423807 -18.103579 0.513964
v 2.006189 -15.646092 0.343902
v 0.779840 -14.503405 0.199297
v -0.097123 -13.140148 0.082196
v -0.944076 -11.850452 0.004231
v -1.856170 -10.750435 -0.010431
v -2.412925 -8.448070 -0.040463
v -2.904369 -6.390094 -0.088383
v -3.474189 -5.676313 -0.073377
v -4.111394 -4.544223 -0.047520
v -4.756070 -2.081060 -0.053589
v -6.896073 -2.091621 0.109233
v -8.604908 -2.130878 0.347292
v -9.414533 -2.610349 0.524097
v -11.539131 -2.477029 1.132168
v -13.031901 -2.611263 1.912290
v -14.550955 -1.981904 2.902770
v -14.934087 -2.814736 3.436759
v -15.983964 -2.289175 5.169654
v -16.271280 -2.471824 6.760475
v -16.347059 -2.161697 8.791607
v -16.035433 -2.327935 10.808366
v -15.665775 -2.420712 12.706317
v -15.441260 -2.422130 14.387480
v -15.932910 -2.407226 15.728638
v -15.779869 -2.487032 16.929850
v -14.703030 -2.101139 18.538504
v -13.908993 -2.369847 19.598024
v -13.035105 -2.576062 20.632633
v -12.118574 -2.935980 21.578384
v -12.159795 -4.090703 21.648512
v -11.132379 -3.411811 22.535067
v -10.390404 -5.296718 23.367786
v -18.458164 -63.087917 22.843382
v -19.342941 -62.760708 21.870438
v -17.144466 -63.352951 24.063372
v -16.900974 -62.624119 24.893045
v -15.584602 -62.612789 25.867001
v -13.764506 -63.050945 26.921282
v -13.026011 -62.351303 27.796364
v -18.393513 -63.877174 20.740940
v -18.940819 -63.365299 18.908989
v -18.408337 -64.399223 16.960787
v -18.408731 -64.365944 15.005469
v -18.347975 -64.302025 12.918915
v -18.456474 -64.074051 10.841305
v -18.513103 -63.686340 8.699404
v -19.030638 -62.454830 7.314513
v -17.762808 -63.083088 6.176082
v -16.722797 -62.805161 4.884840
v -15.354882 -62.547771 3.587877
v -14.440841 -62.203960 2.644191
v -12.947048 -62.133919 1.761993
v -13.287686 -60.610741 1.412371
v -13.684535 -59.901119 1.413636
v -12.411324 -58.852341 0.701812
v -13.377251 -59.042381 28.707876
v -13.950073 -58.122971 28.637300
v -12.917553 -57.128002 29.246344
v -13.095827 -55.531528 29.426136
v -11.688291 -62.085129 28.694777
v -11.704249 -60.543167 29.105507
v -12.302943 -59.464581 29.071377
v -11.535559 -55.300488 29.899956
v -11.229993 -53.793472 30.052591
v -10.095429 -54.003067 30.308605
v -9.305878 -53.360027 30.653486
v -9.660596 -57.835651 0.200840
v -8.435591 -56.335941 -0.008985
v -8.038190 -55.032146 -0.047546
v -7.773561 -53.793907 -0.057947
v -5.435674 -54.031387 -0.117496
v -2.682981 -53.294384 -0.172816
v -0.769942 -52.647560 -0.196395
v -1.207901 -51.568630 -0.171106
v -0.046847 -50.314098 -0.169796
v -0.371142 -48.703602 -0.135394
v 1.310713 -47.277412 -0.138753
v 0.803499 -45.990234 -0.104021
v 2.468476 -44.669155 -0.093309
v 2.835866 -42.226978 -0.019736
v 2.518850 -41.062504 0.020168
v 4.262819 -39.829472 0.066793
v 4.616208 -37.622196 0.180799
v 4.358200 -36.495968 0.243413
v -7.728877 -53.035423 31.195736
v -7.309836 -51.450794 31.274303
v -7.588299 -50.637592 31.114054
v -6.434678 -50.349483 31.484646
v -6.400156 -49.070366 31.364895
v -5.425366 -49.151134 31.687992
v -3.909359 -48.358284 31.837526
v -4.390731 -46.972759 31.687368
v -4.665477 -46.063377 31.528368
v -3.128736 -45.683552 31.786072
v -3.576429 -44.326393 31.575624
v -2.973596 -43.066631 31.553064
v -2.578021 -41.013599 31.416348
v -2.644630 -39.201847 31.110334
v -3.328247 -37.699310 30.669546
v -3.219764 -36.561916 30.416010
v -2.369867 -37.036812 30.772076
v -1.011680 -35.872784 30.918293
v -1.578465 -34.838074 30.577518
v -1.029782 -33.609016 30.504347
v -2.069339 -33.378124 30.161467
v -1.646652 -31.979513 30.108719
v -1.340002 -30.557476 30.052664
v -0.559198 -29.345856 30.212408
v 1.094404 -28.525425 30.350973
v 1.305262 -26.829432 30.047783
v 1.070053 -25.298164 29.797186
v 1.419493 -24.278748 29.774281
v 2.532917 -23.925793 29.887358
v 2.059615 -22.174732 29.548307
v 2.561984 -20.651478 29.329269
v 2.539169 -19.282257 28.986773
v 2.515419 -17.455124 28.581827
v 2.127493 -16.255487 28.246775
v 2.686041 -14.406010 27.914536
v 1.625917 -14.420995 27.739714
v 1.922988 -12.709351 27.456245
v 0.673987 -11.465777 27.031410
v -0.490008 -10.119270 26.625490
v -1.740073 -8.811471 26.330620
v -2.648762 -8.578523 26.229660
v -3.200666 -8.525346 26.185921
v -3.203707 -7.089303 25.921291
v -4.767865 -7.102908 25.849422
v -5.794431 -7.289783 25.808115
v -5.556461 -5.478519 25.364149
v -7.436113 -5.346757 25.052973
v -8.679490 -5.758454 24.467751
v 6.026157 -35.355511 0.362465
v 6.308061 -33.034683 0.496185
v 5.817354 -31.867535 0.533225
v 7.322200 -30.711168 0.733978
v 7.429363 -28.749556 0.886962
v 7.377514 -26.804832 1.000187
v 6.397484 -25.651884 0.936501
v 7.351351 -24.477730 1.092157
v 6.528852 -22.427382 1.023343
v 5.862303 -20.426083 0.936320
v 5.126818 -19.334776 0.837311
v 4.365362 -18.157761 0.723691
v 3.736801 -15.719264 0.538645
v 2.848084 -14.050706 0.324300
v 1.830277 -13.048588 0.168616
v 0.825948 -11.846103 0.040863
v -0.025913 -10.863063 -0.062875
v -0.601472 -9.193996 -0.100494
v -0.438843 -6.734407 -0.124034
v -1.601721 -5.535096 -0.124168
v -2.556839 -4.683677 -0.111747
v -1.919606 -2.973516 -0.144647
v -2.882188 -0.574970 -0.155259
v -4.875292 -0.478725 -0.079299
v -6.602017 -0.461768 0.066981
v -7.824791 -0.742619 0.242275
v -9.618956 -0.812176 0.548024
v -11.436670 -1.070779 0.954437
v -12.915477 -0.983296 1.562579
v -14.184083 -0.839800 2.445490
v -15.504205 -0.553950 3.668031
v -16.091553 -0.993541 4.611278
v -16.736704 -0.691633 6.164150
v -16.642311 -1.208878 6.856323
v -16.666273 -1.145169 8.004050
v -16.679924 -0.473889 9.367085
v -16.381229 -0.445352 11.047592
v -15.945121 -0.746822 12.769335
v -15.438745 -0.804368 14.583900
v -15.184784 -0.809100 16.079565
v -15.592078 -0.837310 17.270260
v -14.667620 -0.609672 18.690598
v -14.023557 -0.732760 19.418428
v -13.415093 -0.796760 20.039724
v -12.421933 -0.872447 20.955292
v -11.310329 -1.202658 21.913179
v -11.272612 -2.225419 22.229353
v -9.943560 -3.457359 23.432301
v -9.783212 -1.922009 23.204346
v -10.452171 -1.466521 22.764835
v -8.805250 -4.105514 24.236757
v -16.882977 -64.598694 22.840757
v -17.761072 -64.248566 22.005104
v -15.864899 -64.668228 23.966320
v -15.148737 -64.202744 25.004517
v -12.891343 -64.795059 26.484924
v -12.117855 -64.054482 27.623114
v -10.662561 -63.745426 28.832380
v -16.975027 -65.249878 21.233248
v -16.959063 -65.028122 19.378763
v -17.878975 -64.442200 18.375971
v -16.445261 -65.938469 17.266174
v -16.630726 -65.937340 15.087897
v -16.687920 -65.852104 13.089899
v -16.708426 -65.651344 11.012744
v -16.816324 -65.249443 8.774003
v -17.467342 -64.280472 7.586017
v -16.018831 -64.752403 6.147871
v -15.298195 -64.319412 4.910863
v -14.494529 -64.148659 4.058749
v -13.197241 -63.768551 2.845298
v -11.669006 -63.721111 1.929841
v -11.422879 -62.305744 1.264940
v -11.740394 -61.274212 1.071202
v -12.146247 -60.407475 0.929606
v -10.314886 -60.217915 0.483998
v -12.010743 -57.947842 29.484648
v -11.796388 -56.705780 29.776598
v -10.334063 -62.128456 29.498190
v -10.537109 -60.619926 29.720469
v -10.860218 -59.691479 29.755758
v -10.951058 -58.635197 29.875515
v -10.576037 -56.609718 30.263569
v -10.137174 -55.239803 30.394049
v -8.547595 -55.237106 31.144142
v -7.658841 -59.157913 0.076756
v -8.110907 -58.070969 0.053883
v -6.959289 -57.232147 -0.032052
v -6.496083 -55.526516 -0.101074
v -4.114345 -55.827423 -0.138890
v -1.959372 -55.002045 -0.168786
v 0.206379 -54.250813 -0.223372
v 1.169913 -52.727688 -0.231804
v 0.603685 -51.725464 -0.206408
v 2.194680 -50.725788 -0.202254
v 2.615595 -48.484100 -0.180466
v 3.279084 -46.646061 -0.149491
v 2.830686 -45.822117 -0.125712
v 4.451842 -44.517464 -0.086452
v 4.896006 -42.108360 -0.021131
v 4.614351 -40.905289 0.017042
v 6.557749 -39.415432 0.101867
v 6.383813 -37.622646 0.197483
v 6.294316 -36.500568 0.285136
v -6.769683 -54.498894 31.913361
v -6.346166 -53.116634 31.866251
v -6.217006 -51.686718 31.689947
v -5.797793 -50.835583 31.794735
v -4.715172 -50.735386 31.968475
v -2.724444 -50.127571 32.502380
v -2.423016 -48.482906 32.336998
v -2.670063 -47.427803 32.079918
v -1.151685 -47.020466 32.574413
v -1.454171 -45.251961 32.160313
v -1.801541 -43.928528 31.845402
v -1.710142 -42.559982 31.786287
v -1.907620 -41.585426 31.705408
v -0.972969 -39.973366 31.690781
v -1.326610 -37.994972 31.243534
v 0.290676 -37.813431 31.651579
v 0.583111 -35.660152 31.328033
v -0.130930 -34.557968 30.935011
v 0.912439 -32.858013 30.960188
v -0.269564 -31.951626 30.496370
v -0.908180 -32.027767 30.300079
v -0.729124 -30.868425 30.284409
v 0.406489 -30.567343 30.504086
v 1.950996 -30.215965 30.810989
v 2.526441 -28.438030 30.639690
v 2.470860 -27.115284 30.358833
v 2.277099 -25.762199 30.097034
v 3.983436 -25.637112 30.370651
v 4.369749 -23.779776 30.113045
v 4.111769 -22.209204 29.832619
v 2.868598 -22.426575 29.807570
v 3.245658 -21.256027 29.670454
v 4.425240 -19.370710 29.310669
v 3.944138 -17.451469 28.873671
v 3.714794 -16.410034 28.631790
v 3.397182 -15.483301 28.400616
v 4.645154 -14.048697 27.989981
v 3.611356 -12.915459 27.702759
v 2.827785 -12.951724 27.677532
v 3.128253 -11.275156 27.309933
v 1.817256 -10.062499 26.896650
v 0.560311 -8.809907 26.515339
v -0.610603 -7.671842 26.196665
v -1.626606 -7.271150 26.081247
v -1.405993 -5.873908 25.748709
v -2.890199 -5.275491 25.560801
v -3.881103 -5.418225 25.528942
v -3.958390 -3.820426 25.093811
v -5.865521 -3.461199 24.796019
v -6.549680 -3.918042 24.557707
v -7.251702 -4.217343 24.780659
v 8.025389 -35.405029 0.445971
v 8.333540 -33.031010 0.649936
v 7.845094 -31.855860 0.706294
v 9.385294 -30.650154 0.929109
v 9.481934 -28.665953 1.071938
v 9.407353 -26.802382 1.208508
v 8.425010 -25.653242 1.171349
v 9.378904 -24.454102 1.300254
v 8.521987 -22.116673 1.246481
v 7.553164 -20.535204 1.138402
v 6.997514 -19.394020 1.039662
v 6.285495 -18.216608 0.934710
v 5.689242 -15.750201 0.790371
v 4.781219 -14.056736 0.573833
v 3.748242 -12.960267 0.353964
v 2.736178 -11.668720 0.173649
v 1.685207 -10.391402 0.009141
v 0.722276 -9.473900 -0.103917
v 1.409535 -7.486777 -0.107236
v 0.793549 -5.730727 -0.132817
v 0.183573 -4.235553 -0.160129
v 0.282298 -1.833420 -0.187950
v -0.803159 -0.847188 -0.205822
v -1.533655 0.934846 -0.184586
v -3.617083 1.150173 -0.143843
v -5.645604 1.100934 -0.050813
v -7.547937 0.879970 0.159018
v -9.269445 0.727218 0.394340
v -10.473832 0.439667 0.604272
v -12.638075 0.840354 1.332277
v -13.970337 0.318970 1.940270
v -15.438167 1.068887 3.192979
v -15.791158 0.474129 3.745077
v -16.391855 0.612377 5.023480
v -16.889021 0.605218 6.568050
v -17.065952 0.361472 8.325708
v -16.884706 0.946455 10.618912
v -16.541431 0.769042 11.845913
v -16.315063 0.713488 12.980375
v -16.235313 0.840084 14.312554
v -15.992091 0.918798 16.308701
v -15.172293 0.943854 17.856113
v -14.701736 0.496009 18.585909
v -13.844610 0.951987 19.565077
v -13.219033 0.558300 20.275705
v -12.038592 0.662383 21.251659
v -10.691399 0.975783 22.069313
v -9.041009 0.310660 22.951599
v -8.912530 -2.362778 23.741119
v -9.022128 -1.237961 23.452950
v -7.335692 -2.444028 24.263651
v -15.201853 -65.815224 23.069466
v -16.214382 -65.712784 22.134075
v -14.552482 -65.520790 24.353008
v -13.052904 -65.907486 25.091957
v -11.912847 -66.243530 26.104614
v -11.027219 -66.372627 26.881639
v -10.359256 -65.978966 27.956881
v -8.977712 -65.542320 29.493587
v -9.187256 -63.921268 29.942505
v -9.326491 -62.393105 30.125763
v -15.365459 -66.727394 21.321138
v -16.048937 -65.361008 20.253666
v -15.552729 -66.440407 18.993109
v -14.703803 -67.825150 17.316078
v -14.631595 -67.700676 15.041343
v -14.886192 -67.441391 13.177086
v -14.963276 -67.310921 11.343709
v -14.834756 -66.921059 9.114769
v -15.658217 -65.821938 7.743011
v -14.784616 -66.376839 7.109374
v -14.059294 -66.314796 5.860972
v -13.826245 -65.642410 4.798445
v -12.489848 -65.570435 3.647239
v -10.738121 -65.235466 2.340318
v -10.855978 -64.144569 1.839737
v -10.029962 -63.255306 1.248478
v -10.029072 -61.806496 0.789616
v -8.292245 -61.601315 0.466611
v -9.292520 -60.666439 30.486389
v -9.523500 -59.229729 30.571648
v -10.167610 -58.875778 30.302441
v -9.036717 -57.474190 31.052441
v -7.089445 -57.085094 32.094753
v -6.151114 -56.027740 32.472599
v -5.532390 -60.703644 0.009489
v -5.792696 -59.011887 -0.087690
v -6.312739 -58.183445 -0.051708
v -4.728134 -57.438416 -0.141846
v -2.527424 -57.111130 -0.175625
v -0.917340 -56.537727 -0.199969
v 1.263466 -55.841713 -0.222998
v 2.498743 -54.405022 -0.242287
v 2.750819 -52.866089 -0.243759
v 2.544573 -51.862778 -0.234053
v 4.116812 -50.828228 -0.215253
v 4.469158 -48.702171 -0.183131
v 4.891863 -46.688419 -0.140244
v 4.699595 -45.626732 -0.115375
v 6.354333 -44.421799 -0.045584
v 6.851353 -42.084038 0.010553
v 6.702242 -40.777260 0.049004
v 8.613935 -39.385288 0.195741
v 8.807057 -37.598228 0.329097
v 8.216114 -36.943821 0.293950
v -5.605387 -54.760075 32.462917
v -5.476928 -53.505161 32.111694
v -5.314716 -52.231686 32.082050
v -4.293860 -52.476856 32.260227
v -3.144734 -51.972225 32.766376
v -1.437042 -51.453629 33.262814
v -1.918711 -50.336182 32.859421
v -1.565140 -49.412247 32.876629
v -0.077489 -48.766594 33.329708
v 1.231413 -46.938496 33.327557
v 0.379202 -45.695904 32.852882
v -0.503304 -45.353218 32.488022
v -0.614044 -44.100216 32.207676
v -0.640843 -42.717274 32.002781
v -0.881622 -41.594025 31.881569
v 0.924557 -41.187340 32.223934
v 0.423177 -39.528282 31.913948
v 1.465229 -39.083008 32.057487
v 1.753524 -37.430862 32.147041
v 1.341723 -36.278378 31.772282
v 1.850547 -34.541828 31.612833
v 2.687697 -32.710045 31.399405
v 2.232410 -31.616999 31.064373
v 3.541509 -30.574461 31.176266
v 3.761602 -28.795313 30.886621
v 3.656095 -27.444391 30.629135
v 5.600554 -27.188219 30.866877
v 5.683971 -25.452845 30.634632
v 5.352867 -24.379616 30.344051
v 5.946168 -22.735760 30.070671
v 5.666244 -20.468449 29.618927
v 4.357022 -20.835011 29.629221
v 5.519267 -19.362385 29.430017
v 6.460519 -18.157265 29.225651
v 5.457980 -16.941841 28.968107
v 4.970965 -15.506233 28.576422
v 6.691649 -14.149745 28.128935
v 5.844786 -12.592250 27.739914
v 4.671364 -11.588023 27.518599
v 4.025508 -10.113009 27.120443
v 3.087193 -8.485852 26.640757
v 1.446250 -7.715175 26.380615
v 0.510171 -6.167018 25.911880
v -0.249475 -3.895030 25.159618
v -2.099499 -4.230330 25.258150
v -2.076542 -2.313729 24.611012
v -3.894806 -2.047742 24.564041
v -5.321431 -2.306506 24.726730
v -6.202126 -2.333904 24.370916
v 10.120448 -35.455631 0.594358
v 10.403801 -33.016243 0.828482
v 9.917884 -31.811491 0.884419
v 11.470600 -30.559614 1.090931
v 11.663388 -28.236092 1.239363
v 11.239197 -26.737801 1.324449
v 10.412164 -25.651560 1.331118
v 11.304816 -24.436766 1.405967
v 10.571795 -22.249739 1.401898
v 9.840107 -20.487160 1.346388
v 8.890153 -19.922941 1.242455
v 8.195395 -18.307543 1.128659
v 7.657268 -15.774112 0.991600
v 6.771963 -14.060826 0.816128
v 5.716645 -12.964686 0.592438
v 4.693245 -11.637699 0.379740
v 3.641139 -10.301468 0.150683
v 2.612293 -9.249607 0.001002
v 3.514352 -7.311887 -0.036995
v 2.747059 -5.921248 -0.104730
v 2.129766 -4.594241 -0.138387
v 1.949258 -2.343018 -0.152671
v 1.607851 -0.370077 -0.191323
v 0.342665 0.130789 -0.226586
v 0.441714 1.910982 -0.170526
v -1.739666 2.437922 -0.169306
v -3.613980 2.407128 -0.114854
v -5.657762 2.489561 -0.053041
v -7.602351 2.687651 0.060442
v -8.824415 2.369827 0.249071
v -10.538033 2.230731 0.534654
v -12.475885 2.100602 1.011787
v -14.246517 2.585217 2.091305
v -15.069782 2.156727 2.900187
v -16.232868 2.466348 4.045916
v -16.525103 1.967757 4.958735
v -17.044487 2.086929 6.784649
v -17.370251 2.075629 8.512656
v -17.559643 2.007505 9.818940
v -17.203754 2.445583 11.336874
v -16.747713 1.825338 12.692024
v -17.071520 1.123672 13.993417
v -16.381142 1.702727 13.741471
v -16.462248 1.991163 14.400136
v -16.929607 2.124122 15.467965
v -16.172329 2.289107 16.868893
v -15.351395 2.581301 18.036366
v -14.463107 2.565242 19.003698
v -13.779590 2.098186 19.498772
v -12.648117 2.222121 20.564869
v -11.624313 2.057196 21.283646
v -11.038578 1.835943 21.841862
v -9.157267 2.577534 22.488817
v -10.064756 3.217391 21.961918
v -8.286151 -1.057222 23.681684
v -6.970445 0.216732 23.494164
v -7.078189 2.287776 22.745028
v -7.849907 3.210060 22.432508
v -5.888218 -0.944391 24.086678
v -13.491701 -66.728539 24.067537
v -14.361999 -66.729141 22.727762
v -14.652910 -65.547531 22.449596
v -11.254103 -67.277176 24.966406
v -12.179238 -66.697380 23.699968
v -10.479089 -67.376297 26.259893
v -9.228527 -67.646027 27.203077
v -8.685742 -67.053375 28.800747
v -9.061770 -67.932983 28.135454
v -8.110969 -64.493195 30.772461
v -7.912975 -66.127815 30.472610
v -7.625025 -67.278740 29.739750
v -8.240742 -62.710136 30.937132
v -8.149887 -60.876228 31.259640
v -15.152084 -66.331001 20.187262
v -14.284425 -67.642410 19.864195
v -15.074253 -67.573189 18.735479
v -14.339994 -68.605324 18.604158
v -14.170708 -68.617386 17.693874
v -12.841552 -69.199402 17.076578
v -12.978605 -69.032227 15.354470
v -13.027134 -68.963753 14.227021
v -13.049179 -68.898590 13.121646
v -12.977339 -68.834450 11.463428
v -13.096193 -68.612396 10.250336
v -12.693188 -68.525032 8.670784
v -13.870633 -67.400856 7.898420
v -12.979407 -67.711670 6.877153
v -11.970334 -67.500351 5.256370
v -12.186006 -66.774399 4.208192
v -10.305750 -67.482033 3.773330
v -8.747688 -67.022636 2.403022
v -9.292190 -65.672859 1.768257
v -8.674601 -64.233055 1.214037
v -8.288860 -63.025402 0.751564
v -6.195320 -63.176014 0.434254
v -8.357095 -59.777336 31.240814
v -8.643126 -58.897476 31.159422
v -7.329661 -58.924576 32.031609
v -6.005882 -58.313633 32.796539
v -4.744216 -57.575054 33.410542
v -5.135190 -56.429432 33.031208
v -4.479970 -55.559574 33.139317
v -3.735917 -62.156925 -0.020257
v -3.454057 -60.678040 -0.125408
v -3.901247 -59.762249 -0.109525
v -4.334485 -58.865498 -0.126082
v -2.200390 -58.880466 -0.166855
v -0.341213 -57.856724 -0.186426
v 2.366687 -57.524345 -0.214104
v 3.589353 -56.076931 -0.215700
v 4.352394 -54.399422 -0.212477
v 4.427462 -52.957718 -0.238011
v 4.350136 -51.927433 -0.232785
v 6.038214 -50.896782 -0.182705
v 6.588022 -48.466831 -0.156263
v 6.557292 -46.720882 -0.113135
v 6.574476 -45.523129 -0.066921
v 8.532151 -44.102398 0.064683
v 8.561292 -42.134735 0.094620
v 8.648384 -40.798756 0.148412
v 10.640596 -39.482166 0.377731
v 10.868992 -37.605076 0.515430
v 10.306949 -36.936150 0.487301
v -4.684333 -53.931541 32.624069
v -3.391942 -53.856094 33.085693
v -2.362180 -53.170628 33.487286
v -0.911709 -53.022823 33.751041
v -0.595631 -52.138309 33.687363
v 0.408141 -51.740585 33.963509
v -0.434354 -50.302444 33.470211
v 0.578687 -50.022568 33.910213
v 1.075952 -48.738594 33.781693
v 2.107952 -48.283524 33.855045
v 3.036527 -46.946033 33.830933
v 2.915975 -45.164795 33.396305
v 1.577702 -44.625141 32.968842
v 0.435396 -44.325359 32.546772
v 0.332874 -43.017475 32.233051
v 1.278737 -43.112141 32.589561
v 3.083199 -42.425621 32.992519
v 2.738946 -40.623241 32.623482
v 2.292680 -39.714844 32.342308
v 3.117946 -38.103390 32.377625
v 3.145627 -36.078796 32.267441
v 2.275763 -35.573406 32.069839
v 3.319491 -34.037659 32.020321
v 4.557267 -31.880625 31.646280
v 5.474980 -30.078865 31.370708
v 5.337477 -28.975857 31.142900
v 7.426440 -28.597298 31.284140
v 7.705530 -26.872753 31.015324
v 7.198286 -25.720531 30.773243
v 6.759746 -24.286800 30.464054
v 7.600193 -22.948946 30.245975
v 7.739903 -21.028580 29.873041
v 6.774324 -19.661465 29.634220
v 7.817578 -18.997730 29.477121
v 8.342208 -17.148899 29.103083
v 7.650773 -15.810230 28.673058
v 6.489966 -15.646519 28.677950
v 8.389440 -14.009552 28.113590
v 7.825084 -12.599769 27.827684
v 6.919641 -11.687219 27.648617
v 5.963891 -10.751753 27.386370
v 5.129287 -9.136081 26.930990
v 4.623569 -7.234074 26.365902
v 3.195195 -6.364159 26.176657
v 1.719485 -6.195900 25.922012
v 2.221072 -4.497319 25.425516
v 1.396240 -2.128862 24.549082
v -0.326388 -2.276584 24.576860
v -0.499599 -0.753321 24.005770
v -2.206539 -0.673313 24.000450
v -3.351423 -0.871533 24.101271
v -4.635352 -0.904892 24.161337
v 12.186416 -35.435398 0.790563
v 12.503784 -32.990681 1.022727
v 12.019282 -31.699097 1.074666
v 13.696682 -30.189388 1.240483
v 13.400617 -28.281914 1.310358
v 13.240087 -27.056330 1.370082
v 12.961063 -25.488029 1.426638
v 12.540443 -23.553658 1.501963
v 11.710529 -22.902668 1.463116
v 12.319983 -21.303099 1.479333
v 10.968905 -20.066975 1.441458
v 10.337162 -18.069735 1.270605
v 9.478073 -15.867065 1.122233
v 8.762504 -14.084163 0.975987
v 7.722458 -12.975216 0.811778
v 6.671797 -11.626206 0.610208
v 5.611020 -10.283704 0.364899
v 4.583017 -9.216032 0.160185
v 5.490402 -7.285822 0.126244
v 4.747593 -5.876374 0.004928
v 4.097114 -4.613664 -0.072334
v 3.847293 -2.485091 -0.096111
v 3.434099 -0.440033 -0.140433
v 2.242195 0.712115 -0.161395
v 3.149989 1.857412 -0.072822
v 1.454108 4.151785 -0.063546
v -0.774584 3.949812 -0.146644
v -1.847531 3.442453 -0.126368
v -3.727046 3.712774 -0.077748
v -5.832972 3.846121 0.025076
v -8.406737 4.203599 0.212838
v -10.236573 3.916563 0.464303
v -11.429677 3.551491 0.625256
v -13.173776 3.745760 1.238729
v -14.544685 3.815797 2.202434
v -15.854190 4.033790 3.503089
v -16.558565 3.723075 4.576732
v -17.024467 3.436889 5.336068
v -17.311827 3.574552 6.911035
v -17.555309 3.633271 8.785628
v -17.650999 3.545892 10.722608
v -17.367006 3.799469 13.047039
v -17.234089 2.543704 13.927339
v -17.414627 3.997684 15.170522
v -16.784126 4.092980 16.783394
v -15.948879 3.674898 17.669077
v -14.871593 4.047728 18.896631
v -14.057150 3.805623 19.434172
v -13.368406 3.519301 19.944000
v -11.921955 3.957682 20.736099
v -11.013996 3.447576 21.245789
v -8.546589 4.989753 21.727468
v -10.194124 4.621610 21.429560
v -5.490039 0.795274 23.598692
v -5.503404 2.469663 22.822617
v -6.294816 3.648078 22.309690
v -6.926479 3.580648 22.335724
v -6.600543 4.882596 21.805136
v -4.824483 0.299427 23.739784
v -13.208382 -66.954773 22.794258
v -13.547327 -67.019699 21.837507
v -9.889870 -67.989761 25.379919
v -9.900930 -69.211349 24.666088
v -11.511798 -68.093681 23.311029
v -12.689521 -67.917046 21.447832
v -8.733284 -68.877907 25.900518
v -7.289300 -68.011368 28.392527
v -7.810244 -68.748306 26.972454
v -6.980596 -65.900780 31.570307
v -7.066174 -64.283386 31.803228
v -7.196259 -62.988571 31.817190
v -6.969608 -67.492783 30.875999
v -6.821557 -68.856750 30.146276
v -6.528535 -68.003693 29.361143
v -7.228547 -61.477856 31.900364
v -7.250061 -60.336731 31.993237
v -12.042517 -69.420952 18.951426
v -10.878035 -70.615501 16.766045
v -11.119830 -70.448029 15.181889
v -11.399254 -70.185982 13.460182
v -11.270845 -70.173958 11.556713
v -10.613385 -70.158928 9.376574
v -11.657308 -68.969002 7.914289
v -10.369810 -69.424141 6.881311
v -9.391846 -69.107079 5.184929
v -8.282408 -69.209084 4.274617
v -7.601280 -68.808090 3.329411
v -6.494517 -68.299568 2.241885
v -7.619843 -66.898468 1.616258
v -8.454852 -66.164108 1.621806
v -7.195867 -65.083649 0.873936
v -4.969632 -64.768860 0.478829
v -2.753927 -63.940159 0.154214
v -6.304637 -60.439224 32.710182
v -4.875465 -59.800247 33.665501
v -3.129559 -59.048828 34.562145
v -2.835985 -57.540466 34.391609
v -3.458372 -56.547096 33.837841
v -2.584565 -55.387177 33.891167
v -1.641378 -62.277966 -0.122225
v -2.228040 -61.197880 -0.148677
v -2.026005 -60.268196 -0.156199
v -0.112778 -60.521187 -0.198216
v 1.472048 -59.285374 -0.207675
v 4.482074 -59.216789 -0.194343
v 4.842347 -57.739094 -0.199367
v 5.365283 -56.237320 -0.200832
v 6.373510 -54.426613 -0.193874
v 6.668914 -52.926746 -0.189553
v 6.157284 -52.357670 -0.197940
v 8.074435 -50.936432 -0.145847
v 8.623186 -48.471886 -0.085179
v 8.880697 -46.706581 -0.012269
v 8.292358 -46.062431 -0.021046
v 10.651265 -44.194126 0.199428
v 10.900970 -42.240189 0.298348
v 10.329635 -41.511509 0.256615
v 12.405309 -39.977036 0.511487
v 13.212597 -37.606930 0.716196
v 12.405604 -36.924519 0.695137
v -2.030387 -54.367935 33.496601
v -0.467783 -54.631126 34.257431
v 0.087298 -53.183201 34.165421
v 1.227553 -52.989128 34.732006
v 1.249316 -51.941864 34.432343
v 2.041698 -50.956596 34.549175
v 1.327418 -50.500126 34.119473
v 1.824758 -49.398186 34.237373
v 3.424047 -48.598888 34.467499
v 4.254961 -46.809479 34.224602
v 4.223079 -45.520527 33.867504
v 4.188407 -43.965000 33.558514
v 5.168323 -42.392242 33.587460
v 5.032757 -40.544643 33.187057
v 3.787747 -39.945869 32.830357
v 3.133547 -39.405128 32.546043
v 3.632611 -38.646980 32.722443
v 5.104974 -38.119663 32.807022
v 4.600284 -36.075024 32.326649
v 4.004636 -34.952877 32.219509
v 5.001050 -33.642479 32.176785
v 5.004907 -32.195999 32.051151
v 6.482865 -31.671671 31.990881
v 6.566967 -30.469435 31.622192
v 8.925218 -30.122768 31.774185
v 9.875314 -28.205601 31.389355
v 9.471003 -26.786926 31.092846
v 8.434431 -25.978367 30.917833
v 8.878447 -24.547367 30.635576
v 8.699104 -22.293320 30.154837
v 8.613564 -21.397345 29.988737
v 9.706235 -21.133398 29.940180
v 9.142621 -19.579842 29.615324
v 10.023705 -17.383465 29.240700
v 9.703756 -15.735608 28.888479
v 8.974241 -14.939460 28.556284
v 9.510442 -12.725523 28.053661
v 8.773417 -11.609341 27.728531
v 7.921289 -10.762758 27.492659
v 7.093557 -9.236071 27.038780
v 6.385531 -7.093072 26.316891
v 5.302325 -6.532510 26.061108
v 4.736871 -5.750405 25.865858
v 3.859441 -5.415883 25.817472
v 3.368506 -5.159112 25.733511
v 4.307071 -4.226018 25.351276
v 3.762973 -2.131106 24.509439
v 2.817486 -0.510345 23.828495
v 1.380983 -0.705164 23.974527
v 0.924058 0.852430 23.213202
v -1.239623 0.886444 23.303785
v -2.077283 0.309661 23.608976
v -3.074936 0.213052 23.671089
v -4.127585 0.314114 23.635126
v 14.238646 -35.372955 0.951817
v 14.454426 -33.003090 1.127410
v 14.042198 -31.700306 1.182176
v 15.546052 -30.524469 1.259023
v 16.045340 -28.154697 1.331152
v 15.211067 -27.209145 1.379021
v 14.356254 -26.251286 1.419471
v 15.134042 -24.420391 1.438587
v 13.539693 -23.082792 1.497441
v 14.375447 -20.932180 1.449415
v 12.950992 -19.107115 1.423030
v 11.830103 -18.680969 1.456937
v 12.423944 -16.534245 1.257969
v 10.842506 -14.737104 1.111977
v 9.737427 -13.101103 0.967632
v 8.702874 -11.663191 0.778463
v 7.631608 -10.291883 0.589934
v 6.566978 -9.212102 0.389614
v 7.500996 -7.283303 0.350979
v 6.748582 -5.873107 0.186587
v 6.089583 -4.608224 0.075139
v 5.830850 -2.505063 0.013600
v 5.411623 -0.462379 -0.019433
v 4.380534 0.684632 -0.061974
v 5.337761 1.835529 0.054835
v 4.514280 4.182406 0.155418
v 3.100491 5.731102 0.183696
v 1.335802 5.503045 0.031871
v -0.563381 5.815290 -0.025307
v -1.483302 5.180469 -0.085062
v -3.822279 5.239649 -0.008394
v -5.775364 4.953400 0.057715
v -7.984818 5.401692 0.212732
v -10.091541 5.795349 0.427007
v -11.533481 5.529747 0.739565
v -13.415606 5.362373 1.464146
v -15.007604 5.265081 2.467090
v -15.877451 5.111987 3.340181
v -16.973749 5.778287 4.670293
v -17.171043 5.098358 5.202275
v -17.603794 5.032629 6.735001
v -17.831293 5.193278 8.913890
v -17.921646 5.232623 10.815336
v -17.909468 5.314161 12.533308
v -17.451166 5.519475 13.542594
v -17.229513 5.208044 14.392339
v -17.830141 5.675341 15.376848
v -17.309948 5.860836 16.509417
v -16.342636 5.794998 17.527143
v -15.380850 5.446425 18.391699
v -14.363973 5.292849 19.244484
v -13.640169 5.004100 19.847610
v -12.455689 5.021587 20.552944
v -10.154653 6.158118 21.047913
v -6.884814 6.944299 21.120390
v -8.529734 6.421936 21.218733
v -8.740212 5.805395 21.282034
v -3.432300 1.750070 23.054966
v -4.345246 3.494584 22.307606
v -5.374539 4.687059 21.846134
v -4.506266 6.627342 20.782356
v -10.604112 -70.138420 23.051722
v -9.734887 -70.487885 24.594156
v -9.396283 -70.217331 25.021715
v -8.256919 -70.668617 25.338373
v -12.700915 -68.601089 22.253922
v -7.105193 -70.317223 27.375181
v -6.451445 -69.172478 28.899769
v -6.147977 -64.969345 32.662975
v -5.957836 -66.452026 32.618168
v -5.952407 -67.800331 31.964333
v -6.012826 -63.298752 32.860233
v -6.324218 -61.822594 32.648033
v -6.085680 -69.042351 31.143745
v -6.182799 -70.737274 30.308649
v -6.824899 -70.128922 29.376448
v -11.255178 -69.242889 21.053324
v -10.870553 -70.398392 19.239855
v -9.250992 -72.047142 17.695177
v -9.202519 -72.020996 15.092578
v -9.512224 -71.687187 13.525336
v -8.852730 -71.867401 11.495870
v -7.982716 -72.083519 9.660737
v -8.218850 -71.573837 8.375678
v -9.471801 -70.515694 7.940579
v -8.644552 -70.824005 7.256208
v -7.771936 -70.764381 6.136730
v -7.368667 -70.221306 5.026539
v -6.163815 -70.285454 4.180817
v -5.094650 -69.834946 2.953677
v -4.739357 -68.569214 1.888058
v -5.153585 -67.205917 1.253862
v -6.512177 -67.234703 1.511706
v -6.556882 -66.339973 1.031958
v -5.443602 -65.826881 0.752985
v -3.241139 -66.049934 0.577118
v -0.698365 -65.290169 0.132397
v -1.257423 -64.217278 0.068680
v -0.253515 -63.387817 -0.063410
v -5.149583 -61.794476 33.615307
v -3.786291 -61.649429 34.622967
v -2.480436 -60.683243 35.333973
v -1.716310 -59.147560 35.296707
v -1.448047 -57.922680 35.060310
v -1.033848 -56.249172 34.793854
v -2.509242 -56.474415 34.270916
v -0.058685 -61.915104 -0.160346
v 1.689104 -61.950661 -0.167810
v 3.509113 -61.020969 -0.164890
v 6.497582 -60.773659 -0.151051
v 6.682328 -59.283997 -0.170636
v 6.706464 -57.964325 -0.187626
v 7.406566 -56.319118 -0.189464
v 8.389311 -54.435162 -0.193801
v 8.679691 -52.936172 -0.185643
v 8.185315 -52.361942 -0.186835
v 9.964070 -50.990395 -0.116192
v 10.635315 -48.625813 0.003057
v 10.891277 -46.810429 0.091662
v 10.353045 -46.120464 0.084783
v 12.403664 -44.622414 0.278386
v 13.228226 -42.248425 0.454310
v 12.434829 -41.569855 0.446707
v 14.348359 -39.966557 0.663963
v 14.850567 -37.630569 0.821256
v 14.609492 -36.474808 0.886805
v -0.044401 -55.337059 34.797375
v 1.381282 -55.002132 35.334324
v 2.869794 -52.964729 35.377731
v 2.531121 -51.931957 35.001411
v 4.056868 -50.705864 35.274574
v 4.847621 -48.564217 35.080139
v 5.318701 -46.760887 34.790333
v 5.075679 -45.614418 34.362617
v 5.512687 -44.002926 34.106411
v 6.564890 -42.367088 34.025871
v 6.598407 -40.943855 33.657539
v 6.500403 -39.261387 33.325314
v 6.986983 -37.661552 33.133579
v 6.784993 -36.473709 32.835838
v 5.698629 -36.202091 32.624016
v 6.117457 -34.702377 32.387260
v 7.007091 -32.964249 32.386745
v 5.773452 -32.460892 32.263428
v 8.090965 -31.688576 32.115929
v 10.054863 -31.899611 32.238800
v 11.405619 -29.854179 31.825056
v 11.550281 -28.416187 31.507538
v 11.463646 -26.724470 31.168545
v 10.359616 -25.639135 30.913937
v 11.300521 -24.359457 30.695700
v 9.950199 -22.872663 30.365589
v 11.102609 -22.277613 30.229313
v 11.935951 -20.435665 29.854698
v 10.596650 -19.220856 29.581987
v 12.243936 -17.443022 29.366869
v 11.647072 -15.654532 28.972485
v 10.782404 -14.707771 28.760031
v 10.134256 -13.688175 28.438354
v 10.594941 -11.570595 27.979807
v 9.847315 -10.132656 27.553419
v 8.698941 -9.209533 27.158062
v 8.353604 -7.069504 26.435226
v 7.421153 -5.547317 25.850637
v 6.687168 -6.295899 25.872913
v 5.816482 -5.859752 25.776796
v 6.262352 -4.472380 25.437798
v 6.034245 -2.120266 24.565907
v 5.264426 -0.726492 23.910622
v 4.154999 -0.699195 23.889469
v 4.634665 0.657798 23.227970
v 2.793158 0.830377 23.159187
v 2.622837 2.424014 22.260397
v 0.371889 2.541549 22.353937
v -1.209779 2.205193 22.653830
v 16.178387 -35.331161 1.022549
v 16.420332 -33.013638 1.192422
v 15.957421 -31.787043 1.212891
v 17.474373 -30.577274 1.262100
v 17.761869 -28.173653 1.317721
v 17.415222 -26.721094 1.368465
v 16.410896 -26.125029 1.406522
v 17.365791 -24.522024 1.406880
v 16.446421 -21.921331 1.458005
v 15.835301 -20.147089 1.453241
v 14.927618 -18.748533 1.399538
v 13.806361 -18.303177 1.384938
v 14.414683 -16.076496 1.272487
v 13.176210 -14.170064 1.140976
v 12.092248 -13.093000 1.050695
v 10.861927 -11.676429 0.912252
v 9.673690 -10.322520 0.770809
v 8.595643 -9.216287 0.607381
v 9.524601 -7.247167 0.538936
v 8.768940 -5.869444 0.384324
v 8.126966 -4.590618 0.265757
v 7.846816 -2.456235 0.192717
v 7.412654 -0.473554 0.140984
v 6.393893 0.672324 0.090841
v 7.341579 1.795450 0.204831
v 6.664173 3.760802 0.267053
v 6.433842 5.512426 0.400977
v 5.170232 6.869653 0.498430
v 3.188471 7.189425 0.348909
v 1.500428 7.238946 0.244211
v 0.115755 6.826563 0.126113
v -2.164937 7.245328 0.054353
v -3.591427 6.818616 0.038710
v -6.030710 7.202920 0.120081
v -7.562986 6.674939 0.219792
v -10.190616 6.991702 0.523755
v -12.235393 7.153819 1.038052
v -14.153442 7.227035 1.834637
v -14.917166 6.887433 2.305277
v -15.666830 6.814203 2.984785
v -16.734535 6.685619 4.110286
v -17.699772 7.147596 5.617624
v -17.928938 6.747938 6.901019
v -18.235167 7.019148 9.417419
v -18.116861 6.573728 10.839439
v -18.284008 7.032069 12.905057
v -17.650499 6.428212 13.347481
v -18.159195 6.798119 14.828285
v -17.451969 7.271843 16.690613
v -16.458294 7.191497 17.807882
v -15.511437 7.343752 18.693653
v -14.775355 7.017641 19.133703
v -13.625416 6.911889 19.704807
v -12.296874 6.567672 20.370337
v -5.715661 8.794233 20.307972
v -7.416543 8.666284 20.632967
v -8.917782 7.923045 20.790073
v -2.576195 3.535009 22.062019
v -3.534589 3.436190 22.260471
v -3.791310 4.714928 21.648355
v -2.009746 5.257530 21.009420
v -2.479699 7.068103 19.977657
v -3.435983 8.643323 19.410582
v -4.539555 8.478618 19.978479
v -8.894677 -71.791931 24.327169
v -9.226828 -71.807289 22.508244
v -9.927258 -70.987022 21.105524
v -7.652949 -72.103859 26.548203
v -7.354798 -72.624405 25.065981
v -13.980768 -68.089188 21.217474
v -7.245278 -70.300209 28.530073
v -6.201349 -70.831100 28.822050
v -6.218537 -72.254494 27.991568
v -6.957003 -72.078712 27.290241
v -4.998780 -64.409798 33.840382
v -5.090268 -66.184166 33.641899
v -5.071717 -67.936371 33.318256
v -5.192018 -69.125473 32.508442
v -5.060573 -69.051849 31.582340
v -5.045429 -63.183212 33.767136
v -5.131289 -70.462486 31.562483
v -5.207652 -72.573936 30.893019
v -5.930386 -72.358284 30.055237
v -6.325666 -71.978996 29.150572
v -10.112372 -70.892120 19.589825
v -9.181207 -72.263206 19.750036
v -7.414453 -73.830177 19.188353
v -7.508938 -73.690063 17.676828
v -7.292652 -73.887291 16.433720
v -7.376730 -73.662376 14.856761
v -6.901667 -73.559250 12.960022
v -6.613075 -73.408920 11.499966
v -6.597609 -73.227341 10.433165
v -5.803938 -73.152061 8.864926
v -7.257874 -71.758614 7.380045
v -5.794522 -72.344658 6.698250
v -5.089215 -71.718513 5.449630
v -3.344793 -71.461212 3.891563
v -3.163389 -69.937691 2.337367
v -3.988540 -69.151367 2.030556
v -2.939912 -68.113487 1.087602
v -0.597725 -67.354401 0.534974
v 1.313551 -66.665092 0.140155
v 1.099366 -65.192787 -0.012014
v 0.557577 -64.368462 -0.028842
v 2.068740 -63.627831 -0.133557
v -3.905903 -63.381958 34.744087
v -2.468224 -62.665051 35.752926
v -1.262279 -62.105984 36.491158
v -0.987930 -60.607487 36.256161
v -1.127949 -59.520523 35.766468
v -0.253569 -58.224720 35.717308
v 0.356387 -56.843231 35.542473
v 4.113874 -63.001137 -0.143089
v 6.358570 -62.568810 -0.119139
v 8.363351 -62.078892 -0.118650
v 8.494774 -60.703796 -0.144833
v 8.388065 -59.495205 -0.153590
v 8.699639 -58.057114 -0.169746
v 9.438210 -56.385262 -0.176302
v 10.442014 -54.439392 -0.165949
v 10.746362 -52.894829 -0.154049
v 10.213220 -52.318287 -0.182594
v 12.012468 -50.627819 -0.049787
v 11.578447 -49.328339 -0.004309
v 13.084210 -47.731438 0.125560
v 12.423793 -46.279091 0.194881
v 14.334263 -44.687645 0.362409
v 14.825764 -42.268009 0.535835
v 14.657656 -41.106426 0.616947
v 16.283068 -39.946789 0.727716
v 16.742275 -37.621872 0.882589
v 16.465258 -36.473564 0.953461
v 2.352794 -56.531029 36.227028
v 2.269588 -55.404804 35.901485
v 3.028491 -54.919785 35.913776
v 2.922611 -53.949387 35.804081
v 4.094853 -53.355293 35.993408
v 3.965398 -52.216187 35.623631
v 4.936363 -51.793541 35.885658
v 6.090392 -50.276218 35.934174
v 5.863869 -48.929424 35.630798
v 6.782109 -47.154507 35.455360
v 7.081030 -45.206387 35.068981
v 6.025021 -44.833366 34.741615
v 7.264919 -43.283775 34.629208
v 8.204313 -41.292164 34.210812
v 8.003728 -39.644192 33.800655
v 7.833349 -38.209221 33.496933
v 8.808974 -36.241657 33.141590
v 7.583303 -35.400169 32.739967
v 6.743489 -35.275097 32.598652
v 7.992177 -34.029896 32.385864
v 9.800243 -33.887718 32.696484
v 11.287309 -32.824944 32.562614
v 10.930989 -32.078178 32.453026
v 12.530088 -31.623184 32.248894
v 13.091861 -29.980827 31.887157
v 13.697227 -28.127558 31.503092
v 13.249447 -26.781063 31.219393
v 12.424918 -25.642569 30.991716
v 13.371325 -24.596115 30.813108
v 12.645556 -22.551908 30.370178
v 14.143519 -20.726503 30.154543
v 13.326620 -18.957214 29.733625
v 13.816837 -17.347012 29.576218
v 13.817863 -15.610268 29.245337
v 12.851561 -14.245205 28.829096
v 11.847292 -13.280370 28.536095
v 11.112905 -12.461806 28.362980
v 11.818126 -10.507523 27.992979
v 10.782728 -10.108471 27.743494
v 10.866586 -8.303879 27.371502
v 9.517246 -7.783717 26.904097
v 10.044361 -5.745939 26.391125
v 8.669012 -5.601056 26.036240
v 8.707346 -4.218424 25.669121
v 7.567066 -4.241747 25.490225
v 6.542135 -5.562655 25.715704
v 7.866498 -2.770084 25.009422
v 7.860644 -0.962681 24.267071
v 6.831138 0.346473 23.522825
v 5.696439 -0.121357 23.559591
v 6.345410 2.083288 22.596857
v 4.793190 2.521296 22.198484
v 3.887891 3.978955 21.172646
v 2.923563 3.122116 21.620932
v 1.877778 4.301336 21.033770
v 0.244359 3.959444 21.473911
v -1.270090 3.577439 21.881123
v 18.114771 -35.334946 1.036617
v 18.395828 -33.019791 1.194278
v 17.925388 -31.818684 1.245309
v 19.459021 -30.587811 1.221487
v 19.732651 -28.178886 1.280800
v 19.383930 -26.730345 1.331712
v 18.393829 -26.086483 1.359081
v 19.377640 -24.510841 1.361793
v 18.494911 -22.034122 1.401787
v 17.799051 -20.342264 1.396619
v 16.940395 -19.582777 1.404745
v 16.334684 -17.357306 1.334072
v 15.750799 -15.483748 1.271653
v 14.978791 -14.083580 1.166938
v 14.092530 -13.111067 1.089372
v 13.148204 -11.639738 0.962505
v 12.148137 -9.729649 0.834868
v 10.705623 -9.135580 0.738966
v 11.484763 -6.866956 0.628060
v 10.660775 -5.758975 0.521862
v 10.132456 -4.589953 0.423739
v 10.035699 -2.098793 0.328954
v 9.290671 -0.511091 0.280384
v 8.391166 0.653118 0.239728
v 9.315269 1.739079 0.329611
v 8.634977 3.651158 0.372373
v 8.158817 5.480765 0.494467
v 7.418205 7.366668 0.664850
v 5.857211 8.701043 0.792452
v 4.202087 9.222274 0.877234
v 3.016868 8.209659 0.500283
v 0.729364 8.673775 0.379300
v -0.507432 8.176702 0.224076
v -2.427037 8.393989 0.161472
v -4.411336 8.458162 0.094585
v -6.578996 8.712688 0.151889
v -8.522017 8.526526 0.302057
v -10.529357 8.477363 0.591639
v -12.618596 8.589990 1.053639
v -14.631812 8.888827 1.961771
v -15.851739 8.772936 2.700783
v -16.172556 8.107924 3.099673
v -17.372204 8.492190 4.704946
v -17.916410 8.133853 5.643889
v -18.371433 8.440086 7.357947
v -18.638603 8.674201 9.602289
v -18.722633 8.431387 10.828486
v -18.354347 8.300680 11.990007
v -19.172113 8.735813 13.503602
v -18.659330 8.702916 15.259022
v -17.966036 8.277293 16.413790
v -17.174210 8.798267 17.474293
v -16.369467 8.609215 18.163403
v -15.358477 8.538781 18.962248
v -14.364194 8.468817 19.479965
v -13.284507 8.408010 19.879122
v -11.803377 8.732509 20.008055
v -10.652128 7.871923 20.551723
v -4.902456 9.890268 19.422556
v -6.040013 10.283132 19.789272
v -6.615595 10.117703 20.050465
v -7.585574 10.133041 20.242643
v -8.766012 9.509155 20.442122
v -10.369612 9.583026 20.332546
v -0.124060 5.770486 20.293888
v -1.442387 6.580357 19.982388
v -1.113325 8.251873 18.767092
v -3.137041 10.229655 18.318968
v -3.964832 10.066431 18.860935
v -7.835363 -73.139603 23.723288
v -8.211084 -72.408997 23.105961
v -8.102149 -73.122925 21.877781
v -9.211362 -72.052895 21.233019
v -6.698291 -73.550407 27.160868
v -7.208372 -73.335068 26.053295
v -6.128238 -74.751213 25.210772
v -6.895352 -73.649673 24.183550
v -5.378557 -73.523544 28.855892
v -5.973980 -73.605080 28.070026
v -3.973643 -65.897438 34.841427
v -4.088198 -64.575981 34.716263
v -4.127970 -67.663651 34.608677
v -4.201945 -69.379349 34.353474
v -4.801678 -69.234146 33.354111
v -4.575088 -70.641998 33.155167
v -4.282576 -72.158653 32.028767
v -4.571724 -73.907303 31.790714
v -5.074841 -73.810158 31.124069
v -4.817122 -74.117226 29.969900
v -5.604304 -73.275139 29.996515
v -7.613953 -73.596466 20.588112
v -6.190732 -75.051414 21.108519
v -5.617396 -75.526810 18.998533
v -5.845647 -75.095238 17.400766
v -5.337329 -75.234436 15.562702
v -4.780014 -75.244087 14.104098
v -3.941761 -75.391258 12.925994
v -4.142215 -74.746391 11.312067
v -2.590304 -74.842567 9.598628
v -4.400710 -73.514427 8.018509
v -3.423805 -73.468346 7.114075
v -1.691790 -73.076668 5.395313
v -1.482763 -71.716301 3.366127
v -2.274564 -71.535179 3.328726
v -1.852948 -70.656616 2.553083
v -2.042987 -69.427109 1.585078
v -0.240526 -69.381248 1.253569
v 2.347625 -68.221565 0.426153
v 2.999500 -66.708435 0.060643
v 2.781733 -65.857315 -0.014849
v 2.458460 -65.030190 -0.073874
v 4.220849 -64.933624 -0.114346
v -3.106364 -65.046394 35.628906
v -2.346800 -64.142250 36.093529
v -0.833272 -63.779713 37.142620
v 0.151813 -62.156708 37.259205
v -0.131180 -61.047203 36.769901
v 0.253054 -59.785305 36.482059
v -0.145533 -58.957077 36.148540
v 1.125742 -58.329517 36.175529
v 1.051440 -57.207115 36.003296
v 6.555103 -64.410645 -0.058878
v 9.270416 -63.788757 -0.064447
v 10.485534 -62.013119 -0.096127
v 10.065364 -60.596275 -0.123391
v 9.789222 -59.553032 -0.143477
v 10.475546 -58.251308 -0.168859
v 11.362268 -56.572441 -0.154614
v 12.502250 -54.477047 -0.151422
v 12.823407 -52.878239 -0.122630
v 12.285413 -52.250210 -0.112688
v 14.068230 -50.475105 -0.007576
v 13.610145 -49.078171 0.072752
v 15.257327 -47.479790 0.184931
v 14.803620 -46.027157 0.291073
v 16.660719 -44.300190 0.436815
v 16.495617 -42.283554 0.583329
v 16.456985 -41.113251 0.670302
v 18.260315 -39.994984 0.767720
v 18.726278 -37.653637 0.900436
v 18.433573 -36.482883 0.972604
v 2.456657 -58.540302 36.949051
v 3.731660 -57.433098 37.130787
v 3.470888 -56.479168 36.717510
v 4.474133 -55.230110 36.738949
v 5.339035 -53.257320 36.521332
v 5.152515 -52.471699 36.221436
v 6.332329 -51.780396 36.346828
v 7.010276 -50.489613 36.246845
v 7.910127 -49.243626 36.277740
v 6.593983 -49.007477 35.975487
v 7.152015 -48.028240 35.961510
v 8.822668 -47.179405 36.044411
v 8.605028 -45.383762 35.547268
v 8.560492 -43.899895 35.181080
v 9.154854 -42.045712 34.815926
v 9.097722 -41.087090 34.503239
v 9.838393 -39.912441 34.424118
v 9.066903 -38.294991 33.759293
v 10.829504 -37.524586 33.812176
v 10.935393 -36.003220 33.397377
v 10.376205 -35.118935 33.053726
v 12.133813 -34.419044 32.980003
v 13.027728 -32.829563 32.554077
v 14.646019 -31.612720 32.143085
v 15.118022 -29.956400 31.852259
v 15.737643 -28.106401 31.512424
v 15.442744 -26.630461 31.228903
v 14.463291 -26.050777 31.120205
v 15.363145 -24.318867 30.820433
v 14.092874 -22.913006 30.498041
v 15.089440 -22.310637 30.418974
v 16.208616 -20.675865 30.395473
v 15.356522 -19.493937 30.162165
v 14.877980 -18.221870 29.905890
v 15.011341 -16.110704 29.588118
v 15.076348 -14.097272 29.179834
v 14.108436 -13.121991 28.871393
v 13.492718 -12.063505 28.559526
v 12.689722 -12.056307 28.368799
v 13.342023 -10.314203 28.248457
v 13.001946 -8.397962 27.947010
v 11.922436 -8.557571 27.726669
v 11.998655 -7.147482 27.609650
v 11.128139 -6.644004 27.088840
v 11.693043 -5.479660 26.970331
v 11.298176 -3.667316 26.246742
v 10.110615 -3.410968 25.686995
v 9.356827 -2.532936 25.174519
v 9.351014 -1.002068 24.497578
v 9.150795 0.696023 23.802406
v 8.436463 1.338032 23.165007
v 7.783344 2.641637 22.357185
v 6.860078 2.706283 22.129360
v 6.263613 3.525621 21.612167
v 5.638112 5.188380 20.525888
v 4.388746 5.552251 20.087494
v 2.453943 5.623629 19.994734
v 1.157580 5.537523 20.227045
v 20.108076 -35.337173 1.015694
v 20.387594 -33.014023 1.144916
v 19.922232 -31.807556 1.195298
v 21.473974 -30.583071 1.174165
v 21.808208 -28.150717 1.198108
v 21.486897 -26.616575 1.293710
v 20.414095 -26.056355 1.343807
v 21.417046 -24.352621 1.327875
v 20.507252 -22.045860 1.362260
v 19.812454 -20.368515 1.363066
v 18.929478 -19.683752 1.358822
v 18.310461 -17.638487 1.317721
v 17.666096 -15.661529 1.258516
v 16.708946 -14.460291 1.176419
v 15.801317 -13.030804 1.104983
v 14.884947 -11.776511 0.976989
v 14.028287 -10.821345 0.925799
v 13.612702 -9.090121 0.831751
v 13.299874 -6.787284 0.665167
v 12.526221 -5.068683 0.566866
v 11.571110 -4.663764 0.514455
v 12.376443 -2.592868 0.462030
v 11.719937 -0.126237 0.400260
v 10.417779 0.226692 0.360644
v 11.000266 1.850152 0.396734
v 10.496381 3.519325 0.443869
v 10.101164 5.384802 0.519803
v 9.463717 7.408806 0.704045
v 8.210937 8.652443 0.811006
v 7.005894 9.827892 1.026515
v 1.673421 10.173253 0.961341
v -1.128244 10.309672 0.442590
v -2.558099 9.828779 0.312530
v -4.907719 9.873250 0.188323
v -6.326735 9.688597 0.130993
v -7.869458 10.219629 0.199639
v -9.228644 10.099605 0.356294
v -11.102120 10.059273 0.625922
v -13.040293 10.123080 1.127025
v -14.767710 10.211934 1.845182
v -16.016340 10.380609 2.573271
v -16.665268 10.168272 3.336391
v -17.705563 10.007067 4.624011
v -18.319086 9.862768 5.762148
v -18.626680 9.700479 6.968115
v -19.128267 10.217316 9.558012
v -19.070803 10.184818 11.330661
v -18.542627 9.480744 11.798088
v -19.546946 10.141296 13.050638
v -19.241005 10.161123 15.017161
v -18.424520 10.524795 16.640251
v -17.490650 9.893008 17.335978
v -16.301954 10.020119 18.479012
v -15.218715 9.943809 19.111328
v -14.101270 9.847568 19.601219
v -13.239109 9.608280 19.916105
v -12.551291 9.547176 19.892771
v -11.462822 10.192922 20.033249
v -12.540383 10.944906 19.742191
v -4.808387 11.565615 18.440573
v -6.271553 11.489020 19.231691
v -7.501962 11.341686 19.762224
v -8.595570 11.423672 19.959835
v -9.746345 11.125089 20.099928
v -11.312455 11.138247 20.078012
v 0.678541 6.523118 19.567213
v 1.797220 7.363880 18.670961
v 0.313508 8.895827 17.648495
v -0.839109 10.177585 16.971748
v -2.551689 11.394138 17.067627
v -3.715044 11.611707 17.741150
v -6.852634 -74.086456 23.064238
v -5.715134 -74.844254 28.123465
v -6.167587 -74.789635 26.978615
v -5.412973 -75.263794 26.962387
v -4.780238 -76.403801 27.182684
v -4.729624 -76.890091 24.843517
v -5.094729 -76.413567 22.781313
v -6.062851 -75.065201 23.025848
v -4.826704 -75.114182 28.719021
v -3.083162 -67.524544 35.836948
v -3.160975 -66.204102 35.676819
v -3.308451 -69.261757 35.596214
v -3.459950 -71.020813 35.254410
v -4.043365 -70.783150 34.250164
v -3.872649 -72.215157 34.137432
v -4.400375 -72.109627 33.014725
v -3.756747 -73.392914 32.801468
v -4.191444 -75.209663 32.930367
v -4.595565 -75.114639 31.788521
v -4.923857 -75.020866 30.960434
v -4.204691 -76.375816 29.466112
v -4.548342 -76.985992 20.853159
v -4.374100 -76.881058 19.409870
v -3.752196 -77.002228 17.679153
v -3.731693 -76.596313 16.365831
v -2.593869 -76.967438 14.822558
v -2.277866 -76.571182 13.737943
v -0.960064 -76.835205 12.510240
v -0.430588 -76.419388 11.540928
v 0.621231 -76.289520 10.339188
v -1.257926 -74.626350 8.040936
v 0.544935 -74.866096 7.188758
v 0.271026 -73.385155 4.750877
v 0.449559 -71.848923 3.016816
v -0.474768 -70.836037 2.255493
v 0.680975 -70.585930 1.855045
v 2.861263 -70.305046 1.475528
v 4.558650 -68.477089 0.442057
v 4.394167 -67.440086 0.187577
v 4.306631 -66.538506 0.019892
v 6.239023 -66.473801 0.062616
v -2.390057 -66.596970 36.460632
v -1.260486 -65.949562 37.300289
v 0.061271 -65.333206 38.209301
v 0.493566 -63.995319 38.011242
v 0.664261 -62.969921 37.747498
v 1.745160 -61.638062 37.825027
v 1.309398 -60.120293 37.065842
v 8.887848 -65.876190 0.092241
v 11.337951 -65.235512 0.008526
v 10.878802 -63.973446 -0.050731
v 12.188170 -62.604752 -0.083003
v 12.365861 -60.650757 -0.114118
v 11.857163 -59.678181 -0.121506
v 11.434195 -58.758472 -0.146489
v 13.059867 -57.273628 -0.145975
v 14.160859 -54.880249 -0.140103
v 15.149763 -52.863022 -0.089278
v 14.404282 -52.217655 -0.101847
v 16.141779 -50.364895 0.009905
v 15.688144 -48.949318 0.103259
v 17.266405 -47.474468 0.193558
v 16.885477 -45.949375 0.312218
v 18.505754 -44.635841 0.386634
v 19.274323 -42.265953 0.583796
v 18.444035 -41.566891 0.712219
v 20.383356 -39.979702 0.738616
v 20.758135 -37.653042 0.861961
v 20.446007 -36.485226 0.950336
v 2.740787 -60.066902 37.663113
v 3.928953 -59.048988 37.655708
v 4.494575 -57.938011 37.834187
v 5.238803 -56.572220 37.575092
v 6.214897 -54.935452 37.526249
v 6.871753 -53.367428 37.196980
v 7.753506 -51.750080 36.990082
v 7.715204 -50.735794 36.586731
v 9.642968 -50.468666 37.243896
v 10.184483 -48.388985 36.774567
v 10.699160 -46.822041 36.503296
v 10.344606 -45.248734 35.915924
v 9.681165 -44.463734 35.600601
v 9.121355 -44.204418 35.593998
v 10.686900 -42.879440 35.356007
v 10.443420 -41.228062 34.906986
v 11.795444 -40.212254 34.848000
v 11.633036 -38.540089 34.357586
v 13.135910 -37.322102 33.855354
v 12.401397 -36.245342 33.563946
v 14.408813 -35.238670 33.249001
v 15.107063 -32.994671 32.570793
v 16.661638 -31.367048 32.102184
v 17.102835 -29.921587 31.819193
v 17.701300 -28.115644 31.511572
v 17.393078 -26.917988 31.304592
v 16.948156 -25.658262 31.093681
v 17.031855 -23.715549 30.820726
v 16.327333 -22.602962 30.601273
v 18.023720 -21.858221 30.645594
v 17.599016 -20.261538 30.542219
v 16.930962 -19.474121 30.382742
v 16.362652 -18.404907 30.197941
v 16.470350 -16.396355 29.851521
v 16.600071 -14.197560 29.361279
v 15.903759 -12.606784 29.055815
v 15.084948 -11.937652 28.844728
v 14.425930 -10.642497 28.586298
v 14.559319 -8.500099 28.319645
v 14.315038 -6.858516 28.002748
v 13.114816 -7.029253 27.781643
v 13.218788 -5.728568 27.540894
v 12.690911 -3.979918 26.919035
v 12.534522 -2.130064 26.077213
v 11.424925 -2.417372 25.773640
v 10.767720 -2.630145 25.876898
v 10.862642 -1.448298 25.197203
v 11.086207 0.541694 24.151344
v 10.982795 2.312940 23.696737
v 9.571919 2.408436 23.065943
v 9.565621 3.938958 22.270967
v 8.196169 4.202288 21.762581
v 7.378139 3.898624 21.583233
v 7.275203 5.315266 20.788240
v 6.354285 6.904019 19.688259
v 5.466837 6.009243 19.914719
v 4.986998 6.718513 19.331947
v 3.477417 6.247028 19.437460
v 2.561779 6.180363 19.472736
v 22.157928 -35.324291 0.952345
v 22.423298 -33.018772 1.075964
v 21.929712 -31.806278 1.136834
v 23.503048 -30.575361 1.110163
v 23.787491 -28.115570 1.140592
v 23.428032 -26.795820 1.193105
v 23.002537 -25.237766 1.268196
v 22.605494 -23.713306 1.309352
v 22.441992 -22.139751 1.320992
v 21.811588 -20.432318 1.331807
v 20.946791 -19.738926 1.333227
v 20.332726 -17.727255 1.293996
v 19.683147 -15.717736 1.253808
v 18.758053 -14.539081 1.181186
v 17.801538 -13.059797 1.113853
v 16.755289 -11.692673 0.995849
v 15.717333 -10.366934 0.901437
v 14.750433 -9.443483 0.828069
v 15.430553 -7.390004 0.721687
v 14.575325 -5.023887 0.581022
v 13.460927 -4.376657 0.541781
v 14.571501 -2.374096 0.450821
v 13.874117 -0.852674 0.424397
v 13.407433 0.766589 0.416691
v 12.363966 2.355221 0.442232
v 11.596647 3.271251 0.458035
v 12.295807 5.057108 0.537809
v 11.339811 7.331758 0.663460
v 10.423659 9.037691 0.847040
v 8.715159 10.136868 0.989946
v 7.288287 11.743362 1.202251
v 6.021530 11.904823 1.848048
v -1.035028 12.071868 1.354830
v -3.584865 11.650894 0.412300
v -6.050817 11.715534 0.317278
v -7.477844 11.065275 0.221399
v -9.595103 11.499077 0.403984
v -11.571691 11.587162 0.672844
v -13.510124 11.651428 1.133161
v -15.486813 11.912982 2.063406
v -16.670046 11.629262 2.932052
v -17.296404 11.338791 3.579338
v -18.422459 11.746656 4.888190
v -19.232321 11.736747 6.124209
v -19.216301 11.092187 6.845172
v -19.649292 11.491872 9.035294
v -19.951784 11.819993 11.211631
v -19.437140 11.118879 11.492251
v -19.311893 11.043555 12.254963
v -20.125431 11.718494 13.045152
v -19.715586 11.759458 15.209955
v -18.917944 11.391163 16.383724
v -18.144255 11.805682 17.369020
v -17.350288 11.533081 17.951323
v -16.218685 11.442790 18.720470
v -15.094889 11.406683 19.287346
v -14.105168 11.119450 19.631344
v -12.005778 12.892764 19.721214
v -14.091460 12.700924 19.578339
v -4.714062 13.329173 17.302744
v -5.700849 13.038680 18.142582
v -6.631786 12.948356 18.695656
v -7.969593 12.915328 19.296185
v -9.692967 13.049915 19.639530
v 3.823879 7.587495 18.450684
v 2.947764 9.416405 16.981321
v 1.313323 8.780190 17.488108
v 0.934992 10.721434 15.941691
v -0.774028 11.035853 16.039539
v -1.536996 11.589953 16.022158
v -2.571189 13.051689 15.499246
v -3.458678 13.143850 16.353748
v -3.851501 -78.413925 28.591055
v -4.077618 -78.367661 26.488504
v -4.362422 -77.318756 25.998285
v -4.016104 -78.395531 24.761942
v -3.977063 -78.206604 22.993389
v -3.939734 -77.986786 21.441839
v -2.156775 -67.991638 36.877140
v -2.361943 -69.340431 36.771236
v -2.598730 -70.906532 36.581173
v -2.808917 -72.494675 36.335381
v -3.383292 -72.306847 35.282932
v -3.350950 -73.625191 35.325951
v -3.892401 -73.902992 34.005009
v -3.628434 -75.285530 34.660809
v -3.791629 -76.795677 33.998516
v -4.012167 -76.868179 32.488441
v -4.392493 -76.211510 31.390045
v -3.752045 -77.787834 30.987135
v -3.001533 -78.656494 19.538158
v -2.930306 -78.109512 18.254135
v -2.312841 -78.358612 17.273035
v -1.349555 -78.585365 15.903966
v -0.652904 -78.377594 14.532127
v -0.156948 -78.105614 13.528021
v 1.282220 -78.392075 12.335532
v 2.043478 -77.775841 11.104300
v 2.172752 -76.499344 9.509100
v 3.178871 -75.205780 6.419699
v 1.358214 -73.862556 4.884650
v 2.740089 -72.555138 3.043957
v 4.883493 -71.427711 1.892064
v 4.533210 -70.436478 1.349384
v 5.886696 -69.480171 0.832227
v 6.422653 -67.966293 0.291065
v 8.624050 -68.011436 0.418585
v -1.348311 -67.760574 37.558517
v -0.563855 -67.579231 38.166073
v 0.670194 -67.366264 39.031075
v 1.331418 -65.331245 38.954521
v 0.900083 -64.505020 38.417496
v 1.931446 -63.116692 38.444599
v 2.257539 -61.839233 38.221886
v 3.223649 -61.210827 38.278278
v 11.372614 -67.249847 0.369952
v 13.311091 -66.696732 0.232583
v 13.449087 -65.116219 -0.003508
v 12.819362 -64.013786 -0.045431
v 14.591380 -62.617584 -0.054263
v 14.444064 -60.737411 -0.108174
v 13.915646 -59.754086 -0.113660
v 13.491412 -58.706406 -0.117416
v 15.368684 -57.237045 -0.140875
v 16.055489 -55.040352 -0.120646
v 16.822264 -52.885303 -0.081734
v 16.583342 -51.659569 -0.038558
v 18.093714 -50.281574 0.025712
v 17.694403 -48.892254 0.117532
v 19.243898 -47.457420 0.176163
v 18.832079 -46.039608 0.290604
v 20.436422 -44.692070 0.344220
v 20.940716 -42.267296 0.491550
v 20.733694 -41.096802 0.632326
v 22.369827 -39.938560 0.596583
v 22.821276 -37.617794 0.745201
v 22.480042 -36.466164 0.861861
v 3.765805 -59.979702 38.136532
v 5.008253 -59.768970 38.449146
v 5.317389 -57.836304 38.022861
v 5.508101 -56.906921 37.885593
v 6.465665 -56.458813 38.078518
v 6.247196 -55.574814 37.855255
v 7.174929 -54.964142 37.950977
v 7.260877 -54.058304 37.784489
v 8.834159 -53.713535 38.151733
v 8.839957 -52.258045 37.609173
v 10.631738 -52.016479 38.082310
v 10.628783 -50.762035 37.764900
v 11.876076 -50.033180 37.717800
v 11.262846 -49.044079 37.273006
v 12.453740 -47.299358 37.051949
v 11.614293 -45.672672 36.490616
v 12.322550 -43.930920 35.908298
v 13.118135 -42.050735 35.449440
v 12.470633 -41.279640 35.189079
v 13.772491 -40.179825 35.008530
v 13.361536 -38.576569 34.486828
v 15.142492 -37.369148 33.916386
v 14.733686 -36.387566 33.592896
v 16.394138 -35.457848 33.319099
v 17.077833 -33.534809 32.728024
v 18.120672 -31.681095 32.244930
v 19.025324 -29.929058 31.828222
v 19.626978 -28.125942 31.477077
v 19.309357 -27.052713 31.302956
v 19.024025 -25.626463 31.112995
v 18.387163 -23.935001 30.875389
v 20.265522 -22.337673 30.664572
v 19.586323 -20.383820 30.617798
v 18.555685 -19.438314 30.522642
v 17.606686 -18.644966 30.380978
v 18.120951 -17.106636 30.148342
v 18.640041 -14.425078 29.528301
v 17.796429 -12.581148 29.168634
v 16.803837 -11.647308 29.024040
v 15.891189 -10.761754 28.829842
v 15.188671 -10.418370 28.615946
v 15.625691 -9.033557 28.638718
v 15.896809 -7.463682 28.363480
v 15.316654 -7.085155 28.388769
v 16.416388 -5.810621 28.073803
v 14.598817 -5.622015 27.805031
v 14.486566 -4.241143 27.523268
v 14.007750 -2.786503 26.836288
v 14.479673 -1.054183 26.324839
v 13.206924 -0.844026 25.633154
v 12.236886 -1.090982 25.634069
v 12.199429 -0.296257 24.999491
v 12.780883 0.918359 24.457270
v 12.710713 2.295069 23.984823
v 12.247653 4.035120 23.461103
v 11.034671 3.644701 23.010668
v 10.548029 2.843854 23.204618
v 10.239989 3.256423 22.900734
v 10.716968 5.196014 22.349869
v 9.430037 5.417681 21.513840
v 8.888735 4.829344 21.789345
v 8.438002 5.299061 21.278339
v 8.502572 6.597071 20.770878
v 7.526441 6.836171 20.113592
v 7.700607 8.417814 19.680183
v 6.438807 8.384119 18.963770
v 5.256426 8.425240 18.271927
v 24.234488 -35.306515 0.821393
v 24.491375 -33.025391 0.959973
v 23.991285 -31.808046 1.033229
v 25.563160 -30.588099 0.971598
v 25.826111 -28.126451 1.008101
v 25.472824 -26.848978 1.108575
v 24.951191 -25.362646 1.188909
v 24.448591 -23.664764 1.292886
v 23.481182 -23.108902 1.310289
v 24.246889 -21.290142 1.278819
v 22.922939 -20.045164 1.316074
v 22.355566 -17.966993 1.253553
v 21.717724 -15.779921 1.211264
v 20.803886 -14.627011 1.162181
v 19.926111 -13.184612 1.111392
v 19.026522 -11.667268 1.013219
v 17.889402 -10.167597 0.912207
v 16.661659 -9.205324 0.820451
v 17.579062 -7.078375 0.727325
v 16.696890 -5.786424 0.640762
v 16.223600 -4.221456 0.544409
v 16.472931 -1.793863 0.411287
v 15.798416 -0.665318 0.390259
v 15.195196 0.786157 0.399064
v 14.568264 2.637076 0.402627
v 13.497515 3.276127 0.465304
v 14.477141 5.230523 0.506915
v 13.581132 6.663825 0.591146
v 13.028380 8.405965 0.739967
v 11.454965 9.608542 0.861351
v 10.176077 11.732195 1.171848
v 8.299516 12.453569 1.342411
v 7.279230 13.702603 2.156097
v -2.984300 13.558992 1.180199
v -4.125002 13.212225 0.654946
v -6.138145 13.243346 0.409243
v -8.116635 13.474184 0.374194
v -9.432447 12.896031 0.417659
v -11.894042 13.098423 0.755752
v -13.898429 13.194779 1.226993
v -15.579046 13.252613 1.827587
v -17.059095 13.562903 2.552504
v -17.751282 13.196572 3.481692
v -18.566153 12.853030 4.556472
v -19.396015 13.036853 5.593463
v -19.768879 13.046937 6.780638
v -20.177151 12.851390 8.581831
v -20.470518 13.140713 11.098000
v -20.517733 13.210360 13.155287
v -20.156700 13.186427 14.975102
v -19.300446 13.348185 16.441212
v -18.367132 12.814279 17.268230
v -17.377583 12.704602 18.237703
v -16.349861 12.681262 18.847670
v -15.159784 12.731629 19.301165
v -11.629302 14.560537 19.562548
v -12.969406 14.799571 19.509018
v -14.452343 14.425181 19.299486
v -16.418402 14.061777 18.799068
v -4.270098 14.912967 15.678369
v -5.472055 15.137298 16.823339
v -6.223738 15.001440 17.516293
v -6.835276 14.339211 18.170902
v -8.376792 14.348407 18.902357
v -9.362769 14.198095 19.366936
v -10.771014 15.727669 19.106186
v 4.093530 8.614849 17.651917
v -0.545562 12.810334 14.197852
v -2.891780 15.118961 13.351489
v -3.257768 -79.790413 30.768936
v -3.437936 -80.193062 28.462475
v -3.469146 -79.979774 26.765375
v -3.391583 -79.920586 24.903215
v -3.111003 -79.874680 23.006313
v -2.797682 -79.666084 21.049440
v -1.410597 -69.418739 37.818478
v -1.617460 -71.238441 37.906742
v -2.061986 -72.359619 37.456333
v -2.233305 -73.972725 37.372841
v -2.818945 -73.845375 36.373653
v -2.896350 -75.434875 36.283123
v -3.320397 -76.806610 35.236923
v -3.140917 -78.516960 34.665169
v -3.400029 -78.123955 32.769817
v -3.212059 -78.536041 31.581951
v -1.825555 -80.296387 19.305351
v -1.644492 -79.940033 18.516079
v -1.174710 -79.731468 17.326471
v -0.162758 -80.003838 16.024073
v 0.712691 -80.282333 15.143333
v 1.362155 -79.882095 13.895409
v 2.079180 -79.490669 12.700924
v 3.116994 -79.516861 11.731307
v 4.256747 -79.250259 10.523009
v 3.329039 -78.160202 10.375880
v 3.643098 -77.365578 9.309395
v 5.414097 -76.554359 7.091212
v 4.912193 -74.859055 5.301740
v 3.891661 -73.881683 4.224851
v 2.639399 -73.780281 4.358462
v 5.715784 -73.388107 3.519502
v 6.039452 -71.892235 2.019087
v 7.176641 -70.470314 1.260390
v 7.897843 -69.333595 0.782720
v 9.855555 -69.655434 0.911550
v 12.021634 -68.984383 0.906890
v -0.254922 -69.293892 38.811264
v 0.964044 -69.965225 39.946751
v 2.094511 -68.489105 40.277645
v 1.704785 -67.439537 39.733242
v 2.395003 -66.442787 39.850468
v 3.199865 -64.178062 39.431660
v 3.823002 -62.310104 39.017101
v 4.437790 -61.136963 38.777832
v 14.209224 -68.250481 0.702868
v 15.274283 -66.745796 0.363178
v 15.232679 -65.227592 0.106424
v 14.864127 -64.097618 -0.002418
v 16.349609 -63.067623 0.004993
v 16.608234 -61.140213 -0.086064
v 16.301188 -59.695141 -0.124488
v 15.555355 -58.736183 -0.139221
v 17.455935 -57.185665 -0.118551
v 18.080624 -55.046768 -0.123612
v 18.758024 -52.910374 -0.073722
v 18.503586 -51.673382 -0.035747
v 20.085119 -50.274982 0.020154
v 19.667131 -48.876713 0.107644
v 21.229900 -47.469971 0.138213
v 20.815567 -46.053169 0.241870
v 22.426279 -44.718872 0.251624
v 22.840971 -42.284073 0.391229
v 22.596464 -41.099831 0.493846
v 24.292171 -39.991962 0.449030
v 24.941328 -37.641171 0.557697
v 24.600918 -36.434128 0.690846
v 5.670499 -61.234661 39.447300
v 6.624779 -59.498009 39.262245
v 6.724099 -57.900436 38.738178
v 7.579437 -56.447044 38.767654
v 7.892534 -55.384640 38.397758
v 9.451861 -55.422668 39.110111
v 9.657368 -54.120140 38.793060
v 11.022101 -54.128727 39.045841
v 9.355202 -52.465706 37.983486
v 12.950242 -52.885323 38.995453
v 12.506552 -51.374008 38.205147
v 12.580624 -50.527718 38.106686
v 13.874045 -49.975712 38.034489
v 13.367118 -48.796085 37.583950
v 14.804431 -47.725925 37.417099
v 14.421642 -45.762760 36.888477
v 13.204511 -45.919739 36.872749
v 12.813111 -44.920574 36.604954
v 14.196671 -43.854355 36.105507
v 14.721315 -42.183125 35.561806
v 14.403919 -41.128567 35.285458
v 15.652355 -40.108215 35.014763
v 15.242070 -38.576447 34.601955
v 17.301151 -37.657959 34.138119
v 16.779799 -36.491150 33.666542
v 18.453329 -35.474346 33.347893
v 18.477930 -33.903061 32.852596
v 20.052031 -32.092144 32.294868
v 20.934259 -30.039043 31.826681
v 21.636765 -28.124252 31.478737
v 21.370634 -26.753502 31.240257
v 20.442499 -26.244047 31.140703
v 21.371841 -24.727045 30.953854
v 22.600845 -22.485167 30.589890
v 22.127590 -20.361195 30.216808
v 20.895145 -19.016956 30.344988
v 19.566061 -18.419075 30.391911
v 20.367622 -16.391899 29.978136
v 20.864161 -14.042971 29.445644
v 19.895918 -12.599103 29.168468
v 18.836294 -11.663628 29.051250
v 17.744438 -10.334905 28.861692
v 16.759193 -9.454289 28.805450
v 17.211760 -7.900287 28.543234
v 18.939034 -6.959749 28.196558
v 18.634422 -4.914991 27.844707
v 17.233419 -4.055976 27.722252
v 16.054186 -4.138687 27.668371
v 16.076468 -2.645275 27.165535
v 16.070881 -0.757273 26.544119
v 15.269148 -0.469922 26.261709
v 15.408055 0.606493 25.966274
v 13.462711 0.241336 25.396631
v 14.304710 1.214153 24.970842
v 13.386999 1.844929 24.525358
v 14.302003 2.582988 24.371712
v 14.120691 4.018598 23.781878
v 13.646578 5.746635 23.229940
v 11.861177 5.640288 22.667616
v 11.201709 5.699618 22.187737
v 11.012283 6.618840 22.010973
v 9.801909 6.445865 21.478752
v 9.490490 8.239636 20.749262
v 8.640791 8.812280 19.950958
v 8.595124 9.969005 19.721409
v 7.348508 10.183000 18.726688
v 6.347575 9.729244 18.116724
v 5.419368 9.851555 17.361654
v 26.410547 -35.194675 0.570067
v 26.578632 -33.021904 0.743314
v 26.064598 -31.825272 0.870667
v 27.639231 -30.610498 0.723716
v 27.878189 -28.165024 0.777111
v 27.499725 -26.812094 0.883304
v 27.017979 -25.322332 1.023329
v 26.515657 -23.626781 1.166289
v 25.464827 -22.955091 1.268135
v 26.236483 -20.958920 1.162895
v 24.902622 -19.134050 1.220680
v 23.777348 -18.679926 1.277954
v 24.442694 -16.555315 1.143830
v 22.961088 -14.804592 1.123115
v 21.971886 -13.307501 1.078284
v 21.123444 -11.858422 1.019230
v 20.219963 -10.698341 0.955949
v 19.648575 -8.326016 0.826227
v 19.155294 -6.289814 0.690601
v 18.562098 -5.060417 0.603842
v 17.605543 -4.661098 0.582375
v 18.423590 -2.587040 0.492510
v 17.753836 -0.720325 0.420032
v 17.140474 0.864342 0.377699
v 16.538778 2.675127 0.364175
v 15.541053 3.358611 0.406613
v 16.563833 5.320344 0.508422
v 15.452834 7.184410 0.602983
v 14.467866 7.733602 0.648104
v 14.797103 9.444993 0.794984
v 13.456739 9.755032 0.841769
v 12.684932 11.348978 0.995253
v 11.041593 13.588146 1.378474
v 10.016629 13.245531 1.435895
v 9.167582 14.094510 1.911943
v -3.882423 15.150107 1.196612
v -4.796836 14.795224 0.693586
v -6.557217 14.736054 0.472513
v -8.541264 14.774996 0.423262
v -10.419170 14.710381 0.464189
v -12.371753 14.651879 0.755817
v -14.426135 14.753539 1.271435
v -16.367243 14.896124 1.963247
v -17.173088 14.506250 2.459055
v -18.345886 14.991939 3.226523
v -18.888433 14.748717 4.002264
v -19.624880 14.584484 5.232817
v -20.194685 14.344243 6.812582
v -20.836710 14.503230 8.970117
v -21.143961 14.607490 11.097420
v -21.069279 14.864323 13.505468
v -20.450010 14.646648 15.225844
v -19.474619 14.603033 16.588636
v -18.363220 14.327157 17.716837
v -13.258853 16.093100 19.183414
v -15.038597 16.059013 19.033596
v -16.449842 15.742153 18.777655
v -18.507870 16.030975 17.764097
v -4.488548 16.761421 14.348285
v -5.305169 16.713726 15.535941
v -5.861103 16.375301 16.415962
v -6.706889 16.242220 17.287828
v -7.720535 16.060564 18.024866
v -8.702230 15.687349 18.619616
v -9.956982 17.632053 18.478952
v -12.250924 18.004374 18.851969
v -13.733959 17.716661 18.874668
v 5.861257 11.613398 16.476007
v 6.368674 14.258934 15.056935
v -3.479774 17.567287 11.284869
v -3.813908 16.852873 13.083119
v -2.899912 -78.791084 32.271084
v -2.950469 -79.706612 33.083221
v -3.001155 -81.583519 32.444843
v -3.096669 -81.745918 30.415819
v -3.091208 -81.524178 28.758406
v -3.018876 -81.518265 26.899004
v -2.756758 -81.496979 25.050003
v -2.394127 -81.529778 23.147648
v -1.796239 -81.599602 21.122433
v -1.548448 -81.145798 19.908407
v -0.603180 -71.206070 38.974213
v -0.867890 -72.834496 39.025639
v -1.489450 -73.828972 38.409573
v -1.914233 -75.427513 37.981777
v -2.343730 -75.366043 37.313728
v -2.354905 -76.692535 37.403809
v -2.877073 -77.951767 36.432056
v -2.663563 -80.037598 36.333996
v -2.759072 -80.152855 34.621365
v -0.742780 -81.561554 18.815174
v -0.489041 -81.151550 17.877487
v 0.220327 -81.241737 16.898615
v 1.197424 -81.440025 15.757769
v 2.439779 -81.515083 14.260659
v 3.440754 -81.554970 13.221695
v 3.804915 -80.975128 12.329845
v 4.841525 -80.792709 11.263319
v 6.205080 -80.738144 10.163054
v 5.235233 -79.395821 9.859843
v 4.689743 -78.674118 9.672559
v 5.637159 -78.651276 8.964969
v 7.224942 -78.120743 7.655005
v 7.101274 -76.500443 6.417485
v 6.262003 -75.278831 5.439465
v 8.194379 -75.079971 4.772645
v 7.858070 -73.155640 3.062953
v 7.022207 -72.323349 2.316684
v 8.707362 -71.282700 1.648991
v 11.137957 -71.114616 1.698175
v 12.857384 -70.632996 1.650475
v 15.370209 -69.997948 1.542124
v 0.755129 -71.803345 40.213074
v 1.601331 -71.475525 40.815697
v 1.803397 -70.180069 40.590347
v 2.917316 -70.288132 41.261326
v 3.606800 -68.383438 41.100307
v 2.940753 -67.431519 40.493240
v 3.780773 -66.339897 40.594765
v 3.768788 -65.017136 40.125324
v 4.848338 -63.995079 39.945724
v 4.630963 -62.887421 39.682327
v 16.504629 -68.457092 0.967217
v 16.774780 -67.005699 0.567405
v 17.119593 -65.252541 0.246859
v 16.722137 -64.224831 0.103816
v 18.225998 -63.120670 0.092423
v 18.393326 -60.798428 -0.048641
v 17.965302 -59.274029 -0.089762
v 17.766716 -58.293407 -0.102922
v 19.425081 -57.154400 -0.088836
v 20.080963 -55.040138 -0.077483
v 20.738411 -52.918037 -0.058703
v 20.491240 -51.688698 -0.035427
v 22.048578 -50.277267 0.002187
v 21.658146 -48.877464 0.043557
v 23.249855 -47.469044 0.090650
v 22.824606 -46.071022 0.147748
v 24.447121 -44.737869 0.148814
v 24.819492 -42.305927 0.250263
v 24.542074 -41.132343 0.347654
v 26.242683 -40.045403 0.276689
v 26.655010 -38.062260 0.347144
v 27.457655 -36.282688 0.364035
v 6.159898 -62.596851 40.111637
v 6.326619 -61.622463 39.926552
v 7.141547 -61.137512 40.122532
v 6.803220 -60.243351 39.745171
v 7.811688 -59.613747 39.838631
v 7.955782 -58.252701 39.482067
v 8.304136 -56.949749 39.213516
v 9.512222 -57.260765 39.875755
v 11.132195 -56.509094 39.975552
v 10.934152 -55.250549 39.563339
v 11.976259 -55.345356 39.778034
v 13.787045 -54.568130 39.777882
v 15.029741 -52.837025 39.349110
v 14.383276 -51.894085 38.935658
v 13.549961 -51.546841 38.607479
v 14.610162 -50.805843 38.570980
v 16.207647 -49.836468 38.173855
v 15.486834 -48.816841 37.787014
v 16.967554 -47.619808 37.493553
v 16.451567 -45.764343 36.896652
v 15.473047 -44.490604 36.392403
v 14.184586 -44.707886 36.507793
v 16.752001 -42.535393 35.690720
v 16.278103 -41.157108 35.281483
v 17.548092 -39.876987 34.872185
v 16.567957 -38.748650 34.623608
v 19.073408 -38.275833 34.308922
v 19.659195 -36.700073 33.759895
v 20.513933 -34.944214 33.111767
v 20.352070 -33.608402 32.686970
v 22.463869 -31.851681 32.062252
v 22.989883 -30.080833 31.744127
v 23.657791 -28.129515 31.414633
v 23.404249 -26.741581 31.255619
v 22.403732 -26.125660 31.176023
v 23.445711 -24.597380 30.918524
v 24.526999 -22.422834 30.597576
v 23.953009 -20.378141 30.246593
v 23.303478 -18.768370 30.045841
v 22.383455 -17.807238 30.041506
v 21.655296 -16.908108 30.102797
v 22.608540 -14.854211 29.693769
v 21.913933 -12.650320 29.237061
v 20.918781 -11.607130 29.023172
v 19.911091 -10.731292 28.854315
v 18.939711 -9.257267 28.661642
v 20.797047 -8.775607 28.474421
v 19.944975 -7.014135 27.975239
v 20.504454 -5.250697 27.660610
v 19.235130 -3.523102 27.430408
v 17.986652 -3.117681 27.500965
v 18.120407 -1.473252 26.907681
v 17.247786 0.365494 26.354069
v 17.034096 1.202312 25.812958
v 16.950195 2.198334 25.225126
v 15.547143 2.332852 24.904997
v 15.754573 3.976047 24.146624
v 15.917542 5.920143 23.524403
v 15.114058 7.164039 23.216675
v 13.467320 7.178739 22.845226
v 12.347665 6.705016 22.606480
v 11.875524 8.411709 21.889154
v 10.239853 9.174917 20.434963
v 9.533642 9.656280 20.318539
v 10.007686 11.290906 20.285538
v 8.523176 11.666849 19.399607
v 7.672687 11.485048 18.580423
v 6.772565 11.222859 17.755571
v 28.483393 -34.623760 0.346770
v 28.552792 -32.938137 0.447595
v 28.093876 -31.804897 0.610493
v 29.562063 -30.578859 0.459192
v 29.838947 -28.128441 0.540192
v 29.515759 -26.834833 0.633504
v 29.132023 -25.283279 0.744460
v 28.778786 -23.217648 0.920525
v 27.483927 -22.807398 1.065451
v 28.094181 -20.496761 1.000434
v 27.033606 -18.817430 1.126359
v 25.821970 -18.320532 1.151593
v 26.510996 -16.091541 1.011320
v 25.238499 -14.224655 1.008265
v 24.166119 -13.336048 1.002511
v 23.144403 -11.903127 0.978182
v 22.213997 -10.775057 0.949855
v 21.690067 -8.667778 0.849501
v 21.295746 -6.515727 0.745491
v 20.470690 -5.401405 0.664537
v 19.516045 -4.357430 0.565568
v 20.629131 -2.415396 0.499439
v 19.833338 -0.886924 0.461076
v 19.151392 0.743449 0.415477
v 18.529825 2.672199 0.367260
v 17.525808 3.379059 0.402145
v 18.620668 5.399450 0.518495
v 17.625395 7.384226 0.636070
v 16.441128 7.904408 0.656100
v 17.213821 9.527311 0.787834
v 16.062246 11.430546 0.895021
v 14.439393 11.317024 0.926701
v 14.512446 12.836895 1.002677
v 13.216108 14.588731 1.256860
v 11.451406 15.045939 1.605304
v 10.189250 15.293985 2.036465
v 9.191120 15.804930 2.538839
v 7.872734 16.382286 3.795237
v 7.306521 18.899612 6.198199
v -4.135973 16.550697 1.612669
v -5.335241 16.339823 0.842690
v -6.991222 16.260500 0.544623
v -9.114634 16.305973 0.501780
v -11.199479 16.321323 0.572034
v -13.126147 16.241879 0.788724
v -14.948703 16.235468 1.229558
v -17.032391 16.499037 1.990179
v -17.854195 16.243315 2.568081
v -18.559246 16.024876 3.176728
v -19.999660 16.349064 4.551124
v -20.338770 15.929647 5.495704
v -21.029490 16.267090 7.628014
v -21.310394 15.817686 9.153756
v -22.016893 16.258595 11.434157
v -21.807163 15.979566 13.082111
v -21.451147 16.578985 14.981715
v -20.707602 16.008848 15.882783
v -19.875355 15.921077 16.843822
v -15.586688 17.611710 18.766008
v -17.597961 17.516796 18.395876
v -19.358683 18.030594 17.573420
v -20.625811 17.604221 16.533909
v -4.647513 18.152100 13.348628
v -5.166428 17.974892 14.362311
v -5.680453 17.898493 15.151412
v -6.407441 17.759432 16.164612
v -7.319328 17.652992 17.102444
v -8.171896 17.410038 17.861403
v -9.173055 19.255238 17.789297
v -10.774535 19.524920 18.514273
v -12.423688 19.404785 18.627529
v -14.466769 19.569242 18.617971
v -16.099335 19.253452 18.522722
v 7.187581 13.096565 17.440779
v 6.355568 16.015802 13.762293
v 6.761621 15.759972 15.545760
v 7.193933 14.957570 16.789455
v 6.209063 16.730955 11.374615
v -4.639685 20.455957 11.416095
v -4.474882 18.976688 12.377043
v -2.420427 -81.206665 33.779613
v -2.440073 -82.846191 34.462006
v -2.737941 -83.188011 32.362934
v -2.810643 -83.071152 30.658369
v -2.769239 -83.059723 28.811453
v -2.677002 -83.003990 27.017235
v -2.287315 -83.019394 25.206369
v -1.756683 -83.100494 23.364697
v -0.999827 -83.315720 21.414537
v -0.401830 -83.241066 20.085249
v -0.180565 -82.667244 19.155291
v 0.248459 -73.724182 40.193901
v -0.614926 -75.304169 39.577461
v -1.373115 -76.202278 38.772091
v -1.841122 -76.569832 38.165382
v -1.720664 -77.793091 38.383533
v -2.335866 -78.056351 37.496254
v -2.047381 -79.474724 37.867786
v -2.042823 -81.422829 37.705574
v -2.481737 -81.686600 36.349072
v -2.667318 -81.212852 35.162849
v 0.431786 -82.541847 17.895531
v 1.353270 -82.645721 16.702883
v 2.722104 -83.205780 15.418486
v 3.453320 -83.004425 14.408512
v 4.445780 -82.874832 13.260158
v 4.962626 -82.438385 12.404707
v 6.124007 -82.322365 11.305278
v 7.894788 -82.307404 9.957270
v 7.440005 -80.810410 9.391076
v 7.021331 -79.686089 8.887986
v 8.568101 -79.825127 8.194753
v 8.120567 -78.403183 7.460954
v 8.562050 -77.400177 6.618307
v 10.266803 -76.601303 5.587308
v 10.275180 -74.929550 4.342834
v 9.592383 -73.460510 3.245562
v 8.745646 -72.448257 2.463650
v 8.033396 -72.241821 2.279878
v 9.518376 -72.356575 2.383422
v 11.017785 -72.487183 2.466545
v 13.297906 -72.298164 2.536119
v 15.472714 -71.919365 2.499468
v 17.342857 -71.487709 2.392767
v 17.610596 -70.140831 1.750706
v 18.076548 -68.671181 1.190890
v 1.504500 -73.799599 41.234585
v 2.198664 -72.908432 41.552952
v 2.537085 -71.675247 41.442348
v 3.707007 -71.636665 42.062782
v 3.683391 -70.486954 41.756458
v 4.509097 -69.489761 41.852230
v 5.171787 -67.054085 41.281551
v 4.671855 -65.971237 40.540810
v 5.039730 -65.002945 40.628582
v 6.349216 -63.946980 40.537823
v 18.651323 -67.088554 0.729578
v 18.995859 -65.296509 0.374557
v 18.635153 -64.263298 0.208681
v 20.173307 -63.228577 0.177440
v 20.405041 -60.826336 -0.001181
v 20.225142 -59.194782 -0.056448
v 19.496494 -58.632553 -0.070774
v 21.424475 -57.165981 -0.068609
v 22.076597 -55.035545 -0.079262
v 22.698463 -52.880028 -0.050003
v 22.408220 -51.629478 -0.029940
v 24.037407 -50.258415 -0.012529
v 23.640039 -48.882061 0.028678
v 25.219004 -47.475677 0.025672
v 24.834167 -46.094467 0.086727
v 26.461620 -44.761936 0.060554
v 26.826118 -42.307240 0.133557
v 26.541389 -41.147495 0.193402
v 28.235792 -39.995007 0.129688
v 28.640659 -37.775917 0.179905
v 28.329241 -36.791489 0.232083
v 29.768902 -35.422016 0.170280
v 6.615293 -63.061405 40.572483
v 7.905104 -62.706589 40.940758
v 8.451892 -60.993587 40.593548
v 8.167272 -60.249924 40.254326
v 9.327584 -59.625835 40.330608
v 8.817773 -58.534035 39.964500
v 9.693652 -58.356903 40.235710
v 11.133744 -58.524063 40.474792
v 12.632521 -57.658691 40.718815
v 12.359831 -56.280056 40.217766
v 12.752784 -55.523956 40.118889
v 13.719521 -56.232975 40.487061
v 14.409343 -55.365543 40.234360
v 15.967584 -55.133892 40.240917
v 16.516916 -53.300819 39.539066
v 16.961636 -51.396576 38.814713
v 15.604839 -51.120113 38.782337
v 17.920689 -49.939919 38.165123
v 18.380747 -48.444637 37.736237
v 19.115225 -46.649540 37.251923
v 18.206486 -45.868469 37.036030
v 17.894497 -44.814484 36.603645
v 16.871513 -44.249790 36.280750
v 18.340303 -43.679874 36.053509
v 19.056137 -42.039078 35.480385
v 18.334656 -41.123356 35.222141
v 19.652170 -39.999477 34.859604
v 20.713945 -37.854717 34.127621
v 19.633980 -37.661232 34.070324
v 20.722906 -36.675610 33.717434
v 21.895336 -35.620258 33.253494
v 22.298742 -33.529491 32.553085
v 24.531557 -31.850842 31.936417
v 25.062374 -30.065516 31.558714
v 25.708197 -28.136084 31.274200
v 25.458181 -26.704372 31.141014
v 24.437408 -26.064228 31.106623
v 25.576212 -24.263811 30.842436
v 26.216885 -22.095192 30.624306
v 25.692360 -20.728456 30.444510
v 25.279411 -19.256754 30.182114
v 24.727629 -17.696049 30.000547
v 23.690512 -16.674643 30.070019
v 24.931265 -14.572463 29.700212
v 23.917440 -12.729102 29.354818
v 22.953579 -11.795294 29.154533
v 21.966011 -10.747080 28.910723
v 23.212265 -9.135489 28.658854
v 22.582062 -6.702713 27.990936
v 20.939032 -6.964418 28.061720
v 22.745155 -4.666163 27.348965
v 21.350006 -3.457747 27.050852
v 19.969807 -2.552731 26.955034
v 19.548506 -0.405668 26.362612
v 18.508345 0.200744 26.408062
v 18.805864 1.666129 25.494698
v 18.425383 3.762324 24.399607
v 16.774914 3.590545 24.526379
v 17.922480 5.623656 23.592846
v 17.714714 7.450539 23.096497
v 16.347208 8.526961 22.869244
v 14.876974 8.413010 22.834728
v 13.815733 8.206093 22.736458
v 13.909516 9.806803 22.220554
v 12.251544 9.945976 21.763462
v 11.122856 9.978184 21.024868
v 10.432669 10.056578 20.419327
v 12.367768 11.164635 21.462202
v 11.715188 13.269116 20.865730
v 10.204461 13.311159 20.284212
v 9.343704 13.231323 19.749418
v 8.754020 12.720694 19.364916
v 8.053047 12.697280 18.679056
v 30.435225 -32.962521 0.175128
v 30.009119 -31.777983 0.304854
v 31.487814 -30.582075 0.179605
v 31.759663 -28.156773 0.297776
v 31.441484 -26.870728 0.392143
v 31.058224 -25.377460 0.495776
v 30.709536 -23.800520 0.588313
v 30.401598 -22.172392 0.675883
v 29.460361 -20.519562 0.827634
v 28.948036 -19.236437 0.873741
v 28.446501 -17.488886 0.894610
v 27.881477 -15.508972 0.869500
v 27.150183 -14.104504 0.870356
v 26.231670 -13.151256 0.894578
v 25.238796 -11.790004 0.897409
v 24.204170 -10.746765 0.879942
v 23.590759 -8.639007 0.822172
v 23.138046 -6.616134 0.743881
v 22.443150 -5.990739 0.727282
v 22.153654 -4.189747 0.622583
v 22.458139 -1.817623 0.504197
v 21.808090 -0.713218 0.483325
v 21.226042 0.733237 0.460102
v 20.605762 2.703150 0.433300
v 19.533548 3.378214 0.425041
v 20.650923 5.418791 0.543150
v 19.913378 7.036221 0.646952
v 19.213507 8.757775 0.759696
v 18.527563 10.514290 0.861356
v 17.529970 11.096630 0.887632
v 17.946001 12.672481 0.926871
v 16.072618 12.932623 0.973716
v 15.894459 14.712832 1.041792
v 14.254540 16.445221 1.380639
v 12.874678 16.330429 1.682333
v 11.495971 16.557617 2.128347
v 10.638241 16.023376 2.179744
v 9.931473 17.015459 2.721907
v 9.117079 18.884331 3.618247
v 8.149762 18.736073 4.525074
v 8.441253 20.743071 4.628439
v 7.678602 20.950186 5.683266
v 7.251395 21.890444 7.046933
v 6.777703 19.826830 9.027377
v 6.510453 17.804922 8.649015
v -4.521102 18.753654 2.507042
v -5.919817 18.030134 1.158740
v -7.373107 17.786283 0.612635
v -9.555003 17.908329 0.546385
v -11.814398 17.895866 0.583813
v -14.284038 18.033245 0.852381
v -15.492135 17.532145 1.136045
v -17.195093 17.806026 1.739824
v -18.923956 18.223219 2.604533
v -19.376797 17.590328 3.355933
v -20.481529 17.675148 4.787306
v -21.099806 17.690599 5.726388
v -21.289606 17.463337 6.874320
v -21.885742 17.888208 8.999158
v -22.086763 17.664927 10.977259
v -22.330948 17.631502 12.896193
v -22.144535 17.378769 14.239474
v -21.615599 17.685520 15.524223
v -17.570934 18.988913 18.376217
v -19.327309 19.534246 17.686607
v -20.630829 19.359480 16.926559
v -21.646524 19.479809 15.912140
v -22.282116 18.863430 14.346104
v -5.363988 19.916191 13.344907
v -5.932620 19.185194 14.623285
v -6.923739 19.192850 15.973966
v -7.693615 18.967396 16.895029
v -8.610928 20.808891 16.834038
v -9.980686 21.104877 17.912693
v -11.222604 20.929882 18.248087
v -12.817405 20.899965 18.498493
v -14.492903 20.873779 18.491026
v -15.575172 20.871595 18.443918
v -16.644390 20.856419 18.324619
v -18.431225 20.702040 18.036945
v 7.720180 14.550027 17.804222
v 8.638808 14.313243 18.929117
v 6.406915 17.165596 13.127629
v 6.567550 17.133507 14.211133
v 6.737135 16.742735 15.108309
v 6.974450 16.604643 15.919961
v 7.474519 16.614271 16.907545
v 8.248902 15.995367 18.175802
v 6.191780 16.766848 9.516052
v 6.297002 17.344839 10.027098
v 6.458557 18.415438 10.720757
v 6.438179 18.032768 12.411554
v -6.180028 24.993891 9.413429
v -5.759562 22.840199 11.425576
v -5.832690 21.888031 12.642154
v -5.461435 20.870295 12.808259
v -2.059513 -83.208305 37.054386
v -1.705150 -84.698715 35.818687
v -2.359341 -84.835197 33.972054
v -2.516701 -84.210045 32.608250
v -2.532273 -84.470177 30.741783
v -2.426777 -84.522186 28.841595
v -2.196482 -84.521408 27.051352
v -1.771528 -84.523621 25.343649
v -1.245935 -84.583450 23.626711
v -0.407891 -84.803696 21.800705
v 0.068029 -84.630058 20.774857
v 0.801820 -84.735237 19.744568
v 0.983777 -84.134987 18.874252
v 2.092673 -84.307327 17.357920
v 0.287891 -75.932686 40.678902
v 1.795140 -75.714615 41.822842
v -0.228891 -77.196075 40.269890
v -0.870524 -77.652870 39.530869
v -1.071629 -79.508438 39.345196
v -1.274436 -81.239082 39.066654
v -1.385057 -82.946655 38.828598
v 3.343178 -84.461952 15.772395
v 4.443634 -84.512482 14.501303
v 5.515054 -84.430046 13.331473
v 6.902932 -84.231979 11.943833
v 8.020251 -83.862053 10.826019
v 9.501287 -83.886688 9.886063
v 8.816737 -82.793823 9.680223
v 9.160354 -82.041862 9.103645
v 10.399916 -80.883858 8.036750
v 9.733308 -79.844604 7.739156
v 10.337501 -78.892517 7.042695
v 11.891026 -77.646812 5.998839
v 11.303656 -76.666199 5.441020
v 11.840326 -75.655510 4.672414
v 11.409542 -73.991997 3.526152
v 13.472157 -74.158112 3.652957
v 15.891767 -73.675797 3.500801
v 18.334311 -73.193466 3.310551
v 19.359217 -71.683975 2.509041
v 19.454403 -70.338631 1.899930
v 20.037104 -68.721298 1.308102
v 20.580479 -67.128044 0.816984
v 2.964845 -74.565765 42.390747
v 3.310953 -73.270264 42.271111
v 4.629901 -73.408173 42.855373
v 5.120360 -71.714760 42.660820
v 5.053475 -70.601303 42.339043
v 6.169044 -69.363106 42.518559
v 5.918104 -68.059013 42.089191
v 7.047594 -66.971748 41.984959
v 6.607524 -65.440948 41.272026
v 5.349402 -65.838799 40.894154
v 7.426475 -64.185776 41.226006
v 20.898163 -65.336143 0.453097
v 20.558353 -64.326988 0.295642
v 22.137741 -63.335007 0.216931
v 22.310062 -61.261963 0.049742
v 22.507326 -59.278755 -0.052910
v 21.566078 -58.634613 -0.056110
v 23.434406 -57.070614 -0.060427
v 24.068811 -55.012646 -0.049582
v 24.719646 -52.895924 -0.051484
v 24.430071 -51.657516 -0.040669
v 26.045210 -50.284107 -0.048932
v 25.623163 -48.888725 -0.009782
v 27.204262 -47.467304 -0.002739
v 26.814734 -46.076050 0.019599
v 28.423412 -44.734554 -0.009649
v 28.822233 -42.307690 0.024152
v 28.536642 -41.127148 0.066868
v 30.246132 -39.958038 0.020842
v 30.659658 -37.680279 0.039209
v 30.314459 -36.542488 0.081794
v 32.013988 -35.369644 0.015113
v 32.347019 -33.035339 0.009784
v 8.628571 -63.982998 41.706478
v 8.671785 -63.095249 41.645309
v 9.666199 -62.844215 41.729984
v 9.964644 -61.171532 41.131828
v 10.571741 -59.879745 40.761696
v 11.794631 -60.305077 41.232059
v 14.145941 -59.527920 41.516144
v 14.648273 -57.626556 41.048256
v 15.328335 -56.424812 40.676537
v 17.273129 -56.523308 40.777443
v 18.370033 -54.848282 40.365883
v 18.521090 -53.495716 39.671921
v 18.614655 -51.909893 39.016430
v 18.948677 -50.387505 38.430252
v 19.998875 -48.707130 37.715458
v 20.722330 -46.706921 37.074089
v 20.508121 -45.223297 36.687565
v 19.410734 -44.711575 36.679703
v 20.793570 -42.839409 35.764629
v 20.365702 -41.217079 35.214237
v 21.548323 -40.044296 34.781719
v 22.606541 -38.410385 34.121815
v 21.817598 -37.406937 33.729931
v 23.473072 -36.726196 33.470238
v 24.116690 -34.944752 32.834690
v 24.160755 -33.560883 32.430958
v 26.483803 -32.028255 31.812515
v 26.942228 -30.191130 31.380930
v 27.705582 -28.154081 31.052160
v 27.510860 -26.616205 30.948595
v 26.479326 -26.030519 30.999212
v 27.634357 -24.435919 30.775461
v 27.736790 -22.311735 30.600361
v 27.479374 -20.694065 30.573875
v 26.773331 -19.146086 30.397413
v 26.132627 -17.763523 30.102186
v 26.530718 -15.864238 29.878645
v 26.908566 -13.985864 29.698891
v 26.008755 -12.658875 29.467056
v 25.029688 -11.749947 29.235395
v 24.034286 -10.778769 29.016085
v 25.276365 -9.162959 28.710207
v 25.124731 -6.749972 28.066654
v 24.431772 -4.992998 27.319704
v 23.831039 -3.752387 26.898687
v 22.990063 -2.441188 26.491505
v 22.057121 -2.970909 26.808331
v 21.053761 -1.248966 26.237907
v 20.618446 0.893395 25.627913
v 20.728155 2.657028 24.592485
v 20.163588 3.740026 24.126474
v 20.027094 5.667965 23.196701
v 19.473478 6.803752 22.910114
v 19.161533 7.913088 22.632082
v 18.578220 9.678163 22.274904
v 16.882973 10.175594 22.262358
v 15.750448 9.995163 22.357779
v 15.753391 11.445158 21.816259
v 14.004410 11.347982 21.748474
v 12.829561 10.258511 21.701721
v 14.116691 12.880366 21.369469
v 13.315876 15.013336 21.023348
v 11.527368 14.853001 20.846161
v 10.543796 14.361530 20.501036
v 9.627216 14.287811 19.944860
v 31.923487 -31.811098 0.058022
v 33.442112 -30.587652 0.002521
v 33.692825 -28.194777 0.084919
v 33.288460 -27.052080 0.167329
v 32.991283 -25.628286 0.249679
v 32.611153 -23.990664 0.349550
v 32.166889 -22.265928 0.430121
v 31.683308 -20.281055 0.513672
v 30.594648 -19.221016 0.673375
v 29.666931 -18.477390 0.792683
v 30.319118 -16.321131 0.714691
v 29.012627 -14.658000 0.792734
v 28.085661 -13.179221 0.777761
v 27.203548 -11.837440 0.806664
v 26.240417 -10.775619 0.808713
v 25.660805 -8.666659 0.778085
v 25.119905 -6.536547 0.739208
v 24.324568 -5.529492 0.696332
v 23.458315 -4.683563 0.661110
v 24.339088 -2.682780 0.605804
v 23.735043 -0.805238 0.537245
v 23.092485 0.719846 0.512628
v 22.488123 2.075124 0.500065
v 22.175333 3.583586 0.524758
v 22.482664 5.955798 0.643207
v 21.865417 7.104100 0.694085
v 21.301228 8.622558 0.759620
v 20.680067 10.505854 0.904144
v 19.510103 11.100363 0.923597
v 20.502094 12.803747 0.854601
v 19.376736 14.797397 0.767771
v 17.705597 14.557322 0.931012
v 17.586931 16.023878 0.941763
v 15.885934 17.665186 1.239613
v 13.852003 18.072037 1.657690
v 12.347633 17.811972 2.093079
v 11.253915 17.729715 2.491388
v 10.690281 17.675940 2.704868
v 10.644088 18.874792 2.916376
v 9.892982 20.857059 3.431682
v 9.206839 22.719858 4.045489
v 8.427786 22.353647 4.786111
v 7.931691 22.077971 5.312044
v 8.156621 23.785013 5.405281
v 7.327384 23.992998 7.094863
v 6.942709 23.429386 8.630173
v 6.830514 22.138580 9.113464
v 6.867292 21.230494 9.011254
v 6.618802 21.125708 10.914928
v 6.586961 19.738913 10.857703
v -7.364664 20.357782 1.268589
v -7.503525 18.913893 0.829293
v -9.640415 19.707516 0.619558
v -12.344223 19.493322 0.548231
v -14.422973 19.391697 0.687708
v -16.241220 19.634996 1.057700
v -17.593386 19.383888 1.725546
v -18.909901 19.168243 2.452949
v -20.165924 19.654089 3.291032
v -20.696993 19.317501 3.985058
v -21.307945 19.185383 5.226563
v -21.950901 19.151476 7.157766
v -22.245420 18.859451 8.811599
v -22.600018 19.137859 10.673926
v -22.693844 19.154625 12.322778
v -20.330406 21.269260 17.437572
v -21.176600 20.930452 16.553047
v -21.901670 20.648016 15.862605
v -22.707453 20.855225 14.396810
v -23.194118 20.607214 12.348159
v -6.116973 21.324116 13.641573
v -6.683995 20.974279 14.571654
v -7.289529 20.533188 15.639745
v -8.305278 22.458998 15.706052
v -9.436176 22.623619 16.839640
v -10.346540 22.466347 17.559315
v -11.660057 22.490286 18.111500
v -13.308846 22.451803 18.307693
v -14.926969 22.333937 18.347677
v -16.565639 22.191031 18.269382
v -18.619173 22.597015 17.859598
v -20.194555 22.475773 17.429855
v 9.309170 16.275906 19.314657
v 10.294608 15.739515 20.191122
v 6.706688 18.377544 14.129754
v 6.883517 17.779589 15.176957
v 7.269012 17.659763 16.311655
v 7.935428 18.017927 17.491978
v 8.470030 17.760303 18.302858
v 9.388314 17.606028 19.173410
v 6.585273 19.840864 12.896292
v -7.041552 25.562759 11.527617
v -7.572611 27.843630 9.630143
v -6.361702 24.133909 11.417306
v -6.729525 23.681381 12.772949
v -6.436656 22.360252 13.385316
v -1.591952 -84.754433 38.451023
v -2.017812 -84.584152 37.139477
v -1.872216 -85.935257 37.093517
v -1.590219 -86.305252 35.707836
v -2.077610 -86.170380 34.259216
v -2.358993 -86.359749 32.470455
v -2.336481 -85.849472 31.068872
v -2.109059 -86.008064 28.748262
v -1.743270 -86.025826 26.949331
v -1.207654 -86.014412 25.359932
v -0.642383 -86.051117 23.845158
v -0.002753 -86.162697 22.346720
v 0.960873 -86.525070 20.898108
v 1.065501 -85.763962 20.171101
v 2.517906 -86.480042 18.676729
v 2.562583 -85.663086 18.051477
v 3.775010 -86.225983 16.741779
v 4.347033 -86.016212 15.761710
v 1.093656 -77.358559 41.670357
v 0.318857 -77.826164 41.008018
v 2.043142 -77.236710 42.396240
v 2.806568 -76.927261 42.756680
v 3.906564 -76.422989 43.304852
v -0.109153 -79.260345 40.633686
v -0.291985 -81.460640 40.511112
v -0.720547 -82.597061 39.965912
v -0.422820 -84.461037 40.534328
v 5.319767 -86.001854 14.557972
v 6.363720 -85.981796 13.435111
v 7.529764 -85.955536 12.365202
v 8.827655 -86.135139 11.439095
v 9.713944 -85.509132 10.633072
v 11.851223 -85.269142 9.436809
v 10.586746 -84.246300 9.483289
v 10.610711 -83.252800 9.009111
v 12.122960 -82.323143 8.147671
v 11.663489 -80.837746 7.685987
v 11.304620 -80.121941 7.458389
v 12.952122 -79.910316 7.071060
v 13.838192 -77.763100 5.907571
v 12.971014 -76.449562 5.100895
v 13.110146 -75.409569 4.404589
v 14.330162 -75.857231 4.615446
v 16.349350 -75.442848 4.502745
v 18.481850 -75.111305 4.439333
v 20.416853 -74.697685 4.208348
v 19.858521 -73.514008 3.501820
v 21.056793 -72.495132 2.844276
v 21.138973 -70.593941 1.966280
v 21.947193 -68.871696 1.325475
v 22.817947 -66.850204 0.740756
v 22.618093 -65.361267 0.459035
v 4.151161 -74.976631 43.096581
v 5.201913 -75.280090 43.618938
v 6.142731 -73.687424 43.402050
v 6.576683 -71.856316 43.260593
v 5.923539 -70.709358 42.606659
v 7.197628 -70.068367 43.110374
v 7.581995 -68.795387 42.956333
v 7.063371 -68.026398 42.554134
v 8.786812 -67.462837 42.861290
v 8.624123 -65.462952 42.054108
v 7.721110 -64.720123 41.709995
v 22.460089 -64.373993 0.325412
v 24.091675 -63.409615 0.215838
v 24.333593 -61.437347 0.085483
v 24.487097 -59.374695 -0.026149
v 23.919073 -58.183502 -0.057610
v 25.586805 -57.018505 -0.067067
v 26.100519 -54.982491 -0.067155
v 26.736790 -52.916061 -0.052726
v 26.474298 -51.693604 -0.051405
v 28.019436 -50.273663 -0.057216
v 27.618141 -48.871342 -0.040034
v 29.185225 -47.463070 -0.051871
v 28.771442 -46.063114 -0.048603
v 30.369305 -44.713036 -0.064468
v 30.800386 -42.285458 -0.044463
v 30.505688 -41.114761 -0.011201
v 32.246517 -39.949471 -0.046845
v 32.676697 -37.634220 -0.035350
v 32.353027 -36.509590 -0.009797
v 34.064262 -35.354107 -0.048592
v 34.362164 -33.022469 -0.058572
v 33.906059 -31.792217 -0.048315
v 9.081987 -64.536812 42.115414
v 9.933156 -64.118889 42.170788
v 10.312677 -63.203091 42.115395
v 11.343217 -62.943665 42.197460
v 10.555428 -61.838295 41.816769
v 11.485139 -61.446735 41.656433
v 13.216126 -61.528198 42.019028
v 14.815407 -61.492931 42.524117
v 16.595257 -60.897453 42.385681
v 16.547756 -59.377350 41.770912
v 16.179319 -58.267685 41.310093
v 18.526304 -58.123726 41.299488
v 19.499676 -56.466759 40.732948
v 19.962984 -55.122395 40.223064
v 20.523153 -53.567635 39.563389
v 20.540495 -52.062782 38.960094
v 20.273539 -50.814465 38.572041
v 21.864122 -49.322590 37.723305
v 22.349100 -47.179935 36.965366
v 22.659269 -45.218464 36.352222
v 21.674639 -44.588093 36.328976
v 23.283491 -42.795609 35.493889
v 22.548847 -41.093727 35.054913
v 23.007423 -39.715782 34.555141
v 24.149723 -39.115589 34.210236
v 23.604725 -38.011620 33.901794
v 24.316393 -37.829418 33.797737
v 25.248852 -37.008549 33.370255
v 25.555204 -35.282078 32.751835
v 25.682886 -33.742931 32.321774
v 27.051573 -32.856663 31.877007
v 26.877935 -32.101765 31.952877
v 28.331821 -31.778717 31.476295
v 28.622410 -30.279100 31.115341
v 29.126657 -28.644547 30.845787
v 29.585926 -27.037024 30.691570
v 29.087086 -25.366693 30.693766
v 28.695023 -24.241190 30.673607
v 29.399225 -23.011328 30.508732
v 29.473219 -20.916470 30.385592
v 28.447758 -20.913986 30.473223
v 28.866091 -19.628550 30.493967
v 27.868408 -19.425329 30.492327
v 28.320597 -18.183315 30.476784
v 27.097605 -17.722763 30.457533
v 28.045286 -16.297342 30.141632
v 28.549950 -14.233145 29.666866
v 27.954226 -12.635350 29.474234
v 27.029112 -11.684913 29.303658
v 26.060394 -10.781069 29.105650
v 27.238831 -9.178066 28.742834
v 26.975611 -7.084059 28.058537
v 26.845251 -5.548160 27.455622
v 26.130814 -4.208132 26.927555
v 24.843029 -2.587728 26.296446
v 23.339169 -0.955634 25.709454
v 22.257236 -0.971961 25.914755
v 21.904310 0.476631 25.268917
v 22.096134 2.416454 24.254797
v 21.594278 3.483317 23.866619
v 21.087540 3.702418 23.941671
v 21.835222 4.863736 23.067371
v 21.650976 6.867896 22.141005
v 20.658272 7.961189 22.082331
v 20.246489 9.888155 21.599089
v 19.575708 10.371641 21.736593
v 19.625250 11.539317 21.252190
v 17.746334 11.197665 21.773798
v 17.684130 13.122479 21.177212
v 15.842788 13.078575 21.386517
v 15.752200 14.862225 21.079618
v 14.433342 16.292109 20.947945
v 13.251336 16.710869 20.721592
v 12.578758 16.234610 20.581621
v 11.763419 15.927473 20.752056
v 35.448814 -30.585554 -0.059680
v 35.727444 -28.179949 -0.045396
v 35.566399 -26.515533 -0.017448
v 34.373291 -26.235445 0.093278
v 35.002144 -24.705685 0.097802
v 34.165134 -22.685825 0.224532
v 33.722244 -20.426165 0.301863
v 32.902927 -19.121731 0.417591
v 31.909113 -17.394426 0.552476
v 31.677305 -15.523421 0.611098
v 31.033455 -14.143850 0.648165
v 30.125704 -13.281168 0.699442
v 29.149860 -11.950873 0.745172
v 28.199661 -10.850534 0.740642
v 27.547024 -9.109582 0.741134
v 27.589327 -6.562314 0.724205
v 26.508034 -5.437108 0.725929
v 25.470058 -4.436385 0.676215
v 26.581533 -2.430260 0.667277
v 25.693529 -1.078960 0.610682
v 25.120020 0.548894 0.585811
v 24.445557 2.576056 0.573892
v 23.465794 3.089452 0.521340
v 24.411793 5.129811 0.661222
v 23.831556 6.994818 0.751879
v 23.215347 8.559583 0.806209
v 22.626854 9.953488 0.847870
v 22.411648 11.696990 0.842076
v 22.297306 13.797723 0.735459
v 21.382374 15.041465 0.543204
v 20.393637 16.441875 0.537168
v 19.016539 16.276890 0.775329
v 18.554188 17.926662 0.909660
v 17.106497 19.467819 1.151761
v 15.405895 19.502794 1.280149
v 14.059408 19.301962 1.599884
v 12.664291 19.242008 2.062027
v 11.718396 19.147358 2.437571
v 11.400934 20.605862 2.551857
v 10.663866 22.942698 2.793953
v 9.696121 24.315582 3.448391
v 8.982238 24.079111 4.280729
v 8.783866 25.578449 4.435524
v 8.027196 25.687595 5.715078
v 7.477110 25.414469 7.013520
v 6.792135 24.887756 9.427650
v 6.759925 23.791842 9.545785
v 6.566738 23.064354 10.679988
v 6.419136 22.318031 13.005385
v 6.425124 21.081944 12.803303
v -8.217941 22.504839 1.308551
v -9.330109 21.769983 0.805883
v -9.208580 20.776819 0.735539
v -10.828425 21.420900 0.485603
v -13.270699 21.314825 0.467999
v -15.299417 20.917273 0.770343
v -16.551205 20.599543 1.013735
v -18.166222 20.908064 1.549483
v -19.577650 21.230274 2.379042
v -20.468479 20.964058 3.355288
v -21.499903 20.815296 4.622728
v -22.012224 20.505074 5.433561
v -22.522207 20.702330 6.950087
v -23.086576 21.002724 8.678663
v -23.120354 20.422756 10.080185
v -21.439688 22.682587 16.796413
v -21.846170 22.223965 16.247066
v -22.966742 22.600508 14.717260
v -23.910206 22.840603 12.515009
v -23.988409 22.509733 10.294862
v -7.140124 22.623384 14.269945
v -8.304721 24.167812 14.770276
v -9.228186 24.131514 15.844998
v -9.892591 23.850279 16.607954
v -10.766898 23.784866 17.475792
v -11.890899 23.993195 17.848280
v -13.734104 24.207466 18.161922
v -15.490801 23.873377 18.267019
v -16.743410 23.608238 18.095640
v -18.194229 23.955219 17.894571
v -19.715963 24.255585 17.570761
v -20.405928 23.718155 17.269999
v -21.883915 24.084888 16.478373
v 10.450127 17.502577 19.893528
v 11.900003 17.318525 20.415022
v 6.960060 19.838800 15.010484
v 7.377534 19.285624 16.325661
v 7.938470 18.934566 17.456116
v 8.786559 19.192219 18.438044
v 9.714387 19.106050 19.244911
v 10.437375 18.796207 19.792177
v 6.428669 21.433578 14.282990
v 6.832565 20.848518 15.070846
v -7.945642 27.451262 11.412424
v -8.141653 26.597832 12.844418
v -7.188954 25.275810 12.528088
v -7.679481 24.997690 13.480232
v -7.433847 23.880524 13.847043
v -1.142743 -86.275406 39.568054
v -1.659866 -86.080818 38.385540
v -1.649967 -87.445351 37.955574
v -2.007454 -87.865494 35.678722
v -1.995541 -87.731277 33.787792
v -2.163652 -87.691284 31.961105
v -2.134792 -87.631058 30.140142
v -1.728051 -87.602768 28.305096
v -1.304610 -87.562508 26.584969
v -0.684966 -87.486794 25.223419
v -0.023296 -87.514847 23.843628
v 0.633598 -87.541344 22.516588
v 1.422056 -87.760033 21.245714
v 2.327188 -88.113861 20.066683
v 2.709313 -87.624428 19.187279
v 3.937660 -88.016777 17.781254
v 4.334358 -87.509285 16.915873
v 5.384832 -87.571289 15.564934
v 6.222558 -87.478821 14.495966
v 2.095501 -78.782555 42.653767
v 0.985035 -79.494644 41.893963
v 3.578519 -78.399826 43.519218
v 5.189218 -77.987373 44.264435
v 5.173670 -76.627464 43.875538
v 0.816822 -81.330956 41.810928
v 0.655625 -83.258736 41.855202
v -0.211623 -82.934265 40.747192
v 0.877181 -85.054253 42.284531
v 0.332987 -86.404877 41.870747
v -0.457501 -86.173561 40.674644
v 7.205160 -87.475685 13.436072
v 8.206464 -87.428474 12.455018
v 9.365463 -87.460953 11.552249
v 10.681339 -87.447685 10.773268
v 12.288661 -87.288849 10.007785
v 14.349674 -87.061981 9.339069
v 14.272183 -85.463882 8.932526
v 13.701014 -83.809067 8.455784
v 12.029431 -83.837418 8.800714
v 12.995951 -82.797958 8.106047
v 13.541745 -81.961967 7.748611
v 15.070501 -80.712006 7.250987
v 14.531864 -79.813515 6.945269
v 15.498446 -78.824142 6.478391
v 15.138549 -77.338722 5.616387
v 16.881643 -77.333153 5.635773
v 19.081964 -76.887680 5.485917
v 21.056383 -76.575493 5.414324
v 22.805679 -76.072319 4.903890
v 22.003332 -74.753723 4.025009
v 21.508320 -73.922340 3.582613
v 22.824919 -73.548775 3.152374
v 23.191509 -71.918839 2.316426
v 22.929052 -70.971390 1.971963
v 21.863182 -70.750778 1.946479
v 23.774530 -69.360085 1.350231
v 24.567703 -67.225990 0.742912
v 25.263275 -65.388336 0.368520
v 24.379885 -64.788956 0.315141
v 6.459275 -76.654366 44.258965
v 6.463852 -74.875450 44.034309
v 6.522164 -74.074432 43.789833
v 7.305216 -73.755882 44.007687
v 7.154230 -72.674767 43.760506
v 8.473236 -72.156960 44.011940
v 8.250941 -70.557716 43.722111
v 8.696919 -69.138336 43.546204
v 10.134608 -68.469765 43.501041
v 10.519706 -67.162987 43.333271
v 10.533464 -65.657661 42.819286
v 26.087503 -63.431618 0.153562
v 26.441504 -61.290169 0.053287
v 26.599545 -60.045296 -0.019370
v 26.921492 -58.646008 -0.059575
v 27.846600 -56.719151 -0.077053
v 28.132318 -54.890629 -0.080964
v 28.709051 -52.889278 -0.071439
v 28.431902 -51.667957 -0.054483
v 29.994246 -50.268887 -0.067425
v 29.589476 -48.863350 -0.062917
v 31.151793 -47.462440 -0.090859
v 30.733341 -46.066994 -0.066166
v 32.340824 -44.716816 -0.089226
v 32.783009 -42.280460 -0.078999
v 32.497456 -41.108990 -0.061435
v 34.261494 -39.930836 -0.080374
v 34.707329 -37.633457 -0.078118
v 34.409821 -36.501808 -0.066539
v 36.118748 -35.341042 -0.079992
v 36.400101 -33.023750 -0.077412
v 35.925777 -31.802950 -0.065825
v 11.163255 -64.325935 42.576138
v 12.805780 -64.641228 43.032055
v 12.821634 -62.959476 42.572350
v 14.484423 -63.148533 42.883717
v 16.643574 -62.712704 42.997063
v 18.353592 -62.178246 42.917511
v 18.432497 -60.802376 42.401138
v 17.999779 -59.720291 41.936623
v 20.142319 -59.244324 41.646114
v 19.840212 -58.161324 41.243580
v 20.902735 -57.116501 40.789482
v 21.306679 -55.470406 40.256134
v 22.694668 -53.916313 39.289783
v 22.406445 -52.048019 38.640957
v 21.752270 -50.882404 38.342888
v 23.477262 -50.309883 37.750458
v 23.783045 -48.983593 37.261456
v 24.428310 -47.347713 36.602901
v 24.029884 -45.459267 36.152187
v 23.653395 -44.334999 35.892380
v 24.595648 -43.752670 35.505177
v 24.941317 -42.296818 34.983570
v 24.655058 -40.859390 34.652901
v 23.802261 -40.338066 34.801964
v 25.769344 -39.634735 34.053864
v 25.217842 -38.340008 33.790363
v 26.621012 -38.223076 33.489876
v 26.820181 -36.233292 32.807690
v 27.031361 -34.783520 32.247852
v 26.810110 -33.873466 32.241837
v 28.816996 -33.406509 31.695522
v 30.250095 -31.552746 31.035641
v 30.337788 -30.239124 30.779856
v 30.458191 -28.782345 30.568600
v 30.812326 -27.245117 30.427570
v 31.015409 -25.557030 30.364325
v 30.902262 -23.771412 30.392441
v 30.902580 -22.003471 30.133509
v 30.281946 -21.412958 30.229527
v 31.283552 -19.730864 29.877466
v 30.040312 -19.494339 30.404423
v 30.081644 -17.859156 30.186342
v 29.350180 -16.656183 30.406759
v 28.211323 -16.987558 30.571289
v 30.466700 -14.819646 29.563799
v 29.806757 -12.677667 29.286469
v 28.874111 -11.730483 29.194448
v 28.011105 -10.789218 29.104828
v 29.064447 -9.199514 28.643835
v 29.034973 -6.828063 27.923704
v 28.315252 -5.325520 27.253111
v 27.605844 -4.273632 26.803303
v 27.715580 -2.447463 25.939459
v 26.182322 -2.783495 26.363958
v 26.160259 -2.152565 25.981405
v 25.903139 -0.881152 25.224318
v 24.449123 -0.933479 25.501902
v 23.817108 0.591076 24.773647
v 22.773663 1.621445 24.508877
v 23.764523 2.354852 23.675186
v 23.356640 4.025073 22.869913
v 22.240665 3.705346 23.510981
v 23.422459 5.806680 22.006945
v 22.541550 6.431804 22.023823
v 23.033077 7.915682 20.996605
v 21.800276 8.280698 21.488594
v 22.053822 10.065713 20.611641
v 21.169586 11.531005 20.582800
v 20.656389 13.329555 20.241623
v 19.578356 13.184164 20.765715
v 19.242271 14.916317 20.427691
v 17.529354 14.822240 20.853651
v 17.307327 16.421535 20.664398
v 15.437359 17.263826 20.799503
v 14.043057 17.696135 20.656242
v 13.047723 17.924000 20.414160
v 37.470448 -30.592691 -0.093659
v 37.709030 -28.170795 -0.085917
v 37.330353 -26.744766 -0.074248
v 36.596184 -26.322344 -0.083628
v 36.901794 -24.568073 -0.023404
v 35.628422 -23.161760 0.066774
v 36.233093 -21.391241 0.068493
v 34.875114 -20.099941 0.184188
v 34.524090 -17.963413 0.270539
v 33.414558 -16.254171 0.430647
v 32.593349 -14.669627 0.541200
v 31.910378 -13.182492 0.611316
v 31.135769 -11.818565 0.667665
v 30.189251 -10.827125 0.706998
v 29.458403 -9.136538 0.722708
v 29.323906 -6.551339 0.742372
v 28.873602 -5.223535 0.745773
v 28.294132 -3.880454 0.748582
v 28.428312 -1.640416 0.746522
v 27.691586 -0.295529 0.715985
v 26.652687 0.039115 0.610139
v 27.295601 2.116520 0.695218
v 25.610588 3.237970 0.634614
v 26.687660 5.342230 0.708315
v 25.898987 6.799165 0.784254
v 25.248659 8.470584 1.045474
v 24.455688 10.650548 1.424842
v 23.515627 10.772720 0.888488
v 23.727123 11.942939 1.271618
v 23.506392 13.868954 1.524694
v 22.655272 15.434119 0.872145
v 21.607994 17.516315 0.652124
v 20.216789 17.849133 0.611576
v 20.001415 19.520582 0.663438
v 18.187977 20.507729 1.016421
v 16.255533 21.154970 1.130104
v 15.335971 20.582867 1.266527
v 13.846365 20.753553 1.527058
v 12.736749 20.502695 1.937467
v 12.473108 22.383091 1.844323
v 11.641233 24.447870 1.926376
v 10.434832 25.430954 2.557048
v 9.580498 25.589502 3.417623
v 9.305050 27.126778 3.514729
v 8.231759 27.502914 5.004997
v 7.961729 26.828123 5.763736
v 7.526557 26.942562 7.325048
v 7.016982 26.798264 9.267076
v 6.550678 26.595715 11.485410
v 6.416270 25.160402 11.528759
v 6.472068 24.325109 11.117858
v 6.333308 24.190508 12.783847
v 6.718343 23.570053 14.778354
v 6.510258 22.413219 14.287620
v -8.830814 24.124268 1.331435
v -10.280589 23.412788 0.772326
v -10.759323 22.382008 0.572271
v -12.771986 22.935196 0.394441
v -15.222753 22.926115 0.486441
v -16.627192 22.588261 0.851062
v -18.388838 22.239128 1.376150
v -20.122627 22.456511 2.322370
v -21.220852 22.529112 3.317037
v -22.075584 22.682816 4.275164
v -22.347055 22.310740 5.183424
v -22.955132 22.049795 6.632124
v -23.479376 22.069115 8.390573
v -23.039980 23.781530 15.398214
v -24.139803 24.031281 13.057783
v -24.413343 25.497927 13.711063
v -24.652122 24.394176 10.575864
v -24.879839 25.182413 11.542949
v -24.113878 23.599886 8.267855
v -24.577120 24.992085 8.762484
v -9.042730 26.029058 14.610273
v -9.590437 25.182068 15.590181
v -10.282721 25.019535 16.339567
v -11.489776 25.163958 17.240459
v -11.555982 24.478176 17.669346
v -12.040939 24.914137 17.765440
v -13.170679 25.614355 17.807159
v -14.692337 25.735136 18.134842
v -16.029631 25.388712 18.129725
v -17.550470 25.015297 18.044001
v -19.663807 25.942322 17.405855
v -21.398010 25.146090 16.870058
v -22.656725 25.423819 16.187296
v -23.349882 25.247320 15.394898
v 11.589553 18.992758 20.155302
v 12.539528 18.866077 20.147425
v 7.618644 21.162720 16.737051
v 8.186280 20.818159 17.556116
v 8.801899 20.507271 18.285112
v 10.073140 20.635120 19.320583
v 11.314949 20.385792 19.943502
v 6.675523 22.475891 14.951615
v 7.221893 22.662733 16.252317
v -8.481125 29.078035 10.927073
v -8.584557 28.259472 12.138875
v -9.390550 28.252188 13.557126
v -9.032388 27.083355 13.905539
v -0.562988 -87.683502 40.460453
v -1.186574 -87.629257 39.231030
v -1.270227 -89.185715 38.748512
v -1.840110 -89.258415 36.469219
v -2.000996 -89.604156 34.649895
v -2.010268 -89.328171 33.284458
v -2.053101 -89.224998 31.455214
v -1.938289 -89.195015 29.511051
v -1.405246 -89.233047 27.660601
v -0.512756 -89.376457 25.852898
v -0.189438 -88.807320 24.964527
v 0.560341 -88.960564 23.713503
v 1.286959 -88.990295 22.449823
v 1.841651 -88.880501 21.420347
v 2.973643 -89.492996 20.078255
v 3.760421 -89.325943 18.866327
v 4.568246 -89.274086 17.692011
v 5.478795 -89.268539 16.507372
v 6.576371 -89.322258 15.146858
v 6.979729 -88.785461 14.379488
v 8.018204 -88.987991 13.338950
v 2.106872 -80.235764 42.901089
v 3.403383 -80.272804 43.735233
v 1.957107 -81.465370 42.876888
v 4.427217 -80.109383 44.349487
v 5.204050 -79.483925 44.542847
v 6.691457 -79.373924 45.184101
v 6.422796 -78.063026 44.758289
v 1.963794 -83.045799 42.987228
v 2.162372 -84.848396 43.373737
v 1.808029 -86.630653 43.334286
v 0.924581 -88.069359 42.709888
v 0.136992 -87.749512 41.641460
v 9.052927 -88.913651 12.316356
v 9.766621 -88.648277 11.609496
v 11.129420 -89.017586 10.835147
v 12.777786 -89.105545 10.256330
v 14.529388 -88.955490 9.708797
v 16.336712 -88.320633 9.362695
v 15.950030 -86.967216 9.147772
v 15.892978 -85.772133 8.889909
v 15.723395 -84.221863 8.457172
v 15.627443 -82.455437 7.866691
v 14.260825 -82.771797 8.014557
v 17.050175 -80.794235 7.256378
v 16.406761 -79.828178 6.893078
v 17.913353 -79.094482 6.610620
v 19.853718 -78.614296 6.441962
v 22.004128 -78.224670 6.399601
v 24.133930 -77.589546 5.955806
v 24.929502 -76.269234 4.860939
v 24.193487 -74.644562 3.580990
v 22.882984 -74.899391 3.956977
v 23.933214 -73.362473 2.768960
v 24.342587 -72.131371 2.162233
v 25.051107 -70.444740 1.527656
v 26.420063 -68.655273 0.847056
v 26.564943 -67.233170 0.552733
v 26.894312 -65.373993 0.276865
v 26.573038 -64.389549 0.199285
v 7.855518 -77.673523 45.139111
v 7.441383 -76.607292 44.642010
v 8.075648 -75.294685 44.608082
v 8.425481 -73.628815 44.400589
v 9.699770 -73.178665 44.616608
v 9.449172 -72.132408 44.272743
v 10.158725 -71.083969 44.210068
v 9.156423 -70.725571 43.853741
v 9.809523 -69.585281 43.968979
v 11.639109 -68.942398 44.072975
v 11.124117 -67.730476 43.731903
v 11.897780 -66.582558 43.646931
v 27.904219 -63.362358 0.077594
v 27.622110 -61.784691 0.029440
v 27.982168 -60.463684 -0.010965
v 28.416264 -58.866638 -0.031046
v 29.316666 -60.846157 -0.042200
v 29.779079 -56.575310 -0.094068
v 30.161549 -54.816193 -0.101126
v 30.686531 -52.870384 -0.106809
v 30.391769 -51.656384 -0.089977
v 31.974165 -50.260201 -0.112948
v 31.568426 -48.866425 -0.086484
v 33.140156 -47.448727 -0.110613
v 32.712826 -46.065117 -0.095273
v 34.332535 -44.709625 -0.117216
v 34.781860 -42.275043 -0.101517
v 34.504997 -41.100441 -0.096173
v 36.277332 -39.935944 -0.102023
v 36.731586 -37.630913 -0.099487
v 36.454899 -36.487663 -0.107690
v 38.160103 -35.335751 -0.097146
v 38.456123 -33.044132 -0.076028
v 37.959747 -31.829981 -0.088755
v 13.400747 -66.268776 43.561913
v 15.119493 -65.823875 43.724117
v 14.753211 -64.532509 43.297230
v 16.636581 -64.560112 43.526615
v 19.308142 -63.880173 43.415936
v 20.127512 -62.260941 42.836773
v 19.764547 -61.138451 42.443287
v 21.961044 -60.816708 42.093685
v 22.148746 -58.990925 41.364964
v 21.959036 -57.822468 40.934395
v 23.152725 -56.452255 40.185032
v 22.658770 -55.458782 39.960804
v 24.561844 -54.910576 39.197445
v 25.002922 -53.320606 38.414330
v 24.423470 -51.837437 38.027782
v 24.885504 -50.281078 37.329048
v 25.200222 -48.929108 36.912479
v 26.624016 -47.535465 36.040127
v 26.191425 -45.584335 35.652855
v 25.040590 -45.752228 36.010807
v 25.445686 -44.570988 35.606709
v 26.333784 -42.707008 34.743118
v 25.738705 -41.258228 34.485542
v 26.719778 -40.685524 34.110668
v 26.682335 -39.418659 33.795074
v 26.333916 -39.113899 33.805943
v 27.916374 -39.418285 33.448589
v 27.576307 -38.151112 33.222858
v 28.499540 -37.102852 32.684017
v 28.166712 -35.232819 32.291718
v 29.923241 -35.007271 31.834785
v 30.403263 -33.539459 31.471613
v 31.547424 -32.184280 30.836348
v 32.058147 -30.180389 30.370638
v 31.672728 -28.864260 30.313814
v 31.733681 -27.569510 30.265684
v 32.815384 -25.943052 29.782406
v 32.605228 -23.804893 29.883570
v 31.929939 -22.399717 29.932135
v 31.701902 -21.262362 29.906958
v 32.801262 -20.960014 29.416117
v 33.121044 -19.061127 29.140532
v 32.686714 -17.409367 29.182528
v 31.614445 -16.790028 29.498116
v 32.731907 -14.613091 28.843283
v 31.862457 -12.725296 28.872749
v 30.775543 -11.367956 28.854706
v 29.744184 -10.732279 28.872448
v 30.321480 -8.943352 28.336695
v 30.720940 -7.215828 28.006639
v 30.845821 -5.699801 27.340052
v 30.148993 -4.407390 26.753681
v 28.969070 -3.784537 26.438622
v 30.288567 -2.618076 25.785730
v 29.508831 -1.197605 24.846594
v 28.313400 -1.719341 25.304619
v 27.900904 -0.929683 24.899307
v 27.118998 0.530673 23.956139
v 25.330673 0.823485 24.228756
v 24.466818 1.608152 23.986031
v 25.716501 2.080304 23.183231
v 25.051727 3.893954 22.196804
v 24.503431 5.418486 21.553083
v 24.237677 6.855526 20.890636
v 24.781616 8.557600 19.414680
v 23.602369 10.396844 19.329931
v 22.822701 11.587163 19.422211
v 22.067755 12.758470 19.546421
v 21.434397 14.716901 19.374853
v 20.521185 14.797552 19.892895
v 20.457279 16.303415 19.551409
v 19.187885 16.539593 20.124002
v 18.500132 16.383598 20.390844
v 18.146757 17.700445 20.253042
v 16.323004 18.935709 20.411041
v 14.506902 18.998102 20.521252
v 13.446365 18.844854 20.380148
v 39.505547 -30.662090 -0.098939
v 39.753445 -28.193888 -0.110183
v 39.422012 -26.617804 -0.095286
v 38.367489 -25.971548 -0.070035
v 39.244530 -23.750130 -0.065439
v 37.635544 -22.594786 -0.016628
v 38.061314 -20.704866 -0.021162
v 36.831768 -19.079380 0.049387
v 35.771767 -18.677538 0.100020
v 36.345566 -16.533955 0.155343
v 34.787483 -14.901221 0.327594
v 33.724949 -13.414141 0.480888
v 32.919235 -11.979138 0.568991
v 32.102119 -10.832191 0.640108
v 31.574917 -8.816012 0.679795
v 30.935722 -6.687124 0.736841
v 30.691299 -5.351343 0.758574
v 30.407032 -3.830217 0.806742
v 29.882710 -1.784464 0.818552
v 29.622395 -0.468618 0.808224
v 29.200006 1.070004 0.776645
v 28.807047 2.699573 0.752155
v 28.571093 4.205309 0.759152
v 28.512594 6.046762 0.768249
v 27.864002 6.992731 0.833795
v 27.205732 8.434673 1.117545
v 26.446489 9.429942 1.277927
v 23.236631 16.584330 2.125180
v 22.212605 19.518585 1.257040
v 21.453302 19.397352 0.420584
v 20.848274 21.123079 0.503174
v 18.672373 22.166945 0.826287
v 16.580109 22.257076 1.026531
v 15.212942 22.320814 1.168160
v 13.981478 22.026520 1.327196
v 14.321899 23.663679 1.202317
v 12.655391 23.948311 1.558237
v 12.629965 25.261042 1.336865
v 11.508481 26.867476 1.715418
v 10.275702 26.985546 2.513304
v 9.888357 28.562256 2.522692
v 8.965394 28.585432 3.540377
v 8.240877 28.936985 4.708107
v 7.673701 28.906713 5.922074
v 7.616280 28.388374 7.290084
v 7.164369 28.450226 9.375922
v 6.758970 28.369755 11.250050
v 6.572508 28.215260 13.079786
v 6.465583 26.795906 13.186887
v 6.299176 25.692162 12.795288
v 6.688841 25.815401 14.447729
v 7.197354 24.985859 15.899780
v 7.144768 23.905756 16.052187
v -9.787460 25.512016 1.201972
v -10.015570 24.636246 0.979250
v -11.786994 25.280592 0.685954
v -12.129097 24.047010 0.477174
v -13.738141 24.542660 0.297813
v -15.611662 24.267012 0.433359
v -17.552450 24.206802 0.896312
v -19.603954 24.261944 1.610846
v -20.853582 23.969612 2.428996
v -21.955486 23.925444 3.374757
v -22.812244 23.896343 4.465487
v -23.144184 23.614712 5.376905
v -23.547306 23.536625 6.633002
v -25.714041 27.290764 11.729292
v -25.156818 27.085808 13.501865
v -24.114515 27.262779 14.759575
v -22.434963 26.944317 16.080709
v -25.245527 26.670982 9.424449
v -24.035568 25.103340 6.487926
v -24.900160 27.316912 6.868660
v -9.835176 27.627157 14.663614
v -10.366484 27.139521 15.364395
v -11.250161 26.687538 16.292015
v -12.725407 26.606503 17.357483
v -13.932950 27.205914 17.746651
v -15.083551 27.009436 17.875189
v -16.578819 26.850281 17.932550
v -17.944977 26.454277 17.909199
v -18.814095 28.080954 17.442474
v -20.571823 27.479105 17.012918
v 13.240118 20.418295 20.307100
v 8.342911 22.903252 17.690317
v 9.185413 22.281353 18.352749
v 10.250726 22.007345 19.209299
v 11.634817 22.207462 19.752794
v 12.739970 21.909485 20.119898
v 7.636394 24.544977 16.750910
v 8.412911 24.443731 17.541557
v -8.153787 28.980381 9.938462
v -8.574533 30.319332 9.156083
v -9.200975 30.709929 10.940519
v -9.269674 30.204224 11.751617
v -9.643769 29.794209 12.740202
v -10.700607 29.808062 14.318042
v -10.161467 28.669537 14.413078
v -0.088390 -89.036987 41.322613
v -0.704719 -89.133537 40.230595
v -0.783338 -90.664040 40.145622
v -1.493145 -90.978737 38.399315
v -1.700919 -90.803658 36.642288
v -1.868174 -90.846893 34.699581
v -1.903870 -90.861397 32.915295
v -1.809331 -90.795860 31.132328
v -1.568065 -90.775887 29.234009
v -0.939160 -90.786415 27.514305
v -0.008533 -91.033432 25.712698
v 0.522483 -90.845078 24.675341
v 1.134310 -90.626976 23.606424
v 1.844951 -90.315239 22.344160
v 2.913115 -90.626648 20.889292
v 4.190904 -91.189445 19.392570
v 4.409051 -90.605446 18.739067
v 5.501350 -90.916458 17.396646
v 6.067480 -90.539696 16.431528
v 7.261626 -90.941193 15.068890
v 7.890299 -90.737930 14.245821
v 8.499481 -90.429298 13.463950
v 10.075386 -90.699951 12.075531
v 3.158044 -81.593239 43.747616
v 4.133410 -81.711517 44.414036
v 4.802464 -81.294792 44.626530
v 3.346042 -83.155678 43.998173
v 6.527973 -81.467735 45.312527
v 8.054540 -80.894279 45.942356
v 8.235908 -79.338440 45.934662
v 3.019579 -84.196007 43.936192
v 3.049114 -86.377029 44.281055
v 3.865755 -85.491066 44.675049
v 2.162228 -88.183052 43.848701
v 3.431771 -87.936180 44.693329
v 2.016064 -89.804169 43.821976
v 0.565940 -89.867188 42.379944
v 10.953388 -90.124428 11.191066
v 13.033495 -90.872307 10.392254
v 15.133611 -90.831047 10.063424
v 17.422213 -90.110390 9.786121
v 18.393274 -88.379639 9.461312
v 18.182945 -87.033379 9.155696
v 17.329763 -86.283737 8.982613
v 17.671761 -84.343040 8.468674
v 17.174547 -83.171646 8.084584
v 18.478127 -81.784828 7.618545
v 18.541725 -80.384041 7.116406
v 20.288986 -80.261826 7.137146
v 22.687933 -80.184616 7.459916
v 25.292778 -79.314598 7.331772
v 26.485502 -77.819160 6.171963
v 26.848040 -76.304497 4.687135
v 26.235434 -74.971214 3.610323
v 25.786528 -73.461250 2.527267
v 24.660749 -73.515633 2.744410
v 25.010260 -72.542130 2.161170
v 26.947384 -71.104080 1.390851
v 27.933477 -69.043633 0.811031
v 28.833637 -66.987885 0.315771
v 28.627333 -65.423203 0.138044
v 28.408131 -64.395264 0.089285
v 8.776955 -78.435471 45.855770
v 9.749647 -77.780396 45.673885
v 9.310392 -76.379562 45.279427
v 9.849326 -74.694237 45.050884
v 10.219940 -73.888649 45.006409
v 11.154085 -73.732376 45.197178
v 11.344182 -71.834320 44.713142
v 11.515424 -70.514557 44.405235
v 12.940830 -70.236214 44.661076
v 12.534120 -69.274513 44.373966
v 13.121296 -68.718040 44.273190
v 12.916299 -67.560905 43.916500
v 30.014648 -63.486565 -0.046639
v 32.051411 -62.137894 -0.156345
v 32.076057 -60.615810 -0.126587
v 31.267370 -59.289200 -0.079003
v 29.221039 -59.464787 -0.045167
v 30.699064 -57.810375 -0.085643
v 31.646196 -56.318211 -0.099573
v 32.101810 -54.774742 -0.115733
v 32.669498 -52.856422 -0.131671
v 32.373302 -51.651764 -0.120042
v 33.972492 -50.251942 -0.123692
v 33.554188 -48.862103 -0.120579
v 35.149727 -47.440285 -0.135163
v 34.713680 -46.055725 -0.128470
v 36.350384 -44.708221 -0.138156
v 36.785255 -42.281353 -0.127564
v 36.511600 -41.108715 -0.112586
v 38.270660 -39.947041 -0.130755
v 38.752258 -37.631584 -0.110298
v 38.487827 -36.481556 -0.106903
v 40.162746 -35.340218 -0.101799
v 40.521584 -33.067390 -0.080568
v 40.015659 -31.878132 -0.077894
v 14.455377 -67.497070 44.096355
v 16.594141 -67.380608 44.513260
v 17.164820 -66.016251 44.135742
v 18.964504 -65.933403 44.169117
v 20.812279 -65.794014 44.087471
v 21.759409 -64.526390 43.544086
v 21.361090 -62.876625 42.956001
v 23.660145 -62.682598 42.570007
v 23.373774 -61.033436 41.863289
v 24.213812 -59.402992 41.134998
v 23.488251 -58.624058 41.043350
v 23.472427 -57.349014 40.602646
v 25.345785 -56.290787 39.565945
v 26.027971 -55.102352 38.862904
v 26.793243 -53.900871 38.074650
v 26.433434 -52.144955 37.527565
v 26.023655 -50.858566 37.227226
v 26.987591 -49.333763 36.518661
v 28.061956 -48.154655 35.722977
v 27.459820 -47.281410 35.698029
v 27.765493 -46.069180 35.265202
v 27.646334 -43.710312 34.651180
v 26.426908 -44.153576 35.175171
v 27.591146 -42.354877 34.276684
v 27.488569 -41.359089 34.057140
v 28.762161 -41.622295 33.757217
v 29.824844 -39.839005 32.918667
v 29.166332 -38.569836 32.830875
v 30.404114 -38.029499 32.274799
v 29.923754 -36.525692 31.980148
v 31.138281 -35.817974 31.547920
v 31.407021 -34.666687 31.464220
v 31.220518 -33.738411 31.275881
v 32.833248 -33.259563 30.587254
v 33.547031 -31.209757 30.035189
v 32.892525 -30.614382 30.156595
v 33.961155 -28.941002 29.593157
v 32.602867 -28.887505 30.011574
v 32.734985 -27.659235 29.843452
v 34.460281 -26.665295 29.193123
v 34.995415 -24.924175 28.912266
v 34.148117 -24.011627 29.236284
v 34.012703 -22.065437 29.111538
v 32.778114 -22.353292 29.616070
v 33.811554 -20.951548 29.038664
v 34.640739 -19.853676 28.632889
v 34.322460 -17.301779 28.567739
v 33.597485 -16.036882 28.728430
v 34.657207 -14.502538 28.160713
v 33.924950 -12.717657 28.259192
v 32.849106 -11.748966 28.461197
v 31.874659 -10.777596 28.565857
v 31.387903 -9.257303 28.421019
v 32.373741 -7.577970 27.884125
v 32.603779 -5.716332 27.111742
v 31.672379 -4.538941 26.767788
v 32.249474 -3.057221 26.078485
v 29.800648 -3.594686 26.322260
v 32.283077 -1.711016 25.130108
v 31.588028 -0.851599 24.530478
v 30.927565 -0.293230 23.822189
v 29.903969 -0.503682 24.212612
v 28.981157 0.026240 24.086275
v 28.983927 1.201972 23.037888
v 27.224909 1.381105 23.122040
v 27.455727 2.333481 22.456188
v 26.566113 3.593043 21.873188
v 26.235699 4.499538 21.191847
v 25.597345 5.398974 20.967278
v 25.237089 6.650098 20.383862
v 26.411345 7.268579 19.236320
v 26.081360 8.788534 18.467367
v 25.505348 10.065443 17.944260
v 24.516754 10.180067 18.636637
v 24.374596 11.423205 17.943705
v 23.364904 13.091051 18.193048
v 22.518341 14.956291 18.480194
v 21.806847 16.240126 18.706825
v 21.180740 17.978163 18.679190
v 20.011421 17.951075 19.387547
v 19.349281 17.492292 19.841036
v 18.833042 18.995876 19.720982
v 17.624434 19.095028 20.123356
v 17.257479 20.691505 19.959806
v 15.780871 20.577482 20.314468
v 14.812092 20.346579 20.360147
v 41.521645 -30.731682 -0.108293
v 41.614651 -28.593643 -0.128189
v 41.719803 -26.578024 -0.147864
v 40.483177 -25.834909 -0.110186
v 41.427074 -23.660173 -0.128066
v 40.272144 -22.792231 -0.107316
v 40.100941 -20.919476 -0.074771
v 38.786278 -18.868622 -0.039662
v 37.688984 -18.274418 0.029760
v 38.345917 -16.138416 0.015643
v 37.079647 -14.186341 0.142127
v 35.924080 -13.292645 0.279394
v 34.784412 -11.995511 0.412967
v 33.892063 -10.913729 0.522992
v 33.337109 -9.223107 0.595950
v 33.478062 -6.767642 0.661404
v 32.458263 -6.042907 0.703557
v 32.166176 -4.413233 0.796399
v 32.518578 -2.072981 0.901206
v 31.474119 -1.240393 0.896474
v 31.016848 0.769552 0.881397
v 30.528143 2.141152 0.838134
v 30.217188 3.479434 0.853293
v 30.323936 5.878609 0.896877
v 29.778566 7.164192 0.904094
v 29.244410 8.418248 0.955748
v 28.632729 10.276374 1.672234
v 21.739210 22.363531 0.972385
v 20.827742 22.264494 0.531002
v 19.704271 23.220497 0.847490
v 17.717064 24.096634 0.851772
v 16.548653 23.619673 0.889595
v 15.720674 25.476456 0.858837
v 14.005142 25.333242 1.040960
v 13.637429 26.850899 0.889632
v 12.517738 28.786987 0.887492
v 11.132592 28.597496 1.634111
v 10.627933 30.245159 1.703930
v 9.119877 30.388533 3.047106
v 8.569947 29.765886 3.852062
v 7.808367 30.516251 5.386779
v 7.628940 30.587318 6.903909
v 7.511878 30.265778 8.282719
v 7.304742 30.109613 9.852806
v 6.977164 29.986139 11.415085
v 7.033389 29.725510 13.031648
v 7.189144 29.094521 14.630861
v 6.792377 28.361574 13.960647
v 6.787299 27.674795 14.184190
v 7.085329 27.268559 15.106265
v 7.581719 26.589119 16.191391
v 7.653078 25.522081 16.638372
v -11.349754 27.180405 1.052461
v -13.661557 26.917238 0.497206
v -13.730833 25.675314 0.375068
v -15.747524 26.035360 0.364633
v -18.014980 25.805183 0.863712
v -19.874672 25.738684 1.480125
v -21.227497 25.854288 2.111677
v -21.827379 25.510069 2.662304
v -22.627340 25.426762 3.574564
v -23.337708 25.191570 4.591403
v -26.052965 28.881962 9.689827
v -26.134912 28.830046 11.803071
v -25.521351 28.823593 13.453281
v -24.556128 28.401278 14.553223
v -23.387451 28.276854 15.822594
v -21.119219 29.059032 16.844273
v -22.951962 29.871223 16.258776
v -25.592981 28.601534 7.730174
v -24.052586 27.096115 4.745383
v -24.934996 28.538162 5.347715
v -25.651939 29.968378 5.772266
v -10.943559 29.104273 15.068745
v -11.561945 28.412418 15.846332
v -12.611508 28.316774 16.637411
v -13.744080 28.272095 17.388115
v -15.450650 28.437346 17.635735
v -16.769272 28.175257 17.734585
v -17.600679 29.989985 17.326777
v -19.971689 30.510101 17.022516
v 15.176880 21.921289 20.202971
v 13.716009 22.138727 20.164515
v 9.781377 24.634716 18.505577
v 11.521466 24.151743 19.267847
v 13.884667 23.847376 19.793222
v 8.245642 26.118614 17.222544
v 9.270838 26.167969 18.058334
v -9.657179 32.481117 9.286014
v -9.290696 31.400082 10.143307
v -10.108611 32.307537 11.123113
v -10.318943 31.528339 12.522191
v -11.234594 31.443125 14.033336
v -12.193726 31.255144 15.220381
v -11.541446 30.109121 15.129938
v -0.109360 -90.405426 41.350338
v -0.034799 -92.222801 41.282955
v -0.843924 -92.197632 40.014252
v -1.312902 -92.242508 38.527798
v -1.680443 -92.299507 36.612225
v -1.784808 -92.316467 34.637505
v -1.798670 -92.317146 32.743992
v -1.695253 -92.315071 30.914188
v -1.265050 -92.355904 29.024654
v -0.426229 -92.470711 27.127098
v 0.048910 -92.092918 26.068703
v 0.854531 -92.575516 24.832142
v 1.576358 -92.372528 23.594709
v 2.263116 -92.180672 22.514406
v 3.067092 -92.099480 21.330809
v 3.804293 -92.034828 20.338970
v 4.188082 -91.940071 19.774885
v 4.987300 -92.397537 18.922491
v 5.671758 -92.158798 17.881149
v 6.477161 -92.291084 16.721098
v 7.341800 -92.300186 15.512046
v 8.234151 -92.255760 14.368682
v 9.116149 -92.166000 13.381275
v 10.065336 -91.852913 12.387474
v 11.330081 -92.372345 11.463288
v 12.370339 -92.023392 10.707708
v 4.307907 -82.806236 44.547504
v 5.810363 -82.989037 45.282364
v 3.859128 -84.390778 44.495640
v 5.272972 -84.651817 45.233219
v 7.012570 -83.028030 45.742825
v 7.884866 -83.181328 45.957054
v 9.133755 -82.720673 46.160397
v 9.502040 -81.177078 46.085190
v 9.465509 -79.851799 46.176247
v 9.588640 -78.714996 46.205696
v 4.467242 -87.095566 45.205273
v 5.533642 -86.463921 45.559063
v 3.130268 -89.176811 44.647125
v 4.491121 -89.518349 45.550503
v 5.432459 -88.593719 45.893448
v 1.163055 -91.213837 42.909454
v 2.356325 -92.170280 44.096176
v 2.826321 -90.932213 44.471790
v 4.103715 -91.026680 45.418674
v 13.855530 -92.461433 10.226984
v 15.026732 -92.270348 10.215451
v 16.067259 -92.196938 10.156748
v 17.335484 -92.090614 10.161143
v 19.309748 -91.825966 10.191341
v 19.537592 -90.298737 9.956821
v 20.087801 -88.607735 9.772063
v 20.248943 -87.055687 9.395826
v 19.568886 -86.503052 9.144077
v 19.428787 -84.978508 8.718580
v 19.685577 -82.959404 8.091786
v 18.290953 -83.059776 8.054933
v 20.333151 -81.593170 7.629973
v 21.989197 -81.891281 7.985197
v 23.830750 -81.896400 8.463415
v 25.273359 -81.384224 8.615105
v 27.242685 -80.930931 8.935328
v 27.190605 -79.524963 7.830258
v 27.805887 -78.171730 6.724898
v 28.789715 -76.560165 5.054104
v 29.477806 -74.895721 3.177875
v 27.666088 -75.021111 3.474923
v 27.928944 -73.698647 2.493497
v 27.074560 -72.402473 1.853086
v 25.870672 -72.266960 1.842151
v 29.050711 -71.607292 1.378447
v 28.630299 -70.728371 1.076003
v 29.831821 -69.609283 0.697411
v 30.428160 -67.539322 0.298473
v 31.015472 -65.942520 0.064837
v 30.456493 -64.992851 -0.027863
v 11.078210 -78.629883 46.249012
v 11.064952 -76.747444 45.776730
v 10.006425 -76.680649 45.682655
v 10.639860 -75.524887 45.560059
v 12.344819 -75.092308 45.834351
v 12.720590 -73.421288 45.554302
v 12.552312 -72.210350 45.126759
v 14.835332 -71.722336 45.377457
v 14.790752 -69.903938 44.994656
v 14.130545 -68.904617 44.563999
v 32.810432 -64.138046 -0.099706
v 34.227955 -62.043396 -0.260146
v 33.816624 -60.528576 -0.191047
v 33.500969 -59.133171 -0.127229
v 33.135426 -58.160473 -0.090865
v 32.073639 -58.088737 -0.077531
v 33.133221 -56.896088 -0.097097
v 34.013577 -54.947197 -0.099716
v 34.662514 -52.866901 -0.127056
v 34.366970 -51.644318 -0.135553
v 35.992844 -50.252678 -0.130455
v 35.572296 -48.860222 -0.135438
v 37.183910 -47.437820 -0.128775
v 36.742573 -46.048420 -0.138995
v 38.396568 -44.704746 -0.146948
v 38.808720 -42.281307 -0.144274
v 38.538666 -41.103504 -0.120714
v 40.287045 -39.930698 -0.136062
v 40.741417 -37.621849 -0.115706
v 40.480408 -36.486736 -0.115701
v 42.134808 -35.337017 -0.113841
v 42.442562 -33.027664 -0.109574
v 42.024109 -31.875259 -0.107560
v 15.238075 -68.279129 44.720554
v 16.400606 -69.490227 45.050789
v 18.121132 -68.373207 44.920609
v 17.738867 -67.413094 44.749737
v 18.359749 -66.668198 44.672413
v 19.588364 -67.658318 44.734695
v 20.711567 -67.141502 44.520115
v 22.539080 -67.219498 44.470348
v 21.796745 -65.894875 43.967274
v 22.999762 -65.930145 43.922890
v 23.715441 -64.819611 43.476288
v 25.213659 -64.047920 42.917610
v 26.001631 -63.030918 42.254066
v 25.769358 -61.660843 41.754383
v 24.478115 -61.356888 41.974304
v 25.885876 -60.188847 41.032452
v 25.830151 -58.537067 40.349625
v 24.956060 -57.479176 40.366619
v 26.377802 -57.478424 39.656769
v 26.811779 -56.429817 39.134781
v 27.291653 -55.393608 38.579105
v 28.393881 -54.367210 37.687691
v 27.918449 -53.573418 37.535133
v 28.535873 -52.388824 36.881313
v 27.376606 -50.899330 36.809227
v 28.630674 -49.879066 36.009174
v 29.278179 -48.419086 35.494785
v 29.163406 -46.886868 35.020061
v 29.287134 -45.466003 34.594097
v 29.057713 -44.212749 34.310776
v 29.011808 -43.000469 34.023766
v 30.523628 -42.528400 33.337440
v 29.980259 -41.169346 33.200848
v 30.859812 -40.757381 32.793018
v 31.629646 -39.430557 32.203335
v 32.638844 -38.029743 31.493345
v 31.285624 -36.870327 31.752630
v 32.541340 -36.070866 31.113993
v 32.303123 -34.909363 31.034174
v 33.743389 -34.499935 30.346121
v 34.323944 -33.001472 29.853395
v 34.707767 -31.603043 29.602230
v 35.285133 -29.902826 29.211149
v 35.965347 -28.345312 28.794853
v 35.965931 -27.001137 28.647644
v 36.287380 -25.333672 28.413031
v 36.500469 -23.407242 28.218477
v 35.311405 -23.086353 28.680189
v 35.940556 -21.581242 28.301685
v 36.870579 -19.454714 27.755388
v 35.929226 -17.832663 27.990402
v 35.782314 -15.845324 27.862638
v 35.925091 -14.279920 27.625582
v 35.842571 -13.084578 27.530247
v 35.101601 -11.987250 27.699699
v 34.098251 -10.508302 27.874186
v 32.606354 -9.344446 28.152983
v 34.001373 -8.363368 27.543789
v 34.245892 -6.663163 27.027296
v 33.129475 -6.643687 27.364561
v 34.377216 -4.923813 26.457964
v 33.220840 -4.113774 26.423851
v 32.452099 -4.218719 26.528778
v 34.169998 -3.021821 25.830744
v 33.995808 -1.459396 24.843336
v 33.439693 0.064872 24.042841
v 32.241520 0.833155 23.197447
v 30.828590 0.902032 23.123814
v 30.672415 2.119144 22.445354
v 29.054325 2.327907 22.320234
v 28.321917 2.308898 22.212969
v 28.385586 3.491440 21.427576
v 28.029303 5.089622 20.403276
v 26.643324 5.742896 20.225227
v 25.946404 6.320161 20.205425
v 27.825136 6.420977 19.351599
v 27.751945 7.448243 18.579302
v 27.153616 8.563969 18.160883
v 25.774410 11.537089 16.569695
v 24.514627 13.048537 16.561260
v 23.907770 15.013865 16.578566
v 23.195660 15.623049 17.464266
v 22.497480 17.332685 17.745070
v 21.843702 19.531202 17.812038
v 20.933239 19.534534 18.562492
v 20.122778 19.074501 19.112310
v 19.485600 20.896681 19.122232
v 18.091621 22.568268 19.456795
v 16.782887 22.329456 19.900820
v 43.490349 -30.650415 -0.121130
v 43.577438 -28.613159 -0.132067
v 43.455452 -26.704449 -0.149654
v 42.560089 -25.385866 -0.149857
v 43.439335 -24.424854 -0.165257
v 42.893482 -22.436974 -0.158511
v 42.199074 -20.586634 -0.135897
v 41.120590 -18.592537 -0.084984
v 39.707359 -18.115793 -0.062333
v 40.168079 -15.750721 -0.071714
v 39.056751 -14.090223 -0.034874
v 38.013817 -13.040408 0.104414
v 36.855591 -11.745256 0.249688
v 35.743011 -10.444832 0.390804
v 34.663887 -9.491616 0.498110
v 35.469193 -7.361472 0.551671
v 34.669357 -4.990908 0.715732
v 33.575672 -4.656368 0.744812
v 34.376320 -2.535516 0.888297
v 33.699471 -0.964784 0.962436
v 33.203323 0.573549 0.966982
v 32.547302 2.666965 0.959370
v 31.545975 3.114189 0.891692
v 32.479744 5.187289 1.011840
v 31.826935 6.968337 1.035206
v 31.213032 8.486969 1.037722
v 30.582426 9.768467 1.055152
v 30.257114 11.646717 1.870970
v 30.987371 13.702387 2.105897
v 19.882984 24.894339 1.685834
v 17.980951 25.584541 0.979532
v 16.563803 27.281509 0.687623
v 15.177374 27.129339 0.697449
v 14.773652 28.892052 0.547106
v 13.192721 30.242435 0.492451
v 12.066823 30.233866 0.866813
v 11.690105 31.801268 0.874833
v 9.931362 32.008999 1.953704
v 8.866939 31.982395 3.345102
v 7.977485 31.624071 4.922038
v 7.553040 32.078518 7.125747
v 7.460531 31.817339 8.019890
v 7.426268 31.777132 8.950017
v 7.331714 31.929777 10.665641
v 7.242767 31.578745 12.001180
v 7.301744 31.142002 13.067368
v 7.695037 31.301233 14.698531
v 8.036915 30.568274 15.949477
v 7.838952 29.216295 16.038420
v 7.480343 28.099171 15.686087
v 7.081587 28.075361 14.914523
v 8.384224 28.029144 16.994236
v 8.066313 26.895672 16.915037
v -13.694889 32.455971 1.214362
v -12.314690 29.491896 1.178776
v -13.074513 28.092369 0.744894
v -14.914037 28.608215 0.490876
v -15.269196 27.257727 0.350409
v -16.741850 27.641993 0.355993
v -18.494774 27.368015 0.732987
v -20.545671 27.480871 1.493459
v -21.798452 27.121080 2.223287
v -22.510162 26.761927 2.776873
v -23.274885 26.760887 3.563480
v -26.185431 30.202921 7.912231
v -26.499727 30.546980 9.734246
v -26.470070 30.361115 11.486231
v -26.199940 29.936274 12.428962
v -25.631733 29.914034 14.008858
v -24.505226 29.886194 15.284123
v -22.286152 31.581118 16.492472
v -24.066391 31.874975 15.762799
v -25.596359 31.396978 14.206996
v -23.691883 28.460930 3.262233
v -24.950762 29.438526 4.299962
v -25.360092 31.413658 3.846887
v -26.278950 31.896776 5.640105
v -26.576097 31.727848 7.299396
v -12.436814 30.261827 15.819050
v -13.804578 29.810190 16.755968
v -15.517232 29.746216 17.350702
v -16.401161 31.603167 16.932600
v -18.477613 31.799040 17.083237
v -19.239166 31.356745 17.103922
v -20.788052 32.979378 16.660624
v 16.577421 24.043068 19.633577
v 11.264096 26.066301 18.985184
v 10.440019 26.863106 18.591747
v 13.246124 25.452784 19.444544
v 12.724407 26.775436 19.215841
v 15.602423 25.490191 19.475241
v 14.677296 27.004023 19.275084
v 8.918606 27.083061 17.694750
v 9.757736 28.102133 18.075850
v -10.635892 34.328770 8.786849
v -11.918026 36.674759 8.147442
v -10.648137 33.706429 10.524686
v -10.964239 33.605934 11.688210
v -11.437025 33.359192 12.708560
v -12.111464 33.068771 13.962967
v -12.888933 32.850460 15.065204
v -13.682588 32.601013 15.964944
v 1.071238 -92.395935 42.751602
v 0.825240 -94.048798 42.553444
v -0.217125 -94.134041 41.122585
v -0.753105 -94.051796 40.043545
v -1.093464 -93.594543 38.691799
v -1.534986 -93.755272 36.400600
v -1.707785 -93.798729 34.412403
v -1.712381 -93.814865 32.530277
v -1.496580 -93.828880 30.670017
v -0.996607 -93.890312 28.851467
v -0.172159 -94.068993 26.937613
v 0.335708 -93.793610 26.033783
v 0.850730 -93.552734 25.168825
v 1.843594 -93.857292 23.648764
v 2.736365 -94.153030 22.394852
v 3.232936 -93.615784 21.563036
v 4.332380 -93.873238 20.175295
v 4.902696 -93.326675 19.371466
v 5.895210 -93.302422 18.138790
v 6.424246 -92.975105 17.561375
v 7.354990 -93.806656 16.097822
v 8.540577 -94.069824 14.472307
v 9.165334 -93.585854 13.582596
v 10.374473 -93.930901 12.387229
v 11.223431 -93.505371 11.766738
v 12.792974 -93.598976 10.899686
v 13.810877 -93.379532 10.426819
v 6.636800 -84.504303 45.805031
v 7.830945 -84.439774 46.252796
v 6.464326 -86.184364 45.867680
v 7.507600 -85.875748 46.161667
v 8.862224 -84.113678 46.269367
v 9.564877 -84.208244 46.464970
v 10.565803 -83.922958 46.855118
v 10.198936 -82.863762 46.532524
v 10.975443 -81.740479 46.594391
v 10.529722 -80.219467 46.249794
v 5.713515 -87.519142 45.832573
v 7.295171 -87.763405 46.348434
v 5.399118 -90.668694 46.156010
v 6.661019 -90.310226 46.661633
v 6.734853 -89.081314 46.490124
v 2.516576 -94.815765 44.499168
v 3.337892 -93.271179 45.091354
v 3.606293 -92.303284 45.166225
v 4.621135 -92.883446 45.920616
v 5.515011 -92.285507 46.311573
v 6.316492 -91.791809 46.719452
v 15.211127 -93.645134 10.327120
v 16.960205 -93.495125 10.373758
v 19.390284 -93.794373 10.569217
v 21.205046 -93.063507 10.726320
v 21.186769 -91.569969 10.492985
v 20.300694 -90.815857 10.179651
v 21.544888 -89.496941 10.262610
v 22.112555 -87.812614 10.066719
v 21.789343 -86.588333 9.632800
v 21.503475 -84.932930 9.027594
v 21.098124 -83.454124 8.385667
v 22.112373 -83.345825 8.573068
v 23.477192 -83.471382 9.031344
v 25.478365 -83.144218 9.504717
v 27.271521 -82.747353 9.911040
v 28.539251 -82.346336 10.200442
v 28.826044 -81.097145 9.590892
v 29.049849 -79.895744 8.710719
v 28.051334 -79.779015 8.292288
v 29.168724 -78.555656 7.463726
v 30.276320 -76.770920 5.685435
v 31.657087 -74.754044 3.419970
v 31.365444 -73.438538 2.124464
v 29.906767 -73.119148 1.999242
v 31.313784 -71.615578 1.246845
v 30.614590 -70.575325 0.906287
v 32.203648 -69.536247 0.557502
v 32.349453 -67.639313 0.221765
v 32.334591 -66.137535 0.029328
v 11.361803 -80.037323 46.467258
v 12.804521 -79.562576 46.830376
v 12.400926 -78.063362 46.550423
v 12.655873 -76.713737 46.298912
v 12.769629 -75.557312 46.146320
v 14.090499 -75.272110 46.241985
v 14.020916 -73.826393 45.803696
v 16.276049 -73.581100 46.009224
v 17.147142 -71.837021 45.623768
v 16.816950 -70.832970 45.337681
v 34.692581 -65.494736 -0.003758
v 34.459064 -64.146652 -0.096597
v 35.865105 -62.733196 -0.155280
v 36.114773 -60.620464 -0.198884
v 35.568581 -59.534634 -0.198774
v 35.177784 -58.215836 -0.161006
v 34.454758 -57.338978 -0.090211
v 35.944054 -55.699566 -0.122073
v 36.658039 -52.942135 -0.121479
v 36.396427 -51.664444 -0.123065
v 38.042671 -50.266914 -0.132140
v 37.620995 -48.853703 -0.142810
v 39.269745 -47.417210 -0.141519
v 38.803104 -46.046116 -0.152409
v 40.471836 -44.697273 -0.148764
v 40.853779 -42.231216 -0.140721
v 40.575890 -41.072498 -0.140231
v 42.335999 -39.865936 -0.136149
v 42.705204 -37.633450 -0.124572
v 42.450886 -36.499062 -0.131882
v 44.156651 -35.337486 -0.129686
v 44.402584 -33.001209 -0.129818
v 43.935986 -31.792715 -0.115971
v 18.942825 -70.379845 45.333637
v 19.545185 -68.898270 45.018497
v 21.543045 -69.090744 44.995125
v 23.810942 -68.652451 44.720379
v 24.571392 -67.618523 44.328663
v 23.553810 -66.960968 44.139271
v 24.539877 -66.416756 43.965244
v 23.637547 -65.678230 43.790802
v 26.245659 -65.613197 43.493382
v 26.637772 -64.104630 42.631302
v 28.093426 -63.258480 41.828983
v 26.839031 -62.398422 41.712894
v 27.502968 -61.093208 40.996857
v 26.368492 -60.966850 41.280556
v 28.154039 -59.632252 40.139191
v 27.711267 -58.267368 39.621510
v 28.142694 -56.441437 38.708336
v 28.670073 -55.322811 38.124615
v 29.764391 -55.124744 37.561359
v 29.273092 -53.793446 37.159988
v 30.325998 -53.209476 36.522217
v 30.066702 -51.736217 36.076576
v 29.893242 -50.464649 35.753433
v 30.199766 -48.789165 35.149620
v 30.309013 -47.237476 34.711918
v 30.342560 -45.753597 34.259884
v 30.217751 -44.457787 33.973431
v 31.942907 -44.384270 33.234097
v 32.335030 -42.341824 32.566177
v 32.308533 -40.793873 32.259357
v 32.780254 -39.435928 31.842482
v 32.398018 -39.067383 31.856140
v 34.066093 -39.407761 31.190678
v 34.367290 -37.590839 30.655367
v 34.198643 -36.162674 30.424047
v 34.935181 -34.653633 29.776304
v 35.414139 -33.220795 29.439157
v 35.966705 -31.716093 29.073652
v 36.511047 -30.184793 28.750221
v 37.121777 -28.647991 28.390017
v 37.419888 -27.089994 28.092560
v 37.635818 -25.503624 27.864740
v 37.839985 -23.799591 27.664146
v 37.932346 -22.041338 27.503548
v 36.897163 -22.064816 27.957985
v 37.183891 -21.149817 27.787670
v 38.249348 -20.456453 27.303860
v 38.568619 -18.792336 27.054974
v 37.550240 -17.952852 27.365070
v 36.860813 -17.940247 27.634356
v 37.112656 -16.522791 27.377522
v 36.968681 -14.386086 27.176451
v 36.422058 -13.498079 27.336081
v 36.964310 -12.310939 26.912064
v 36.006851 -11.999474 27.325350
v 36.099785 -10.702952 27.051537
v 35.104321 -10.509643 27.527876
v 35.276028 -9.243961 27.198338
v 36.007767 -6.986681 26.272181
v 35.345684 -5.415624 26.209070
v 35.587601 -3.803799 25.585531
v 35.808098 -2.006693 24.629679
v 35.620430 -0.440313 23.802755
v 34.422298 -0.421873 24.122231
v 34.684658 0.203264 23.821083
v 34.800983 1.221609 22.959839
v 33.346722 1.499987 23.131144
v 32.788525 2.629189 22.007301
v 31.293467 2.908488 21.505997
v 30.385859 3.631480 21.154146
v 29.458647 2.771660 21.782932
v 29.766476 5.215168 20.328020
v 29.175632 5.626982 19.914995
v 29.409311 6.648734 19.344921
v 28.756104 7.268895 18.631729
v 28.598606 8.774539 17.860874
v 24.747387 13.533755 15.665129
v 24.592524 14.463828 15.199141
v 24.157425 16.217693 15.329248
v 23.561579 17.677011 16.179306
v 22.903160 19.214037 16.884279
v 22.429010 21.022959 16.831047
v 21.513733 21.053034 17.734861
v 20.920982 20.600208 18.286139
v 20.714006 22.004124 18.135126
v 19.526842 23.690428 18.595743
v 18.132124 23.871281 19.225830
v 45.464729 -30.572683 -0.138480
v 45.791084 -28.141146 -0.148687
v 45.420273 -26.463747 -0.155807
v 44.392464 -25.576811 -0.161013
v 44.965939 -24.382715 -0.178731
v 44.470383 -22.689816 -0.178110
v 44.019539 -20.641279 -0.167535
v 43.298435 -19.432472 -0.152444
v 42.725250 -18.137363 -0.148054
v 41.944035 -15.742107 -0.144349
v 41.008118 -14.047302 -0.131008
v 39.977795 -12.946252 -0.039818
v 38.902222 -11.645892 0.089138
v 37.806934 -10.298810 0.228116
v 36.702141 -9.233134 0.362335
v 37.613892 -7.221509 0.415668
v 36.786270 -5.698946 0.579213
v 36.407551 -3.764433 0.775683
v 36.091373 -1.675722 0.972781
v 35.488022 -0.464142 1.039848
v 34.587582 -0.025511 1.033979
v 35.308434 1.557382 1.094185
v 34.335697 3.498154 1.040458
v 34.457222 5.887924 1.115271
v 33.719120 6.805558 1.160904
v 33.338482 8.316641 1.164985
v 32.885120 10.404728 1.153473
v 31.784578 11.062702 1.102905
v 32.023067 13.623161 1.367242
v 31.609259 14.899758 1.984732
v 30.950249 15.035944 2.926205
v 31.382282 16.723051 3.261578
v 31.670343 18.251848 3.865178
v 18.430651 27.888243 1.414404
v 16.591173 28.655640 0.631760
v 16.393732 30.456573 0.396573
v 13.947305 31.788366 0.316392
v 12.243464 33.523651 0.444039
v 10.636880 33.668823 1.307716
v 9.763200 33.318047 2.126081
v 8.802246 33.252911 3.242072
v 8.237101 33.260761 4.095630
v 7.953275 33.284744 5.145325
v 7.553519 33.589275 7.025608
v 7.349069 33.595024 8.512189
v 7.359563 32.852684 8.985054
v 7.296590 33.257000 10.607443
v 7.309845 33.559128 12.073356
v 7.411162 32.979794 12.603927
v 7.804742 32.936886 14.123386
v 8.226594 32.763378 15.378411
v 8.835582 32.345181 16.475458
v 8.736122 30.974260 16.874092
v 8.414148 29.858158 16.734783
v 9.385547 30.084511 17.554668
v -14.811924 30.514467 0.666764
v -16.756430 30.023066 0.357750
v -16.737709 28.768806 0.384440
v -18.475920 28.938761 0.533123
v -20.624231 29.056166 1.166361
v -22.034449 29.009115 1.796740
v -22.546694 28.442375 2.254459
v -26.884357 31.796345 9.128732
v -27.023422 31.973021 10.856205
v -26.769247 31.528252 12.248960
v -23.215847 33.515820 16.173758
v -24.312054 33.226963 15.689394
v -25.518633 33.185024 14.746882
v -26.597157 33.431820 13.718215
v -27.189802 33.018467 12.398745
v -23.530483 30.159279 2.371740
v -24.453737 32.423840 2.243248
v -25.775688 33.528435 3.059105
v -26.383429 33.433258 4.070326
v -26.631044 33.194263 5.439780
v -26.978998 33.203773 7.031754
v -27.414812 33.347107 8.778387
v -14.150199 31.552073 16.380489
v -15.629715 33.325565 16.509514
v -17.501785 33.477123 16.759651
v -18.552881 32.959507 16.891827
v -19.645950 34.858765 16.489384
v -22.036325 35.165424 16.239416
v -23.667753 35.069729 15.917419
v 18.301695 25.181347 18.920286
v 17.163145 27.053780 18.903158
v 11.700328 27.970125 18.881840
v 10.772587 28.288494 18.530073
v 13.551429 28.490417 19.139324
v 12.713353 28.176245 19.098265
v 16.178680 29.055395 18.896248
v 14.535593 29.750721 18.985472
v 11.178751 30.118801 18.437153
v -11.441419 35.270664 10.512337
v -11.429845 34.650440 11.604198
v -12.193744 34.849239 12.740343
v -13.287454 34.916737 14.175827
v -13.665943 34.250565 15.037097
v -14.581762 34.161209 15.902523
v 1.043781 -95.816231 43.091198
v 0.198165 -95.730766 41.799149
v -0.280571 -95.447350 40.831169
v -0.846719 -95.431015 39.459866
v -1.175724 -95.374138 37.747318
v -1.436236 -95.283524 35.869064
v -1.574496 -95.268326 33.932259
v -1.484867 -95.326225 32.064049
v -1.203951 -95.347618 30.284534
v -0.682823 -95.384666 28.601257
v 0.072433 -95.514801 26.972212
v 0.867559 -95.720200 25.562132
v 1.221404 -95.050194 24.874180
v 1.985383 -94.928017 23.713991
v 3.068407 -95.510101 22.211296
v 3.926873 -95.350777 21.001799
v 4.733017 -95.223640 19.877586
v 5.544964 -95.060112 18.788597
v 6.301452 -94.724678 17.764112
v 6.712045 -94.041748 17.165730
v 7.492049 -95.543381 16.172815
v 8.345175 -95.659683 14.997454
v 8.971235 -95.397957 14.188355
v 9.854417 -95.252022 13.096210
v 10.601196 -95.031944 12.135037
v 11.681886 -95.227036 11.462570
v 13.111129 -95.173279 10.938344
v 14.813661 -94.956261 10.563816
v 8.711724 -85.875206 46.585751
v 9.828360 -85.477280 46.784134
v 9.588907 -87.421509 46.944530
v 12.246418 -85.437553 47.445511
v 12.207948 -83.783920 47.295467
v 11.684641 -82.916283 47.020950
v 13.138155 -82.046143 47.235943
v 7.723865 -89.430908 46.818016
v 9.253843 -89.395798 47.198833
v 8.502064 -92.103241 47.367851
v 8.472679 -90.495064 47.218792
v 1.566173 -97.311432 43.745312
v 3.350484 -96.661842 45.426971
v 3.965113 -95.190613 45.723873
v 3.907331 -94.093048 45.584930
v 5.290387 -94.479347 46.514538
v 6.943555 -93.483032 46.954838
v 16.917843 -95.127853 10.610513
v 18.940079 -95.228210 10.787735
v 20.780771 -95.424850 11.046291
v 22.019302 -94.697151 11.179867
v 23.328180 -93.019188 11.262902
v 22.841520 -91.621742 10.942001
v 22.609434 -90.224197 10.653540
v 21.380165 -90.585846 10.403651
v 22.677927 -89.315971 10.521139
v 23.796293 -88.199593 10.600111
v 23.402233 -86.326294 10.065660
v 23.320349 -85.002983 9.602918
v 25.292067 -84.999435 10.214269
v 27.509157 -84.516197 10.723296
v 29.652678 -83.853905 11.254580
v 29.746166 -82.311195 10.668371
v 29.337296 -81.608826 10.099733
v 30.326859 -80.442802 9.697481
v 30.894472 -78.493118 8.090408
v 31.359482 -77.141190 6.528306
v 33.179424 -75.277451 4.492580
v 34.010490 -73.290276 2.608990
v 33.172024 -72.009323 1.613166
v 32.723682 -70.638962 0.902167
v 34.219650 -69.483772 0.562432
v 34.207596 -67.778786 0.167744
v 15.015790 -80.651756 47.349709
v 14.476478 -79.154922 47.098026
v 13.759827 -78.332230 46.901379
v 13.115177 -77.563011 46.785278
v 14.598888 -77.136337 46.772591
v 14.761986 -75.578514 46.633156
v 15.740596 -74.964081 46.414295
v 17.849964 -74.773178 46.421646
v 17.658970 -73.679062 46.155247
v 18.822678 -72.781937 45.997940
v 36.411449 -67.380478 0.262893
v 37.145451 -65.206642 -0.055951
v 36.439205 -64.168678 -0.086317
v 38.049263 -63.089905 -0.074816
v 38.454716 -60.774212 -0.163661
v 37.660748 -59.670662 -0.166521
v 37.280659 -58.269882 -0.177436
v 36.594078 -57.275955 -0.160992
v 38.348541 -55.593437 -0.147599
v 38.705894 -53.009754 -0.129831
v 38.451134 -51.678860 -0.135296
v 40.202953 -50.290348 -0.131389
v 39.731602 -48.826275 -0.149587
v 41.419727 -47.300098 -0.134811
v 40.913918 -46.001869 -0.151747
v 42.539421 -44.615883 -0.137263
v 42.896904 -42.183216 -0.149005
v 42.669727 -40.961681 -0.121811
v 44.664276 -39.582546 -0.123690
v 44.571941 -37.613667 -0.127425
v 44.430569 -36.490120 -0.134174
v 46.277504 -35.308601 -0.120677
v 46.505795 -33.029930 -0.143860
v 45.981892 -31.808151 -0.151281
v 20.937126 -71.730392 45.675739
v 21.036530 -70.557259 45.379585
v 22.591999 -71.029793 45.438904
v 24.541580 -70.275200 45.077446
v 25.738434 -68.976074 44.612572
v 26.478537 -67.773949 44.178284
v 25.230513 -67.256622 44.155121
v 28.073757 -67.012749 43.665382
v 27.836905 -65.710793 43.089840
v 27.616005 -64.620636 42.581165
v 28.985746 -64.858475 42.397778
v 29.657063 -63.819359 41.648392
v 29.972544 -62.615837 41.029861
v 29.275759 -61.643147 40.817997
v 27.946623 -62.172253 41.358223
v 29.698748 -60.121056 39.926167
v 29.913883 -58.599545 39.112175
v 29.663078 -56.941959 38.385735
v 31.480371 -56.338093 37.440933
v 31.811754 -54.410290 36.481106
v 31.805609 -52.868439 35.759674
v 30.914309 -51.922279 35.756691
v 30.694496 -50.786438 35.458221
v 31.574808 -49.384670 34.736469
v 31.617664 -47.294441 34.142246
v 31.257032 -46.114239 33.997566
v 32.059963 -45.927990 33.604782
v 33.432133 -45.916428 32.951775
v 33.994091 -43.684772 32.136604
v 33.378101 -42.645733 32.178707
v 33.457260 -41.345360 31.863226
v 35.155338 -41.409599 31.073755
v 35.878868 -39.072514 30.284437
v 35.704521 -37.484661 30.052797
v 35.128639 -36.697456 30.152763
v 36.239277 -35.451153 29.438671
v 36.805370 -33.329281 28.892296
v 37.241066 -31.774776 28.562235
v 37.719093 -30.318201 28.242216
v 38.245102 -28.823481 27.889618
v 38.671936 -27.319204 27.597891
v 39.020748 -25.701269 27.281637
v 39.208981 -23.996773 27.048843
v 39.355106 -22.341484 26.878904
v 39.523117 -20.751371 26.702286
v 39.757504 -19.228600 26.512526
v 39.619186 -17.258375 26.370302
v 38.316624 -16.984524 26.943516
v 38.734459 -14.864409 26.400778
v 37.848679 -13.363940 26.633099
v 38.717369 -11.996486 25.927353
v 37.738506 -10.091245 26.065182
v 36.532471 -8.996282 26.472630
v 37.728474 -7.874303 25.580410
v 37.443691 -6.292953 25.353813
v 37.034466 -5.083385 25.249166
v 36.296822 -4.660848 25.557848
v 37.540127 -3.008710 24.348818
v 37.675671 -0.375672 23.205969
v 36.402550 0.510885 23.053143
v 36.661472 1.832400 22.446983
v 35.248940 2.521117 22.307467
v 34.319691 2.527833 22.249081
v 34.349991 3.895150 21.787786
v 32.865093 4.361130 21.552210
v 32.201729 3.945706 21.108398
v 31.540018 3.677046 20.846718
v 31.723667 5.215990 20.593306
v 30.962482 6.722498 19.806030
v 30.951571 8.496239 18.990623
v 29.528448 7.859790 18.570908
v 29.300272 7.251692 18.718727
v 29.986309 9.323593 17.921938
v 24.672850 14.953806 9.964666
v 24.451986 16.092840 13.698404
v 24.116272 17.882263 14.334449
v 23.996265 19.879448 14.742780
v 23.462070 20.224434 15.923838
v 23.260834 22.247458 15.296081
v 22.187441 22.516796 16.700012
v 21.599463 22.101164 17.457157
v 21.292009 23.594839 17.374521
v 20.518402 25.845268 17.540466
v 19.390928 25.419813 18.397354
v 47.565243 -30.604826 -0.135237
v 47.765511 -28.125036 -0.143395
v 47.451199 -26.820307 -0.157524
v 47.185158 -25.403103 -0.175136
v 46.328346 -23.961992 -0.197719
v 45.531075 -23.029478 -0.194083
v 46.005898 -21.322001 -0.180740
v 45.044529 -19.684120 -0.170275
v 44.391506 -18.362104 -0.169127
v 43.824699 -15.756027 -0.180770
v 42.906311 -14.051902 -0.176414
v 41.897469 -12.961374 -0.127546
v 40.886292 -11.635317 -0.041701
v 39.824745 -10.271285 0.071852
v 38.759251 -9.192528 0.223630
v 39.713367 -7.207692 0.281260
v 38.777699 -5.117544 0.548183
v 37.701092 -4.621173 0.628872
v 38.680820 -2.565537 0.810708
v 37.413235 -0.899188 0.985371
v 36.507885 0.229184 1.081415
v 37.344582 1.991159 0.988453
v 35.872265 3.220993 1.073570
v 36.586369 5.298014 0.930622
v 35.635063 7.372073 1.190933
v 34.641701 7.816136 1.267153
v 35.492413 9.647501 1.277219
v 34.309071 10.931258 1.251768
v 33.901585 13.064635 1.141050
v 33.597504 15.218124 1.133371
v 32.578773 16.010490 1.602096
v 31.761623 16.171219 2.315725
v 32.546513 18.185385 2.210964
v 32.589241 20.163465 3.057671
v 31.988684 20.046623 4.835422
v 31.324671 18.345089 5.247947
v 21.417313 25.398287 4.349273
v 19.967037 29.762650 2.889994
v 18.095856 30.051743 1.001485
v 17.630936 31.775356 0.728484
v 16.492039 31.761005 0.266664
v 15.570837 33.115482 0.118272
v 13.258821 34.637711 0.107589
v 11.720978 34.890041 0.546824
v 10.254378 35.153355 1.464697
v 9.090821 34.844292 2.477426
v 8.526140 34.465504 3.422099
v 8.054790 34.480518 4.890956
v 7.630195 34.772583 6.713991
v 7.436783 34.905430 7.839259
v 7.340240 34.885571 8.873167
v 7.271251 34.581078 10.358486
v 7.343275 34.860386 12.272308
v 7.813042 34.763184 13.958257
v 8.283923 34.480434 15.040077
v 8.878509 34.194649 16.003721
v 10.379099 34.123383 17.430479
v 10.019160 32.549107 17.559099
v 9.370625 31.570332 17.351355
v 10.250002 31.497301 17.900038
v -16.582624 32.001984 0.447150
v -18.444304 31.219688 0.397118
v -18.464821 30.168060 0.472635
v -20.261492 30.565325 0.795075
v -21.601627 30.281244 1.250767
v -22.367218 29.995466 1.646316
v -27.504297 32.995010 10.493234
v -24.981419 34.766464 15.399513
v -25.730223 34.400795 14.809706
v -26.775240 34.697613 13.737967
v -27.649080 34.748306 12.406735
v -28.032217 34.534843 10.444134
v -22.749214 31.519472 1.390053
v -23.433517 33.563957 1.382878
v -24.365753 33.557785 1.909533
v -25.162975 34.905949 2.261982
v -26.443981 34.989857 3.361073
v -26.705296 34.508427 3.972829
v -27.110504 34.618492 5.292324
v -27.535257 34.613235 7.078081
v -27.430090 34.210808 8.007388
v -28.133720 34.674473 8.748808
v -16.240150 34.904537 16.193712
v -17.405048 34.601925 16.533598
v -18.109137 36.377392 16.082567
v -20.432116 36.682358 16.367935
v -22.424498 36.673798 16.139536
v -23.668436 36.283714 15.833375
v -25.024740 36.625149 15.438311
v -25.785555 36.302097 14.875453
v 19.185995 26.868917 18.202650
v 18.751049 28.669840 18.110277
v 17.787233 30.085649 18.260534
v 12.654523 29.316525 18.963013
v 13.526609 29.710119 19.032663
v 15.665785 31.422651 18.551140
v 14.246708 31.198271 18.774488
v 12.922816 30.927536 18.748129
v 11.866244 31.371189 18.502211
v 11.663664 32.792820 18.213772
v -12.317499 36.833843 10.784972
v -12.620420 36.357571 12.382895
v -13.658672 36.311668 13.748910
v -14.752698 36.524368 14.800947
v -15.477741 35.812721 15.602568
v 0.523045 -97.242989 42.419147
v -0.043623 -96.935005 41.394367
v -0.490136 -96.616989 40.528919
v -1.006083 -96.825714 39.110245
v -1.285292 -96.893486 37.271919
v -1.440454 -97.041840 34.894482
v -1.586108 -96.582062 33.454426
v -1.443377 -96.805733 31.570271
v -1.003537 -96.859383 29.781618
v -0.397568 -96.840584 28.256624
v 0.360846 -96.924271 26.792061
v 1.346568 -97.153900 25.121717
v 2.045814 -96.816956 23.931351
v 2.674315 -96.335693 22.940620
v 3.937878 -97.241264 21.261356
v 4.327810 -96.667252 20.657501
v 5.335509 -96.922318 19.330627
v 5.930376 -96.422409 18.482025
v 6.945878 -96.525223 17.079613
v 8.216310 -97.294167 15.336086
v 8.571565 -96.661903 14.809728
v 9.351650 -96.800400 13.811434
v 10.280796 -96.750328 12.814018
v 11.477503 -96.528137 11.808726
v 13.203840 -96.706619 11.062854
v 14.950388 -96.638336 10.823705
v 16.839792 -96.620598 10.799214
v 11.274312 -87.017403 47.237877
v 10.510315 -89.036674 47.500286
v 12.134159 -88.518578 47.631241
v 12.585224 -86.967819 47.719975
v 12.622937 -86.188667 47.890327
v 13.903622 -85.912849 47.858955
v 14.214050 -84.454308 47.652424
v 13.645406 -83.544487 47.523315
v 15.815885 -82.707153 47.599148
v 9.692632 -91.090675 47.604488
v 11.242529 -90.439972 47.745609
v 9.268898 -93.956253 47.593395
v 10.961822 -93.339272 47.996990
v 9.747111 -92.176537 47.882156
v 2.630902 -98.421410 45.004665
v 1.377592 -98.754128 43.745716
v 0.849309 -98.518105 42.936306
v 0.188583 -98.547363 41.857632
v 4.277090 -97.877777 46.242344
v 4.119432 -96.858147 46.071651
v 4.871320 -96.138252 46.470787
v 6.319019 -95.782883 47.122234
v 7.138705 -95.129303 47.254520
v 8.968975 -95.302109 47.672100
v 18.819096 -96.670616 10.969633
v 20.831724 -96.684647 11.270612
v 23.159449 -96.184715 11.658241
v 23.292040 -95.013130 11.536595
v 24.887428 -93.848724 11.813045
v 25.045279 -91.675713 11.561574
v 24.418549 -91.040268 11.347644
v 23.978800 -89.873833 10.973579
v 25.742535 -89.335571 11.376935
v 25.787172 -87.583229 11.067138
v 25.465675 -86.546333 10.743937
v 24.519526 -86.413887 10.409097
v 27.338959 -86.498268 11.280892
v 29.528133 -85.908112 11.725162
v 30.954327 -85.229851 12.038293
v 30.681875 -84.145737 11.688564
v 31.737541 -82.682968 11.404418
v 30.661755 -81.922050 10.744832
v 31.902672 -80.245064 10.208175
v 32.487881 -78.447273 8.794285
v 33.250874 -76.598747 6.869689
v 34.710068 -74.804710 4.939666
v 35.156471 -73.479774 3.399286
v 35.668324 -71.880486 1.897831
v 34.579971 -71.999268 1.674085
v 35.147652 -70.665726 1.132967
v 35.775860 -69.216553 0.648126
v 17.035120 -80.724228 47.519089
v 16.569029 -79.363403 47.303623
v 15.590507 -78.790070 47.128754
v 17.200289 -77.378296 46.967960
v 15.980486 -75.829391 46.685631
v 19.460323 -76.288185 46.795856
v 19.939768 -74.786407 46.457417
v 19.577698 -73.951569 46.262230
v 21.601908 -73.582390 46.105705
v 37.283012 -69.514236 1.051735
v 38.823669 -67.044151 0.411912
v 38.837700 -65.329834 0.125072
v 38.466805 -64.263000 -0.015543
v 39.806725 -63.237804 0.086063
v 40.187698 -60.909290 -0.007179
v 40.109631 -59.121147 -0.144197
v 39.414330 -58.246014 -0.171696
v 38.711166 -57.290962 -0.166343
v 40.456383 -55.590748 -0.135187
v 40.750187 -53.059521 -0.113030
v 40.480179 -51.814091 -0.133106
v 42.008465 -50.742744 -0.116434
v 42.546196 -48.645847 -0.125645
v 43.368317 -46.699623 -0.135011
v 42.958027 -45.730930 -0.151604
v 44.680405 -44.213474 -0.143017
v 44.586990 -42.255306 -0.136736
v 44.601124 -41.000904 -0.122565
v 46.326775 -40.059315 -0.086015
v 47.051380 -38.208618 -0.069395
v 47.026772 -36.824810 -0.094681
v 48.426086 -34.742184 -0.080728
v 48.526894 -32.980770 -0.123691
v 48.028431 -31.824692 -0.134570
v 22.440941 -72.202766 45.732441
v 24.473412 -72.504128 45.651279
v 26.957232 -71.403725 45.141727
v 26.352423 -70.132591 44.898994
v 27.560926 -69.562073 44.604057
v 26.605125 -68.773399 44.387043
v 29.219294 -68.768715 44.005234
v 29.566055 -67.406631 43.342110
v 28.977491 -66.233101 43.030888
v 30.533348 -66.095139 42.529610
v 30.438419 -64.532944 41.826855
v 31.607792 -63.096031 40.834011
v 31.219645 -61.241264 40.015884
v 31.300600 -59.414124 39.037296
v 30.317331 -59.383781 39.347054
v 31.434368 -57.933723 38.215160
v 30.670961 -57.294125 38.281864
v 32.430637 -57.508076 37.488705
v 33.054340 -56.280869 36.745594
v 33.007076 -54.942352 36.213734
v 32.958885 -53.068264 35.434158
v 32.263142 -53.564159 35.922287
v 32.403370 -51.923569 35.187599
v 31.744202 -51.087185 35.134068
v 33.052914 -50.713734 34.507492
v 32.932816 -48.938488 34.004868
v 32.597042 -47.782677 33.847252
v 33.706367 -47.777573 33.302914
v 35.034615 -46.793827 32.431557
v 35.121014 -45.555965 32.086239
v 35.084335 -44.299805 31.761744
v 35.196278 -43.037971 31.409649
v 36.526283 -42.720631 30.673288
v 36.904900 -41.067356 30.164703
v 37.037785 -39.533089 29.823767
v 37.338970 -37.450439 29.318285
v 36.849232 -36.427830 29.354893
v 38.174522 -35.289597 28.576944
v 38.331234 -33.397297 28.236563
v 38.815071 -31.326138 27.808926
v 38.460449 -30.570868 27.932026
v 39.745056 -28.801577 27.187542
v 39.466118 -27.642105 27.271805
v 40.481762 -26.122185 26.665461
v 40.576981 -24.104073 26.431332
v 40.693974 -22.486053 26.237673
v 40.855461 -20.869415 26.018061
v 40.876034 -19.387274 25.916096
v 40.805618 -17.926586 25.805000
v 40.707806 -16.267813 25.610640
v 39.832863 -15.814070 26.028433
v 40.300163 -14.652881 25.557602
v 39.968288 -12.686896 25.386593
v 39.573395 -11.779439 25.445555
v 39.942173 -10.709940 24.991171
v 38.909397 -10.284092 25.505562
v 39.244446 -8.440023 24.860222
v 38.910969 -6.914405 24.657053
v 38.653824 -5.560653 24.463072
v 37.909870 -4.595523 24.659916
v 38.870319 -3.385456 23.764244
v 38.696747 -2.492868 23.597094
v 39.549088 -1.126303 22.716764
v 38.854786 0.473904 22.493549
v 38.429539 1.757293 22.136196
v 37.720390 3.819372 21.574797
v 35.997906 3.471615 21.866425
v 35.968586 5.402416 21.259157
v 34.026356 5.617472 21.229679
v 33.618153 4.857469 21.677483
v 33.256802 5.310720 21.452579
v 32.771488 5.578902 21.095415
v 33.090595 6.938784 20.423712
v 31.945686 6.718387 20.022907
v 32.041428 7.728641 19.826431
v 32.928360 8.957172 19.654490
v 32.133984 10.369220 18.881584
v 30.944427 10.569327 17.788218
v 31.923107 11.851787 18.300327
v 32.319229 13.807917 18.048641
v 31.448565 14.736948 16.387569
v 24.315102 16.146851 10.551133
v 24.098305 16.280487 8.870274
v 24.636475 15.305577 12.109660
v 24.314665 16.646515 11.751086
v 24.204599 17.950668 12.515232
v 24.141298 19.582085 13.009461
v 24.164003 21.196632 13.174349
v 24.026781 21.247002 14.361589
v 23.922358 22.180359 13.796647
v 23.804514 23.883526 13.156009
v 23.163170 24.262383 15.011429
v 22.753466 23.826015 15.759745
v 22.333237 23.536711 16.376921
v 22.185900 25.132523 16.191231
v 21.630018 27.261532 16.230722
v 20.678585 27.477493 17.163578
v 20.102257 27.225140 17.652950
v 49.541077 -30.633968 -0.084567
v 49.736866 -28.167137 -0.080278
v 49.367836 -26.859497 -0.124425
v 48.915569 -25.402544 -0.144670
v 48.428200 -23.699814 -0.177223
v 47.419106 -23.061689 -0.187447
v 48.192123 -21.441359 -0.179718
v 47.060070 -19.049032 -0.185347
v 45.773624 -18.654114 -0.167501
v 46.090675 -16.321306 -0.182629
v 44.916569 -14.095619 -0.175168
v 43.858204 -12.965585 -0.145115
v 42.823437 -11.663276 -0.095044
v 41.776268 -10.329800 -0.039703
v 40.785973 -9.214133 0.043012
v 41.622391 -7.576481 0.136443
v 41.136440 -5.714501 0.383102
v 40.374397 -4.252434 0.584455
v 40.563671 -2.105379 0.777072
v 39.949558 -0.369520 0.899946
v 38.678638 0.154807 0.999683
v 39.545788 1.840954 0.868630
v 38.723431 4.092496 0.616716
v 38.626984 6.288310 0.545039
v 37.855782 7.517597 0.790891
v 36.773815 8.457735 1.069788
v 36.762398 10.538149 1.261463
v 36.172428 10.945356 1.328690
v 36.212528 12.521527 1.214229
v 35.591637 14.930368 1.043570
v 34.717724 15.731507 1.067155
v 34.188766 17.891855 1.148925
v 33.638260 19.722330 1.640611
v 33.108891 20.072863 2.153071
v 33.687035 21.936352 2.208021
v 32.806473 22.166941 3.658207
v 32.452541 21.810759 5.630594
v 31.939636 20.336441 5.778461
v 31.423300 19.149235 6.892472
v 22.029346 27.387314 6.028213
v 22.379314 25.162655 6.662813
v 22.383232 23.277878 6.516328
v 21.896873 23.183527 4.663319
v 22.016682 30.228563 6.235351
v 20.820404 32.752346 3.995717
v 19.249779 31.989271 1.763251
v 18.529848 33.786617 1.194320
v 16.925800 33.442608 0.360378
v 16.035744 35.350128 0.083321
v 13.915407 35.817047 0.011600
v 12.207906 36.463650 0.369715
v 10.589149 36.475502 1.096937
v 9.088061 36.708721 2.289376
v 8.585268 36.418976 3.206450
v 8.028735 36.281773 5.005963
v 7.649632 35.980377 6.669022
v 7.448764 36.374584 8.727329
v 7.344060 36.254681 10.593065
v 7.368214 36.319817 12.211295
v 7.745549 36.652889 14.033538
v 8.329268 36.522633 15.257577
v 8.827316 35.907269 15.919388
v 10.209959 36.426998 17.223768
v 11.338453 34.292690 17.958805
v 12.235735 35.721851 17.954130
v -16.056547 33.728802 0.605396
v -17.704256 33.484749 0.281983
v -19.248764 32.649887 0.352528
v -19.844957 31.590618 0.529325
v -21.202221 31.850094 0.744474
v -26.864141 36.046371 13.990461
v -28.049610 36.329720 12.374331
v -28.522436 36.328392 10.513721
v -28.291241 36.078896 8.292547
v -21.475569 33.183250 0.755932
v -22.053186 35.094318 0.845571
v -23.660631 35.024399 1.352453
v -23.997223 36.734692 1.265789
v -25.816038 36.793678 2.164472
v -26.545404 36.689983 2.992865
v -26.958651 36.338814 3.830690
v -27.340647 35.813267 4.792648
v -27.862816 35.967617 6.464128
v -16.601254 37.831688 15.204418
v -18.844667 38.385834 15.863109
v -20.498674 38.028908 16.079412
v -23.945768 38.240982 15.685554
v -25.155046 37.960228 15.227244
v -26.535725 37.784523 14.457097
v -27.380112 37.518486 13.804672
v 20.071009 28.764807 17.439638
v 19.519718 30.616777 17.459690
v 19.001812 31.929001 17.554079
v 17.430204 32.004017 18.057297
v 16.365129 33.437729 18.127245
v 14.801741 33.199211 18.405378
v 13.744721 32.360855 18.571039
v 13.533249 34.100471 18.304052
v -12.906313 38.313606 10.216761
v -13.385305 38.090473 12.070412
v -13.865008 37.768539 12.965404
v -14.144286 37.502968 13.585225
v -15.058441 37.580345 14.423560
v -0.336369 -98.093071 40.918743
v -1.000348 -98.080147 39.335728
v -1.492190 -98.272202 37.170994
v -1.499478 -98.295898 35.204536
v -1.497518 -98.516357 33.299099
v -1.409213 -98.152382 31.715446
v -0.909344 -98.233871 29.677351
v -0.102947 -98.349663 27.877241
v 0.496653 -98.042236 26.710958
v 1.448455 -98.436172 25.174986
v 2.022472 -98.370117 24.226679
v 2.571705 -98.273010 23.359177
v 3.624170 -98.200958 21.788336
v 4.539765 -98.328629 20.547684
v 5.332494 -98.256248 19.487801
v 6.145882 -98.210274 18.421778
v 6.829684 -98.032021 17.464680
v 8.113508 -98.437309 15.699121
v 9.009747 -98.576736 14.402238
v 9.365202 -97.959709 13.882857
v 10.366537 -98.105385 12.837318
v 11.553643 -98.073509 11.919724
v 13.101283 -98.085304 11.231266
v 14.915337 -98.095467 10.915034
v 16.797951 -98.077278 10.895520
v 18.713785 -98.094231 11.065090
v 13.736374 -90.520523 48.101254
v 14.276192 -88.553413 47.988129
v 14.118009 -87.121185 47.933979
v 14.494665 -86.312004 48.116890
v 15.669234 -85.986938 48.041046
v 15.462498 -84.624176 47.812393
v 17.723692 -84.002007 47.837379
v 17.371317 -82.738190 47.668701
v 18.523581 -81.442024 47.554382
v 10.832848 -91.900932 47.899147
v 12.610318 -92.429886 48.208527
v 11.199031 -95.437210 48.218647
v 13.275544 -94.801048 48.548672
v 12.514484 -93.590569 48.293400
v 1.779203 -99.283539 44.366463
v 2.629087 -99.258270 45.195736
v 3.667914 -99.166191 46.003288
v 1.012634 -99.414398 43.412373
v 0.384626 -99.319519 42.395073
v -0.387692 -99.393860 41.142471
v -0.933902 -99.251015 39.691933
v 5.527918 -99.155426 46.938213
v 5.666602 -98.165520 46.935410
v 5.339196 -97.381485 46.750000
v 6.708480 -97.451218 47.255909
v 8.455296 -96.763184 47.702591
v 10.845498 -97.056854 48.325813
v 20.649443 -98.118584 11.382310
v 22.777084 -98.204033 11.803729
v 24.372379 -97.939240 12.181683
v 25.198645 -96.454559 12.200091
v 25.048841 -95.424171 12.024430
v 27.045496 -95.041977 12.449054
v 26.649820 -93.545082 12.289848
v 27.038427 -92.298737 12.181159
v 26.761114 -90.969322 11.903843
v 27.611319 -89.188362 11.869228
v 27.449095 -88.056076 11.634542
v 26.616322 -87.806015 11.354387
v 29.469692 -88.046272 12.136443
v 32.236629 -86.883461 12.626157
v 32.251888 -85.413170 12.454936
v 32.509655 -84.068443 12.198920
v 33.101429 -82.555313 11.897795
v 33.325142 -81.410294 11.466748
v 33.308559 -80.261124 10.726759
v 33.888916 -78.523308 9.598967
v 35.022781 -76.590172 7.818174
v 35.485775 -75.108025 5.865215
v 36.338730 -73.488579 4.191468
v 36.666355 -71.997307 2.719208
v 18.360165 -79.910568 47.411720
v 17.835520 -79.011139 47.291267
v 19.721529 -78.471565 47.142864
v 21.188128 -76.488083 46.788597
v 21.175323 -75.303200 46.569477
v 23.115585 -75.314438 46.437149
v 23.711632 -73.898354 46.056446
v 38.758308 -71.466354 3.539011
v 40.683025 -67.652756 0.882141
v 40.647583 -65.408958 0.542823
v 40.283817 -64.264816 0.267403
v 41.706646 -63.059875 0.635808
v 41.035191 -61.754356 0.127848
v 42.274982 -60.200577 0.460418
v 41.536747 -58.318619 -0.056987
v 40.846306 -57.256519 -0.151114
v 42.469227 -55.995483 0.164127
v 42.859379 -53.199474 0.133812
v 42.411621 -51.785530 -0.094336
v 44.038200 -50.317188 0.069289
v 43.464977 -49.245895 -0.110411
v 44.774105 -47.514393 -0.080001
v 44.751022 -45.793228 -0.115178
v 46.296974 -44.739876 -0.059515
v 47.111328 -42.381123 -0.046956
v 46.408001 -41.588352 -0.129291
v 48.197594 -40.111401 0.015457
v 48.653435 -37.885731 0.035543
v 48.362350 -36.911541 -0.057099
v 49.670666 -35.574039 -0.004591
v 50.425568 -33.145981 -0.025039
v 49.977493 -31.875462 -0.069381
v 25.498657 -74.305855 46.000835
v 28.022818 -73.375771 45.512688
v 28.670967 -71.650024 44.940712
v 28.331039 -70.791992 44.777374
v 29.308905 -70.523155 44.506458
v 30.904573 -70.282478 44.074123
v 31.022230 -68.742744 43.620564
v 30.100298 -68.356758 43.541080
v 30.715960 -67.657066 43.152412
v 32.207497 -67.505409 42.708313
v 32.028095 -65.830009 41.976498
v 31.524895 -64.810555 41.670498
v 33.086746 -64.668144 41.182964
v 33.670738 -62.875347 40.125050
v 32.868690 -61.767574 39.820572
v 32.031418 -61.767597 40.088943
v 32.365765 -61.224911 39.679619
v 33.291908 -60.281761 38.805264
v 32.879299 -58.434174 37.930397
v 34.499561 -56.885475 36.420189
v 33.855331 -55.505913 36.101715
v 34.673332 -54.033756 35.119759
v 34.409145 -51.880878 34.345722
v 34.526501 -50.302959 33.693031
v 33.913219 -49.267841 33.657410
v 35.506599 -48.790401 32.767258
v 36.918690 -46.738522 31.541334
v 35.813286 -45.963432 31.850180
v 36.303116 -44.800613 31.321577
v 37.959602 -43.577225 30.210665
v 37.821503 -42.017181 29.864525
v 37.396339 -41.493195 29.982306
v 38.282730 -40.183395 29.335527
v 38.636852 -38.051586 28.813602
v 39.088470 -36.173870 28.300266
v 39.661087 -34.662716 27.790890
v 39.832909 -33.335587 27.527472
v 40.232040 -31.610439 27.132959
v 40.800903 -29.734859 26.708075
v 41.567280 -28.126396 26.236765
v 41.835518 -26.548157 26.019850
v 41.887550 -25.222464 25.864531
v 42.102234 -23.787725 25.603447
v 41.782688 -22.568947 25.671513
v 42.109554 -20.992128 25.354958
v 42.318291 -19.127321 25.104757
v 41.613888 -18.329630 25.432724
v 42.027275 -16.903860 24.936621
v 41.642010 -14.957293 24.820143
v 41.497696 -12.854631 24.501534
v 40.750484 -11.686484 24.701305
v 41.482738 -10.456821 23.912565
v 40.668701 -8.835114 24.030390
v 40.457474 -7.165152 23.780247
v 40.054516 -5.622411 23.586176
v 39.711014 -4.023900 23.390518
v 39.840084 -2.791628 23.016504
v 41.016338 -2.730495 22.189051
v 41.082623 -0.295475 21.503897
v 40.450958 1.107415 21.603876
v 39.474297 1.445238 21.970173
v 39.893616 3.237247 21.193834
v 39.267689 5.590810 20.904324
v 37.636738 5.455132 21.167278
v 37.481636 7.040893 20.937677
v 35.788006 7.187503 20.867399
v 34.727757 6.732872 20.787296
v 33.239388 5.963404 21.161722
v 34.800323 8.468989 20.403917
v 32.679962 7.955343 20.026842
v 34.440491 10.025587 19.953161
v 33.544701 10.319834 19.576363
v 32.920822 10.211963 19.291327
v 33.298824 11.283329 19.364515
v 32.570473 11.566214 18.953987
v 33.355495 12.907132 19.102282
v 32.424980 15.394218 17.760506
v 33.042240 15.137721 18.491674
v 33.753624 14.738436 18.995211
v 32.170208 16.562820 16.920610
v 23.989697 17.076935 9.797607
v 24.147417 16.944529 10.672538
v 23.952101 18.083258 10.513583
v 24.008434 19.767424 11.299266
v 24.124479 20.963541 11.747718
v 23.913458 22.679203 11.604868
v 24.007179 22.466579 12.936765
v 23.792648 24.522913 10.745587
v 23.769949 25.792065 11.494892
v 23.560852 25.882866 13.202292
v 23.354872 25.214384 14.280702
v 22.938255 25.345228 15.105065
v 22.862520 26.658123 14.579483
v 22.236145 28.786709 14.965421
v 21.605461 28.550808 16.011189
v 21.085485 28.367977 16.630671
v 51.436974 -30.806540 0.061461
v 51.732323 -28.348656 0.090019
v 51.264961 -27.053385 -0.045281
v 50.833618 -25.481016 -0.090075
v 50.390076 -23.659899 -0.150055
v 49.382828 -23.001427 -0.173010
v 50.117931 -20.996616 -0.154756
v 48.553352 -18.986115 -0.182991
v 47.518463 -17.634596 -0.175591
v 48.338326 -16.127451 -0.175135
v 47.119549 -14.144091 -0.168800
v 46.008102 -13.052286 -0.132125
v 44.850109 -11.645508 -0.111849
v 43.719604 -10.348483 -0.063667
v 42.708607 -9.271620 -0.027292
v 43.501740 -7.533363 0.114517
v 42.550152 -5.291515 0.408521
v 41.602097 -4.465381 0.530982
v 42.249741 -2.902170 0.684011
v 41.585175 -0.420538 0.832187
v 40.622471 0.716751 0.830620
v 41.420162 1.772832 0.607499
v 40.473988 3.735634 0.286025
v 40.248367 5.733857 0.261053
v 39.873928 7.539659 0.284670
v 39.035439 8.322277 0.640316
v 38.304771 10.407563 1.061167
v 37.298035 11.529181 1.207169
v 37.770630 12.718311 1.207122
v 37.735966 14.834633 1.089046
v 36.777214 15.554103 0.959678
v 36.161900 17.563957 0.872993
v 35.498051 19.652536 0.865002
v 34.539387 20.343500 1.251423
v 35.356941 22.258560 1.301299
v 34.163792 23.999023 2.303530
v 33.666740 23.799101 2.947771
v 33.350933 23.734188 3.776634
v 33.109310 23.665264 5.383197
v 33.063503 23.508274 7.354037
v 32.437305 21.810976 7.666287
v 31.993217 20.746546 7.405804
v 31.708815 20.205635 9.441101
v 22.688255 27.917206 7.434824
v 22.545193 27.126846 7.081585
v 22.876907 25.920637 7.936673
v 22.995745 23.748074 8.203896
v 23.085478 21.911791 8.201542
v 22.573277 22.087572 6.898326
v 22.322222 20.872679 5.716199
v 22.128038 32.819771 6.242282
v 22.720598 31.355679 7.886931
v 22.608963 30.253372 7.614687
v 23.059120 29.207399 8.853252
v 21.499214 35.869080 5.284740
v 21.870527 34.186642 5.696695
v 17.895315 37.456528 0.978100
v 15.804940 37.170937 -0.057024
v 13.827754 37.629723 0.066464
v 12.385849 37.423862 0.282820
v 10.846501 37.898342 0.850391
v 9.528177 38.324188 1.776333
v 8.650701 38.208714 2.816350
v 8.077305 37.686947 3.560464
v 7.797402 37.883492 4.906166
v 7.492043 38.227318 6.517752
v 7.456904 37.921062 7.993540
v 7.482458 38.396332 9.983325
v 7.457234 37.800713 10.977114
v 7.414938 37.453869 12.049419
v 7.618447 38.012466 13.516467
v 8.040952 38.168591 14.809423
v 8.559531 37.801426 15.688496
v 9.032605 37.359249 16.388832
v 9.570896 37.300907 17.020275
v 11.766634 38.310509 17.875011
v 10.100849 38.919079 17.362658
v 14.372216 35.715015 18.020281
v 13.889911 36.868793 17.944944
v 13.572941 38.339565 17.810394
v -14.729608 34.915703 1.158573
v -16.393398 35.213867 0.683285
v -17.879175 34.920300 0.445342
v -19.733091 34.344841 0.359705
v -28.545322 38.156902 12.470759
v -29.140354 38.023262 10.611954
v -29.065258 38.236214 8.461745
v -28.327696 37.984165 5.995134
v -20.097673 36.452961 0.540848
v -22.043425 36.499008 0.766226
v -22.101189 37.853050 0.636210
v -23.911894 38.377857 0.910916
v -25.098936 38.398701 1.311872
v -26.241539 38.276173 2.096267
v -27.066843 37.959682 3.071255
v -27.485636 37.637447 4.038568
v -15.485860 39.103195 13.654306
v -17.429869 39.593716 14.895041
v -18.161705 39.235840 15.558619
v -19.682489 39.804043 15.824415
v -21.051533 39.507359 15.862121
v -22.757299 39.438656 15.791278
v -24.340431 39.401382 15.488542
v -25.295324 39.170769 15.135380
v -26.758005 39.762024 14.439138
v -27.272600 39.125111 14.080836
v -28.076918 38.912941 13.361870
v 21.416876 29.781822 16.034689
v 20.734013 31.657593 16.354269
v 20.027231 32.852352 16.806168
v 18.955444 33.427814 17.211349
v 17.980145 33.105293 17.664843
v 17.794720 34.787357 17.332096
v 16.114721 34.772251 17.918365
v 14.980368 34.437855 18.217339
v -12.886718 38.633358 8.439463
v -13.283896 39.648098 9.546645
v -13.461438 39.436100 10.546573
v -13.820384 39.436043 11.596899
v -14.479709 39.397064 12.479389
v -1.311083 -99.247993 37.494385
v -1.514387 -99.248520 35.500042
v -1.566739 -99.269135 33.560928
v -1.406674 -99.255394 31.663174
v -0.983181 -99.254730 29.794786
v -0.383682 -99.211151 28.337397
v 0.288212 -99.274719 27.158606
v 1.074252 -99.246864 25.866140
v 1.917813 -99.360764 24.607691
v 2.575950 -99.258644 23.492590
v 3.490311 -99.264893 22.020836
v 4.273159 -99.309166 20.994619
v 5.041689 -99.230064 19.908899
v 6.027093 -99.342857 18.743105
v 6.796362 -99.208733 17.700327
v 7.802967 -99.212257 16.398739
v 8.511789 -99.306374 15.300171
v 9.217479 -99.368034 14.223388
v 10.104357 -99.207230 13.090230
v 11.284118 -99.141418 12.035267
v 12.694591 -99.142921 11.283526
v 14.580366 -99.187546 10.881701
v 16.532585 -99.189674 10.856249
v 18.428762 -99.177788 11.013172
v 20.367662 -99.222450 11.370168
v 13.886343 -92.193512 48.509552
v 15.557820 -91.877510 48.553043
v 15.524432 -90.396019 48.319412
v 15.648138 -89.043304 48.201073
v 15.915922 -87.306084 48.149769
v 16.306583 -86.397713 48.266922
v 17.445484 -86.210426 48.145367
v 19.945868 -85.608337 48.058540
v 19.868958 -83.731575 47.865742
v 19.281204 -82.731766 47.723316
v 20.875008 -81.502792 47.570656
v 20.364912 -80.027252 47.387684
v 13.258189 -93.637589 48.433201
v 14.701846 -93.615135 48.633678
v 11.934851 -96.876030 48.664982
v 13.354412 -96.636139 48.799313
v 15.407070 -96.416290 49.032955
v 15.037956 -95.071983 48.821911
v 6.768336 -98.616302 47.338139
v 8.230043 -99.287964 47.718441
v 7.641535 -98.486282 47.679276
v 8.760188 -98.360886 47.902561
v 10.542169 -98.297821 48.375126
v 11.814014 -98.309570 48.697079
v 13.340474 -98.190598 48.979450
v 22.016453 -99.190056 11.710424
v 23.362539 -99.210320 12.016411
v 25.193674 -99.031235 12.400910
v 25.363768 -98.255753 12.407510
v 26.674231 -97.452682 12.597591
v 29.398296 -96.342422 12.941598
v 29.182884 -94.830635 12.867562
v 28.976234 -93.613159 12.737724
v 27.695572 -93.641335 12.520648
v 28.733725 -92.156219 12.552583
v 28.362312 -90.887192 12.339697
v 28.502298 -89.699944 12.187541
v 30.105824 -89.954842 12.573223
v 32.313084 -89.101677 12.853556
v 34.312737 -88.396698 13.166302
v 34.042919 -87.122032 12.986720
v 34.472469 -85.515160 12.894797
v 33.585781 -84.723099 12.642497
v 34.048660 -82.980530 12.272426
v 34.344532 -81.505241 11.840422
v 34.611988 -80.149910 11.166136
v 34.768188 -78.855148 10.337660
v 36.468990 -77.228661 9.347645
v 37.448093 -74.986740 7.021301
v 36.307671 -75.152893 6.402374
v 37.242302 -73.883041 5.064233
v 22.049465 -78.895348 47.196636
v 22.271967 -77.080414 46.871105
v 24.206299 -76.902229 46.708332
v 24.765102 -75.416885 46.250141
v 38.801888 -73.124512 5.451263
v 39.750088 -71.990944 4.973861
v 41.361195 -70.736252 5.685727
v 41.742966 -68.650703 3.371428
v 42.410015 -67.142113 1.061092
v 43.023365 -64.963081 2.072985
v 44.381493 -62.435463 2.931093
v 44.550625 -58.678837 1.688975
v 42.915905 -57.751389 0.403304
v 43.990822 -56.380726 0.687925
v 44.772282 -54.231667 0.856248
v 45.194382 -51.771938 0.553880
v 46.259930 -49.664337 0.479290
v 45.407345 -48.726604 0.111100
v 46.616364 -47.426231 0.248566
v 46.463322 -46.028572 -0.042003
v 47.591614 -45.317211 0.323854
v 48.446030 -42.859314 0.349452
v 48.417282 -41.263836 0.002813
v 49.474792 -40.330017 0.121397
v 50.586639 -38.040184 0.454746
v 50.128441 -36.645855 0.103015
v 51.029591 -35.655258 0.116829
v 52.306843 -34.089378 0.373709
v 51.779793 -32.179955 0.114087
v 26.449308 -75.755806 46.128651
v 27.566664 -75.003654 46.009125
v 28.609423 -75.010979 45.884785
v 29.736464 -74.931938 45.766716
v 30.157225 -73.400963 45.215046
v 30.270227 -71.994843 44.765057
v 32.068817 -72.217697 44.345112
v 32.124313 -70.359680 43.721142
v 31.966208 -69.195038 43.423378
v 33.521328 -69.002716 42.897736
v 33.891705 -67.329399 42.210262
v 33.209621 -66.236725 41.905510
v 34.834862 -65.910553 41.349560
v 34.821938 -63.932304 40.272327
v 34.816059 -62.581894 39.626747
v 34.228931 -62.397629 39.740158
v 34.107014 -61.790501 39.411423
v 35.504154 -61.337139 38.440762
v 34.815853 -59.717579 37.754753
v 34.183777 -58.686943 37.518555
v 35.548656 -58.659241 36.833786
v 36.492226 -57.524658 35.767479
v 35.752079 -56.648495 35.730694
v 36.268818 -55.461060 34.956459
v 36.127476 -53.017548 33.987057
v 35.297497 -52.421333 34.126163
v 35.794811 -51.025772 33.332718
v 37.310200 -49.995918 32.291595
v 36.991913 -48.502277 31.999296
v 38.320438 -48.389690 31.317787
v 38.587399 -46.713898 30.737062
v 38.529465 -45.259941 30.366554
v 37.377911 -45.191116 30.910309
v 39.326542 -43.601044 29.517450
v 39.275124 -42.086510 29.255110
v 38.703285 -41.564880 29.406597
v 39.901558 -40.095016 28.573090
v 39.859211 -38.274303 28.278667
v 40.198284 -36.649967 27.857498
v 40.740486 -34.960968 27.323423
v 41.182167 -33.349957 26.838308
v 41.572273 -31.727947 26.450787
v 41.974815 -30.049299 26.071396
v 42.467609 -28.413122 25.690519
v 42.972389 -26.722589 25.348858
v 43.005116 -25.607222 25.247465
v 43.022411 -24.425917 25.112707
v 43.463535 -22.691275 24.672489
v 43.235332 -21.490313 24.736322
v 43.440304 -19.416866 24.345762
v 43.322163 -17.426632 24.197058
v 43.103230 -15.726336 24.056461
v 42.425694 -15.338947 24.399302
v 42.885345 -13.730373 23.695179
v 42.570740 -11.180482 23.302383
v 42.190586 -10.259145 23.314560
v 42.450012 -9.128055 22.786495
v 41.519569 -8.956357 23.461569
v 41.498821 -7.490451 23.095873
v 41.295338 -5.753920 22.756477
v 41.183903 -4.458423 22.488382
v 42.243546 -3.918799 21.403545
v 42.230171 -2.078549 20.928343
v 42.034988 -0.823701 20.788897
v 41.975983 1.056732 20.399414
v 41.218288 1.036682 21.070021
v 41.346809 2.407139 20.649906
v 41.372536 4.195355 20.254555
v 40.924255 5.480122 20.335789
v 40.721729 7.291995 20.197727
v 39.291279 7.062354 20.687092
v 38.902950 8.598298 20.454563
v 37.230545 8.659894 20.694572
v 36.191505 8.236080 20.812635
v 36.289444 9.629373 20.470612
v 35.305290 9.888528 20.268274
v 35.879940 11.305716 20.060017
v 34.339462 11.114404 19.781654
v 34.739815 12.482818 19.728699
v 35.427032 14.778597 19.585789
v 32.886482 16.472242 17.936449
v 33.136665 15.955453 18.379091
v 33.822243 15.939522 18.854883
v 34.721176 15.949086 19.253065
v 31.770277 17.886892 15.189790
v 32.725422 18.217611 16.897203
v 33.258221 17.626942 17.832952
v 23.688585 17.483799 8.673645
v 23.758520 17.846201 9.420198
v 23.432159 18.879257 8.682567
v 23.707609 20.284164 9.716138
v 23.658867 21.924025 10.074289
v 23.493616 23.987988 9.596414
v 23.422447 25.239227 9.363098
v 23.361143 26.617128 9.430634
v 23.585188 27.676380 11.028130
v 23.621696 26.915092 12.369110
v 23.361513 26.987091 13.254607
v 23.221083 28.493370 12.803643
v 22.634935 30.476183 13.838121
v 22.071692 30.246992 14.995471
v 52.950718 -31.196241 0.225366
v 53.954147 -29.219025 0.629872
v 53.697388 -26.532169 0.353589
v 52.290829 -26.133465 0.014507
v 52.882023 -23.512951 0.078338
v 51.385098 -22.895519 -0.099330
v 52.045048 -20.739693 -0.072635
v 50.796467 -18.888571 -0.135159
v 49.644257 -18.257845 -0.160315
v 50.418221 -16.161268 -0.144249
v 49.197544 -14.158003 -0.167347
v 48.175674 -13.112134 -0.144707
v 47.145756 -11.672539 -0.117318
v 45.933800 -10.227921 -0.034835
v 44.682716 -9.232681 -0.027013
v 45.585197 -7.081392 0.154474
v 44.327839 -5.152148 0.412620
v 43.418552 -3.928644 0.577815
v 44.552456 -2.440443 0.661864
v 43.239620 -0.445430 0.726916
v 42.443741 0.740066 0.690705
v 43.253071 2.047688 0.545445
v 41.977520 3.551718 0.366093
v 41.512302 4.893832 0.210576
v 41.527439 5.942964 0.178470
v 41.091282 7.567899 0.122760
v 39.105850 14.252884 1.300346
v 38.668896 16.740137 0.921884
v 37.657887 17.048056 0.776619
v 37.888103 19.021275 0.709625
v 36.573383 20.282694 0.732905
v 37.421913 21.991142 0.711317
v 36.253716 24.525520 1.177061
v 34.796703 24.965254 2.066896
v 34.158768 25.275930 2.825203
v 33.653725 25.398712 3.807923
v 33.461651 25.112562 5.250698
v 33.490898 25.389648 7.046067
v 33.394970 25.084398 9.044696
v 33.072105 23.538160 8.850381
v 32.623657 22.417297 8.763997
v 32.575344 22.820700 10.570178
v 23.347109 20.520584 8.651839
v 22.948675 20.286390 7.666431
v 23.049612 18.968184 7.118508
v 23.250626 17.942038 5.911355
v 22.475031 34.483021 7.167212
v 22.595671 32.992783 7.578549
v 23.004711 33.161423 9.204414
v 23.113523 31.431923 9.190809
v 23.074839 30.554094 9.140486
v 23.325569 30.267309 10.766882
v 23.497786 28.905598 10.578227
v 21.656607 38.453575 5.753288
v 22.630339 37.218998 7.458549
v 22.443197 35.925434 7.013151
v 18.576439 39.742413 1.516931
v 16.467352 39.407291 0.182865
v 16.222006 38.253654 0.076589
v 14.669556 39.102070 -0.011360
v 12.660158 39.569614 0.235828
v 11.304833 39.161400 0.587273
v 9.681801 39.528183 1.704833
v 8.496348 39.793858 3.019234
v 7.994005 39.493183 3.775193
v 7.750911 39.234585 4.706045
v 7.383533 39.453156 6.477677
v 7.240545 39.578938 8.200043
v 7.310372 39.268620 9.052046
v 7.401824 39.120117 9.622570
v 7.473040 39.511124 10.613051
v 7.543626 39.440765 11.600740
v 7.521151 38.725018 12.577997
v 7.677061 39.311203 13.718692
v 8.033392 39.269840 14.675649
v 8.643973 38.990734 15.685667
v 12.469524 39.927483 17.606106
v 10.635865 40.841293 17.053885
v 8.730485 40.659523 15.427379
v 15.389127 35.150925 17.995049
v 16.212521 36.071285 17.572065
v 15.330965 38.077557 17.531572
v 14.403542 39.918503 17.536051
v 13.346030 40.494015 17.549995
v -15.855685 36.288273 0.993779
v -17.537939 36.813351 0.688997
v -29.488281 39.989983 11.121727
v -28.306049 40.573940 13.215793
v -29.639032 39.555138 9.367641
v -29.079079 39.003624 7.298382
v -29.681759 40.745125 7.604613
v -28.213320 39.154064 4.255727
v -28.836945 40.651718 4.973124
v -19.198372 38.470715 0.572654
v -20.588081 38.086105 0.517900
v -21.199915 39.728142 0.493958
v -23.397984 39.544727 0.621079
v -25.093443 39.650330 1.146373
v -26.530558 39.741207 1.906487
v -27.195539 39.458447 2.478521
v -27.673439 39.177414 2.978139
v -15.503827 40.947983 12.349983
v -16.845394 41.217396 13.585844
v -17.901373 40.955765 14.426805
v -19.377510 40.791809 15.214570
v -21.149534 41.176929 15.487201
v -21.717606 40.722603 15.658294
v -23.187765 40.797424 15.525526
v -24.872843 40.745895 15.232061
v -26.025726 40.357826 14.831533
v -27.336081 40.824726 14.208155
v 21.858692 31.920530 14.942238
v 21.209690 33.173035 15.513991
v 20.535858 34.457085 15.927173
v 19.482929 34.434994 16.729988
v 19.300245 36.429741 16.380121
v 17.644093 36.577576 17.042723
v -13.012934 38.682610 6.693343
v -13.357417 39.488041 7.501827
v -13.856512 40.541252 7.817477
v -13.928787 40.692539 8.969316
v -14.301235 41.107124 9.976572
v -14.267749 40.527737 10.825492
v 17.414522 -93.333679 48.851501
v 17.475737 -91.833611 48.715019
v 16.955324 -90.695885 48.529198
v 16.692385 -89.490540 48.424618
v 18.033001 -87.906593 48.321293
v 18.328686 -86.429192 48.387257
v 20.390266 -87.809853 48.330727
v 22.376234 -86.946815 48.234097
v 22.211130 -85.248085 47.892529
v 21.991449 -83.910240 47.802292
v 21.243011 -83.303322 47.792435
v 23.006432 -81.700615 47.515244
v 22.508572 -80.209953 47.373528
v 16.838369 -95.289429 49.000900
v 15.168323 -97.846001 49.195854
v 17.285683 -97.906670 49.354214
v 17.084787 -96.658592 49.173878
v 10.480610 -99.326653 48.504745
v 12.496858 -99.243484 49.015472
v 14.421220 -99.351883 49.328991
v 16.304857 -99.165611 49.470093
v 27.081440 -99.280113 12.707444
v 27.354553 -98.757172 12.740985
v 29.065937 -98.231133 12.920968
v 31.457659 -97.837402 13.198569
v 31.581997 -96.168152 13.212183
v 30.848913 -95.126373 13.125672
v 29.943861 -95.099068 13.031523
v 30.933594 -93.626717 13.069493
v 30.437193 -92.305832 12.923055
v 30.568647 -91.230171 12.846852
v 32.441631 -91.226738 13.162225
v 35.152092 -90.248871 13.406750
v 36.145115 -88.591621 13.389515
v 35.999580 -87.303802 13.261571
v 34.962204 -87.306625 13.152389
v 35.902447 -85.801834 13.068637
v 35.847061 -84.392303 12.853378
v 35.531067 -83.180717 12.607243
v 35.199791 -81.867332 12.179156
v 36.104427 -80.390854 11.726410
v 35.965656 -78.896866 10.711204
v 37.845009 -78.325546 10.791576
v 38.280331 -76.659142 9.733289
v 38.701454 -75.325371 8.422928
v 39.445461 -73.671814 6.874964
v 24.100010 -79.061592 47.152229
v 25.819508 -77.867775 46.725384
v 25.713865 -76.606186 46.485535
v 25.377750 -75.833977 46.499092
v 40.167423 -72.364845 5.805234
v 42.429813 -68.886810 5.120846
v 43.090149 -68.860176 6.320650
v 43.377831 -70.159004 8.181453
v 41.797924 -72.298561 7.970470
v 40.901924 -72.447594 6.744319
v 43.072456 -66.933472 3.411032
v 43.414970 -67.424698 5.191056
v 43.211712 -66.132050 2.706363
v 44.056377 -64.653221 3.693443
v 43.613918 -65.716270 3.556594
v 45.611115 -60.516762 3.291660
v 46.000912 -61.662560 4.744423
v 45.365166 -63.155060 4.985462
v 44.740047 -64.351677 4.839372
v 46.109634 -59.053585 3.186652
v 46.520679 -57.678730 3.017242
v 45.654659 -56.088936 1.804213
v 47.643200 -48.323734 0.828373
v 48.262581 -46.616829 0.797579
v 49.358772 -44.625126 1.128321
v 50.854549 -41.609661 1.460331
v 53.619370 -38.583603 2.387859
v 55.385361 -32.464458 0.984042
v 53.678303 -32.341534 0.318990
v 26.647730 -77.051704 46.412090
v 27.773544 -77.131470 46.325874
v 29.163807 -76.517303 46.077015
v 31.051529 -76.094604 45.774696
v 30.508953 -75.120934 45.606491
v 30.895325 -74.210045 45.104988
v 32.478352 -73.976898 44.593063
v 33.957626 -73.354317 43.910080
v 33.859192 -71.777023 43.609154
v 33.229630 -70.732094 43.700581
v 35.044418 -70.453674 42.706722
v 35.138821 -68.516182 42.090172
v 34.477783 -67.974297 42.352863
v 34.971138 -67.376083 41.848732
v 36.402813 -67.201050 40.992680
v 35.943653 -65.916054 40.794731
v 36.530018 -64.633392 39.816547
v 35.862659 -63.032200 39.284290
v 37.454128 -62.629185 38.187401
v 37.443687 -60.830814 37.152294
v 36.108006 -59.959492 37.302265
v 37.177162 -59.136200 36.273293
v 37.283211 -58.225483 35.710331
v 38.119534 -57.847099 35.078716
v 37.161766 -56.598888 34.974758
v 37.848625 -55.476299 34.108376
v 37.455105 -53.514938 33.512779
v 37.108040 -51.807682 33.018127
v 38.831261 -51.577709 32.058231
v 38.639465 -49.816013 31.572994
v 40.171452 -49.113087 30.563665
v 39.854450 -46.830486 30.152596
v 39.309284 -45.921539 30.177134
v 40.321419 -44.662560 29.360846
v 40.715946 -42.773296 28.736038
v 40.577965 -41.396130 28.504639
v 41.289085 -39.465210 27.784578
v 41.363621 -37.790161 27.483313
v 40.853767 -37.038475 27.601768
v 42.015476 -35.526474 26.788660
v 42.523815 -33.518105 26.182365
v 42.915287 -31.806696 25.702860
v 43.238613 -30.189629 25.341499
v 43.568134 -28.595861 25.020061
v 43.920811 -27.037964 24.703503
v 44.284176 -25.704758 24.372789
v 44.164024 -24.657541 24.384981
v 44.583160 -22.418343 23.895260
v 44.164455 -21.492907 24.125160
v 44.817852 -19.960228 23.474644
v 44.626095 -17.453171 23.255783
v 44.076588 -15.713464 23.334602
v 43.613625 -14.701922 23.436756
v 44.333282 -13.469764 22.554697
v 43.757019 -11.306510 22.398891
v 43.159241 -10.191815 22.528116
v 43.823559 -9.167696 21.674822
v 43.388359 -7.190238 21.381836
v 42.410614 -7.428169 22.339481
v 42.340576 -6.071812 21.996759
v 43.425663 -5.060054 20.644476
v 43.426361 -3.327929 20.045033
v 43.036385 -1.854689 20.026085
v 42.619659 -1.126270 20.289085
v 43.071732 0.278627 19.417440
v 42.829861 2.350993 19.277843
v 42.168159 2.450765 19.946573
v 42.505444 4.062860 19.410086
v 42.100273 5.828184 19.610748
v 41.762306 6.678809 19.797333
v 42.406277 8.105488 19.139509
v 41.077839 8.773776 19.755501
v 40.237034 8.673670 20.097775
v 40.094166 10.066878 19.884476
v 38.513680 10.169171 20.294815
v 37.630871 9.631332 20.464523
v 37.499866 10.853713 20.230354
v 38.250988 12.825516 19.893221
v 36.399220 13.339949 19.886189
v 37.728962 15.266056 19.914940
v 36.821102 16.224182 19.756313
v 35.908413 17.287050 19.304388
v 33.712334 16.892633 18.512573
v 34.606754 16.924314 19.011791
v 32.751038 21.235306 15.091209
v 33.071808 19.814405 16.517582
v 33.855923 19.239725 17.636377
v 34.668495 18.258223 18.558243
v 23.622490 17.110806 7.478817
v 23.362089 18.034676 7.787089
v 23.685333 28.719048 11.527085
v 23.184448 30.225843 12.544487
v 22.993700 31.843864 12.467689
v 22.522717 31.908602 13.833687
v 56.266998 -29.121658 2.718530
v 55.697388 -26.872953 1.304239
v 54.898758 -24.014488 0.859726
v 54.281235 -20.565716 0.585054
v 53.150410 -21.657972 0.011939
v 53.213032 -20.489552 -0.012774
v 52.940681 -18.873388 -0.021312
v 51.719398 -18.167959 -0.097644
v 52.393753 -16.046156 -0.071735
v 51.209179 -14.165379 -0.120822
v 50.205326 -13.152770 -0.132562
v 49.233196 -11.755756 -0.137923
v 48.229233 -10.724871 -0.112452
v 47.519360 -8.791231 0.014314
v 47.447872 -6.548477 0.168197
v 46.887028 -4.959190 0.381052
v 45.629303 -4.398531 0.511680
v 46.726215 -2.809926 0.611251
v 46.254547 -0.500022 0.725398
v 44.802193 0.482463 0.645390
v 44.812878 1.617032 0.809235
v 43.913406 3.049845 0.665280
v 43.123665 5.148287 0.574155
v 39.831558 18.604307 0.661709
v 38.614105 20.522932 0.626045
v 39.265285 22.340202 0.519816
v 38.159225 24.395365 0.641009
v 37.256111 25.790751 0.782638
v 36.088940 25.945412 1.308612
v 35.186317 26.668373 2.097799
v 34.320717 26.582422 3.327473
v 33.993111 26.837154 4.565043
v 33.952305 27.310453 6.249161
v 33.866238 27.637289 8.931758
v 33.639256 26.726040 10.259315
v 33.139442 24.942097 11.384644
v 32.879368 23.216885 13.069620
v 31.771948 19.896988 12.571488
v 23.255705 17.962593 7.049089
v 24.348490 15.346942 6.660636
v 22.837376 35.776108 7.930106
v 22.921740 34.717724 8.331559
v 23.146088 35.379196 9.309087
v 23.183254 34.593060 11.207755
v 23.130314 33.026459 11.250392
v 23.254292 31.962057 10.701527
v 23.261063 31.695314 9.796528
v 21.961611 41.977776 6.750983
v 22.392548 39.857944 7.216488
v 22.812283 39.174786 8.575400
v 22.993830 37.539360 8.433602
v 23.006651 36.581383 8.497332
v 18.400429 41.725533 1.411990
v 16.428387 41.015705 0.231985
v 14.573470 40.871136 0.025098
v 12.641176 40.919739 0.266878
v 10.890943 40.931816 0.782396
v 9.720014 40.717487 1.489098
v 8.545803 41.252396 2.885011
v 7.996324 41.095135 3.822025
v 7.727483 40.822685 4.738933
v 7.309403 41.059204 6.635506
v 7.157544 40.686447 7.833249
v 7.123797 40.994385 9.073337
v 7.315085 40.328098 10.230795
v 7.505759 40.029533 11.291260
v 7.555733 40.054623 11.688455
v 7.525182 40.492203 11.897276
v 7.634457 40.021656 12.988713
v 7.927898 40.213840 14.130877
v 12.049773 42.274364 17.134094
v 10.214273 42.852238 16.309122
v 8.949152 42.760841 15.398426
v 8.247769 42.238380 14.582178
v 7.783660 41.558842 13.306292
v 16.955935 37.901112 17.008228
v 16.805792 40.078495 16.783421
v 15.161149 41.059841 17.124865
v 13.876249 41.797474 17.402390
v -29.948423 41.009712 9.862985
v -29.640854 41.119320 10.979143
v -29.182198 42.433250 12.119601
v -27.686974 42.560436 13.763900
v -26.937075 41.889858 14.477615
v -29.685612 42.804543 5.542650
v -30.343500 42.909054 7.689413
v -30.236986 42.521366 9.022044
v -30.162630 42.296520 10.220688
v -28.011349 40.590118 3.013912
v -28.703438 42.490219 3.416098
v -19.432657 40.200356 0.633140
v -20.317888 41.658939 0.537499
v -21.980667 41.495232 0.414777
v -23.363813 41.042866 0.492846
v -25.143761 40.978939 0.856792
v -26.496885 41.009628 1.528609
v -27.266443 40.934158 2.110688
v -15.538672 42.507736 10.925248
v -16.544476 42.797119 12.317757
v -17.401491 42.586037 13.212932
v -18.557650 42.542877 14.126534
v -19.996613 42.434917 14.792913
v -21.644522 42.371418 15.208313
v -23.349421 42.149456 15.339172
v -25.212456 42.087967 15.150568
v 22.467316 33.475445 13.832099
v 21.608162 34.661934 14.771668
v 21.028139 36.121811 15.154528
v 20.381426 36.205143 15.668200
v 20.471346 37.689571 15.194595
v 19.347490 38.030594 15.977044
v 18.774342 37.821831 16.404413
v 18.038219 37.657280 16.803825
v -13.835339 40.230824 6.595458
v -14.656069 42.133251 8.403257
v -14.794788 42.070347 9.550874
v 19.541933 -94.735207 49.091541
v 19.136942 -93.225861 48.908836
v 18.992313 -92.131538 48.796707
v 18.683617 -90.822281 48.633186
v 18.057034 -89.692017 48.494465
v 20.006510 -89.577042 48.504063
v 21.796801 -88.846336 48.446049
v 23.996983 -88.773819 48.383442
v 24.070051 -86.936852 48.267838
v 24.249422 -85.651062 48.200378
v 23.764868 -84.501129 47.891479
v 23.346518 -83.403625 47.705448
v 24.976255 -82.075127 47.476265
v 24.759809 -80.492073 47.284924
v 18.848326 -96.817497 49.239113
v 18.985573 -99.091492 49.560406
v 18.996033 -98.121132 49.401897
v 28.684107 -99.245766 12.896728
v 30.751226 -99.134209 13.120751
v 33.521729 -98.922775 13.423882
v 33.200172 -97.715256 13.382899
v 33.356625 -96.284416 13.390745
v 33.359608 -94.799385 13.385775
v 32.513134 -94.159729 13.315637
v 32.774612 -92.818924 13.298833
v 34.542255 -92.757568 13.474370
v 36.846958 -91.811920 13.789256
v 36.555683 -90.530937 13.596691
v 37.426704 -89.688637 13.647713
v 37.597252 -87.233589 13.474378
v 36.952728 -86.319344 13.294999
v 37.594307 -85.093231 13.173428
v 37.338516 -83.080467 12.754823
v 36.587605 -81.683907 12.315459
v 35.902695 -81.727997 12.231667
v 37.553883 -80.597450 12.098090
v 39.707767 -80.474960 12.681458
v 40.044785 -75.820763 9.709335
v 38.736000 -76.871780 10.050287
v 40.394817 -73.848206 8.045753
v 26.825422 -79.813789 46.958138
v 27.364494 -78.061646 46.592449
v 44.311737 -67.653381 7.375856
v 43.917339 -71.661263 10.493819
v 42.859444 -71.927185 9.112493
v 42.341309 -73.830795 10.205291
v 41.198952 -73.866501 8.885605
v 44.036892 -65.850479 4.687685
v 44.810150 -65.685753 6.283473
v 46.632133 -59.807693 4.374375
v 46.691891 -61.102627 5.635325
v 45.963882 -63.067501 6.106788
v 45.402538 -64.175217 5.985981
v 46.898808 -58.610245 3.946297
v 47.707428 -55.374104 3.662381
v 47.836937 -58.119900 5.234078
v 51.405476 -45.420147 3.399167
v 55.214882 -37.408463 3.837534
v 54.419983 -39.815262 4.029380
v 53.329212 -41.812160 3.892462
v 56.084465 -34.664726 4.246021
v 56.453770 -31.307278 3.682040
v 28.997824 -78.416870 46.487068
v 30.200048 -78.173531 46.212067
v 31.887995 -78.011559 45.804741
v 32.639297 -76.349602 45.231262
v 32.094505 -75.169807 45.067665
v 33.472675 -75.113113 44.576626
v 35.227180 -74.885223 43.822701
v 35.451897 -73.271950 43.290295
v 34.986408 -72.185333 43.207577
v 36.576080 -72.022598 42.412853
v 36.724049 -70.246788 41.804256
v 36.257217 -69.066406 41.677361
v 37.925217 -68.865738 40.674908
v 37.961197 -67.045258 39.998123
v 37.518021 -65.820923 39.758972
v 36.599007 -65.892220 40.375420
v 38.734364 -64.100533 38.235912
v 38.534245 -62.820763 37.690804
v 39.292942 -61.776447 36.658596
v 38.445335 -59.867046 35.986225
v 40.072540 -59.618790 34.812473
v 39.739445 -57.664902 33.996319
v 38.890038 -56.375130 33.887356
v 38.941319 -54.866360 33.208633
v 38.607098 -53.718594 32.969688
v 40.073143 -53.222900 31.935884
v 39.793468 -51.915726 31.607103
v 40.539852 -51.135937 30.913733
v 41.924919 -49.924625 29.788427
v 42.138165 -48.192364 29.233278
v 41.345421 -46.773075 29.361658
v 40.896481 -45.727425 29.333298
v 42.109062 -44.534229 28.456987
v 41.908707 -42.437038 28.106482
v 41.458172 -41.601624 28.146179
v 42.324165 -40.188118 27.446674
v 42.645447 -38.006214 26.868048
v 42.937496 -36.283783 26.412371
v 43.576553 -34.926186 25.854818
v 43.882610 -33.644695 25.446320
v 44.361343 -31.924744 24.917639
v 44.649178 -30.193247 24.509012
v 44.726231 -28.684439 24.304897
v 44.974163 -27.246763 24.000509
v 45.358582 -25.501215 23.618151
v 45.035080 -24.649614 23.795401
v 46.167847 -23.188002 22.841730
v 46.124500 -20.785963 22.640602
v 46.374176 -18.873854 22.253130
v 45.639297 -17.914101 22.613241
v 45.715576 -16.475239 22.293024
v 45.407097 -14.849197 22.147249
v 45.650578 -12.582717 21.359852
v 44.847412 -11.213899 21.522778
v 44.407799 -10.145739 21.510494
v 45.174976 -8.944942 20.506357
v 44.341732 -7.638041 20.693205
v 44.922089 -6.087743 19.554399
v 44.470829 -3.515920 18.853674
v 43.924427 -1.738968 18.872637
v 43.542343 -0.737193 19.053791
v 44.053791 0.489127 17.905970
v 43.853622 2.796535 17.926823
v 43.262367 3.587901 18.646729
v 43.725620 5.212992 18.015709
v 43.089638 6.363489 18.753202
v 43.796597 7.853453 17.833305
v 43.344376 10.086627 18.127453
v 42.412216 9.856064 18.918043
v 41.637768 9.681147 19.384195
v 41.799229 11.440132 18.940968
v 39.853470 11.826312 19.701159
v 38.662193 11.277985 20.150984
v 40.559441 13.539684 19.363762
v 39.520611 15.136493 19.621527
v 38.766491 16.507591 19.755989
v 38.198124 16.396780 19.833918
v 37.952896 17.575199 19.511734
v 36.847530 19.303143 18.903124
v 35.769684 18.887865 18.806339
v 33.544678 21.436081 16.555246
v 34.163151 20.845209 17.380713
v 35.565411 20.516859 18.220581
v 22.983007 33.657169 12.537088
v 56.879250 -26.873901 3.164101
v 57.206581 -27.913628 4.255030
v 56.833160 -29.019392 3.966516
v 56.946213 -30.274874 5.149049
v 57.084797 -24.620329 3.336302
v 56.823162 -21.582952 2.946457
v 56.205822 -17.764414 1.673044
v 53.923058 -17.701635 0.357278
v 54.094452 -15.736326 0.297477
v 53.395496 -14.173350 0.096586
v 52.380028 -13.164693 -0.029936
v 51.204109 -11.828182 -0.110821
v 50.202797 -10.777474 -0.111841
v 49.621040 -8.708083 -0.029732
v 48.851013 -6.503097 0.151918
v 48.412682 -5.039006 0.303461
v 47.635979 -3.894400 0.487457
v 48.594177 -2.812855 0.543162
v 47.814259 -0.867681 0.747802
v 47.400692 0.676148 0.899814
v 41.165596 18.431454 0.679555
v 40.995323 20.188387 0.623780
v 40.662159 22.204811 0.506123
v 40.037727 23.329935 0.365036
v 40.032478 25.009752 0.387289
v 38.376537 26.634493 0.585188
v 36.998775 27.210257 1.174117
v 35.961868 26.880224 1.408150
v 35.957710 28.485680 2.208710
v 34.884548 28.340031 3.498165
v 34.307701 27.915131 4.666080
v 34.751366 29.542627 5.170521
v 34.869850 31.138985 7.412123
v 34.598244 29.665792 10.902522
v 33.974274 27.622505 11.471624
v 33.561954 26.115046 12.230078
v 33.277378 24.897770 12.710515
v 33.718170 25.174294 13.963139
v 33.321335 23.397554 14.802836
v 23.204782 37.042423 9.473212
v 23.175280 36.364616 11.092272
v 23.007887 35.802624 12.454871
v 23.027393 34.696636 12.380728
v 21.039373 45.258080 4.870252
v 22.172955 45.437431 7.680751
v 22.454712 43.672352 9.334203
v 22.764723 42.151283 9.021283
v 22.795807 41.156204 8.811958
v 22.876808 41.002834 10.424573
v 23.079800 39.146404 10.598019
v 23.156527 38.277000 10.036010
v 17.457458 43.592476 0.641006
v 15.557649 42.621964 0.220849
v 14.309374 42.182732 0.063150
v 12.443414 42.423199 0.341442
v 10.560261 42.493305 0.951754
v 8.890913 42.517834 2.227472
v 7.977438 42.590343 3.486854
v 7.541173 42.541714 4.737920
v 7.326819 42.436359 6.401715
v 7.157774 42.407604 7.492411
v 7.058640 42.236343 8.640776
v 7.141659 41.962139 10.242671
v 7.372055 41.558392 11.524939
v 13.725380 43.805763 16.885654
v 11.569652 44.288452 16.851919
v 10.398988 44.135353 16.182184
v 9.233127 44.262077 15.402784
v 8.358934 44.487442 14.454263
v 7.828439 43.682629 13.607111
v 7.265379 43.198479 11.607419
v 18.388266 39.077274 16.287601
v 17.934420 41.276016 16.136145
v 17.123919 41.279640 16.494682
v 16.525429 42.673836 16.456825
v -19.624384 43.009354 0.880418
v -30.296778 44.150246 10.664773
v -29.002626 44.499638 12.883416
v -28.280052 44.069637 13.373803
v -27.275686 43.923523 13.952709
v -25.776327 43.354710 14.774151
v -29.506655 44.495197 3.484980
v -30.094685 44.478008 5.534323
v -30.487686 44.237461 7.198231
v -30.796183 44.193554 8.693476
v -27.708984 42.306828 2.002734
v -28.131216 44.096149 1.901252
v -20.717276 43.340256 0.589782
v -21.939243 42.870914 0.419370
v -23.674326 42.562725 0.459515
v -25.300871 42.271626 0.604969
v -26.725216 42.278282 1.160811
v -15.698873 43.864746 9.341173
v -16.578215 44.551350 10.882358
v -17.235052 44.173893 12.008595
v -18.089302 44.052174 12.985932
v -19.181873 44.021748 13.797406
v -20.515533 43.957851 14.488515
v -22.163387 43.816376 14.875334
v -23.635048 43.512199 15.085007
v 22.789499 34.752392 13.047385
v 22.323633 36.069695 13.562585
v 21.593508 37.088020 14.346751
v 21.688782 38.890926 13.607643
v 20.413803 39.405521 14.809267
v 19.651354 39.028118 15.552668
v -15.295508 43.486641 7.785911
v -15.853292 44.748043 8.017235
v 21.507059 -96.334724 49.125851
v 21.635122 -94.777840 49.007298
v 21.603636 -93.313911 48.887981
v 20.560602 -92.547165 48.846500
v 20.463560 -91.062569 48.682625
v 22.344797 -91.037788 48.637379
v 23.978256 -90.705620 48.461647
v 25.172132 -90.497047 48.338074
v 24.972631 -89.134277 48.188793
v 26.353863 -87.760429 48.122803
v 25.406816 -86.581429 48.224274
v 24.782671 -86.028618 48.035789
v 26.369671 -84.853271 47.810280
v 25.468771 -83.564102 47.726212
v 27.195478 -82.202583 47.321159
v 20.815258 -98.232407 49.348289
v 20.970766 -99.228241 49.475491
v 36.963940 -98.876404 14.072136
v 35.774384 -97.892944 13.689793
v 34.742325 -96.701912 13.552592
v 34.753445 -95.416870 13.532269
v 34.600948 -94.491241 13.488553
v 36.065365 -94.260529 13.714292
v 37.900043 -94.389053 14.323490
v 38.544537 -92.028816 14.388852
v 38.007458 -90.887016 13.992494
v 39.352036 -89.548965 14.555816
v 39.175236 -84.074448 13.398052
v 41.704926 -76.006111 11.208544
v 28.968555 -80.907570 46.854736
v 28.876848 -79.696930 46.680519
v 45.476250 -65.738686 7.777951
v 45.140877 -72.543228 13.424397
v 43.702522 -73.483307 11.756047
v 43.365669 -76.093887 13.262341
v 45.713673 -64.510132 7.030044
v 46.306419 -63.334667 7.126761
v 53.543198 -44.189926 5.525751
v 53.156879 -45.932823 5.931980
v 55.819706 -37.150711 5.359333
v 55.486301 -38.725414 5.502344
v 54.928032 -40.049412 5.223627
v 54.439114 -40.958286 4.785915
v 54.551682 -42.299583 6.156685
v 56.551006 -33.460796 5.442408
v 56.412174 -35.121643 5.856283
v 56.191414 -36.447678 6.436801
v 56.725494 -31.911514 5.190146
v 30.470854 -79.708992 46.414379
v 31.958132 -79.754189 46.118629
v 33.329056 -79.879219 45.846405
v 33.556923 -78.380249 45.565620
v 34.328892 -77.060158 44.806515
v 36.447517 -76.583832 43.798309
v 36.652740 -74.985924 43.248466
v 36.373535 -73.764290 43.010841
v 38.027718 -73.588371 42.166504
v 38.185341 -71.836563 41.565662
v 37.759594 -70.713722 41.406197
v 39.364349 -70.530075 40.431366
v 39.585659 -68.726456 39.610794
v 39.130787 -67.311264 39.363991
v 38.725395 -65.971207 39.093372
v 40.137821 -65.579094 38.032970
v 39.780258 -64.366272 37.781704
v 40.301804 -63.576878 37.026066
v 40.982967 -62.338810 35.701054
v 40.556065 -61.175888 35.383476
v 41.812752 -61.016975 34.320492
v 41.787189 -59.009220 33.310471
v 40.669109 -58.374519 33.769794
v 41.042007 -57.032116 32.890064
v 39.803356 -56.656223 33.455566
v 39.978935 -55.510986 32.872360
v 41.487652 -54.906902 31.741646
v 41.589981 -53.242226 31.056755
v 41.189442 -52.261440 30.934422
v 42.664124 -51.563755 29.860338
v 42.695751 -50.217037 29.458975
v 43.535854 -49.087593 28.675915
v 43.160770 -47.412350 28.509123
v 43.074142 -45.932178 28.231855
v 43.756363 -43.910450 27.406721
v 43.479221 -42.203728 27.236124
v 42.916454 -41.190712 27.323902
v 43.937588 -39.887074 26.514969
v 43.793762 -38.132908 26.289091
v 44.135010 -36.282402 25.769440
v 43.942692 -35.344585 25.722401
v 45.064732 -34.048347 24.872093
v 45.746746 -32.150066 24.120905
v 46.295967 -30.317680 23.555504
v 46.182514 -28.375648 23.336712
v 45.667698 -27.571466 23.597034
v 46.506882 -26.197681 22.865267
v 46.459518 -24.705980 22.754351
v 47.710163 -24.203819 21.795399
v 48.120998 -21.928343 21.284636
v 47.530766 -20.647186 21.637466
v 47.015499 -19.596760 21.891342
v 47.804821 -18.038914 21.142330
v 46.568340 -16.920727 21.799770
v 46.398682 -15.238393 21.566309
v 47.163811 -12.925535 20.488594
v 46.294025 -11.559246 20.601021
v 45.719563 -10.777721 20.744549
v 46.697014 -9.919216 19.761431
v 46.051537 -8.351884 19.583874
v 45.694454 -7.558957 19.531322
v 46.654224 -7.015008 18.568480
v 45.809555 -4.987236 18.128986
v 45.233894 -4.370593 18.374212
v 45.690922 -2.920740 16.860493
v 44.772949 -0.605774 16.874329
v 44.574390 1.137449 16.599428
v 44.502445 2.469125 16.545055
v 44.610535 4.301407 16.462799
v 44.243927 4.434952 17.341753
v 44.519695 5.876277 16.836956
v 44.225380 6.766646 17.312590
v 44.724377 8.105792 16.483624
v 44.415913 9.899262 16.939316
v 44.026054 11.687915 17.291752
v 43.107468 11.588132 18.104101
v 43.062092 13.121414 18.016800
v 41.900764 13.225472 18.752600
v 42.201191 14.872731 18.520226
v 40.967590 16.575203 18.933578
v 39.741806 17.335472 19.378448
v 39.027073 17.674511 19.683079
v 39.366379 18.933928 19.360298
v 38.570068 20.589743 18.703917
v 37.097309 20.743532 18.577883
v 33.784321 22.948326 16.102354
v 34.386871 22.245438 17.151382
v 34.889442 21.675264 17.706043
v 37.271839 22.376322 18.136023
v 35.603500 22.888613 17.550894
v 57.729404 -26.036718 5.407734
v 57.668789 -27.756893 5.813610
v 57.340145 -28.864202 5.535899
v 57.405960 -29.897163 7.323316
v 57.105324 -32.140862 7.559253
v 56.868404 -32.946426 6.609740
v 58.185452 -22.909889 5.442519
v 57.899696 -24.454027 5.345136
v 58.048859 -19.406752 4.019315
v 58.256638 -21.145100 5.227071
v 55.561356 -15.239153 0.869699
v 54.537636 -14.044423 0.351217
v 53.884068 -11.929868 0.118066
v 52.404667 -10.904942 -0.023305
v 51.416458 -9.136773 -0.068510
v 51.417439 -6.769509 0.032721
v 50.390064 -5.521173 0.152752
v 49.492382 -4.400956 0.349838
v 50.617928 -2.541293 0.428803
v 49.602901 -0.261311 0.769635
v 48.345749 0.469953 0.901281
v 42.630600 21.440222 1.237657
v 41.977486 24.084370 0.555992
v 41.888149 26.164165 0.134788
v 40.590935 27.442484 0.206929
v 38.815968 28.162828 0.701729
v 37.362633 28.197527 1.166858
v 36.939201 30.013474 1.628596
v 35.841198 30.265793 3.040195
v 35.259960 29.802086 3.922071
v 35.480728 31.352909 4.488877
v 35.715809 33.521610 5.613949
v 35.352169 33.360802 7.820989
v 35.434406 32.600849 9.960630
v 35.056541 31.259628 10.117562
v 35.515804 31.554823 12.058695
v 35.107121 29.780180 12.748141
v 34.560841 28.369011 12.908775
v 34.062309 26.909075 13.131315
v 34.862049 27.058372 14.669189
v 34.318497 25.329702 15.282387
v 33.851013 24.277924 15.354001
v 23.200790 37.911606 11.253617
v 22.806383 37.510235 12.549035
v 20.353312 47.866711 2.242144
v 21.655294 47.870037 5.805250
v 22.000456 46.889606 7.003245
v 22.244381 47.058319 7.983235
v 22.209953 46.840649 9.324550
v 22.274448 45.393826 9.221185
v 21.905582 45.342468 10.775938
v 22.205072 43.484642 11.144124
v 22.705112 42.603951 10.436229
v 22.903059 42.436859 9.689788
v 22.365005 42.064350 11.646726
v 22.297901 40.545456 12.219806
v 22.752403 39.244621 11.970341
v 17.113541 45.216187 0.217157
v 15.608373 44.391457 0.084934
v 14.328557 44.190956 0.190929
v 12.460055 43.864216 0.362555
v 10.323583 44.009373 1.180481
v 9.023475 43.965130 2.197419
v 8.297536 43.966431 3.108136
v 7.573449 44.036652 4.361653
v 7.405296 43.930126 5.504376
v 7.291338 43.852623 6.494512
v 7.102276 43.739197 8.139380
v 6.983466 43.501823 9.272998
v 7.013836 43.170715 10.035419
v 15.664999 44.884659 16.495731
v 14.243872 45.898891 16.630219
v 12.651202 45.886139 16.687429
v 11.590933 45.651112 16.410128
v 10.220600 45.765018 15.798497
v 9.412359 45.337997 15.357904
v 8.654401 45.907585 14.342964
v 7.896096 45.609364 13.205694
v 7.315709 45.281948 11.760470
v 7.042184 44.569412 10.015478
v 19.470304 40.678303 15.264934
v 18.768232 42.906631 15.311617
v 17.738989 42.774754 15.936785
v 17.689266 44.302433 15.732615
v 16.682711 45.100075 16.117571
v -31.136669 45.834087 9.304315
v -30.561695 45.873722 11.316277
v -29.950111 45.669308 11.949402
v -29.218594 45.724678 12.727197
v -28.183819 45.946606 13.697661
v -27.138779 45.415409 14.010492
v -24.700027 45.110287 14.694335
v -28.917030 46.028164 2.062998
v -29.789679 45.899223 3.060143
v -30.081343 45.707600 3.883155
v -30.379223 45.709080 5.200254
v -30.610146 45.491608 6.864151
v -26.136934 44.005322 0.835413
v -27.559057 45.322075 1.151530
v -20.322460 44.910454 1.008727
v -22.020908 44.611118 0.463008
v -23.620953 43.969063 0.429557
v -16.532452 45.981869 8.953064
v -16.572769 45.507492 10.117360
v -17.466478 46.060192 11.078696
v -18.265091 45.904888 12.101085
v -18.652117 45.305157 12.823005
v -19.686638 45.449871 13.589993
v -20.990816 45.441273 14.189350
v -22.348164 45.222771 14.672224
v 21.528711 41.433201 13.190426
v 20.704582 40.594158 14.295801
v 23.515385 -97.734764 49.104599
v 23.207710 -96.247429 49.000011
v 23.254745 -94.802711 48.871075
v 22.722954 -93.659073 48.845558
v 22.787720 -92.629051 48.742409
v 24.319138 -92.568405 48.595325
v 25.989477 -92.045135 48.304283
v 27.043583 -90.821030 48.145737
v 26.171139 -89.404762 48.270500
v 27.968176 -88.910896 48.040619
v 28.269297 -87.248604 47.908302
v 27.814177 -85.896530 47.812309
v 26.429804 -86.199837 47.971649
v 28.261831 -84.399788 47.515991
v 27.897448 -83.546005 47.424347
v 29.740067 -82.916206 47.010418
v 22.780405 -99.138237 49.305737
v 36.997753 -98.008469 13.975992
v 37.098709 -96.808868 14.012135
v 36.508472 -95.875877 13.813415
v 38.401695 -97.292198 14.606213
v 41.116615 -92.940361 16.486729
v 42.195259 -89.878593 17.311832
v 42.461948 -83.817123 15.839423
v 30.431383 -81.263878 46.686607
v 46.594219 -70.474007 14.943454
v 46.198277 -72.531761 15.533736
v 45.827976 -74.005188 15.734999
v 45.082737 -75.253487 15.133236
v 44.752037 -77.320915 15.723300
v 54.334404 -44.244987 7.018252
v 53.907425 -45.400875 6.963137
v 53.763523 -47.241894 8.421590
v 55.992603 -38.333714 7.480549
v 55.690044 -39.123306 6.775326
v 55.256374 -41.114021 7.125364
v 54.949596 -42.387684 7.313401
v 54.960613 -43.656548 8.628183
v 56.600719 -35.079876 7.372291
v 56.395077 -36.065998 7.120463
v 56.324234 -37.586697 9.020355
v 31.993973 -81.444473 46.375450
v 33.542023 -81.703148 45.967266
v 34.593983 -81.201569 45.692783
v 34.588409 -79.785431 45.508186
v 34.383366 -78.762215 45.285717
v 36.150936 -78.754379 44.497982
v 37.716049 -77.713882 43.619343
v 37.367561 -76.723518 43.480316
v 38.079563 -75.892464 42.874310
v 39.649792 -74.750069 41.699936
v 39.736107 -73.192741 41.085506
v 39.155281 -72.211174 41.117130
v 40.414558 -71.820152 40.181377
v 40.544315 -70.632057 39.691376
v 41.071106 -69.310242 38.818233
v 40.320148 -67.594742 38.686024
v 41.453953 -67.080788 37.560234
v 41.345276 -65.500015 37.023033
v 40.934532 -64.655998 36.998333
v 41.883614 -64.118500 35.817879
v 41.934704 -62.526363 34.997086
v 43.018570 -62.596931 34.054005
v 43.071983 -60.908287 33.275616
v 42.974201 -59.521835 32.705605
v 42.988667 -57.988144 32.024746
v 42.146458 -57.642658 32.437733
v 42.634476 -56.173332 31.514301
v 42.340679 -55.082787 31.292561
v 42.843044 -54.159721 30.647705
v 43.849537 -53.069736 29.602118
v 44.587811 -51.869106 28.731911
v 43.989590 -50.615341 28.802197
v 45.105389 -49.805935 27.885532
v 44.615395 -48.869373 27.960953
v 45.184048 -47.634861 27.356176
v 44.047935 -46.440491 27.791409
v 45.270130 -44.325111 26.641306
v 44.878635 -42.478653 26.497370
v 44.958057 -40.692039 26.077223
v 45.293926 -38.953491 25.542086
v 44.942261 -37.725636 25.569824
v 44.703320 -36.863453 25.554794
v 45.769764 -35.535942 24.680161
v 46.498463 -33.567413 23.906355
v 46.624863 -32.445934 23.644814
v 48.016090 -30.739252 22.435463
v 47.563358 -28.824368 22.450924
v 47.584267 -26.967339 22.190458
v 47.673397 -25.633698 21.961016
v 48.826900 -25.217794 21.073540
v 48.577721 -24.102890 21.129679
v 49.164070 -22.856249 20.583971
v 49.224079 -20.506126 20.392796
v 48.528973 -19.886423 20.857372
v 49.342983 -18.406019 20.165186
v 49.009583 -16.169649 20.122269
v 47.510170 -15.459779 20.897238
v 48.649792 -14.335668 19.964176
v 48.808205 -12.887932 19.514553
v 48.584846 -11.390970 19.276434
v 47.641350 -11.052238 19.639591
v 48.169044 -9.902538 19.023457
v 47.566433 -8.709486 18.847914
v 48.741158 -7.962660 18.083038
v 47.941677 -6.085229 17.371391
v 46.982944 -5.550075 17.391905
v 46.408859 -4.648346 17.327795
v 47.247749 -4.024625 16.310574
v 46.335590 -2.210822 15.100954
v 45.694218 -0.945660 14.861320
v 45.321522 -0.981648 15.930932
v 45.194950 0.478293 14.826069
v 44.980202 1.728266 14.041416
v 44.791374 3.909855 15.261211
v 44.901688 5.660252 15.055273
v 44.792416 5.673628 16.067089
v 45.012905 6.995772 15.676624
v 45.335663 9.047931 14.754657
v 45.315952 10.485289 15.525336
v 44.803165 11.207442 16.473259
v 45.066345 12.843174 16.101854
v 44.092861 13.048147 17.171593
v 44.076851 14.531160 17.194572
v 43.164696 14.595353 17.945084
v 43.286789 15.819807 17.909613
v 42.523857 17.255472 18.278643
v 41.876354 19.098705 18.283445
v 40.441696 18.690659 18.922478
v 40.722397 20.391033 18.534258
v 40.293621 22.371353 18.181482
v 38.805092 22.854256 18.162098
v 34.455074 24.411728 16.140600
v 34.692326 23.465755 16.848707
v 38.169647 23.848507 17.892853
v 37.142647 24.965565 17.306890
v 35.444740 24.678047 16.744432
v 58.284283 -24.566238 7.356870
v 58.047184 -26.113728 7.137749
v 57.850311 -27.305815 7.231181
v 57.666786 -28.455139 7.354963
v 57.603874 -29.043690 9.314667
v 57.358604 -30.745066 9.220148
v 57.184826 -32.226669 9.339971
v 57.071472 -33.300777 9.018815
v 56.870415 -34.344658 8.732421
v 58.800362 -21.408440 7.375788
v 58.504169 -22.862766 7.300527
v 58.841354 -17.693558 4.664668
v 58.944214 -18.850031 5.920947
v 58.907181 -19.897903 6.646857
v 54.665436 -10.143414 0.155902
v 53.292824 -8.556324 0.012611
v 52.414597 -7.359093 -0.035496
v 52.949512 -5.685069 0.073234
v 51.612679 -4.479742 0.178675
v 52.662159 -2.439790 0.222343
v 51.813908 -1.159634 0.418748
v 51.494041 -0.002917 0.657724
v 50.863953 1.529705 1.347427
v 46.254871 24.584862 2.751358
v 43.573898 23.945171 1.163449
v 43.857723 25.826872 0.575029
v 42.560513 27.163206 0.170326
v 41.697151 28.558596 0.068956
v 39.907677 29.745836 0.494932
v 38.465630 29.828045 0.946497
v 38.369602 31.283184 1.117194
v 36.882999 31.761562 1.937561
v 36.150410 31.348927 2.825084
v 36.542263 32.973927 3.129110
v 36.667805 35.002319 3.826893
v 36.291866 35.171707 5.649740
v 36.108120 35.309044 7.289841
v 35.835903 34.499474 7.950108
v 35.938618 34.318554 9.661678
v 35.932503 33.659241 11.104968
v 35.658497 32.768906 11.357880
v 35.981766 33.141468 12.146131
v 36.513474 32.896900 13.341700
v 36.171669 31.394253 13.660243
v 35.771523 30.286610 13.724201
v 35.285629 28.979784 13.952499
v 36.534119 29.313519 15.254991
v 36.016430 26.547085 16.172672
v 34.977013 25.623260 15.880332
v 18.986973 48.048782 0.795151
v 18.092403 49.896927 0.712028
v 21.136234 50.503960 5.281794
v 21.907839 48.932194 6.715028
v 22.293959 48.774475 8.405038
v 21.725414 48.327995 10.805735
v 21.869970 46.943653 10.723818
v 21.158945 46.947643 12.020420
v 21.239851 45.270748 12.300143
v 21.506062 43.979462 12.238244
v 21.780909 42.773636 12.364904
v 16.999578 46.619331 -0.015481
v 15.161650 46.288929 -0.043336
v 13.713807 45.633907 0.058115
v 11.560915 45.623016 0.576833
v 9.642995 45.746502 1.620107
v 8.741733 45.314953 2.443473
v 8.038790 45.293381 3.748010
v 7.519915 45.719116 5.313108
v 7.375377 45.136379 6.259759
v 7.202962 44.975357 7.574719
v 7.129102 45.407097 8.764315
v 16.058973 47.219189 16.074471
v 15.146065 46.805824 16.299911
v 14.059527 47.343464 16.512756
v 12.547323 47.187225 16.492258
v 11.592793 46.832802 16.257404
v 10.579009 47.107822 15.673804
v 9.702542 47.089752 15.050976
v 9.295516 46.451881 14.893319
v 8.158018 46.980175 13.152829
v 8.969380 48.013020 13.898129
v 7.680996 47.105385 11.879102
v 7.364614 46.859909 9.855398
v 20.274857 42.438145 14.227248
v 19.543261 44.598122 14.490158
v 18.565041 44.393112 15.232802
v 18.302031 45.810108 15.226520
v 17.242859 46.425232 15.686697
v -31.391224 47.274559 7.198844
v -31.759243 47.621269 9.643224
v -31.039177 47.500412 11.025184
v -30.294619 47.210651 11.813347
v -29.315310 47.021496 12.865715
v -27.976551 47.257427 13.699584
v -26.656357 47.212669 14.103230
v -25.127602 46.955132 14.314811
v -23.029318 47.056667 14.296085
v -27.331844 47.016842 1.009099
v -29.184467 47.513493 1.907657
v -30.008284 47.606995 2.750783
v -30.056135 46.965233 3.273037
v -30.600222 46.967903 4.587859
v -24.403873 45.989365 0.353676
v -20.279480 47.658546 1.582526
v -21.379507 46.494595 0.736835
v -21.450052 45.482719 0.589567
v -22.427233 45.909355 0.349068
v -16.469851 45.936504 7.610894
v -17.578548 47.848282 8.207161
v -17.207350 47.091927 9.162960
v -17.817099 47.447403 10.405286
v -18.532888 47.045033 11.781978
v -19.530842 47.374962 12.668827
v -20.082453 46.886883 13.313728
v -21.175695 46.760269 13.975475
v 21.109547 42.854660 13.314517
v 25.331558 -98.959770 49.024265
v 25.194366 -97.780327 48.934669
v 25.518188 -96.449821 48.773636
v 24.539955 -95.619949 48.817089
v 24.727169 -94.239540 48.684216
v 26.455420 -94.035767 48.411942
v 26.973879 -92.286087 48.206253
v 28.349531 -92.216156 47.954826
v 28.749828 -90.386734 47.915737
v 29.738949 -89.088921 47.723049
v 29.556990 -87.571297 47.714806
v 29.639130 -86.103127 47.626179
v 29.420479 -84.817421 47.396927
v 31.554138 -84.848305 46.878799
v 31.672115 -83.134735 46.609451
v 41.121098 -97.085365 17.045452
v 42.357872 -91.567802 17.667292
v 42.183037 -92.440323 17.622623
v 42.761993 -93.235069 18.724155
v 42.445740 -95.558189 18.478741
v 42.179920 -87.161171 16.666746
v 43.058777 -87.914024 18.143583
v 43.106400 -89.542999 18.675179
v 43.080772 -90.760811 18.952591
v 42.887058 -91.638481 18.676172
v 43.938583 -80.617828 16.587912
v 44.018139 -83.108871 17.796926
v 43.469208 -84.832611 17.676847
v 42.877625 -85.502968 16.936003
v 47.337357 -68.222794 14.835202
v 47.370060 -69.395020 16.129648
v 47.158760 -71.329201 17.128550
v 46.716793 -72.184875 16.503202
v 46.497967 -73.602303 17.016232
v 46.080479 -75.165260 17.182869
v 45.640011 -75.220345 16.045424
v 45.502682 -76.664520 16.894846
v 45.025539 -78.688217 17.284088
v 54.328526 -45.277699 8.004333
v 54.483597 -45.543633 9.026537
v 54.723179 -45.839596 10.923279
v 54.262245 -47.839760 11.166237
v 53.694088 -49.588184 10.754186
v 53.005726 -49.781940 8.675768
v 56.058350 -39.268250 8.921824
v 55.764881 -40.489857 8.647595
v 55.454723 -42.057220 8.839695
v 55.528835 -42.345886 10.765993
v 55.141850 -44.060780 10.850518
v 56.628735 -35.864777 9.021188
v 56.572231 -36.196613 10.966687
v 56.367645 -38.420094 11.520448
v 56.192505 -39.315559 10.936388
v 56.038486 -40.366261 10.415743
v 33.235992 -83.389236 46.167389
v 34.542423 -82.632797 45.747192
v 35.947319 -82.343658 45.196766
v 35.309364 -81.331787 45.371098
v 35.619572 -80.518372 45.080956
v 37.533138 -80.455551 44.224449
v 38.869572 -79.268188 43.361275
v 38.567757 -78.153793 43.298454
v 39.172581 -77.526306 42.808033
v 40.441944 -76.482407 41.703674
v 40.779091 -75.141983 41.110985
v 41.421761 -73.414261 39.916668
v 41.331997 -71.749496 39.411152
v 41.157715 -70.883469 39.267677
v 42.266487 -70.867218 38.203793
v 42.380814 -68.514511 37.284519
v 42.526215 -67.030487 36.563789
v 42.098831 -65.916618 36.475788
v 43.158833 -65.801620 35.288788
v 43.047737 -64.185257 34.724480
v 44.107456 -64.182739 33.630161
v 44.205177 -62.455318 32.881454
v 44.105213 -61.134853 32.478642
v 44.114460 -59.306793 31.715689
v 43.769897 -58.430279 31.621256
v 44.288811 -56.943977 30.667938
v 43.568680 -55.433907 30.617601
v 44.391602 -54.495983 29.715557
v 44.665794 -53.180775 29.082127
v 45.793243 -53.208710 28.290907
v 46.007931 -51.295795 27.594751
v 46.402306 -49.798161 27.004251
v 46.337231 -48.341385 26.748819
v 46.458614 -46.897457 26.372311
v 46.263306 -45.642719 26.247190
v 45.194481 -45.967140 26.986561
v 46.835464 -43.915619 25.559296
v 46.743374 -42.339489 25.332409
v 45.740635 -42.575146 25.992252
v 46.086731 -41.118607 25.485891
v 46.348934 -39.218784 24.977995
v 46.666775 -37.492821 24.491077
v 46.081573 -36.938377 24.744467
v 47.181889 -35.533165 23.813629
v 47.350788 -33.810036 23.380119
v 47.527882 -32.374043 23.049036
v 48.547562 -32.449467 22.305586
v 49.717964 -31.317509 21.289457
v 49.123142 -30.383480 21.566906
v 49.573673 -29.141640 21.024012
v 48.485104 -29.068064 21.835423
v 48.663185 -27.656313 21.488213
v 49.860493 -26.797062 20.446730
v 50.290298 -24.904367 19.899755
v 49.727348 -23.863407 20.243196
v 50.660442 -22.307692 19.443377
v 50.114796 -20.529814 19.754515
v 49.851154 -19.388042 19.883415
v 50.647179 -18.110075 19.260796
v 50.062084 -16.869326 19.593426
v 50.735630 -15.325604 18.993492
v 49.638336 -14.836113 19.522846
v 50.131134 -13.583233 19.037609
v 49.810635 -10.489158 18.553713
v 50.165165 -8.231497 17.843845
v 50.673618 -6.185906 17.013086
v 49.079632 -6.450330 17.275763
v 49.027992 -5.260608 16.538507
v 48.641609 -3.239108 15.099055
v 47.241409 -2.174087 14.318013
v 46.252743 -0.703433 13.335688
v 45.482399 0.701540 13.247143
v 44.911652 5.087064 13.629615
v 44.981613 6.710458 13.581869
v 45.058350 6.911201 14.505992
v 45.143410 8.232882 13.494357
v 45.373451 10.063927 13.086740
v 45.633560 11.518986 13.631178
v 45.569523 11.949927 14.926131
v 45.822514 13.131437 14.403661
v 45.817501 15.036802 15.100812
v 44.999298 14.640086 16.258785
v 44.848782 16.169971 16.526476
v 44.009590 16.008608 17.357620
v 43.846420 17.406885 17.568800
v 43.392868 19.128994 17.612432
v 43.082863 20.791462 17.547935
v 42.012947 20.630713 18.019728
v 42.299103 22.172813 17.691748
v 41.469414 24.230955 17.502525
v 39.715740 23.942444 17.905081
v 38.856991 23.934151 17.954229
v 38.872814 25.034840 17.681259
v 38.506878 26.700171 17.218964
v 37.419159 27.492952 16.607231
v 58.455177 -22.811464 9.145415
v 58.315594 -24.647039 9.452493
v 58.184967 -25.654806 9.004291
v 58.085781 -26.672243 8.542369
v 57.697128 -26.884132 10.715046
v 57.471992 -29.321251 11.487862
v 57.351212 -30.390060 11.078528
v 57.141624 -31.839090 10.983548
v 57.018597 -33.255798 10.895106
v 56.967915 -34.266941 10.466131
v 58.971493 -19.918646 9.194660
v 58.758488 -21.242464 9.133493
v 59.414566 -15.629807 4.589599
v 59.420467 -16.970985 6.177244
v 59.488052 -17.607618 7.296542
v 59.425053 -18.374727 8.480249
v 56.398335 -5.966170 0.178822
v 54.439365 -6.411927 0.080374
v 54.882828 -7.981640 0.081310
v 54.844166 -4.087798 0.107700
v 54.544724 -1.764939 0.077567
v 53.828243 -0.172996 0.259416
v 52.629211 -0.059767 0.393163
v 53.298820 1.529391 0.785284
v 53.741035 3.853500 1.980151
v 54.071384 5.857659 3.606339
v 46.228256 20.510550 5.629016
v 47.569942 24.434565 5.144820
v 45.486519 25.508938 0.727510
v 45.338982 27.425255 0.597600
v 43.896091 28.776842 0.225126
v 42.922539 28.086523 0.142033
v 42.785870 29.870434 -0.016300
v 41.534969 31.431013 0.136533
v 39.807636 31.428711 0.602353
v 39.398449 33.143429 0.889416
v 37.611534 32.906414 1.680934
v 37.881496 34.949120 2.266547
v 37.327271 36.668346 3.598794
v 36.932648 36.350479 4.570202
v 36.672009 36.323769 5.674761
v 36.486912 36.242290 6.938716
v 36.623013 36.475674 8.162144
v 36.394260 35.644501 9.097542
v 36.416885 35.302032 10.200063
v 36.553379 34.911186 11.263750
v 36.308193 34.034924 12.045664
v 36.378948 33.701630 12.649964
v 36.933689 31.549488 14.620501
v 37.289391 33.020935 14.360666
v 37.358261 34.040401 13.895865
v 36.981422 34.562473 12.843649
v 36.300194 30.645420 14.372858
v 38.077477 29.072367 16.243423
v 38.171062 30.551710 15.774797
v 37.318489 30.767551 15.306289
v 17.898792 48.165577 0.235601
v 17.971199 54.064114 0.829165
v 16.327435 51.706402 0.070513
v 15.838787 49.704506 -0.008798
v 16.511602 48.828678 0.054454
v 16.958719 47.957115 -0.020141
v 21.005182 54.764141 5.208993
v 21.946754 52.260803 7.608133
v 22.066187 50.509705 7.646972
v 22.198299 50.881550 9.055207
v 21.625311 50.405331 10.814525
v 21.094786 49.653316 12.097581
v 21.109556 48.396324 12.004447
v 20.261606 48.510387 13.042789
v 20.387911 46.929256 13.253918
v 20.508808 45.649651 13.264102
v 20.718204 44.134651 13.337930
v 15.162508 47.901936 -0.071991
v 13.037165 47.425381 0.243930
v 11.216365 47.206299 0.819334
v 9.637584 47.152321 1.670225
v 8.808320 47.119404 2.497238
v 8.218479 47.036472 3.730359
v 7.654300 46.759796 5.177170
v 7.490948 46.799660 6.417691
v 7.302221 46.349167 7.835105
v 17.468510 48.308994 15.195506
v 15.683645 48.884975 15.912851
v 15.154592 48.656181 16.219669
v 14.198566 48.379269 16.297400
v 12.588416 48.389713 16.182892
v 11.268620 48.081505 15.802163
v 10.408516 48.139374 15.337302
v 9.893516 47.956364 14.969222
v 8.088518 48.103863 12.482985
v 8.214568 49.898293 11.787140
v 9.243413 50.195335 13.568020
v 10.299400 49.237492 14.848172
v 7.692025 48.298737 11.001762
v 7.843603 48.378155 11.771497
v 7.551515 48.457790 7.784128
v 7.690112 49.116154 9.769943
v 19.818371 46.122852 14.091414
v 19.165926 45.840973 14.641782
v 18.959188 46.946304 14.570529
v -31.579315 48.951462 5.534974
v -32.313255 49.201771 7.756640
v -32.184586 48.856319 9.398212
v -31.484827 49.038654 11.022594
v -30.772713 48.800488 11.784776
v -30.085260 48.510712 12.444011
v -28.996412 48.672840 13.244968
v -27.802101 48.684483 13.730600
v -26.318260 49.027493 14.093642
v -25.029865 48.590790 14.236602
v -24.170959 48.187263 14.278576
v -21.945620 48.526817 13.825280
v -23.722464 49.770798 14.035445
v -25.448994 47.623924 0.444120
v -26.366684 49.112019 0.567616
v -28.572374 49.214417 1.051321
v -29.566740 48.717346 1.873543
v -30.203333 48.500484 2.557729
v -30.708710 48.652744 3.193082
v -30.900702 48.376270 4.135541
v -22.751856 47.071232 0.447968
v -23.910629 48.806545 0.448144
v -21.082285 49.551411 1.277353
v -21.158274 48.814205 1.018695
v -21.809235 48.127728 0.773992
v -19.383072 50.970695 6.383523
v -18.750505 50.031307 9.227041
v -18.158440 48.666920 9.615356
v -18.819311 49.323555 10.658489
v -19.112539 48.775799 11.453966
v -19.790693 48.490891 12.331182
v -20.909575 48.419838 13.313875
v 27.720873 -98.137680 48.639977
v 27.225256 -99.196915 48.794907
v 26.552982 -97.202538 48.693073
v 26.808947 -95.823586 48.505371
v 28.683865 -95.541161 48.154346
v 27.972910 -93.775658 48.017769
v 29.446020 -93.163498 47.772552
v 29.437162 -92.152672 47.819016
v 30.563732 -90.856117 47.503948
v 30.751402 -88.989166 47.446217
v 30.756144 -87.741837 47.367691
v 30.885714 -86.420448 47.473732
v 32.143269 -86.756638 46.901600
v 33.930504 -85.751038 46.191837
v 33.169044 -84.619049 46.315628
v 42.331081 -96.892838 18.224676
v 42.879662 -97.912445 19.158714
v 42.760693 -98.893417 18.881552
v 43.577812 -92.310440 20.291836
v 43.619705 -94.439888 20.536665
v 43.124493 -95.025093 19.565306
v 43.528290 -96.911362 20.412149
v 42.819538 -96.841736 19.040476
v 43.091694 -86.326225 17.665733
v 43.796532 -86.240692 19.106363
v 43.704487 -87.802750 19.403433
v 43.644897 -89.237686 19.782948
v 43.581871 -90.573212 19.920992
v 44.890724 -81.974030 19.281755
v 44.523136 -83.472511 19.203732
v 44.096420 -84.473106 18.821573
v 47.635532 -66.887733 14.076701
v 47.797661 -67.418953 15.469550
v 48.032463 -68.152534 17.200800
v 47.763779 -69.227905 17.250479
v 47.806622 -70.440811 18.735403
v 47.355309 -72.493797 18.585072
v 47.073177 -73.047829 17.889557
v 46.826168 -74.748505 18.984020
v 46.139172 -76.753082 18.600780
v 45.599583 -78.524605 18.680088
v 45.054619 -80.058937 18.433823
v 55.230255 -44.377888 12.995752
v 54.930866 -46.430756 13.371030
v 54.569469 -47.583012 12.633781
v 54.210083 -49.166416 12.819568
v 53.769699 -50.974277 12.719607
v 53.365376 -51.129219 11.215989
v 52.722824 -51.737034 9.764453
v 55.855877 -40.668793 12.712671
v 55.544914 -42.587997 12.883449
v 56.663658 -34.467384 12.599057
v 56.355152 -36.434711 13.166286
v 56.182659 -37.850822 13.084500
v 56.093319 -39.126297 13.024144
v 33.939831 -84.563873 46.060593
v 35.359585 -84.536758 45.579769
v 37.718094 -84.105751 44.666862
v 37.615200 -82.625313 44.557453
v 37.000645 -81.551865 44.645363
v 38.424438 -82.007607 44.096943
v 39.478664 -81.380188 43.385799
v 40.702671 -80.758148 42.647682
v 40.392818 -79.465553 42.579586
v 39.831211 -78.657234 42.697437
v 40.870811 -78.451851 41.996761
v 41.898914 -77.617470 41.131023
v 41.407642 -76.672630 41.181202
v 41.869072 -75.861458 40.563660
v 42.871681 -74.700562 39.245041
v 42.820354 -73.327362 38.705582
v 42.509151 -72.439522 38.564602
v 43.502815 -72.126945 37.373627
v 43.479912 -70.396523 36.669144
v 43.268238 -69.045639 36.428883
v 43.155853 -67.595490 36.076096
v 44.137691 -67.451050 34.771404
v 44.128021 -65.802673 34.198563
v 45.080776 -65.719910 33.023232
v 45.198921 -64.012962 32.452831
v 44.972675 -62.760193 32.240280
v 44.857586 -61.539989 31.905216
v 45.432407 -59.711243 30.689417
v 44.930344 -58.295956 30.634007
v 45.789902 -57.203979 29.558151
v 45.489067 -55.334484 29.181602
v 47.065662 -54.697956 27.688343
v 46.996906 -52.928253 27.288662
v 47.048779 -51.610798 26.910284
v 47.164597 -50.077953 26.495663
v 47.323978 -48.584511 26.081907
v 47.418224 -46.809418 25.676069
v 46.994400 -46.010612 25.844784
v 47.790363 -44.686623 25.057076
v 47.941502 -42.626862 24.606825
v 48.096405 -40.896748 24.185232
v 47.145596 -40.903957 24.785545
v 47.715191 -39.275574 24.150415
v 47.537106 -37.488548 23.944880
v 47.449574 -36.495296 23.832767
v 48.398247 -35.565022 23.045547
v 48.387089 -33.942425 22.726492
v 49.801075 -33.861782 21.702459
v 51.101276 -32.698822 20.520168
v 51.071053 -31.041372 20.215586
v 50.394024 -30.120472 20.558716
v 51.149570 -28.851732 19.755882
v 50.485481 -27.669420 20.066292
v 51.321697 -26.128752 19.204296
v 51.532635 -23.686722 18.811661
v 51.875420 -21.776083 18.449648
v 51.512932 -20.522257 18.729307
v 50.977261 -20.001703 19.120415
v 51.929298 -18.488207 18.426060
v 52.046993 -16.205864 18.317993
v 52.181171 -14.034993 18.109118
v 51.251823 -13.768160 18.536699
v 51.039379 -12.188435 18.393625
v 50.667156 -11.083022 18.330774
v 51.487858 -8.411516 17.596617
v 51.412621 -6.902515 17.288597
v 51.950874 -5.835778 17.006586
v 48.725849 -2.197660 13.770590
v 47.906235 -2.123946 13.816852
v 46.947929 -0.998330 12.064784
v 45.730286 1.144845 10.809913
v 44.880741 5.234602 12.352253
v 44.762531 7.552777 11.293228
v 45.186241 10.001968 11.763886
v 45.409485 11.343714 11.908349
v 45.710850 13.134278 11.668898
v 45.856579 13.108273 13.115588
v 46.082386 14.569040 12.835477
v 46.606609 16.662786 13.419146
v 46.167847 16.574127 15.034319
v 45.665794 16.351240 15.678311
v 45.610947 17.731037 15.862378
v 44.715996 17.634977 16.856089
v 44.698975 19.099245 16.871532
v 44.500458 20.951351 16.787708
v 44.277122 22.771368 16.758360
v 43.366383 23.996775 16.942076
v 43.012383 26.055307 16.646181
v 41.220901 25.987104 17.242344
v 40.196941 25.159271 17.630539
v 39.898968 26.515003 17.360020
v 39.451714 27.821304 17.014582
v 38.609974 28.190323 16.790607
v 58.210484 -21.299019 10.854334
v 57.879395 -23.152666 11.339586
v 57.963112 -24.198824 10.627403
v 57.813366 -25.251551 10.810794
v 57.085220 -25.414810 12.477770
v 56.965542 -27.318361 12.642278
v 56.940750 -28.811646 12.682833
v 56.680286 -30.701962 13.288584
v 56.988686 -31.430607 12.486951
v 56.789639 -32.794762 12.718824
v 58.965782 -18.350523 10.851925
v 58.568020 -19.777588 10.803382
v 60.334641 -14.420888 6.211127
v 59.779926 -16.035114 7.062036
v 59.865784 -16.547873 8.416769
v 59.508781 -16.557703 10.424030
v 59.462337 -3.672732 0.399011
v 57.867893 -4.716290 0.261763
v 56.438839 -4.258491 0.133753
v 56.900608 -2.370468 0.119946
v 55.963684 -0.719345 0.137342
v 55.449097 0.716841 0.274214
v 54.581394 1.606025 0.419078
v 55.754154 3.471967 0.833244
v 55.251656 5.301216 1.553236
v 54.676933 5.529627 2.212650
v 55.560322 7.057324 2.441741
v 55.465679 7.937691 3.347851
v 47.790882 23.234589 7.299124
v 47.517391 21.727982 7.450738
v 47.034397 20.351669 7.269976
v 46.399277 18.277731 7.580795
v 48.221870 26.822927 5.065007
v 48.111889 25.539892 6.201280
v 48.419800 25.360790 8.238598
v 46.678066 28.171427 1.889068
v 44.710861 30.784157 0.427665
v 43.769814 30.340656 -0.011753
v 43.371510 31.344416 -0.055153
v 42.911938 33.136482 0.245005
v 41.131947 33.170292 0.422599
v 40.694618 34.877140 0.668441
v 38.907661 34.853870 1.264047
v 39.037052 36.597610 1.720947
v 38.068027 37.443684 2.896897
v 37.522495 37.837234 3.582462
v 37.411392 38.006290 4.645597
v 37.113270 37.438381 5.567646
v 37.236240 37.820286 7.733341
v 37.185886 37.165836 9.550179
v 36.980343 36.172073 10.631789
v 37.600655 36.105953 12.134854
v 37.815971 31.624212 15.332852
v 37.819958 32.669693 14.980829
v 38.062668 33.841793 14.673068
v 38.098763 34.827038 14.126278
v 37.570946 34.811031 13.612381
v 38.027020 35.635460 13.374580
v 39.941849 29.741627 16.360294
v 39.283993 31.538160 15.864737
v 38.502335 31.741089 15.637731
v 18.417603 56.649563 0.933292
v 16.355879 56.147263 -0.023905
v 15.732796 54.249542 -0.030139
v 16.218859 53.183578 0.087568
v 14.708216 52.275444 -0.039193
v 14.453046 50.403645 -0.017347
v 14.480038 49.199493 -0.054787
v 21.006878 58.670105 5.217741
v 21.721132 56.240852 7.316883
v 21.735956 54.988041 6.718572
v 22.075113 54.116116 7.503888
v 22.126972 53.373978 9.198493
v 22.146683 52.106911 9.130980
v 21.744757 52.235126 10.642028
v 21.068333 51.703217 11.750478
v 20.533972 51.165211 12.621744
v 20.249159 49.968548 12.960700
v 18.881220 50.316032 13.988115
v 19.118395 48.313965 14.161626
v 19.745068 47.360855 13.848199
v 12.794974 49.126713 0.177945
v 10.776753 48.828350 0.910976
v 9.409564 48.681927 1.901053
v 8.447878 48.451794 3.192675
v 7.860665 48.844368 4.893964
v 7.665941 48.152901 5.926145
v 17.063320 50.465168 15.110063
v 15.416310 50.178768 15.719962
v 13.973043 49.785305 15.936173
v 12.686073 49.471600 15.913881
v 11.588156 49.312969 15.626942
v 7.893405 51.003109 9.684230
v 8.135032 52.181999 10.928233
v 8.411896 51.923859 11.980301
v 8.869023 51.518936 12.846083
v 9.506067 51.454327 13.682650
v 10.108512 50.814117 14.302766
v 11.708261 50.989250 15.126565
v 7.750398 50.100231 6.292907
v 7.699154 50.053654 7.594858
v 7.709362 50.051994 8.521448
v -31.413937 50.021942 3.306029
v -32.349701 50.857578 5.357027
v -32.646149 50.591644 7.313224
v -32.663467 50.725639 9.039704
v -32.034718 50.585960 10.464574
v -31.177620 50.298580 11.649122
v -30.350334 50.066673 12.534135
v -29.061213 50.309490 13.308913
v -27.556719 50.109673 13.873134
v -26.711180 49.904816 14.115838
v -24.788580 49.905762 14.271274
v -25.695147 51.315609 14.103736
v -21.457083 49.912312 13.015575
v -22.543402 50.048351 13.611093
v -22.988039 51.659210 13.182841
v -24.131912 51.581299 13.821664
v -24.959166 50.516560 0.350773
v -26.735388 50.555866 0.409074
v -28.341562 50.427094 0.762890
v -29.848375 50.662224 1.314559
v -30.454346 50.128071 1.804342
v -22.203615 50.244370 0.782610
v -23.939754 51.732048 0.446899
v -19.640562 52.100971 8.959724
v -20.313990 54.204437 7.681222
v -19.513527 51.278519 10.275502
v -19.102619 50.325401 10.345057
v -19.815620 50.706348 11.055362
v -20.121641 49.887768 11.915260
v 29.070057 -99.149513 48.495117
v 29.446758 -98.146393 48.387543
v 29.134604 -97.226906 48.284492
v 30.853399 -96.932144 47.842075
v 31.160940 -95.223999 47.576893
v 30.937944 -93.766464 47.519108
v 30.924450 -92.472839 47.442482
v 32.789978 -92.014603 46.925285
v 32.353386 -90.434364 47.017529
v 32.280750 -89.160919 46.996014
v 31.289923 -89.237480 47.368290
v 31.578682 -88.158684 47.202084
v 32.458237 -87.901237 46.877663
v 34.068817 -88.055420 46.384323
v 35.870457 -86.957794 45.690567
v 35.318943 -85.828568 45.729897
v 43.523857 -98.421043 20.271332
v 43.471615 -99.151176 20.086103
v 44.205769 -91.155182 21.735851
v 44.112873 -92.681000 21.666861
v 44.131878 -93.897820 21.839029
v 44.184505 -95.790962 22.059387
v 44.283989 -97.494713 22.162592
v 44.113804 -98.262779 21.640406
v 43.999813 -99.029282 21.200176
v 44.600510 -84.795021 20.465704
v 44.386200 -86.683662 20.930445
v 44.037369 -87.314217 20.115801
v 44.262913 -88.554985 21.307993
v 45.611671 -80.302254 20.215971
v 45.455326 -81.931602 21.120003
v 45.107971 -83.448051 21.179726
v 44.824955 -83.327576 19.967871
v 48.677563 -65.113594 15.914088
v 48.270153 -66.619873 16.301125
v 48.798836 -66.279999 18.881392
v 48.476425 -67.908852 18.926062
v 48.234371 -68.778183 18.881870
v 48.434757 -68.871307 20.737383
v 48.110058 -71.235573 21.306019
v 47.750912 -72.580727 20.676165
v 47.455849 -73.082954 19.728649
v 47.316803 -75.119225 21.480581
v 46.765396 -76.661240 20.696953
v 46.491123 -76.731552 19.686289
v 46.226345 -78.705544 20.764067
v 55.393463 -43.019493 15.067598
v 55.187130 -44.733727 14.929690
v 54.928070 -46.263371 15.168170
v 54.699005 -47.497341 14.930831
v 54.337418 -48.982517 14.827503
v 53.996334 -50.573387 14.381374
v 53.491730 -52.378368 14.533003
v 53.118298 -52.795361 12.664041
v 52.977055 -52.418545 11.469870
v 55.561142 -39.476822 14.827245
v 55.474983 -41.118645 14.831869
v 56.210728 -32.918240 14.217997
v 56.050575 -35.261181 14.663933
v 56.298134 -36.034519 14.017960
v 55.861317 -37.252628 14.951384
v 36.033871 -85.912155 45.501522
v 37.525963 -86.230721 44.943089
v 39.185436 -85.396545 44.163467
v 39.149975 -84.127296 44.027359
v 38.786625 -83.178246 44.151360
v 39.829136 -83.244141 43.488316
v 41.442616 -82.523682 42.320885
v 41.923275 -80.979851 41.811977
v 41.360172 -79.874908 42.000278
v 42.762951 -79.534660 40.848534
v 42.981457 -77.852478 40.288029
v 42.611317 -76.977776 40.334709
v 43.624653 -76.517502 39.194740
v 43.836117 -74.792145 38.234383
v 43.556431 -73.741859 38.117371
v 44.550674 -73.583130 36.800720
v 44.476200 -71.875633 36.012669
v 44.241138 -70.597633 35.770348
v 44.030659 -69.306450 35.543583
v 45.014721 -69.003868 34.015518
v 45.080357 -67.313499 33.470909
v 46.009960 -67.028168 32.002106
v 45.937271 -65.488579 31.867100
v 45.894367 -64.321602 31.646891
v 45.838512 -62.794155 31.275288
v 45.553116 -61.551609 31.170071
v 46.671062 -60.957569 29.656034
v 46.541290 -59.080822 29.396656
v 46.196339 -58.313576 29.533329
v 46.990280 -57.320976 28.479099
v 47.950191 -56.133499 27.138678
v 48.241291 -54.612022 26.529863
v 48.411537 -53.271748 26.093760
v 48.061337 -52.038551 26.178040
v 48.248959 -49.842884 25.589994
v 47.886440 -48.996635 25.738491
v 48.656528 -47.246193 24.831451
v 48.321884 -45.752556 24.848188
v 49.362560 -44.274059 23.820774
v 49.000370 -42.428787 23.856012
v 48.692440 -41.484825 23.916704
v 49.537407 -40.140148 23.109257
v 48.682358 -39.554565 23.586685
v 49.290043 -38.116608 22.906530
v 48.598747 -37.043629 23.213362
v 49.739143 -35.806541 22.194887
v 50.598915 -35.164078 21.314659
v 51.638939 -34.429359 20.275805
v 52.139519 -32.776657 19.615282
v 52.035076 -31.212494 19.441214
v 51.648033 -30.134628 19.567633
v 52.292892 -29.166397 18.827143
v 52.258972 -27.250462 18.546490
v 52.526688 -25.651579 18.111847
v 52.510487 -24.259052 18.042076
v 52.766739 -22.303282 17.745220
v 52.890518 -20.401953 17.675159
v 52.236687 -19.923269 18.194532
v 53.079933 -18.412666 17.627869
v 53.147968 -16.592438 17.661255
v 53.521729 -14.687180 17.450235
v 53.510658 -12.874554 17.385176
v 52.682358 -12.688497 17.761099
v 53.163486 -11.424707 17.435255
v 52.352852 -10.752560 17.676556
v 55.002769 -7.725661 16.611467
v 54.443378 -6.205564 16.645632
v 54.164471 -4.857968 16.619696
v 52.844784 -4.905722 16.857244
v 45.026337 11.585910 9.573609
v 45.781849 14.655527 9.696343
v 46.010689 14.697358 11.227890
v 46.405014 16.280619 10.914883
v 47.028732 18.227015 11.589107
v 47.027714 18.319788 13.358774
v 46.736897 17.864147 14.092813
v 46.417332 17.561041 14.708081
v 46.548267 19.208071 14.689383
v 45.681313 19.282515 15.863002
v 45.884579 21.099453 15.640727
v 45.514656 22.833323 16.081770
v 45.203781 23.862583 16.141529
v 44.865479 25.019716 16.074121
v 44.830429 27.246592 15.706532
v 43.560410 27.474625 16.230173
v 42.644192 27.558111 16.504623
v 41.703075 27.166210 16.858944
v 40.844322 26.882418 17.155741
v 40.585381 27.824268 16.923594
v 57.912628 -19.725178 12.252570
v 57.414371 -21.436598 12.554884
v 57.320423 -22.738544 12.448410
v 57.188789 -23.875723 12.552616
v 56.351646 -24.351828 13.815075
v 56.389717 -25.476807 13.684842
v 55.730465 -26.638487 14.653633
v 56.560474 -26.986023 13.412301
v 56.346146 -28.441050 13.894560
v 56.165596 -30.236197 14.231562
v 56.120537 -31.513510 14.444973
v 58.791607 -16.992159 12.220000
v 58.454006 -18.188244 12.173702
v 60.999371 -13.119201 6.762263
v 60.510857 -14.169963 7.607348
v 60.298779 -14.603360 8.899329
v 60.100456 -15.178443 10.228650
v 59.406456 -14.841385 11.974536
v 58.711071 -15.547861 12.898345
v 62.735981 0.277195 0.641081
v 60.598278 -1.762451 0.425313
v 58.781609 -2.186209 0.215643
v 58.778568 -0.795051 0.158401
v 57.439011 0.672259 0.207558
v 56.661961 2.049304 0.426456
v 58.101173 3.337015 0.447876
v 57.938553 5.898171 0.885700
v 56.452023 6.441553 1.571057
v 56.756828 8.614221 2.343827
v 56.628002 9.751536 3.599666
v 55.663506 8.859366 4.516554
v 48.082039 23.286320 9.059210
v 47.848473 22.436314 8.385166
v 47.599243 21.039375 9.417908
v 47.034744 19.442795 8.622344
v 46.464649 17.346233 9.117782
v 45.890724 15.987891 8.332795
v 45.386078 15.706914 6.648640
v 48.337864 30.014818 4.167940
v 48.985298 28.647261 6.469673
v 48.698044 27.119518 7.124842
v 49.061665 27.665478 8.715145
v 48.573750 26.584320 11.254648
v 48.429096 25.009069 10.774441
v 48.159821 23.541550 10.713566
v 46.469395 32.868153 1.525064
v 44.654869 33.073891 0.412063
v 44.270851 34.972038 0.373859
v 42.504017 34.884933 0.385851
v 42.235661 36.520393 0.420275
v 40.283810 37.000504 0.913005
v 39.464050 38.416397 1.947311
v 38.762470 38.889027 3.138180
v 38.055897 38.986740 4.670682
v 37.754314 39.097275 6.829648
v 37.611073 38.838589 7.769160
v 38.013474 39.562202 8.611624
v 38.134995 39.003422 10.141973
v 38.020741 37.651546 11.303307
v 39.245483 37.511414 13.193397
v 38.345676 32.419174 15.392351
v 38.697243 33.479408 15.187301
v 38.532654 34.011585 14.940914
v 38.922260 34.612499 14.799618
v 38.887749 35.752319 14.069601
v 41.838711 28.711763 16.452524
v 41.737690 30.175604 16.169052
v 41.414803 31.229776 16.030712
v 40.533718 32.166832 15.846469
v 39.646172 32.445198 15.743410
v 39.024105 32.531681 15.601087
v 18.383438 58.554596 0.925197
v 16.428345 57.920799 0.046331
v 14.779201 57.239174 -0.130849
v 15.178777 56.241722 -0.105964
v 14.152084 55.019405 -0.010208
v 14.379067 53.499336 -0.033074
v 12.829968 52.459740 0.136627
v 12.819145 50.742168 0.112528
v 20.817110 60.716774 4.892952
v 21.690758 60.442364 7.221988
v 21.721802 59.130238 7.403999
v 21.632805 58.096821 7.212108
v 21.769135 57.952393 8.764754
v 21.881231 56.214581 9.074426
v 21.970184 54.945412 8.699448
v 21.635811 54.999069 10.289041
v 21.723198 53.584183 10.436524
v 21.085882 53.895138 11.467783
v 20.039898 52.930534 12.741071
v 19.543472 51.705845 13.426533
v 18.440529 52.384995 14.192604
v 16.714470 51.958359 14.914414
v 10.652036 50.752098 0.869792
v 9.243218 50.241318 2.008497
v 8.377835 50.132999 3.244503
v 7.911109 49.934250 4.568982
v 14.880777 51.815144 15.535308
v 13.685546 51.209732 15.582687
v 7.865050 51.564644 7.764590
v 8.007423 53.126488 9.337023
v 8.255287 54.000401 11.006639
v 8.398481 53.034679 11.748212
v 8.808991 52.852760 12.563258
v 9.515365 52.566196 13.432593
v 10.238474 51.935265 14.164650
v 12.917346 52.902142 15.094525
v 10.792782 53.578690 14.098814
v 8.127058 51.655804 4.798557
v 7.929853 51.658298 6.352023
v -31.453777 51.955402 2.163671
v -32.353065 51.938232 3.567272
v -32.352497 51.452312 4.316708
v -33.193321 53.032772 5.321866
v -33.507011 52.331001 7.380528
v -33.116234 51.947388 9.276116
v -32.251122 51.937267 10.700208
v -31.449959 52.105301 11.774943
v -30.746029 51.793682 12.322933
v -29.670294 51.539413 13.157586
v -27.478191 51.329746 13.958210
v -28.064339 52.926594 13.711353
v -24.722740 53.067783 13.523159
v -26.225285 53.109505 13.741869
v -21.177666 51.710819 11.888346
v -22.670929 53.554874 12.194603
v -23.649916 53.367317 12.988826
v -25.767618 52.045918 0.390597
v -27.162495 51.751057 0.502609
v -28.484819 51.501247 0.627704
v -30.013186 51.602093 1.062859
v -21.294731 51.632515 2.442462
v -23.312080 53.227573 0.743127
v -24.859240 53.824013 0.364688
v -26.484024 53.388298 0.467398
v -20.287527 53.908962 9.265372
v -20.525723 52.758343 10.643520
v -20.238270 51.646545 11.004101
v 30.963821 -98.701157 47.977997
v 30.471325 -99.354729 48.220131
v 32.949963 -97.837364 47.191963
v 32.005238 -96.862640 47.389717
v 32.805374 -95.727661 47.104004
v 32.521629 -94.107361 47.126637
v 34.626003 -93.931152 46.393169
v 34.806286 -91.967949 46.331161
v 34.524002 -90.875298 46.405502
v 33.649529 -89.860786 46.631878
v 35.390377 -89.757912 46.068150
v 36.655457 -88.616066 45.509544
v 37.205223 -87.528084 45.242096
v 44.685726 -89.841049 23.365486
v 44.712055 -91.447960 23.576279
v 44.601753 -92.818665 23.238625
v 44.448528 -93.254311 22.650799
v 44.706924 -94.843422 23.716560
v 44.752487 -97.304062 23.717134
v 44.670918 -98.358574 23.272816
v 44.525642 -99.055130 22.673559
v 45.054585 -84.808258 22.174955
v 44.863983 -86.203506 22.506662
v 44.627037 -87.394775 22.246340
v 44.972115 -88.272438 24.324123
v 45.942795 -79.975700 21.038080
v 45.995853 -80.979568 22.171219
v 45.616184 -83.051178 22.849161
v 45.275826 -84.301086 22.742027
v 49.020664 -63.083054 13.900884
v 49.517384 -63.177582 17.374258
v 49.107521 -64.604568 17.762728
v 49.396168 -63.990688 19.158480
v 49.272083 -64.733810 21.314793
v 49.028732 -66.323036 21.378429
v 48.774239 -67.308350 21.033300
v 48.683449 -67.939133 23.185492
v 48.452637 -69.545540 22.841583
v 48.255489 -70.879105 22.829132
v 48.021732 -72.718452 23.054625
v 47.799202 -73.324806 22.029741
v 47.666691 -75.251755 23.677135
v 47.271381 -77.206520 23.508488
v 46.907112 -77.970238 22.528708
v 46.506439 -80.226685 23.309790
v 54.920624 -41.380646 16.662685
v 54.851772 -43.318459 17.220276
v 54.893486 -44.309212 16.728441
v 54.831669 -45.471745 16.488062
v 54.345654 -47.563911 17.329916
v 54.372025 -48.514492 16.457893
v 53.829849 -50.667671 17.383854
v 53.733612 -51.665916 16.391809
v 53.008018 -53.824032 16.478920
v 52.928432 -53.948921 14.647874
v 52.822021 -53.786907 13.333237
v 51.661572 -54.846996 10.640887
v 54.809101 -38.360992 16.830482
v 54.941216 -39.812057 16.566422
v 55.354214 -32.086311 15.673501
v 55.665043 -33.162045 15.332602
v 55.393375 -34.402203 15.953773
v 55.603832 -35.902542 15.643067
v 54.899483 -36.225685 16.703016
v 38.524963 -88.136047 44.687080
v 40.045628 -86.852539 43.844669
v 40.162174 -85.520935 43.651672
v 39.952866 -84.659904 43.646114
v 41.200417 -84.904419 42.870865
v 42.743706 -83.968559 41.485615
v 42.421013 -82.831825 41.649311
v 43.011234 -82.008385 41.061611
v 44.249657 -80.905891 39.858067
v 44.394867 -79.469566 39.503696
v 43.826923 -78.333076 39.699924
v 45.029053 -78.118965 38.444923
v 44.907249 -76.475914 37.867878
v 44.520206 -75.316338 37.706593
v 45.577751 -75.150696 36.248501
v 45.575325 -73.409500 35.353249
v 45.180405 -72.110764 35.011055
v 44.940865 -70.836227 34.805393
v 45.727276 -70.554047 33.159184
v 45.863663 -68.857208 32.516224
v 46.657139 -68.811569 30.852303
v 46.717861 -67.057365 30.763201
v 46.817478 -66.015381 30.543833
v 46.604851 -64.807816 30.704838
v 46.592075 -63.108028 30.419456
v 47.421078 -62.871479 28.952427
v 47.624249 -60.951485 28.353191
v 47.584801 -59.733658 28.201197
v 47.257118 -58.848160 28.516403
v 48.244488 -58.140491 27.015335
v 48.834213 -56.355358 26.056501
v 49.018475 -54.874451 25.646894
v 49.258492 -53.290260 25.165979
v 49.476139 -51.520115 24.710203
v 49.190346 -50.219906 24.806719
v 49.598389 -48.365440 24.159172
v 50.020294 -46.602947 23.621784
v 49.650799 -45.692467 23.814810
v 50.506477 -44.542622 22.924397
v 50.692791 -42.296616 22.452971
v 50.090237 -41.652523 22.936234
v 50.812096 -40.115013 22.046057
v 50.405281 -38.437843 22.092461
v 50.184792 -37.134796 22.084080
v 51.261478 -36.812572 21.047781
v 52.588470 -36.010826 19.716993
v 52.853363 -34.627895 19.178785
v 52.883087 -33.206402 18.910948
v 53.012974 -31.290037 18.468513
v 52.686054 -30.152155 18.617683
v 53.370068 -28.845263 17.700169
v 52.829777 -27.744900 18.103722
v 53.521885 -25.993019 17.231798
v 53.083359 -24.673084 17.540102
v 53.867031 -23.123190 16.768053
v 54.033138 -20.428774 16.753790
v 53.594273 -19.273853 17.204178
v 54.495544 -17.879217 16.642982
v 53.844662 -16.942083 17.204941
v 54.837940 -15.359229 16.641607
v 54.981316 -12.731805 16.620537
v 54.295654 -11.515366 16.968723
v 54.136635 -10.546363 17.001720
v 55.545609 -9.929355 16.421818
v 56.386887 -7.800948 16.159966
v 56.518547 -6.599593 16.135798
v 55.971516 -5.519563 16.279987
v 55.612247 -3.454247 16.242769
v 54.222389 -3.414176 16.307896
v 53.324478 -3.602838 16.183098
v 53.130253 -4.289493 16.691174
v 44.737720 12.721844 7.674147
v 46.159019 16.100346 9.441950
v 46.854454 18.019190 10.099599
v 47.208977 19.272579 9.845169
v 47.491627 19.933264 11.028750
v 47.381306 19.559736 12.620927
v 47.181992 19.415314 13.734414
v 47.299183 20.981794 13.590173
v 46.684273 20.966948 14.650597
v 46.942272 22.641281 14.547673
v 46.388378 23.809946 15.232879
v 45.869823 24.700758 15.652252
v 46.648968 26.430380 14.732245
v 46.184891 28.773731 14.853781
v 44.641674 28.872084 15.562193
v 43.885979 28.391598 15.960670
v 43.040401 28.430960 16.235233
v 57.721096 -18.145033 13.295991
v 56.995213 -19.747602 13.728041
v 56.757061 -21.165630 13.651279
v 56.728550 -22.485456 13.445574
v 55.776146 -22.867451 14.700020
v 55.417397 -24.432623 15.063932
v 55.550819 -25.264973 14.893422
v 54.800125 -25.600630 15.815159
v 54.355213 -27.181292 16.415386
v 54.544476 -28.837879 16.371368
v 55.506863 -28.456306 15.081866
v 55.444485 -29.790796 15.311879
v 58.245411 -16.757891 13.144743
v 61.553642 -11.805397 7.615224
v 60.840820 -12.762018 8.930971
v 60.378685 -13.211358 10.574561
v 59.683445 -13.576694 12.092321
v 58.527935 -13.972929 13.698571
v 57.771343 -15.373257 14.141664
v 57.512886 -16.806339 14.022604
v 60.454552 0.034582 0.228409
v 59.497520 1.207061 0.113513
v 58.772835 2.126290 0.226692
v 60.153355 3.414118 0.192078
v 60.011017 5.835738 0.383402
v 59.282028 7.151893 0.706384
v 58.306217 7.075027 1.021873
v 57.777344 8.307207 1.536924
v 57.593559 9.928718 2.309618
v 57.127556 10.003842 2.812342
v 58.063408 11.507006 3.179022
v 57.931705 11.960538 4.849328
v 56.881599 11.022846 6.600741
v 47.897640 22.067200 10.398004
v 47.886219 22.238644 9.296744
v 47.708824 20.994242 10.743631
v 48.805122 32.232113 3.855974
v 49.449074 31.505539 5.712672
v 49.174042 30.096722 5.655070
v 49.456104 30.249039 7.451013
v 49.328156 28.804647 7.713070
v 49.382023 29.269987 9.085314
v 48.909115 28.858278 11.118264
v 48.251808 28.074409 12.556997
v 48.117104 26.958672 12.653333
v 47.724514 25.797934 13.314919
v 48.072334 24.279079 12.434133
v 47.832321 22.484783 12.334714
v 47.949360 22.274893 11.420963
v 48.944386 34.081806 3.330072
v 45.858109 36.978676 0.505584
v 45.531567 35.083145 0.457764
v 43.965275 36.706055 0.197189
v 43.434471 38.073208 0.141608
v 41.779015 38.142292 0.524808
v 40.973160 37.734306 0.728009
v 40.428230 39.448528 1.524313
v 39.383389 40.667683 3.404248
v 38.762157 40.625126 5.069142
v 38.426884 40.610130 6.824007
v 38.123749 40.073357 7.249331
v 38.317425 40.535370 7.980964
v 38.604607 40.974125 9.283748
v 38.702339 40.566902 10.298103
v 38.923634 40.264618 11.217548
v 39.175373 39.756615 11.966268
v 40.273647 35.984451 14.636906
v 41.461273 38.380981 14.364718
v 40.744503 40.523102 13.373240
v 39.808750 33.487461 15.482785
v 39.278889 34.078964 15.199323
v 39.756454 34.600006 15.118085
v 43.285782 30.037466 15.890012
v 42.267780 31.102079 15.964714
v 42.670071 32.881527 15.609864
v 41.086803 33.736767 15.527542
v 18.272043 60.213547 1.083442
v 16.157064 59.580135 0.270152
v 13.776843 59.014271 0.129875
v 12.810646 57.311432 0.088735
v 13.451351 56.260693 0.013740
v 11.967194 55.077869 0.339978
v 12.454555 53.706944 0.205316
v 10.934303 52.664761 0.600077
v 21.159836 62.795769 5.500658
v 21.723949 62.042107 8.068379
v 21.681087 60.619766 8.937225
v 21.730154 59.552135 8.572892
v 21.256126 59.085918 10.348380
v 21.650400 58.005768 9.786591
v 21.717875 57.017719 10.141871
v 20.888700 56.252293 11.380063
v 20.950472 55.047352 11.445779
v 20.090868 55.125103 12.410700
v 18.531170 54.766312 13.634072
v 18.702007 53.464458 13.815425
v 17.605186 53.938301 14.451019
v 16.274204 53.534721 14.975259
v 14.492511 53.366936 15.409635
v 9.522320 52.248379 1.610703
v 8.965043 51.596798 2.151534
v 8.328042 51.480953 3.100232
v 8.101915 53.262486 6.407391
v 7.995388 53.213017 7.902488
v 8.105369 54.877232 8.076564
v 8.120759 54.971752 9.937959
v 8.271432 55.283978 10.991962
v 8.591582 55.175968 11.765870
v 8.747927 54.091515 12.186323
v 9.392927 53.767220 13.053264
v 13.217450 54.672028 14.920848
v 12.073450 54.371799 14.611430
v 11.606375 56.170719 14.119376
v 9.506293 55.529053 12.776161
v 8.615348 53.196053 3.154966
v 8.294301 53.267452 4.844131
v -29.849747 52.937706 1.035453
v -32.085739 53.836815 2.080679
v -32.442638 53.400764 2.957828
v -32.703396 53.100861 3.723230
v -33.317356 54.711262 3.937524
v -34.347389 55.910358 5.940958
v -34.274555 53.963383 7.459510
v -33.353897 53.133926 6.570620
v -33.871555 53.726578 9.242940
v -33.224800 53.410954 10.182769
v -32.274242 53.295204 11.353435
v -31.468628 53.065807 12.104620
v -30.576387 53.062431 12.843164
v -29.708555 52.988968 13.432149
v -26.692154 54.903687 13.338485
v -28.670837 55.105068 13.398828
v -30.480726 54.468388 12.960507
v -24.394022 55.090714 12.734468
v -21.566378 53.232677 11.444293
v -21.950758 54.766720 10.838515
v -23.140198 54.975258 11.909133
v -27.725796 52.985950 0.572146
v -23.694845 56.488373 1.380170
v -24.870415 55.530403 0.405780
v -26.331173 55.439049 0.308050
v -27.771700 55.250050 0.505415
v -29.474386 54.623508 0.857762
v -20.496698 55.145393 8.365551
v -20.923828 55.326874 9.126489
v -21.226147 55.101707 9.731514
v 31.364607 -99.366280 47.883198
v 32.650978 -99.188652 47.387585
v 34.961586 -99.002884 46.514202
v 34.703033 -97.877045 46.597176
v 34.486324 -96.555099 46.576153
v 33.016865 -96.764771 47.088589
v 33.981686 -95.385284 46.683517
v 34.956493 -95.341347 46.317078
v 36.746777 -95.484268 45.570675
v 36.977089 -93.251167 45.504887
v 36.155338 -92.117935 45.832195
v 35.774422 -90.990883 46.021931
v 37.319462 -90.572433 45.325470
v 37.984825 -89.254250 45.007675
v 44.982758 -89.837257 24.854181
v 45.042889 -91.319946 25.242432
v 45.020847 -92.840134 25.104015
v 44.893272 -93.406631 24.446327
v 45.146709 -94.784393 25.801580
v 45.163719 -97.090019 25.608320
v 45.118172 -98.300362 25.098352
v 45.005676 -99.064674 24.445356
v 45.396786 -85.747910 24.750715
v 45.378803 -87.946518 26.524357
v 45.335491 -89.436028 26.998549
v 45.251842 -90.725983 26.632114
v 46.262329 -81.191429 23.402372
v 46.292721 -82.262840 24.674986
v 45.780930 -84.046577 24.561008
v 45.487095 -84.319992 23.663181
v 50.211510 -60.130096 13.527233
v 49.890366 -61.416107 14.771379
v 50.315331 -61.038960 16.557043
v 50.149792 -61.556099 19.287468
v 49.725849 -62.816223 19.151035
v 49.739902 -62.684067 20.816442
v 49.417114 -63.371017 23.352795
v 49.186520 -64.883118 23.018856
v 49.034851 -65.887001 22.717741
v 48.826500 -65.743996 24.768667
v 48.527092 -68.013222 25.501619
v 48.327763 -69.578667 25.352308
v 48.244751 -70.746178 24.500559
v 48.074226 -72.563591 24.407091
v 47.922848 -73.793793 24.136616
v 47.863106 -74.777351 25.461842
v 47.659317 -77.055244 25.691153
v 47.396175 -78.197258 25.172169
v 47.038723 -79.386154 24.531830
v 46.750599 -80.788399 24.873911
v 54.318310 -40.122688 17.921053
v 54.135223 -41.658459 18.365751
v 54.156082 -42.909740 18.417728
v 54.026455 -44.315594 18.687889
v 54.206055 -45.627106 18.193686
v 54.312271 -46.823757 17.864412
v 53.559429 -48.166138 19.241163
v 53.521099 -49.896980 18.738691
v 52.984985 -51.817799 19.260136
v 52.921562 -53.134617 18.582628
v 52.373478 -55.309608 18.501471
v 52.537868 -55.375134 16.678223
v 52.455147 -55.264652 15.109015
v 52.329437 -55.003204 13.517656
v 51.597740 -57.039631 13.952425
v 53.988998 -37.058041 18.158541
v 53.841984 -38.592381 18.585094
v 54.616596 -30.655804 16.486490
v 53.991547 -32.174332 17.480078
v 54.475777 -33.816406 17.118216
v 54.648960 -34.962051 17.031031
v 53.805843 -35.382629 18.178631
v 39.297092 -89.752625 44.397938
v 40.620972 -88.565506 43.507156
v 41.322582 -87.247910 42.942650
v 41.385448 -86.369125 42.902252
v 42.515522 -86.392792 41.800411
v 43.754036 -85.425774 40.513474
v 43.788036 -84.030792 40.483677
v 43.540813 -83.146149 40.650616
v 44.604584 -82.445221 39.442375
v 44.864254 -81.221954 39.283318
v 45.513344 -80.289360 38.369167
v 46.005241 -78.428543 36.537964
v 45.612209 -76.984718 37.029114
v 46.319016 -76.583755 35.559265
v 46.439289 -74.966003 34.446102
v 46.177917 -73.581543 34.126961
v 45.787365 -72.306435 33.918480
v 46.283474 -71.977234 32.420448
v 46.209572 -70.570000 31.759071
v 46.668755 -71.000435 30.728884
v 47.392796 -70.071030 28.802986
v 47.321716 -68.685852 29.492464
v 47.392986 -67.551247 29.415113
v 47.288136 -66.419205 29.660549
v 47.314606 -64.839592 29.546535
v 47.994400 -64.547585 27.991255
v 48.194820 -62.662815 27.439566
v 48.179806 -61.277744 27.425558
v 48.130825 -59.939014 27.395800
v 48.942509 -59.601658 25.925541
v 48.918251 -58.307961 26.027031
v 49.558109 -57.260471 25.036736
v 49.838020 -55.183620 24.560427
v 50.146751 -53.450909 24.064777
v 50.366402 -51.856552 23.741644
v 50.612286 -50.501183 23.389858
v 50.493801 -49.221485 23.355810
v 50.956566 -46.836651 22.702938
v 50.751163 -45.673016 22.832260
v 51.538273 -44.553345 21.968206
v 51.590511 -42.574757 21.634827
v 51.645012 -40.765621 21.326197
v 51.675419 -39.410973 21.119663
v 51.240089 -38.593800 21.397163
v 51.945728 -38.330940 20.662613
v 52.878548 -37.556908 19.601358
v 53.332523 -36.515450 18.952682
v 53.606476 -33.835812 18.205666
v 53.899357 -30.360872 17.336859
v 54.702106 -24.101173 15.904108
v 54.972603 -22.709955 15.657194
v 55.579399 -20.819674 15.216426
v 55.245872 -19.041199 15.891684
v 55.674248 -17.476933 15.754122
v 55.820309 -16.104765 15.848992
v 56.299698 -14.621097 15.662597
v 56.330753 -13.319476 15.795861
v 56.732353 -11.384878 15.689796
v 57.390671 -9.555745 15.567760
v 57.404049 -7.900191 15.751211
v 57.424702 -6.725606 15.850061
v 57.723137 -5.048230 15.793455
v 57.153091 -3.212283 15.938079
v 56.450619 -2.152558 16.105974
v 55.653797 -1.926347 16.301804
v 54.751663 -2.001588 16.284639
v 47.785152 21.070787 12.016051
v 47.559006 22.868011 13.425812
v 47.516109 24.051182 13.874172
v 47.119190 24.773813 14.497519
v 47.692478 27.263039 13.426816
v 47.410820 28.855522 13.833565
v 46.583385 30.337038 14.504487
v 45.624126 30.155170 15.000968
v 44.758820 29.942043 15.400674
v 56.860348 -18.214428 14.392151
v 56.655445 -19.187687 14.343068
v 62.191311 -10.327852 7.400525
v 61.717625 -11.093070 8.371471
v 61.411121 -10.920462 10.037210
v 60.165455 -11.503491 12.143886
v 59.501015 -12.074588 13.038706
v 58.541943 -12.341931 14.189172
v 57.401310 -13.490175 14.947580
v 57.103657 -14.947050 14.903231
v 56.701241 -16.405540 14.985779
v 56.333294 -17.834738 15.055851
v 61.385735 1.679548 0.197245
v 60.714527 2.373684 0.111044
v 62.086697 3.664640 0.081548
v 61.929684 5.572053 0.129636
v 61.879868 7.457866 0.157310
v 60.427490 8.274014 0.523702
v 59.214912 8.344115 0.938906
v 59.442009 9.592565 1.067766
v 58.912937 11.007057 1.812370
v 59.303478 13.057348 2.413953
v 59.087582 13.415060 3.927683
v 58.558636 12.775736 4.463017
v 59.207844 14.021136 6.040702
v 49.793098 33.374638 5.485465
v 50.120171 32.959644 7.449069
v 49.727154 31.632063 7.361860
v 49.741817 31.825432 9.045169
v 49.516083 30.449331 9.073224
v 49.271332 30.713280 10.802803
v 48.562485 30.406898 12.339429
v 48.227783 29.623314 12.876099
v 49.376881 36.876682 3.218783
v 50.296257 35.385525 5.649058
v 46.782711 39.427933 0.649389
v 44.481113 39.418041 0.223430
v 42.849632 39.677094 0.509525
v 41.753922 39.271275 0.731665
v 41.525623 40.905361 1.340987
v 40.623146 40.865730 1.874645
v 40.255535 42.195801 2.802749
v 39.646793 42.539104 4.598395
v 39.276428 41.924610 5.228812
v 39.111019 42.210903 6.722439
v 38.914867 42.051617 7.906063
v 38.613827 41.322571 7.937484
v 38.962730 42.092941 8.879720
v 39.261585 42.050217 10.420288
v 39.582207 41.385571 11.783207
v 39.186012 40.498901 11.706739
v 39.924683 40.873562 12.565460
v 40.557461 34.661007 15.238955
v 41.894718 35.330906 15.214412
v 41.546326 36.798599 14.832477
v 42.579124 37.386066 14.989429
v 43.218548 39.259979 14.841786
v 42.743286 40.884064 14.340820
v 42.162025 42.530811 13.887946
v 41.115814 42.245335 13.369382
v 40.391529 41.661781 12.862722
v 44.847549 31.611881 15.230442
v 44.788025 33.845852 15.211615
v 43.682209 34.704597 15.388188
v 42.942020 34.801937 15.393935
v 18.304317 62.016827 1.097122
v 16.136635 61.226624 0.390874
v 14.067354 60.933605 0.352400
v 11.893803 60.506680 0.550669
v 12.325601 59.268238 0.384168
v 11.273410 58.020451 0.757478
v 11.451500 56.491646 0.452846
v 10.352053 55.449322 1.036131
v 10.485922 53.952770 0.774362
v 9.480387 53.581837 1.524843
v 21.538345 66.408806 5.431163
v 21.984043 64.879974 7.273251
v 21.444279 63.866901 8.880448
v 21.140144 62.342049 9.916825
v 21.275021 61.155697 10.000377
v 20.146273 61.223766 11.440377
v 20.120651 59.259644 11.900594
v 20.281675 57.687431 11.856072
v 21.120773 57.515522 10.977993
v 20.069302 56.443333 12.220517
v 18.922602 56.732986 13.057235
v 16.922371 56.293922 14.254358
v 17.281466 55.006283 14.390903
v 15.943128 55.160439 14.848994
v 14.506723 54.688469 15.255472
v 8.446195 54.911526 4.930994
v 8.215258 54.913494 6.531377
v 8.310137 56.576939 6.666820
v 8.147946 56.629730 8.322093
v 8.151940 56.274261 9.439947
v 8.287842 56.179131 10.649806
v 8.467207 55.987289 11.434315
v 8.763425 55.996929 11.945874
v 13.903429 56.401470 14.851709
v 12.618776 58.245823 14.413305
v 11.132581 58.374329 13.936945
v 9.912699 58.009781 13.045329
v 8.782177 57.176010 11.606223
v 9.164449 55.012272 2.296733
v 8.683528 54.910046 3.384976
v -31.644815 54.871391 1.551365
v -32.847664 55.259819 2.267614
v -33.139668 55.029110 2.824891
v -33.824917 56.449802 3.237651
v -34.108028 56.295918 4.541012
v -34.909519 57.942738 5.068971
v -35.590225 57.758335 7.378388
v -35.355087 56.332977 7.430544
v -34.837143 55.374214 7.359212
v -34.773464 55.610893 8.859961
v -33.887856 55.017899 10.104671
v -33.167076 54.685318 11.028752
v -32.279488 54.602253 11.898110
v -25.915466 56.507015 12.988436
v -27.377651 56.741405 13.072080
v -28.731495 56.562946 13.011619
v -30.701553 56.672062 12.617805
v -32.768551 56.246140 11.623704
v -23.646633 56.461433 11.658246
v -25.553255 57.869980 12.291188
v -22.017685 56.553722 9.724447
v -22.761061 56.466797 10.731148
v -22.071926 57.267395 5.132441
v -24.226580 61.212971 1.879944
v -25.216484 59.626373 0.584317
v -25.155317 57.847645 0.538046
v -24.745600 56.807838 0.524287
v -25.661869 57.028988 0.299040
v -26.754000 56.754635 0.268887
v -27.815414 56.406910 0.364588
v -29.228651 56.805382 0.528030
v -30.452757 56.468098 0.795052
v -32.100777 56.367886 1.370131
v -21.233397 56.913910 7.680692
v -21.247536 56.386070 8.657491
v 36.693890 -98.582733 45.737751
v 36.432438 -99.274574 45.922455
v 35.991016 -97.449997 46.074017
v 37.497112 -97.434975 45.276539
v 38.974777 -96.441063 44.316425
v 38.671719 -95.092216 44.661259
v 38.415493 -93.773582 44.804268
v 38.365242 -92.035858 44.870003
v 37.228794 -91.997627 45.406029
v 38.760906 -90.870895 44.698727
v 45.377998 -92.806992 27.300983
v 45.283108 -93.432602 26.458994
v 45.470955 -95.126137 27.950884
v 45.400139 -96.617561 27.131809
v 45.482468 -98.125565 27.361168
v 45.407585 -99.042870 26.442961
v 46.062698 -84.692627 26.891153
v 45.700909 -85.843338 26.506088
v 45.666431 -87.035507 27.858637
v 45.533554 -89.306953 28.653667
v 45.510395 -91.033440 28.847094
v 45.550491 -92.821709 28.887890
v 47.071556 -80.889633 26.736237
v 46.583588 -82.817772 26.890839
v 51.179626 -58.734936 15.416877
v 50.795155 -59.770458 15.737082
v 51.195484 -59.148911 17.454247
v 50.769035 -60.029305 18.986517
v 50.534481 -60.008991 21.110088
v 50.121948 -61.340691 20.951157
v 49.905010 -61.205704 22.593796
v 49.242836 -61.670425 24.878101
v 49.054924 -63.279369 25.170202
v 49.049900 -64.156433 24.889748
v 48.714951 -64.401176 26.229042
v 48.258827 -65.975426 27.154589
v 48.225975 -67.425743 26.888962
v 48.003811 -68.809135 27.282127
v 48.035862 -69.849434 26.812681
v 47.845490 -71.783234 27.052216
v 47.973553 -73.045555 25.800970
v 47.889496 -74.703064 27.371540
v 47.718651 -76.948914 27.375671
v 47.600330 -78.165237 27.128130
v 47.483250 -79.083847 26.790234
v 53.455997 -40.194584 19.358175
v 53.634342 -41.374817 19.137140
v 53.417282 -42.760944 19.566488
v 53.368385 -44.215031 19.841663
v 53.366184 -45.693211 19.706448
v 53.451172 -46.847744 19.556309
v 52.273300 -47.595554 21.187284
v 52.638901 -49.101849 20.825176
v 52.612576 -50.186432 20.606384
v 52.294189 -51.828197 20.758730
v 52.082069 -53.442879 20.721325
v 51.908077 -55.043537 20.566833
v 51.587505 -56.825787 20.470905
v 51.966290 -56.780750 18.480040
v 52.197998 -56.297813 17.231474
v 52.127834 -56.334736 15.857498
v 51.737869 -57.533161 16.686201
v 52.593739 -39.372246 20.169710
v 39.865673 -91.262741 44.100941
v 41.261845 -90.383369 42.940632
v 41.912064 -88.894310 42.444275
v 41.927151 -87.861130 42.435856
v 43.122055 -88.208046 41.214119
v 44.235416 -86.941444 39.622890
v 44.654030 -85.388222 39.074558
v 44.408676 -84.324547 39.597229
v 45.216202 -83.918869 38.204803
v 45.518490 -82.608688 38.077759
v 45.533169 -81.698425 38.224113
v 46.053181 -81.441048 36.655010
v 46.087856 -79.893059 36.555042
v 46.553829 -79.458229 34.592018
v 46.589664 -77.588394 34.792454
v 46.615871 -76.697357 34.622383
v 46.883350 -75.822609 33.285114
v 46.781059 -73.587563 32.207462
v 46.702778 -72.243423 31.204248
v 47.189190 -72.547844 29.577330
v 47.748650 -68.620628 28.337006
v 47.805225 -67.459969 28.350746
v 47.823055 -66.353661 28.513641
v 48.661972 -63.016933 26.385468
v 48.655079 -61.635284 26.423685
v 49.813465 -59.776196 24.187847
v 49.727379 -58.645939 24.585905
v 50.501034 -58.152328 22.810928
v 50.530258 -56.474545 23.579479
v 50.475082 -55.476685 23.697428
v 51.078201 -53.747257 22.672266
v 51.389999 -51.728737 22.400257
v 51.292187 -50.501114 22.580263
v 51.367584 -49.406246 22.463026
v 51.991962 -45.736656 21.548012
v 52.532356 -44.186348 20.914040
v 52.654552 -42.350494 20.466421
v 52.418182 -41.007851 20.588240
v 56.081448 -19.075872 15.068264
v 57.488522 -12.173179 15.124906
v 58.578835 -10.524925 14.585039
v 59.330875 -8.247218 14.737067
v 58.741310 -7.524168 15.248082
v 58.973503 -5.822484 15.333868
v 59.487408 -3.536258 15.329769
v 58.295513 -3.513786 15.683155
v 58.681931 -1.916279 15.571762
v 57.289688 -0.781608 15.921398
v 56.120731 -1.027255 16.258627
v 55.285866 -0.960912 16.634211
v 47.601654 31.237293 13.749266
v 46.377865 31.697657 14.508916
v 63.030880 -8.368654 8.040378
v 62.194778 -9.704652 9.037846
v 62.134792 -9.196855 10.635481
v 61.216740 -9.714286 12.078446
v 60.560337 -10.276418 12.637709
v 59.792576 -10.196634 13.609786
v 63.267254 2.828309 0.306787
v 63.931129 4.649475 0.172543
v 63.714462 5.930471 0.015892
v 63.402069 7.371139 0.011050
v 62.770126 8.459235 0.100885
v 62.050709 9.710252 0.304676
v 60.584721 9.759806 0.672285
v 60.597370 11.257856 0.909419
v 60.509491 13.054678 1.476656
v 60.582275 14.654275 2.212628
v 59.988255 14.638751 3.519590
v 59.743397 14.564381 4.648331
v 60.739098 16.113487 5.208641
v 60.708839 15.993227 7.698290
v 50.520370 34.475994 7.160409
v 50.588013 34.481197 9.050300
v 50.127949 33.198357 9.029117
v 49.845009 33.503349 10.651351
v 49.539158 32.028683 10.639027
v 49.130924 32.327023 11.936447
v 48.580902 31.547297 12.720142
v 50.065292 39.448437 3.166108
v 50.719181 37.812969 4.793613
v 50.440033 36.691975 5.104586
v 51.008221 37.027390 6.836353
v 50.944740 35.984051 8.357295
v 47.608158 42.284901 0.783582
v 44.868298 41.362099 0.312423
v 43.189587 40.767277 0.628186
v 42.501392 42.545853 1.050915
v 41.273373 42.389610 1.842524
v 41.360077 43.829556 2.294257
v 40.475407 44.258881 3.627732
v 40.093761 43.892181 4.912150
v 39.632412 43.347847 6.154624
v 39.470364 43.336689 7.227603
v 39.487389 43.492538 8.431681
v 39.085342 42.552917 8.442101
v 39.817654 43.692005 10.237897
v 40.242088 43.450012 11.657336
v 40.844219 43.067638 12.832051
v 43.519501 36.219643 15.270522
v 43.867363 38.084129 15.145320
v 44.973938 39.859287 14.967917
v 43.850208 40.528900 14.715242
v 44.569256 41.966667 14.472407
v 43.419182 42.650497 14.245738
v 43.365643 44.002445 14.025488
v 42.392975 43.861221 13.776731
v 41.643070 43.252941 13.536336
v 46.519855 33.574375 14.417009
v 45.521114 35.223255 14.923381
v 44.484360 35.679062 15.321123
v 18.264038 63.792828 0.798896
v 16.151482 62.808769 0.351387
v 14.164918 62.597786 0.461034
v 12.233491 62.416138 0.749794
v 10.697745 62.065605 1.292553
v 10.196415 60.655910 1.616826
v 10.066474 59.234631 1.598139
v 9.644378 57.750610 1.913721
v 9.759805 56.543266 1.783023
v 21.107853 68.655602 3.561972
v 21.960127 68.576073 5.743217
v 22.112020 68.294167 7.263634
v 21.986675 66.887474 7.176267
v 21.966681 66.153633 7.191395
v 21.757732 66.244652 8.457207
v 20.816599 65.239876 10.212252
v 21.047710 64.110184 10.030590
v 20.683174 63.342339 10.821495
v 19.768181 62.867493 11.669035
v 18.770565 62.441689 12.442250
v 18.859411 60.913181 12.656183
v 19.049206 59.694450 12.726483
v 19.188013 58.365971 12.756452
v 17.245304 58.537270 13.878574
v 15.167917 57.564632 14.645319
v 15.403134 56.378677 14.829807
v 8.937567 56.522671 3.359373
v 8.586835 56.575413 4.987235
v 8.690175 58.309818 4.994951
v 8.314150 58.618317 7.272691
v 8.197148 57.703526 8.083584
v 8.184239 57.651077 9.248431
v 8.306415 57.266285 10.299969
v 13.828297 57.956169 14.661169
v 14.183668 59.601650 14.311266
v 12.537730 59.560379 14.322178
v 11.504541 59.589306 14.198798
v 10.249679 59.771332 13.492598
v 9.555368 59.509335 12.857063
v 9.017147 59.322823 12.013903
v 8.400906 58.956238 10.400781
v -33.084877 56.224648 2.052963
v -33.752838 57.967831 2.158918
v -34.453674 58.004665 3.443755
v -35.021748 59.617764 3.586943
v -35.554474 59.811787 5.556866
v -36.040207 59.502705 7.139383
v -35.632694 59.213573 9.022447
v -35.366943 57.705456 9.063696
v -35.330685 56.805553 8.539106
v -34.820759 56.749657 9.760247
v -34.004585 56.305740 10.622263
v -27.355000 57.969727 12.755002
v -28.680937 57.770535 12.794672
v -30.447947 58.215218 12.427233
v -31.483816 58.055370 12.076869
v -32.443073 58.003696 11.724644
v -33.663761 58.162170 11.057875
v -34.492321 57.700401 10.316214
v -23.513823 58.071724 10.535982
v -24.458811 57.998409 11.489178
v -25.209564 59.575779 11.242903
v -26.553993 59.755520 11.954487
v -27.692612 59.467407 12.229430
v -22.042259 58.235828 8.562383
v -22.672983 58.151138 9.527409
v -23.705280 63.295540 5.039766
v -24.761316 64.174873 1.834821
v -26.116928 63.462952 0.597828
v -25.054218 62.344761 0.860563
v -25.259918 61.609432 0.540646
v -26.491096 60.700905 0.192478
v -26.133656 59.678856 0.274997
v -26.863873 58.688156 0.238305
v -28.957680 57.966431 0.365376
v -30.999762 57.991119 0.711692
v -32.356308 57.727547 1.167358
v -22.346771 59.933239 7.567332
v -21.721291 58.432991 7.826984
v 37.629261 -99.209190 45.292603
v 37.660912 -98.455498 45.220737
v 38.854668 -98.378487 44.406525
v 40.755219 -97.779037 42.941277
v 40.699551 -95.506348 43.106953
v 39.536308 -95.314217 44.021748
v 39.834908 -94.163628 43.903515
v 39.683975 -92.664749 44.203880
v 45.530991 -93.891136 28.491568
v 45.653362 -94.883057 29.678135
v 45.683456 -96.555397 29.626970
v 45.645432 -97.739342 28.941786
v 45.668865 -99.126663 28.564114
v 46.763885 -83.272331 29.175205
v 46.331177 -85.131866 29.076283
v 46.009781 -85.967979 28.531616
v 45.896252 -87.074226 30.252485
v 45.679649 -89.160484 30.616974
v 45.660488 -91.316551 31.075504
v 45.700798 -92.814545 30.642820
v 45.684322 -93.902306 30.270103
v 47.434368 -79.342834 28.716009
v 47.149445 -81.246765 28.813913
v 51.591339 -57.783009 18.749880
v 51.197430 -58.515057 20.270960
v 50.206783 -59.748558 22.723009
v 47.640625 -73.564323 28.320988
v 47.602715 -75.184868 29.530428
v 47.689705 -76.542252 28.666891
v 47.590309 -77.738258 28.821577
v 52.701725 -45.482578 20.690489
v 51.977863 -49.335075 21.737909
v 52.021015 -50.183262 21.625540
v 51.195240 -55.092453 22.340948
v 51.136574 -56.384258 22.330397
v 40.859531 -92.688385 43.196178
v 42.272045 -91.994095 41.915466
v 42.556671 -90.507271 41.828136
v 42.518364 -89.504601 41.903828
v 43.514637 -89.813766 40.711643
v 44.540257 -88.736092 38.592880
v 45.120663 -87.095001 37.531002
v 45.494930 -85.360779 37.151546
v 45.825722 -83.946579 36.910362
v 45.881561 -83.059082 37.046612
v 46.413559 -83.180809 35.255104
v 46.510933 -81.347260 34.873047
v 46.844891 -81.292839 33.013420
v 46.951618 -79.426651 32.696571
v 46.945408 -78.265587 32.814266
v 46.848640 -77.408791 33.376850
v 47.230938 -76.694794 31.660645
v 47.260868 -75.359261 31.806276
v 47.486832 -74.236031 30.744455
v 60.560169 -8.671838 13.585339
v 60.602669 -7.201757 14.192226
v 60.584198 -6.002752 14.575250
v 61.141445 -3.968965 14.655027
v 61.275333 -2.032203 14.838654
v 59.926376 -2.047246 15.260570
v 60.109028 -0.420358 15.181349
v 58.390530 0.557772 15.408405
v 56.803200 0.805403 15.651239
v 48.239548 33.061352 13.264443
v 64.197166 -6.128470 7.324334
v 63.521339 -7.027495 9.679145
v 62.876911 -8.186396 9.820380
v 62.746315 -7.948298 11.160819
v 62.079620 -8.407593 11.943973
v 61.509636 -8.730733 12.525891
v 65.568100 4.549917 0.604735
v 65.007957 6.337503 0.157550
v 64.916580 8.605681 0.013823
v 63.508091 9.273031 0.072337
v 64.066711 11.222935 0.223947
v 62.261066 11.390582 0.508884
v 62.484516 13.262046 0.706583
v 61.721424 15.017978 1.345235
v 61.504974 16.315647 2.165443
v 60.854469 15.904289 3.308472
v 61.844475 17.706469 3.970136
v 61.828358 17.821035 5.535478
v 61.926838 17.823784 7.206444
v 50.743732 36.078407 10.300736
v 50.506390 34.822861 10.368492
v 50.050251 35.326801 11.465174
v 49.184586 34.292835 12.396944
v 49.307560 33.338886 11.892397
v 48.995941 33.245556 12.423205
v 50.836525 41.438614 3.815180
v 51.130825 39.124886 5.353993
v 51.153030 38.075218 6.172206
v 51.527863 38.557713 7.707377
v 51.097500 37.907803 9.843068
v 48.471710 45.253834 0.795704
v 47.421371 43.939564 0.473739
v 46.110596 44.119278 0.475070
v 45.720993 42.642544 0.334915
v 44.409916 42.904240 0.451364
v 43.637558 44.373386 0.943325
v 42.331074 44.085674 1.509143
v 42.232533 45.653656 2.024399
v 41.100140 45.660187 3.529518
v 40.595745 45.578773 5.225565
v 40.193314 45.191902 6.763374
v 39.774677 44.226742 7.458723
v 40.243698 45.677345 8.537910
v 40.377033 45.457417 10.070706
v 40.913277 45.474060 11.577009
v 41.391396 44.836746 12.623256
v 41.947952 44.355274 13.362781
v 45.182034 37.215248 15.020428
v 46.626369 38.352013 14.500942
v 46.873928 39.987354 14.360425
v 46.575104 41.257431 14.373135
v 45.507736 41.434719 14.570451
v 46.157749 42.621826 14.293883
v 45.630077 43.903919 14.179648
v 44.402111 43.714069 14.209407
v 43.027264 45.001373 13.716770
v 47.834030 34.887466 13.723408
v 46.983162 34.759304 14.253215
v 46.453789 35.675819 14.545540
v 17.738350 65.327492 0.312623
v 16.161676 64.083282 0.220060
v 14.232885 64.101028 0.394291
v 12.248900 64.089394 0.865021
v 10.358010 63.696167 1.770566
v 9.732110 62.285088 2.303197
v 9.527160 61.073189 2.664830
v 9.207021 59.614166 3.021646
v 9.144079 58.261002 2.912463
v 19.480608 68.448082 0.360683
v 20.253632 70.645660 0.810009
v 22.119545 72.863411 4.602534
v 22.171148 70.886871 5.345587
v 22.129702 70.101936 6.443204
v 21.871635 69.877861 8.012491
v 21.825476 68.647079 8.437530
v 21.745232 67.694427 8.546880
v 20.863935 67.681450 9.765199
v 19.794825 66.570404 11.165007
v 20.086994 65.295143 11.069073
v 20.273121 64.582497 11.019202
v 19.329468 64.573845 11.769269
v 17.481224 63.952229 12.967137
v 17.558065 62.357796 13.223202
v 17.938217 61.205475 13.215135
v 18.101578 60.048210 13.306208
v 17.170012 60.140072 13.833841
v 16.077894 59.792675 14.081569
v 8.791275 60.468792 4.680286
v 8.388756 60.179817 6.785408
v 8.230857 59.933540 8.095933
v 8.216881 58.965481 8.771385
v 15.584497 61.126602 14.028129
v 13.898884 61.431870 14.233929
v 13.087608 61.079243 14.248205
v 12.036668 60.831642 14.238904
v 10.798555 60.741116 13.843450
v 9.980970 61.208698 13.276332
v 9.300000 60.829170 12.563535
v 8.632903 61.257126 11.156144
v 8.247758 60.831352 9.301349
v -33.180275 59.584698 1.164882
v -34.539562 59.585480 2.043581
v -35.017483 61.220158 2.220732
v -35.601254 61.372158 3.908177
v -35.671833 61.191376 5.590506
v -36.184250 61.083332 7.197055
v -36.004574 60.748428 8.630993
v -34.807060 60.782539 9.912252
v -34.724831 59.209522 10.321965
v -29.511435 59.365234 12.339077
v -31.325710 59.779125 12.009809
v -32.244522 59.352695 11.685223
v -33.579475 59.442223 10.950217
v -23.226971 59.728851 9.193170
v -24.207125 59.638954 10.326290
v -24.937962 61.156086 10.140863
v -25.873962 61.032375 10.974230
v -26.742437 60.998287 11.489615
v -27.777861 60.729691 11.827308
v -29.423819 61.061024 11.847570
v -22.504076 59.446571 8.414135
v -25.039024 66.010315 2.352994
v -24.432165 65.830605 5.270939
v -24.760056 65.296585 6.771468
v -24.067896 63.613190 7.370996
v -23.004818 62.397610 6.921237
v -26.572535 65.645599 0.949036
v -28.551004 65.167320 0.257056
v -28.243996 63.466949 0.201812
v -27.506948 62.216282 0.191208
v -26.263586 62.102905 0.295906
v -28.139587 60.902302 0.157371
v -27.732407 60.013458 0.172154
v -29.350405 59.885918 0.240210
v -31.238646 59.385609 0.467746
v -22.513391 60.795181 6.240376
v -23.487619 62.037670 8.058503
v -23.201468 60.929443 8.426889
v 39.012611 -99.274239 44.397072
v 40.417255 -99.213081 43.275524
v 41.959309 -99.095100 41.495514
v 42.067307 -97.866585 41.563824
v 41.984161 -96.183151 41.923832
v 41.561180 -95.378967 42.414944
v 41.924812 -94.344803 42.114971
v 40.844875 -94.166000 43.100178
v 45.706158 -95.180969 31.421225
v 45.732937 -96.306114 30.574615
v 45.754532 -97.699089 31.222008
v 45.824314 -99.112152 30.625443
v 47.130180 -81.332176 30.477037
v 46.946404 -82.993446 31.656834
v 46.540352 -84.851341 31.556673
v 46.141624 -85.649155 30.614639
v 45.914871 -87.144463 32.479313
v 45.715553 -89.024010 32.591442
v 45.603279 -91.203415 33.133202
v 45.641113 -92.857765 32.974583
v 45.699295 -93.497810 32.226368
v 47.426476 -77.876915 30.328398
v 47.174397 -79.654701 31.214340
v 47.449669 -75.308662 30.848639
v 43.110390 -93.106087 40.848118
v 43.078548 -91.893059 41.075211
v 43.066513 -91.063622 41.197472
v 43.728863 -91.427505 40.284275
v 44.374870 -90.772217 38.803169
v 45.140392 -90.192207 36.619843
v 45.142582 -88.853508 36.840557
v 45.365437 -87.489296 36.164715
v 45.779621 -85.932320 35.540684
v 46.159145 -84.748665 35.290070
v 46.490501 -84.399651 33.586720
v 46.743774 -82.967690 33.321724
v 47.161411 -78.422005 31.799543
v 61.982506 -7.384176 12.958938
v 61.915089 -6.055906 13.638703
v 62.391964 -4.135283 13.739418
v 62.671124 -2.266544 14.028790
v 62.737549 -0.518959 14.407947
v 61.449078 -0.535159 14.858006
v 61.371178 1.162413 14.890843
v 59.496155 2.208848 15.058027
v 57.838230 2.486515 14.872316
v 65.092400 -4.304714 8.085184
v 64.332664 -5.421511 9.676365
v 63.825813 -5.934309 11.204182
v 63.336613 -6.978698 11.039045
v 62.964149 -6.875051 12.114546
v 67.997765 6.036070 1.302694
v 66.502235 7.608372 0.354683
v 66.598877 9.911204 0.125781
v 65.467239 10.357963 0.007212
v 66.228249 11.653638 0.046438
v 65.646599 13.417003 0.169909
v 64.122025 13.192892 0.349389
v 64.338516 14.893050 0.473114
v 63.041092 16.068241 1.204502
v 62.394642 17.166847 2.013224
v 62.049580 17.557938 2.716348
v 62.871674 18.933002 3.177201
v 62.888943 19.249784 4.390350
v 62.975101 19.439959 5.992476
v 50.633156 37.445580 11.379347
v 50.379715 36.441158 11.371809
v 49.778946 36.937176 12.326810
v 48.799309 35.998539 13.034902
v 52.030586 44.154278 4.799083
v 51.922718 41.273438 5.664931
v 51.662025 39.843750 6.338120
v 52.035938 40.027271 8.226606
v 51.623348 39.620396 9.949017
v 50.802540 39.837215 11.465729
v 50.292034 38.832310 12.086587
v 49.847370 49.255890 0.695648
v 48.059143 47.755486 0.225268
v 46.688587 46.850853 0.362194
v 46.632919 45.581062 0.359181
v 45.005062 45.932262 0.787434
v 43.482075 45.775272 1.261953
v 43.435741 47.315178 1.749443
v 42.333542 47.183533 2.568664
v 41.698029 47.204834 3.527305
v 41.193043 47.373840 5.400483
v 40.716785 46.959473 6.973824
v 40.481846 46.539745 7.864024
v 40.742386 47.500237 8.862672
v 40.857471 47.223427 10.066319
v 41.190559 47.058224 11.261180
v 41.654160 47.061878 12.105764
v 42.052967 46.561092 12.607444
v 42.637676 45.910057 13.239305
v 47.211311 36.679779 14.139405
v 48.427189 37.775963 13.578213
v 48.099491 39.471786 13.820999
v 48.170074 41.249157 13.730103
v 47.642113 42.651756 13.914627
v 47.322357 44.367695 13.918732
v 46.334934 45.744686 13.883045
v 45.152649 44.859844 14.077378
v 43.955307 45.283096 13.923722
v 44.024876 46.439739 13.649410
v 17.523581 66.635048 -0.110198
v 15.440729 66.334412 -0.010753
v 14.587266 65.417816 0.130308
v 12.306315 65.650368 0.662695
v 10.453760 65.796471 1.713792
v 9.425561 65.168083 2.689061
v 9.323353 63.845062 2.973707
v 9.295912 62.701065 3.201213
v 9.025253 61.492733 3.464133
v 18.545464 69.943604 -0.074456
v 18.761503 68.834122 -0.049672
v 17.682384 68.214340 -0.175769
v 20.323544 72.780190 0.866445
v 18.388412 71.849243 -0.012691
v 22.493114 76.989029 4.919973
v 22.348097 75.012695 6.802886
v 22.462378 73.179192 6.853378
v 22.414370 71.860497 6.498206
v 21.817131 71.755035 8.172236
v 21.157888 70.248741 9.233973
v 21.243828 69.199463 9.188250
v 20.159994 69.440483 10.507188
v 19.153708 68.219551 11.464387
v 18.732943 66.946205 11.835705
v 18.928640 66.076004 11.820839
v 17.748652 66.045013 12.434280
v 15.526338 65.297501 13.398662
v 15.965124 63.768837 13.556182
v 16.340511 62.628990 13.628833
v 16.954870 61.462082 13.618460
v 8.833536 62.178177 4.835210
v 8.490322 61.615685 6.455362
v 8.278229 61.423145 7.447778
v 8.213851 61.054874 8.042764
v 14.377670 63.113609 13.993391
v 12.418363 62.400242 13.933125
v 10.665582 62.156860 13.466120
v 9.442968 62.359734 12.601796
v 8.922943 62.136074 11.970815
v 8.334525 62.575245 10.013218
v 8.996423 63.901714 11.379141
v 8.320874 62.942326 8.143409
v -31.596773 61.360867 0.499609
v -33.724731 61.507553 1.086592
v -34.877132 62.943157 1.440904
v -35.698181 62.919243 2.673754
v -35.836666 62.724022 4.313987
v -35.916180 62.669941 6.037459
v -35.539642 62.620487 7.627211
v -35.445805 62.257610 9.047242
v -33.247192 60.999199 10.840533
v -33.912876 63.016163 9.999823
v -31.132725 61.232162 11.621278
v -32.168564 60.782585 11.451287
v -23.917448 61.389866 9.003436
v -24.863899 62.942970 9.093694
v -25.725119 62.531902 10.038883
v -26.637289 62.310944 10.750891
v -28.431726 62.251514 11.241160
v -30.163418 62.504929 11.224634
v -30.429756 61.682827 11.499264
v -26.957150 67.571327 0.974296
v -26.009602 68.788155 2.181822
v -25.210016 67.406090 5.093249
v -24.893002 66.591599 6.173651
v -25.933161 66.831871 7.177884
v -25.689289 65.534035 7.872982
v -25.084763 64.454369 8.045314
v -28.659607 67.147469 0.446216
v -30.491360 66.590706 0.198628
v -30.354214 65.091660 0.182769
v -30.084122 64.244957 0.213978
v -29.945257 63.232262 0.255553
v -29.410679 61.673409 0.200403
v 42.983429 -98.227837 40.278755
v 43.833939 -99.238045 38.777134
v 42.941570 -96.651283 40.471439
v 43.058193 -94.916046 40.589439
v 42.369728 -95.212875 41.572773
v 45.516212 -95.208122 33.547924
v 45.667999 -96.615829 32.424423
v 45.580650 -97.925568 33.491447
v 45.766808 -99.123962 32.693596
v 45.955132 -86.250153 33.741425
v 45.603069 -87.895180 34.692150
v 45.585747 -88.988640 34.510609
v 45.549561 -90.385742 34.548759
v 45.335983 -92.307510 35.581059
v 45.471626 -93.396667 34.390991
v 43.610680 -93.490005 39.916290
v 43.679935 -92.642365 40.013855
v 44.146675 -92.587379 39.024879
v 44.834892 -91.978752 37.450314
v 45.411663 -89.057251 35.926476
v 62.955124 -6.006105 12.611331
v 63.804043 -4.378656 12.245503
v 63.902073 -2.411130 12.944995
v 64.064705 -0.414718 13.544574
v 63.480225 0.766885 14.180846
v 62.638340 0.873359 14.537588
v 62.553658 2.311011 14.555688
v 61.484192 2.402412 14.827599
v 60.711506 3.736951 14.867307
v 58.947102 3.956453 14.844607
v 65.966881 -2.547759 7.784251
v 65.281586 -3.433608 9.462370
v 64.777725 -4.073221 10.243755
v 68.508972 9.219936 0.616100
v 67.801704 11.288811 0.210491
v 67.704788 13.099918 0.133615
v 67.158096 15.036444 0.118945
v 65.732544 14.893049 0.229290
v 65.595680 16.415316 0.405867
v 64.125183 17.113806 1.004419
v 63.503597 18.753685 2.023549
v 64.134819 20.977690 3.052334
v 63.978264 20.850763 4.614679
v 64.696472 14.692222 12.691752
v 50.130180 37.858418 12.167454
v 49.589268 38.094593 12.736845
v 52.637596 46.596878 4.700867
v 53.049938 45.130520 7.379780
v 52.699982 43.734146 6.905176
v 52.438148 42.630062 6.878695
v 52.222485 42.290459 5.917955
v 52.206833 41.302837 6.671727
v 52.371292 41.583076 8.568289
v 51.976166 40.947334 9.885987
v 51.179253 41.273647 11.233296
v 50.347698 40.995037 12.146215
v 49.473289 40.465042 13.015657
v 49.185204 38.984661 13.158518
v 51.861855 50.130310 1.633146
v 50.148937 52.034683 0.185822
v 48.436268 51.349014 0.102544
v 47.888596 49.885422 0.287499
v 48.073025 49.021652 0.297201
v 46.408733 48.844063 0.541799
v 45.135021 47.552460 0.875031
v 44.344154 48.922276 1.443050
v 43.062431 49.032654 2.239739
v 42.294357 48.594635 3.259506
v 41.744610 48.765579 5.067893
v 41.450527 48.735317 6.177593
v 41.194256 48.588268 7.227949
v 40.894859 48.037643 8.120597
v 40.677197 47.276939 7.991591
v 41.094570 48.826721 9.058301
v 41.216843 48.765709 10.059309
v 41.602009 48.745811 11.290518
v 41.954567 48.243855 12.126929
v 42.354191 47.821236 12.621982
v 43.556911 48.109699 13.146687
v 49.903366 42.314793 12.643979
v 48.645866 42.536369 13.486263
v 48.913334 43.892487 13.406127
v 48.707031 45.851536 13.295239
v 47.514469 45.755405 13.714704
v 47.516983 46.922535 13.585324
v 46.480721 46.917240 13.720120
v 45.990993 46.720829 13.780833
v 45.108047 46.023148 13.892270
v 44.373142 44.804306 14.072845
v 46.053268 48.077530 13.556355
v 15.543929 67.705452 -0.047832
v 13.707876 67.672729 0.203400
v 12.504408 67.099525 0.520988
v 10.632388 67.059265 1.192924
v 9.789588 67.465591 2.195759
v 9.163803 66.883667 3.336222
v 9.073278 65.447960 3.894904
v 9.056197 64.321823 3.965593
v 9.030445 63.253147 4.058773
v 16.626162 71.242630 -0.174931
v 17.078487 69.792931 -0.200104
v 15.057168 69.563744 -0.024389
v 19.932781 74.633034 0.850995
v 17.748293 73.507950 0.086283
v 15.785205 72.804359 -0.090532
v 22.243374 79.125725 4.245798
v 22.420576 79.300011 6.665604
v 22.509878 77.789497 7.056699
v 22.581554 76.686760 6.879105
v 21.639292 76.137688 8.224521
v 21.986851 74.632675 8.003367
v 22.096655 73.647072 7.791130
v 21.225809 73.410629 9.008856
v 21.198702 72.070648 9.154130
v 20.376644 71.203140 10.189177
v 19.217081 70.458893 11.171509
v 18.255491 69.833115 11.947795
v 17.739412 68.566109 12.322493
v 17.925274 67.522690 12.224550
v 16.080980 67.709610 12.892373
v 13.841324 66.828217 13.439317
v 13.610964 65.454178 13.627537
v 13.941021 64.585068 13.756164
v 8.804351 63.535694 5.170902
v 8.595140 62.831333 6.320041
v 12.608027 64.325348 13.587343
v 11.132596 63.585224 13.342677
v 9.993273 63.522717 12.733257
v 8.385359 63.790081 9.770929
v 8.567189 65.664925 9.504656
v 9.112172 66.073288 11.103814
v 9.806584 65.964981 11.976890
v 10.871206 65.191727 12.807429
v 8.625112 64.239990 6.375418
v 8.528687 65.543022 7.386207
v -31.678667 63.421200 0.317052
v -33.308388 62.642841 0.681369
v -33.697140 64.504585 0.810711
v -35.580212 64.613274 1.902516
v -35.761776 64.037811 2.978650
v -36.106518 64.384888 5.084621
v -36.261307 63.945454 6.511139
v -36.020504 64.130234 8.254263
v -34.803413 63.990505 9.158696
v -32.423534 62.466671 10.895585
v -32.610996 64.567192 10.167898
v -33.946850 65.781425 9.558075
v -31.177879 62.351612 11.189953
v -31.742689 62.263695 11.166236
v -26.225582 64.786865 8.930991
v -26.523085 63.627808 9.924489
v -28.200155 64.010345 10.393313
v -29.949989 63.890629 10.719748
v -31.520206 63.613777 10.752151
v -27.534250 69.169518 1.043416
v -29.070150 68.843147 0.699140
v -27.304279 70.422554 1.758405
v -26.241659 70.073395 2.286888
v -26.429455 70.364975 4.723535
v -25.607746 68.860390 5.018179
v -26.626556 68.792709 6.584760
v -27.378843 67.628464 8.107319
v -26.643152 66.959770 8.059901
v -26.555264 66.255058 8.311822
v -31.362278 68.392075 0.404166
v -32.382347 67.028419 0.382653
v -32.436546 65.868469 0.418018
v -31.755543 64.917198 0.290909
v 43.844872 -98.119064 38.925976
v 43.684204 -96.956741 39.174164
v 43.783962 -95.393219 39.133610
v 43.917206 -94.064163 39.189629
v 45.061649 -94.941170 35.896027
v 45.172546 -96.954971 35.293159
v 45.192677 -98.401749 35.382587
v 45.399586 -99.183861 34.730431
v 44.598682 -93.868874 37.630508
v 65.076859 -2.562673 11.435924
v 65.115753 -0.762940 12.369121
v 65.206200 0.850889 12.924125
v 64.251396 1.861605 13.753661
v 63.475098 3.988201 14.223237
v 62.067928 3.921552 14.608821
v 61.685032 5.534134 14.611428
v 60.614483 5.135391 14.842874
v 59.770542 5.812487 14.760417
v 67.160172 -0.631152 7.322460
v 66.252571 -2.059392 7.711405
v 66.295692 -1.726694 8.755026
v 65.760101 -2.272658 9.833193
v 70.107170 11.790571 0.661560
v 69.465004 14.869432 0.194509
v 68.125237 16.513605 0.081599
v 67.001274 16.408667 0.137697
v 66.549858 18.012218 0.354615
v 64.732063 18.749708 1.181168
v 64.635094 20.686689 1.862777
v 65.462212 22.418245 2.296399
v 65.173645 22.674934 3.396146
v 64.984444 22.342167 4.290537
v 65.753235 23.256603 5.849665
v 63.991184 12.801809 13.071999
v 66.454384 13.793554 12.912899
v 65.813576 15.135261 12.641765
v 65.204483 16.221001 12.146661
v 67.044853 16.015100 12.483372
v 53.366341 48.068592 5.512658
v 53.269695 46.937805 7.112068
v 53.230415 46.783504 9.105382
v 53.001778 45.106670 9.337971
v 52.849274 44.055992 8.906540
v 52.768047 43.111378 8.395572
v 52.144119 42.880493 10.316632
v 51.115891 42.559696 11.585850
v 53.587738 49.407234 4.077633
v 53.809757 51.032700 3.492565
v 51.607113 54.080009 0.538680
v 50.022198 53.260715 0.158653
v 48.183014 53.331711 0.217629
v 46.682137 51.641102 0.395831
v 46.663925 50.441051 0.388587
v 44.892635 50.543137 1.171431
v 43.557167 50.450428 2.316154
v 42.694923 50.372871 3.556968
v 42.201744 50.347980 5.178981
v 41.732964 50.137486 6.962899
v 41.421047 49.771378 8.372967
v 41.142212 48.955704 8.379730
v 41.260269 49.444672 8.929297
v 41.528339 50.112801 9.704721
v 41.745438 49.998409 10.948279
v 42.125439 50.071545 11.736813
v 42.431709 49.605221 12.243791
v 42.758400 48.922211 12.682521
v 45.231098 50.159393 13.287624
v 43.661121 50.587029 12.752911
v 51.120327 43.865162 11.705829
v 50.088734 43.867138 12.612476
v 50.410259 45.368107 12.371151
v 50.333195 47.482944 12.588704
v 48.816212 47.195946 13.208849
v 48.586800 48.501808 13.230861
v 47.758678 50.244568 13.250016
v 46.422523 50.145130 13.378921
v 13.457019 68.794174 0.294501
v 11.637451 68.850616 0.801047
v 10.174590 68.606377 1.781788
v 9.302278 68.580002 3.370350
v 8.963955 67.945450 4.743957
v 8.941515 66.819984 4.803951
v 8.959277 66.001572 4.561528
v 8.863711 64.886070 4.985838
v 14.899890 71.646431 -0.029952
v 14.996849 70.859955 -0.046228
v 13.443913 70.988754 0.192458
v 11.663080 70.394112 0.776139
v 19.187006 76.257408 0.396267
v 16.974001 75.129028 0.082007
v 14.839086 74.395851 0.020643
v 13.672923 73.154320 0.158113
v 13.683827 72.149307 0.130907
v 21.542248 80.447281 1.516463
v 22.460299 82.082901 5.081799
v 22.535480 80.716202 6.293718
v 21.816580 80.789993 7.360644
v 22.104467 79.632027 7.485825
v 21.743881 78.684097 7.952715
v 20.337650 77.721466 9.229028
v 20.439034 75.883438 9.532068
v 20.912489 74.896057 9.196521
v 20.255260 74.024651 9.972368
v 20.336922 72.612602 10.113679
v 19.028540 72.659248 10.984066
v 17.989803 71.436066 11.725863
v 16.197479 70.383408 12.591605
v 16.770864 69.130013 12.630399
v 15.482253 69.025139 13.013580
v 13.341157 69.042030 13.025898
v 12.245110 66.836761 13.105638
v 12.552055 65.759277 13.360731
v 8.518044 67.593224 7.880679
v 8.686337 68.061447 9.661608
v 9.150702 67.467323 10.813279
v 9.917786 67.318130 11.836612
v 11.073637 67.166641 12.596737
v 8.776795 65.947380 5.773156
v 8.663937 66.914291 6.546851
v -33.941666 66.306923 0.683097
v -35.427929 65.926407 1.576430
v -36.013206 66.073753 3.173467
v -36.153599 65.563400 4.459406
v -36.279736 65.894516 6.610367
v -36.214783 65.373856 7.885978
v -35.086594 65.439552 9.000471
v -31.853643 62.750637 10.887540
v -31.346958 65.446304 10.312099
v -32.346676 66.978119 9.737826
v -33.812347 67.713676 9.544114
v -34.835381 67.529854 8.799974
v -35.712528 66.754623 8.201868
v -27.608221 66.192879 9.104768
v -27.458569 64.811546 9.718292
v -28.657633 65.748863 9.848319
v -29.717354 65.289871 10.247054
v -29.203175 70.429642 1.056710
v -31.134060 70.246437 0.869145
v -27.602255 71.985992 2.195036
v -29.342436 71.983047 1.434341
v -26.518661 72.187057 5.526664
v -27.331656 71.404839 6.692407
v -27.091297 70.217346 6.551442
v -28.200720 70.062325 7.634529
v -27.596651 68.832832 7.645776
v -28.101131 68.794518 8.073292
v -29.111805 68.608414 8.773415
v -28.217352 67.362793 8.893555
v -33.275379 69.875328 0.797756
v -32.807808 68.747742 0.494621
v -33.824257 67.978729 0.676956
v 44.416088 -98.288124 37.845276
v 44.219364 -97.256012 38.184044
v 44.366417 -95.891045 37.829533
v 44.691071 -96.927444 36.956612
v 44.884869 -98.053665 36.510448
v 44.808960 -99.137962 36.770401
v 66.290985 -0.484045 10.802119
v 65.889442 0.419748 12.233062
v 66.296791 1.952149 12.257834
v 65.276871 2.055206 13.140651
v 65.224777 3.512858 13.435002
v 64.479759 5.356275 13.813099
v 63.333252 5.458683 14.249494
v 63.333527 6.963907 14.122234
v 61.688686 7.166501 14.343578
v 60.850147 6.738216 14.515166
v 60.400112 8.104357 14.065092
v 68.532471 1.435641 6.898714
v 68.078293 1.054457 8.291039
v 67.505875 0.609035 9.491666
v 66.831238 -0.654931 9.034765
v 72.084984 13.849117 0.814981
v 71.464920 16.450228 0.249233
v 69.292923 17.355827 0.116075
v 68.076736 17.751162 0.153642
v 67.856094 19.265444 0.437422
v 66.615219 19.218582 0.657371
v 65.847855 20.214649 1.140835
v 66.892891 22.034252 1.192891
v 66.934158 23.959196 1.913849
v 66.346405 24.141006 3.272388
v 65.879387 23.574684 4.378547
v 67.111145 25.314310 5.023630
v 67.075264 24.883703 6.726245
v 69.602661 23.000181 10.504455
v 69.170921 24.313334 9.796728
v 67.795738 18.066072 11.924785
v 68.293037 20.110514 11.247841
v 63.013649 10.973890 13.480859
v 64.603416 11.090565 13.387593
v 66.384750 11.441920 13.104423
v 68.192261 12.224749 12.834774
v 68.383652 13.790103 12.862125
v 67.647720 14.795405 12.743636
v 68.861069 15.706950 12.450055
v 68.718834 17.135099 12.190642
v 54.005138 49.254307 5.975280
v 53.881706 49.067650 7.554553
v 53.517792 48.514950 8.752268
v 52.852158 48.180984 10.458863
v 52.541424 46.727394 10.516514
v 52.650993 45.801411 10.206091
v 52.217140 44.601940 10.681766
v 54.308044 50.666973 5.841665
v 54.519676 52.832657 3.532420
v 54.772404 52.229542 5.672188
v 54.533218 55.286533 2.111702
v 52.510571 56.490910 0.438305
v 50.245815 56.254646 -0.030698
v 49.528599 54.882526 0.077553
v 47.790504 55.504944 0.139100
v 45.926498 54.314426 0.515155
v 46.408752 53.383022 0.456775
v 45.291805 52.554291 0.876450
v 43.821896 52.058720 2.185186
v 42.999203 51.978485 3.551990
v 42.566429 51.987061 5.182988
v 42.204041 51.920635 6.854617
v 41.970612 51.527599 7.792596
v 41.836624 51.239845 8.795170
v 41.994747 51.607029 10.192591
v 41.946617 50.998314 10.789245
v 42.305935 51.043648 11.544291
v 42.708187 50.745564 12.154961
v 46.605896 51.885296 13.118053
v 45.132271 51.740704 13.049496
v 44.491253 52.781452 12.557222
v 43.145649 52.154366 11.911561
v 51.807041 45.563808 11.189538
v 51.709339 47.043427 11.488383
v 51.768578 48.840130 11.678867
v 50.745029 48.804707 12.404490
v 49.975067 48.758499 12.703353
v 50.056625 50.245392 12.487406
v 48.633194 52.259953 12.838018
v 9.876560 70.559006 2.149923
v 9.328368 69.967865 3.314115
v 8.864295 69.766609 5.244079
v 8.701900 68.184753 6.181969
v 8.817561 67.196983 5.602236
v 11.661739 72.219498 0.717441
v 9.991902 72.302605 2.054296
v 18.299498 77.738571 -0.051584
v 16.263453 76.805824 0.000499
v 13.784860 76.159431 0.121993
v 12.640444 74.811989 0.373815
v 12.612202 73.726875 0.459646
v 20.140905 80.830612 0.321738
v 21.451662 83.068275 1.607501
v 21.986528 84.148193 5.478941
v 22.032423 82.620682 6.624655
v 20.965668 82.940186 7.898498
v 20.424347 80.926178 8.609481
v 20.721367 79.528053 8.592578
v 19.171911 79.472702 9.680467
v 19.063553 77.638016 10.143128
v 19.494047 76.077316 10.179318
v 19.922764 75.026573 10.112510
v 19.258436 74.247978 10.699595
v 17.598850 73.881920 11.416287
v 16.633772 72.904968 11.940910
v 16.407391 71.776108 12.297887
v 14.570594 72.039230 12.646196
v 12.434983 71.390968 13.125115
v 11.406200 69.619202 12.613163
v 11.091243 68.402901 12.443390
v 8.502114 69.562492 7.227009
v 8.530979 69.346329 8.907689
v 8.868737 69.517090 10.134825
v 9.353596 69.046623 10.944896
v 10.136257 68.690086 11.826252
v -35.406204 67.278511 1.482859
v -36.104595 67.506516 3.475966
v -36.215279 66.940994 4.904629
v -36.302708 66.913811 6.469295
v -30.264782 67.131287 9.719513
v -31.683886 68.772507 9.497750
v -33.275005 68.842369 9.420246
v -34.216541 68.906616 9.278992
v -34.951984 68.879059 8.530517
v -36.062687 68.474159 6.654388
v -28.758545 67.034065 9.417943
v -31.140507 71.882256 1.343716
v -32.923355 71.711945 1.609341
v -28.014063 73.349571 2.838851
v -29.663914 73.622910 2.071778
v -31.350349 73.429024 1.959614
v -27.431980 73.611160 5.977345
v -28.269369 73.180580 7.274729
v -28.458302 71.702934 7.490062
v -29.972820 71.769470 8.101910
v -29.561420 70.227058 8.443387
v -31.031061 70.295799 8.982429
v -30.519730 68.722931 9.297911
v -34.691235 71.231209 2.031865
v -34.810101 69.956108 1.518805
v -34.784767 69.138695 1.196389
v -35.746639 69.122910 2.609309
v 67.087769 1.072884 10.936620
v 67.601982 2.240853 11.040312
v 67.236473 4.026755 12.080759
v 66.265656 3.735355 12.827905
v 66.185242 5.344522 13.036884
v 65.125534 6.832510 13.572393
v 64.395676 8.571521 13.745588
v 63.032520 8.572589 13.927440
v 62.094898 8.114225 14.090670
v 61.873013 9.561136 13.741385
v 69.508842 3.099847 6.410099
v 69.144264 2.754268 7.894250
v 68.704666 2.350218 8.925847
v 68.308861 2.015682 9.957430
v 72.454971 18.206045 0.214557
v 70.363419 19.076971 0.170967
v 69.128059 21.387136 0.361230
v 67.278358 20.773451 0.772066
v 68.780952 23.132524 0.493249
v 67.756218 23.583708 1.015958
v 68.284752 25.001797 1.320879
v 67.316841 25.527557 2.175031
v 66.814812 24.925541 2.572565
v 67.247757 25.670321 3.303101
v 68.171082 26.974762 4.161093
v 68.387970 27.135120 5.743323
v 67.989861 26.166744 6.780859
v 68.902412 21.753542 10.807941
v 70.874741 21.496969 10.951736
v 70.716492 23.033798 10.639501
v 70.692261 24.394724 10.144955
v 69.807846 25.574726 9.392022
v 70.251938 18.599916 11.641217
v 63.295914 9.603707 13.747808
v 64.188141 10.057202 13.618919
v 65.674614 9.715015 13.445713
v 67.227905 9.745792 12.951386
v 68.789070 10.499140 12.358593
v 69.716087 11.968840 12.265247
v 69.762825 13.338896 12.369363
v 70.009964 14.885490 12.349870
v 70.422752 16.218048 12.197226
v 69.933235 17.095728 12.138442
v 54.173565 50.548470 7.566885
v 54.006031 50.127575 8.375495
v 53.378506 50.184563 9.766313
v 52.455151 49.946075 10.886497
v 54.562565 52.134308 7.473203
v 53.988873 51.871655 8.685374
v 55.307087 54.643536 3.841917
v 55.244133 53.936775 5.599692
v 54.968796 53.748463 7.225501
v 54.530376 53.412682 8.313315
v 54.793964 57.207520 1.260721
v 55.553383 56.905636 3.236356
v 55.592140 56.153870 4.889836
v 52.378609 58.267044 0.149446
v 50.431557 57.890854 0.036265
v 48.784756 57.466877 0.005900
v 48.699070 56.514729 -0.040420
v 47.814396 56.781895 0.102650
v 46.622475 56.808708 0.558406
v 45.057220 55.910534 1.421673
v 44.709942 54.490788 1.198508
v 44.661911 53.705978 1.105236
v 43.903278 53.876320 2.011589
v 43.304401 53.602608 3.464375
v 42.856293 53.675102 5.100179
v 42.534412 53.463207 6.674867
v 42.340248 53.075050 7.534363
v 42.211384 52.665638 8.363113
v 42.241173 52.586514 9.753938
v 42.300308 52.430931 10.537809
v 42.368763 51.985535 11.067950
v 47.505844 53.678566 12.745717
v 46.414940 53.582893 12.806920
v 45.637314 52.975529 12.871101
v 45.521545 54.666080 12.278568
v 43.914127 54.132751 11.571435
v 42.790604 53.298843 10.728553
v 51.466469 50.236328 11.768786
v 51.289150 51.798611 11.886847
v 50.062000 52.786247 12.300805
v 48.981449 54.880241 12.241453
v 9.280507 72.217911 3.361855
v 9.063101 71.626053 4.474899
v 8.558992 71.595650 6.339706
v 8.571612 70.457909 6.517551
v 10.621950 73.968719 1.359252
v 9.511636 73.903961 2.837337
v 9.246188 73.583015 3.894975
v 17.750597 79.098839 -0.178157
v 15.825344 78.435806 -0.027838
v 13.689939 78.021927 0.212805
v 11.956926 77.457283 0.439665
v 12.357623 76.449440 0.332503
v 11.440945 75.651093 0.670308
v 19.217323 82.620468 0.220347
v 18.276974 80.865189 -0.106199
v 21.153975 85.476181 2.118506
v 21.023275 84.391907 1.204920
v 19.895430 84.530975 0.799332
v 21.106014 86.836456 6.386215
v 21.461641 84.805222 7.226977
v 20.736300 84.562035 8.108949
v 19.750845 83.819695 8.937270
v 20.062702 82.871658 8.767911
v 19.350372 81.903763 9.355233
v 18.011978 80.774971 10.200267
v 17.633274 79.377434 10.426937
v 17.667633 77.754707 10.700538
v 18.435390 76.523804 10.680799
v 18.675516 75.520096 10.771750
v 17.204393 75.612099 11.236586
v 15.373395 74.524437 11.802848
v 15.190670 73.409065 12.267676
v 13.609053 73.887352 12.381585
v 11.919659 72.895065 12.504159
v 10.760152 71.470024 12.230838
v 10.486058 70.152985 12.045901
v 8.330015 71.022194 7.401497
v 8.380683 70.754150 8.611198
v 8.884455 70.872932 10.095520
v 9.579116 70.481949 11.171149
v -36.073643 68.918129 4.381901
v -32.975826 70.349998 9.045297
v -34.608604 70.227127 8.600933
v -35.548824 70.337502 6.901806
v -35.742062 70.532326 4.497302
v -32.706455 73.115044 2.175898
v -34.434853 72.960381 3.736851
v -29.290085 74.541504 2.945977
v -30.180136 74.746887 2.777276
v -31.048550 74.621765 2.762695
v -32.658489 74.551880 3.665793
v -28.889429 74.747787 6.172544
v -28.319689 74.522163 7.684241
v -29.328844 74.499382 7.966354
v -30.179501 73.539543 7.944851
v -32.520973 72.970184 8.144455
v -31.634783 71.743843 8.600890
v -32.716858 71.648788 8.842567
v -35.286446 71.511101 3.184675
v -35.623547 70.646416 3.038325
v 68.490585 3.645670 10.904569
v 68.387619 5.701525 11.673817
v 67.322105 5.499806 12.403736
v 67.379723 6.923902 12.684320
v 66.192574 6.782878 13.203720
v 65.985123 7.967578 13.371899
v 70.685631 5.180818 5.923721
v 69.993225 3.981351 6.804864
v 69.962372 4.157639 8.096429
v 69.252823 3.609061 9.783524
v 73.226433 20.028032 0.256280
v 71.767181 19.605171 0.153962
v 71.320229 20.973804 0.165722
v 70.882996 22.892250 0.186198
v 69.825600 23.293076 0.245266
v 70.267906 25.348471 0.631355
v 69.018181 26.773560 1.534442
v 68.194878 26.577833 2.075361
v 67.945374 26.660227 2.897384
v 69.240044 28.269590 3.013840
v 69.252647 28.472834 5.115176
v 72.576759 19.577694 11.160291
v 73.107613 21.368820 10.816213
v 72.837296 22.925648 10.673036
v 71.634850 23.417543 10.638475
v 72.554062 25.166031 10.037021
v 71.117210 26.157696 9.556773
v 71.641380 17.121759 11.724598
v 72.532082 18.083467 11.197887
v 66.957916 8.580670 12.992714
v 68.390656 8.463477 12.284897
v 69.853119 9.198808 11.674365
v 69.803955 10.195171 11.903449
v 70.726883 11.009270 11.544207
v 70.988342 12.963523 11.795362
v 71.226334 14.489234 11.887193
v 71.389603 15.815782 11.975585
v 53.201897 51.592846 10.094689
v 52.318501 51.455555 11.187235
v 53.737793 53.322262 9.622825
v 52.702076 53.200424 10.631982
v 55.506149 54.999264 5.162998
v 55.503590 55.393745 6.542760
v 54.972416 55.063663 7.813813
v 54.127583 54.828941 8.870475
v 53.556671 54.499767 9.816270
v 56.074085 58.577709 3.399422
v 55.320507 59.082886 1.262410
v 53.145260 59.569248 0.236695
v 55.938072 57.783974 4.991906
v 55.608685 57.746311 6.908966
v 55.493725 56.474766 6.703566
v 51.462051 59.564892 0.112200
v 50.039104 59.436062 0.125915
v 47.816139 59.093494 0.359879
v 47.291424 57.708630 0.392982
v 45.654346 58.276642 1.417504
v 44.270851 57.412354 3.414850
v 44.039913 56.088081 2.717076
v 43.960014 55.251251 2.322372
v 43.577347 55.193928 3.312016
v 43.128452 54.909618 4.647244
v 42.914135 54.797844 5.525171
v 42.794567 54.791561 6.447407
v 42.633583 54.436722 7.238405
v 42.530273 54.049683 7.991781
v 42.606693 53.917027 9.350951
v 47.582512 54.798756 12.487243
v 46.807682 54.571007 12.580611
v 47.074436 56.025826 12.139770
v 45.579487 56.802750 11.659211
v 44.438873 56.119350 11.114057
v 43.344223 55.332962 9.988483
v 51.892345 52.804382 11.515169
v 51.184067 54.315578 11.552574
v 50.447876 56.525284 11.235557
v 48.873901 56.565449 11.743033
v 48.142731 56.254627 11.996179
v 8.967113 73.119225 4.742246
v 8.634960 73.225235 6.038787
v 8.261596 73.165474 7.506012
v 8.254576 71.958397 7.415359
v 10.179092 75.537552 1.701933
v 9.746975 75.275658 2.775402
v 9.311493 75.366798 4.463351
v 8.774578 74.579735 5.717202
v 17.311396 79.939133 -0.176022
v 15.739442 80.153648 -0.091102
v 13.351951 79.718765 0.387038
v 11.030270 79.157684 1.285668
v 10.731846 77.687080 1.298125
v 10.664598 76.655128 1.278134
v 17.575771 83.883659 0.130250
v 17.979927 82.815529 0.023554
v 16.891090 82.025330 -0.076696
v 20.012863 87.360092 2.236505
v 19.884159 85.932732 1.225959
v 18.030540 86.139793 0.744276
v 19.022612 89.457497 7.751919
v 19.915426 87.068649 8.415834
v 20.754896 85.784142 7.805978
v 20.040545 85.387398 8.532476
v 18.789530 85.548035 9.276340
v 18.556866 83.933105 9.620224
v 18.816925 83.076904 9.572270
v 17.475006 82.642906 10.191218
v 16.595505 80.651955 10.684704
v 17.083189 79.884613 10.622194
v 16.033943 78.606476 11.122111
v 16.230770 77.043472 11.253658
v 14.253365 76.528542 11.442805
v 13.348379 74.983429 11.753866
v 12.773049 74.693398 12.212911
v 11.695143 74.867409 11.830220
v 10.400263 73.271309 11.709287
v 9.973772 71.918350 11.501695
v 8.212187 72.168900 8.478738
v 8.540782 71.891418 9.609657
v 9.238046 72.530655 10.755316
v -34.125168 72.005669 7.946737
v -35.179512 71.621170 7.033237
v -35.496704 71.834953 5.376008
v -35.095108 72.874718 5.752467
v -34.198105 73.527138 6.853207
v -33.970276 74.521683 6.451609
v -32.439762 74.573410 7.464829
v 69.698082 5.310898 10.200493
v 69.767052 7.454704 11.079073
v 68.587318 7.088577 11.987929
v 72.145927 7.851774 7.188171
v 71.222191 6.109961 7.265230
v 70.755783 5.327321 7.486435
v 70.920212 6.070948 8.449140
v 72.810791 22.758772 0.184068
v 71.569450 24.007826 0.235473
v 72.332703 25.121586 0.204784
v 71.642059 27.286854 0.396814
v 70.672607 28.125519 0.971837
v 69.726334 27.924379 1.477066
v 70.301544 29.799234 1.847932
v 70.224007 30.290539 3.285350
v 70.563751 30.810114 4.814019
v 74.103607 18.572876 10.616626
v 73.730270 19.489569 10.803247
v 74.521233 20.638380 10.425470
v 74.492195 22.883945 10.330559
v 73.613258 24.066233 10.316837
v 74.448624 25.316648 9.966305
v 73.783424 27.376684 9.454410
v 72.245209 27.434053 9.283658
v 73.436867 29.793257 8.411014
v 72.760025 15.507549 11.208424
v 74.276093 16.703415 10.233393
v 70.705994 8.862167 10.811600
v 70.772949 9.707367 11.084221
v 71.736122 9.857570 10.161434
v 72.248985 11.561546 10.584742
v 72.136436 12.767663 11.082972
v 72.189453 14.091283 11.401350
v 52.594139 54.483181 10.708924
v 54.910130 56.662113 8.173318
v 53.777874 56.407383 9.272034
v 52.572418 55.791344 10.380645
v 56.404060 60.192924 2.163760
v 56.648941 60.053635 3.741919
v 56.313282 59.748039 5.008563
v 55.761276 59.514572 6.532467
v 53.443630 61.260136 0.267839
v 55.066830 62.499783 0.684137
v 51.592216 61.413921 0.117060
v 49.883533 61.051853 0.201081
v 54.897148 59.064705 8.178835
v 54.889805 57.921974 8.280508
v 48.075489 60.654655 0.325107
v 46.293304 60.779316 1.006664
v 46.125702 59.551407 1.102147
v 45.313622 60.209209 2.075658
v 44.787960 59.403378 3.615333
v 44.035065 58.764221 5.253929
v 43.721397 57.583584 5.119147
v 43.500034 56.324436 4.581186
v 43.793365 56.285919 3.491984
v 43.064659 55.660759 5.756312
v 43.013481 55.947155 6.863703
v 42.810390 55.254124 7.601861
v 42.864090 55.140957 8.668880
v 47.727734 57.524635 11.668614
v 47.070148 57.049480 11.916092
v 46.517464 57.585346 11.717275
v 45.538769 58.192707 11.313423
v 44.702915 58.056335 10.766767
v 43.911476 57.414955 9.760420
v 43.300209 56.843208 8.005266
v 52.067089 57.971210 10.165536
v 50.200165 58.187424 10.962437
v 49.193405 57.582035 11.355132
v 8.488226 74.795479 7.264006
v 8.414721 74.481148 8.652250
v 8.255682 73.349518 8.689926
v 9.898862 77.014626 2.497181
v 9.562008 76.308594 3.595667
v 9.454722 77.699654 4.450137
v 8.786653 76.530540 6.720598
v 14.629570 81.695862 0.035506
v 13.061219 81.346619 0.464361
v 11.349991 81.169464 1.358682
v 10.224166 80.780998 3.169088
v 10.086931 79.549263 2.485995
v 9.968195 78.569336 2.799860
v 15.829318 85.271629 0.398233
v 15.746028 84.017891 0.130133
v 16.218225 83.229942 0.030970
v 14.652921 83.127495 0.113459
v 18.486071 88.525215 2.487525
v 18.590784 87.470947 1.220404
v 17.007685 87.579811 1.260197
v 15.025332 86.745316 1.192388
v 19.252934 88.162987 8.965201
v 18.943977 87.040733 9.103266
v 17.579502 87.028648 9.539793
v 17.559155 85.413704 9.859572
v 17.711651 84.412132 9.903815
v 15.991226 84.346642 10.300801
v 16.239384 82.825218 10.419295
v 15.180435 81.460861 10.623841
v 15.484844 79.859573 10.973935
v 14.319977 78.858505 11.147879
v 12.561493 77.893379 11.039038
v 12.040375 76.482178 11.218994
v 10.344278 76.036484 10.784602
v 10.518732 75.043999 11.331633
v 9.786536 74.262627 11.064346
v 8.668001 73.404190 9.932489
v 70.902130 7.085533 9.620688
v 71.213783 8.327195 10.051126
v 73.745720 10.435639 6.249461
v 73.234840 10.037119 7.824038
v 72.563873 9.497671 8.668443
v 71.794563 8.331324 9.009372
v 71.485138 7.295357 8.595766
v 74.801254 21.437090 0.481028
v 75.067535 23.627930 0.307403
v 73.523376 24.285601 0.158832
v 73.983559 25.868752 0.156993
v 72.754082 26.671824 0.216783
v 73.207619 28.553102 0.282291
v 71.612671 30.020346 0.909560
v 71.140511 31.393650 2.212274
v 70.687737 31.189939 2.961687
v 70.694595 31.298109 3.713237
v 71.773476 32.774651 3.516488
v 75.369286 18.304619 9.757411
v 75.627213 19.829247 9.809379
v 75.968994 21.355099 9.688695
v 75.931610 22.757301 9.726879
v 75.699715 24.411890 9.775849
v 75.819855 25.960833 9.621474
v 75.470985 27.565010 9.389097
v 74.680496 28.720236 9.064165
v 75.987373 30.019314 8.662730
v 75.475800 31.871363 8.085722
v 74.268471 31.933117 7.832904
v 75.025398 33.170647 7.493343
v 73.273529 13.991382 10.591438
v 74.207291 14.666828 9.735569
v 75.513283 15.324613 8.634002
v 75.327156 16.418749 9.279722
v 76.081795 17.389860 8.862548
v 73.194130 11.239884 9.444790
v 73.115509 12.614194 10.296286
v 53.873829 57.958416 9.241775
v 56.871624 62.150166 2.870987
v 56.843979 60.933403 3.276771
v 57.023323 61.719200 4.738596
v 56.131241 61.200787 6.436490
v 54.746895 61.159874 7.701269
v 53.868378 60.468586 8.616875
v 53.232700 62.624878 0.022960
v 51.305412 62.843533 0.010639
v 56.980881 64.391228 2.902021
v 55.109703 64.500320 0.562207
v 53.216995 64.565041 0.014608
v 52.149811 63.808285 0.016751
v 49.890835 62.405575 0.140331
v 48.198643 62.804623 0.336960
v 46.783188 62.393883 0.759088
v 53.476398 59.245441 9.268167
v 45.876541 62.075726 1.950592
v 45.547142 61.178177 1.818314
v 45.485481 61.681297 2.837513
v 45.115570 61.112476 4.052013
v 44.527306 60.294266 5.660698
v 43.986282 59.313301 6.259092
v 43.788616 58.771477 6.097315
v 43.792706 58.648125 5.817339
v 43.645691 58.202835 6.078525
v 43.335548 56.946140 6.222999
v 48.839752 59.041859 10.966195
v 47.262978 59.181946 11.123406
v 46.857483 58.354622 11.511152
v 46.125797 59.054646 11.164443
v 45.124569 59.309196 10.730869
v 44.624916 59.180202 10.360471
v 44.289585 59.027592 9.712428
v 43.874969 58.730431 8.444522
v 43.438564 57.698105 6.874326
v 43.678970 58.555920 7.028886
v 51.753696 60.136810 9.960382
v 50.407688 59.288311 10.520323
v 8.872533 76.189461 8.699333
v 9.007726 75.128059 9.915752
v 9.809325 79.317116 3.514652
v 9.579118 79.789566 5.019444
v 9.084572 78.603806 6.715294
v 9.267476 78.115402 8.473764
v 12.751853 82.861153 0.575800
v 11.410608 82.803391 1.504054
v 10.763298 82.704437 2.954111
v 10.183575 82.589523 5.060208
v 9.826114 81.096626 4.799844
v 14.098008 85.369156 0.768867
v 14.548122 84.459351 0.333507
v 12.961052 84.299950 0.704242
v 15.060621 88.458153 2.841943
v 13.304967 87.037407 2.158678
v 12.709232 85.548737 1.651363
v 14.938570 88.555801 9.734266
v 15.258420 86.489288 10.111362
v 14.542474 85.696175 10.455787
v 13.867352 84.470757 10.642268
v 14.256151 82.930962 10.628179
v 13.152213 81.547829 10.240531
v 13.198622 79.701080 10.671432
v 12.015554 78.842720 10.361469
v 11.119631 77.856346 10.491863
v 11.585637 76.990135 10.728794
v 9.846283 77.478493 9.783438
v 9.401864 76.268127 9.831523
v 9.582322 75.126053 10.650797
v 75.170815 13.127798 4.585320
v 74.685280 12.325465 7.259536
v 73.898415 11.317040 8.057749
v 77.054329 23.965141 0.722861
v 76.344261 25.646776 0.318868
v 75.206924 27.856150 0.141889
v 74.622581 29.414906 0.106343
v 73.582840 30.632149 0.360258
v 72.477631 31.140564 0.783412
v 72.139084 32.547871 1.917890
v 73.059769 34.263035 2.517400
v 73.880981 35.371544 3.447657
v 76.629333 19.533951 8.922574
v 77.008995 21.441086 9.005207
v 76.629509 22.301983 9.341647
v 77.527489 23.755939 8.869177
v 76.524124 24.119692 9.455646
v 77.016365 25.645576 9.272506
v 76.779251 27.252604 9.132593
v 77.287880 29.020184 8.734875
v 78.007378 30.867949 8.374205
v 77.389847 32.170776 8.134810
v 76.585999 34.007282 7.518881
v 75.540970 34.414433 7.049009
v 74.049774 12.823715 9.192353
v 74.981857 13.604697 8.397123
v 75.469620 13.788873 7.142517
v 76.481407 15.459327 6.705022
v 76.378723 16.330351 8.006718
v 77.271980 17.486290 7.570664
v 77.588707 19.366114 7.890757
v 57.198345 62.818069 4.063190
v 57.268948 63.263233 5.533121
v 56.529549 62.774773 6.709543
v 55.408661 62.800407 7.414989
v 54.589863 62.313789 7.843896
v 53.069084 62.146709 8.778277
v 52.604828 61.078880 9.319998
v 49.553322 64.560036 0.246493
v 48.567608 63.834297 0.345386
v 55.132439 65.993286 0.518950
v 55.701778 67.593811 0.929912
v 57.265705 66.671082 3.256363
v 57.394878 65.548439 4.833449
v 57.387173 64.380569 4.969817
v 53.535004 65.632179 0.182135
v 51.369541 66.178841 0.123015
v 50.046219 65.587471 0.306993
v 47.277111 63.926239 1.426291
v 46.268219 63.560722 2.990768
v 45.740501 62.565258 2.989706
v 45.649551 62.811096 4.399785
v 45.246998 61.926640 5.978499
v 44.804901 61.133717 7.342100
v 44.149895 59.795017 7.237457
v 49.511269 60.854191 10.161462
v 47.829872 60.494850 10.519589
v 46.463482 60.458385 10.446356
v 45.593422 60.044022 10.593391
v 45.159592 60.159695 10.337430
v 44.785236 60.076801 9.868537
v 44.464355 60.264339 8.599825
v 51.640125 61.611065 9.572279
v 50.757599 61.314445 9.843608
v 9.472284 81.030220 6.236132
v 9.222418 79.830193 6.612600
v 9.381245 80.071396 8.109961
v 10.751416 79.740227 9.811311
v 11.685950 84.112984 1.462008
v 11.262802 84.534416 2.824797
v 10.880549 84.146118 4.224565
v 10.747929 84.519279 5.508096
v 10.280332 83.821861 7.007956
v 9.729973 82.250259 7.065643
v 13.511675 88.603615 4.754304
v 12.662987 87.442612 3.284991
v 12.054454 86.168640 2.910551
v 15.006054 89.743103 8.914907
v 13.148168 88.420349 7.728542
v 13.289191 86.931168 10.083375
v 13.700511 85.776711 10.940151
v 12.591164 85.286568 10.349508
v 12.500794 83.894356 10.177890
v 13.204780 83.089684 10.288405
v 12.285574 82.600433 9.816096
v 11.897511 81.340569 9.926679
v 12.238325 80.104485 10.154643
v 76.986961 16.070965 4.580761
v 77.651672 27.709440 0.512701
v 76.110703 30.496822 0.171786
v 74.313889 32.098095 0.450713
v 72.931656 32.522282 0.906557
v 73.541229 34.263275 1.313902
v 74.554764 35.676441 2.173033
v 75.223198 36.921307 3.017865
v 77.969368 21.082808 8.070645
v 78.458038 22.718849 8.027972
v 79.037643 24.197927 7.860186
v 79.016426 25.380730 8.152973
v 78.085953 25.362900 8.691575
v 78.775040 26.638847 8.274781
v 78.441338 28.239519 8.398047
v 78.984398 30.456642 8.128938
v 79.465195 32.302174 7.964953
v 78.712318 32.817841 7.962605
v 78.398300 34.432274 7.635168
v 77.649780 36.523071 7.395312
v 76.328522 35.427025 7.025586
v 77.444542 16.690552 5.928031
v 77.376808 16.723894 6.716139
v 78.090118 17.881563 6.401694
v 78.508583 19.473654 6.699320
v 79.014641 21.304052 6.959053
v 56.977917 64.790268 6.179510
v 55.850948 64.330894 6.984003
v 55.007332 63.918636 7.456309
v 53.694870 63.750397 8.215627
v 51.543617 63.626919 8.814630
v 51.636040 62.532356 9.231059
v 48.320747 65.736633 0.651143
v 47.611343 65.393906 1.347416
v 53.657169 67.684486 0.300832
v 52.106693 67.227760 0.284764
v 56.446636 70.976089 2.158844
v 54.688530 69.590576 0.391352
v 53.426868 69.039528 0.290791
v 56.552353 67.671371 4.978539
v 56.854527 65.987320 5.681546
v 49.835999 67.588387 0.493263
v 48.821785 67.119324 0.537004
v 48.027191 66.835403 1.566350
v 46.969250 65.257027 3.079232
v 46.711987 65.042480 5.220816
v 46.100945 63.918640 4.567350
v 46.061398 64.093170 5.752317
v 45.725292 63.246861 6.302049
v 46.048557 62.545532 8.208006
v 44.971584 61.379444 8.320210
v 50.279228 62.523228 9.416167
v 48.346584 62.323818 9.507688
v 48.154922 61.394402 10.060238
v 47.114368 61.676048 9.731660
v 46.201260 61.488110 9.637919
v 45.531914 60.914215 9.798585
v 45.069668 61.113914 9.001532
v 9.347094 81.234940 7.403737
v 10.179674 81.345688 9.067457
v 9.647361 81.524826 8.133629
v 11.233653 82.793289 9.633525
v 11.645206 86.353622 5.003994
v 10.864779 85.651909 7.315148
v 10.866369 84.466560 8.681942
v 10.236018 82.735878 8.360468
v 12.304235 87.762848 5.212346
v 12.244136 87.551010 4.238147
v 11.748526 86.803360 8.513371
v 11.542675 87.016617 7.266066
v 11.776777 85.689606 9.423117
v 11.463407 84.524864 9.756239
v 12.014013 84.247330 9.686032
v 78.793861 30.338610 0.430476
v 77.256378 32.101986 0.162974
v 76.306183 31.840017 0.065352
v 75.602615 33.111984 0.201529
v 74.511177 34.119644 0.581406
v 75.968788 35.636047 0.808009
v 75.970680 37.118965 2.005753
v 76.966110 38.235493 3.885276
v 78.966187 22.197533 7.491196
v 80.057426 23.738424 6.710921
v 79.938286 25.362358 7.408030
v 80.026779 26.775187 7.432457
v 80.021339 28.417681 7.472206
v 80.171532 30.283014 7.557895
v 80.445793 32.300583 7.674066
v 80.248695 33.328625 7.784590
v 80.136261 34.602818 7.580284
v 79.655251 36.510708 7.015301
v 78.988586 37.447308 6.521445
v 77.702415 38.346474 6.262618
v 78.149437 18.091522 5.087484
v 78.772186 19.471338 5.590806
v 79.380165 21.048992 5.748878
v 79.977356 22.262791 6.132640
v 55.945023 66.411575 6.386135
v 54.819324 66.144592 7.398270
v 53.960171 65.294411 8.056656
v 52.011360 65.233917 8.336627
v 49.914806 64.938049 8.395170
v 50.143150 63.772362 8.908445
v 47.368820 66.539925 2.899857
v 51.512321 68.943680 0.380354
v 49.533016 68.872192 0.790678
v 54.234970 71.412041 0.710334
v 54.186737 72.879173 2.166820
v 55.544491 73.167381 3.155993
v 56.455181 72.028603 5.271910
v 56.108192 70.555984 5.011217
v 53.462025 70.171425 0.255173
v 51.782471 70.682266 0.557242
v 56.294064 69.457092 4.729281
v 55.382130 69.119911 6.296685
v 55.673569 67.691498 6.256828
v 48.376347 68.525078 1.840531
v 47.601086 68.187637 3.837669
v 47.264515 66.715523 4.750534
v 47.892761 66.336906 7.297775
v 47.032440 65.403687 6.482195
v 46.690571 64.666367 6.903985
v 45.997871 64.523994 7.208739
v 48.879509 63.754272 8.798995
v 47.562668 63.148750 8.789589
v 47.209671 62.501091 9.125828
v 11.209722 85.713303 8.544822
v 79.059059 33.615295 0.381534
v 77.219711 33.604637 0.248857
v 76.558372 34.365833 0.319564
v 77.495064 34.761406 0.446499
v 78.355316 36.244373 0.811944
v 77.218407 37.202213 1.523246
v 80.407776 37.902958 5.123608
v 80.308769 38.070602 2.543193
v 79.465569 37.481243 1.425631
v 78.166336 37.505371 1.599276
v 80.238655 22.835234 5.226936
v 80.905792 24.404663 5.279556
v 81.289871 25.447706 5.845615
v 81.007843 26.471882 6.581154
v 81.194160 28.273066 6.569758
v 81.412102 30.179050 6.593723
v 81.605659 32.272305 6.955083
v 81.438560 33.758789 7.374156
v 80.896416 34.127415 7.690103
v 81.916412 35.645050 7.188842
v 81.398499 37.197945 6.815301
v 79.089462 20.814922 4.029215
v 54.743156 67.783524 7.228872
v 53.573486 67.606445 8.092337
v 52.445404 66.883789 8.064950
v 50.499275 66.417465 8.045581
v 48.536694 64.887772 8.177817
v 49.700798 70.437828 1.227155
v 48.849255 70.261955 2.454999
v 52.844086 72.071770 1.065435
v 52.230549 72.990387 2.289983
v 52.811401 73.677879 5.325097
v 55.484837 73.321938 5.723177
v 54.290840 72.644211 6.715125
v 55.050152 70.940674 6.535531
v 51.630058 71.974571 1.234730
v 50.362720 72.083221 1.831303
v 53.980633 70.105148 7.502047
v 54.400955 68.947594 7.567371
v 48.025936 69.994041 4.078164
v 47.625580 69.596306 5.467052
v 47.657890 68.555016 6.106816
v 50.377621 68.331535 7.819648
v 48.566978 68.935020 7.404772
v 47.554031 64.291824 8.066590
v 80.389465 36.298756 0.685365
v 82.489449 37.856628 5.876817
v 83.046928 37.672615 4.368413
v 82.052872 38.413742 2.775593
v 81.414345 37.387077 0.587057
v 80.448143 24.686539 3.761208
v 81.349564 25.357197 5.038326
v 81.979248 26.896702 5.293511
v 81.846458 27.999226 6.006397
v 82.326485 29.303345 5.123289
v 82.715508 32.305653 5.829730
v 82.463135 33.519146 6.516825
v 82.169167 34.224926 7.000069
v 83.161919 35.445988 6.115961
v 82.848289 36.211571 6.674300
v 82.510590 37.061321 6.504220
v 53.342133 68.966248 7.835140
v 52.232292 68.565125 7.953092
v 49.489441 71.563324 2.714310
v 48.833031 71.730148 4.369243
v 51.434532 73.355309 3.043166
v 51.896847 70.735924 7.366739
v 53.698666 71.342911 7.210219
v 50.141663 72.993584 3.877363
v 48.340408 70.891441 6.288913
v 49.656296 69.919746 7.756863
v 48.634739 70.193970 7.444002
v 47.965836 69.778786 6.956122
v 83.942719 35.751312 3.741070
v 83.960106 33.930153 3.531486
v 82.409187 29.172997 3.037696
v 83.248146 37.355556 5.419090
v 81.704918 26.757166 4.080278
v 81.618141 27.686186 2.606804
v 82.148903 27.746431 4.390714
v 82.706375 29.662191 3.845657
v 83.180786 31.581059 4.284956
v 83.586365 34.014469 4.789143
v 83.713295 35.379429 4.912402
v 83.597755 36.430866 4.939811
v 49.312794 72.845161 5.045518
v 49.090298 72.393501 5.771099
v 50.088806 72.149391 6.535737
v 49.501602 70.939316 7.435959
v 47.660950 69.813629 6.395029
v 50.022686 73.188858 5.592831
v 24.938114 14.283298 8.578776
v 22.150932 21.811893 3.361664
v 22.462978 20.635296 2.523721
v 22.861609 18.752502 3.472676
v 24.148930 15.393364 3.852658
v 23.606983 16.819151 4.279516
v 44.014095 16.221567 3.529126
v -34.831772 -11.263287 6.861711
v -31.131821 -16.626926 8.419393
v -30.041056 -18.484732 11.025177
v -23.214725 -26.370869 15.514955
v -22.665482 -25.225288 13.705778
v -22.865875 -23.909927 11.843959
v -25.441898 -22.748791 10.185506
v -28.072264 -20.833920 11.320899
v -28.622993 -19.740034 7.888466
v -33.333069 -13.805206 5.112492
v -32.815319 -14.193578 7.140075
v -22.517727 -23.694935 8.839495
v -38.640247 -6.920080 4.372649
v -36.919983 -8.187583 6.116457
v -39.738640 -5.783148 4.463076
v -40.845932 -4.823067 4.377236
v -24.747723 -25.519960 15.390948
v -25.419016 -24.414133 14.654841
v -25.743170 -23.291391 13.163805
v -26.879845 -22.373699 12.708490
v -26.989445 -21.615782 8.398724
v -20.616718 -24.622143 12.266057
v 4.679566 10.064109 16.817158
v 5.431206 10.192648 1.175097
v -0.375252 14.439627 11.276948
v -0.442524 14.897142 8.603149
v -0.231636 14.556084 5.936453
v -0.935726 13.760974 3.207295
v -2.922132 15.017414 2.382990
v -2.119395 15.564820 4.783167
v -1.845464 15.486409 7.775703
v -2.262651 15.586286 10.402981
v 25.743553 12.557052 15.233748
v 26.152637 13.104440 13.412619
v 26.514645 13.511012 11.253063
v 26.358210 13.639553 9.255407
v 26.546862 13.554024 7.506548
v 26.396898 13.283859 5.710172
v 25.955721 12.785731 4.086135
v 25.534550 11.760945 2.473618
v 24.371386 12.612402 2.069611
v 24.777269 13.336648 3.534887
v 25.039921 13.569364 5.404233
v 25.237160 13.542325 6.961279
v 25.269293 13.647355 8.453595
v 25.162329 13.871036 10.153568
v 25.063974 13.937328 12.605967
v 24.975336 13.368305 14.862385
v 45.097424 2.496548 11.915867
v 44.837162 2.068009 9.224530
v 44.726025 1.978781 6.551290
v 44.705647 1.930382 3.969371
v 44.785217 1.917527 1.833868
v 44.217865 3.150086 1.252902
v 44.165264 3.770497 3.311169
v 44.407269 3.871110 5.797962
v 44.644306 4.100001 8.186631
v 44.843952 4.646739 10.797791
v 80.231552 28.224184 1.214544
v 79.329109 26.057383 1.565725
v 5.931371 13.811614 3.404981
v 5.395523 14.697923 5.391186
v 4.521134 14.942837 8.076989
v 4.578836 14.455749 11.200037
v 4.909742 13.097810 13.982208
v 5.989314 15.114011 12.279235
v 6.016008 15.808208 9.511830
v 6.274958 15.931128 6.637181
v 6.651276 15.372576 4.546603
v 6.986964 14.885742 3.380337
v 29.352184 12.758804 3.428528
v 28.755404 13.455207 5.295467
v 28.553232 13.780204 7.323582
v 28.594219 13.771475 9.766929
v 29.017559 13.237385 12.524129
v 29.766914 12.365648 14.919582
v 30.160275 11.167639 16.591761
v 31.043608 12.529182 16.615673
v 30.479839 13.988615 14.065302
v 29.981827 14.536440 10.689375
v 29.734634 14.372637 7.910938
v 29.669771 14.039498 6.234344
v 29.972527 14.089693 4.541583
v 30.382189 13.625629 3.030717
v -22.407900 38.096123 15.930795
v 24.935814 14.011683 14.201388
v 24.811054 14.655232 13.696411
v 24.780325 14.248818 5.801836
v 24.928995 14.066608 6.460391
v 24.489462 14.334204 3.361118
v 24.651667 14.321896 4.728079
v 24.357216 13.798000 2.518024
v 24.997990 14.079922 7.451148
v 24.074135 14.839097 2.555760
v 6.828415 16.096272 5.111373
v 6.881075 16.850508 5.697965
v 6.546530 17.138483 7.019988
v 6.247690 16.620039 8.230868
v 44.379684 20.188431 2.955299
v 42.226147 10.036413 3.009567
v 41.079430 8.554031 1.220201
v 44.101681 7.862884 6.756922
v 43.760807 6.540842 4.746474
v 43.183041 6.960760 3.091508
v 43.478870 8.894964 4.992194
v 44.112640 5.535505 5.611186
v 44.383125 5.908400 7.436741
v 44.517090 7.706109 8.809159
v 44.648891 6.043635 9.308646
v 43.587666 11.530461 5.296283
v 44.230488 10.425119 7.132769
v 44.100601 13.878941 5.359563
v 42.110104 16.942051 1.921692
v 42.814602 18.467463 1.883193
v 39.690109 9.526045 1.106673
v 42.782475 13.220455 3.646575
v 44.528210 9.529666 8.504431
v 41.215229 12.673143 2.351526
v 40.273663 10.896821 1.652099
v 40.789330 16.638718 1.355862
v 41.687481 14.982113 2.307606
v 42.379517 7.599954 1.860190
v 44.701115 9.090532 9.643044
v 41.992252 7.108134 0.916612
v 77.841591 18.239609 3.538525
v 64.504707 2.182892 0.739489
v 58.693333 -12.008194 2.022894
v 61.042889 -7.803130 2.365870
v 77.087952 21.880026 1.381163
v 74.820694 16.589876 1.404061
v 64.491196 -3.256737 3.583659
v 67.366539 1.721987 3.307801
v 56.234695 -13.151480 0.951505
v 60.630859 -12.856959 4.796450
v 71.579330 8.604752 3.178182
v 75.746391 19.136646 1.299087
v 77.865501 26.006447 0.692707
v 77.920738 25.043093 0.912528
v 78.601051 23.907387 1.735797
v 78.847733 22.415089 2.628308
v 78.273369 21.176083 2.542076
v 77.661674 19.864298 2.434436
v 56.898815 -15.468197 1.746809
v 73.555367 15.175186 1.122459
v 74.957298 14.560707 2.424441
v 74.042564 13.470304 2.201900
v 75.886559 15.350758 3.116093
v 76.554794 17.189013 2.662260
v 55.225456 -11.521080 0.382701
v 56.089931 -10.741846 0.510282
v 77.066971 18.523569 2.414659
v 73.618813 17.396881 0.583379
v 73.991081 18.231323 0.629634
v 73.192062 16.718813 0.576866
v 71.650879 7.384348 4.978537
v 72.546814 8.882077 5.039009
v 71.735680 10.491430 1.996833
v 72.996399 11.995567 2.212452
v 73.012733 10.395662 3.755006
v 69.888748 7.526000 2.119913
v 70.791313 6.744956 3.784528
v 69.571648 5.427001 3.209022
v 65.974815 2.561650 1.496577
v 65.183365 0.773186 1.742454
v 69.107384 3.510735 4.369923
v 68.303787 4.030031 2.643582
v 67.879539 0.760273 5.509658
v 68.579880 2.035316 5.252727
v 65.471497 -3.419222 6.146562
v 66.202621 -1.936241 5.492814
v 65.905205 -0.769075 3.367346
v 67.079872 -0.286918 4.961054
v 64.077042 -5.418781 4.925073
v 63.288544 -7.093717 5.232431
v 62.795258 -5.515616 2.965286
v 64.817001 -4.592340 5.961508
v 70.416168 9.467172 1.556370
v 59.620434 -5.697267 0.854650
v 58.545364 -6.476488 0.631203
v 57.853436 -7.964365 0.655302
v 67.083199 3.744069 1.739307
v 62.860203 -2.033143 1.436542
v 61.829853 -3.635936 1.374306
v 59.292130 -9.591571 1.611263
v 60.777100 -10.730881 3.420735
v 64.287575 -1.038935 1.950015
v 61.266949 -12.321376 6.167776
v 60.018276 -14.217646 4.760856
v 61.021965 -5.283962 1.412273
v 61.976921 -9.901867 4.878596
v 62.632835 -8.748803 5.533926
v 57.417229 -9.818857 0.791222
v 59.537083 -13.798863 3.622389
v 61.569122 -11.390863 5.658338
v 57.803230 -17.854101 3.302508
v 57.987064 -16.513229 3.012339
v 58.262062 -14.506904 2.550126
v 57.225830 -11.437261 1.027757
v 71.719604 11.953482 1.343320
v 74.071678 12.448186 3.204685
v 73.927368 11.640207 4.070493
v 62.452259 -7.511274 3.893110
v 59.641281 -7.016997 1.197566
v 59.373734 -7.898546 1.258311
v 63.098972 -3.584542 2.250761
v 59.917244 -12.421514 3.369500
v 61.650986 -9.205788 3.717007
v 62.136253 -8.527533 4.110616
v 52.589108 3.475209 2.616268
v 54.943081 8.289673 6.072010
v 58.084347 12.647489 6.793218
v 64.634995 21.563478 6.682141
v 52.140995 -48.010574 5.590037
v 47.002903 -60.592010 5.770823
v 50.188160 -51.447655 4.800092
v 45.966118 -67.769867 10.905999
v 49.760361 -53.773449 5.503742
v 48.262592 -49.993881 1.990480
v 51.836922 -51.174274 7.264065
v 46.661327 -65.213661 9.843614
v 47.580139 -63.777691 10.495936
v 47.501808 -65.345673 12.029365
v 50.833630 -52.819843 6.570706
v 48.024742 -65.516777 13.802443
v 48.292992 -61.824951 10.129264
v 50.377129 -58.004272 11.153668
v 49.102856 -59.752560 9.767083
v 49.331680 -57.983166 8.330208
v 51.583260 -49.893810 5.927501
v 52.494862 -49.234840 7.160499
v 51.539581 -53.146717 8.296150
v 50.479359 -54.487221 7.254834
v 45.835110 -66.008316 8.841610
v 45.943382 -69.810234 12.817822
v 46.640263 -68.518768 13.224976
v 45.141987 -70.272346 11.539146
v 47.209869 -67.034958 13.114756
v 44.723461 -68.497147 9.043292
v 44.646801 -69.677475 10.024630
v 45.241882 -67.174683 8.772072
v 46.608524 -50.970879 1.077172
v 49.692749 -56.298954 7.390534
v 49.067398 -55.461655 5.610860
v 49.699345 -47.697433 2.471886
v 48.699104 -47.834145 1.531769
v 49.498871 -46.447479 1.826999
v 51.115459 -49.522289 4.999480
v 50.435825 -48.802429 3.801117
v 46.613541 -52.366631 1.513259
v 48.865604 -54.584133 4.750902
v 48.924168 -53.631104 4.300279
v 46.581654 -54.202461 2.112086
v 48.133575 -52.763199 3.003466
v 47.042412 -63.664684 9.102417
v 48.235809 -63.422672 11.874830
v 48.721657 -62.363846 11.998125
v 47.330387 -62.466923 8.508815
v 49.206867 -61.133713 11.820250
v 50.383331 -56.584606 9.349846
v 49.677559 -59.850777 11.497461
v 48.190723 -60.300240 8.153610
v 48.287380 -59.256287 7.274443
v 47.705933 -61.286079 8.108491
v 51.046780 -54.600246 8.684829
v 50.588829 -55.577984 8.682282
v 49.268501 -50.761326 3.353912
v 47.215839 25.484871 3.952558
v 46.776657 26.112518 2.873277
v 53.015984 -8.799051 17.218252
v 54.111469 -8.760184 16.870907
v 52.289284 -9.941779 17.598263
v 52.720726 -9.362302 17.379883
v 53.455132 -7.621280 16.934645
v 52.730721 -7.791982 17.159161
v 49.855831 -12.580419 18.971844
v 49.767704 -11.239295 18.731106
v 49.781452 -11.886125 18.862038
v -4.955970 22.547237 9.280431
v -19.001303 48.115955 3.854379
v -17.373394 43.962128 3.407475
v -14.509040 39.428329 3.689936
v -5.243363 22.493811 4.828711
v -14.804318 42.082615 6.721211
v -10.203742 32.611233 5.199687
v -18.369104 41.578979 1.371162
v -16.155806 44.474667 6.249555
v -15.952257 38.224918 1.659984
v -3.255917 18.793884 7.272167
v -8.029093 27.535095 4.278541
v -7.111429 23.522758 2.589177
v -12.757148 36.317471 3.626081
v -18.145508 46.122929 3.743957
v -17.582125 46.204384 4.942593
v -8.441426 25.072302 1.948382
v -17.113207 46.506336 6.591851
v -19.112894 45.293056 2.090069
v -18.859615 43.677074 1.724938
v -10.930576 34.639389 6.518675
v -11.616443 34.609329 4.204982
v -11.842152 35.980461 5.542206
v -4.505588 20.509069 4.092202
v -5.888534 21.289436 2.779053
v -15.598343 42.630745 5.050791
v -10.059686 33.270828 7.456534
v -11.812821 33.154240 2.899247
v -11.099461 31.279701 2.713698
v -13.340787 37.885338 4.017302
v -14.096615 37.430813 2.647556
v -12.587583 37.405472 5.469868
v -13.807593 35.982410 2.132727
v -14.841164 36.574745 1.616368
v -13.348955 38.636333 5.026573
v -15.657692 41.613079 3.807927
v -14.594798 40.955994 5.195778
v -18.758104 46.224678 2.905990
v -18.028971 47.786434 5.964309
v -18.364956 39.729897 0.904993
v -13.788353 39.610287 5.421656
v -17.303028 39.791145 1.361478
v -16.393593 40.667683 2.398087
v -9.364632 31.997086 7.551159
v -17.640207 38.603920 0.963075
v -8.929108 30.941357 6.683547
v -8.015561 29.027508 6.932266
v -9.205459 30.164471 4.563895
v -6.428962 25.840843 6.636618
v -5.471697 23.887569 7.004566
v -6.474864 24.977030 4.697570
v -4.105664 20.641500 6.085868
v -4.591919 22.123690 7.144479
v -4.130679 20.622458 8.466143
v -10.006745 28.110422 2.153229
v -9.128141 26.528660 2.112048
v -2.463020 16.559401 9.143779
v -3.668464 18.973721 4.911592
v -2.823445 17.524670 5.635968
v -3.219731 17.479773 4.120914
v -2.506343 16.904432 7.262279
v -2.983623 17.731750 8.912741
v -3.334785 16.637955 3.036035
v -3.650425 19.016945 9.486073
v -7.700906 25.561447 2.999056
v -12.979773 34.597790 2.340936
v -10.126612 29.477301 2.680346
v -7.101160 21.928839 1.925980
v -7.046934 27.135927 7.567586
v -18.561743 48.913872 6.123468
v -6.980330 26.518213 5.502141
v -9.173346 28.759666 3.352501
v -16.953213 42.138947 2.704649
v -17.831024 42.740414 2.250281
v -7.295859 27.376051 6.135838
v 30.516066 15.712203 4.532330
v 29.868393 14.649462 5.836239
v 30.951521 15.540394 14.947135
v 30.836258 16.391075 13.754027
v 31.448412 16.067816 15.938697
v 30.762962 17.299143 12.037588
v 30.548912 16.904818 10.302055
v 30.397427 16.523628 8.852233
v 30.125437 15.509579 6.357457
v 30.378725 14.565174 3.684298
v 31.008652 17.260811 4.701648
v 30.700279 17.016308 6.075571
v 30.249437 16.072838 7.476889
v 31.089729 16.988417 4.026835
v 30.518997 15.077683 13.924275
v 30.395470 15.365535 12.649531
v 31.227783 17.833279 13.425773
v 30.301620 15.845240 11.201123
v 31.208675 18.868057 11.198166
v 30.976364 18.230654 10.432080
v 30.213030 15.775049 10.147956
v 30.092096 15.446165 9.605240
v 30.948465 18.099651 9.006596
v 29.998114 15.266943 8.670485
v 29.709772 14.382495 6.693969
v 29.801344 14.735215 6.838236
v 29.913177 15.121273 7.446362
v 30.684748 17.276529 7.470783
v 30.830872 17.739557 8.059212
v 83.184647 31.551575 3.284591
v 82.297134 35.867275 2.302844
v 82.839859 36.928879 3.293956
v 82.471481 33.741199 2.440757
v 81.170959 34.485947 1.471031
v 81.355453 32.865372 1.737488
v 81.030388 31.119587 1.729220
v 80.623177 29.729637 1.563291
v 80.074028 32.114193 1.037407
v 54.556236 7.441516 5.133037
v 55.610596 9.380948 7.093309
v 76.214394 36.288502 6.213976
v 75.760124 36.677292 5.053617
v 75.293060 36.802994 3.998921
v 74.541733 35.438713 4.867843
v 75.164604 35.496056 5.779677
v 75.473404 35.170433 6.514466
v 77.045120 37.131104 6.347408
v 76.712128 37.346886 5.549125
v 50.248096 -3.956892 15.813142
v 51.936771 -4.272621 16.319454
v 51.424343 -2.886388 14.821004
v 50.390930 -2.913247 14.875729
v 50.897202 -4.892427 16.582874
v 50.159458 -4.987578 16.501450
v 51.051682 2.164448 2.404220
v 50.789600 2.058796 4.010268
v 50.635635 1.587716 5.894195
v 50.748844 0.832423 7.843905
v 51.063831 -0.095894 9.796628
v 51.486897 -1.132908 11.773142
v 51.655869 -2.152457 13.546091
v 52.965134 -2.214298 14.583344
v 52.922440 -0.922826 13.049472
v 52.653229 0.438180 11.131328
v 52.352169 1.699422 9.040553
v 51.887482 2.395554 7.040355
v 51.878857 2.984810 5.294380
v 52.270836 3.528357 3.642986
v 54.377579 -0.173759 13.852142
v 55.837543 0.728117 15.098080
v 56.381336 2.144622 14.352062
v 54.548847 1.223245 12.676400
v 62.611652 16.073675 10.884751
v 56.886078 8.678750 11.402534
v 70.060303 27.724623 7.879901
v 67.124001 23.008993 9.062783
v 59.729828 12.573062 11.023433
v 54.036411 5.341973 8.000254
v 68.223076 25.034420 8.377842
v 64.625107 19.295319 9.810458
v 74.060654 33.738499 6.220168
v 57.042370 4.853493 13.579185
v 55.851612 3.408249 12.757822
v 55.547859 5.211530 11.275814
v 54.585697 3.336099 10.732405
v 68.223015 23.984215 9.333970
v 68.464890 23.418913 9.862042
v 62.951607 18.268740 8.937771
v 63.294800 19.224724 7.972672
v 56.839642 6.679167 12.583266
v 55.473564 7.208546 10.101453
v 70.264687 26.670137 8.908465
v 69.405205 26.370476 8.522802
v 65.886162 22.794436 7.485789
v 66.758644 23.860819 7.529383
v 72.306625 32.736248 5.075970
v 73.268379 34.045258 4.637670
v 61.227058 15.722476 9.574804
v 62.025387 17.009384 9.143192
v 63.977295 16.707319 11.376179
v 63.878323 15.694164 11.940646
v 66.268280 17.392036 11.837135
v 66.495171 20.256023 10.529070
v 67.470528 21.538322 10.335132
v 65.860184 21.176622 9.425093
v 64.948814 17.722885 11.194902
v 63.437969 17.594847 10.300802
v 66.383179 18.853502 11.202626
v 58.280617 4.959916 14.420883
v 57.799797 4.011895 14.473879
v 56.992901 3.466368 14.142287
v 68.856270 26.560101 7.744772
v 68.870010 27.177683 6.947690
v 71.795883 30.554779 6.875888
v 73.272583 31.848236 7.190008
v 72.296860 32.013115 6.087154
v 74.136803 32.696972 7.224357
v 71.395233 29.184875 7.722504
v 71.611664 28.333429 8.506622
v 70.328133 29.192081 6.527029
v 68.297050 22.583767 10.206042
v 71.041008 27.304861 8.889390
v 69.322975 27.998531 6.465670
v 61.991722 13.382615 12.259502
v 63.041885 14.593596 12.119621
v 61.251602 14.492154 10.939575
v 58.007092 6.017220 13.924822
v 58.426647 7.453838 13.561368
v 58.629326 9.056328 12.828180
v 55.779003 8.876802 9.209450
v 56.576637 10.276521 8.997043
v 54.007942 6.301480 5.742730
v 54.404354 7.119735 6.536355
v 53.582100 3.151243 9.190491
v 52.951324 3.268817 7.887211
v 52.879494 4.363506 4.793920
v 52.839928 3.944652 6.418370
v 53.478306 5.241777 5.676008
v 53.621826 1.950137 10.498977
v 61.966801 12.170928 12.827045
v 61.246552 11.098794 13.018696
v 65.494293 21.900455 8.179934
v 64.423935 20.562616 8.126936
v 59.977589 10.155762 12.922990
v 58.145027 10.602133 11.252016
v 57.630177 11.516219 9.387211
v 60.071896 14.582834 8.989902
v 58.922131 13.459298 8.219707
v 58.016388 12.377694 8.346576
v 54.895950 7.746107 7.896262
v 54.652184 2.409458 11.605324
v 56.286743 5.039531 12.553293
v 54.836823 5.464430 9.787001
v 54.431992 4.351420 9.684046
v 54.803764 6.429522 9.110564
v 56.126526 7.021118 11.397175
v 60.999184 13.201336 11.739617
v 57.644466 8.101456 12.661284
v 56.745171 9.706089 10.288167
v 53.016792 4.424244 3.620548
v 61.023746 12.497630 12.179669
v 60.653908 11.822338 12.334275
v 59.830101 11.297812 12.139995
v 58.449902 11.931690 10.192568
v 57.205276 11.352247 8.250842
v 57.201611 10.473103 10.153533
v 59.811466 13.703956 9.853532
v 59.633259 14.452901 7.682249
v 59.067417 13.088058 9.419604
v 58.589565 12.494882 9.556316
v 63.742928 20.156511 7.155793
v 55.609016 -0.616555 15.745107
v 53.944618 -1.879447 15.094055
v 54.493858 -1.151111 15.057188
v 53.689930 -1.340539 14.236310
v 53.837151 -2.639575 15.632183
v 55.033211 -0.343029 14.923290
v 47.023605 1.053249 2.861162
v 49.149605 1.103607 2.310629
v 49.783173 1.125196 1.909904
v 46.359547 0.649198 1.469666
v 45.616165 0.771028 1.342008
v 45.664196 1.313015 2.557902
v 47.096828 0.588761 1.224755
v 47.992065 0.837579 1.797079
v 50.291763 1.176724 1.557546
v 48.791283 1.160181 3.047101
v 47.407806 1.127602 5.720408
v 47.436329 1.033440 7.219185
v 47.987125 0.445411 9.227323
v 48.577091 -0.085419 9.990666
v 46.351517 1.263111 4.751316
v 45.547150 1.479043 4.147883
v 48.554726 1.206993 4.368490
v 47.149441 0.825973 8.740722
v 49.040916 -0.666702 10.862342
v 50.064034 -1.660647 12.645167
v 50.465778 -2.028978 13.316274
v 49.560429 -1.180481 11.783351
v 49.012512 1.136071 6.589166
v 48.739086 1.203801 5.788540
v 46.215157 1.361841 6.085915
v 46.057449 1.437169 7.008155
v 49.000389 0.911057 7.447913
v 49.623795 0.267250 9.034963
v 48.964252 0.480143 8.696600
v 47.082294 0.597301 9.808853
v 47.227348 0.271604 10.430736
v 48.578831 0.706034 8.231406
v 46.083496 1.277004 8.957262
v 46.044807 1.423286 8.047785
v 47.667568 -0.388363 10.955804
v 48.412903 -1.190681 12.012241
v 50.301495 -0.719173 10.912002
v 3.129733 12.898568 3.259645
v 3.965462 11.241657 1.682295
v 4.941475 11.571554 15.472888
v 0.817920 12.575842 2.505930
v 1.798337 11.675634 1.834598
v 2.324372 13.507923 12.545558
v 3.141864 12.779347 13.704444
v 4.057310 11.066770 15.615179
v 2.123776 14.758082 8.179901
v 2.339928 14.706271 9.461027
v 2.830379 11.306424 15.252825
v 1.609207 14.167258 11.319208
v 1.693839 14.517423 6.747889
v 1.539137 13.818649 4.850549
v 0.903926 13.260829 3.534149
v 4.849236 13.309266 3.321490
v 4.921676 12.665277 2.627581
v 3.656341 14.206279 5.640755
v 4.778078 13.803657 4.172438
v 4.191786 13.649417 12.636871
v 3.583290 13.821998 12.175670
v 0.946861 13.315959 12.969700
v 1.373564 12.470434 14.054658
v 4.587543 12.016138 14.831355
v 3.647347 14.873953 8.919363
v 3.362585 14.868503 8.338875
v 0.852149 14.753845 8.078461
v 0.789592 14.716430 9.350964
v 3.500558 14.646507 9.994266
v 3.975605 12.119933 14.601709
v 1.979459 11.791039 14.766518
v 0.301119 13.666775 12.493072
v 3.219826 14.211915 11.355368
v 0.950442 14.538129 10.378137
v 0.380305 14.699439 7.354646
v 3.262229 14.708296 7.342240
v 0.207663 13.780126 4.308397
v 27.180977 11.845199 2.965090
v 26.521646 10.556772 1.762924
v 27.541714 11.276448 15.812038
v 26.013836 9.776668 1.330525
v 25.567295 10.320524 1.551829
v 27.001831 12.801839 4.419807
v 27.607258 13.184398 5.182958
v 28.146570 12.731943 4.047248
v 28.248957 11.234112 2.273503
v 28.491295 12.067259 2.986148
v 29.095263 11.594857 2.358739
v 27.534147 10.374224 1.771762
v 27.598417 13.623920 7.383212
v 27.609579 13.495642 6.386373
v 27.020969 9.753616 1.383367
v 28.235540 12.420736 13.897608
v 28.897205 11.946008 14.877682
v 27.528339 13.660013 8.451081
v 27.329176 13.617989 9.807515
v 27.750643 13.519637 10.667749
v 27.747587 13.233381 11.893653
v 27.331339 12.854635 13.109905
v 26.533142 10.423911 17.017237
v 26.545362 9.500082 17.706093
v 27.483831 9.725399 17.209978
v 26.399675 11.931226 15.525950
v 26.857494 12.347019 14.490351
v 29.157299 11.160768 15.984392
v 28.492655 10.144848 16.788568
v 29.510216 10.094298 17.061066
v 30.235115 10.267554 17.308102
v 29.152458 12.490730 13.979043
v 28.414557 13.439972 11.094518
v 26.846205 13.172246 12.387562
v 28.179087 12.920420 12.786625

g 20_F_0004G
usemtl 20_F_0004G
s

f 3 2 1
f 4 3 1
f 5 4 1
f 6 5 1
f 7 6 1
f 8 7 1
f 9 8 1
f 10 9 1
f 2 10 1
f 11 10 2
f 12 11 2
f 3 12 2
f 13 12 3
f 14 13 3
f 15 14 3
f 4 15 3
f 5 16 4
f 16 15 4
f 17 16 5
f 18 17 5
f 6 18 5
f 19 18 6
f 7 19 6
f 20 19 7
f 21 20 7
f 22 21 7
f 8 22 7
f 23 22 8
f 9 23 8
f 10 23 9
f 24 23 10
f 25 24 10
f 26 25 10
f 11 26 10
f 27 26 11
f 12 27 11
f 13 27 12
f 14 28 13
f 28 29 13
f 29 30 13
f 30 31 13
f 31 27 13
f 15 32 14
f 32 28 14
f 16 33 15
f 33 32 15
f 34 33 16
f 17 34 16
f 35 34 17
f 36 35 17
f 37 36 17
f 18 37 17
f 38 37 18
f 19 38 18
f 39 38 19
f 40 39 19
f 41 40 19
f 20 41 19
f 42 41 20
f 21 42 20
f 43 42 21
f 22 43 21
f 44 43 22
f 23 44 22
f 45 44 23
f 24 45 23
f 46 45 24
f 47 46 24
f 25 47 24
f 48 47 25
f 26 48 25
f 31 48 26
f 27 31 26
f 32 49 28
f 49 50 28
f 50 30 28
f 30 29 28
f 50 51 30
f 51 52 30
f 52 31 30
f 52 53 31
f 53 47 31
f 47 48 31
f 33 54 32
f 54 55 32
f 55 49 32
f 57 56 33
f 56 58 33
f 58 54 33
f 35 57 34
f 57 33 34
f 59 57 35
f 60 59 35
f 61 60 35
f 62 61 35
f 63 62 35
f 37 63 35
f 36 37 35
f 64 63 37
f 39 64 37
f 38 39 37
f 65 64 39
f 66 65 39
f 40 66 39
f 41 66 40
f 67 66 41
f 68 67 41
f 69 68 41
f 42 69 41
f 70 69 42
f 71 70 42
f 44 71 42
f 43 44 42
f 72 71 44
f 73 72 44
f 45 73 44
f 74 73 45
f 75 74 45
f 46 75 45
f 47 75 46
f 53 75 47
f 49 55 50
f 55 76 50
f 76 77 50
f 77 78 50
f 78 51 50
f 54 58 55
f 58 79 55
f 79 80 55
f 80 76 55
f 52 81 53
f 81 82 53
f 82 83 53
f 83 75 53
f 84 69 70
f 85 84 70
f 86 85 70
f 87 86 70
f 72 87 70
f 71 72 70
f 84 68 69
f 88 67 68
f 89 88 68
f 90 89 68
f 84 90 68
f 91 66 67
f 92 91 67
f 93 92 67
f 94 93 67
f 88 94 67
f 64 65 66
f 91 64 66
f 95 63 64
f 96 95 64
f 97 96 64
f 98 97 64
f 91 98 64
f 99 62 63
f 95 99 63
f 73 87 72
f 86 87 73
f 100 86 73
f 101 100 73
f 74 101 73
f 75 83 74
f 83 102 74
f 102 101 74
f 76 80 77
f 80 103 77
f 103 81 77
f 81 78 77
f 59 104 57
f 104 105 57
f 105 106 57
f 106 56 57
f 106 58 56
f 106 107 58
f 107 108 58
f 108 109 58
f 109 80 58
f 80 79 58
f 110 104 59
f 60 110 59
f 111 110 60
f 112 111 60
f 62 112 60
f 61 62 60
f 113 112 62
f 99 113 62
f 114 90 84
f 85 114 84
f 115 114 85
f 116 115 85
f 86 116 85
f 81 52 78
f 52 51 78
f 109 117 80
f 117 118 80
f 118 119 80
f 119 103 80
f 103 120 81
f 120 121 81
f 121 82 81
f 121 122 82
f 122 123 82
f 123 83 82
f 123 102 83
f 102 124 101
f 124 116 101
f 116 100 101
f 123 125 102
f 125 126 102
f 126 124 102
f 126 116 124
f 100 116 86
f 127 115 116
f 126 127 116
f 128 94 88
f 129 128 88
f 130 129 88
f 89 130 88
f 90 130 89
f 131 130 90
f 114 131 90
f 132 98 91
f 92 132 91
f 93 132 92
f 133 132 93
f 134 133 93
f 94 134 93
f 135 134 94
f 136 135 94
f 128 136 94
f 96 99 95
f 137 99 96
f 138 137 96
f 98 138 96
f 97 98 96
f 139 138 98
f 140 139 98
f 132 140 98
f 141 113 99
f 137 141 99
f 123 142 125
f 142 126 125
f 143 127 126
f 144 143 126
f 127 131 114
f 115 127 114
f 145 112 113
f 146 145 113
f 147 146 113
f 141 147 113
f 108 148 109
f 148 149 109
f 149 117 109
f 149 150 117
f 150 151 117
f 151 118 117
f 145 111 112
f 152 110 111
f 153 152 111
f 154 153 111
f 146 154 111
f 145 146 111
f 151 155 118
f 155 119 118
f 155 156 119
f 156 157 119
f 157 120 119
f 120 103 119
f 158 104 110
f 152 158 110
f 158 159 104
f 159 105 104
f 107 148 108
f 106 105 107
f 105 159 107
f 159 160 107
f 160 161 107
f 161 149 107
f 149 148 107
f 157 122 120
f 122 121 120
f 157 156 122
f 156 162 122
f 162 163 122
f 163 123 122
f 163 162 123
f 162 164 123
f 164 142 123
f 165 131 127
f 166 165 127
f 143 166 127
f 167 136 128
f 168 167 128
f 129 168 128
f 131 168 129
f 130 131 129
f 169 168 131
f 165 169 131
f 133 140 132
f 170 140 133
f 171 170 133
f 134 171 133
f 172 171 134
f 173 172 134
f 135 173 134
f 174 173 135
f 175 174 135
f 136 175 135
f 169 175 136
f 167 169 136
f 176 141 137
f 177 176 137
f 139 177 137
f 138 139 137
f 178 177 139
f 179 178 139
f 140 179 139
f 170 179 140
f 180 147 141
f 176 180 141
f 164 181 142
f 181 182 142
f 182 183 142
f 184 166 143
f 185 184 143
f 186 185 143
f 144 186 143
f 187 154 146
f 188 187 146
f 147 188 146
f 180 188 147
f 161 189 149
f 189 190 149
f 190 191 149
f 191 150 149
f 191 192 150
f 192 151 150
f 192 193 151
f 193 155 151
f 153 194 152
f 194 195 152
f 195 158 152
f 196 194 153
f 197 196 153
f 198 197 153
f 154 198 153
f 199 198 154
f 200 199 154
f 187 200 154
f 193 162 155
f 162 156 155
f 195 160 158
f 160 159 158
f 195 201 160
f 201 202 160
f 202 189 160
f 189 161 160
f 193 203 162
f 203 164 162
f 203 204 164
f 204 205 164
f 205 182 164
f 182 181 164
f 206 169 165
f 166 206 165
f 207 206 166
f 184 207 166
f 168 169 167
f 208 175 169
f 209 208 169
f 206 209 169
f 210 179 170
f 211 210 170
f 171 211 170
f 212 211 171
f 213 212 171
f 172 213 171
f 214 213 172
f 173 214 172
f 215 214 173
f 174 215 173
f 208 215 174
f 175 208 174
f 216 180 176
f 178 216 176
f 177 178 176
f 217 216 178
f 210 217 178
f 179 210 178
f 218 188 180
f 219 218 180
f 216 219 180
f 205 220 182
f 220 221 182
f 221 183 182
f 221 222 183
f 222 223 183
f 223 224 183
f 224 142 183
f 225 207 184
f 226 225 184
f 185 226 184
f 223 226 185
f 224 223 185
f 186 224 185
f 227 200 187
f 188 227 187
f 228 227 188
f 218 228 188
f 202 229 189
f 229 230 189
f 230 231 189
f 231 191 189
f 191 190 189
f 231 232 191
f 232 233 191
f 233 192 191
f 233 234 192
f 234 193 192
f 234 203 193
f 196 235 194
f 235 201 194
f 201 195 194
f 197 236 196
f 236 237 196
f 237 238 196
f 238 235 196
f 239 236 197
f 240 239 197
f 198 240 197
f 241 240 198
f 199 241 198
f 227 241 199
f 200 227 199
f 235 238 201
f 238 242 201
f 242 229 201
f 229 202 201
f 234 243 203
f 243 244 203
f 244 245 203
f 245 204 203
f 245 246 204
f 246 247 204
f 247 205 204
f 247 220 205
f 207 209 206
f 248 209 207
f 249 248 207
f 250 249 207
f 225 250 207
f 251 215 208
f 252 251 208
f 209 252 208
f 248 252 209
f 253 217 210
f 254 253 210
f 211 254 210
f 255 254 211
f 256 255 211
f 212 256 211
f 257 256 212
f 213 257 212
f 258 257 213
f 214 258 213
f 251 258 214
f 215 251 214
f 259 219 216
f 259 216 217
f 260 259 217
f 253 260 217
f 261 228 218
f 219 261 218
f 262 261 219
f 259 262 219
f 247 263 220
f 263 264 220
f 264 221 220
f 226 223 222
f 225 226 222
f 250 225 222
f 265 250 222
f 186 142 224
f 266 241 227
f 267 266 227
f 228 267 227
f 268 267 228
f 269 268 228
f 270 269 228
f 261 270 228
f 242 271 229
f 271 272 229
f 272 273 229
f 273 230 229
f 273 274 230
f 274 232 230
f 232 231 230
f 274 275 232
f 275 243 232
f 243 233 232
f 243 234 233
f 239 276 236
f 276 277 236
f 277 278 236
f 278 237 236
f 278 279 237
f 279 238 237
f 279 271 238
f 271 242 238
f 280 276 239
f 281 280 239
f 282 281 239
f 240 282 239
f 266 282 240
f 241 266 240
f 275 283 243
f 283 284 243
f 284 244 243
f 284 245 244
f 284 285 245
f 285 286 245
f 286 246 245
f 286 263 246
f 263 247 246
f 287 252 248
f 288 287 248
f 289 288 248
f 249 289 248
f 265 289 249
f 250 265 249
f 290 258 251
f 252 290 251
f 291 290 252
f 287 291 252
f 254 260 253
f 292 260 254
f 293 292 254
f 255 293 254
f 294 293 255
f 256 294 255
f 295 294 256
f 257 295 256
f 290 295 257
f 258 290 257
f 260 262 259
f 296 262 260
f 297 296 260
f 298 297 260
f 292 298 260
f 299 270 261
f 262 299 261
f 296 299 262
f 286 300 263
f 300 301 263
f 301 302 263
f 302 264 263
f 302 221 264
f 303 289 265
f 304 282 266
f 305 304 266
f 268 305 266
f 267 268 266
f 306 305 268
f 307 306 268
f 308 307 268
f 269 308 268
f 309 308 269
f 270 309 269
f 310 309 270
f 299 310 270
f 279 311 271
f 311 312 271
f 312 313 271
f 313 272 271
f 313 273 272
f 313 314 273
f 314 315 273
f 315 316 273
f 316 274 273
f 316 283 274
f 283 275 274
f 317 277 276
f 318 317 276
f 280 318 276
f 317 319 277
f 319 320 277
f 320 278 277
f 320 311 278
f 311 279 278
f 321 318 280
f 322 321 280
f 282 322 280
f 281 282 280
f 323 322 282
f 324 323 282
f 305 324 282
f 304 305 282
f 316 285 283
f 285 325 283
f 325 284 283
f 325 285 284
f 316 326 285
f 326 327 285
f 327 328 285
f 328 286 285
f 328 300 286
f 329 291 287
f 330 329 287
f 303 330 287
f 288 303 287
f 289 303 288
f 331 295 290
f 332 331 290
f 291 332 290
f 333 332 291
f 334 333 291
f 329 334 291
f 335 298 292
f 293 335 292
f 336 335 293
f 294 336 293
f 331 336 294
f 295 331 294
f 337 299 296
f 338 337 296
f 339 338 296
f 298 339 296
f 297 298 296
f 340 339 298
f 341 340 298
f 342 341 298
f 335 342 298
f 337 310 299
f 328 343 300
f 343 344 300
f 344 301 300
f 344 302 301
f 345 330 303
f 346 324 305
f 347 346 305
f 348 347 305
f 306 348 305
f 347 348 306
f 307 347 306
f 349 347 307
f 350 349 307
f 351 350 307
f 308 351 307
f 352 351 308
f 309 352 308
f 353 352 309
f 310 353 309
f 354 353 310
f 355 354 310
f 337 355 310
f 320 356 311
f 356 357 311
f 357 358 311
f 358 312 311
f 358 313 312
f 358 314 313
f 358 359 314
f 359 360 314
f 360 361 314
f 361 315 314
f 361 326 315
f 326 316 315
f 318 362 317
f 362 363 317
f 363 364 317
f 364 319 317
f 365 362 318
f 366 365 318
f 321 366 318
f 364 356 319
f 356 320 319
f 323 366 321
f 322 323 321
f 367 366 323
f 346 367 323
f 324 346 323
f 361 368 326
f 368 369 326
f 369 327 326
f 369 343 327
f 343 328 327
f 345 334 329
f 330 345 329
f 370 336 331
f 371 370 331
f 332 371 331
f 372 371 332
f 373 372 332
f 333 373 332
f 374 373 333
f 334 374 333
f 345 374 334
f 370 342 335
f 336 370 335
f 375 355 337
f 339 375 337
f 338 339 337
f 376 375 339
f 340 376 339
f 377 376 340
f 378 377 340
f 342 378 340
f 341 342 340
f 379 378 342
f 371 379 342
f 370 371 342
f 369 380 343
f 380 381 343
f 381 382 343
f 382 344 343
f 382 302 344
f 303 374 345
f 383 367 346
f 384 383 346
f 349 384 346
f 347 349 346
f 385 384 349
f 386 385 349
f 387 386 349
f 350 387 349
f 388 387 350
f 351 388 350
f 389 388 351
f 352 389 351
f 390 389 352
f 353 390 352
f 391 390 353
f 392 391 353
f 393 392 353
f 354 393 353
f 394 393 354
f 395 394 354
f 355 395 354
f 376 395 355
f 375 376 355
f 364 396 356
f 396 397 356
f 397 398 356
f 398 357 356
f 398 359 357
f 359 358 357
f 398 399 359
f 399 400 359
f 400 401 359
f 401 402 359
f 402 360 359
f 402 361 360
f 402 368 361
f 365 403 362
f 403 404 362
f 404 405 362
f 405 364 362
f 364 363 362
f 405 396 364
f 366 406 365
f 406 407 365
f 407 403 365
f 408 406 366
f 367 408 366
f 409 408 367
f 383 409 367
f 402 401 368
f 401 410 368
f 410 411 368
f 411 369 368
f 411 380 369
f 412 379 371
f 413 412 371
f 414 413 371
f 372 414 371
f 415 414 372
f 373 415 372
f 416 415 373
f 374 416 373
f 303 416 374
f 394 395 376
f 417 394 376
f 418 417 376
f 377 418 376
f 419 418 377
f 379 419 377
f 378 379 377
f 420 419 379
f 412 420 379
f 411 421 380
f 421 422 380
f 422 423 380
f 423 424 380
f 424 381 380
f 424 382 381
f 425 409 383
f 426 425 383
f 385 426 383
f 384 385 383
f 427 426 385
f 428 427 385
f 429 428 385
f 386 429 385
f 430 429 386
f 387 430 386
f 431 430 387
f 388 431 387
f 432 431 388
f 389 432 388
f 390 432 389
f 433 432 390
f 434 433 390
f 391 434 390
f 435 434 391
f 436 435 391
f 392 436 391
f 437 436 392
f 393 437 392
f 438 437 393
f 394 438 393
f 439 438 394
f 417 439 394
f 405 440 396
f 440 441 396
f 441 442 396
f 442 443 396
f 443 397 396
f 443 399 397
f 399 398 397
f 443 444 399
f 444 445 399
f 445 446 399
f 446 400 399
f 446 410 400
f 410 401 400
f 407 447 403
f 447 448 403
f 448 449 403
f 449 404 403
f 449 440 404
f 440 405 404
f 450 407 406
f 408 450 406
f 450 451 407
f 451 447 407
f 452 450 408
f 409 452 408
f 453 452 409
f 425 453 409
f 446 421 410
f 421 411 410
f 454 420 412
f 455 454 412
f 413 455 412
f 456 455 413
f 414 456 413
f 415 456 414
f 457 456 415
f 416 457 415
f 458 439 417
f 418 458 417
f 420 458 418
f 419 420 418
f 459 458 420
f 460 459 420
f 461 460 420
f 454 461 420
f 446 462 421
f 462 463 421
f 463 422 421
f 463 464 422
f 464 465 422
f 465 423 422
f 465 424 423
f 465 466 424
f 467 453 425
f 427 467 425
f 426 427 425
f 468 467 427
f 469 468 427
f 470 469 427
f 428 470 427
f 471 470 428
f 429 471 428
f 472 471 429
f 430 472 429
f 473 472 430
f 431 473 430
f 474 473 431
f 432 474 431
f 475 474 432
f 433 475 432
f 476 475 433
f 434 476 433
f 477 476 434
f 478 477 434
f 435 478 434
f 479 478 435
f 436 479 435
f 480 479 436
f 438 480 436
f 437 438 436
f 481 480 438
f 482 481 438
f 483 482 438
f 439 483 438
f 459 483 439
f 458 459 439
f 449 484 440
f 484 441 440
f 484 485 441
f 485 486 441
f 486 487 441
f 487 488 441
f 488 442 441
f 488 443 442
f 488 487 443
f 487 489 443
f 489 490 443
f 490 444 443
f 490 491 444
f 491 462 444
f 462 445 444
f 462 446 445
f 451 492 447
f 492 493 447
f 493 494 447
f 494 448 447
f 494 484 448
f 484 449 448
f 452 495 450
f 495 451 450
f 495 496 451
f 496 492 451
f 497 495 452
f 453 497 452
f 467 498 453
f 498 499 453
f 499 497 453
f 500 461 454
f 455 500 454
f 501 500 455
f 456 501 455
f 457 501 456
f 416 501 457
f 502 483 459
f 503 502 459
f 504 503 459
f 460 504 459
f 505 504 460
f 461 505 460
f 506 505 461
f 500 506 461
f 491 507 462
f 507 508 462
f 508 463 462
f 508 509 463
f 509 464 463
f 509 466 464
f 466 465 464
f 509 510 466
f 510 511 466
f 512 498 467
f 468 512 467
f 513 512 468
f 514 513 468
f 469 514 468
f 515 514 469
f 516 515 469
f 470 516 469
f 517 516 470
f 471 517 470
f 518 517 471
f 472 518 471
f 519 518 472
f 473 519 472
f 520 519 473
f 474 520 473
f 521 520 474
f 475 521 474
f 476 521 475
f 522 521 476
f 523 522 476
f 524 523 476
f 477 524 476
f 525 524 477
f 478 525 477
f 526 525 478
f 480 526 478
f 479 480 478
f 527 526 480
f 481 527 480
f 528 527 481
f 529 528 481
f 483 529 481
f 482 483 481
f 530 529 483
f 502 530 483
f 494 531 484
f 531 485 484
f 531 532 485
f 532 533 485
f 533 486 485
f 533 489 486
f 489 487 486
f 533 534 489
f 534 535 489
f 535 490 489
f 535 536 490
f 536 507 490
f 507 491 490
f 496 537 492
f 537 538 492
f 538 494 492
f 494 493 492
f 538 539 494
f 539 531 494
f 497 540 495
f 540 496 495
f 540 541 496
f 541 542 496
f 542 543 496
f 543 537 496
f 499 544 497
f 544 540 497
f 512 545 498
f 545 499 498
f 545 546 499
f 546 544 499
f 501 506 500
f 416 506 501
f 547 530 502
f 548 547 502
f 503 548 502
f 549 548 503
f 504 549 503
f 550 549 504
f 505 550 504
f 506 550 505
f 551 550 506
f 536 552 507
f 552 553 507
f 553 508 507
f 553 510 508
f 510 509 508
f 553 554 510
f 554 555 510
f 555 511 510
f 555 556 511
f 556 557 511
f 558 545 512
f 559 558 512
f 513 559 512
f 560 559 513
f 561 560 513
f 562 561 513
f 514 562 513
f 563 562 514
f 564 563 514
f 515 564 514
f 565 564 515
f 517 565 515
f 516 517 515
f 566 565 517
f 518 566 517
f 567 566 518
f 519 567 518
f 568 567 519
f 520 568 519
f 569 568 520
f 521 569 520
f 570 569 521
f 522 570 521
f 571 570 522
f 572 571 522
f 523 572 522
f 573 572 523
f 524 573 523
f 574 573 524
f 525 574 524
f 527 574 525
f 526 527 525
f 575 574 527
f 576 575 527
f 577 576 527
f 528 577 527
f 530 577 528
f 529 530 528
f 578 577 530
f 579 578 530
f 580 579 530
f 547 580 530
f 539 581 531
f 581 582 531
f 582 532 531
f 582 534 532
f 534 533 532
f 582 583 534
f 583 535 534
f 583 584 535
f 584 585 535
f 585 552 535
f 552 536 535
f 543 539 537
f 539 538 537
f 543 586 539
f 586 587 539
f 587 588 539
f 588 589 539
f 589 581 539
f 544 590 540
f 590 541 540
f 590 591 541
f 591 592 541
f 592 543 541
f 543 542 541
f 592 593 543
f 593 586 543
f 546 594 544
f 594 590 544
f 558 595 545
f 595 546 545
f 595 596 546
f 596 594 546
f 597 580 547
f 598 597 547
f 548 598 547
f 550 598 548
f 549 550 548
f 551 598 550
f 597 598 551
f 599 597 551
f 600 599 551
f 585 554 552
f 554 553 552
f 585 584 554
f 584 601 554
f 601 556 554
f 556 555 554
f 601 602 556
f 602 603 556
f 603 604 556
f 604 557 556
f 604 511 557
f 559 605 558
f 605 606 558
f 606 607 558
f 607 595 558
f 608 605 559
f 560 608 559
f 609 608 560
f 561 609 560
f 610 609 561
f 563 610 561
f 562 563 561
f 611 610 563
f 612 611 563
f 565 612 563
f 564 565 563
f 613 612 565
f 566 613 565
f 614 613 566
f 567 614 566
f 568 614 567
f 615 614 568
f 616 615 568
f 569 616 568
f 570 616 569
f 617 616 570
f 618 617 570
f 619 618 570
f 571 619 570
f 620 619 571
f 573 620 571
f 572 573 571
f 621 620 573
f 622 621 573
f 575 622 573
f 574 575 573
f 623 622 575
f 624 623 575
f 625 624 575
f 577 625 575
f 576 577 575
f 626 625 577
f 578 626 577
f 627 626 578
f 628 627 578
f 579 628 578
f 629 628 579
f 597 629 579
f 580 597 579
f 589 583 581
f 583 582 581
f 589 630 583
f 630 631 583
f 631 584 583
f 631 602 584
f 602 601 584
f 593 587 586
f 593 632 587
f 632 633 587
f 633 634 587
f 634 588 587
f 634 630 588
f 630 589 588
f 594 635 590
f 635 636 590
f 636 637 590
f 637 591 590
f 637 593 591
f 593 592 591
f 637 638 593
f 638 632 593
f 596 639 594
f 639 635 594
f 607 640 595
f 640 596 595
f 640 641 596
f 641 639 596
f 642 629 597
f 599 642 597
f 600 642 599
f 643 642 600
f 631 644 602
f 644 645 602
f 645 646 602
f 646 603 602
f 646 604 603
f 646 647 604
f 648 606 605
f 608 648 605
f 649 607 606
f 650 649 606
f 648 650 606
f 649 651 607
f 651 652 607
f 652 640 607
f 650 648 608
f 653 650 608
f 654 653 608
f 609 654 608
f 655 654 609
f 610 655 609
f 656 655 610
f 611 656 610
f 657 656 611
f 613 657 611
f 612 613 611
f 658 657 613
f 614 658 613
f 659 658 614
f 615 659 614
f 660 659 615
f 616 660 615
f 661 660 616
f 617 661 616
f 662 661 617
f 663 662 617
f 618 663 617
f 619 663 618
f 664 663 619
f 665 664 619
f 621 665 619
f 620 621 619
f 666 665 621
f 667 666 621
f 623 667 621
f 622 623 621
f 668 667 623
f 624 668 623
f 626 668 624
f 625 626 624
f 669 668 626
f 670 669 626
f 627 670 626
f 671 670 627
f 672 671 627
f 643 672 627
f 673 643 627
f 629 673 627
f 628 629 627
f 643 673 629
f 642 643 629
f 634 674 630
f 674 644 630
f 644 631 630
f 638 675 632
f 675 676 632
f 676 677 632
f 677 634 632
f 634 633 632
f 677 678 634
f 678 674 634
f 639 679 635
f 679 680 635
f 680 637 635
f 637 636 635
f 680 681 637
f 681 638 637
f 681 675 638
f 641 682 639
f 682 683 639
f 683 679 639
f 652 684 640
f 684 641 640
f 684 685 641
f 685 686 641
f 686 687 641
f 687 682 641
f 688 672 643
f 689 688 643
f 600 689 643
f 674 678 644
f 678 690 644
f 690 691 644
f 691 647 644
f 647 645 644
f 647 646 645
f 691 692 647
f 692 693 647
f 694 651 649
f 695 694 649
f 650 695 649
f 696 695 650
f 653 696 650
f 694 697 651
f 697 698 651
f 698 652 651
f 698 699 652
f 699 684 652
f 700 696 653
f 654 700 653
f 701 700 654
f 655 701 654
f 702 701 655
f 656 702 655
f 703 702 656
f 657 703 656
f 704 703 657
f 658 704 657
f 705 704 658
f 659 705 658
f 706 705 659
f 660 706 659
f 707 706 660
f 661 707 660
f 708 707 661
f 709 708 661
f 662 709 661
f 664 709 662
f 663 664 662
f 710 709 664
f 711 710 664
f 712 711 664
f 665 712 664
f 666 712 665
f 713 712 666
f 714 713 666
f 667 714 666
f 669 714 667
f 668 669 667
f 715 714 669
f 716 715 669
f 671 716 669
f 670 671 669
f 717 716 671
f 688 717 671
f 672 688 671
f 681 718 675
f 718 676 675
f 718 719 676
f 719 720 676
f 720 678 676
f 678 677 676
f 720 721 678
f 721 690 678
f 683 681 679
f 681 680 679
f 683 722 681
f 722 723 681
f 723 718 681
f 687 722 682
f 722 683 682
f 699 685 684
f 699 724 685
f 724 725 685
f 725 726 685
f 726 686 685
f 726 687 686
f 726 727 687
f 727 728 687
f 728 729 687
f 729 730 687
f 730 722 687
f 731 717 688
f 732 731 688
f 733 732 688
f 689 733 688
f 721 734 690
f 734 692 690
f 692 691 690
f 734 735 692
f 735 693 692
f 735 736 693
f 736 737 693
f 737 647 693
f 738 697 694
f 739 738 694
f 695 739 694
f 740 739 695
f 741 740 695
f 696 741 695
f 742 741 696
f 743 742 696
f 700 743 696
f 744 698 697
f 738 744 697
f 744 745 698
f 745 746 698
f 746 699 698
f 746 747 699
f 747 724 699
f 748 743 700
f 701 748 700
f 749 748 701
f 750 749 701
f 702 750 701
f 703 750 702
f 751 750 703
f 704 751 703
f 752 751 704
f 705 752 704
f 753 752 705
f 706 753 705
f 707 753 706
f 754 753 707
f 755 754 707
f 756 755 707
f 708 756 707
f 710 756 708
f 709 710 708
f 757 756 710
f 758 757 710
f 759 758 710
f 711 759 710
f 760 759 711
f 712 760 711
f 761 760 712
f 713 761 712
f 762 761 713
f 715 762 713
f 714 715 713
f 717 762 715
f 716 717 715
f 731 762 717
f 723 719 718
f 723 763 719
f 763 764 719
f 764 721 719
f 721 720 719
f 764 735 721
f 735 734 721
f 730 763 722
f 763 723 722
f 747 765 724
f 765 766 724
f 766 725 724
f 766 728 725
f 728 727 725
f 727 726 725
f 766 767 728
f 767 768 728
f 768 769 728
f 769 770 728
f 770 729 728
f 770 771 729
f 771 730 729
f 771 772 730
f 772 763 730
f 761 762 731
f 773 761 731
f 774 773 731
f 732 774 731
f 775 774 732
f 733 775 732
f 776 775 733
f 777 776 733
f 778 777 733
f 689 778 733
f 764 772 735
f 772 779 735
f 779 736 735
f 779 737 736
f 780 744 738
f 781 780 738
f 740 781 738
f 739 740 738
f 782 781 740
f 783 782 740
f 742 783 740
f 741 742 740
f 784 783 742
f 785 784 742
f 743 785 742
f 786 785 743
f 748 786 743
f 787 745 744
f 780 787 744
f 787 788 745
f 788 789 745
f 789 746 745
f 789 747 746
f 789 790 747
f 790 791 747
f 791 792 747
f 792 765 747
f 793 786 748
f 749 793 748
f 794 793 749
f 750 794 749
f 795 794 750
f 751 795 750
f 796 795 751
f 752 796 751
f 797 796 752
f 753 797 752
f 798 797 753
f 799 798 753
f 754 799 753
f 800 799 754
f 801 800 754
f 755 801 754
f 757 801 755
f 756 757 755
f 802 801 757
f 803 802 757
f 804 803 757
f 758 804 757
f 805 804 758
f 759 805 758
f 806 805 759
f 760 806 759
f 773 806 760
f 761 773 760
f 772 764 763
f 792 767 765
f 767 766 765
f 792 807 767
f 807 808 767
f 808 769 767
f 769 768 767
f 808 809 769
f 809 810 769
f 810 770 769
f 810 771 770
f 810 811 771
f 811 779 771
f 779 772 771
f 812 806 773
f 813 812 773
f 774 813 773
f 814 813 774
f 775 814 774
f 815 814 775
f 776 815 775
f 816 815 776
f 817 816 776
f 777 817 776
f 818 817 777
f 778 818 777
f 819 818 778
f 811 737 779
f 820 787 780
f 821 820 780
f 782 821 780
f 781 782 780
f 822 821 782
f 823 822 782
f 824 823 782
f 783 824 782
f 825 824 783
f 784 825 783
f 826 825 784
f 786 826 784
f 785 786 784
f 827 826 786
f 793 827 786
f 828 788 787
f 829 828 787
f 820 829 787
f 828 830 788
f 830 831 788
f 831 789 788
f 831 832 789
f 832 833 789
f 833 790 789
f 833 834 790
f 834 835 790
f 835 791 790
f 835 792 791
f 835 836 792
f 836 837 792
f 837 807 792
f 838 827 793
f 794 838 793
f 839 838 794
f 795 839 794
f 840 839 795
f 796 840 795
f 797 840 796
f 841 840 797
f 798 841 797
f 842 841 798
f 799 842 798
f 843 842 799
f 844 843 799
f 800 844 799
f 802 844 800
f 801 802 800
f 845 844 802
f 846 845 802
f 803 846 802
f 847 846 803
f 804 847 803
f 848 847 804
f 805 848 804
f 812 848 805
f 806 812 805
f 837 849 807
f 849 808 807
f 849 850 808
f 850 851 808
f 851 809 808
f 851 811 809
f 811 810 809
f 851 852 811
f 852 853 811
f 853 854 811
f 854 855 811
f 856 848 812
f 857 856 812
f 813 857 812
f 814 857 813
f 815 857 814
f 858 857 815
f 859 858 815
f 860 859 815
f 816 860 815
f 861 860 816
f 862 861 816
f 817 862 816
f 863 862 817
f 818 863 817
f 864 863 818
f 819 864 818
f 865 864 819
f 778 865 819
f 822 829 820
f 821 822 820
f 866 829 822
f 867 866 822
f 868 867 822
f 823 868 822
f 869 868 823
f 824 869 823
f 870 869 824
f 825 870 824
f 871 870 825
f 826 871 825
f 872 871 826
f 827 872 826
f 873 872 827
f 838 873 827
f 874 830 828
f 829 874 828
f 875 874 829
f 866 875 829
f 874 876 830
f 876 877 830
f 877 831 830
f 877 878 831
f 878 832 831
f 878 879 832
f 879 833 832
f 879 880 833
f 880 881 833
f 881 834 833
f 881 836 834
f 836 835 834
f 881 882 836
f 882 849 836
f 849 837 836
f 883 873 838
f 839 883 838
f 884 883 839
f 885 884 839
f 840 885 839
f 841 885 840
f 886 885 841
f 887 886 841
f 842 887 841
f 888 887 842
f 889 888 842
f 890 889 842
f 843 890 842
f 891 890 843
f 845 891 843
f 844 845 843
f 892 891 845
f 893 892 845
f 894 893 845
f 846 894 845
f 895 894 846
f 847 895 846
f 856 895 847
f 848 856 847
f 882 896 849
f 896 897 849
f 897 850 849
f 897 898 850
f 898 852 850
f 852 851 850
f 898 899 852
f 899 900 852
f 900 901 852
f 901 902 852
f 902 854 852
f 854 853 852
f 902 903 854
f 903 904 854
f 904 905 854
f 905 906 854
f 906 855 854
f 906 907 855
f 907 908 855
f 908 909 855
f 909 811 855
f 910 895 856
f 911 910 856
f 857 911 856
f 912 911 857
f 858 912 857
f 913 912 858
f 914 913 858
f 859 914 858
f 860 914 859
f 915 914 860
f 916 915 860
f 917 916 860
f 918 917 860
f 861 918 860
f 863 918 861
f 919 863 861
f 862 919 861
f 863 919 862
f 920 918 863
f 864 920 863
f 921 920 864
f 865 921 864
f 922 921 865
f 923 922 865
f 924 923 865
f 925 924 865
f 778 925 865
f 926 875 866
f 927 926 866
f 867 927 866
f 928 927 867
f 868 928 867
f 929 928 868
f 869 929 868
f 930 929 869
f 931 930 869
f 870 931 869
f 930 931 870
f 932 930 870
f 871 932 870
f 933 932 871
f 872 933 871
f 934 933 872
f 873 934 872
f 935 934 873
f 883 935 873
f 936 876 874
f 875 936 874
f 937 936 875
f 926 937 875
f 936 938 876
f 938 939 876
f 939 877 876
f 939 878 877
f 939 940 878
f 940 941 878
f 941 879 878
f 941 942 879
f 942 943 879
f 943 880 879
f 943 881 880
f 943 944 881
f 944 896 881
f 896 882 881
f 945 935 883
f 884 945 883
f 885 945 884
f 946 945 885
f 947 946 885
f 886 947 885
f 948 947 886
f 887 948 886
f 888 948 887
f 949 948 888
f 950 949 888
f 951 950 888
f 889 951 888
f 952 951 889
f 890 952 889
f 892 952 890
f 891 892 890
f 953 952 892
f 954 953 892
f 955 954 892
f 894 955 892
f 893 894 892
f 956 955 894
f 910 956 894
f 895 910 894
f 944 957 896
f 957 958 896
f 958 959 896
f 959 960 896
f 960 897 896
f 960 899 897
f 899 898 897
f 960 961 899
f 961 900 899
f 961 962 900
f 962 963 900
f 963 902 900
f 902 901 900
f 963 964 902
f 964 965 902
f 965 903 902
f 965 966 903
f 966 905 903
f 905 904 903
f 907 906 905
f 967 907 905
f 968 967 905
f 966 968 905
f 969 908 907
f 970 969 907
f 971 970 907
f 967 971 907
f 972 909 908
f 973 972 908
f 969 973 908
f 974 956 910
f 975 974 910
f 911 975 910
f 976 975 911
f 912 976 911
f 977 976 912
f 978 977 912
f 913 978 912
f 915 978 913
f 914 915 913
f 979 978 915
f 980 979 915
f 917 980 915
f 916 917 915
f 981 980 917
f 982 981 917
f 918 982 917
f 983 982 918
f 984 983 918
f 920 984 918
f 921 984 920
f 985 984 921
f 922 985 921
f 986 985 922
f 987 986 922
f 988 987 922
f 923 988 922
f 989 988 923
f 924 989 923
f 988 989 924
f 990 988 924
f 925 990 924
f 991 990 925
f 992 991 925
f 993 992 925
f 994 993 925
f 995 937 926
f 996 995 926
f 927 996 926
f 997 996 927
f 998 997 927
f 999 998 927
f 928 999 927
f 998 999 928
f 1000 998 928
f 929 1000 928
f 1001 1000 929
f 930 1001 929
f 1002 1001 930
f 932 1002 930
f 1003 1002 932
f 933 1003 932
f 1004 1003 933
f 934 1004 933
f 1005 1004 934
f 935 1005 934
f 1006 1005 935
f 945 1006 935
f 1007 938 936
f 937 1007 936
f 995 1008 937
f 1008 1009 937
f 1009 1007 937
f 1007 1010 938
f 1010 939 938
f 1010 1011 939
f 1011 940 939
f 1011 941 940
f 1011 1012 941
f 1012 1013 941
f 1013 1014 941
f 1014 1015 941
f 1015 942 941
f 1015 1016 942
f 1016 943 942
f 1016 957 943
f 957 944 943
f 1017 1006 945
f 946 1017 945
f 1018 1017 946
f 947 1018 946
f 1019 1018 947
f 948 1019 947
f 1020 1019 948
f 949 1020 948
f 1021 1020 949
f 1022 1021 949
f 1023 1022 949
f 950 1023 949
f 952 1023 950
f 951 952 950
f 1024 1023 952
f 953 1024 952
f 1025 1024 953
f 1026 1025 953
f 954 1026 953
f 1027 1026 954
f 956 1027 954
f 955 956 954
f 1028 1027 956
f 974 1028 956
f 1016 1029 957
f 1029 959 957
f 959 958 957
f 1029 1030 959
f 1030 1031 959
f 1031 961 959
f 961 960 959
f 1031 1032 961
f 1032 1033 961
f 1033 1034 961
f 1034 1035 961
f 1035 962 961
f 1035 1036 962
f 1036 963 962
f 1036 964 963
f 1036 1037 964
f 1037 1038 964
f 1038 965 964
f 1038 1039 965
f 1039 1040 965
f 1040 966 965
f 1040 1041 966
f 1041 968 966
f 1042 971 967
f 968 1042 967
f 1043 1042 968
f 1041 1043 968
f 1044 973 969
f 1045 1044 969
f 970 1045 969
f 1046 1045 970
f 971 1046 970
f 1047 1046 971
f 1048 1047 971
f 1042 1048 971
f 1049 994 972
f 973 1049 972
f 993 1049 973
f 1050 993 973
f 1051 1050 973
f 1044 1051 973
f 1052 1028 974
f 975 1052 974
f 1053 1052 975
f 976 1053 975
f 1054 1053 976
f 1055 1054 976
f 977 1055 976
f 1056 1055 977
f 978 1056 977
f 1057 1056 978
f 979 1057 978
f 1058 1057 979
f 981 1058 979
f 980 981 979
f 1059 1058 981
f 1060 1059 981
f 1061 1060 981
f 983 1061 981
f 982 983 981
f 1062 1061 983
f 1063 1062 983
f 985 1063 983
f 984 985 983
f 1064 1063 985
f 1065 1064 985
f 1066 1065 985
f 986 1066 985
f 1067 1066 986
f 987 1067 986
f 1068 1067 987
f 1069 1068 987
f 990 1069 987
f 988 990 987
f 1070 1069 990
f 1071 1070 990
f 991 1071 990
f 1072 1071 991
f 1050 1072 991
f 992 1050 991
f 993 1050 992
f 994 1049 993
f 1073 972 994
f 925 1073 994
f 1074 1008 995
f 1075 1074 995
f 1076 1075 995
f 996 1076 995
f 997 1076 996
f 1077 1076 997
f 998 1077 997
f 1078 1077 998
f 1000 1078 998
f 1079 1078 1000
f 1001 1079 1000
f 1080 1079 1001
f 1002 1080 1001
f 1081 1080 1002
f 1003 1081 1002
f 1082 1081 1003
f 1004 1082 1003
f 1083 1082 1004
f 1005 1083 1004
f 1084 1083 1005
f 1006 1084 1005
f 1085 1084 1006
f 1017 1085 1006
f 1009 1086 1007
f 1086 1010 1007
f 1074 1087 1008
f 1087 1009 1008
f 1087 1088 1009
f 1088 1086 1009
f 1086 1011 1010
f 1086 1089 1011
f 1089 1090 1011
f 1090 1012 1011
f 1090 1013 1012
f 1090 1091 1013
f 1091 1092 1013
f 1092 1014 1013
f 1092 1015 1014
f 1092 1093 1015
f 1093 1094 1015
f 1094 1095 1015
f 1095 1016 1015
f 1095 1096 1016
f 1096 1029 1016
f 1097 1085 1017
f 1018 1097 1017
f 1098 1097 1018
f 1019 1098 1018
f 1099 1098 1019
f 1020 1099 1019
f 1100 1099 1020
f 1101 1100 1020
f 1102 1101 1020
f 1021 1102 1020
f 1103 1102 1021
f 1022 1103 1021
f 1024 1103 1022
f 1023 1024 1022
f 1104 1103 1024
f 1105 1104 1024
f 1106 1105 1024
f 1025 1106 1024
f 1107 1106 1025
f 1026 1107 1025
f 1028 1107 1026
f 1027 1028 1026
f 1108 1107 1028
f 1109 1108 1028
f 1052 1109 1028
f 1096 1031 1029
f 1031 1030 1029
f 1096 1110 1031
f 1110 1032 1031
f 1110 1111 1032
f 1111 1034 1032
f 1034 1033 1032
f 1111 1112 1034
f 1112 1113 1034
f 1113 1114 1034
f 1114 1035 1034
f 1114 1115 1035
f 1115 1037 1035
f 1037 1036 1035
f 1115 1116 1037
f 1116 1117 1037
f 1117 1039 1037
f 1039 1038 1037
f 1117 1118 1039
f 1118 1119 1039
f 1119 1041 1039
f 1041 1040 1039
f 1119 1120 1041
f 1120 1121 1041
f 1121 1043 1041
f 1043 1122 1042
f 1122 1048 1042
f 1121 1123 1043
f 1123 1122 1043
f 1124 1051 1044
f 1125 1124 1044
f 1126 1125 1044
f 1045 1126 1044
f 1127 1126 1045
f 1046 1127 1045
f 1128 1127 1046
f 1047 1128 1046
f 1048 1129 1047
f 1129 1128 1047
f 1130 1129 1048
f 1122 1130 1048
f 1131 1072 1050
f 1124 1131 1050
f 1051 1124 1050
f 1053 1109 1052
f 1132 1109 1053
f 1133 1132 1053
f 1134 1133 1053
f 1054 1134 1053
f 1135 1134 1054
f 1055 1135 1054
f 1056 1135 1055
f 1136 1135 1056
f 1137 1136 1056
f 1138 1137 1056
f 1057 1138 1056
f 1139 1138 1057
f 1058 1139 1057
f 1140 1139 1058
f 1060 1140 1058
f 1059 1060 1058
f 1141 1140 1060
f 1142 1141 1060
f 1143 1142 1060
f 1062 1143 1060
f 1061 1062 1060
f 1144 1143 1062
f 1063 1144 1062
f 1145 1144 1063
f 1146 1145 1063
f 1064 1146 1063
f 1147 1146 1064
f 1065 1147 1064
f 1066 1147 1065
f 1148 1147 1066
f 1149 1148 1066
f 1150 1149 1066
f 1067 1150 1066
f 1151 1150 1067
f 1068 1151 1067
f 1152 1151 1068
f 1070 1152 1068
f 1069 1070 1068
f 1153 1152 1070
f 1154 1153 1070
f 1071 1154 1070
f 1155 1154 1071
f 1156 1155 1071
f 1131 1156 1071
f 1072 1131 1071
f 1075 1157 1074
f 1157 1158 1074
f 1158 1159 1074
f 1159 1087 1074
f 1076 1160 1075
f 1160 1157 1075
f 1161 1160 1076
f 1077 1161 1076
f 1162 1161 1077
f 1078 1162 1077
f 1163 1162 1078
f 1079 1163 1078
f 1164 1163 1079
f 1165 1164 1079
f 1080 1165 1079
f 1166 1165 1080
f 1081 1166 1080
f 1167 1166 1081
f 1082 1167 1081
f 1168 1167 1082
f 1169 1168 1082
f 1083 1169 1082
f 1084 1169 1083
f 1170 1169 1084
f 1085 1170 1084
f 1171 1170 1085
f 1097 1171 1085
f 1088 1172 1086
f 1172 1089 1086
f 1159 1088 1087
f 1159 1173 1088
f 1173 1172 1088
f 1172 1174 1089
f 1174 1090 1089
f 1174 1175 1090
f 1175 1176 1090
f 1176 1177 1090
f 1177 1091 1090
f 1177 1093 1091
f 1093 1092 1091
f 1177 1178 1093
f 1178 1179 1093
f 1179 1095 1093
f 1095 1094 1093
f 1179 1180 1095
f 1180 1110 1095
f 1110 1096 1095
f 1181 1171 1097
f 1098 1181 1097
f 1182 1181 1098
f 1099 1182 1098
f 1183 1182 1099
f 1100 1183 1099
f 1184 1183 1100
f 1185 1184 1100
f 1102 1185 1100
f 1101 1102 1100
f 1186 1185 1102
f 1104 1186 1102
f 1103 1104 1102
f 1187 1186 1104
f 1188 1187 1104
f 1189 1188 1104
f 1106 1189 1104
f 1105 1106 1104
f 1190 1189 1106
f 1108 1190 1106
f 1107 1108 1106
f 1191 1190 1108
f 1192 1191 1108
f 1193 1192 1108
f 1109 1193 1108
f 1194 1193 1109
f 1195 1194 1109
f 1132 1195 1109
f 1180 1196 1110
f 1196 1197 1110
f 1197 1198 1110
f 1198 1111 1110
f 1198 1113 1111
f 1113 1112 1111
f 1198 1199 1113
f 1199 1200 1113
f 1200 1201 1113
f 1201 1114 1113
f 1201 1115 1114
f 1201 1202 1115
f 1202 1116 1115
f 1202 1203 1116
f 1203 1204 1116
f 1204 1205 1116
f 1205 1118 1116
f 1118 1117 1116
f 1205 1206 1118
f 1206 1207 1118
f 1207 1208 1118
f 1208 1120 1118
f 1120 1119 1118
f 1208 1209 1120
f 1209 1123 1120
f 1123 1121 1120
f 1123 1210 1122
f 1210 1130 1122
f 1209 1211 1123
f 1211 1212 1123
f 1212 1213 1123
f 1213 1210 1123
f 1214 1131 1124
f 1125 1214 1124
f 1215 1214 1125
f 1126 1215 1125
f 1216 1215 1126
f 1127 1216 1126
f 1217 1216 1127
f 1128 1217 1127
f 1129 1217 1128
f 1130 1218 1129
f 1218 1217 1129
f 1210 1219 1130
f 1219 1218 1130
f 1220 1156 1131
f 1221 1220 1131
f 1214 1221 1131
f 1222 1195 1132
f 1133 1222 1132
f 1223 1222 1133
f 1224 1223 1133
f 1225 1224 1133
f 1134 1225 1133
f 1136 1225 1134
f 1135 1136 1134
f 1226 1225 1136
f 1227 1226 1136
f 1228 1227 1136
f 1138 1228 1136
f 1137 1138 1136
f 1229 1228 1138
f 1230 1229 1138
f 1139 1230 1138
f 1231 1230 1139
f 1140 1231 1139
f 1232 1231 1140
f 1141 1232 1140
f 1233 1232 1141
f 1234 1233 1141
f 1142 1234 1141
f 1235 1234 1142
f 1144 1235 1142
f 1143 1144 1142
f 1236 1235 1144
f 1145 1236 1144
f 1237 1236 1145
f 1238 1237 1145
f 1146 1238 1145
f 1147 1238 1146
f 1239 1238 1147
f 1148 1239 1147
f 1240 1239 1148
f 1241 1240 1148
f 1149 1241 1148
f 1242 1241 1149
f 1243 1242 1149
f 1150 1243 1149
f 1151 1243 1150
f 1244 1243 1151
f 1245 1244 1151
f 1152 1245 1151
f 1246 1245 1152
f 1153 1246 1152
f 1247 1246 1153
f 1248 1247 1153
f 1155 1248 1153
f 1154 1155 1153
f 1249 1248 1155
f 1250 1249 1155
f 1251 1250 1155
f 1221 1251 1155
f 1220 1221 1155
f 1156 1220 1155
f 1252 1158 1157
f 1253 1252 1157
f 1254 1253 1157
f 1160 1254 1157
f 1252 1255 1158
f 1255 1159 1158
f 1255 1256 1159
f 1256 1173 1159
f 1257 1254 1160
f 1161 1257 1160
f 1258 1257 1161
f 1162 1258 1161
f 1259 1258 1162
f 1260 1259 1162
f 1164 1260 1162
f 1163 1164 1162
f 1261 1260 1164
f 1165 1261 1164
f 1262 1261 1165
f 1166 1262 1165
f 1167 1262 1166
f 1263 1262 1167
f 1168 1263 1167
f 1264 1263 1168
f 1169 1264 1168
f 1265 1264 1169
f 1170 1265 1169
f 1266 1265 1170
f 1171 1266 1170
f 1181 1266 1171
f 1173 1267 1172
f 1267 1268 1172
f 1268 1174 1172
f 1256 1269 1173
f 1269 1267 1173
f 1268 1270 1174
f 1270 1175 1174
f 1270 1271 1175
f 1271 1272 1175
f 1272 1177 1175
f 1177 1176 1175
f 1272 1273 1177
f 1273 1274 1177
f 1274 1178 1177
f 1274 1275 1178
f 1275 1179 1178
f 1275 1196 1179
f 1196 1180 1179
f 1276 1266 1181
f 1277 1276 1181
f 1182 1277 1181
f 1183 1277 1182
f 1278 1277 1183
f 1279 1278 1183
f 1280 1279 1183
f 1184 1280 1183
f 1281 1280 1184
f 1186 1281 1184
f 1185 1186 1184
f 1282 1281 1186
f 1187 1282 1186
f 1283 1282 1187
f 1284 1283 1187
f 1188 1284 1187
f 1285 1284 1188
f 1286 1285 1188
f 1287 1286 1188
f 1190 1287 1188
f 1189 1190 1188
f 1288 1287 1190
f 1289 1288 1190
f 1191 1289 1190
f 1192 1289 1191
f 1193 1289 1192
f 1290 1289 1193
f 1194 1290 1193
f 1291 1290 1194
f 1195 1291 1194
f 1292 1291 1195
f 1223 1292 1195
f 1222 1223 1195
f 1275 1293 1196
f 1293 1294 1196
f 1294 1295 1196
f 1295 1296 1196
f 1296 1197 1196
f 1296 1199 1197
f 1199 1198 1197
f 1296 1297 1199
f 1297 1298 1199
f 1298 1299 1199
f 1299 1201 1199
f 1201 1200 1199
f 1299 1300 1201
f 1300 1202 1201
f 1300 1301 1202
f 1301 1203 1202
f 1301 1302 1203
f 1302 1204 1203
f 1302 1206 1204
f 1206 1205 1204
f 1302 1303 1206
f 1303 1304 1206
f 1304 1211 1206
f 1211 1207 1206
f 1211 1209 1207
f 1209 1208 1207
f 1213 1305 1210
f 1305 1219 1210
f 1304 1306 1211
f 1306 1307 1211
f 1307 1308 1211
f 1308 1309 1211
f 1309 1212 1211
f 1309 1213 1212
f 1309 1310 1213
f 1310 1311 1213
f 1311 1305 1213
f 1312 1221 1214
f 1215 1312 1214
f 1313 1312 1215
f 1216 1313 1215
f 1314 1313 1216
f 1217 1314 1216
f 1218 1315 1217
f 1315 1314 1217
f 1219 1316 1218
f 1316 1315 1218
f 1305 1316 1219
f 1317 1251 1221
f 1318 1317 1221
f 1312 1318 1221
f 1319 1292 1223
f 1320 1319 1223
f 1226 1320 1223
f 1224 1226 1223
f 1225 1226 1224
f 1321 1320 1226
f 1322 1321 1226
f 1227 1322 1226
f 1323 1322 1227
f 1229 1323 1227
f 1228 1229 1227
f 1324 1323 1229
f 1325 1324 1229
f 1230 1325 1229
f 1326 1325 1230
f 1231 1326 1230
f 1327 1326 1231
f 1232 1327 1231
f 1328 1327 1232
f 1329 1328 1232
f 1233 1329 1232
f 1234 1329 1233
f 1330 1329 1234
f 1331 1330 1234
f 1236 1331 1234
f 1235 1236 1234
f 1332 1331 1236
f 1237 1332 1236
f 1333 1332 1237
f 1334 1333 1237
f 1239 1334 1237
f 1238 1239 1237
f 1335 1334 1239
f 1336 1335 1239
f 1337 1336 1239
f 1240 1337 1239
f 1338 1337 1240
f 1339 1338 1240
f 1241 1339 1240
f 1340 1339 1241
f 1242 1340 1241
f 1341 1340 1242
f 1243 1341 1242
f 1342 1341 1243
f 1244 1342 1243
f 1245 1342 1244
f 1343 1342 1245
f 1246 1343 1245
f 1344 1343 1246
f 1345 1344 1246
f 1247 1345 1246
f 1346 1345 1247
f 1249 1346 1247
f 1248 1249 1247
f 1347 1346 1249
f 1348 1347 1249
f 1250 1348 1249
f 1349 1348 1250
f 1317 1349 1250
f 1251 1317 1250
f 1350 1255 1252
f 1351 1350 1252
f 1352 1351 1252
f 1353 1352 1252
f 1354 1353 1252
f 1253 1354 1252
f 1355 1354 1253
f 1254 1355 1253
f 1356 1355 1254
f 1257 1356 1254
f 1350 1357 1255
f 1357 1256 1255
f 1357 1269 1256
f 1358 1356 1257
f 1258 1358 1257
f 1359 1358 1258
f 1360 1359 1258
f 1259 1360 1258
f 1361 1360 1259
f 1261 1361 1259
f 1260 1261 1259
f 1362 1361 1261
f 1262 1362 1261
f 1363 1362 1262
f 1263 1363 1262
f 1364 1363 1263
f 1264 1364 1263
f 1365 1364 1264
f 1265 1365 1264
f 1366 1365 1265
f 1266 1366 1265
f 1367 1366 1266
f 1368 1367 1266
f 1276 1368 1266
f 1269 1369 1267
f 1369 1370 1267
f 1370 1268 1267
f 1370 1270 1268
f 1357 1371 1269
f 1371 1372 1269
f 1372 1369 1269
f 1370 1373 1270
f 1373 1374 1270
f 1374 1271 1270
f 1374 1375 1271
f 1375 1376 1271
f 1376 1272 1271
f 1376 1377 1272
f 1377 1273 1272
f 1377 1378 1273
f 1378 1274 1273
f 1378 1293 1274
f 1293 1275 1274
f 1379 1368 1276
f 1277 1379 1276
f 1380 1379 1277
f 1278 1380 1277
f 1381 1380 1278
f 1382 1381 1278
f 1280 1382 1278
f 1279 1280 1278
f 1383 1382 1280
f 1282 1383 1280
f 1281 1282 1280
f 1384 1383 1282
f 1385 1384 1282
f 1283 1385 1282
f 1386 1385 1283
f 1285 1386 1283
f 1284 1285 1283
f 1387 1386 1285
f 1388 1387 1285
f 1389 1388 1285
f 1287 1389 1285
f 1286 1287 1285
f 1390 1389 1287
f 1288 1390 1287
f 1289 1390 1288
f 1391 1390 1289
f 1290 1391 1289
f 1392 1391 1290
f 1291 1392 1290
f 1393 1392 1291
f 1394 1393 1291
f 1395 1394 1291
f 1292 1395 1291
f 1396 1395 1292
f 1319 1396 1292
f 1378 1397 1293
f 1397 1294 1293
f 1397 1398 1294
f 1398 1399 1294
f 1399 1400 1294
f 1400 1295 1294
f 1400 1296 1295
f 1400 1401 1296
f 1401 1402 1296
f 1402 1297 1296
f 1402 1403 1297
f 1403 1298 1297
f 1403 1404 1298
f 1404 1405 1298
f 1405 1300 1298
f 1300 1299 1298
f 1405 1406 1300
f 1406 1301 1300
f 1406 1407 1301
f 1407 1408 1301
f 1408 1302 1301
f 1408 1409 1302
f 1409 1303 1302
f 1409 1306 1303
f 1306 1304 1303
f 1311 1316 1305
f 1409 1410 1306
f 1410 1411 1306
f 1411 1412 1306
f 1412 1413 1306
f 1413 1307 1306
f 1413 1414 1307
f 1414 1308 1307
f 1414 1310 1308
f 1310 1309 1308
f 1414 1415 1310
f 1415 1416 1310
f 1416 1311 1310
f 1416 1417 1311
f 1417 1418 1311
f 1418 1316 1311
f 1419 1318 1312
f 1313 1419 1312
f 1420 1419 1313
f 1421 1420 1313
f 1314 1421 1313
f 1315 1422 1314
f 1422 1421 1314
f 1316 1423 1315
f 1423 1422 1315
f 1418 1424 1316
f 1424 1423 1316
f 1425 1349 1317
f 1318 1425 1317
f 1426 1425 1318
f 1419 1426 1318
f 1427 1396 1319
f 1321 1427 1319
f 1320 1321 1319
f 1428 1427 1321
f 1429 1428 1321
f 1322 1429 1321
f 1430 1429 1322
f 1324 1430 1322
f 1323 1324 1322
f 1431 1430 1324
f 1432 1431 1324
f 1326 1432 1324
f 1325 1326 1324
f 1433 1432 1326
f 1434 1433 1326
f 1435 1434 1326
f 1327 1435 1326
f 1436 1435 1327
f 1437 1436 1327
f 1328 1437 1327
f 1330 1437 1328
f 1329 1330 1328
f 1438 1437 1330
f 1439 1438 1330
f 1440 1439 1330
f 1332 1440 1330
f 1331 1332 1330
f 1441 1440 1332
f 1333 1441 1332
f 1442 1441 1333
f 1443 1442 1333
f 1335 1443 1333
f 1334 1335 1333
f 1444 1443 1335
f 1445 1444 1335
f 1336 1445 1335
f 1446 1445 1336
f 1337 1446 1336
f 1447 1446 1337
f 1448 1447 1337
f 1338 1448 1337
f 1449 1448 1338
f 1339 1449 1338
f 1450 1449 1339
f 1451 1450 1339
f 1340 1451 1339
f 1341 1451 1340
f 1452 1451 1341
f 1342 1452 1341
f 1453 1452 1342
f 1343 1453 1342
f 1454 1453 1343
f 1455 1454 1343
f 1344 1455 1343
f 1345 1455 1344
f 1456 1455 1345
f 1457 1456 1345
f 1348 1457 1345
f 1347 1348 1345
f 1346 1347 1345
f 1458 1457 1348
f 1459 1458 1348
f 1425 1459 1348
f 1349 1425 1348
f 1460 1357 1350
f 1461 1460 1350
f 1462 1461 1350
f 1351 1462 1350
f 1463 1462 1351
f 1352 1463 1351
f 1353 1463 1352
f 1464 1463 1353
f 1354 1464 1353
f 1465 1464 1354
f 1355 1465 1354
f 1466 1465 1355
f 1358 1466 1355
f 1356 1358 1355
f 1460 1371 1357
f 1359 1466 1358
f 1467 1466 1359
f 1468 1467 1359
f 1469 1468 1359
f 1360 1469 1359
f 1470 1469 1360
f 1361 1470 1360
f 1471 1470 1361
f 1362 1471 1361
f 1363 1471 1362
f 1472 1471 1363
f 1473 1472 1363
f 1364 1473 1363
f 1365 1473 1364
f 1474 1473 1365
f 1366 1474 1365
f 1475 1474 1366
f 1367 1475 1366
f 1476 1475 1367
f 1477 1476 1367
f 1368 1477 1367
f 1379 1477 1368
f 1372 1478 1369
f 1478 1370 1369
f 1478 1479 1370
f 1479 1373 1370
f 1460 1480 1371
f 1480 1372 1371
f 1480 1481 1372
f 1481 1478 1372
f 1479 1482 1373
f 1482 1483 1373
f 1483 1374 1373
f 1483 1484 1374
f 1484 1485 1374
f 1485 1375 1374
f 1485 1486 1375
f 1486 1376 1375
f 1486 1377 1376
f 1486 1378 1377
f 1486 1487 1378
f 1487 1397 1378
f 1488 1477 1379
f 1380 1488 1379
f 1489 1488 1380
f 1490 1489 1380
f 1491 1490 1380
f 1381 1491 1380
f 1492 1491 1381
f 1382 1492 1381
f 1384 1492 1382
f 1383 1384 1382
f 1493 1492 1384
f 1494 1493 1384
f 1385 1494 1384
f 1495 1494 1385
f 1496 1495 1385
f 1387 1496 1385
f 1386 1387 1385
f 1497 1496 1387
f 1388 1497 1387
f 1390 1497 1388
f 1389 1390 1388
f 1498 1497 1390
f 1391 1498 1390
f 1499 1498 1391
f 1392 1499 1391
f 1500 1499 1392
f 1393 1500 1392
f 1501 1500 1393
f 1502 1501 1393
f 1395 1502 1393
f 1394 1395 1393
f 1503 1502 1395
f 1504 1503 1395
f 1396 1504 1395
f 1505 1504 1396
f 1428 1505 1396
f 1427 1428 1396
f 1487 1506 1397
f 1506 1398 1397
f 1506 1507 1398
f 1507 1508 1398
f 1508 1509 1398
f 1509 1401 1398
f 1401 1399 1398
f 1401 1400 1399
f 1509 1510 1401
f 1510 1402 1401
f 1510 1511 1402
f 1511 1512 1402
f 1512 1513 1402
f 1513 1403 1402
f 1513 1514 1403
f 1514 1405 1403
f 1405 1404 1403
f 1514 1515 1405
f 1515 1516 1405
f 1516 1406 1405
f 1516 1517 1406
f 1517 1407 1406
f 1517 1518 1407
f 1518 1410 1407
f 1410 1408 1407
f 1410 1409 1408
f 1518 1411 1410
f 1518 1519 1411
f 1519 1520 1411
f 1520 1521 1411
f 1521 1522 1411
f 1522 1412 1411
f 1522 1523 1412
f 1523 1413 1412
f 1523 1524 1413
f 1524 1414 1413
f 1524 1525 1414
f 1525 1416 1414
f 1416 1415 1414
f 1525 1526 1416
f 1526 1527 1416
f 1527 1528 1416
f 1528 1529 1416
f 1529 1530 1416
f 1530 1417 1416
f 1530 1424 1417
f 1424 1418 1417
f 1531 1426 1419
f 1420 1531 1419
f 1532 1531 1420
f 1421 1532 1420
f 1422 1532 1421
f 1423 1533 1422
f 1533 1532 1422
f 1424 1533 1423
f 1530 1534 1424
f 1534 1533 1424
f 1535 1459 1425
f 1536 1535 1425
f 1426 1536 1425
f 1537 1536 1426
f 1538 1537 1426
f 1531 1538 1426
f 1539 1505 1428
f 1540 1539 1428
f 1429 1540 1428
f 1541 1540 1429
f 1431 1541 1429
f 1430 1431 1429
f 1542 1541 1431
f 1433 1542 1431
f 1432 1433 1431
f 1543 1542 1433
f 1544 1543 1433
f 1545 1544 1433
f 1434 1545 1433
f 1435 1545 1434
f 1546 1545 1435
f 1547 1546 1435
f 1436 1547 1435
f 1438 1547 1436
f 1437 1438 1436
f 1548 1547 1438
f 1549 1548 1438
f 1550 1549 1438
f 1439 1550 1438
f 1441 1550 1439
f 1440 1441 1439
f 1551 1550 1441
f 1442 1551 1441
f 1552 1551 1442
f 1553 1552 1442
f 1444 1553 1442
f 1443 1444 1442
f 1554 1553 1444
f 1555 1554 1444
f 1445 1555 1444
f 1556 1555 1445
f 1446 1556 1445
f 1557 1556 1446
f 1558 1557 1446
f 1447 1558 1446
f 1559 1558 1447
f 1448 1559 1447
f 1560 1559 1448
f 1449 1560 1448
f 1561 1560 1449
f 1450 1561 1449
f 1451 1561 1450
f 1562 1561 1451
f 1452 1562 1451
f 1563 1562 1452
f 1453 1563 1452
f 1564 1563 1453
f 1455 1564 1453
f 1454 1455 1453
f 1565 1564 1455
f 1456 1565 1455
f 1566 1565 1456
f 1458 1566 1456
f 1457 1458 1456
f 1567 1566 1458
f 1568 1567 1458
f 1535 1568 1458
f 1459 1535 1458
f 1461 1569 1460
f 1569 1570 1460
f 1570 1571 1460
f 1571 1480 1460
f 1572 1569 1461
f 1573 1572 1461
f 1462 1573 1461
f 1574 1573 1462
f 1463 1574 1462
f 1465 1574 1463
f 1464 1465 1463
f 1574 1465 1466
f 1467 1574 1466
f 1468 1574 1467
f 1575 1574 1468
f 1576 1575 1468
f 1577 1576 1468
f 1578 1577 1468
f 1469 1578 1468
f 1579 1578 1469
f 1470 1579 1469
f 1580 1579 1470
f 1471 1580 1470
f 1581 1580 1471
f 1472 1581 1471
f 1582 1581 1472
f 1473 1582 1472
f 1474 1582 1473
f 1583 1582 1474
f 1475 1583 1474
f 1584 1583 1475
f 1476 1584 1475
f 1585 1584 1476
f 1477 1585 1476
f 1586 1585 1477
f 1488 1586 1477
f 1481 1587 1478
f 1587 1479 1478
f 1587 1588 1479
f 1588 1589 1479
f 1589 1482 1479
f 1571 1590 1480
f 1590 1591 1480
f 1591 1481 1480
f 1591 1592 1481
f 1592 1587 1481
f 1589 1593 1482
f 1593 1594 1482
f 1594 1595 1482
f 1595 1483 1482
f 1595 1596 1483
f 1596 1484 1483
f 1596 1597 1484
f 1597 1485 1484
f 1597 1487 1485
f 1487 1486 1485
f 1597 1598 1487
f 1598 1506 1487
f 1599 1586 1488
f 1489 1599 1488
f 1600 1599 1489
f 1601 1600 1489
f 1490 1601 1489
f 1602 1601 1490
f 1491 1602 1490
f 1493 1602 1491
f 1492 1493 1491
f 1603 1602 1493
f 1494 1603 1493
f 1604 1603 1494
f 1605 1604 1494
f 1606 1605 1494
f 1495 1606 1494
f 1607 1606 1495
f 1497 1607 1495
f 1496 1497 1495
f 1608 1607 1497
f 1498 1608 1497
f 1609 1608 1498
f 1499 1609 1498
f 1610 1609 1499
f 1500 1610 1499
f 1611 1610 1500
f 1612 1611 1500
f 1501 1612 1500
f 1613 1612 1501
f 1503 1613 1501
f 1502 1503 1501
f 1614 1613 1503
f 1615 1614 1503
f 1504 1615 1503
f 1616 1615 1504
f 1539 1616 1504
f 1505 1539 1504
f 1598 1617 1506
f 1617 1507 1506
f 1617 1618 1507
f 1618 1508 1507
f 1618 1619 1508
f 1619 1511 1508
f 1511 1510 1508
f 1510 1509 1508
f 1619 1620 1511
f 1620 1621 1511
f 1621 1622 1511
f 1622 1513 1511
f 1513 1512 1511
f 1622 1623 1513
f 1623 1624 1513
f 1624 1515 1513
f 1515 1514 1513
f 1624 1625 1515
f 1625 1626 1515
f 1626 1517 1515
f 1517 1516 1515
f 1626 1627 1517
f 1627 1519 1517
f 1519 1518 1517
f 1627 1628 1519
f 1628 1629 1519
f 1629 1630 1519
f 1630 1631 1519
f 1631 1520 1519
f 1631 1632 1520
f 1632 1521 1520
f 1632 1633 1521
f 1633 1523 1521
f 1523 1522 1521
f 1633 1634 1523
f 1634 1526 1523
f 1526 1524 1523
f 1526 1525 1524
f 1634 1635 1526
f 1635 1636 1526
f 1636 1527 1526
f 1636 1528 1527
f 1636 1637 1528
f 1637 1638 1528
f 1638 1639 1528
f 1639 1530 1528
f 1530 1529 1528
f 1639 1640 1530
f 1640 1641 1530
f 1641 1642 1530
f 1642 1534 1530
f 1532 1538 1531
f 1533 1643 1532
f 1643 1644 1532
f 1644 1538 1532
f 1534 1642 1533
f 1642 1645 1533
f 1645 1643 1533
f 1646 1568 1535
f 1536 1646 1535
f 1647 1646 1536
f 1537 1647 1536
f 1644 1647 1537
f 1538 1644 1537
f 1648 1616 1539
f 1649 1648 1539
f 1540 1649 1539
f 1650 1649 1540
f 1542 1650 1540
f 1541 1542 1540
f 1651 1650 1542
f 1652 1651 1542
f 1543 1652 1542
f 1653 1652 1543
f 1654 1653 1543
f 1544 1654 1543
f 1546 1654 1544
f 1545 1546 1544
f 1655 1654 1546
f 1656 1655 1546
f 1547 1656 1546
f 1657 1656 1547
f 1658 1657 1547
f 1548 1658 1547
f 1659 1658 1548
f 1549 1659 1548
f 1551 1659 1549
f 1550 1551 1549
f 1660 1659 1551
f 1661 1660 1551
f 1662 1661 1551
f 1552 1662 1551
f 1663 1662 1552
f 1554 1663 1552
f 1553 1554 1552
f 1664 1663 1554
f 1665 1664 1554
f 1555 1665 1554
f 1666 1665 1555
f 1667 1666 1555
f 1556 1667 1555
f 1668 1667 1556
f 1669 1668 1556
f 1670 1669 1556
f 1671 1670 1556
f 1557 1671 1556
f 1672 1671 1557
f 1558 1672 1557
f 1673 1672 1558
f 1559 1673 1558
f 1674 1673 1559
f 1560 1674 1559
f 1675 1674 1560
f 1676 1675 1560
f 1561 1676 1560
f 1677 1676 1561
f 1562 1677 1561
f 1678 1677 1562
f 1563 1678 1562
f 1679 1678 1563
f 1564 1679 1563
f 1680 1679 1564
f 1681 1680 1564
f 1682 1681 1564
f 1565 1682 1564
f 1683 1682 1565
f 1567 1683 1565
f 1566 1567 1565
f 1684 1683 1567
f 1685 1684 1567
f 1646 1685 1567
f 1568 1646 1567
f 1686 1570 1569
f 1687 1686 1569
f 1688 1687 1569
f 1572 1688 1569
f 1686 1689 1570
f 1689 1690 1570
f 1690 1571 1570
f 1690 1691 1571
f 1691 1590 1571
f 1575 1688 1572
f 1574 1575 1572
f 1573 1574 1572
f 1692 1688 1575
f 1693 1692 1575
f 1694 1693 1575
f 1576 1694 1575
f 1695 1694 1576
f 1696 1695 1576
f 1577 1696 1576
f 1697 1696 1577
f 1698 1697 1577
f 1579 1698 1577
f 1578 1579 1577
f 1699 1698 1579
f 1580 1699 1579
f 1700 1699 1580
f 1581 1700 1580
f 1701 1700 1581
f 1582 1701 1581
f 1702 1701 1582
f 1583 1702 1582
f 1703 1702 1583
f 1704 1703 1583
f 1584 1704 1583
f 1585 1704 1584
f 1705 1704 1585
f 1706 1705 1585
f 1586 1706 1585
f 1707 1706 1586
f 1599 1707 1586
f 1592 1588 1587
f 1592 1708 1588
f 1708 1709 1588
f 1709 1710 1588
f 1710 1589 1588
f 1710 1711 1589
f 1711 1593 1589
f 1691 1712 1590
f 1712 1591 1590
f 1712 1713 1591
f 1713 1592 1591
f 1713 1708 1592
f 1711 1594 1593
f 1711 1714 1594
f 1714 1715 1594
f 1715 1716 1594
f 1716 1596 1594
f 1596 1595 1594
f 1716 1598 1596
f 1598 1597 1596
f 1716 1717 1598
f 1717 1617 1598
f 1718 1707 1599
f 1719 1718 1599
f 1600 1719 1599
f 1720 1719 1600
f 1601 1720 1600
f 1603 1720 1601
f 1602 1603 1601
f 1721 1720 1603
f 1722 1721 1603
f 1604 1722 1603
f 1723 1722 1604
f 1724 1723 1604
f 1606 1724 1604
f 1605 1606 1604
f 1725 1724 1606
f 1608 1725 1606
f 1607 1608 1606
f 1726 1725 1608
f 1727 1726 1608
f 1609 1727 1608
f 1610 1727 1609
f 1728 1727 1610
f 1729 1728 1610
f 1730 1729 1610
f 1611 1730 1610
f 1731 1730 1611
f 1612 1731 1611
f 1732 1731 1612
f 1614 1732 1612
f 1613 1614 1612
f 1733 1732 1614
f 1734 1733 1614
f 1615 1734 1614
f 1735 1734 1615
f 1648 1735 1615
f 1616 1648 1615
f 1717 1736 1617
f 1736 1737 1617
f 1737 1738 1617
f 1738 1618 1617
f 1738 1620 1618
f 1620 1619 1618
f 1738 1739 1620
f 1739 1740 1620
f 1740 1741 1620
f 1741 1742 1620
f 1742 1621 1620
f 1742 1743 1621
f 1743 1623 1621
f 1623 1622 1621
f 1743 1744 1623
f 1744 1745 1623
f 1745 1746 1623
f 1746 1624 1623
f 1746 1747 1624
f 1747 1625 1624
f 1747 1748 1625
f 1748 1627 1625
f 1627 1626 1625
f 1748 1749 1627
f 1749 1628 1627
f 1749 1750 1628
f 1750 1751 1628
f 1751 1752 1628
f 1752 1630 1628
f 1630 1629 1628
f 1752 1753 1630
f 1753 1754 1630
f 1754 1631 1630
f 1754 1632 1631
f 1754 1753 1632
f 1753 1755 1632
f 1755 1756 1632
f 1756 1633 1632
f 1756 1757 1633
f 1757 1635 1633
f 1635 1634 1633
f 1757 1758 1635
f 1758 1759 1635
f 1759 1760 1635
f 1760 1637 1635
f 1637 1636 1635
f 1760 1761 1637
f 1761 1638 1637
f 1761 1762 1638
f 1762 1763 1638
f 1763 1764 1638
f 1764 1765 1638
f 1765 1639 1638
f 1765 1764 1639
f 1764 1640 1639
f 1764 1766 1640
f 1766 1767 1640
f 1767 1642 1640
f 1642 1641 1640
f 1767 1768 1642
f 1768 1769 1642
f 1769 1770 1642
f 1770 1644 1642
f 1644 1645 1642
f 1645 1644 1643
f 1770 1771 1644
f 1771 1772 1644
f 1772 1773 1644
f 1773 1647 1644
f 1773 1685 1646
f 1647 1773 1646
f 1774 1735 1648
f 1775 1774 1648
f 1649 1775 1648
f 1776 1775 1649
f 1651 1776 1649
f 1650 1651 1649
f 1777 1776 1651
f 1778 1777 1651
f 1652 1778 1651
f 1779 1778 1652
f 1780 1779 1652
f 1653 1780 1652
f 1654 1780 1653
f 1781 1780 1654
f 1782 1781 1654
f 1655 1782 1654
f 1656 1782 1655
f 1783 1782 1656
f 1784 1783 1656
f 1657 1784 1656
f 1785 1784 1657
f 1658 1785 1657
f 1659 1785 1658
f 1786 1785 1659
f 1787 1786 1659
f 1660 1787 1659
f 1788 1787 1660
f 1661 1788 1660
f 1789 1788 1661
f 1662 1789 1661
f 1664 1789 1662
f 1663 1664 1662
f 1790 1789 1664
f 1666 1790 1664
f 1665 1666 1664
f 1791 1790 1666
f 1668 1791 1666
f 1667 1668 1666
f 1792 1791 1668
f 1793 1792 1668
f 1794 1793 1668
f 1669 1794 1668
f 1795 1794 1669
f 1670 1795 1669
f 1796 1795 1670
f 1797 1796 1670
f 1671 1797 1670
f 1798 1797 1671
f 1672 1798 1671
f 1673 1798 1672
f 1799 1798 1673
f 1674 1799 1673
f 1800 1799 1674
f 1675 1800 1674
f 1676 1800 1675
f 1801 1800 1676
f 1677 1801 1676
f 1802 1801 1677
f 1678 1802 1677
f 1803 1802 1678
f 1679 1804 1678
f 1680 1804 1679
f 1803 1680 1681
f 1805 1803 1681
f 1806 1805 1681
f 1682 1806 1681
f 1807 1806 1682
f 1808 1807 1682
f 1684 1808 1682
f 1683 1684 1682
f 1809 1808 1684
f 1810 1809 1684
f 1773 1810 1684
f 1685 1773 1684
f 1811 1689 1686
f 1812 1811 1686
f 1692 1812 1686
f 1687 1692 1686
f 1688 1692 1687
f 1811 1813 1689
f 1813 1814 1689
f 1814 1690 1689
f 1814 1815 1690
f 1815 1691 1690
f 1815 1816 1691
f 1816 1712 1691
f 1817 1812 1692
f 1818 1817 1692
f 1819 1818 1692
f 1693 1819 1692
f 1694 1819 1693
f 1695 1819 1694
f 1820 1819 1695
f 1696 1820 1695
f 1821 1820 1696
f 1697 1821 1696
f 1822 1821 1697
f 1823 1822 1697
f 1699 1823 1697
f 1698 1699 1697
f 1824 1823 1699
f 1700 1824 1699
f 1825 1824 1700
f 1826 1825 1700
f 1701 1826 1700
f 1702 1826 1701
f 1827 1826 1702
f 1703 1827 1702
f 1828 1827 1703
f 1704 1828 1703
f 1705 1828 1704
f 1829 1828 1705
f 1830 1829 1705
f 1706 1830 1705
f 1831 1830 1706
f 1707 1831 1706
f 1832 1831 1707
f 1833 1832 1707
f 1718 1833 1707
f 1713 1834 1708
f 1834 1835 1708
f 1835 1836 1708
f 1836 1709 1708
f 1836 1837 1709
f 1837 1711 1709
f 1711 1710 1709
f 1837 1714 1711
f 1816 1838 1712
f 1838 1713 1712
f 1838 1834 1713
f 1837 1839 1714
f 1839 1840 1714
f 1840 1715 1714
f 1840 1841 1715
f 1841 1842 1715
f 1842 1717 1715
f 1717 1716 1715
f 1842 1843 1717
f 1843 1736 1717
f 1844 1833 1718
f 1721 1844 1718
f 1719 1721 1718
f 1720 1721 1719
f 1845 1844 1721
f 1722 1845 1721
f 1846 1845 1722
f 1847 1846 1722
f 1848 1847 1722
f 1723 1848 1722
f 1849 1848 1723
f 1725 1849 1723
f 1724 1725 1723
f 1850 1849 1725
f 1726 1850 1725
f 1851 1850 1726
f 1727 1851 1726
f 1852 1851 1727
f 1728 1852 1727
f 1853 1852 1728
f 1854 1853 1728
f 1730 1854 1728
f 1729 1730 1728
f 1855 1854 1730
f 1856 1855 1730
f 1731 1856 1730
f 1857 1856 1731
f 1733 1857 1731
f 1732 1733 1731
f 1858 1857 1733
f 1859 1858 1733
f 1734 1859 1733
f 1860 1859 1734
f 1774 1860 1734
f 1735 1774 1734
f 1843 1861 1736
f 1861 1862 1736
f 1862 1863 1736
f 1863 1737 1736
f 1863 1738 1737
f 1863 1864 1738
f 1864 1865 1738
f 1865 1739 1738
f 1865 1740 1739
f 1865 1866 1740
f 1866 1867 1740
f 1867 1742 1740
f 1742 1741 1740
f 1867 1868 1742
f 1868 1869 1742
f 1869 1743 1742
f 1869 1870 1743
f 1870 1744 1743
f 1870 1871 1744
f 1871 1745 1744
f 1871 1872 1745
f 1872 1747 1745
f 1747 1746 1745
f 1872 1749 1747
f 1749 1748 1747
f 1872 1873 1749
f 1873 1750 1749
f 1873 1874 1750
f 1874 1875 1750
f 1875 1752 1750
f 1752 1751 1750
f 1875 1876 1752
f 1876 1877 1752
f 1877 1755 1752
f 1755 1753 1752
f 1877 1878 1755
f 1878 1879 1755
f 1879 1880 1755
f 1880 1881 1755
f 1881 1756 1755
f 1881 1757 1756
f 1881 1882 1757
f 1882 1883 1757
f 1883 1759 1757
f 1759 1758 1757
f 1883 1884 1759
f 1884 1885 1759
f 1885 1886 1759
f 1886 1887 1759
f 1887 1761 1759
f 1761 1760 1759
f 1887 1762 1761
f 1887 1888 1762
f 1888 1889 1762
f 1889 1890 1762
f 1890 1763 1762
f 1890 1891 1763
f 1891 1766 1763
f 1766 1764 1763
f 1891 1892 1766
f 1892 1893 1766
f 1893 1768 1766
f 1768 1767 1766
f 1893 1894 1768
f 1894 1895 1768
f 1895 1769 1768
f 1895 1896 1769
f 1896 1771 1769
f 1771 1770 1769
f 1896 1897 1771
f 1897 1898 1771
f 1898 1772 1771
f 1810 1773 1772
f 1898 1810 1772
f 1899 1860 1774
f 1900 1899 1774
f 1775 1900 1774
f 1901 1900 1775
f 1777 1901 1775
f 1776 1777 1775
f 1902 1901 1777
f 1903 1902 1777
f 1778 1903 1777
f 1904 1903 1778
f 1905 1904 1778
f 1779 1905 1778
f 1780 1905 1779
f 1906 1905 1780
f 1907 1906 1780
f 1781 1907 1780
f 1783 1907 1781
f 1782 1783 1781
f 1908 1907 1783
f 1909 1908 1783
f 1910 1909 1783
f 1784 1910 1783
f 1785 1910 1784
f 1911 1910 1785
f 1786 1911 1785
f 1912 1911 1786
f 1913 1912 1786
f 1787 1913 1786
f 1914 1913 1787
f 1788 1914 1787
f 1915 1914 1788
f 1789 1915 1788
f 1916 1915 1789
f 1790 1916 1789
f 1791 1916 1790
f 1917 1916 1791
f 1918 1917 1791
f 1792 1918 1791
f 1919 1918 1792
f 1920 1919 1792
f 1921 1920 1792
f 1793 1921 1792
f 1794 1921 1793
f 1922 1921 1794
f 1923 1922 1794
f 1795 1923 1794
f 1924 1923 1795
f 1796 1924 1795
f 1797 1924 1796
f 1925 1924 1797
f 1926 1925 1797
f 1798 1926 1797
f 1799 1926 1798
f 1927 1926 1799
f 1800 1927 1799
f 1928 1927 1800
f 1801 1928 1800
f 1929 1928 1801
f 1930 1929 1801
f 1802 1930 1801
f 1931 1930 1802
f 1803 1931 1802
f 1931 1803 1805
f 1932 1931 1805
f 1933 1932 1805
f 1934 1933 1805
f 1806 1934 1805
f 1935 1934 1806
f 1807 1935 1806
f 1936 1935 1807
f 1937 1936 1807
f 1809 1937 1807
f 1808 1809 1807
f 1938 1937 1809
f 1939 1938 1809
f 1898 1939 1809
f 1810 1898 1809
f 1940 1813 1811
f 1941 1940 1811
f 1817 1941 1811
f 1812 1817 1811
f 1942 1814 1813
f 1940 1942 1813
f 1942 1943 1814
f 1943 1944 1814
f 1944 1815 1814
f 1944 1816 1815
f 1944 1945 1816
f 1945 1838 1816
f 1946 1941 1817
f 1947 1946 1817
f 1818 1947 1817
f 1948 1947 1818
f 1819 1948 1818
f 1949 1948 1819
f 1820 1949 1819
f 1821 1949 1820
f 1950 1949 1821
f 1951 1950 1821
f 1952 1951 1821
f 1953 1952 1821
f 1822 1953 1821
f 1954 1953 1822
f 1955 1954 1822
f 1824 1955 1822
f 1823 1824 1822
f 1956 1955 1824
f 1825 1956 1824
f 1826 1956 1825
f 1957 1956 1826
f 1827 1957 1826
f 1958 1957 1827
f 1959 1958 1827
f 1828 1959 1827
f 1829 1959 1828
f 1960 1959 1829
f 1830 1960 1829
f 1961 1960 1830
f 1831 1961 1830
f 1962 1961 1831
f 1963 1962 1831
f 1964 1963 1831
f 1832 1964 1831
f 1965 1964 1832
f 1833 1965 1832
f 1845 1965 1833
f 1844 1845 1833
f 1838 1966 1834
f 1966 1967 1834
f 1967 1968 1834
f 1968 1836 1834
f 1836 1835 1834
f 1968 1969 1836
f 1969 1970 1836
f 1970 1839 1836
f 1839 1837 1836
f 1945 1971 1838
f 1971 1966 1838
f 1970 1841 1839
f 1841 1840 1839
f 1970 1972 1841
f 1972 1973 1841
f 1973 1843 1841
f 1843 1842 1841
f 1973 1861 1843
f 1974 1965 1845
f 1975 1974 1845
f 1846 1975 1845
f 1976 1975 1846
f 1977 1976 1846
f 1848 1977 1846
f 1847 1848 1846
f 1978 1977 1848
f 1850 1978 1848
f 1849 1850 1848
f 1979 1978 1850
f 1851 1979 1850
f 1980 1979 1851
f 1852 1980 1851
f 1981 1980 1852
f 1982 1981 1852
f 1983 1982 1852
f 1853 1983 1852
f 1984 1983 1853
f 1855 1984 1853
f 1854 1855 1853
f 1985 1984 1855
f 1986 1985 1855
f 1856 1986 1855
f 1987 1986 1856
f 1858 1987 1856
f 1857 1858 1856
f 1988 1987 1858
f 1989 1988 1858
f 1859 1989 1858
f 1990 1989 1859
f 1899 1990 1859
f 1860 1899 1859
f 1973 1991 1861
f 1991 1992 1861
f 1992 1993 1861
f 1993 1863 1861
f 1863 1862 1861
f 1993 1864 1863
f 1993 1994 1864
f 1994 1865 1864
f 1994 1995 1865
f 1995 1996 1865
f 1996 1866 1865
f 1996 1997 1866
f 1997 1998 1866
f 1998 1999 1866
f 1999 2000 1866
f 2000 1868 1866
f 1868 1867 1866
f 2000 2001 1868
f 2001 2002 1868
f 2002 1870 1868
f 1870 1869 1868
f 2002 2003 1870
f 2003 2004 1870
f 2004 2005 1870
f 2005 1871 1870
f 2005 1873 1871
f 1873 1872 1871
f 2005 2006 1873
f 2006 2007 1873
f 2007 2008 1873
f 2008 1874 1873
f 2008 2009 1874
f 2009 1876 1874
f 1876 1875 1874
f 2009 2010 1876
f 2010 1878 1876
f 1878 1877 1876
f 2010 2011 1878
f 2011 2012 1878
f 2012 2013 1878
f 2013 1879 1878
f 2013 2014 1879
f 2014 1880 1879
f 2014 2015 1880
f 2015 1882 1880
f 1882 1881 1880
f 2015 1884 1882
f 1884 1883 1882
f 2015 2016 1884
f 2016 2017 1884
f 2017 2018 1884
f 2018 2019 1884
f 2019 1885 1884
f 2019 2020 1885
f 2020 1886 1885
f 2020 2021 1886
f 2021 2022 1886
f 2022 1888 1886
f 1888 1887 1886
f 2022 2021 1888
f 2021 2023 1888
f 2023 1889 1888
f 2023 2024 1889
f 2024 2025 1889
f 2025 1891 1889
f 1891 1890 1889
f 2025 2026 1891
f 2026 1892 1891
f 2026 2027 1892
f 2027 2028 1892
f 2028 2029 1892
f 2029 1893 1892
f 2029 1894 1893
f 2029 2030 1894
f 2030 2031 1894
f 2031 2032 1894
f 2032 1896 1894
f 1896 1895 1894
f 2032 2033 1896
f 2033 2034 1896
f 2034 2035 1896
f 2035 1897 1896
f 2035 2036 1897
f 2036 1939 1897
f 1939 1898 1897
f 2037 1990 1899
f 2038 2037 1899
f 1900 2038 1899
f 2039 2038 1900
f 1902 2039 1900
f 1901 1902 1900
f 2040 2039 1902
f 2041 2040 1902
f 1903 2041 1902
f 2042 2041 1903
f 1904 2042 1903
f 2043 2042 1904
f 1906 2043 1904
f 1905 1906 1904
f 2044 2043 1906
f 2045 2044 1906
f 1907 2045 1906
f 2046 2045 1907
f 2047 2046 1907
f 1908 2047 1907
f 2048 2047 1908
f 1909 2048 1908
f 1911 2048 1909
f 1910 1911 1909
f 2049 2048 1911
f 2050 2049 1911
f 2051 2050 1911
f 1912 2051 1911
f 2052 2051 1912
f 1913 2052 1912
f 2053 2052 1913
f 1914 2053 1913
f 2054 2053 1914
f 1915 2054 1914
f 1916 2054 1915
f 2055 2054 1916
f 2056 2055 1916
f 1917 2056 1916
f 1918 2056 1917
f 2057 2056 1918
f 2058 2057 1918
f 2059 2058 1918
f 1919 2059 1918
f 2060 2059 1919
f 1920 2060 1919
f 2061 2060 1920
f 1921 2061 1920
f 2062 2061 1921
f 1922 2062 1921
f 2063 2062 1922
f 1923 2063 1922
f 2064 2063 1923
f 1924 2064 1923
f 2065 2064 1924
f 1925 2065 1924
f 1926 2065 1925
f 2066 2065 1926
f 1927 2066 1926
f 2067 2066 1927
f 1928 2067 1927
f 1929 2067 1928
f 2068 2067 1929
f 1930 2068 1929
f 2069 2068 1930
f 1931 2069 1930
f 1932 2069 1931
f 2070 2069 1932
f 2071 2070 1932
f 2072 2071 1932
f 1933 2072 1932
f 2073 2072 1933
f 1934 2073 1933
f 2074 2073 1934
f 1935 2074 1934
f 2075 2074 1935
f 1936 2075 1935
f 2076 2075 1936
f 1938 2076 1936
f 1937 1938 1936
f 2077 2076 1938
f 2078 2077 1938
f 2036 2078 1938
f 1939 2036 1938
f 2079 1942 1940
f 2080 2079 1940
f 1946 2080 1940
f 1941 1946 1940
f 2079 2081 1942
f 2081 2082 1942
f 2082 1943 1942
f 2082 2083 1943
f 2083 1944 1943
f 2083 1945 1944
f 2083 2084 1945
f 2084 1971 1945
f 2085 2080 1946
f 2086 2085 1946
f 1947 2086 1946
f 2087 2086 1947
f 2088 2087 1947
f 1948 2088 1947
f 1951 2088 1948
f 1950 1951 1948
f 1949 1950 1948
f 2087 2088 1951
f 2089 2087 1951
f 2090 2089 1951
f 1952 2090 1951
f 2091 2090 1952
f 1953 2091 1952
f 1954 2091 1953
f 2092 2091 1954
f 2093 2092 1954
f 1957 2093 1954
f 1956 1957 1954
f 1955 1956 1954
f 2094 2093 1957
f 2095 2094 1957
f 1958 2095 1957
f 1959 2095 1958
f 2096 2095 1959
f 1960 2096 1959
f 2097 2096 1960
f 2098 2097 1960
f 1961 2098 1960
f 1962 2098 1961
f 2099 2098 1962
f 2100 2099 1962
f 2101 2100 1962
f 2102 2101 1962
f 1964 2102 1962
f 1963 1964 1962
f 2103 2102 1964
f 1974 2103 1964
f 1965 1974 1964
f 1971 2104 1966
f 2104 2105 1966
f 2105 2106 1966
f 2106 1967 1966
f 2106 2107 1967
f 2107 1968 1967
f 2107 2108 1968
f 2108 1969 1968
f 2108 1972 1969
f 1972 1970 1969
f 2084 2109 1971
f 2109 2110 1971
f 2110 2104 1971
f 2108 2111 1972
f 2111 2112 1972
f 2112 1973 1972
f 2112 2113 1973
f 2113 1991 1973
f 2114 2103 1974
f 2115 2114 1974
f 1975 2115 1974
f 2116 2115 1975
f 2117 2116 1975
f 1976 2117 1975
f 2118 2117 1976
f 1978 2118 1976
f 1977 1978 1976
f 2119 2118 1978
f 1979 2119 1978
f 2120 2119 1979
f 1980 2120 1979
f 2121 2120 1980
f 1981 2121 1980
f 2122 2121 1981
f 2123 2122 1981
f 1983 2123 1981
f 1982 1983 1981
f 2124 2123 1983
f 2125 2124 1983
f 1985 2125 1983
f 1984 1985 1983
f 2126 2125 1985
f 2127 2126 1985
f 1986 2127 1985
f 2128 2127 1986
f 1988 2128 1986
f 1987 1988 1986
f 2129 2128 1988
f 2130 2129 1988
f 1989 2130 1988
f 2131 2130 1989
f 2037 2131 1989
f 1990 2037 1989
f 2113 2132 1991
f 2132 2133 1991
f 2133 2134 1991
f 2134 2135 1991
f 2135 1992 1991
f 2135 1995 1992
f 1995 1994 1992
f 1994 1993 1992
f 2135 2136 1995
f 2136 1997 1995
f 1997 1996 1995
f 2136 2137 1997
f 2137 2138 1997
f 2138 2139 1997
f 2139 1998 1997
f 2139 2140 1998
f 2140 2141 1998
f 2141 1999 1998
f 2141 2001 1999
f 2001 2000 1999
f 2141 2003 2001
f 2003 2002 2001
f 2141 2142 2003
f 2142 2143 2003
f 2143 2144 2003
f 2144 2005 2003
f 2005 2004 2003
f 2144 2006 2005
f 2144 2145 2006
f 2145 2146 2006
f 2146 2008 2006
f 2008 2007 2006
f 2146 2147 2008
f 2147 2148 2008
f 2148 2149 2008
f 2149 2009 2008
f 2149 2150 2009
f 2150 2010 2009
f 2150 2151 2010
f 2151 2011 2010
f 2151 2152 2011
f 2152 2012 2011
f 2152 2153 2012
f 2153 2013 2012
f 2153 2016 2013
f 2016 2015 2013
f 2015 2014 2013
f 2153 2154 2016
f 2154 2155 2016
f 2155 2156 2016
f 2156 2018 2016
f 2018 2017 2016
f 2156 2157 2018
f 2157 2158 2018
f 2158 2159 2018
f 2159 2020 2018
f 2020 2019 2018
f 2159 2160 2020
f 2160 2021 2020
f 2160 2161 2021
f 2161 2162 2021
f 2162 2024 2021
f 2024 2023 2021
f 2162 2163 2024
f 2163 2164 2024
f 2164 2026 2024
f 2026 2025 2024
f 2164 2165 2026
f 2165 2027 2026
f 2165 2166 2027
f 2166 2167 2027
f 2167 2030 2027
f 2030 2028 2027
f 2030 2029 2028
f 2167 2168 2030
f 2168 2169 2030
f 2169 2170 2030
f 2170 2031 2030
f 2170 2033 2031
f 2033 2032 2031
f 2170 2171 2033
f 2171 2172 2033
f 2172 2173 2033
f 2173 2034 2033
f 2173 2035 2034
f 2078 2036 2035
f 2173 2078 2035
f 2174 2131 2037
f 2175 2174 2037
f 2038 2175 2037
f 2176 2175 2038
f 2040 2176 2038
f 2039 2040 2038
f 2177 2176 2040
f 2178 2177 2040
f 2041 2178 2040
f 2179 2178 2041
f 2042 2179 2041
f 2180 2179 2042
f 2044 2180 2042
f 2043 2044 2042
f 2181 2180 2044
f 2182 2181 2044
f 2045 2182 2044
f 2183 2182 2045
f 2046 2183 2045
f 2184 2183 2046
f 2185 2184 2046
f 2047 2185 2046
f 2048 2185 2047
f 2186 2185 2048
f 2187 2186 2048
f 2049 2187 2048
f 2188 2187 2049
f 2050 2188 2049
f 2189 2188 2050
f 2051 2189 2050
f 2190 2189 2051
f 2052 2190 2051
f 2191 2190 2052
f 2053 2191 2052
f 2055 2191 2053
f 2054 2055 2053
f 2192 2191 2055
f 2193 2192 2055
f 2194 2193 2055
f 2056 2194 2055
f 2057 2194 2056
f 2195 2194 2057
f 2196 2195 2057
f 2197 2196 2057
f 2198 2197 2057
f 2058 2198 2057
f 2199 2198 2058
f 2059 2199 2058
f 2060 2199 2059
f 2200 2199 2060
f 2061 2200 2060
f 2201 2200 2061
f 2202 2201 2061
f 2062 2202 2061
f 2063 2202 2062
f 2203 2202 2063
f 2064 2203 2063
f 2204 2203 2064
f 2065 2204 2064
f 2205 2204 2065
f 2066 2205 2065
f 2206 2205 2066
f 2067 2206 2066
f 2207 2206 2067
f 2068 2207 2067
f 2208 2207 2068
f 2069 2208 2068
f 2209 2208 2069
f 2070 2209 2069
f 2210 2209 2070
f 2071 2210 2070
f 2072 2210 2071
f 2211 2210 2072
f 2073 2211 2072
f 2212 2211 2073
f 2074 2212 2073
f 2213 2212 2074
f 2075 2213 2074
f 2214 2213 2075
f 2215 2214 2075
f 2077 2215 2075
f 2076 2077 2075
f 2216 2215 2077
f 2217 2216 2077
f 2173 2217 2077
f 2078 2173 2077
f 2218 2081 2079
f 2219 2218 2079
f 2085 2219 2079
f 2080 2085 2079
f 2218 2220 2081
f 2220 2221 2081
f 2221 2082 2081
f 2221 2222 2082
f 2222 2083 2082
f 2222 2084 2083
f 2222 2223 2084
f 2223 2224 2084
f 2224 2109 2084
f 2225 2219 2085
f 2226 2225 2085
f 2087 2226 2085
f 2086 2087 2085
f 2227 2226 2087
f 2228 2227 2087
f 2089 2228 2087
f 2229 2228 2089
f 2090 2229 2089
f 2230 2229 2090
f 2091 2230 2090
f 2231 2230 2091
f 2092 2231 2091
f 2232 2231 2092
f 2094 2232 2092
f 2093 2094 2092
f 2095 2232 2094
f 2233 2232 2095
f 2234 2233 2095
f 2096 2234 2095
f 2097 2234 2096
f 2235 2234 2097
f 2098 2235 2097
f 2236 2235 2098
f 2099 2236 2098
f 2237 2236 2099
f 2238 2237 2099
f 2239 2238 2099
f 2100 2239 2099
f 2240 2239 2100
f 2101 2240 2100
f 2114 2240 2101
f 2103 2114 2101
f 2102 2103 2101
f 2110 2241 2104
f 2241 2242 2104
f 2242 2106 2104
f 2106 2105 2104
f 2242 2243 2106
f 2243 2244 2106
f 2244 2107 2106
f 2244 2111 2107
f 2111 2108 2107
f 2224 2110 2109
f 2224 2245 2110
f 2245 2246 2110
f 2246 2247 2110
f 2247 2241 2110
f 2244 2248 2111
f 2248 2249 2111
f 2249 2113 2111
f 2113 2112 2111
f 2249 2250 2113
f 2250 2251 2113
f 2251 2132 2113
f 2252 2240 2114
f 2115 2252 2114
f 2253 2252 2115
f 2254 2253 2115
f 2116 2254 2115
f 2255 2254 2116
f 2117 2255 2116
f 2119 2255 2117
f 2118 2119 2117
f 2256 2255 2119
f 2120 2256 2119
f 2257 2256 2120
f 2121 2257 2120
f 2258 2257 2121
f 2259 2258 2121
f 2260 2259 2121
f 2122 2260 2121
f 2261 2260 2122
f 2124 2261 2122
f 2123 2124 2122
f 2262 2261 2124
f 2263 2262 2124
f 2126 2263 2124
f 2125 2126 2124
f 2264 2263 2126
f 2265 2264 2126
f 2127 2265 2126
f 2266 2265 2127
f 2129 2266 2127
f 2128 2129 2127
f 2267 2266 2129
f 2268 2267 2129
f 2130 2268 2129
f 2269 2268 2130
f 2174 2269 2130
f 2131 2174 2130
f 2251 2270 2132
f 2270 2133 2132
f 2270 2271 2133
f 2271 2272 2133
f 2272 2135 2133
f 2135 2134 2133
f 2272 2273 2135
f 2273 2274 2135
f 2274 2137 2135
f 2137 2136 2135
f 2274 2275 2137
f 2275 2276 2137
f 2276 2277 2137
f 2277 2278 2137
f 2278 2138 2137
f 2278 2139 2138
f 2278 2279 2139
f 2279 2280 2139
f 2280 2281 2139
f 2281 2142 2139
f 2142 2140 2139
f 2142 2141 2140
f 2281 2282 2142
f 2282 2283 2142
f 2283 2143 2142
f 2283 2284 2143
f 2284 2145 2143
f 2145 2144 2143
f 2284 2285 2145
f 2285 2147 2145
f 2147 2146 2145
f 2285 2286 2147
f 2286 2287 2147
f 2287 2288 2147
f 2288 2289 2147
f 2289 2290 2147
f 2290 2148 2147
f 2290 2291 2148
f 2291 2150 2148
f 2150 2149 2148
f 2291 2292 2150
f 2292 2293 2150
f 2293 2151 2150
f 2293 2152 2151
f 2293 2294 2152
f 2294 2295 2152
f 2295 2296 2152
f 2296 2154 2152
f 2154 2153 2152
f 2296 2155 2154
f 2296 2297 2155
f 2297 2298 2155
f 2298 2299 2155
f 2299 2157 2155
f 2157 2156 2155
f 2299 2300 2157
f 2300 2301 2157
f 2301 2158 2157
f 2301 2302 2158
f 2302 2160 2158
f 2160 2159 2158
f 2302 2303 2160
f 2303 2161 2160
f 2303 2304 2161
f 2304 2305 2161
f 2305 2163 2161
f 2163 2162 2161
f 2305 2306 2163
f 2306 2307 2163
f 2307 2164 2163
f 2307 2308 2164
f 2308 2165 2164
f 2308 2309 2165
f 2309 2166 2165
f 2309 2310 2166
f 2310 2311 2166
f 2311 2168 2166
f 2168 2167 2166
f 2311 2312 2168
f 2312 2313 2168
f 2313 2314 2168
f 2314 2169 2168
f 2314 2171 2169
f 2171 2170 2169
f 2314 2315 2171
f 2315 2316 2171
f 2316 2317 2171
f 2317 2172 2171
f 2317 2217 2172
f 2217 2173 2172
f 2318 2269 2174
f 2319 2318 2174
f 2175 2319 2174
f 2320 2319 2175
f 2177 2320 2175
f 2176 2177 2175
f 2321 2320 2177
f 2322 2321 2177
f 2178 2322 2177
f 2323 2322 2178
f 2179 2323 2178
f 2324 2323 2179
f 2181 2324 2179
f 2180 2181 2179
f 2325 2324 2181
f 2326 2325 2181
f 2182 2326 2181
f 2327 2326 2182
f 2183 2327 2182
f 2328 2327 2183
f 2329 2328 2183
f 2184 2329 2183
f 2185 2329 2184
f 2330 2329 2185
f 2186 2330 2185
f 2331 2330 2186
f 2332 2331 2186
f 2187 2332 2186
f 2333 2332 2187
f 2188 2333 2187
f 2334 2333 2188
f 2189 2334 2188
f 2335 2334 2189
f 2190 2335 2189
f 2191 2335 2190
f 2336 2335 2191
f 2337 2336 2191
f 2192 2337 2191
f 2338 2337 2192
f 2193 2338 2192
f 2194 2338 2193
f 2339 2338 2194
f 2195 2339 2194
f 2340 2339 2195
f 2341 2340 2195
f 2342 2341 2195
f 2343 2342 2195
f 2196 2343 2195
f 2344 2343 2196
f 2197 2344 2196
f 2345 2344 2197
f 2198 2345 2197
f 2199 2345 2198
f 2346 2345 2199
f 2347 2346 2199
f 2200 2347 2199
f 2201 2347 2200
f 2348 2347 2201
f 2349 2348 2201
f 2202 2349 2201
f 2203 2349 2202
f 2350 2349 2203
f 2351 2350 2203
f 2204 2351 2203
f 2352 2351 2204
f 2205 2352 2204
f 2353 2352 2205
f 2354 2353 2205
f 2206 2354 2205
f 2355 2354 2206
f 2207 2355 2206
f 2356 2355 2207
f 2208 2356 2207
f 2357 2356 2208
f 2209 2357 2208
f 2358 2357 2209
f 2210 2358 2209
f 2359 2358 2210
f 2211 2359 2210
f 2360 2359 2211
f 2361 2360 2211
f 2212 2361 2211
f 2362 2361 2212
f 2213 2362 2212
f 2214 2363 2213
f 2363 2362 2213
f 2364 2363 2214
f 2216 2364 2214
f 2215 2216 2214
f 2217 2365 2216
f 2365 2366 2216
f 2366 2367 2216
f 2367 2364 2216
f 2317 2368 2217
f 2368 2365 2217
f 2369 2220 2218
f 2370 2369 2218
f 2225 2370 2218
f 2219 2225 2218
f 2369 2371 2220
f 2371 2372 2220
f 2372 2221 2220
f 2372 2222 2221
f 2372 2373 2222
f 2373 2223 2222
f 2373 2374 2223
f 2374 2224 2223
f 2374 2375 2224
f 2375 2245 2224
f 2376 2370 2225
f 2377 2376 2225
f 2378 2377 2225
f 2226 2378 2225
f 2227 2378 2226
f 2379 2378 2227
f 2380 2379 2227
f 2228 2380 2227
f 2381 2380 2228
f 2229 2381 2228
f 2382 2381 2229
f 2230 2382 2229
f 2383 2382 2230
f 2231 2383 2230
f 2384 2383 2231
f 2233 2384 2231
f 2232 2233 2231
f 2385 2384 2233
f 2234 2385 2233
f 2386 2385 2234
f 2387 2386 2234
f 2235 2387 2234
f 2388 2387 2235
f 2236 2388 2235
f 2237 2388 2236
f 2389 2388 2237
f 2390 2389 2237
f 2391 2390 2237
f 2392 2391 2237
f 2238 2392 2237
f 2240 2392 2238
f 2239 2240 2238
f 2393 2392 2240
f 2252 2393 2240
f 2247 2394 2241
f 2394 2243 2241
f 2243 2242 2241
f 2394 2395 2243
f 2395 2248 2243
f 2248 2244 2243
f 2375 2396 2245
f 2396 2397 2245
f 2397 2246 2245
f 2397 2398 2246
f 2398 2399 2246
f 2399 2247 2246
f 2399 2394 2247
f 2395 2400 2248
f 2400 2401 2248
f 2401 2250 2248
f 2250 2249 2248
f 2401 2402 2250
f 2402 2251 2250
f 2402 2270 2251
f 2403 2393 2252
f 2404 2403 2252
f 2405 2404 2252
f 2253 2405 2252
f 2406 2405 2253
f 2254 2406 2253
f 2256 2406 2254
f 2255 2256 2254
f 2407 2406 2256
f 2408 2407 2256
f 2257 2408 2256
f 2409 2408 2257
f 2258 2409 2257
f 2410 2409 2258
f 2411 2410 2258
f 2260 2411 2258
f 2259 2260 2258
f 2412 2411 2260
f 2413 2412 2260
f 2262 2413 2260
f 2261 2262 2260
f 2414 2413 2262
f 2415 2414 2262
f 2264 2415 2262
f 2263 2264 2262
f 2416 2415 2264
f 2417 2416 2264
f 2265 2417 2264
f 2418 2417 2265
f 2267 2418 2265
f 2266 2267 2265
f 2419 2418 2267
f 2420 2419 2267
f 2268 2420 2267
f 2421 2420 2268
f 2318 2421 2268
f 2269 2318 2268
f 2402 2422 2270
f 2422 2423 2270
f 2423 2424 2270
f 2424 2271 2270
f 2424 2273 2271
f 2273 2272 2271
f 2424 2425 2273
f 2425 2426 2273
f 2426 2275 2273
f 2275 2274 2273
f 2426 2276 2275
f 2426 2427 2276
f 2427 2428 2276
f 2428 2429 2276
f 2429 2279 2276
f 2279 2277 2276
f 2279 2278 2277
f 2429 2430 2279
f 2430 2431 2279
f 2431 2432 2279
f 2432 2281 2279
f 2281 2280 2279
f 2432 2433 2281
f 2433 2434 2281
f 2434 2282 2281
f 2434 2435 2282
f 2435 2283 2282
f 2435 2436 2283
f 2436 2286 2283
f 2286 2284 2283
f 2286 2285 2284
f 2436 2287 2286
f 2436 2437 2287
f 2437 2438 2287
f 2438 2439 2287
f 2439 2289 2287
f 2289 2288 2287
f 2439 2440 2289
f 2440 2441 2289
f 2441 2442 2289
f 2442 2291 2289
f 2291 2290 2289
f 2442 2443 2291
f 2443 2292 2291
f 2443 2293 2292
f 2443 2444 2293
f 2444 2294 2293
f 2444 2445 2294
f 2445 2446 2294
f 2446 2447 2294
f 2447 2295 2294
f 2447 2448 2295
f 2448 2296 2295
f 2448 2298 2296
f 2298 2297 2296
f 2448 2449 2298
f 2449 2450 2298
f 2450 2451 2298
f 2451 2452 2298
f 2452 2299 2298
f 2452 2453 2299
f 2453 2300 2299
f 2453 2454 2300
f 2454 2301 2300
f 2454 2455 2301
f 2455 2302 2301
f 2455 2456 2302
f 2456 2457 2302
f 2457 2303 2302
f 2457 2304 2303
f 2457 2458 2304
f 2458 2459 2304
f 2459 2460 2304
f 2460 2306 2304
f 2306 2305 2304
f 2460 2461 2306
f 2461 2462 2306
f 2462 2307 2306
f 2462 2463 2307
f 2463 2308 2307
f 2463 2464 2308
f 2464 2309 2308
f 2464 2465 2309
f 2465 2312 2309
f 2312 2310 2309
f 2312 2311 2310
f 2465 2466 2312
f 2466 2467 2312
f 2467 2468 2312
f 2468 2315 2312
f 2315 2313 2312
f 2315 2314 2313
f 2468 2469 2315
f 2469 2470 2315
f 2470 2471 2315
f 2471 2472 2315
f 2472 2316 2315
f 2472 2368 2316
f 2368 2317 2316
f 2473 2421 2318
f 2474 2473 2318
f 2319 2474 2318
f 2475 2474 2319
f 2321 2475 2319
f 2320 2321 2319
f 2476 2475 2321
f 2477 2476 2321
f 2322 2477 2321
f 2478 2477 2322
f 2323 2478 2322
f 2479 2478 2323
f 2325 2479 2323
f 2324 2325 2323
f 2480 2479 2325
f 2481 2480 2325
f 2326 2481 2325
f 2482 2481 2326
f 2327 2482 2326
f 2483 2482 2327
f 2484 2483 2327
f 2328 2484 2327
f 2329 2484 2328
f 2485 2484 2329
f 2330 2485 2329
f 2486 2485 2330
f 2487 2486 2330
f 2331 2487 2330
f 2488 2487 2331
f 2332 2488 2331
f 2489 2488 2332
f 2333 2489 2332
f 2490 2489 2333
f 2334 2490 2333
f 2335 2490 2334
f 2491 2490 2335
f 2336 2491 2335
f 2492 2491 2336
f 2493 2492 2336
f 2337 2493 2336
f 2339 2493 2337
f 2338 2339 2337
f 2494 2493 2339
f 2495 2494 2339
f 2340 2495 2339
f 2496 2495 2340
f 2497 2496 2340
f 2498 2497 2340
f 2341 2498 2340
f 2499 2498 2341
f 2342 2499 2341
f 2500 2499 2342
f 2343 2500 2342
f 2501 2500 2343
f 2344 2501 2343
f 2502 2501 2344
f 2345 2502 2344
f 2503 2502 2345
f 2346 2503 2345
f 2347 2503 2346
f 2504 2503 2347
f 2505 2504 2347
f 2348 2505 2347
f 2506 2505 2348
f 2349 2506 2348
f 2507 2506 2349
f 2350 2507 2349
f 2508 2507 2350
f 2351 2508 2350
f 2352 2508 2351
f 2353 2508 2352
f 2509 2508 2353
f 2354 2509 2353
f 2510 2509 2354
f 2511 2510 2354
f 2355 2511 2354
f 2512 2511 2355
f 2356 2512 2355
f 2513 2512 2356
f 2357 2513 2356
f 2514 2513 2357
f 2358 2514 2357
f 2515 2514 2358
f 2359 2515 2358
f 2516 2515 2359
f 2517 2516 2359
f 2360 2517 2359
f 2361 2517 2360
f 2362 2518 2361
f 2518 2517 2361
f 2363 2519 2362
f 2519 2518 2362
f 2364 2367 2363
f 2367 2520 2363
f 2520 2519 2363
f 2368 2521 2365
f 2521 2366 2365
f 2521 2522 2366
f 2522 2520 2366
f 2520 2367 2366
f 2472 2523 2368
f 2523 2521 2368
f 2524 2371 2369
f 2525 2524 2369
f 2376 2525 2369
f 2370 2376 2369
f 2526 2372 2371
f 2524 2526 2371
f 2527 2373 2372
f 2526 2527 2372
f 2527 2528 2373
f 2528 2529 2373
f 2529 2530 2373
f 2530 2374 2373
f 2530 2375 2374
f 2530 2531 2375
f 2531 2532 2375
f 2532 2533 2375
f 2533 2396 2375
f 2534 2525 2376
f 2535 2534 2376
f 2377 2535 2376
f 2536 2535 2377
f 2379 2536 2377
f 2378 2379 2377
f 2537 2536 2379
f 2538 2537 2379
f 2380 2538 2379
f 2539 2538 2380
f 2381 2539 2380
f 2540 2539 2381
f 2382 2540 2381
f 2541 2540 2382
f 2383 2541 2382
f 2542 2541 2383
f 2385 2542 2383
f 2384 2385 2383
f 2543 2542 2385
f 2544 2543 2385
f 2545 2544 2385
f 2386 2545 2385
f 2387 2545 2386
f 2546 2545 2387
f 2388 2546 2387
f 2547 2546 2388
f 2389 2547 2388
f 2548 2547 2389
f 2549 2548 2389
f 2390 2549 2389
f 2550 2549 2390
f 2393 2550 2390
f 2391 2393 2390
f 2392 2393 2391
f 2551 2550 2393
f 2403 2551 2393
f 2399 2400 2394
f 2400 2395 2394
f 2533 2552 2396
f 2552 2397 2396
f 2552 2553 2397
f 2553 2554 2397
f 2554 2398 2397
f 2554 2399 2398
f 2554 2555 2399
f 2555 2400 2399
f 2555 2402 2400
f 2402 2401 2400
f 2555 2556 2402
f 2556 2557 2402
f 2557 2422 2402
f 2558 2551 2403
f 2559 2558 2403
f 2560 2559 2403
f 2405 2560 2403
f 2404 2405 2403
f 2561 2560 2405
f 2407 2561 2405
f 2406 2407 2405
f 2562 2561 2407
f 2563 2562 2407
f 2408 2563 2407
f 2564 2563 2408
f 2409 2564 2408
f 2565 2564 2409
f 2566 2565 2409
f 2410 2566 2409
f 2567 2566 2410
f 2412 2567 2410
f 2411 2412 2410
f 2568 2567 2412
f 2569 2568 2412
f 2413 2569 2412
f 2570 2569 2413
f 2414 2570 2413
f 2571 2570 2414
f 2416 2571 2414
f 2415 2416 2414
f 2572 2571 2416
f 2573 2572 2416
f 2417 2573 2416
f 2574 2573 2417
f 2419 2574 2417
f 2418 2419 2417
f 2575 2574 2419
f 2576 2575 2419
f 2577 2576 2419
f 2420 2577 2419
f 2473 2577 2420
f 2421 2473 2420
f 2557 2578 2422
f 2578 2579 2422
f 2579 2423 2422
f 2579 2580 2423
f 2580 2424 2423
f 2580 2426 2424
f 2426 2425 2424
f 2580 2581 2426
f 2581 2582 2426
f 2582 2427 2426
f 2582 2583 2427
f 2583 2584 2427
f 2584 2585 2427
f 2585 2428 2427
f 2585 2430 2428
f 2430 2429 2428
f 2585 2586 2430
f 2586 2587 2430
f 2587 2588 2430
f 2588 2589 2430
f 2589 2431 2430
f 2589 2590 2431
f 2590 2432 2431
f 2590 2591 2432
f 2591 2433 2432
f 2591 2592 2433
f 2592 2434 2433
f 2592 2435 2434
f 2592 2593 2435
f 2593 2594 2435
f 2594 2437 2435
f 2437 2436 2435
f 2594 2595 2437
f 2595 2596 2437
f 2596 2597 2437
f 2597 2438 2437
f 2597 2598 2438
f 2598 2440 2438
f 2440 2439 2438
f 2598 2599 2440
f 2599 2600 2440
f 2600 2445 2440
f 2445 2444 2440
f 2444 2441 2440
f 2444 2443 2441
f 2443 2442 2441
f 2600 2601 2445
f 2601 2602 2445
f 2602 2446 2445
f 2602 2603 2446
f 2603 2447 2446
f 2603 2449 2447
f 2449 2448 2447
f 2603 2604 2449
f 2604 2605 2449
f 2605 2606 2449
f 2606 2450 2449
f 2606 2607 2450
f 2607 2451 2450
f 2607 2608 2451
f 2608 2609 2451
f 2609 2453 2451
f 2453 2452 2451
f 2609 2454 2453
f 2609 2608 2454
f 2608 2610 2454
f 2610 2611 2454
f 2611 2612 2454
f 2612 2455 2454
f 2612 2613 2455
f 2613 2456 2455
f 2613 2457 2456
f 2613 2458 2457
f 2613 2614 2458
f 2614 2615 2458
f 2615 2616 2458
f 2616 2459 2458
f 2616 2461 2459
f 2461 2460 2459
f 2616 2617 2461
f 2617 2618 2461
f 2618 2462 2461
f 2618 2619 2462
f 2619 2463 2462
f 2619 2620 2463
f 2620 2464 2463
f 2620 2466 2464
f 2466 2465 2464
f 2620 2621 2466
f 2621 2622 2466
f 2622 2467 2466
f 2622 2469 2467
f 2469 2468 2467
f 2622 2623 2469
f 2623 2624 2469
f 2624 2625 2469
f 2625 2470 2469
f 2625 2626 2470
f 2626 2523 2470
f 2523 2471 2470
f 2523 2472 2471
f 2627 2577 2473
f 2628 2627 2473
f 2474 2628 2473
f 2629 2628 2474
f 2476 2629 2474
f 2475 2476 2474
f 2630 2629 2476
f 2631 2630 2476
f 2477 2631 2476
f 2632 2631 2477
f 2478 2632 2477
f 2633 2632 2478
f 2480 2633 2478
f 2479 2480 2478
f 2634 2633 2480
f 2635 2634 2480
f 2481 2635 2480
f 2636 2635 2481
f 2637 2636 2481
f 2482 2637 2481
f 2638 2637 2482
f 2483 2638 2482
f 2484 2638 2483
f 2639 2638 2484
f 2485 2639 2484
f 2640 2639 2485
f 2641 2640 2485
f 2486 2641 2485
f 2642 2641 2486
f 2487 2642 2486
f 2643 2642 2487
f 2488 2643 2487
f 2644 2643 2488
f 2489 2644 2488
f 2491 2644 2489
f 2490 2491 2489
f 2645 2644 2491
f 2646 2645 2491
f 2647 2646 2491
f 2492 2647 2491
f 2493 2647 2492
f 2648 2647 2493
f 2494 2648 2493
f 2649 2648 2494
f 2650 2649 2494
f 2495 2650 2494
f 2496 2650 2495
f 2651 2650 2496
f 2652 2651 2496
f 2653 2652 2496
f 2497 2653 2496
f 2654 2653 2497
f 2498 2654 2497
f 2655 2654 2498
f 2656 2655 2498
f 2499 2656 2498
f 2657 2656 2499
f 2500 2657 2499
f 2658 2657 2500
f 2501 2658 2500
f 2502 2658 2501
f 2659 2658 2502
f 2660 2659 2502
f 2503 2660 2502
f 2504 2660 2503
f 2661 2660 2504
f 2662 2661 2504
f 2505 2662 2504
f 2506 2662 2505
f 2663 2662 2506
f 2507 2663 2506
f 2664 2663 2507
f 2508 2664 2507
f 2665 2664 2508
f 2509 2665 2508
f 2666 2665 2509
f 2667 2666 2509
f 2510 2667 2509
f 2511 2667 2510
f 2668 2667 2511
f 2669 2668 2511
f 2512 2669 2511
f 2670 2669 2512
f 2671 2668 2512
f 2513 2671 2512
f 2672 2671 2513
f 2673 2672 2513
f 2514 2673 2513
f 2674 2673 2514
f 2675 2674 2514
f 2515 2675 2514
f 2516 2675 2515
f 2676 2675 2516
f 2517 2676 2516
f 2518 2677 2517
f 2677 2676 2517
f 2519 2678 2518
f 2678 2677 2518
f 2520 2679 2519
f 2679 2680 2519
f 2680 2678 2519
f 2522 2681 2520
f 2681 2682 2520
f 2682 2683 2520
f 2683 2684 2520
f 2684 2679 2520
f 2523 2681 2521
f 2681 2522 2521
f 2626 2685 2523
f 2685 2682 2523
f 2682 2681 2523
f 2686 2526 2524
f 2687 2686 2524
f 2688 2687 2524
f 2534 2688 2524
f 2525 2534 2524
f 2686 2527 2526
f 2689 2528 2527
f 2690 2689 2527
f 2686 2690 2527
f 2691 2529 2528
f 2689 2691 2528
f 2692 2530 2529
f 2691 2692 2529
f 2693 2531 2530
f 2694 2693 2530
f 2692 2694 2530
f 2695 2532 2531
f 2696 2695 2531
f 2697 2696 2531
f 2693 2697 2531
f 2695 2698 2532
f 2698 2533 2532
f 2698 2699 2533
f 2699 2552 2533
f 2700 2534 2535
f 2536 2700 2535
f 2701 2700 2536
f 2702 2701 2536
f 2537 2702 2536
f 2703 2702 2537
f 2704 2703 2537
f 2705 2704 2537
f 2706 2705 2537
f 2538 2706 2537
f 2707 2706 2538
f 2708 2707 2538
f 2539 2708 2538
f 2709 2708 2539
f 2540 2709 2539
f 2710 2709 2540
f 2541 2710 2540
f 2711 2710 2541
f 2712 2711 2541
f 2543 2712 2541
f 2542 2543 2541
f 2713 2712 2543
f 2544 2713 2543
f 2714 2713 2544
f 2545 2714 2544
f 2715 2714 2545
f 2546 2715 2545
f 2716 2715 2546
f 2547 2716 2546
f 2717 2716 2547
f 2718 2717 2547
f 2719 2718 2547
f 2549 2719 2547
f 2548 2549 2547
f 2720 2719 2549
f 2551 2720 2549
f 2550 2551 2549
f 2721 2720 2551
f 2558 2721 2551
f 2699 2722 2552
f 2722 2723 2552
f 2723 2553 2552
f 2723 2555 2553
f 2555 2554 2553
f 2723 2724 2555
f 2724 2556 2555
f 2724 2725 2556
f 2725 2726 2556
f 2726 2557 2556
f 2726 2727 2557
f 2727 2728 2557
f 2728 2578 2557
f 2729 2721 2558
f 2730 2729 2558
f 2731 2730 2558
f 2732 2731 2558
f 2559 2732 2558
f 2561 2732 2559
f 2560 2561 2559
f 2733 2732 2561
f 2562 2733 2561
f 2734 2733 2562
f 2563 2734 2562
f 2735 2734 2563
f 2564 2735 2563
f 2736 2735 2564
f 2737 2736 2564
f 2565 2737 2564
f 2738 2737 2565
f 2566 2738 2565
f 2739 2738 2566
f 2568 2739 2566
f 2567 2568 2566
f 2740 2739 2568
f 2741 2740 2568
f 2569 2741 2568
f 2742 2741 2569
f 2570 2742 2569
f 2743 2742 2570
f 2572 2743 2570
f 2571 2572 2570
f 2744 2743 2572
f 2745 2744 2572
f 2573 2745 2572
f 2746 2745 2573
f 2575 2746 2573
f 2574 2575 2573
f 2747 2746 2575
f 2748 2747 2575
f 2749 2748 2575
f 2576 2749 2575
f 2627 2749 2576
f 2577 2627 2576
f 2728 2750 2578
f 2750 2579 2578
f 2750 2581 2579
f 2581 2580 2579
f 2750 2751 2581
f 2751 2582 2581
f 2751 2752 2582
f 2752 2583 2582
f 2752 2753 2583
f 2753 2754 2583
f 2754 2755 2583
f 2755 2756 2583
f 2756 2585 2583
f 2585 2584 2583
f 2756 2586 2585
f 2756 2757 2586
f 2757 2758 2586
f 2758 2587 2586
f 2758 2759 2587
f 2759 2760 2587
f 2760 2761 2587
f 2761 2762 2587
f 2762 2588 2587
f 2762 2763 2588
f 2763 2589 2588
f 2763 2590 2589
f 2763 2764 2590
f 2764 2591 2590
f 2764 2593 2591
f 2593 2592 2591
f 2764 2765 2593
f 2765 2766 2593
f 2766 2767 2593
f 2767 2768 2593
f 2768 2595 2593
f 2595 2594 2593
f 2768 2769 2595
f 2769 2596 2595
f 2769 2770 2596
f 2770 2771 2596
f 2771 2597 2596
f 2771 2598 2597
f 2771 2772 2598
f 2772 2599 2598
f 2772 2773 2599
f 2773 2601 2599
f 2601 2600 2599
f 2773 2774 2601
f 2774 2775 2601
f 2775 2602 2601
f 2775 2604 2602
f 2604 2603 2602
f 2775 2776 2604
f 2776 2777 2604
f 2777 2778 2604
f 2778 2605 2604
f 2778 2779 2605
f 2779 2606 2605
f 2779 2607 2606
f 2779 2780 2607
f 2780 2781 2607
f 2781 2608 2607
f 2781 2782 2608
f 2782 2611 2608
f 2611 2610 2608
f 2782 2783 2611
f 2783 2784 2611
f 2784 2785 2611
f 2785 2786 2611
f 2611 2786 2612
f 2786 2613 2612
f 2786 2614 2613
f 2786 2785 2614
f 2785 2787 2614
f 2787 2788 2614
f 2788 2789 2614
f 2789 2615 2614
f 2789 2790 2615
f 2790 2616 2615
f 2790 2791 2616
f 2791 2617 2616
f 2791 2618 2617
f 2791 2792 2618
f 2792 2793 2618
f 2793 2794 2618
f 2794 2619 2618
f 2794 2620 2619
f 2794 2795 2620
f 2795 2621 2620
f 2795 2796 2621
f 2796 2797 2621
f 2797 2623 2621
f 2623 2622 2621
f 2797 2798 2623
f 2798 2799 2623
f 2799 2800 2623
f 2800 2624 2623
f 2800 2801 2624
f 2801 2625 2624
f 2801 2685 2625
f 2685 2626 2625
f 2802 2749 2627
f 2803 2802 2627
f 2628 2803 2627
f 2804 2803 2628
f 2630 2804 2628
f 2629 2630 2628
f 2805 2804 2630
f 2806 2805 2630
f 2631 2806 2630
f 2807 2806 2631
f 2808 2807 2631
f 2632 2808 2631
f 2634 2808 2632
f 2633 2634 2632
f 2809 2808 2634
f 2810 2809 2634
f 2635 2810 2634
f 2811 2810 2635
f 2812 2811 2635
f 2636 2812 2635
f 2813 2812 2636
f 2637 2813 2636
f 2638 2813 2637
f 2814 2813 2638
f 2639 2814 2638
f 2815 2814 2639
f 2816 2815 2639
f 2640 2816 2639
f 2817 2816 2640
f 2641 2817 2640
f 2818 2817 2641
f 2642 2818 2641
f 2819 2818 2642
f 2643 2819 2642
f 2645 2819 2643
f 2644 2645 2643
f 2820 2819 2645
f 2821 2820 2645
f 2822 2821 2645
f 2646 2822 2645
f 2647 2822 2646
f 2823 2822 2647
f 2648 2823 2647
f 2824 2823 2648
f 2649 2824 2648
f 2825 2824 2649
f 2651 2825 2649
f 2650 2651 2649
f 2826 2825 2651
f 2827 2826 2651
f 2828 2827 2651
f 2829 2828 2651
f 2652 2829 2651
f 2830 2829 2652
f 2653 2830 2652
f 2831 2830 2653
f 2654 2831 2653
f 2832 2831 2654
f 2655 2832 2654
f 2833 2832 2655
f 2656 2833 2655
f 2834 2833 2656
f 2657 2834 2656
f 2835 2834 2657
f 2658 2835 2657
f 2836 2835 2658
f 2659 2836 2658
f 2837 2836 2659
f 2660 2837 2659
f 2838 2837 2660
f 2661 2838 2660
f 2839 2838 2661
f 2662 2839 2661
f 2840 2839 2662
f 2663 2840 2662
f 2841 2840 2663
f 2664 2841 2663
f 2842 2841 2664
f 2665 2842 2664
f 2666 2842 2665
f 2843 2842 2666
f 2667 2843 2666
f 2844 2843 2667
f 2669 2844 2667
f 2668 2669 2667
f 2670 2844 2669
f 2845 2844 2670
f 2671 2845 2670
f 2846 2845 2671
f 2847 2846 2671
f 2672 2847 2671
f 2673 2847 2672
f 2848 2847 2673
f 2849 2848 2673
f 2674 2849 2673
f 2675 2850 2674
f 2850 2849 2674
f 2676 2851 2675
f 2851 2850 2675
f 2677 2852 2676
f 2852 2851 2676
f 2678 2680 2677
f 2680 2852 2677
f 2684 2853 2679
f 2853 2680 2679
f 2853 2854 2680
f 2854 2852 2680
f 2685 2855 2682
f 2855 2856 2682
f 2856 2683 2682
f 2856 2857 2683
f 2857 2858 2683
f 2858 2684 2683
f 2858 2859 2684
f 2859 2853 2684
f 2801 2860 2685
f 2860 2855 2685
f 2861 2690 2686
f 2687 2861 2686
f 2862 2861 2687
f 2534 2862 2687
f 2688 2534 2687
f 2863 2691 2689
f 2864 2863 2689
f 2865 2864 2689
f 2690 2865 2689
f 2866 2865 2690
f 2861 2866 2690
f 2867 2692 2691
f 2863 2867 2691
f 2868 2694 2692
f 2869 2868 2692
f 2867 2869 2692
f 2694 2868 2693
f 2868 2697 2693
f 2696 2870 2695
f 2870 2871 2695
f 2871 2872 2695
f 2872 2698 2695
f 2873 2870 2696
f 2697 2873 2696
f 2874 2873 2697
f 2875 2874 2697
f 2868 2875 2697
f 2872 2876 2698
f 2876 2699 2698
f 2876 2877 2699
f 2877 2724 2699
f 2724 2722 2699
f 2701 2534 2700
f 2703 2701 2702
f 2878 2701 2703
f 2705 2878 2703
f 2704 2705 2703
f 2879 2878 2705
f 2880 2879 2705
f 2706 2880 2705
f 2881 2880 2706
f 2707 2881 2706
f 2708 2881 2707
f 2882 2881 2708
f 2709 2882 2708
f 2883 2882 2709
f 2710 2883 2709
f 2711 2883 2710
f 2884 2883 2711
f 2713 2884 2711
f 2712 2713 2711
f 2885 2884 2713
f 2714 2885 2713
f 2886 2885 2714
f 2716 2886 2714
f 2715 2716 2714
f 2887 2886 2716
f 2888 2887 2716
f 2717 2888 2716
f 2889 2888 2717
f 2890 2889 2717
f 2891 2890 2717
f 2718 2891 2717
f 2892 2891 2718
f 2719 2892 2718
f 2721 2892 2719
f 2720 2721 2719
f 2893 2892 2721
f 2894 2893 2721
f 2729 2894 2721
f 2724 2723 2722
f 2877 2895 2724
f 2895 2896 2724
f 2896 2725 2724
f 2896 2726 2725
f 2896 2897 2726
f 2897 2898 2726
f 2898 2899 2726
f 2899 2728 2726
f 2728 2727 2726
f 2899 2900 2728
f 2900 2751 2728
f 2751 2750 2728
f 2901 2894 2729
f 2902 2901 2729
f 2730 2902 2729
f 2903 2902 2730
f 2733 2903 2730
f 2731 2733 2730
f 2732 2733 2731
f 2904 2903 2733
f 2905 2904 2733
f 2734 2905 2733
f 2735 2905 2734
f 2906 2905 2735
f 2907 2906 2735
f 2908 2907 2735
f 2736 2908 2735
f 2909 2908 2736
f 2737 2909 2736
f 2910 2909 2737
f 2911 2910 2737
f 2738 2911 2737
f 2740 2911 2738
f 2739 2740 2738
f 2912 2911 2740
f 2913 2912 2740
f 2741 2913 2740
f 2914 2913 2741
f 2915 2914 2741
f 2742 2915 2741
f 2744 2915 2742
f 2743 2744 2742
f 2916 2915 2744
f 2917 2916 2744
f 2918 2917 2744
f 2745 2918 2744
f 2747 2918 2745
f 2746 2747 2745
f 2919 2918 2747
f 2920 2919 2747
f 2921 2920 2747
f 2748 2921 2747
f 2802 2921 2748
f 2749 2802 2748
f 2900 2922 2751
f 2922 2752 2751
f 2922 2753 2752
f 2922 2923 2753
f 2923 2924 2753
f 2924 2755 2753
f 2755 2754 2753
f 2924 2925 2755
f 2925 2926 2755
f 2926 2927 2755
f 2927 2928 2755
f 2755 2757 2756
f 2755 2928 2757
f 2928 2929 2757
f 2757 2929 2758
f 2929 2759 2758
f 2929 2930 2759
f 2930 2760 2759
f 2930 2931 2760
f 2931 2932 2760
f 2932 2761 2760
f 2932 2933 2761
f 2933 2766 2761
f 2766 2762 2761
f 2766 2765 2762
f 2765 2763 2762
f 2765 2764 2763
f 2933 2934 2766
f 2934 2935 2766
f 2935 2936 2766
f 2936 2767 2766
f 2936 2937 2767
f 2937 2768 2767
f 2937 2769 2768
f 2937 2938 2769
f 2938 2939 2769
f 2939 2940 2769
f 2940 2770 2769
f 2940 2941 2770
f 2941 2772 2770
f 2772 2771 2770
f 2941 2942 2772
f 2942 2773 2772
f 2942 2943 2773
f 2943 2944 2773
f 2944 2945 2773
f 2945 2774 2773
f 2945 2776 2774
f 2776 2775 2774
f 2945 2946 2776
f 2946 2947 2776
f 2947 2948 2776
f 2948 2777 2776
f 2948 2949 2777
f 2949 2778 2777
f 2949 2950 2778
f 2950 2779 2778
f 2950 2780 2779
f 2950 2951 2780
f 2951 2781 2780
f 2951 2952 2781
f 2952 2953 2781
f 2953 2954 2781
f 2954 2783 2781
f 2783 2782 2781
f 2954 2955 2783
f 2955 2784 2783
f 2955 2956 2784
f 2956 2957 2784
f 2957 2785 2784
f 2957 2787 2785
f 2957 2958 2787
f 2958 2959 2787
f 2959 2788 2787
f 2959 2960 2788
f 2960 2789 2788
f 2960 2961 2789
f 2961 2790 2789
f 2961 2791 2790
f 2961 2962 2791
f 2962 2792 2791
f 2962 2963 2792
f 2963 2964 2792
f 2964 2793 2792
f 2964 2965 2793
f 2965 2966 2793
f 2966 2795 2793
f 2795 2794 2793
f 2966 2967 2795
f 2967 2968 2795
f 2968 2796 2795
f 2968 2969 2796
f 2969 2970 2796
f 2970 2798 2796
f 2798 2797 2796
f 2970 2971 2798
f 2971 2972 2798
f 2972 2973 2798
f 2973 2799 2798
f 2973 2974 2799
f 2974 2800 2799
f 2974 2975 2800
f 2975 2801 2800
f 2975 2860 2801
f 2976 2921 2802
f 2977 2976 2802
f 2803 2977 2802
f 2978 2977 2803
f 2805 2978 2803
f 2804 2805 2803
f 2979 2978 2805
f 2980 2979 2805
f 2981 2980 2805
f 2806 2981 2805
f 2982 2981 2806
f 2807 2982 2806
f 2808 2982 2807
f 2983 2982 2808
f 2984 2983 2808
f 2809 2984 2808
f 2811 2984 2809
f 2810 2811 2809
f 2985 2984 2811
f 2986 2985 2811
f 2987 2986 2811
f 2812 2987 2811
f 2813 2987 2812
f 2988 2987 2813
f 2989 2988 2813
f 2814 2989 2813
f 2990 2989 2814
f 2815 2990 2814
f 2991 2990 2815
f 2816 2991 2815
f 2992 2991 2816
f 2817 2992 2816
f 2993 2992 2817
f 2818 2993 2817
f 2820 2993 2818
f 2819 2820 2818
f 2994 2993 2820
f 2995 2994 2820
f 2996 2995 2820
f 2821 2996 2820
f 2822 2996 2821
f 2997 2996 2822
f 2823 2997 2822
f 2998 2997 2823
f 2824 2998 2823
f 2999 2998 2824
f 2826 2999 2824
f 2825 2826 2824
f 3000 2999 2826
f 3001 3000 2826
f 2827 3001 2826
f 3002 3001 2827
f 3003 3002 2827
f 3004 3003 2827
f 3005 3004 2827
f 2828 3005 2827
f 3006 3005 2828
f 2829 3006 2828
f 2830 3006 2829
f 3007 3006 2830
f 2831 3007 2830
f 3008 3007 2831
f 2832 3008 2831
f 3009 3008 2832
f 3010 3009 2832
f 2833 3010 2832
f 3011 3010 2833
f 2834 3011 2833
f 2835 3011 2834
f 3012 3011 2835
f 2836 3012 2835
f 3013 3012 2836
f 2837 3013 2836
f 3014 3013 2837
f 3015 3014 2837
f 2838 3015 2837
f 3016 3015 2838
f 2839 3016 2838
f 2840 3016 2839
f 3017 3016 2840
f 2841 3017 2840
f 3018 3017 2841
f 2842 3018 2841
f 3019 3018 2842
f 2843 3019 2842
f 3020 3019 2843
f 3021 3020 2843
f 2845 3021 2843
f 2844 2845 2843
f 3022 3021 2845
f 3023 3022 2845
f 3024 3023 2845
f 2846 3024 2845
f 3025 3024 2846
f 2847 3025 2846
f 3026 3025 2847
f 2848 3026 2847
f 2849 3027 2848
f 3027 3026 2848
f 2850 3028 2849
f 3028 3027 2849
f 2851 3028 2850
f 2852 2854 2851
f 2854 3029 2851
f 3029 3028 2851
f 2859 3030 2853
f 3030 3031 2853
f 3031 3032 2853
f 3032 3029 2853
f 3029 2854 2853
f 2860 3033 2855
f 3033 2856 2855
f 3033 3034 2856
f 3034 3035 2856
f 3035 2857 2856
f 3035 2859 2857
f 2859 2858 2857
f 3035 3036 2859
f 3036 3030 2859
f 2975 3033 2860
f 2864 2867 2863
f 2865 3037 2864
f 3037 3038 2864
f 3038 3039 2864
f 3039 3040 2864
f 3040 2867 2864
f 2866 3041 2865
f 3041 3037 2865
f 3040 3042 2867
f 3042 2869 2867
f 3043 2875 2868
f 3042 3043 2868
f 2869 3042 2868
f 3044 2871 2870
f 3045 3044 2870
f 3046 3045 2870
f 2873 3046 2870
f 3044 3047 2871
f 3047 2872 2871
f 3047 3048 2872
f 3048 2876 2872
f 3049 3046 2873
f 2874 3049 2873
f 3050 3049 2874
f 3051 3050 2874
f 3043 3051 2874
f 2875 3043 2874
f 3048 2895 2876
f 2895 2877 2876
f 2866 2701 2878
f 3052 2866 2878
f 3053 3052 2878
f 3054 3053 2878
f 2879 3054 2878
f 3055 3054 2879
f 2880 3055 2879
f 3056 3055 2880
f 2881 3056 2880
f 3057 3056 2881
f 2882 3057 2881
f 2883 3057 2882
f 3058 3057 2883
f 3059 3058 2883
f 3060 3059 2883
f 2885 3060 2883
f 2884 2885 2883
f 3061 3060 2885
f 3062 3061 2885
f 2886 3062 2885
f 3063 3062 2886
f 2887 3063 2886
f 3064 3063 2887
f 2888 3064 2887
f 3065 3064 2888
f 2889 3065 2888
f 3066 3065 2889
f 3067 3066 2889
f 3068 3067 2889
f 2890 3068 2889
f 3069 3068 2890
f 2892 3069 2890
f 2891 2892 2890
f 3070 3069 2892
f 2893 3070 2892
f 3071 3070 2893
f 2894 3071 2893
f 3072 3071 2894
f 3073 3072 2894
f 3074 3073 2894
f 2901 3074 2894
f 3048 3075 2895
f 3075 2896 2895
f 3075 3076 2896
f 3076 3077 2896
f 3077 2897 2896
f 3077 3078 2897
f 3078 3079 2897
f 3079 2898 2897
f 3079 3080 2898
f 3080 3081 2898
f 3081 2899 2898
f 3081 2900 2899
f 3081 3080 2900
f 3080 2923 2900
f 2923 2922 2900
f 3082 3074 2901
f 2904 3082 2901
f 2902 2904 2901
f 2903 2904 2902
f 3083 3082 2904
f 3084 3083 2904
f 2905 3084 2904
f 2906 3084 2905
f 3085 3084 2906
f 3086 3085 2906
f 3087 3086 2906
f 2907 3087 2906
f 3088 3087 2907
f 2908 3088 2907
f 3089 3088 2908
f 2909 3089 2908
f 3090 3089 2909
f 3091 3090 2909
f 2910 3091 2909
f 2912 3091 2910
f 2911 2912 2910
f 3092 3091 2912
f 3093 3092 2912
f 2913 3093 2912
f 3094 3093 2913
f 3095 3094 2913
f 2914 3095 2913
f 2916 3095 2914
f 2915 2916 2914
f 3096 3095 2916
f 3097 3096 2916
f 3098 3097 2916
f 2917 3098 2916
f 2919 3098 2917
f 2918 2919 2917
f 3099 3098 2919
f 3100 3099 2919
f 2920 3100 2919
f 3101 3100 2920
f 2976 3101 2920
f 2921 2976 2920
f 3080 3102 2923
f 3102 3103 2923
f 3103 2925 2923
f 2925 2924 2923
f 3103 3104 2925
f 3104 3105 2925
f 3105 2927 2925
f 2927 2926 2925
f 3105 3106 2927
f 3106 2930 2927
f 2930 2929 2927
f 2929 2928 2927
f 3106 3107 2930
f 3107 3108 2930
f 3108 2931 2930
f 3108 3109 2931
f 3109 2932 2931
f 3109 3110 2932
f 3110 2933 2932
f 3110 2934 2933
f 3110 3111 2934
f 3111 3112 2934
f 3112 2935 2934
f 3112 3113 2935
f 3113 2939 2935
f 2939 2936 2935
f 2939 2938 2936
f 2938 2937 2936
f 3113 3114 2939
f 3114 3115 2939
f 3115 3116 2939
f 3116 2940 2939
f 3116 3117 2940
f 3117 2942 2940
f 2942 2941 2940
f 3117 3118 2942
f 3119 2943 2942
f 3119 2944 2943
f 3119 3118 2944
f 3118 3120 2944
f 3120 2946 2944
f 2946 2945 2944
f 3120 3121 2946
f 3121 3122 2946
f 3122 3123 2946
f 3123 2947 2946
f 3123 3124 2947
f 3124 2948 2947
f 3124 3125 2948
f 3125 2950 2948
f 2950 2949 2948
f 3125 3126 2950
f 3126 3127 2950
f 3127 2951 2950
f 3127 2953 2951
f 2953 2952 2951
f 3127 3128 2953
f 3128 3129 2953
f 3129 3130 2953
f 3130 2954 2953
f 3130 2955 2954
f 3130 3131 2955
f 3131 3132 2955
f 3132 3133 2955
f 3133 2956 2955
f 3133 3134 2956
f 3134 2957 2956
f 3134 2958 2957
f 3134 3135 2958
f 3135 3136 2958
f 3136 2959 2958
f 3136 3137 2959
f 3137 2960 2959
f 3137 2961 2960
f 3137 3138 2961
f 3138 2962 2961
f 3138 3139 2962
f 3139 3140 2962
f 3140 3141 2962
f 3141 2963 2962
f 3141 2964 2963
f 3141 3142 2964
f 3142 2967 2964
f 2967 2965 2964
f 2967 2966 2965
f 3142 3143 2967
f 3143 2968 2967
f 3143 3144 2968
f 3144 3145 2968
f 3145 2969 2968
f 3145 3146 2969
f 3146 3147 2969
f 3147 2971 2969
f 2971 2970 2969
f 3147 3148 2971
f 3148 3149 2971
f 3149 3150 2971
f 3150 2972 2971
f 3150 3033 2972
f 3033 2973 2972
f 3033 2974 2973
f 3033 2975 2974
f 3151 3101 2976
f 3152 3151 2976
f 2977 3152 2976
f 3153 3152 2977
f 2979 3153 2977
f 2978 2979 2977
f 3154 3153 2979
f 3155 3154 2979
f 2980 3155 2979
f 3156 3155 2980
f 3157 3156 2980
f 2981 3157 2980
f 2983 3157 2981
f 2982 2983 2981
f 3158 3157 2983
f 3159 3158 2983
f 2985 3159 2983
f 2984 2985 2983
f 3160 3159 2985
f 3161 3160 2985
f 3162 3161 2985
f 2986 3162 2985
f 2988 3162 2986
f 2987 2988 2986
f 3163 3162 2988
f 3164 3163 2988
f 3165 3164 2988
f 2989 3165 2988
f 3166 3165 2989
f 2990 3166 2989
f 3167 3166 2990
f 2991 3167 2990
f 3168 3167 2991
f 2992 3168 2991
f 2994 3168 2992
f 2993 2994 2992
f 3169 3168 2994
f 3170 3169 2994
f 3171 3170 2994
f 2995 3171 2994
f 2996 3171 2995
f 3172 3171 2996
f 2997 3172 2996
f 3173 3172 2997
f 2998 3173 2997
f 3174 3173 2998
f 3000 3174 2998
f 2999 3000 2998
f 3175 3174 3000
f 3176 3175 3000
f 3001 3176 3000
f 3177 3176 3001
f 3178 3177 3001
f 3002 3178 3001
f 3179 3178 3002
f 3180 3179 3002
f 3181 3180 3002
f 3003 3181 3002
f 3004 3181 3003
f 3182 3181 3004
f 3183 3182 3004
f 3005 3183 3004
f 3006 3183 3005
f 3184 3183 3006
f 3185 3184 3006
f 3007 3185 3006
f 3008 3185 3007
f 3186 3185 3008
f 3009 3186 3008
f 3187 3186 3009
f 3010 3187 3009
f 3188 3187 3010
f 3011 3188 3010
f 3189 3188 3011
f 3190 3189 3011
f 3012 3190 3011
f 3191 3190 3012
f 3013 3191 3012
f 3014 3191 3013
f 3192 3191 3014
f 3193 3192 3014
f 3015 3193 3014
f 3016 3193 3015
f 3194 3193 3016
f 3017 3194 3016
f 3195 3194 3017
f 3018 3195 3017
f 3196 3195 3018
f 3019 3196 3018
f 3197 3196 3019
f 3020 3197 3019
f 3198 3197 3020
f 3021 3198 3020
f 3022 3198 3021
f 3199 3198 3022
f 3023 3199 3022
f 3200 3199 3023
f 3024 3200 3023
f 3201 3200 3024
f 3202 3201 3024
f 3025 3202 3024
f 3026 3203 3025
f 3203 3202 3025
f 3027 3204 3026
f 3204 3203 3026
f 3028 3204 3027
f 3029 3204 3028
f 3036 3205 3030
f 3205 3206 3030
f 3206 3207 3030
f 3207 3031 3030
f 3207 3029 3031
f 3029 3032 3031
f 3150 3208 3033
f 3208 3209 3033
f 3209 3034 3033
f 3209 3210 3034
f 3210 3035 3034
f 3210 3036 3035
f 3210 3211 3036
f 3211 3212 3036
f 3212 3213 3036
f 3213 3214 3036
f 3214 3205 3036
f 3215 3038 3037
f 3216 3215 3037
f 3217 3216 3037
f 3052 3217 3037
f 3041 3052 3037
f 3040 3039 3038
f 3215 3040 3038
f 3218 3042 3040
f 3219 3218 3040
f 3215 3219 3040
f 2866 3220 3041
f 3220 2862 3041
f 3221 3043 3042
f 3222 3221 3042
f 3223 3222 3042
f 3224 3223 3042
f 3218 3224 3042
f 3221 3051 3043
f 3225 3047 3044
f 3226 3225 3044
f 3045 3226 3044
f 3227 3226 3045
f 3046 3227 3045
f 3228 3227 3046
f 3229 3228 3046
f 3049 3229 3046
f 3225 3230 3047
f 3230 3075 3047
f 3075 3048 3047
f 3231 3229 3049
f 3050 3231 3049
f 3232 3231 3050
f 3233 3232 3050
f 3234 3233 3050
f 3235 3217 3052
f 3053 3235 3052
f 3054 3235 3053
f 3236 3235 3054
f 3237 3236 3054
f 3238 3237 3054
f 3239 3238 3054
f 3240 3239 3054
f 3055 3240 3054
f 3241 3240 3055
f 3056 3241 3055
f 3057 3241 3056
f 3242 3241 3057
f 3243 3242 3057
f 3058 3243 3057
f 3244 3243 3058
f 3059 3244 3058
f 3245 3244 3059
f 3061 3245 3059
f 3060 3061 3059
f 3062 3245 3061
f 3246 3245 3062
f 3247 3246 3062
f 3063 3247 3062
f 3064 3247 3063
f 3248 3247 3064
f 3065 3248 3064
f 3249 3248 3065
f 3250 3249 3065
f 3066 3250 3065
f 3251 3250 3066
f 3067 3251 3066
f 3071 3251 3067
f 3070 3071 3067
f 3069 3070 3067
f 3068 3069 3067
f 3252 3251 3071
f 3072 3252 3071
f 3253 3252 3072
f 3254 3253 3072
f 3255 3254 3072
f 3074 3255 3072
f 3073 3074 3072
f 3256 3255 3074
f 3083 3256 3074
f 3082 3083 3074
f 3230 3257 3075
f 3257 3076 3075
f 3257 3258 3076
f 3258 3077 3076
f 3258 3259 3077
f 3259 3260 3077
f 3260 3261 3077
f 3261 3078 3077
f 3261 3262 3078
f 3262 3079 3078
f 3262 3263 3079
f 3263 3080 3079
f 3263 3103 3080
f 3103 3102 3080
f 3264 3256 3083
f 3084 3264 3083
f 3265 3264 3084
f 3085 3265 3084
f 3266 3265 3085
f 3267 3266 3085
f 3268 3267 3085
f 3086 3268 3085
f 3269 3268 3086
f 3087 3269 3086
f 3270 3269 3087
f 3088 3270 3087
f 3271 3270 3088
f 3089 3271 3088
f 3272 3271 3089
f 3273 3272 3089
f 3090 3273 3089
f 3092 3273 3090
f 3091 3092 3090
f 3274 3273 3092
f 3275 3274 3092
f 3093 3275 3092
f 3276 3275 3093
f 3277 3276 3093
f 3094 3277 3093
f 3096 3277 3094
f 3095 3096 3094
f 3278 3277 3096
f 3279 3278 3096
f 3097 3279 3096
f 3280 3279 3097
f 3099 3280 3097
f 3098 3099 3097
f 3281 3280 3099
f 3282 3281 3099
f 3100 3282 3099
f 3283 3282 3100
f 3151 3283 3100
f 3101 3151 3100
f 3263 3284 3103
f 3284 3285 3103
f 3285 3286 3103
f 3286 3287 3103
f 3287 3104 3103
f 3287 3288 3104
f 3288 3289 3104
f 3289 3106 3104
f 3106 3105 3104
f 3289 3290 3106
f 3290 3291 3106
f 3291 3292 3106
f 3292 3107 3106
f 3292 3293 3107
f 3293 3108 3107
f 3293 3294 3108
f 3294 3295 3108
f 3295 3109 3108
f 3295 3110 3109
f 3295 3296 3110
f 3296 3111 3110
f 3296 3297 3111
f 3297 3112 3111
f 3297 3298 3112
f 3298 3113 3112
f 3298 3299 3113
f 3299 3114 3113
f 3299 3300 3114
f 3300 3115 3114
f 3300 3301 3115
f 3301 3302 3115
f 3302 3116 3115
f 3302 3117 3116
f 3302 3303 3117
f 3303 3118 3117
f 3303 3121 3118
f 3121 3120 3118
f 3119 2942 3118
f 3303 3304 3121
f 3304 3305 3121
f 3305 3306 3121
f 3306 3307 3121
f 3307 3308 3121
f 3308 3122 3121
f 3308 3309 3122
f 3309 3123 3122
f 3309 3310 3123
f 3310 3124 3123
f 3310 3311 3124
f 3311 3126 3124
f 3126 3125 3124
f 3311 3312 3126
f 3312 3313 3126
f 3313 3128 3126
f 3128 3127 3126
f 3313 3129 3128
f 3313 3314 3129
f 3314 3315 3129
f 3315 3131 3129
f 3131 3130 3129
f 3315 3316 3131
f 3316 3317 3131
f 3317 3318 3131
f 3318 3132 3131
f 3318 3319 3132
f 3319 3133 3132
f 3319 3320 3133
f 3320 3134 3133
f 3320 3135 3134
f 3320 3321 3135
f 3321 3322 3135
f 3322 3136 3135
f 3322 3323 3136
f 3323 3324 3136
f 3324 3137 3136
f 3324 3138 3137
f 3324 3325 3138
f 3325 3326 3138
f 3326 3139 3138
f 3326 3327 3139
f 3327 3328 3139
f 3328 3142 3139
f 3142 3329 3139
f 3329 3140 3139
f 3329 3141 3140
f 3329 3142 3141
f 3328 3330 3142
f 3330 3143 3142
f 3330 3331 3143
f 3331 3332 3143
f 3332 3144 3143
f 3332 3333 3144
f 3333 3146 3144
f 3146 3145 3144
f 3333 3332 3146
f 3332 3334 3146
f 3334 3335 3146
f 3335 3148 3146
f 3148 3147 3146
f 3335 3336 3148
f 3336 3337 3148
f 3337 3338 3148
f 3338 3339 3148
f 3339 3149 3148
f 3339 3340 3149
f 3340 3150 3149
f 3340 3208 3150
f 3341 3283 3151
f 3342 3341 3151
f 3152 3342 3151
f 3343 3342 3152
f 3154 3343 3152
f 3153 3154 3152
f 3344 3343 3154
f 3345 3344 3154
f 3155 3345 3154
f 3346 3345 3155
f 3347 3346 3155
f 3156 3347 3155
f 3158 3347 3156
f 3157 3158 3156
f 3348 3347 3158
f 3349 3348 3158
f 3159 3349 3158
f 3350 3349 3159
f 3351 3350 3159
f 3160 3351 3159
f 3352 3351 3160
f 3161 3352 3160
f 3163 3352 3161
f 3162 3163 3161
f 3353 3352 3163
f 3354 3353 3163
f 3355 3354 3163
f 3164 3355 3163
f 3356 3355 3164
f 3165 3356 3164
f 3357 3356 3165
f 3166 3357 3165
f 3358 3357 3166
f 3167 3358 3166
f 3169 3358 3167
f 3168 3169 3167
f 3359 3358 3169
f 3360 3359 3169
f 3361 3360 3169
f 3170 3361 3169
f 3171 3361 3170
f 3362 3361 3171
f 3172 3362 3171
f 3363 3362 3172
f 3173 3363 3172
f 3364 3363 3173
f 3175 3364 3173
f 3174 3175 3173
f 3365 3364 3175
f 3366 3365 3175
f 3176 3366 3175
f 3367 3366 3176
f 3177 3367 3176
f 3368 3367 3177
f 3178 3368 3177
f 3369 3368 3178
f 3370 3369 3178
f 3371 3370 3178
f 3179 3371 3178
f 3372 3371 3179
f 3180 3372 3179
f 3373 3372 3180
f 3181 3373 3180
f 3374 3373 3181
f 3182 3374 3181
f 3375 3374 3182
f 3183 3375 3182
f 3376 3375 3183
f 3184 3376 3183
f 3377 3376 3184
f 3185 3377 3184
f 3378 3377 3185
f 3186 3378 3185
f 3379 3378 3186
f 3187 3379 3186
f 3380 3379 3187
f 3188 3380 3187
f 3381 3380 3188
f 3382 3381 3188
f 3189 3382 3188
f 3190 3382 3189
f 3383 3382 3190
f 3191 3383 3190
f 3384 3383 3191
f 3192 3384 3191
f 3385 3384 3192
f 3193 3385 3192
f 3386 3385 3193
f 3194 3386 3193
f 3387 3386 3194
f 3388 3387 3194
f 3195 3388 3194
f 3196 3388 3195
f 3389 3388 3196
f 3390 3389 3196
f 3198 3390 3196
f 3197 3198 3196
f 3391 3390 3198
f 3199 3391 3198
f 3392 3391 3199
f 3393 3392 3199
f 3200 3393 3199
f 3394 3393 3200
f 3201 3394 3200
f 3202 3395 3201
f 3395 3394 3201
f 3203 3396 3202
f 3396 3395 3202
f 3204 3397 3203
f 3397 3396 3203
f 3029 3398 3204
f 3398 3397 3204
f 3214 3399 3205
f 3399 3400 3205
f 3400 3401 3205
f 3401 3402 3205
f 3402 3206 3205
f 3402 3403 3206
f 3403 3207 3206
f 3403 3404 3207
f 3404 3398 3207
f 3398 3029 3207
f 3340 3211 3208
f 3211 3210 3208
f 3210 3209 3208
f 3340 3339 3211
f 3339 3405 3211
f 3405 3406 3211
f 3406 3212 3211
f 3406 3407 3212
f 3407 3213 3212
f 3407 3408 3213
f 3408 3409 3213
f 3409 3399 3213
f 3399 3214 3213
f 3410 3219 3215
f 3411 3410 3215
f 3216 3411 3215
f 3412 3411 3216
f 3413 3412 3216
f 3217 3413 3216
f 3236 3413 3217
f 3235 3236 3217
f 3414 3224 3218
f 3415 3414 3218
f 3219 3415 3218
f 3416 3415 3219
f 3417 3416 3219
f 3410 3417 3219
f 3051 3221 3222
f 3050 3051 3222
f 3234 3050 3222
f 3223 3234 3222
f 3418 3234 3223
f 3419 3418 3223
f 3414 3419 3223
f 3224 3414 3223
f 3226 3420 3225
f 3420 3421 3225
f 3421 3257 3225
f 3257 3230 3225
f 3422 3420 3226
f 3227 3422 3226
f 3423 3422 3227
f 3424 3423 3227
f 3228 3424 3227
f 3425 3424 3228
f 3231 3425 3228
f 3229 3231 3228
f 3426 3425 3231
f 3232 3426 3231
f 3427 3426 3232
f 3428 3427 3232
f 3429 3428 3232
f 3430 3429 3232
f 3233 3430 3232
f 3418 3430 3233
f 3234 3418 3233
f 3412 3413 3236
f 3431 3412 3236
f 3237 3431 3236
f 3432 3431 3237
f 3433 3432 3237
f 3434 3433 3237
f 3238 3434 3237
f 3239 3434 3238
f 3435 3434 3239
f 3240 3435 3239
f 3436 3435 3240
f 3241 3436 3240
f 3437 3436 3241
f 3438 3437 3241
f 3242 3438 3241
f 3243 3438 3242
f 3244 3438 3243
f 3439 3438 3244
f 3440 3439 3244
f 3246 3440 3244
f 3245 3246 3244
f 3441 3440 3246
f 3247 3441 3246
f 3442 3441 3247
f 3248 3442 3247
f 3443 3442 3248
f 3444 3443 3248
f 3445 3444 3248
f 3249 3445 3248
f 3446 3445 3249
f 3251 3446 3249
f 3250 3251 3249
f 3447 3446 3251
f 3252 3447 3251
f 3448 3447 3252
f 3253 3448 3252
f 3449 3448 3253
f 3450 3449 3253
f 3451 3450 3253
f 3254 3451 3253
f 3256 3451 3254
f 3255 3256 3254
f 3452 3451 3256
f 3264 3452 3256
f 3421 3453 3257
f 3453 3454 3257
f 3454 3258 3257
f 3454 3455 3258
f 3455 3259 3258
f 3455 3456 3259
f 3456 3457 3259
f 3457 3260 3259
f 3457 3458 3260
f 3458 3459 3260
f 3459 3261 3260
f 3459 3262 3261
f 3459 3460 3262
f 3460 3461 3262
f 3461 3263 3262
f 3461 3284 3263
f 3462 3452 3264
f 3265 3462 3264
f 3463 3462 3265
f 3266 3463 3265
f 3464 3463 3266
f 3465 3464 3266
f 3267 3465 3266
f 3466 3465 3267
f 3268 3466 3267
f 3467 3466 3268
f 3269 3467 3268
f 3468 3467 3269
f 3270 3468 3269
f 3469 3468 3270
f 3271 3469 3270
f 3470 3469 3271
f 3471 3470 3271
f 3272 3471 3271
f 3274 3471 3272
f 3273 3274 3272
f 3472 3471 3274
f 3473 3472 3274
f 3276 3473 3274
f 3275 3276 3274
f 3474 3473 3276
f 3475 3474 3276
f 3278 3475 3276
f 3277 3278 3276
f 3476 3475 3278
f 3477 3476 3278
f 3279 3477 3278
f 3478 3477 3279
f 3281 3478 3279
f 3280 3281 3279
f 3479 3478 3281
f 3480 3479 3281
f 3282 3480 3281
f 3481 3480 3282
f 3341 3481 3282
f 3283 3341 3282
f 3461 3460 3284
f 3460 3482 3284
f 3482 3483 3284
f 3483 3484 3284
f 3484 3485 3284
f 3485 3286 3284
f 3286 3285 3284
f 3485 3288 3286
f 3288 3287 3286
f 3485 3486 3288
f 3486 3487 3288
f 3487 3290 3288
f 3290 3289 3288
f 3487 3488 3290
f 3488 3291 3290
f 3488 3489 3291
f 3489 3490 3291
f 3490 3491 3291
f 3491 3292 3291
f 3491 3492 3292
f 3492 3293 3292
f 3492 3493 3293
f 3493 3494 3293
f 3494 3294 3293
f 3494 3495 3294
f 3495 3296 3294
f 3296 3295 3294
f 3495 3496 3296
f 3496 3297 3296
f 3496 3497 3297
f 3497 3498 3297
f 3498 3298 3297
f 3498 3499 3298
f 3499 3299 3298
f 3499 3300 3299
f 3499 3500 3300
f 3500 3501 3300
f 3501 3502 3300
f 3502 3304 3300
f 3304 3303 3300
f 3303 3301 3300
f 3303 3302 3301
f 3502 3503 3304
f 3503 3305 3304
f 3503 3504 3305
f 3504 3307 3305
f 3307 3306 3305
f 3504 3505 3307
f 3505 3506 3307
f 3506 3308 3307
f 3506 3507 3308
f 3507 3309 3308
f 3507 3508 3309
f 3508 3509 3309
f 3509 3310 3309
f 3509 3312 3310
f 3312 3311 3310
f 3509 3510 3312
f 3510 3511 3312
f 3511 3313 3312
f 3511 3314 3313
f 3511 3512 3314
f 3512 3513 3314
f 3513 3514 3314
f 3514 3515 3314
f 3515 3315 3314
f 3515 3316 3315
f 3515 3516 3316
f 3516 3317 3316
f 3516 3517 3317
f 3517 3518 3317
f 3518 3318 3317
f 3518 3519 3318
f 3519 3520 3318
f 3520 3319 3318
f 3520 3321 3319
f 3321 3320 3319
f 3520 3521 3321
f 3521 3522 3321
f 3522 3523 3321
f 3523 3323 3321
f 3323 3322 3321
f 3523 3524 3323
f 3524 3525 3323
f 3525 3325 3323
f 3325 3324 3323
f 3525 3526 3325
f 3526 3527 3325
f 3527 3528 3325
f 3528 3327 3325
f 3327 3326 3325
f 3528 3529 3327
f 3529 3330 3327
f 3330 3328 3327
f 3529 3530 3330
f 3530 3331 3330
f 3530 3531 3331
f 3531 3332 3331
f 3531 3532 3332
f 3532 3533 3332
f 3533 3334 3332
f 3533 3534 3334
f 3534 3535 3334
f 3535 3335 3334
f 3535 3336 3335
f 3535 3536 3336
f 3536 3537 3336
f 3537 3538 3336
f 3538 3338 3336
f 3338 3337 3336
f 3538 3539 3338
f 3539 3405 3338
f 3405 3339 3338
f 3540 3481 3341
f 3541 3540 3341
f 3342 3541 3341
f 3542 3541 3342
f 3344 3542 3342
f 3343 3344 3342
f 3543 3542 3344
f 3544 3543 3344
f 3345 3544 3344
f 3545 3544 3345
f 3546 3545 3345
f 3346 3546 3345
f 3348 3546 3346
f 3347 3348 3346
f 3547 3546 3348
f 3548 3547 3348
f 3349 3548 3348
f 3549 3548 3349
f 3550 3549 3349
f 3350 3550 3349
f 3551 3550 3350
f 3351 3551 3350
f 3352 3551 3351
f 3552 3551 3352
f 3553 3552 3352
f 3353 3553 3352
f 3554 3553 3353
f 3354 3554 3353
f 3555 3554 3354
f 3355 3555 3354
f 3556 3555 3355
f 3356 3556 3355
f 3557 3556 3356
f 3357 3557 3356
f 3558 3557 3357
f 3359 3558 3357
f 3358 3359 3357
f 3559 3558 3359
f 3560 3559 3359
f 3360 3560 3359
f 3361 3560 3360
f 3561 3560 3361
f 3362 3561 3361
f 3562 3561 3362
f 3563 3562 3362
f 3363 3563 3362
f 3365 3563 3363
f 3364 3365 3363
f 3564 3563 3365
f 3565 3564 3365
f 3366 3565 3365
f 3566 3565 3366
f 3367 3566 3366
f 3567 3566 3367
f 3368 3567 3367
f 3568 3567 3368
f 3569 3568 3368
f 3369 3569 3368
f 3371 3570 3370
f 3372 3570 3371
f 3571 3570 3372
f 3572 3571 3372
f 3373 3572 3372
f 3374 3572 3373
f 3573 3572 3374
f 3375 3573 3374
f 3574 3573 3375
f 3376 3574 3375
f 3575 3574 3376
f 3576 3575 3376
f 3377 3576 3376
f 3577 3576 3377
f 3378 3577 3377
f 3578 3577 3378
f 3379 3578 3378
f 3579 3578 3379
f 3380 3579 3379
f 3580 3579 3380
f 3581 3580 3380
f 3381 3581 3380
f 3582 3581 3381
f 3382 3582 3381
f 3383 3582 3382
f 3583 3582 3383
f 3584 3583 3383
f 3384 3584 3383
f 3385 3584 3384
f 3585 3584 3385
f 3386 3585 3385
f 3586 3585 3386
f 3587 3586 3386
f 3387 3587 3386
f 3588 3587 3388
f 3389 3588 3388
f 3587 3387 3388
f 3589 3588 3389
f 3390 3589 3389
f 3590 3589 3390
f 3591 3590 3390
f 3391 3591 3390
f 3392 3591 3391
f 3393 3592 3392
f 3592 3591 3392
f 3394 3593 3393
f 3593 3592 3393
f 3395 3594 3394
f 3594 3593 3394
f 3396 3595 3395
f 3595 3594 3395
f 3397 3596 3396
f 3596 3595 3396
f 3398 3404 3397
f 3404 3597 3397
f 3597 3598 3397
f 3598 3596 3397
f 3409 3599 3399
f 3599 3600 3399
f 3600 3400 3399
f 3600 3601 3400
f 3601 3401 3400
f 3601 3402 3401
f 3601 3602 3402
f 3602 3603 3402
f 3603 3403 3402
f 3603 3404 3403
f 3603 3604 3404
f 3604 3597 3404
f 3539 3605 3405
f 3605 3407 3405
f 3407 3406 3405
f 3605 3606 3407
f 3606 3607 3407
f 3607 3608 3407
f 3608 3609 3407
f 3609 3408 3407
f 3609 3610 3408
f 3610 3599 3408
f 3599 3409 3408
f 3611 3417 3410
f 3412 3611 3410
f 3411 3412 3410
f 3432 3611 3412
f 3431 3432 3412
f 3612 3419 3414
f 3613 3612 3414
f 3416 3613 3414
f 3415 3416 3414
f 3614 3613 3416
f 3615 3614 3416
f 3616 3615 3416
f 3617 3616 3416
f 3618 3617 3416
f 3611 3618 3416
f 3417 3611 3416
f 3429 3430 3418
f 3619 3429 3418
f 3612 3619 3418
f 3419 3612 3418
f 3422 3620 3420
f 3620 3621 3420
f 3621 3453 3420
f 3453 3421 3420
f 3423 3622 3422
f 3622 3620 3422
f 3623 3622 3423
f 3624 3623 3423
f 3425 3624 3423
f 3424 3425 3423
f 3625 3624 3425
f 3626 3625 3425
f 3426 3626 3425
f 3627 3626 3426
f 3427 3627 3426
f 3628 3627 3427
f 3629 3628 3427
f 3630 3629 3427
f 3428 3630 3427
f 3429 3630 3428
f 3631 3630 3429
f 3619 3631 3429
f 3618 3611 3432
f 3617 3618 3432
f 3632 3617 3432
f 3633 3632 3432
f 3433 3633 3432
f 3634 3633 3433
f 3434 3634 3433
f 3635 3634 3434
f 3435 3635 3434
f 3636 3635 3435
f 3436 3636 3435
f 3637 3636 3436
f 3437 3637 3436
f 3638 3637 3437
f 3438 3638 3437
f 3639 3638 3438
f 3439 3639 3438
f 3640 3639 3439
f 3641 3640 3439
f 3441 3641 3439
f 3440 3441 3439
f 3442 3641 3441
f 3642 3641 3442
f 3643 3642 3442
f 3644 3643 3442
f 3443 3644 3442
f 3645 3644 3443
f 3445 3645 3443
f 3444 3445 3443
f 3447 3645 3445
f 3446 3447 3445
f 3646 3645 3447
f 3647 3646 3447
f 3448 3647 3447
f 3648 3647 3448
f 3649 3648 3448
f 3650 3649 3448
f 3449 3650 3448
f 3452 3650 3449
f 3450 3452 3449
f 3451 3452 3450
f 3651 3650 3452
f 3462 3651 3452
f 3621 3652 3453
f 3652 3653 3453
f 3653 3454 3453
f 3653 3455 3454
f 3653 3654 3455
f 3654 3655 3455
f 3655 3656 3455
f 3656 3456 3455
f 3656 3657 3456
f 3657 3658 3456
f 3658 3457 3456
f 3658 3458 3457
f 3658 3460 3458
f 3460 3459 3458
f 3658 3482 3460
f 3659 3651 3462
f 3463 3659 3462
f 3660 3659 3463
f 3661 3660 3463
f 3662 3661 3463
f 3464 3662 3463
f 3663 3662 3464
f 3664 3663 3464
f 3465 3664 3464
f 3665 3664 3465
f 3466 3665 3465
f 3467 3665 3466
f 3666 3665 3467
f 3468 3666 3467
f 3667 3666 3468
f 3469 3667 3468
f 3668 3667 3469
f 3669 3668 3469
f 3470 3669 3469
f 3472 3669 3470
f 3471 3472 3470
f 3670 3669 3472
f 3671 3670 3472
f 3474 3671 3472
f 3473 3474 3472
f 3672 3671 3474
f 3673 3672 3474
f 3476 3673 3474
f 3475 3476 3474
f 3674 3673 3476
f 3675 3674 3476
f 3676 3675 3476
f 3477 3676 3476
f 3479 3676 3477
f 3478 3479 3477
f 3677 3676 3479
f 3678 3677 3479
f 3480 3678 3479
f 3679 3678 3480
f 3540 3679 3480
f 3481 3540 3480
f 3658 3680 3482
f 3680 3681 3482
f 3681 3483 3482
f 3681 3682 3483
f 3682 3683 3483
f 3683 3485 3483
f 3485 3484 3483
f 3683 3684 3485
f 3684 3685 3485
f 3685 3486 3485
f 3685 3488 3486
f 3488 3487 3486
f 3685 3686 3488
f 3686 3687 3488
f 3687 3489 3488
f 3687 3490 3489
f 3687 3688 3490
f 3688 3689 3490
f 3689 3493 3490
f 3493 3492 3490
f 3492 3491 3490
f 3689 3690 3493
f 3690 3691 3493
f 3691 3494 3493
f 3691 3692 3494
f 3692 3693 3494
f 3693 3495 3494
f 3693 3694 3495
f 3694 3496 3495
f 3694 3695 3496
f 3695 3498 3496
f 3498 3497 3496
f 3695 3696 3498
f 3696 3697 3498
f 3697 3500 3498
f 3500 3499 3498
f 3697 3698 3500
f 3698 3699 3500
f 3699 3501 3500
f 3699 3503 3501
f 3503 3502 3501
f 3699 3700 3503
f 3700 3701 3503
f 3701 3504 3503
f 3701 3505 3504
f 3701 3702 3505
f 3702 3703 3505
f 3703 3506 3505
f 3703 3704 3506
f 3704 3507 3506
f 3704 3705 3507
f 3705 3706 3507
f 3706 3508 3507
f 3706 3510 3508
f 3510 3509 3508
f 3706 3707 3510
f 3707 3708 3510
f 3708 3512 3510
f 3512 3511 3510
f 3708 3513 3512
f 3708 3709 3513
f 3709 3710 3513
f 3710 3711 3513
f 3711 3712 3513
f 3712 3514 3513
f 3712 3515 3514
f 3712 3713 3515
f 3713 3516 3515
f 3713 3714 3516
f 3714 3517 3516
f 3714 3715 3517
f 3715 3716 3517
f 3716 3518 3517
f 3716 3717 3518
f 3717 3519 3518
f 3717 3521 3519
f 3521 3520 3519
f 3717 3718 3521
f 3718 3522 3521
f 3718 3719 3522
f 3719 3720 3522
f 3720 3524 3522
f 3524 3523 3522
f 3720 3721 3524
f 3721 3526 3524
f 3526 3525 3524
f 3721 3722 3526
f 3722 3527 3526
f 3722 3723 3527
f 3723 3724 3527
f 3724 3725 3527
f 3725 3528 3527
f 3725 3726 3528
f 3726 3529 3528
f 3726 3530 3529
f 3726 3727 3530
f 3727 3531 3530
f 3727 3728 3531
f 3728 3729 3531
f 3729 3532 3531
f 3729 3533 3532
f 3729 3730 3533
f 3730 3731 3533
f 3731 3732 3533
f 3732 3535 3533
f 3535 3534 3533
f 3732 3733 3535
f 3733 3536 3535
f 3733 3734 3536
f 3734 3735 3536
f 3735 3537 3536
f 3735 3736 3537
f 3736 3737 3537
f 3737 3538 3537
f 3737 3738 3538
f 3738 3606 3538
f 3606 3605 3538
f 3605 3539 3538
f 3739 3679 3540
f 3740 3739 3540
f 3541 3740 3540
f 3741 3740 3541
f 3543 3741 3541
f 3542 3543 3541
f 3742 3741 3543
f 3743 3742 3543
f 3544 3743 3543
f 3744 3743 3544
f 3745 3744 3544
f 3545 3745 3544
f 3547 3745 3545
f 3546 3547 3545
f 3746 3745 3547
f 3747 3746 3547
f 3548 3747 3547
f 3748 3747 3548
f 3749 3748 3548
f 3549 3749 3548
f 3750 3749 3549
f 3550 3750 3549
f 3551 3750 3550
f 3751 3750 3551
f 3752 3751 3551
f 3552 3752 3551
f 3753 3752 3552
f 3553 3753 3552
f 3754 3753 3553
f 3554 3754 3553
f 3755 3754 3554
f 3555 3755 3554
f 3756 3755 3555
f 3556 3756 3555
f 3557 3756 3556
f 3757 3756 3557
f 3558 3757 3557
f 3758 3757 3558
f 3759 3758 3558
f 3559 3759 3558
f 3561 3759 3559
f 3560 3561 3559
f 3760 3759 3561
f 3761 3760 3561
f 3762 3761 3561
f 3562 3762 3561
f 3763 3762 3562
f 3564 3763 3562
f 3563 3564 3562
f 3764 3763 3564
f 3565 3764 3564
f 3765 3764 3565
f 3566 3765 3565
f 3766 3765 3566
f 3567 3766 3566
f 3767 3766 3567
f 3768 3767 3567
f 3568 3768 3567
f 3569 3768 3568
f 3769 3768 3569
f 3770 3769 3569
f 3571 3771 3570
f 3772 3771 3571
f 3572 3772 3571
f 3773 3772 3572
f 3573 3773 3572
f 3774 3773 3573
f 3574 3774 3573
f 3575 3774 3574
f 3775 3774 3575
f 3576 3775 3575
f 3776 3775 3576
f 3577 3776 3576
f 3777 3776 3577
f 3578 3777 3577
f 3778 3777 3578
f 3579 3778 3578
f 3779 3778 3579
f 3580 3779 3579
f 3780 3779 3580
f 3581 3780 3580
f 3781 3780 3581
f 3582 3781 3581
f 3782 3781 3582
f 3783 3782 3582
f 3583 3783 3582
f 3584 3783 3583
f 3784 3783 3584
f 3585 3784 3584
f 3785 3784 3585
f 3786 3785 3585
f 3586 3786 3585
f 3787 3786 3586
f 3588 3787 3586
f 3587 3588 3586
f 3788 3787 3588
f 3789 3788 3588
f 3589 3789 3588
f 3790 3789 3589
f 3590 3790 3589
f 3791 3790 3590
f 3792 3791 3590
f 3591 3792 3590
f 3592 3793 3591
f 3793 3792 3591
f 3593 3794 3592
f 3794 3793 3592
f 3594 3795 3593
f 3795 3794 3593
f 3595 3598 3594
f 3598 3795 3594
f 3596 3598 3595
f 3604 3598 3597
f 3604 3796 3598
f 3796 3797 3598
f 3797 3795 3598
f 3610 3798 3599
f 3798 3799 3599
f 3799 3800 3599
f 3800 3600 3599
f 3800 3801 3600
f 3801 3601 3600
f 3801 3802 3601
f 3802 3602 3601
f 3802 3603 3602
f 3802 3796 3603
f 3796 3604 3603
f 3738 3737 3606
f 3737 3803 3606
f 3803 3804 3606
f 3804 3805 3606
f 3805 3607 3606
f 3805 3806 3607
f 3806 3608 3607
f 3806 3807 3608
f 3807 3808 3608
f 3808 3609 3608
f 3808 3809 3609
f 3809 3810 3609
f 3810 3798 3609
f 3798 3610 3609
f 3615 3619 3612
f 3614 3612 3613
f 3615 3612 3614
f 3631 3619 3615
f 3811 3631 3615
f 3812 3811 3615
f 3813 3812 3615
f 3616 3813 3615
f 3814 3813 3616
f 3815 3814 3616
f 3617 3815 3616
f 3816 3815 3617
f 3632 3816 3617
f 3652 3621 3620
f 3817 3652 3620
f 3818 3817 3620
f 3622 3818 3620
f 3819 3818 3622
f 3623 3819 3622
f 3820 3819 3623
f 3821 3820 3623
f 3625 3821 3623
f 3624 3625 3623
f 3822 3821 3625
f 3823 3822 3625
f 3627 3823 3625
f 3626 3627 3625
f 3628 3823 3627
f 3824 3823 3628
f 3825 3824 3628
f 3826 3825 3628
f 3827 3826 3628
f 3629 3827 3628
f 3630 3827 3629
f 3631 3827 3630
f 3828 3827 3631
f 3811 3828 3631
f 3829 3816 3632
f 3633 3829 3632
f 3830 3829 3633
f 3634 3830 3633
f 3831 3830 3634
f 3832 3831 3634
f 3635 3832 3634
f 3636 3832 3635
f 3833 3832 3636
f 3834 3833 3636
f 3637 3834 3636
f 3638 3834 3637
f 3835 3834 3638
f 3836 3835 3638
f 3639 3836 3638
f 3640 3836 3639
f 3837 3836 3640
f 3642 3837 3640
f 3641 3642 3640
f 3838 3837 3642
f 3839 3838 3642
f 3643 3839 3642
f 3840 3839 3643
f 3644 3840 3643
f 3647 3840 3644
f 3646 3647 3644
f 3645 3646 3644
f 3841 3840 3647
f 3842 3841 3647
f 3843 3842 3647
f 3648 3843 3647
f 3844 3843 3648
f 3651 3844 3648
f 3649 3651 3648
f 3650 3651 3649
f 3845 3844 3651
f 3659 3845 3651
f 3817 3846 3652
f 3846 3653 3652
f 3846 3847 3653
f 3847 3848 3653
f 3848 3654 3653
f 3848 3849 3654
f 3849 3850 3654
f 3850 3655 3654
f 3850 3851 3655
f 3851 3656 3655
f 3851 3657 3656
f 3851 3852 3657
f 3852 3853 3657
f 3853 3680 3657
f 3680 3658 3657
f 3854 3845 3659
f 3660 3854 3659
f 3855 3854 3660
f 3856 3855 3660
f 3857 3856 3660
f 3662 3857 3660
f 3661 3662 3660
f 3858 3857 3662
f 3859 3858 3662
f 3860 3859 3662
f 3663 3860 3662
f 3861 3860 3663
f 3664 3861 3663
f 3666 3861 3664
f 3665 3666 3664
f 3862 3861 3666
f 3863 3862 3666
f 3667 3863 3666
f 3864 3863 3667
f 3668 3864 3667
f 3865 3864 3668
f 3670 3865 3668
f 3669 3670 3668
f 3866 3865 3670
f 3867 3866 3670
f 3672 3867 3670
f 3671 3672 3670
f 3868 3867 3672
f 3869 3868 3672
f 3674 3869 3672
f 3673 3674 3672
f 3870 3869 3674
f 3871 3870 3674
f 3675 3871 3674
f 3872 3871 3675
f 3677 3872 3675
f 3676 3677 3675
f 3873 3872 3677
f 3874 3873 3677
f 3678 3874 3677
f 3875 3874 3678
f 3739 3875 3678
f 3679 3739 3678
f 3853 3876 3680
f 3876 3681 3680
f 3876 3877 3681
f 3877 3878 3681
f 3878 3682 3681
f 3878 3683 3682
f 3878 3879 3683
f 3879 3880 3683
f 3880 3881 3683
f 3881 3684 3683
f 3881 3882 3684
f 3882 3883 3684
f 3883 3685 3684
f 3883 3884 3685
f 3884 3885 3685
f 3885 3686 3685
f 3885 3688 3686
f 3688 3687 3686
f 3885 3886 3688
f 3886 3887 3688
f 3887 3888 3688
f 3888 3889 3688
f 3889 3689 3688
f 3889 3890 3689
f 3890 3690 3689
f 3890 3891 3690
f 3891 3691 3690
f 3891 3892 3691
f 3892 3694 3691
f 3694 3692 3691
f 3694 3693 3692
f 3892 3893 3694
f 3893 3894 3694
f 3894 3696 3694
f 3696 3695 3694
f 3894 3895 3696
f 3895 3896 3696
f 3896 3697 3696
f 3896 3698 3697
f 3896 3897 3698
f 3897 3898 3698
f 3898 3700 3698
f 3700 3699 3698
f 3898 3899 3700
f 3899 3900 3700
f 3900 3701 3700
f 3900 3901 3701
f 3901 3702 3701
f 3901 3902 3702
f 3902 3703 3702
f 3902 3903 3703
f 3903 3704 3703
f 3903 3904 3704
f 3904 3905 3704
f 3905 3705 3704
f 3905 3706 3705
f 3905 3906 3706
f 3906 3707 3706
f 3906 3709 3707
f 3709 3708 3707
f 3906 3907 3709
f 3907 3908 3709
f 3908 3909 3709
f 3909 3710 3709
f 3909 3910 3710
f 3910 3711 3710
f 3910 3712 3711
f 3910 3911 3712
f 3911 3713 3712
f 3911 3912 3713
f 3912 3714 3713
f 3912 3913 3714
f 3913 3914 3714
f 3914 3715 3714
f 3914 3915 3715
f 3915 3716 3715
f 3915 3916 3716
f 3916 3717 3716
f 3916 3917 3717
f 3917 3718 3717
f 3917 3918 3718
f 3918 3919 3718
f 3919 3719 3718
f 3919 3920 3719
f 3920 3921 3719
f 3921 3721 3719
f 3721 3720 3719
f 3921 3922 3721
f 3922 3722 3721
f 3922 3923 3722
f 3923 3723 3722
f 3923 3924 3723
f 3924 3925 3723
f 3925 3926 3723
f 3926 3726 3723
f 3726 3724 3723
f 3726 3725 3724
f 3926 3927 3726
f 3927 3727 3726
f 3927 3928 3727
f 3928 3929 3727
f 3929 3728 3727
f 3929 3930 3728
f 3930 3931 3728
f 3931 3932 3728
f 3932 3729 3728
f 3932 3933 3729
f 3933 3730 3729
f 3933 3931 3730
f 3931 3934 3730
f 3934 3935 3730
f 3935 3936 3730
f 3936 3731 3730
f 3936 3937 3731
f 3937 3733 3731
f 3733 3732 3731
f 3937 3938 3733
f 3938 3939 3733
f 3939 3734 3733
f 3939 3940 3734
f 3940 3941 3734
f 3941 3942 3734
f 3942 3736 3734
f 3736 3735 3734
f 3942 3803 3736
f 3803 3737 3736
f 3943 3875 3739
f 3944 3943 3739
f 3740 3944 3739
f 3945 3944 3740
f 3742 3945 3740
f 3741 3742 3740
f 3946 3945 3742
f 3947 3946 3742
f 3743 3947 3742
f 3948 3947 3743
f 3949 3948 3743
f 3744 3949 3743
f 3745 3949 3744
f 3950 3949 3745
f 3951 3950 3745
f 3746 3951 3745
f 3747 3951 3746
f 3952 3951 3747
f 3953 3952 3747
f 3748 3953 3747
f 3954 3953 3748
f 3749 3954 3748
f 3750 3954 3749
f 3955 3954 3750
f 3956 3955 3750
f 3751 3956 3750
f 3957 3956 3751
f 3752 3957 3751
f 3958 3957 3752
f 3753 3958 3752
f 3959 3958 3753
f 3754 3959 3753
f 3960 3959 3754
f 3755 3960 3754
f 3757 3960 3755
f 3756 3757 3755
f 3961 3960 3757
f 3962 3961 3757
f 3963 3962 3757
f 3758 3963 3757
f 3760 3963 3758
f 3759 3760 3758
f 3964 3963 3760
f 3965 3964 3760
f 3966 3965 3760
f 3761 3966 3760
f 3762 3966 3761
f 3967 3966 3762
f 3968 3967 3762
f 3763 3968 3762
f 3765 3968 3763
f 3764 3765 3763
f 3969 3968 3765
f 3970 3969 3765
f 3971 3970 3765
f 3766 3971 3765
f 3972 3971 3766
f 3767 3972 3766
f 3973 3972 3767
f 3768 3973 3767
f 3974 3973 3768
f 3769 3974 3768
f 3975 3974 3769
f 3770 3975 3769
f 3977 3976 3771
f 3772 3977 3771
f 3978 3977 3772
f 3773 3978 3772
f 3979 3978 3773
f 3980 3979 3773
f 3774 3980 3773
f 3775 3980 3774
f 3981 3980 3775
f 3776 3981 3775
f 3982 3981 3776
f 3777 3982 3776
f 3983 3982 3777
f 3778 3983 3777
f 3984 3983 3778
f 3985 3984 3778
f 3779 3985 3778
f 3986 3985 3779
f 3780 3986 3779
f 3781 3986 3780
f 3987 3986 3781
f 3988 3987 3781
f 3782 3988 3781
f 3989 3988 3782
f 3783 3989 3782
f 3784 3989 3783
f 3990 3989 3784
f 3785 3990 3784
f 3991 3990 3785
f 3788 3991 3785
f 3786 3788 3785
f 3787 3788 3786
f 3992 3991 3788
f 3789 3992 3788
f 3993 3992 3789
f 3994 3993 3789
f 3790 3994 3789
f 3791 3994 3790
f 3792 3995 3791
f 3995 3994 3791
f 3793 3996 3792
f 3996 3995 3792
f 3794 3997 3793
f 3997 3996 3793
f 3795 3797 3794
f 3797 3997 3794
f 3802 3998 3796
f 3998 3999 3796
f 3999 4000 3796
f 4000 3797 3796
f 4000 4001 3797
f 4001 3997 3797
f 3810 4002 3798
f 4002 4003 3798
f 4003 4004 3798
f 4004 4005 3798
f 4005 3799 3798
f 4005 3800 3799
f 4005 4006 3800
f 4006 3801 3800
f 4006 4007 3801
f 4007 3802 3801
f 4007 4008 3802
f 4008 3998 3802
f 3942 4009 3803
f 4009 3804 3803
f 3806 3805 3804
f 4010 3807 3806
f 4010 3808 3807
f 4010 3809 3808
f 4010 4011 3809
f 4011 4002 3809
f 4002 3810 3809
f 4012 3828 3811
f 4013 4012 3811
f 4014 4013 3811
f 3812 4014 3811
f 4015 4014 3812
f 3814 4015 3812
f 3813 3814 3812
f 4016 4015 3814
f 3815 4016 3814
f 4017 4016 3815
f 3816 4017 3815
f 3829 4017 3816
f 3818 4018 3817
f 4018 3846 3817
f 4019 4018 3818
f 3819 4019 3818
f 4020 4019 3819
f 3820 4020 3819
f 4021 4020 3820
f 4022 4021 3820
f 3822 4022 3820
f 3821 3822 3820
f 4023 4022 3822
f 3824 4023 3822
f 3823 3824 3822
f 4024 4023 3824
f 3825 4024 3824
f 4025 4024 3825
f 4026 4025 3825
f 3826 4026 3825
f 3828 4026 3826
f 3827 3828 3826
f 4027 4026 3828
f 4012 4027 3828
f 4028 4017 3829
f 4029 4028 3829
f 4030 4029 3829
f 3830 4030 3829
f 3831 4030 3830
f 3832 4030 3831
f 4031 4030 3832
f 4032 4031 3832
f 4033 4032 3832
f 3833 4033 3832
f 3834 4033 3833
f 4034 4033 3834
f 3835 4034 3834
f 4035 4034 3835
f 3836 4035 3835
f 4036 4035 3836
f 4037 4036 3836
f 4038 4037 3836
f 3837 4038 3836
f 3838 4038 3837
f 4039 4038 3838
f 4040 4039 3838
f 4041 4040 3838
f 4042 4041 3838
f 3839 4042 3838
f 3840 4042 3839
f 4041 4042 3840
f 4043 4041 3840
f 3841 4043 3840
f 4044 4043 3841
f 4045 4044 3841
f 3843 4045 3841
f 3842 3843 3841
f 4046 4045 3843
f 3845 4046 3843
f 3844 3845 3843
f 4047 4046 3845
f 4048 4047 3845
f 3854 4048 3845
f 4018 4049 3846
f 4049 3847 3846
f 4049 3848 3847
f 4049 4050 3848
f 4050 4051 3848
f 4051 4052 3848
f 4052 4053 3848
f 4053 3849 3848
f 4053 4054 3849
f 4054 3851 3849
f 3851 3850 3849
f 4054 4055 3851
f 4055 3853 3851
f 3853 3852 3851
f 4055 4056 3853
f 4056 3877 3853
f 3877 3876 3853
f 4057 4048 3854
f 3855 4057 3854
f 4058 4057 3855
f 4059 4058 3855
f 3856 4059 3855
f 4060 4059 3856
f 3858 4060 3856
f 3857 3858 3856
f 4061 4060 3858
f 4062 4061 3858
f 4063 4062 3858
f 3859 4063 3858
f 4064 4063 3859
f 3860 4064 3859
f 3862 4064 3860
f 3861 3862 3860
f 4065 4064 3862
f 4066 4065 3862
f 3863 4066 3862
f 4067 4066 3863
f 3864 4067 3863
f 4068 4067 3864
f 3866 4068 3864
f 3865 3866 3864
f 4069 4068 3866
f 4070 4069 3866
f 3868 4070 3866
f 3867 3868 3866
f 4071 4070 3868
f 4072 4071 3868
f 3870 4072 3868
f 3869 3870 3868
f 4073 4072 3870
f 4074 4073 3870
f 3871 4074 3870
f 4075 4074 3871
f 3873 4075 3871
f 3872 3873 3871
f 4076 4075 3873
f 4077 4076 3873
f 3874 4077 3873
f 4078 4077 3874
f 3943 4078 3874
f 3875 3943 3874
f 4056 4079 3877
f 4079 4080 3877
f 4080 4081 3877
f 4081 3878 3877
f 4081 3880 3878
f 3880 3879 3878
f 4081 4082 3880
f 4082 4083 3880
f 4083 3882 3880
f 3882 3881 3880
f 4083 3884 3882
f 3884 3883 3882
f 4083 4084 3884
f 4084 4085 3884
f 4085 4086 3884
f 4086 3886 3884
f 3886 4087 3884
f 4087 3885 3884
f 4087 3886 3885
f 4086 4088 3886
f 4088 4089 3886
f 4089 3888 3886
f 3888 3887 3886
f 4089 4090 3888
f 4090 4091 3888
f 4091 4092 3888
f 4092 3890 3888
f 3890 3889 3888
f 4092 4093 3890
f 4093 4094 3890
f 4094 4095 3890
f 4095 4096 3890
f 4096 3891 3890
f 4096 3892 3891
f 4096 4097 3892
f 4097 4098 3892
f 4098 3893 3892
f 4098 4099 3893
f 4099 3895 3893
f 3895 3894 3893
f 4099 4100 3895
f 4100 4101 3895
f 4101 3896 3895
f 4101 3897 3896
f 4101 4102 3897
f 4102 4103 3897
f 4103 3899 3897
f 3899 3898 3897
f 4103 4104 3899
f 4104 4105 3899
f 4105 3900 3899
f 4105 4106 3900
f 4106 3901 3900
f 4106 4107 3901
f 4107 3902 3901
f 4107 4108 3902
f 4108 3903 3902
f 4108 4109 3903
f 4109 4110 3903
f 4110 3904 3903
f 4110 3905 3904
f 4110 4111 3905
f 4111 3907 3905
f 3907 3906 3905
f 4111 4112 3907
f 4112 4113 3907
f 4113 4114 3907
f 4114 3908 3907
f 4114 4115 3908
f 4115 3909 3908
f 4115 3911 3909
f 3911 3910 3909
f 4115 4116 3911
f 4116 3912 3911
f 4116 4117 3912
f 4117 4118 3912
f 4118 4119 3912
f 4119 3913 3912
f 4119 4120 3913
f 4120 3914 3913
f 4120 4121 3914
f 4121 3915 3914
f 4121 3917 3915
f 3917 3916 3915
f 4121 4122 3917
f 4122 3918 3917
f 4122 3920 3918
f 3920 3919 3918
f 4122 4123 3920
f 4123 4124 3920
f 4124 4125 3920
f 4125 4126 3920
f 4126 3922 3920
f 3922 3921 3920
f 4126 4127 3922
f 4127 3923 3922
f 4127 3924 3923
f 4127 4128 3924
f 4128 4129 3924
f 4129 4130 3924
f 4130 4131 3924
f 4131 3925 3924
f 4131 3927 3925
f 3927 3926 3925
f 4131 3928 3927
f 4131 4132 3928
f 4132 4133 3928
f 4133 3929 3928
f 4133 4134 3929
f 4134 4135 3929
f 4135 3930 3929
f 4135 4136 3930
f 4136 4137 3930
f 4137 3934 3930
f 3934 3931 3930
f 3933 3932 3931
f 4137 4138 3934
f 4138 4139 3934
f 4139 4140 3934
f 4140 3935 3934
f 4140 3938 3935
f 3938 3937 3935
f 3937 3936 3935
f 4140 4141 3938
f 4141 3940 3938
f 3940 3939 3938
f 4141 4142 3940
f 4142 4143 3940
f 4143 4144 3940
f 4144 4145 3940
f 4145 3941 3940
f 4145 3942 3941
f 4145 4146 3942
f 4147 4078 3943
f 4148 4147 3943
f 3944 4148 3943
f 4149 4148 3944
f 3946 4149 3944
f 3945 3946 3944
f 4150 4149 3946
f 4151 4150 3946
f 3947 4151 3946
f 4152 4151 3947
f 4153 4152 3947
f 3948 4153 3947
f 3949 4153 3948
f 4154 4153 3949
f 4155 4154 3949
f 3950 4155 3949
f 3952 4155 3950
f 3951 3952 3950
f 4156 4155 3952
f 4157 4156 3952
f 4158 4157 3952
f 3953 4158 3952
f 3954 4158 3953
f 4159 4158 3954
f 4160 4159 3954
f 3955 4160 3954
f 4161 4160 3955
f 3956 4161 3955
f 4162 4161 3956
f 3957 4162 3956
f 4163 4162 3957
f 3958 4163 3957
f 4164 4163 3958
f 3959 4164 3958
f 3961 4164 3959
f 3960 3961 3959
f 4165 4164 3961
f 4166 4165 3961
f 4167 4166 3961
f 3962 4167 3961
f 3963 4167 3962
f 4168 4167 3963
f 3964 4168 3963
f 4169 4168 3964
f 4170 4169 3964
f 3965 4170 3964
f 3966 4170 3965
f 4171 4170 3966
f 4172 4171 3966
f 3967 4172 3966
f 3969 4172 3967
f 3968 3969 3967
f 4173 4172 3969
f 4174 4173 3969
f 4175 4174 3969
f 3970 4175 3969
f 3971 4175 3970
f 4176 4175 3971
f 4177 4176 3971
f 4178 4177 3971
f 3972 4178 3971
f 3973 4178 3972
f 4179 4178 3973
f 4180 4179 3973
f 4181 4180 3973
f 3974 4181 3973
f 3975 4181 3974
f 4183 4182 3976
f 3977 4183 3976
f 4184 4183 3977
f 3978 4184 3977
f 4185 4184 3978
f 3979 4185 3978
f 4186 4185 3979
f 3980 4186 3979
f 4187 4186 3980
f 3981 4187 3980
f 4188 4187 3981
f 3982 4188 3981
f 4189 4188 3982
f 3983 4189 3982
f 4190 4189 3983
f 3984 4190 3983
f 4191 4190 3984
f 4192 4191 3984
f 3985 4192 3984
f 4193 4192 3985
f 3986 4193 3985
f 4194 4193 3986
f 3987 4194 3986
f 3988 4194 3987
f 4195 4194 3988
f 3989 4195 3988
f 4196 4195 3989
f 3990 4196 3989
f 4197 4196 3990
f 3991 4197 3990
f 4198 4197 3991
f 3992 4198 3991
f 4199 4198 3992
f 3993 4199 3992
f 4200 4199 3993
f 3994 4200 3993
f 3995 4001 3994
f 4001 4200 3994
f 3996 4001 3995
f 3997 4001 3996
f 4008 4201 3998
f 4201 3999 3998
f 4201 4202 3999
f 4202 4000 3999
f 4202 4203 4000
f 4203 4001 4000
f 4203 4204 4001
f 4204 4200 4001
f 4011 4205 4002
f 4205 4206 4002
f 4206 4207 4002
f 4207 4003 4002
f 4207 4208 4003
f 4208 4004 4003
f 4208 4209 4004
f 4209 4005 4004
f 4209 4210 4005
f 4210 4006 4005
f 4210 4008 4006
f 4008 4007 4006
f 4210 4211 4008
f 4211 4212 4008
f 4212 4213 4008
f 4213 4201 4008
f 4216 4217 4011
f 4217 4205 4011
f 4219 4218 4012
f 4220 4219 4012
f 4221 4220 4012
f 4222 4221 4012
f 4013 4222 4012
f 4223 4222 4013
f 4014 4223 4013
f 4224 4223 4014
f 4015 4224 4014
f 4225 4224 4015
f 4016 4225 4015
f 4226 4225 4016
f 4017 4226 4016
f 4227 4226 4017
f 4028 4227 4017
f 4228 4049 4018
f 4019 4228 4018
f 4229 4228 4019
f 4230 4229 4019
f 4020 4230 4019
f 4021 4230 4020
f 4231 4230 4021
f 4232 4231 4021
f 4023 4232 4021
f 4022 4023 4021
f 4233 4232 4023
f 4234 4233 4023
f 4024 4234 4023
f 4025 4234 4024
f 4235 4234 4025
f 4236 4235 4025
f 4219 4236 4025
f 4026 4219 4025
f 4218 4219 4026
f 4027 4218 4026
f 4012 4218 4027
f 4237 4227 4028
f 4238 4237 4028
f 4029 4238 4028
f 4030 4238 4029
f 4239 4238 4030
f 4240 4239 4030
f 4031 4240 4030
f 4032 4240 4031
f 4241 4240 4032
f 4033 4241 4032
f 4242 4241 4033
f 4243 4242 4033
f 4034 4243 4033
f 4035 4243 4034
f 4244 4243 4035
f 4036 4244 4035
f 4245 4244 4036
f 4246 4245 4036
f 4247 4246 4036
f 4038 4247 4036
f 4037 4038 4036
f 4248 4247 4038
f 4039 4248 4038
f 4249 4248 4039
f 4250 4249 4039
f 4251 4250 4039
f 4040 4251 4039
f 4043 4251 4040
f 4041 4043 4040
f 4252 4251 4043
f 4253 4252 4043
f 4254 4253 4043
f 4044 4254 4043
f 4255 4254 4044
f 4045 4255 4044
f 4047 4255 4045
f 4046 4047 4045
f 4256 4255 4047
f 4257 4256 4047
f 4048 4257 4047
f 4258 4257 4048
f 4057 4258 4048
f 4228 4259 4049
f 4259 4050 4049
f 4259 4260 4050
f 4260 4261 4050
f 4261 4051 4050
f 4261 4262 4051
f 4262 4263 4051
f 4263 4264 4051
f 4264 4053 4051
f 4053 4052 4051
f 4264 4265 4053
f 4265 4266 4053
f 4266 4054 4053
f 4266 4267 4054
f 4267 4268 4054
f 4268 4055 4054
f 4268 4079 4055
f 4079 4056 4055
f 4269 4258 4057
f 4270 4269 4057
f 4058 4270 4057
f 4271 4270 4058
f 4059 4271 4058
f 4272 4271 4059
f 4061 4272 4059
f 4060 4061 4059
f 4273 4272 4061
f 4274 4273 4061
f 4062 4274 4061
f 4275 4274 4062
f 4063 4275 4062
f 4276 4275 4063
f 4065 4276 4063
f 4064 4065 4063
f 4277 4276 4065
f 4278 4277 4065
f 4066 4278 4065
f 4279 4278 4066
f 4067 4279 4066
f 4280 4279 4067
f 4069 4280 4067
f 4068 4069 4067
f 4281 4280 4069
f 4282 4281 4069
f 4071 4282 4069
f 4070 4071 4069
f 4283 4282 4071
f 4284 4283 4071
f 4073 4284 4071
f 4072 4073 4071
f 4285 4284 4073
f 4286 4285 4073
f 4074 4286 4073
f 4287 4286 4074
f 4076 4287 4074
f 4075 4076 4074
f 4288 4287 4076
f 4289 4288 4076
f 4077 4289 4076
f 4290 4289 4077
f 4147 4290 4077
f 4078 4147 4077
f 4268 4291 4079
f 4291 4292 4079
f 4292 4293 4079
f 4293 4294 4079
f 4294 4080 4079
f 4294 4295 4080
f 4295 4296 4080
f 4296 4081 4080
f 4296 4297 4081
f 4297 4082 4081
f 4297 4084 4082
f 4084 4083 4082
f 4297 4298 4084
f 4298 4299 4084
f 4299 4300 4084
f 4300 4086 4084
f 4086 4085 4084
f 4300 4301 4086
f 4301 4302 4086
f 4302 4088 4086
f 4302 4303 4088
f 4303 4304 4088
f 4304 4305 4088
f 4305 4089 4088
f 4305 4091 4089
f 4091 4090 4089
f 4305 4306 4091
f 4306 4307 4091
f 4307 4308 4091
f 4308 4093 4091
f 4093 4092 4091
f 4308 4309 4093
f 4309 4310 4093
f 4310 4094 4093
f 4310 4311 4094
f 4311 4312 4094
f 4312 4096 4094
f 4096 4095 4094
f 4312 4097 4096
f 4312 4311 4097
f 4311 4313 4097
f 4313 4098 4097
f 4313 4314 4098
f 4314 4100 4098
f 4100 4099 4098
f 4314 4315 4100
f 4315 4316 4100
f 4316 4101 4100
f 4316 4102 4101
f 4316 4315 4102
f 4315 4317 4102
f 4317 4318 4102
f 4318 4104 4102
f 4104 4103 4102
f 4318 4319 4104
f 4319 4320 4104
f 4320 4105 4104
f 4320 4106 4105
f 4320 4321 4106
f 4321 4322 4106
f 4322 4107 4106
f 4322 4323 4107
f 4323 4108 4107
f 4323 4324 4108
f 4324 4325 4108
f 4325 4109 4108
f 4325 4111 4109
f 4111 4110 4109
f 4325 4326 4111
f 4326 4112 4111
f 4326 4327 4112
f 4327 4328 4112
f 4328 4113 4112
f 4328 4329 4113
f 4329 4330 4113
f 4330 4114 4113
f 4330 4331 4114
f 4331 4116 4114
f 4116 4115 4114
f 4331 4332 4116
f 4332 4117 4116
f 4332 4333 4117
f 4333 4334 4117
f 4334 4118 4117
f 4334 4335 4118
f 4335 4119 4118
f 4335 4336 4119
f 4336 4120 4119
f 4336 4122 4120
f 4122 4121 4120
f 4336 4123 4122
f 4336 4337 4123
f 4337 4338 4123
f 4338 4339 4123
f 4339 4124 4123
f 4339 4340 4124
f 4340 4341 4124
f 4341 4125 4124
f 4341 4127 4125
f 4127 4126 4125
f 4341 4342 4127
f 4342 4128 4127
f 4342 4343 4128
f 4343 4130 4128
f 4130 4129 4128
f 4343 4344 4130
f 4344 4345 4130
f 4345 4346 4130
f 4346 4132 4130
f 4132 4131 4130
f 4346 4134 4132
f 4134 4133 4132
f 4346 4347 4134
f 4347 4135 4134
f 4347 4348 4135
f 4348 4136 4135
f 4348 4349 4136
f 4349 4350 4136
f 4350 4351 4136
f 4351 4137 4136
f 4351 4139 4137
f 4139 4138 4137
f 4351 4352 4139
f 4352 4141 4139
f 4141 4140 4139
f 4352 4353 4141
f 4353 4354 4141
f 4354 4143 4141
f 4143 4142 4141
f 4354 4355 4143
f 4355 4356 4143
f 4356 4357 4143
f 4357 4144 4143
f 4357 4358 4144
f 4358 4145 4144
f 4358 4214 4145
f 4214 4146 4145
f 4359 4290 4147
f 4360 4359 4147
f 4148 4360 4147
f 4361 4360 4148
f 4150 4361 4148
f 4149 4150 4148
f 4362 4361 4150
f 4363 4362 4150
f 4151 4363 4150
f 4364 4363 4151
f 4365 4364 4151
f 4152 4365 4151
f 4153 4365 4152
f 4366 4365 4153
f 4367 4366 4153
f 4154 4367 4153
f 4156 4367 4154
f 4155 4156 4154
f 4368 4367 4156
f 4369 4368 4156
f 4370 4369 4156
f 4157 4370 4156
f 4159 4370 4157
f 4158 4159 4157
f 4371 4370 4159
f 4372 4371 4159
f 4373 4372 4159
f 4160 4373 4159
f 4374 4373 4160
f 4161 4374 4160
f 4375 4374 4161
f 4162 4375 4161
f 4376 4375 4162
f 4163 4376 4162
f 4164 4376 4163
f 4377 4376 4164
f 4378 4377 4164
f 4165 4378 4164
f 4379 4378 4165
f 4166 4379 4165
f 4168 4379 4166
f 4167 4168 4166
f 4380 4379 4168
f 4381 4380 4168
f 4382 4381 4168
f 4169 4382 4168
f 4170 4382 4169
f 4383 4382 4170
f 4384 4383 4170
f 4171 4384 4170
f 4173 4384 4171
f 4172 4173 4171
f 4385 4384 4173
f 4386 4385 4173
f 4387 4386 4173
f 4174 4387 4173
f 4176 4387 4174
f 4175 4176 4174
f 4388 4387 4176
f 4389 4388 4176
f 4390 4389 4176
f 4178 4390 4176
f 4177 4178 4176
f 4391 4390 4178
f 4392 4391 4178
f 4179 4392 4178
f 4393 4392 4179
f 4394 4393 4179
f 4181 4394 4179
f 4180 4181 4179
f 4395 4394 4181
f 4396 4395 4181
f 4399 4398 4182
f 4183 4399 4182
f 4400 4399 4183
f 4184 4400 4183
f 4401 4400 4184
f 4185 4401 4184
f 4402 4401 4185
f 4186 4402 4185
f 4403 4402 4186
f 4187 4403 4186
f 4404 4403 4187
f 4188 4404 4187
f 4405 4404 4188
f 4189 4405 4188
f 4406 4405 4189
f 4407 4406 4189
f 4190 4407 4189
f 4191 4407 4190
f 4408 4407 4191
f 4192 4408 4191
f 4409 4408 4192
f 4193 4409 4192
f 4410 4409 4193
f 4194 4410 4193
f 4411 4410 4194
f 4195 4411 4194
f 4412 4411 4195
f 4196 4412 4195
f 4413 4412 4196
f 4197 4413 4196
f 4414 4413 4197
f 4415 4414 4197
f 4198 4415 4197
f 4416 4415 4198
f 4199 4416 4198
f 4200 4204 4199
f 4204 4416 4199
f 4213 4417 4201
f 4417 4202 4201
f 4417 4418 4202
f 4418 4203 4202
f 4418 4204 4203
f 4418 4419 4204
f 4419 4420 4204
f 4420 4416 4204
f 4217 4421 4205
f 4421 4422 4205
f 4422 4423 4205
f 4423 4206 4205
f 4423 4424 4206
f 4424 4207 4206
f 4424 4425 4207
f 4425 4208 4207
f 4425 4426 4208
f 4426 4209 4208
f 4426 4211 4209
f 4211 4210 4209
f 4426 4427 4211
f 4427 4428 4211
f 4428 4429 4211
f 4429 4212 4211
f 4429 4430 4212
f 4430 4213 4212
f 4430 4431 4213
f 4431 4417 4213
f 4432 4215 4214
f 4358 4432 4214
f 4434 4433 4215
f 4435 4434 4215
f 4432 4435 4215
f 4437 4438 4216
f 4438 4421 4216
f 4421 4217 4216
f 4439 4236 4219
f 4220 4439 4219
f 4440 4439 4220
f 4441 4440 4220
f 4442 4441 4220
f 4221 4442 4220
f 4443 4442 4221
f 4222 4443 4221
f 4444 4443 4222
f 4223 4444 4222
f 4445 4444 4223
f 4224 4445 4223
f 4446 4445 4224
f 4225 4446 4224
f 4447 4446 4225
f 4226 4447 4225
f 4448 4447 4226
f 4449 4448 4226
f 4227 4449 4226
f 4237 4449 4227
f 4450 4259 4228
f 4229 4450 4228
f 4451 4450 4229
f 4230 4451 4229
f 4452 4451 4230
f 4231 4452 4230
f 4453 4452 4231
f 4233 4453 4231
f 4232 4233 4231
f 4454 4453 4233
f 4455 4454 4233
f 4234 4455 4233
f 4456 4455 4234
f 4235 4456 4234
f 4457 4456 4235
f 4458 4457 4235
f 4459 4458 4235
f 4236 4459 4235
f 4439 4459 4236
f 4460 4449 4237
f 4238 4460 4237
f 4461 4460 4238
f 4239 4461 4238
f 4240 4461 4239
f 4462 4461 4240
f 4463 4462 4240
f 4241 4463 4240
f 4464 4463 4241
f 4242 4464 4241
f 4465 4464 4242
f 4243 4465 4242
f 4466 4465 4243
f 4244 4466 4243
f 4245 4466 4244
f 4467 4466 4245
f 4468 4467 4245
f 4469 4468 4245
f 4248 4469 4245
f 4246 4248 4245
f 4247 4248 4246
f 4249 4469 4248
f 4470 4469 4249
f 4471 4470 4249
f 4472 4471 4249
f 4250 4472 4249
f 4252 4472 4250
f 4251 4252 4250
f 4473 4472 4252
f 4474 4473 4252
f 4475 4474 4252
f 4253 4475 4252
f 4476 4475 4253
f 4477 4476 4253
f 4254 4477 4253
f 4255 4477 4254
f 4476 4477 4255
f 4478 4476 4255
f 4479 4478 4255
f 4256 4479 4255
f 4480 4479 4256
f 4257 4480 4256
f 4481 4480 4257
f 4258 4481 4257
f 4482 4481 4258
f 4483 4482 4258
f 4484 4483 4258
f 4269 4484 4258
f 4450 4485 4259
f 4485 4486 4259
f 4486 4260 4259
f 4486 4487 4260
f 4487 4262 4260
f 4262 4261 4260
f 4487 4488 4262
f 4488 4489 4262
f 4489 4490 4262
f 4490 4263 4262
f 4490 4491 4263
f 4491 4265 4263
f 4265 4264 4263
f 4491 4492 4265
f 4492 4493 4265
f 4493 4266 4265
f 4493 4267 4266
f 4493 4494 4267
f 4494 4291 4267
f 4291 4268 4267
f 4495 4484 4269
f 4270 4495 4269
f 4496 4495 4270
f 4271 4496 4270
f 4497 4496 4271
f 4273 4497 4271
f 4272 4273 4271
f 4498 4497 4273
f 4499 4498 4273
f 4274 4499 4273
f 4500 4499 4274
f 4501 4500 4274
f 4275 4501 4274
f 4277 4501 4275
f 4276 4277 4275
f 4502 4501 4277
f 4503 4502 4277
f 4278 4503 4277
f 4504 4503 4278
f 4279 4504 4278
f 4505 4504 4279
f 4281 4505 4279
f 4280 4281 4279
f 4506 4505 4281
f 4507 4506 4281
f 4283 4507 4281
f 4282 4283 4281
f 4508 4507 4283
f 4509 4508 4283
f 4285 4509 4283
f 4284 4285 4283
f 4510 4509 4285
f 4511 4510 4285
f 4286 4511 4285
f 4512 4511 4286
f 4288 4512 4286
f 4287 4288 4286
f 4513 4512 4288
f 4514 4513 4288
f 4289 4514 4288
f 4515 4514 4289
f 4290 4515 4289
f 4516 4515 4290
f 4359 4516 4290
f 4494 4517 4291
f 4517 4518 4291
f 4518 4293 4291
f 4293 4292 4291
f 4518 4519 4293
f 4519 4520 4293
f 4520 4295 4293
f 4295 4294 4293
f 4520 4521 4295
f 4521 4522 4295
f 4522 4296 4295
f 4522 4298 4296
f 4298 4297 4296
f 4522 4523 4298
f 4523 4524 4298
f 4524 4299 4298
f 4524 4525 4299
f 4525 4526 4299
f 4526 4301 4299
f 4301 4300 4299
f 4526 4527 4301
f 4527 4302 4301
f 4527 4528 4302
f 4528 4529 4302
f 4529 4530 4302
f 4530 4531 4302
f 4531 4303 4302
f 4531 4532 4303
f 4532 4533 4303
f 4533 4304 4303
f 4533 4306 4304
f 4306 4305 4304
f 4533 4307 4306
f 4533 4532 4307
f 4532 4534 4307
f 4534 4535 4307
f 4535 4309 4307
f 4309 4308 4307
f 4535 4536 4309
f 4536 4537 4309
f 4537 4310 4309
f 4537 4538 4310
f 4538 4539 4310
f 4539 4311 4310
f 4539 4313 4311
f 4539 4540 4313
f 4540 4541 4313
f 4541 4542 4313
f 4542 4315 4313
f 4315 4314 4313
f 4542 4543 4315
f 4543 4317 4315
f 4543 4544 4317
f 4544 4545 4317
f 4545 4318 4317
f 4545 4544 4318
f 4544 4546 4318
f 4546 4547 4318
f 4547 4319 4318
f 4547 4548 4319
f 4548 4320 4319
f 4548 4321 4320
f 4548 4549 4321
f 4549 4550 4321
f 4550 4322 4321
f 4550 4551 4322
f 4551 4323 4322
f 4551 4552 4323
f 4552 4553 4323
f 4553 4324 4323
f 4553 4326 4324
f 4326 4325 4324
f 4553 4554 4326
f 4554 4327 4326
f 4554 4555 4327
f 4555 4556 4327
f 4556 4328 4327
f 4556 4557 4328
f 4557 4558 4328
f 4558 4329 4328
f 4558 4559 4329
f 4559 4330 4329
f 4559 4332 4330
f 4332 4331 4330
f 4559 4560 4332
f 4560 4561 4332
f 4561 4562 4332
f 4562 4333 4332
f 4562 4563 4333
f 4563 4334 4333
f 4563 4337 4334
f 4337 4335 4334
f 4337 4336 4335
f 4563 4564 4337
f 4564 4565 4337
f 4565 4566 4337
f 4566 4338 4337
f 4566 4339 4338
f 4566 4565 4339
f 4565 4567 4339
f 4567 4568 4339
f 4568 4569 4339
f 4569 4340 4339
f 4569 4342 4340
f 4342 4341 4340
f 4569 4570 4342
f 4570 4571 4342
f 4571 4343 4342
f 4571 4572 4343
f 4572 4344 4343
f 4572 4345 4344
f 4572 4573 4345
f 4573 4574 4345
f 4574 4346 4345
f 4574 4347 4346
f 4574 4575 4347
f 4575 4348 4347
f 4575 4576 4348
f 4576 4577 4348
f 4577 4349 4348
f 4577 4578 4349
f 4578 4579 4349
f 4579 4350 4349
f 4579 4352 4350
f 4352 4351 4350
f 4579 4580 4352
f 4580 4581 4352
f 4581 4582 4352
f 4582 4353 4352
f 4582 4583 4353
f 4583 4355 4353
f 4355 4354 4353
f 4583 4582 4355
f 4582 4584 4355
f 4584 4585 4355
f 4585 4586 4355
f 4586 4587 4355
f 4587 4588 4355
f 4588 4356 4355
f 4588 4589 4356
f 4589 4357 4356
f 4589 4432 4357
f 4432 4358 4357
f 4590 4516 4359
f 4360 4590 4359
f 4591 4590 4360
f 4362 4591 4360
f 4361 4362 4360
f 4592 4591 4362
f 4593 4592 4362
f 4363 4593 4362
f 4594 4593 4363
f 4595 4594 4363
f 4364 4595 4363
f 4365 4595 4364
f 4596 4595 4365
f 4597 4596 4365
f 4366 4597 4365
f 4598 4597 4366
f 4368 4598 4366
f 4367 4368 4366
f 4599 4598 4368
f 4600 4599 4368
f 4369 4600 4368
f 4371 4600 4369
f 4370 4371 4369
f 4601 4600 4371
f 4602 4601 4371
f 4603 4602 4371
f 4372 4603 4371
f 4604 4603 4372
f 4373 4604 4372
f 4605 4604 4373
f 4374 4605 4373
f 4606 4605 4374
f 4375 4606 4374
f 4376 4606 4375
f 4607 4606 4376
f 4608 4607 4376
f 4377 4608 4376
f 4609 4608 4377
f 4378 4609 4377
f 4380 4609 4378
f 4379 4380 4378
f 4610 4609 4380
f 4611 4610 4380
f 4612 4611 4380
f 4381 4612 4380
f 4382 4612 4381
f 4613 4612 4382
f 4614 4613 4382
f 4383 4614 4382
f 4385 4614 4383
f 4384 4385 4383
f 4615 4614 4385
f 4616 4615 4385
f 4617 4616 4385
f 4386 4617 4385
f 4388 4617 4386
f 4387 4388 4386
f 4618 4617 4388
f 4619 4618 4388
f 4389 4619 4388
f 4620 4619 4389
f 4621 4620 4389
f 4391 4621 4389
f 4390 4391 4389
f 4622 4621 4391
f 4392 4622 4391
f 4623 4622 4392
f 4624 4623 4392
f 4625 4624 4392
f 4393 4625 4392
f 4626 4625 4393
f 4394 4626 4393
f 4627 4626 4394
f 4395 4627 4394
f 4396 4627 4395
f 4628 4627 4396
f 4629 4628 4396
f 4397 4629 4396
f 4630 4629 4397
f 4631 4630 4397
f 4632 4631 4397
f 4633 4632 4397
f 4634 4633 4397
f 4636 4635 4398
f 4399 4636 4398
f 4637 4636 4399
f 4400 4637 4399
f 4638 4637 4400
f 4401 4638 4400
f 4639 4638 4401
f 4402 4639 4401
f 4640 4639 4402
f 4403 4640 4402
f 4641 4640 4403
f 4404 4641 4403
f 4642 4641 4404
f 4405 4642 4404
f 4643 4642 4405
f 4644 4643 4405
f 4406 4644 4405
f 4407 4644 4406
f 4645 4644 4407
f 4408 4645 4407
f 4646 4645 4408
f 4647 4646 4408
f 4409 4647 4408
f 4410 4647 4409
f 4648 4647 4410
f 4649 4648 4410
f 4411 4649 4410
f 4412 4649 4411
f 4650 4649 4412
f 4651 4650 4412
f 4413 4651 4412
f 4414 4651 4413
f 4652 4651 4414
f 4420 4652 4414
f 4415 4420 4414
f 4416 4420 4415
f 4431 4653 4417
f 4653 4418 4417
f 4653 4654 4418
f 4654 4419 4418
f 4654 4655 4419
f 4655 4420 4419
f 4655 4656 4420
f 4656 4657 4420
f 4657 4652 4420
f 4438 4658 4421
f 4658 4659 4421
f 4659 4422 4421
f 4659 4423 4422
f 4659 4660 4423
f 4660 4424 4423
f 4660 4661 4424
f 4661 4425 4424
f 4661 4427 4425
f 4427 4426 4425
f 4661 4662 4427
f 4662 4663 4427
f 4663 4664 4427
f 4664 4428 4427
f 4664 4665 4428
f 4665 4429 4428
f 4665 4666 4429
f 4666 4430 4429
f 4666 4667 4430
f 4667 4668 4430
f 4668 4431 4430
f 4668 4669 4431
f 4669 4653 4431
f 4670 4435 4432
f 4671 4670 4432
f 4589 4671 4432
f 4672 4436 4433
f 4673 4672 4433
f 4674 4673 4433
f 4434 4674 4433
f 4675 4674 4434
f 4676 4675 4434
f 4435 4676 4434
f 4677 4676 4435
f 4670 4677 4435
f 4679 4678 4436
f 4680 4679 4436
f 4681 4680 4436
f 4672 4681 4436
f 4683 4684 4437
f 4684 4685 4437
f 4685 4658 4437
f 4658 4438 4437
f 4440 4459 4439
f 4458 4459 4440
f 4686 4458 4440
f 4687 4686 4440
f 4688 4687 4440
f 4689 4688 4440
f 4441 4689 4440
f 4690 4689 4441
f 4442 4690 4441
f 4691 4690 4442
f 4443 4691 4442
f 4692 4691 4443
f 4444 4692 4443
f 4693 4692 4444
f 4445 4693 4444
f 4694 4693 4445
f 4446 4694 4445
f 4695 4694 4446
f 4447 4695 4446
f 4696 4695 4447
f 4697 4696 4447
f 4448 4697 4447
f 4698 4697 4448
f 4449 4698 4448
f 4699 4698 4449
f 4460 4699 4449
f 4451 4700 4450
f 4700 4701 4450
f 4701 4485 4450
f 4702 4700 4451
f 4703 4702 4451
f 4452 4703 4451
f 4454 4703 4452
f 4453 4454 4452
f 4704 4703 4454
f 4456 4704 4454
f 4455 4456 4454
f 4705 4704 4456
f 4457 4705 4456
f 4706 4705 4457
f 4686 4706 4457
f 4458 4686 4457
f 4461 4699 4460
f 4707 4699 4461
f 4462 4707 4461
f 4708 4707 4462
f 4463 4708 4462
f 4709 4708 4463
f 4464 4709 4463
f 4710 4709 4464
f 4465 4710 4464
f 4466 4710 4465
f 4711 4710 4466
f 4467 4711 4466
f 4712 4711 4467
f 4713 4712 4467
f 4714 4713 4467
f 4470 4714 4467
f 4468 4470 4467
f 4469 4470 4468
f 4715 4714 4470
f 4716 4715 4470
f 4717 4716 4470
f 4472 4717 4470
f 4471 4472 4470
f 4473 4717 4472
f 4718 4717 4473
f 4719 4718 4473
f 4720 4719 4473
f 4474 4720 4473
f 4721 4720 4474
f 4475 4721 4474
f 4479 4721 4475
f 4478 4479 4475
f 4476 4478 4475
f 4722 4721 4479
f 4480 4722 4479
f 4723 4722 4480
f 4481 4723 4480
f 4724 4723 4481
f 4482 4724 4481
f 4725 4724 4482
f 4726 4725 4482
f 4483 4726 4482
f 4727 4726 4483
f 4484 4727 4483
f 4728 4727 4484
f 4495 4728 4484
f 4701 4729 4485
f 4729 4486 4485
f 4729 4730 4486
f 4730 4488 4486
f 4488 4487 4486
f 4730 4731 4488
f 4731 4732 4488
f 4732 4733 4488
f 4733 4490 4488
f 4490 4489 4488
f 4733 4734 4490
f 4734 4735 4490
f 4735 4491 4490
f 4735 4736 4491
f 4736 4737 4491
f 4737 4738 4491
f 4738 4492 4491
f 4738 4493 4492
f 4738 4737 4493
f 4737 4494 4493
f 4737 4739 4494
f 4739 4518 4494
f 4518 4517 4494
f 4740 4728 4495
f 4496 4740 4495
f 4741 4740 4496
f 4498 4741 4496
f 4497 4498 4496
f 4742 4741 4498
f 4743 4742 4498
f 4499 4743 4498
f 4744 4743 4499
f 4745 4744 4499
f 4500 4745 4499
f 4502 4745 4500
f 4501 4502 4500
f 4746 4745 4502
f 4747 4746 4502
f 4503 4747 4502
f 4748 4747 4503
f 4504 4748 4503
f 4749 4748 4504
f 4506 4749 4504
f 4505 4506 4504
f 4750 4749 4506
f 4751 4750 4506
f 4508 4751 4506
f 4507 4508 4506
f 4752 4751 4508
f 4753 4752 4508
f 4510 4753 4508
f 4509 4510 4508
f 4754 4753 4510
f 4755 4754 4510
f 4511 4755 4510
f 4756 4755 4511
f 4513 4756 4511
f 4512 4513 4511
f 4757 4756 4513
f 4758 4757 4513
f 4514 4758 4513
f 4759 4758 4514
f 4516 4759 4514
f 4515 4516 4514
f 4760 4759 4516
f 4761 4760 4516
f 4590 4761 4516
f 4739 4762 4518
f 4762 4763 4518
f 4763 4764 4518
f 4764 4765 4518
f 4765 4519 4518
f 4765 4521 4519
f 4521 4520 4519
f 4765 4766 4521
f 4766 4524 4521
f 4524 4523 4521
f 4523 4522 4521
f 4766 4767 4524
f 4767 4768 4524
f 4768 4525 4524
f 4768 4769 4525
f 4769 4528 4525
f 4528 4526 4525
f 4528 4527 4526
f 4769 4770 4528
f 4770 4530 4528
f 4530 4529 4528
f 4770 4771 4530
f 4771 4772 4530
f 4772 4773 4530
f 4773 4531 4530
f 4773 4774 4531
f 4774 4532 4531
f 4774 4775 4532
f 4775 4534 4532
f 4775 4776 4534
f 4776 4535 4534
f 4776 4777 4535
f 4777 4536 4535
f 4777 4778 4536
f 4778 4779 4536
f 4779 4537 4536
f 4779 4538 4537
f 4779 4540 4538
f 4540 4539 4538
f 4779 4780 4540
f 4780 4541 4540
f 4780 4781 4541
f 4781 4543 4541
f 4543 4542 4541
f 4781 4782 4543
f 4782 4544 4543
f 4782 4783 4544
f 4783 4784 4544
f 4784 4547 4544
f 4547 4546 4544
f 4784 4785 4547
f 4785 4786 4547
f 4786 4787 4547
f 4787 4548 4547
f 4787 4549 4548
f 4787 4788 4549
f 4788 4789 4549
f 4789 4550 4549
f 4789 4790 4550
f 4790 4551 4550
f 4790 4791 4551
f 4791 4792 4551
f 4792 4552 4551
f 4792 4554 4552
f 4554 4553 4552
f 4792 4793 4554
f 4793 4794 4554
f 4794 4555 4554
f 4794 4795 4555
f 4795 4556 4555
f 4795 4796 4556
f 4796 4557 4556
f 4796 4797 4557
f 4797 4558 4557
f 4797 4798 4558
f 4798 4560 4558
f 4560 4559 4558
f 4798 4799 4560
f 4799 4800 4560
f 4800 4801 4560
f 4801 4561 4560
f 4801 4802 4561
f 4802 4562 4561
f 4802 4564 4562
f 4564 4563 4562
f 4802 4803 4564
f 4803 4804 4564
f 4804 4565 4564
f 4804 4805 4565
f 4805 4567 4565
f 4805 4806 4567
f 4806 4807 4567
f 4807 4808 4567
f 4808 4568 4567
f 4808 4809 4568
f 4809 4569 4568
f 4809 4570 4569
f 4809 4810 4570
f 4810 4572 4570
f 4572 4571 4570
f 4810 4811 4572
f 4811 4812 4572
f 4812 4573 4572
f 4812 4813 4573
f 4813 4575 4573
f 4575 4574 4573
f 4813 4814 4575
f 4814 4815 4575
f 4815 4576 4575
f 4815 4816 4576
f 4816 4577 4576
f 4816 4817 4577
f 4817 4818 4577
f 4818 4580 4577
f 4580 4578 4577
f 4580 4579 4578
f 4818 4819 4580
f 4819 4820 4580
f 4820 4584 4580
f 4584 4821 4580
f 4821 4581 4580
f 4821 4584 4581
f 4584 4582 4581
f 4820 4822 4584
f 4822 4585 4584
f 4822 4823 4585
f 4823 4824 4585
f 4824 4825 4585
f 4825 4586 4585
f 4825 4826 4586
f 4826 4587 4586
f 4826 4671 4587
f 4671 4588 4587
f 4671 4589 4588
f 4827 4761 4590
f 4592 4827 4590
f 4591 4592 4590
f 4828 4827 4592
f 4829 4828 4592
f 4593 4829 4592
f 4830 4829 4593
f 4831 4830 4593
f 4594 4831 4593
f 4595 4831 4594
f 4832 4831 4595
f 4833 4832 4595
f 4596 4833 4595
f 4597 4833 4596
f 4834 4833 4597
f 4835 4834 4597
f 4598 4835 4597
f 4836 4835 4598
f 4599 4836 4598
f 4600 4836 4599
f 4837 4836 4600
f 4838 4837 4600
f 4601 4838 4600
f 4839 4838 4601
f 4602 4839 4601
f 4840 4839 4602
f 4603 4840 4602
f 4841 4840 4603
f 4604 4841 4603
f 4842 4841 4604
f 4605 4842 4604
f 4606 4842 4605
f 4843 4842 4606
f 4844 4843 4606
f 4607 4844 4606
f 4845 4844 4607
f 4608 4845 4607
f 4609 4845 4608
f 4846 4845 4609
f 4610 4846 4609
f 4847 4846 4610
f 4848 4847 4610
f 4611 4848 4610
f 4612 4848 4611
f 4849 4848 4612
f 4850 4849 4612
f 4613 4850 4612
f 4615 4850 4613
f 4614 4615 4613
f 4851 4850 4615
f 4852 4851 4615
f 4853 4852 4615
f 4616 4853 4615
f 4617 4853 4616
f 4854 4853 4617
f 4855 4854 4617
f 4618 4855 4617
f 4620 4855 4618
f 4619 4620 4618
f 4856 4855 4620
f 4857 4856 4620
f 4858 4857 4620
f 4622 4858 4620
f 4621 4622 4620
f 4859 4858 4622
f 4860 4859 4622
f 4623 4860 4622
f 4861 4860 4623
f 4862 4861 4623
f 4624 4862 4623
f 4625 4862 4624
f 4863 4862 4625
f 4864 4863 4625
f 4627 4864 4625
f 4626 4627 4625
f 4865 4864 4627
f 4628 4865 4627
f 4866 4865 4628
f 4630 4866 4628
f 4629 4630 4628
f 4867 4866 4630
f 4868 4867 4630
f 4869 4868 4630
f 4631 4869 4630
f 4632 4869 4631
f 4870 4869 4632
f 4871 4870 4632
f 4872 4871 4632
f 4873 4872 4632
f 4874 4873 4632
f 4633 4874 4632
f 4875 4874 4633
f 4876 4875 4633
f 4680 4876 4633
f 4634 4680 4633
f 4679 4680 4634
f 4678 4679 4634
f 4636 4877 4635
f 4878 4877 4636
f 4637 4878 4636
f 4879 4878 4637
f 4638 4879 4637
f 4880 4879 4638
f 4639 4880 4638
f 4881 4880 4639
f 4640 4881 4639
f 4882 4881 4640
f 4883 4882 4640
f 4641 4883 4640
f 4642 4883 4641
f 4884 4883 4642
f 4643 4884 4642
f 4885 4884 4643
f 4886 4885 4643
f 4644 4886 4643
f 4887 4886 4644
f 4645 4887 4644
f 4888 4887 4645
f 4646 4888 4645
f 4647 4888 4646
f 4889 4888 4647
f 4648 4889 4647
f 4890 4889 4648
f 4649 4890 4648
f 4891 4890 4649
f 4657 4891 4649
f 4650 4657 4649
f 4651 4657 4650
f 4652 4657 4651
f 4669 4654 4653
f 4669 4892 4654
f 4892 4893 4654
f 4893 4655 4654
f 4893 4894 4655
f 4894 4656 4655
f 4894 4895 4656
f 4895 4657 4656
f 4896 4891 4657
f 4895 4896 4657
f 4685 4897 4658
f 4897 4898 4658
f 4898 4659 4658
f 4898 4899 4659
f 4899 4660 4659
f 4899 4662 4660
f 4662 4661 4660
f 4899 4900 4662
f 4900 4901 4662
f 4901 4902 4662
f 4902 4663 4662
f 4902 4903 4663
f 4903 4664 4663
f 4903 4904 4664
f 4904 4665 4664
f 4904 4905 4665
f 4905 4666 4665
f 4905 4906 4666
f 4906 4667 4666
f 4906 4668 4667
f 4906 4907 4668
f 4907 4669 4668
f 4907 4908 4669
f 4908 4892 4669
f 4671 4677 4670
f 4909 4677 4671
f 4910 4909 4671
f 4826 4910 4671
f 4911 4681 4672
f 4673 4911 4672
f 4912 4911 4673
f 4674 4912 4673
f 4913 4912 4674
f 4675 4913 4674
f 4676 4913 4675
f 4914 4913 4676
f 4915 4914 4676
f 4677 4915 4676
f 4916 4915 4677
f 4909 4916 4677
f 4917 4876 4680
f 4681 4917 4680
f 4911 4917 4681
f 4919 4918 4682
f 4918 4920 4682
f 4920 4683 4682
f 4920 4921 4683
f 4921 4684 4683
f 4921 4922 4684
f 4922 4897 4684
f 4897 4685 4684
f 4923 4706 4686
f 4924 4923 4686
f 4687 4924 4686
f 4925 4924 4687
f 4926 4925 4687
f 4927 4926 4687
f 4688 4927 4687
f 4928 4927 4688
f 4929 4928 4688
f 4689 4929 4688
f 4690 4929 4689
f 4930 4929 4690
f 4691 4930 4690
f 4931 4930 4691
f 4692 4931 4691
f 4932 4931 4692
f 4693 4932 4692
f 4933 4932 4693
f 4694 4933 4693
f 4934 4933 4694
f 4695 4934 4694
f 4935 4934 4695
f 4936 4935 4695
f 4696 4936 4695
f 4697 4936 4696
f 4937 4936 4697
f 4938 4937 4697
f 4698 4938 4697
f 4699 4938 4698
f 4939 4938 4699
f 4940 4939 4699
f 4707 4940 4699
f 4941 4701 4700
f 4942 4941 4700
f 4702 4942 4700
f 4941 4943 4701
f 4943 4944 4701
f 4944 4945 4701
f 4945 4729 4701
f 4703 4946 4702
f 4946 4942 4702
f 4704 4946 4703
f 4947 4946 4704
f 4705 4947 4704
f 4948 4947 4705
f 4706 4948 4705
f 4949 4948 4706
f 4923 4949 4706
f 4950 4940 4707
f 4708 4950 4707
f 4951 4950 4708
f 4709 4951 4708
f 4952 4951 4709
f 4710 4952 4709
f 4953 4952 4710
f 4954 4953 4710
f 4711 4954 4710
f 4712 4954 4711
f 4955 4954 4712
f 4956 4955 4712
f 4957 4956 4712
f 4714 4957 4712
f 4713 4714 4712
f 4715 4957 4714
f 4958 4957 4715
f 4959 4958 4715
f 4960 4959 4715
f 4717 4960 4715
f 4716 4717 4715
f 4961 4960 4717
f 4718 4961 4717
f 4962 4961 4718
f 4963 4962 4718
f 4720 4963 4718
f 4719 4720 4718
f 4964 4963 4720
f 4722 4964 4720
f 4721 4722 4720
f 4965 4964 4722
f 4966 4965 4722
f 4723 4966 4722
f 4967 4966 4723
f 4724 4967 4723
f 4968 4967 4724
f 4969 4968 4724
f 4970 4969 4724
f 4725 4970 4724
f 4971 4970 4725
f 4726 4971 4725
f 4972 4971 4726
f 4727 4972 4726
f 4973 4972 4727
f 4728 4973 4727
f 4974 4973 4728
f 4740 4974 4728
f 4945 4975 4729
f 4975 4731 4729
f 4731 4730 4729
f 4975 4976 4731
f 4976 4977 4731
f 4977 4978 4731
f 4978 4732 4731
f 4978 4979 4732
f 4979 4733 4732
f 4979 4734 4733
f 4979 4980 4734
f 4980 4981 4734
f 4981 4982 4734
f 4982 4735 4734
f 4982 4736 4735
f 4982 4983 4736
f 4983 4984 4736
f 4984 4737 4736
f 4984 4985 4737
f 4985 4739 4737
f 4985 4762 4739
f 4986 4974 4740
f 4742 4986 4740
f 4741 4742 4740
f 4987 4986 4742
f 4988 4987 4742
f 4743 4988 4742
f 4989 4988 4743
f 4744 4989 4743
f 4990 4989 4744
f 4746 4990 4744
f 4745 4746 4744
f 4991 4990 4746
f 4992 4991 4746
f 4747 4992 4746
f 4993 4992 4747
f 4748 4993 4747
f 4994 4993 4748
f 4750 4994 4748
f 4749 4750 4748
f 4995 4994 4750
f 4996 4995 4750
f 4752 4996 4750
f 4751 4752 4750
f 4997 4996 4752
f 4998 4997 4752
f 4754 4998 4752
f 4753 4754 4752
f 4999 4998 4754
f 5000 4999 4754
f 4755 5000 4754
f 5001 5000 4755
f 4757 5001 4755
f 4756 4757 4755
f 5002 5001 4757
f 5003 5002 4757
f 4758 5003 4757
f 5004 5003 4758
f 4760 5004 4758
f 4759 4760 4758
f 5005 5004 4760
f 5006 5005 4760
f 4761 5006 4760
f 5007 5006 4761
f 4828 5007 4761
f 4827 4828 4761
f 4985 4984 4762
f 4984 5008 4762
f 5008 5009 4762
f 5009 4764 4762
f 4764 4763 4762
f 5009 5010 4764
f 5010 5011 4764
f 5011 5012 4764
f 5012 4765 4764
f 5012 5013 4765
f 5013 4767 4765
f 4767 4766 4765
f 5013 5014 4767
f 5014 4768 4767
f 5014 5015 4768
f 5015 5016 4768
f 5016 5017 4768
f 5017 5018 4768
f 5018 4769 4768
f 5018 4771 4769
f 4771 4770 4769
f 5018 5019 4771
f 5019 5020 4771
f 5020 5021 4771
f 5021 4772 4771
f 5021 5022 4772
f 5022 4773 4772
f 5022 5023 4773
f 5023 4774 4773
f 5023 5024 4774
f 5024 4775 4774
f 5024 5025 4775
f 5025 4776 4775
f 5025 5026 4776
f 5026 4777 4776
f 5026 5027 4777
f 5027 5028 4777
f 5028 4778 4777
f 5028 4780 4778
f 4780 4779 4778
f 5028 5029 4780
f 5029 5030 4780
f 5030 4782 4780
f 4782 4781 4780
f 5030 5031 4782
f 5031 4783 4782
f 5031 5032 4783
f 5032 5033 4783
f 5033 4785 4783
f 4785 4784 4783
f 5033 5034 4785
f 5034 5035 4785
f 5035 5036 4785
f 5036 4786 4785
f 5036 5037 4786
f 5037 4787 4786
f 5037 4788 4787
f 5037 5038 4788
f 5038 5039 4788
f 5039 5040 4788
f 5040 5041 4788
f 5041 4789 4788
f 5041 5042 4789
f 5042 4790 4789
f 5042 5043 4790
f 5043 5044 4790
f 5044 4791 4790
f 5044 4793 4791
f 4793 4792 4791
f 5044 5045 4793
f 5045 5046 4793
f 5046 4794 4793
f 5046 5047 4794
f 5047 5048 4794
f 5048 4795 4794
f 5048 5049 4795
f 5049 5050 4795
f 5050 4796 4795
f 5050 5051 4796
f 5051 5052 4796
f 5052 4797 4796
f 5052 5053 4797
f 5053 4798 4797
f 5053 5054 4798
f 5054 4799 4798
f 5054 5055 4799
f 5055 5056 4799
f 5056 4800 4799
f 5056 5057 4800
f 5057 4801 4800
f 5057 4803 4801
f 4803 4802 4801
f 5057 5058 4803
f 5058 5059 4803
f 5059 4804 4803
f 5059 5060 4804
f 5060 5061 4804
f 5061 4805 4804
f 5061 5062 4805
f 5062 4806 4805
f 5062 4807 4806
f 5062 5063 4807
f 5063 5064 4807
f 5064 4809 4807
f 4809 4808 4807
f 5064 5065 4809
f 5065 4810 4809
f 5065 5066 4810
f 5066 4811 4810
f 5066 5067 4811
f 5067 5068 4811
f 5068 4812 4811
f 5068 5069 4812
f 5069 4813 4812
f 5069 5070 4813
f 5070 5071 4813
f 5071 4814 4813
f 5071 4815 4814
f 5071 5072 4815
f 5072 4816 4815
f 5072 5073 4816
f 5073 5074 4816
f 5074 5075 4816
f 5075 4817 4816
f 5075 4819 4817
f 4819 4818 4817
f 5075 5076 4819
f 5076 5077 4819
f 5077 4822 4819
f 4822 4820 4819
f 5077 5078 4822
f 5078 4823 4822
f 5078 5079 4823
f 5079 5080 4823
f 5080 5081 4823
f 5081 5082 4823
f 5082 4824 4823
f 5082 4910 4824
f 4910 4825 4824
f 4910 4826 4825
f 5083 5007 4828
f 5084 5083 4828
f 4829 5084 4828
f 5085 5084 4829
f 5086 5085 4829
f 4830 5086 4829
f 4831 5086 4830
f 5087 5086 4831
f 5088 5087 4831
f 4832 5088 4831
f 4833 5088 4832
f 5089 5088 4833
f 5090 5089 4833
f 4834 5090 4833
f 5091 5090 4834
f 4835 5091 4834
f 4837 5091 4835
f 4836 4837 4835
f 5092 5091 4837
f 5093 5092 4837
f 5094 5093 4837
f 4838 5094 4837
f 5095 5094 4838
f 4839 5095 4838
f 5096 5095 4839
f 4840 5096 4839
f 5097 5096 4840
f 4841 5097 4840
f 4842 5097 4841
f 5098 5097 4842
f 5099 5098 4842
f 4843 5099 4842
f 5100 5099 4843
f 4844 5100 4843
f 4846 5100 4844
f 4845 4846 4844
f 5101 5100 4846
f 5102 5101 4846
f 5103 5102 4846
f 4847 5103 4846
f 4848 5103 4847
f 5104 5103 4848
f 5105 5104 4848
f 4849 5105 4848
f 4850 5105 4849
f 5106 5105 4850
f 4851 5106 4850
f 5107 5106 4851
f 5108 5107 4851
f 4852 5108 4851
f 4853 5108 4852
f 5109 5108 4853
f 5110 5109 4853
f 4854 5110 4853
f 4856 5110 4854
f 4855 4856 4854
f 5111 5110 4856
f 5112 5111 4856
f 4857 5112 4856
f 5113 5112 4857
f 5114 5113 4857
f 4859 5114 4857
f 4858 4859 4857
f 5115 5114 4859
f 4860 5115 4859
f 5116 5115 4860
f 5117 5116 4860
f 5118 5117 4860
f 4861 5118 4860
f 5119 5118 4861
f 4862 5119 4861
f 5120 5119 4862
f 4865 5120 4862
f 4863 4865 4862
f 4864 4865 4863
f 5121 5120 4865
f 4866 5121 4865
f 5122 5121 4866
f 4867 5122 4866
f 5123 5122 4867
f 5124 5123 4867
f 4870 5124 4867
f 4868 4870 4867
f 4869 4870 4868
f 5125 5124 4870
f 5126 5125 4870
f 5127 5126 4870
f 4871 5127 4870
f 5128 5127 4871
f 4872 5128 4871
f 5129 5128 4872
f 5130 5129 4872
f 4873 5130 4872
f 4875 5130 4873
f 4874 4875 4873
f 5131 5130 4875
f 5132 5131 4875
f 4917 5132 4875
f 4876 4917 4875
f 5134 5133 4877
f 5135 5134 4877
f 4879 5135 4877
f 4878 4879 4877
f 5136 5135 4879
f 5137 5136 4879
f 4880 5137 4879
f 5138 5137 4880
f 4881 5138 4880
f 5139 5138 4881
f 4882 5139 4881
f 5140 5139 4882
f 4883 5140 4882
f 5141 5140 4883
f 5142 5141 4883
f 4884 5142 4883
f 4885 5142 4884
f 5143 5142 4885
f 4886 5143 4885
f 5144 5143 4886
f 4887 5144 4886
f 5145 5144 4887
f 4888 5145 4887
f 5146 5145 4888
f 5147 5146 4888
f 4889 5147 4888
f 4890 5147 4889
f 4896 5147 4890
f 4891 4896 4890
f 4908 5148 4892
f 5148 5149 4892
f 5149 4893 4892
f 5149 5150 4893
f 5150 4894 4893
f 5150 4895 4894
f 5151 4896 4895
f 5150 5151 4895
f 5152 5147 4896
f 5151 5152 4896
f 4922 5153 4897
f 5153 4898 4897
f 5153 4900 4898
f 4900 4899 4898
f 5153 5154 4900
f 5154 5155 4900
f 5155 5156 4900
f 5156 4901 4900
f 5156 5157 4901
f 5157 4902 4901
f 5157 5158 4902
f 5158 4903 4902
f 5158 5159 4903
f 5159 4904 4903
f 5159 5160 4904
f 5160 4905 4904
f 5160 5161 4905
f 5161 4906 4905
f 5161 5162 4906
f 5162 4907 4906
f 5162 5163 4907
f 5163 5164 4907
f 5164 4908 4907
f 5164 5165 4908
f 5165 5148 4908
f 5166 4916 4909
f 4910 5166 4909
f 5082 5167 4910
f 5167 5166 4910
f 5168 4917 4911
f 5169 5168 4911
f 4912 5169 4911
f 4913 5169 4912
f 5170 5169 4913
f 4914 5170 4913
f 5171 5170 4914
f 4915 5171 4914
f 5172 5171 4915
f 4916 5172 4915
f 5166 5173 4916
f 5173 5172 4916
f 5174 5132 4917
f 5175 5174 4917
f 5168 5175 4917
f 4919 5176 4918
f 5176 5177 4918
f 5177 5178 4918
f 5178 4921 4918
f 4921 4920 4918
f 5178 5179 4921
f 5179 5180 4921
f 5180 5153 4921
f 5153 4922 4921
f 5181 4949 4923
f 5182 5181 4923
f 4925 5182 4923
f 4924 4925 4923
f 5183 5182 4925
f 5184 5183 4925
f 4926 5184 4925
f 5185 5184 4926
f 4927 5185 4926
f 5186 5185 4927
f 4928 5186 4927
f 5187 5186 4928
f 4929 5187 4928
f 5188 5187 4929
f 4930 5188 4929
f 5189 5188 4930
f 4931 5189 4930
f 5190 5189 4931
f 4932 5190 4931
f 5191 5190 4932
f 4933 5191 4932
f 5192 5191 4933
f 4934 5192 4933
f 5193 5192 4934
f 4935 5193 4934
f 5194 5193 4935
f 5195 5194 4935
f 4936 5195 4935
f 4937 5195 4936
f 5196 5195 4937
f 5197 5196 4937
f 4938 5197 4937
f 4939 5197 4938
f 5198 5197 4939
f 4940 5198 4939
f 5199 5198 4940
f 4950 5199 4940
f 5200 4943 4941
f 5201 5200 4941
f 4942 5201 4941
f 4946 5201 4942
f 5200 5202 4943
f 5202 4944 4943
f 5202 4945 4944
f 5202 5203 4945
f 5203 5204 4945
f 5204 4976 4945
f 4976 4975 4945
f 5205 5201 4946
f 4947 5205 4946
f 5206 5205 4947
f 5207 5206 4947
f 4948 5207 4947
f 4949 5207 4948
f 5206 5207 4949
f 5208 5206 4949
f 5209 5208 4949
f 5210 5209 4949
f 5181 5210 4949
f 5211 5199 4950
f 4951 5211 4950
f 5212 5211 4951
f 4952 5212 4951
f 5213 5212 4952
f 4953 5213 4952
f 5214 5213 4953
f 4954 5214 4953
f 5215 5214 4954
f 4955 5215 4954
f 5216 5215 4955
f 5217 5216 4955
f 5218 5217 4955
f 5219 5218 4955
f 4957 5219 4955
f 4956 4957 4955
f 4958 5219 4957
f 5218 5219 4958
f 5220 5218 4958
f 5221 5220 4958
f 4961 5221 4958
f 4959 4961 4958
f 4960 4961 4959
f 5222 5221 4961
f 5223 5222 4961
f 5224 5223 4961
f 4962 5224 4961
f 5225 5224 4962
f 4965 5225 4962
f 4963 4965 4962
f 4964 4965 4963
f 5226 5225 4965
f 4966 5226 4965
f 5227 5226 4966
f 4967 5227 4966
f 5228 5227 4967
f 4968 5228 4967
f 5229 5228 4968
f 5230 5229 4968
f 5231 5230 4968
f 4970 5231 4968
f 4969 4970 4968
f 5232 5231 4970
f 5233 5232 4970
f 5234 5233 4970
f 5235 5234 4970
f 4971 5235 4970
f 5236 5235 4971
f 4972 5236 4971
f 5237 5236 4972
f 4973 5237 4972
f 5238 5237 4973
f 5239 5238 4973
f 4974 5239 4973
f 4987 5239 4974
f 4986 4987 4974
f 5204 5240 4976
f 5240 5241 4976
f 5241 4977 4976
f 5241 5242 4977
f 5242 5243 4977
f 5243 5244 4977
f 5244 4978 4977
f 5244 5245 4978
f 5245 5246 4978
f 5246 4980 4978
f 4980 4979 4978
f 5246 5247 4980
f 5247 4981 4980
f 5247 4983 4981
f 4983 4982 4981
f 5247 5248 4983
f 5248 5249 4983
f 5249 5250 4983
f 5250 4984 4983
f 5250 5009 4984
f 5009 5008 4984
f 5251 5239 4987
f 5252 5251 4987
f 4988 5252 4987
f 5253 5252 4988
f 4989 5253 4988
f 5254 5253 4989
f 4991 5254 4989
f 4990 4991 4989
f 5255 5254 4991
f 5256 5255 4991
f 4992 5256 4991
f 5257 5256 4992
f 4993 5257 4992
f 5258 5257 4993
f 4995 5258 4993
f 4994 4995 4993
f 5259 5258 4995
f 5260 5259 4995
f 4997 5260 4995
f 4996 4997 4995
f 5261 5260 4997
f 5262 5261 4997
f 4999 5262 4997
f 4998 4999 4997
f 5263 5262 4999
f 5264 5263 4999
f 5000 5264 4999
f 5265 5264 5000
f 5002 5265 5000
f 5001 5002 5000
f 5266 5265 5002
f 5267 5266 5002
f 5003 5267 5002
f 5268 5267 5003
f 5005 5268 5003
f 5004 5005 5003
f 5269 5268 5005
f 5270 5269 5005
f 5006 5270 5005
f 5271 5270 5006
f 5083 5271 5006
f 5007 5083 5006
f 5250 5272 5009
f 5272 5011 5009
f 5011 5010 5009
f 5272 5273 5011
f 5273 5274 5011
f 5274 5014 5011
f 5014 5013 5011
f 5013 5012 5011
f 5274 5275 5014
f 5275 5015 5014
f 5275 5276 5015
f 5276 5016 5015
f 5276 5277 5016
f 5277 5278 5016
f 5278 5279 5016
f 5279 5017 5016
f 5279 5019 5017
f 5019 5018 5017
f 5279 5280 5019
f 5280 5281 5019
f 5281 5282 5019
f 5282 5020 5019
f 5282 5283 5020
f 5283 5021 5020
f 5283 5284 5021
f 5284 5022 5021
f 5284 5285 5022
f 5285 5023 5022
f 5285 5286 5023
f 5286 5024 5023
f 5286 5025 5024
f 5286 5287 5025
f 5287 5288 5025
f 5288 5289 5025
f 5289 5026 5025
f 5289 5290 5026
f 5290 5027 5026
f 5290 5291 5027
f 5291 5029 5027
f 5029 5028 5027
f 5291 5292 5029
f 5292 5293 5029
f 5293 5294 5029
f 5294 5295 5029
f 5295 5030 5029
f 5295 5031 5030
f 5295 5032 5031
f 5295 5294 5032
f 5294 5296 5032
f 5296 5297 5032
f 5032 5034 5033
f 5032 5297 5034
f 5297 5035 5034
f 5297 5298 5035
f 5298 5299 5035
f 5299 5036 5035
f 5299 5300 5036
f 5300 5301 5036
f 5301 5037 5036
f 5301 5038 5037
f 5301 5302 5038
f 5302 5040 5038
f 5040 5039 5038
f 5302 5303 5040
f 5303 5304 5040
f 5304 5041 5040
f 5304 5305 5041
f 5305 5042 5041
f 5305 5306 5042
f 5306 5043 5042
f 5306 5307 5043
f 5307 5044 5043
f 5307 5308 5044
f 5308 5046 5044
f 5046 5045 5044
f 5308 5309 5046
f 5309 5310 5046
f 5310 5047 5046
f 5310 5311 5047
f 5311 5312 5047
f 5312 5049 5047
f 5049 5048 5047
f 5312 5313 5049
f 5313 5051 5049
f 5051 5050 5049
f 5313 5314 5051
f 5314 5315 5051
f 5315 5052 5051
f 5315 5053 5052
f 5315 5314 5053
f 5314 5316 5053
f 5316 5054 5053
f 5316 5317 5054
f 5317 5318 5054
f 5318 5055 5054
f 5318 5319 5055
f 5319 5056 5055
f 5319 5058 5056
f 5058 5057 5056
f 5319 5320 5058
f 5320 5321 5058
f 5321 5059 5058
f 5321 5322 5059
f 5322 5060 5059
f 5322 5323 5060
f 5323 5061 5060
f 5323 5324 5061
f 5324 5325 5061
f 5325 5062 5061
f 5325 5326 5062
f 5326 5327 5062
f 5327 5328 5062
f 5328 5063 5062
f 5328 5329 5063
f 5329 5065 5063
f 5065 5064 5063
f 5329 5330 5065
f 5330 5066 5065
f 5330 5331 5066
f 5331 5332 5066
f 5332 5333 5066
f 5333 5067 5066
f 5333 5069 5067
f 5069 5068 5067
f 5333 5332 5069
f 5332 5334 5069
f 5334 5335 5069
f 5335 5070 5069
f 5335 5336 5070
f 5336 5337 5070
f 5337 5071 5070
f 5337 5338 5071
f 5338 5072 5071
f 5338 5339 5072
f 5339 5074 5072
f 5074 5073 5072
f 5339 5340 5074
f 5340 5341 5074
f 5341 5076 5074
f 5076 5075 5074
f 5341 5342 5076
f 5342 5343 5076
f 5343 5078 5076
f 5078 5077 5076
f 5343 5344 5078
f 5344 5345 5078
f 5345 5079 5078
f 5345 5346 5079
f 5346 5080 5079
f 5346 5347 5080
f 5347 5167 5080
f 5167 5081 5080
f 5167 5082 5081
f 5348 5271 5083
f 5349 5348 5083
f 5084 5349 5083
f 5350 5349 5084
f 5351 5350 5084
f 5085 5351 5084
f 5352 5351 5085
f 5087 5352 5085
f 5086 5087 5085
f 5353 5352 5087
f 5088 5353 5087
f 5354 5353 5088
f 5355 5354 5088
f 5089 5355 5088
f 5356 5355 5089
f 5090 5356 5089
f 5357 5356 5090
f 5091 5357 5090
f 5358 5357 5091
f 5092 5358 5091
f 5359 5358 5092
f 5093 5359 5092
f 5360 5359 5093
f 5094 5360 5093
f 5361 5360 5094
f 5095 5361 5094
f 5362 5361 5095
f 5096 5362 5095
f 5097 5362 5096
f 5363 5362 5097
f 5098 5363 5097
f 5364 5363 5098
f 5365 5364 5098
f 5099 5365 5098
f 5101 5365 5099
f 5100 5101 5099
f 5366 5365 5101
f 5367 5366 5101
f 5368 5367 5101
f 5102 5368 5101
f 5103 5368 5102
f 5369 5368 5103
f 5370 5369 5103
f 5104 5370 5103
f 5106 5370 5104
f 5105 5106 5104
f 5371 5370 5106
f 5372 5371 5106
f 5373 5372 5106
f 5107 5373 5106
f 5108 5373 5107
f 5374 5373 5108
f 5375 5374 5108
f 5109 5375 5108
f 5110 5375 5109
f 5376 5375 5110
f 5377 5376 5110
f 5111 5377 5110
f 5378 5377 5111
f 5112 5378 5111
f 5379 5378 5112
f 5113 5379 5112
f 5380 5379 5113
f 5115 5380 5113
f 5114 5115 5113
f 5381 5380 5115
f 5382 5381 5115
f 5116 5382 5115
f 5383 5382 5116
f 5384 5383 5116
f 5117 5384 5116
f 5385 5384 5117
f 5118 5385 5117
f 5386 5385 5118
f 5119 5386 5118
f 5121 5386 5119
f 5120 5121 5119
f 5387 5386 5121
f 5122 5387 5121
f 5388 5387 5122
f 5389 5388 5122
f 5123 5389 5122
f 5390 5389 5123
f 5125 5390 5123
f 5124 5125 5123
f 5391 5390 5125
f 5392 5391 5125
f 5393 5392 5125
f 5126 5393 5125
f 5394 5393 5126
f 5127 5394 5126
f 5395 5394 5127
f 5128 5395 5127
f 5396 5395 5128
f 5397 5396 5128
f 5398 5397 5128
f 5130 5398 5128
f 5129 5130 5128
f 5399 5398 5130
f 5131 5399 5130
f 5400 5399 5131
f 5401 5400 5131
f 5174 5401 5131
f 5132 5174 5131
f 5403 5402 5133
f 5134 5403 5133
f 5404 5403 5134
f 5136 5404 5134
f 5135 5136 5134
f 5405 5404 5136
f 5137 5405 5136
f 5406 5405 5137
f 5407 5406 5137
f 5138 5407 5137
f 5408 5407 5138
f 5139 5408 5138
f 5140 5408 5139
f 5409 5408 5140
f 5141 5409 5140
f 5410 5409 5141
f 5142 5410 5141
f 5411 5410 5142
f 5412 5411 5142
f 5143 5412 5142
f 5413 5412 5143
f 5144 5413 5143
f 5145 5413 5144
f 5414 5413 5145
f 5146 5414 5145
f 5152 5414 5146
f 5147 5152 5146
f 5165 5415 5148
f 5415 5149 5148
f 5415 5150 5149
f 5416 5151 5150
f 5417 5416 5150
f 5415 5417 5150
f 5418 5152 5151
f 5419 5418 5151
f 5416 5419 5151
f 5420 5414 5152
f 5421 5420 5152
f 5418 5421 5152
f 5180 5154 5153
f 5180 5179 5154
f 5179 5422 5154
f 5422 5423 5154
f 5423 5155 5154
f 5423 5424 5155
f 5424 5156 5155
f 5424 5425 5156
f 5425 5157 5156
f 5425 5426 5157
f 5426 5158 5157
f 5426 5427 5158
f 5427 5428 5158
f 5428 5159 5158
f 5428 5429 5159
f 5429 5430 5159
f 5430 5160 5159
f 5430 5431 5160
f 5431 5161 5160
f 5431 5162 5161
f 5431 5432 5162
f 5432 5163 5162
f 5432 5433 5163
f 5433 5164 5163
f 5433 5165 5164
f 5433 5434 5165
f 5434 5435 5165
f 5435 5415 5165
f 5167 5436 5166
f 5436 5173 5166
f 5347 5437 5167
f 5437 5436 5167
f 5438 5175 5168
f 5169 5438 5168
f 5439 5438 5169
f 5440 5439 5169
f 5170 5440 5169
f 5171 5440 5170
f 5172 5441 5171
f 5441 5440 5171
f 5173 5442 5172
f 5442 5441 5172
f 5436 5442 5173
f 5443 5401 5174
f 5444 5443 5174
f 5175 5444 5174
f 5438 5444 5175
f 4919 5445 5176
f 5445 5446 5176
f 5446 5177 5176
f 5446 5447 5177
f 5447 5448 5177
f 5448 5422 5177
f 5422 5179 5177
f 5179 5178 5177
f 5449 5210 5181
f 5450 5449 5181
f 5183 5450 5181
f 5182 5183 5181
f 5451 5450 5183
f 5452 5451 5183
f 5184 5452 5183
f 5453 5452 5184
f 5454 5453 5184
f 5185 5454 5184
f 5455 5454 5185
f 5186 5455 5185
f 5456 5455 5186
f 5187 5456 5186
f 5457 5456 5187
f 5188 5457 5187
f 5458 5457 5188
f 5189 5458 5188
f 5459 5458 5189
f 5190 5459 5189
f 5460 5459 5190
f 5191 5460 5190
f 5461 5460 5191
f 5192 5461 5191
f 5462 5461 5192
f 5193 5462 5192
f 5463 5462 5193
f 5194 5463 5193
f 5464 5463 5194
f 5195 5464 5194
f 5465 5464 5195
f 5196 5465 5195
f 5466 5465 5196
f 5197 5466 5196
f 5467 5466 5197
f 5198 5467 5197
f 5468 5467 5198
f 5199 5468 5198
f 5469 5468 5199
f 5211 5469 5199
f 5201 5470 5200
f 5470 5471 5200
f 5471 5202 5200
f 5472 5470 5201
f 5205 5472 5201
f 5471 5473 5202
f 5473 5474 5202
f 5474 5203 5202
f 5474 5475 5203
f 5475 5476 5203
f 5476 5240 5203
f 5240 5204 5203
f 5477 5472 5205
f 5206 5477 5205
f 5208 5478 5206
f 5478 5477 5206
f 5479 5478 5208
f 5209 5479 5208
f 5480 5479 5209
f 5481 5480 5209
f 5449 5481 5209
f 5210 5449 5209
f 5482 5469 5211
f 5212 5482 5211
f 5483 5482 5212
f 5213 5483 5212
f 5484 5483 5213
f 5214 5484 5213
f 5485 5484 5214
f 5215 5485 5214
f 5486 5485 5215
f 5216 5486 5215
f 5487 5486 5216
f 5488 5487 5216
f 5489 5488 5216
f 5217 5489 5216
f 5490 5489 5217
f 5218 5490 5217
f 5491 5490 5218
f 5492 5491 5218
f 5221 5492 5218
f 5220 5221 5218
f 5491 5492 5221
f 5222 5491 5221
f 5493 5491 5222
f 5494 5493 5222
f 5224 5494 5222
f 5223 5224 5222
f 5495 5494 5224
f 5226 5495 5224
f 5225 5226 5224
f 5496 5495 5226
f 5227 5496 5226
f 5497 5496 5227
f 5228 5497 5227
f 5498 5497 5228
f 5229 5498 5228
f 5499 5498 5229
f 5500 5499 5229
f 5501 5500 5229
f 5230 5501 5229
f 5232 5501 5230
f 5231 5232 5230
f 5500 5501 5232
f 5502 5500 5232
f 5503 5502 5232
f 5233 5503 5232
f 5504 5503 5233
f 5234 5504 5233
f 5236 5504 5234
f 5235 5236 5234
f 5505 5504 5236
f 5506 5505 5236
f 5237 5506 5236
f 5507 5506 5237
f 5238 5507 5237
f 5508 5507 5238
f 5251 5508 5238
f 5239 5251 5238
f 5476 5509 5240
f 5509 5510 5240
f 5510 5511 5240
f 5511 5241 5240
f 5511 5243 5241
f 5243 5242 5241
f 5511 5512 5243
f 5512 5245 5243
f 5245 5244 5243
f 5512 5513 5245
f 5513 5514 5245
f 5514 5515 5245
f 5515 5516 5245
f 5516 5246 5245
f 5516 5517 5246
f 5517 5247 5246
f 5517 5248 5247
f 5517 5518 5248
f 5518 5519 5248
f 5519 5249 5248
f 5519 5520 5249
f 5520 5250 5249
f 5520 5273 5250
f 5273 5272 5250
f 5521 5508 5251
f 5522 5521 5251
f 5252 5522 5251
f 5523 5522 5252
f 5524 5523 5252
f 5253 5524 5252
f 5525 5524 5253
f 5524 5254 5255
f 5526 5524 5255
f 5527 5526 5255
f 5256 5527 5255
f 5528 5527 5256
f 5257 5528 5256
f 5529 5528 5257
f 5259 5529 5257
f 5258 5259 5257
f 5530 5529 5259
f 5531 5530 5259
f 5261 5531 5259
f 5260 5261 5259
f 5532 5531 5261
f 5533 5532 5261
f 5263 5533 5261
f 5262 5263 5261
f 5534 5533 5263
f 5535 5534 5263
f 5264 5535 5263
f 5536 5535 5264
f 5266 5536 5264
f 5265 5266 5264
f 5537 5536 5266
f 5538 5537 5266
f 5267 5538 5266
f 5539 5538 5267
f 5269 5539 5267
f 5268 5269 5267
f 5540 5539 5269
f 5541 5540 5269
f 5270 5541 5269
f 5542 5541 5270
f 5348 5542 5270
f 5271 5348 5270
f 5520 5543 5273
f 5543 5544 5273
f 5544 5545 5273
f 5545 5275 5273
f 5275 5274 5273
f 5545 5546 5275
f 5546 5276 5275
f 5546 5547 5276
f 5547 5277 5276
f 5547 5548 5277
f 5548 5549 5277
f 5549 5278 5277
f 5549 5280 5278
f 5280 5279 5278
f 5549 5550 5280
f 5550 5551 5280
f 5551 5552 5280
f 5552 5282 5280
f 5282 5281 5280
f 5552 5553 5282
f 5553 5554 5282
f 5554 5283 5282
f 5554 5284 5283
f 5554 5555 5284
f 5555 5556 5284
f 5556 5557 5284
f 5557 5285 5284
f 5557 5287 5285
f 5287 5286 5285
f 5557 5558 5287
f 5558 5559 5287
f 5559 5288 5287
f 5559 5289 5288
f 5559 5560 5289
f 5560 5561 5289
f 5561 5562 5289
f 5562 5290 5289
f 5562 5563 5290
f 5563 5292 5290
f 5292 5291 5290
f 5563 5564 5292
f 5564 5293 5292
f 5564 5565 5293
f 5565 5294 5293
f 5565 5296 5294
f 5565 5566 5296
f 5566 5567 5296
f 5567 5568 5296
f 5568 5298 5296
f 5298 5297 5296
f 5568 5567 5298
f 5567 5569 5298
f 5569 5570 5298
f 5570 5571 5298
f 5571 5299 5298
f 5571 5572 5299
f 5572 5300 5299
f 5572 5302 5300
f 5302 5301 5300
f 5572 5573 5302
f 5573 5574 5302
f 5574 5575 5302
f 5575 5303 5302
f 5575 5576 5303
f 5576 5304 5303
f 5576 5577 5304
f 5577 5305 5304
f 5577 5578 5305
f 5578 5306 5305
f 5578 5579 5306
f 5579 5307 5306
f 5579 5580 5307
f 5580 5308 5307
f 5580 5581 5308
f 5581 5309 5308
f 5581 5582 5309
f 5582 5311 5309
f 5311 5310 5309
f 5582 5583 5311
f 5583 5584 5311
f 5584 5585 5311
f 5585 5586 5311
f 5586 5313 5311
f 5313 5312 5311
f 5586 5316 5313
f 5316 5314 5313
f 5586 5587 5316
f 5587 5588 5316
f 5588 5589 5316
f 5589 5317 5316
f 5589 5590 5317
f 5590 5318 5317
f 5590 5320 5318
f 5320 5319 5318
f 5590 5591 5320
f 5591 5592 5320
f 5592 5321 5320
f 5592 5593 5321
f 5593 5594 5321
f 5594 5322 5321
f 5594 5595 5322
f 5595 5323 5322
f 5595 5324 5323
f 5595 5596 5324
f 5596 5597 5324
f 5597 5598 5324
f 5598 5599 5324
f 5599 5327 5324
f 5324 5326 5325
f 5324 5327 5326
f 5599 5600 5327
f 5600 5601 5327
f 5601 5329 5327
f 5329 5328 5327
f 5601 5602 5329
f 5602 5331 5329
f 5331 5330 5329
f 5602 5603 5331
f 5603 5604 5331
f 5604 5332 5331
f 5604 5605 5332
f 5605 5334 5332
f 5605 5606 5334
f 5606 5336 5334
f 5336 5335 5334
f 5606 5607 5336
f 5607 5608 5336
f 5608 5338 5336
f 5338 5337 5336
f 5608 5609 5338
f 5609 5610 5338
f 5610 5339 5338
f 5610 5340 5339
f 5610 5611 5340
f 5611 5612 5340
f 5612 5342 5340
f 5342 5341 5340
f 5612 5613 5342
f 5613 5614 5342
f 5614 5615 5342
f 5615 5344 5342
f 5344 5343 5342
f 5615 5616 5344
f 5616 5617 5344
f 5617 5345 5344
f 5617 5618 5345
f 5618 5346 5345
f 5618 5619 5346
f 5619 5347 5346
f 5619 5437 5347
f 5620 5542 5348
f 5621 5620 5348
f 5349 5621 5348
f 5622 5621 5349
f 5623 5622 5349
f 5350 5623 5349
f 5352 5623 5350
f 5351 5352 5350
f 5624 5623 5352
f 5625 5624 5352
f 5354 5625 5352
f 5353 5354 5352
f 5626 5625 5354
f 5627 5626 5354
f 5628 5627 5354
f 5355 5628 5354
f 5356 5628 5355
f 5629 5628 5356
f 5630 5629 5356
f 5357 5630 5356
f 5631 5630 5357
f 5358 5631 5357
f 5632 5631 5358
f 5359 5632 5358
f 5633 5632 5359
f 5360 5633 5359
f 5634 5633 5360
f 5361 5634 5360
f 5362 5634 5361
f 5635 5634 5362
f 5363 5635 5362
f 5636 5635 5363
f 5637 5636 5363
f 5364 5637 5363
f 5365 5637 5364
f 5638 5637 5365
f 5366 5638 5365
f 5639 5638 5366
f 5640 5639 5366
f 5367 5640 5366
f 5369 5640 5367
f 5368 5369 5367
f 5641 5640 5369
f 5642 5641 5369
f 5371 5642 5369
f 5370 5371 5369
f 5643 5642 5371
f 5644 5643 5371
f 5645 5644 5371
f 5372 5645 5371
f 5373 5645 5372
f 5646 5645 5373
f 5375 5376 5374
f 5378 5647 5377
f 5379 5647 5378
f 5648 5647 5379
f 5649 5648 5379
f 5381 5649 5379
f 5380 5381 5379
f 5650 5649 5381
f 5651 5650 5381
f 5382 5651 5381
f 5652 5651 5382
f 5383 5652 5382
f 5653 5652 5383
f 5654 5653 5383
f 5384 5654 5383
f 5385 5654 5384
f 5387 5654 5385
f 5386 5387 5385
f 5655 5654 5387
f 5656 5655 5387
f 5388 5656 5387
f 5657 5656 5388
f 5658 5657 5388
f 5389 5658 5388
f 5659 5658 5389
f 5391 5659 5389
f 5390 5391 5389
f 5660 5659 5391
f 5661 5660 5391
f 5662 5661 5391
f 5392 5662 5391
f 5663 5662 5392
f 5664 5663 5392
f 5393 5664 5392
f 5394 5664 5393
f 5665 5664 5394
f 5395 5665 5394
f 5666 5665 5395
f 5396 5666 5395
f 5667 5666 5396
f 5668 5667 5396
f 5669 5668 5396
f 5397 5669 5396
f 5399 5669 5397
f 5398 5399 5397
f 5670 5669 5399
f 5400 5670 5399
f 5671 5670 5400
f 5672 5671 5400
f 5444 5672 5400
f 5443 5444 5400
f 5401 5443 5400
f 5674 5673 5402
f 5403 5674 5402
f 5675 5674 5403
f 5676 5675 5403
f 5405 5676 5403
f 5404 5405 5403
f 5677 5676 5405
f 5678 5677 5405
f 5406 5678 5405
f 5679 5678 5406
f 5407 5679 5406
f 5680 5679 5407
f 5408 5680 5407
f 5681 5680 5408
f 5409 5681 5408
f 5682 5681 5409
f 5410 5682 5409
f 5683 5682 5410
f 5411 5683 5410
f 5684 5683 5411
f 5412 5684 5411
f 5685 5684 5412
f 5413 5685 5412
f 5420 5685 5413
f 5414 5420 5413
f 5435 5417 5415
f 5417 5419 5416
f 5686 5419 5417
f 5687 5686 5417
f 5688 5687 5417
f 5689 5688 5417
f 5435 5689 5417
f 5690 5421 5418
f 5419 5690 5418
f 5686 5690 5419
f 5691 5685 5420
f 5421 5691 5420
f 5692 5691 5421
f 5690 5692 5421
f 5448 5693 5422
f 5693 5694 5422
f 5694 5695 5422
f 5695 5423 5422
f 5695 5424 5423
f 5695 5425 5424
f 5695 5696 5425
f 5696 5428 5425
f 5428 5427 5425
f 5427 5426 5425
f 5696 5697 5428
f 5697 5698 5428
f 5698 5429 5428
f 5698 5699 5429
f 5699 5430 5429
f 5699 5700 5430
f 5700 5431 5430
f 5700 5432 5431
f 5700 5701 5432
f 5701 5702 5432
f 5702 5689 5432
f 5689 5433 5432
f 5689 5434 5433
f 5689 5435 5434
f 5437 5703 5436
f 5703 5442 5436
f 5619 5703 5437
f 5704 5444 5438
f 5705 5704 5438
f 5439 5705 5438
f 5440 5705 5439
f 5441 5706 5440
f 5706 5705 5440
f 5442 5707 5441
f 5707 5706 5441
f 5703 5708 5442
f 5708 5707 5442
f 5709 5672 5444
f 5710 5709 5444
f 5704 5710 5444
f 4919 5711 5445
f 5711 5712 5445
f 5712 5713 5445
f 5713 5714 5445
f 5714 5715 5445
f 5715 5446 5445
f 5715 5447 5446
f 5715 5716 5447
f 5716 5717 5447
f 5717 5693 5447
f 5693 5448 5447
f 5718 5481 5449
f 5719 5718 5449
f 5451 5719 5449
f 5450 5451 5449
f 5720 5719 5451
f 5721 5720 5451
f 5722 5721 5451
f 5452 5722 5451
f 5723 5722 5452
f 5453 5723 5452
f 5724 5723 5453
f 5454 5724 5453
f 5725 5724 5454
f 5455 5725 5454
f 5726 5725 5455
f 5456 5726 5455
f 5727 5726 5456
f 5457 5727 5456
f 5728 5727 5457
f 5458 5728 5457
f 5729 5728 5458
f 5730 5729 5458
f 5459 5730 5458
f 5460 5730 5459
f 5731 5730 5460
f 5461 5731 5460
f 5732 5731 5461
f 5462 5732 5461
f 5463 5732 5462
f 5733 5732 5463
f 5734 5733 5463
f 5464 5734 5463
f 5735 5734 5464
f 5465 5735 5464
f 5736 5735 5465
f 5466 5736 5465
f 5737 5736 5466
f 5467 5737 5466
f 5738 5737 5467
f 5739 5738 5467
f 5468 5739 5467
f 5469 5739 5468
f 5740 5739 5469
f 5482 5740 5469
f 5472 5741 5470
f 5741 5471 5470
f 5741 5742 5471
f 5742 5743 5471
f 5743 5473 5471
f 5477 5744 5472
f 5744 5741 5472
f 5743 5745 5473
f 5745 5474 5473
f 5745 5475 5474
f 5745 5746 5475
f 5746 5747 5475
f 5747 5509 5475
f 5509 5476 5475
f 5478 5748 5477
f 5748 5744 5477
f 5479 5749 5478
f 5749 5750 5478
f 5750 5748 5478
f 5480 5751 5479
f 5751 5752 5479
f 5752 5749 5479
f 5753 5751 5480
f 5754 5753 5480
f 5718 5754 5480
f 5481 5718 5480
f 5755 5740 5482
f 5483 5755 5482
f 5484 5755 5483
f 5756 5755 5484
f 5485 5756 5484
f 5757 5756 5485
f 5486 5757 5485
f 5758 5757 5486
f 5487 5758 5486
f 5759 5758 5487
f 5760 5759 5487
f 5761 5760 5487
f 5488 5761 5487
f 5489 5761 5488
f 5762 5761 5489
f 5490 5762 5489
f 5763 5762 5490
f 5491 5763 5490
f 5764 5763 5491
f 5493 5764 5491
f 5765 5764 5493
f 5495 5765 5493
f 5494 5495 5493
f 5766 5765 5495
f 5496 5766 5495
f 5767 5766 5496
f 5497 5767 5496
f 5768 5767 5497
f 5498 5768 5497
f 5769 5768 5498
f 5770 5769 5498
f 5499 5770 5498
f 5771 5770 5499
f 5500 5771 5499
f 5772 5771 5500
f 5773 5772 5500
f 5502 5773 5500
f 5774 5773 5502
f 5503 5774 5502
f 5775 5774 5503
f 5504 5775 5503
f 5776 5775 5504
f 5505 5776 5504
f 5777 5776 5505
f 5506 5777 5505
f 5778 5777 5506
f 5507 5778 5506
f 5779 5778 5507
f 5521 5779 5507
f 5508 5521 5507
f 5747 5780 5509
f 5780 5781 5509
f 5781 5782 5509
f 5782 5511 5509
f 5511 5510 5509
f 5782 5783 5511
f 5783 5513 5511
f 5513 5512 5511
f 5783 5784 5513
f 5784 5785 5513
f 5785 5786 5513
f 5786 5515 5513
f 5515 5514 5513
f 5786 5787 5515
f 5787 5518 5515
f 5518 5517 5515
f 5517 5516 5515
f 5787 5788 5518
f 5788 5789 5518
f 5789 5790 5518
f 5790 5791 5518
f 5791 5520 5518
f 5520 5519 5518
f 5791 5543 5520
f 5792 5779 5521
f 5525 5792 5521
f 5522 5525 5521
f 5523 5525 5522
f 5524 5525 5523
f 5793 5792 5525
f 5794 5793 5525
f 5795 5794 5525
f 5796 5795 5525
f 5797 5524 5526
f 5798 5797 5526
f 5799 5798 5526
f 5527 5799 5526
f 5800 5799 5527
f 5528 5800 5527
f 5801 5800 5528
f 5530 5801 5528
f 5529 5530 5528
f 5802 5801 5530
f 5803 5802 5530
f 5532 5803 5530
f 5531 5532 5530
f 5804 5803 5532
f 5805 5804 5532
f 5534 5805 5532
f 5533 5534 5532
f 5806 5805 5534
f 5807 5806 5534
f 5535 5807 5534
f 5808 5807 5535
f 5537 5808 5535
f 5536 5537 5535
f 5809 5808 5537
f 5810 5809 5537
f 5538 5810 5537
f 5811 5810 5538
f 5540 5811 5538
f 5539 5540 5538
f 5812 5811 5540
f 5813 5812 5540
f 5541 5813 5540
f 5814 5813 5541
f 5620 5814 5541
f 5542 5620 5541
f 5791 5815 5543
f 5815 5544 5543
f 5815 5816 5544
f 5816 5817 5544
f 5817 5546 5544
f 5546 5545 5544
f 5817 5818 5546
f 5818 5547 5546
f 5818 5819 5547
f 5819 5820 5547
f 5820 5821 5547
f 5821 5548 5547
f 5821 5550 5548
f 5550 5549 5548
f 5821 5822 5550
f 5822 5823 5550
f 5823 5824 5550
f 5824 5825 5550
f 5825 5551 5550
f 5825 5826 5551
f 5826 5552 5551
f 5826 5553 5552
f 5826 5827 5553
f 5827 5555 5553
f 5555 5554 5553
f 5827 5828 5555
f 5828 5829 5555
f 5829 5556 5555
f 5829 5830 5556
f 5830 5557 5556
f 5830 5831 5557
f 5831 5558 5557
f 5831 5832 5558
f 5832 5559 5558
f 5832 5560 5559
f 5832 5833 5560
f 5833 5834 5560
f 5834 5835 5560
f 5835 5561 5560
f 5835 5836 5561
f 5836 5837 5561
f 5837 5563 5561
f 5563 5562 5561
f 5837 5564 5563
f 5837 5836 5564
f 5836 5838 5564
f 5838 5839 5564
f 5564 5566 5565
f 5564 5839 5566
f 5839 5569 5566
f 5569 5567 5566
f 5839 5840 5569
f 5840 5841 5569
f 5841 5842 5569
f 5842 5571 5569
f 5571 5570 5569
f 5842 5843 5571
f 5843 5844 5571
f 5844 5573 5571
f 5573 5572 5571
f 5844 5845 5573
f 5845 5846 5573
f 5846 5847 5573
f 5847 5574 5573
f 5847 5575 5574
f 5847 5848 5575
f 5848 5849 5575
f 5849 5850 5575
f 5850 5576 5575
f 5850 5851 5576
f 5851 5852 5576
f 5852 5577 5576
f 5852 5853 5577
f 5853 5578 5577
f 5853 5579 5578
f 5853 5854 5579
f 5854 5855 5579
f 5855 5856 5579
f 5856 5580 5579
f 5856 5857 5580
f 5857 5858 5580
f 5858 5581 5580
f 5858 5583 5581
f 5583 5582 5581
f 5858 5857 5583
f 5857 5859 5583
f 5859 5860 5583
f 5860 5584 5583
f 5860 5861 5584
f 5861 5585 5584
f 5861 5862 5585
f 5862 5587 5585
f 5587 5586 5585
f 5862 5863 5587
f 5863 5864 5587
f 5864 5865 5587
f 5865 5588 5587
f 5865 5866 5588
f 5866 5589 5588
f 5866 5867 5589
f 5867 5591 5589
f 5591 5590 5589
f 5867 5868 5591
f 5868 5592 5591
f 5868 5869 5592
f 5869 5593 5592
f 5869 5870 5593
f 5870 5594 5593
f 5870 5871 5594
f 5871 5596 5594
f 5596 5872 5594
f 5872 5595 5594
f 5872 5596 5595
f 5871 5873 5596
f 5873 5874 5596
f 5874 5597 5596
f 5874 5875 5597
f 5875 5876 5597
f 5876 5877 5597
f 5877 5599 5597
f 5599 5598 5597
f 5877 5600 5599
f 5877 5878 5600
f 5878 5879 5600
f 5879 5603 5600
f 5603 5601 5600
f 5603 5602 5601
f 5879 5880 5603
f 5880 5881 5603
f 5881 5604 5603
f 5881 5882 5604
f 5882 5883 5604
f 5883 5605 5604
f 5883 5884 5605
f 5884 5606 5605
f 5884 5607 5606
f 5884 5885 5607
f 5885 5886 5607
f 5886 5887 5607
f 5887 5888 5607
f 5888 5608 5607
f 5888 5889 5608
f 5889 5890 5608
f 5890 5609 5608
f 5890 5610 5609
f 5890 5891 5610
f 5891 5611 5610
f 5891 5892 5611
f 5892 5613 5611
f 5613 5612 5611
f 5892 5893 5613
f 5893 5894 5613
f 5894 5895 5613
f 5895 5614 5613
f 5895 5616 5614
f 5616 5615 5614
f 5895 5896 5616
f 5896 5897 5616
f 5897 5617 5616
f 5897 5898 5617
f 5898 5899 5617
f 5899 5900 5617
f 5900 5618 5617
f 5900 5703 5618
f 5703 5619 5618
f 5901 5814 5620
f 5902 5901 5620
f 5621 5902 5620
f 5903 5902 5621
f 5904 5903 5621
f 5622 5904 5621
f 5624 5904 5622
f 5623 5624 5622
f 5905 5904 5624
f 5906 5905 5624
f 5907 5906 5624
f 5626 5907 5624
f 5625 5626 5624
f 5908 5907 5626
f 5909 5908 5626
f 5627 5909 5626
f 5629 5909 5627
f 5628 5629 5627
f 5910 5909 5629
f 5911 5910 5629
f 5912 5911 5629
f 5630 5912 5629
f 5913 5912 5630
f 5631 5913 5630
f 5914 5913 5631
f 5632 5914 5631
f 5915 5914 5632
f 5633 5915 5632
f 5634 5915 5633
f 5916 5915 5634
f 5917 5916 5634
f 5635 5917 5634
f 5918 5917 5635
f 5636 5918 5635
f 5637 5918 5636
f 5919 5918 5637
f 5920 5919 5637
f 5638 5920 5637
f 5921 5920 5638
f 5639 5921 5638
f 5640 5921 5639
f 5922 5921 5640
f 5923 5922 5640
f 5641 5923 5640
f 5642 5923 5641
f 5924 5923 5642
f 5643 5924 5642
f 5925 5924 5643
f 5926 5925 5643
f 5644 5926 5643
f 5645 5926 5644
f 5927 5926 5645
f 5650 5928 5648
f 5649 5650 5648
f 5929 5928 5650
f 5930 5929 5650
f 5651 5930 5650
f 5931 5930 5651
f 5932 5931 5651
f 5652 5932 5651
f 5655 5932 5652
f 5653 5655 5652
f 5654 5655 5653
f 5933 5932 5655
f 5934 5933 5655
f 5657 5934 5655
f 5656 5657 5655
f 5935 5934 5657
f 5658 5935 5657
f 5936 5935 5658
f 5937 5936 5658
f 5660 5937 5658
f 5659 5660 5658
f 5938 5937 5660
f 5939 5938 5660
f 5940 5939 5660
f 5661 5940 5660
f 5662 5940 5661
f 5941 5940 5662
f 5942 5941 5662
f 5663 5942 5662
f 5943 5942 5663
f 5664 5943 5663
f 5944 5943 5664
f 5665 5944 5664
f 5945 5944 5665
f 5666 5945 5665
f 5946 5945 5666
f 5667 5946 5666
f 5947 5946 5667
f 5948 5947 5667
f 5949 5948 5667
f 5668 5949 5667
f 5670 5949 5668
f 5669 5670 5668
f 5950 5949 5670
f 5951 5950 5670
f 5671 5951 5670
f 5952 5951 5671
f 5709 5952 5671
f 5672 5709 5671
f 5675 5953 5673
f 5674 5675 5673
f 5954 5953 5675
f 5955 5954 5675
f 5677 5955 5675
f 5676 5677 5675
f 5956 5955 5677
f 5678 5956 5677
f 5957 5956 5678
f 5679 5957 5678
f 5958 5957 5679
f 5680 5958 5679
f 5959 5958 5680
f 5960 5959 5680
f 5681 5960 5680
f 5961 5960 5681
f 5682 5961 5681
f 5962 5961 5682
f 5683 5962 5682
f 5691 5962 5683
f 5684 5691 5683
f 5685 5691 5684
f 5963 5690 5686
f 5964 5963 5686
f 5965 5964 5686
f 5966 5965 5686
f 5687 5966 5686
f 5688 5966 5687
f 5967 5966 5688
f 5689 5967 5688
f 5702 5968 5689
f 5968 5969 5689
f 5969 5967 5689
f 5970 5692 5690
f 5963 5970 5690
f 5971 5962 5691
f 5692 5971 5691
f 5972 5971 5692
f 5973 5972 5692
f 5970 5973 5692
f 5717 5974 5693
f 5974 5975 5693
f 5975 5694 5693
f 5975 5695 5694
f 5975 5976 5695
f 5976 5977 5695
f 5977 5696 5695
f 5977 5697 5696
f 5977 5978 5697
f 5978 5698 5697
f 5978 5979 5698
f 5979 5699 5698
f 5979 5701 5699
f 5701 5700 5699
f 5979 5980 5701
f 5980 5981 5701
f 5981 5968 5701
f 5968 5702 5701
f 5900 5982 5703
f 5982 5983 5703
f 5983 5708 5703
f 5984 5710 5704
f 5705 5984 5704
f 5706 5985 5705
f 5985 5984 5705
f 5707 5985 5706
f 5708 5986 5707
f 5986 5985 5707
f 5983 5986 5708
f 5987 5952 5709
f 5710 5987 5709
f 5988 5987 5710
f 5984 5988 5710
f 4919 5712 5711
f 5989 5990 5712
f 5990 5713 5712
f 5990 5991 5713
f 5991 5992 5713
f 5992 5714 5713
f 5992 5715 5714
f 5992 5993 5715
f 5993 5716 5715
f 5993 5994 5716
f 5994 5995 5716
f 5995 5974 5716
f 5974 5717 5716
f 5996 5754 5718
f 5720 5996 5718
f 5719 5720 5718
f 5997 5996 5720
f 5998 5997 5720
f 5999 5998 5720
f 5721 5999 5720
f 6000 5999 5721
f 5722 6000 5721
f 6001 6000 5722
f 5723 6001 5722
f 6002 6001 5723
f 5724 6002 5723
f 6003 6002 5724
f 5725 6003 5724
f 6004 6003 5725
f 5726 6004 5725
f 6005 6004 5726
f 5727 6005 5726
f 6006 6005 5727
f 5728 6006 5727
f 6007 6006 5728
f 6008 6007 5728
f 5729 6008 5728
f 5730 6008 5729
f 6009 6008 5730
f 6010 6009 5730
f 5731 6010 5730
f 5732 6010 5731
f 6011 6010 5732
f 6012 6011 5732
f 5733 6012 5732
f 6013 6012 5733
f 6014 6013 5733
f 5734 6014 5733
f 5735 6014 5734
f 6015 6014 5735
f 6016 6015 5735
f 5736 6016 5735
f 5737 6016 5736
f 6017 6016 5737
f 6018 6017 5737
f 5738 6018 5737
f 5739 6018 5738
f 6019 6018 5739
f 5740 6019 5739
f 6020 6019 5740
f 6021 6020 5740
f 5755 6021 5740
f 5744 6022 5741
f 6022 5742 5741
f 6022 6023 5742
f 6023 5743 5742
f 6023 5745 5743
f 5748 6024 5744
f 6024 6025 5744
f 6025 6022 5744
f 6023 6026 5745
f 6026 6027 5745
f 6027 6028 5745
f 6028 5746 5745
f 6028 6029 5746
f 6029 6030 5746
f 6030 5747 5746
f 6030 6031 5747
f 5750 6024 5748
f 5752 6032 5749
f 6032 5750 5749
f 6032 6033 5750
f 6033 6025 5750
f 6025 6024 5750
f 5753 6034 5751
f 6034 5752 5751
f 6034 6035 5752
f 6035 6036 5752
f 6036 6032 5752
f 5754 6037 5753
f 6037 6038 5753
f 6038 6039 5753
f 6039 6040 5753
f 6040 6034 5753
f 5997 6037 5754
f 5996 5997 5754
f 5756 6021 5755
f 6041 6021 5756
f 6042 6041 5756
f 5757 6042 5756
f 6043 6042 5757
f 6044 6043 5757
f 5758 6044 5757
f 6045 6044 5758
f 6046 6045 5758
f 6047 6046 5758
f 5759 6047 5758
f 6048 6047 5759
f 6049 6048 5759
f 5760 6049 5759
f 6050 6049 5760
f 5761 6050 5760
f 5762 6050 5761
f 6051 6050 5762
f 6052 6051 5762
f 5763 6052 5762
f 5764 6052 5763
f 6051 6052 5764
f 6053 6051 5764
f 5766 6053 5764
f 5765 5766 5764
f 6054 6053 5766
f 5767 6054 5766
f 6055 6054 5767
f 6056 6055 5767
f 5768 6056 5767
f 6057 6056 5768
f 6058 6057 5768
f 6059 6058 5768
f 5769 6059 5768
f 6060 6059 5769
f 5770 6060 5769
f 6061 6060 5770
f 6062 6061 5770
f 5771 6062 5770
f 6063 6062 5771
f 5772 6063 5771
f 6064 6063 5772
f 6065 6064 5772
f 5774 6065 5772
f 5773 5774 5772
f 5775 6065 5774
f 6064 6065 5775
f 6066 6064 5775
f 6067 6066 5775
f 6068 6067 5775
f 5776 6068 5775
f 6069 6068 5776
f 5777 6069 5776
f 6070 6069 5777
f 6071 6070 5777
f 5778 6071 5777
f 5792 6071 5778
f 5779 5792 5778
f 5747 6031 5780
f 6031 5781 5780
f 6031 6072 5781
f 6072 6073 5781
f 6073 6074 5781
f 6074 5782 5781
f 6074 6075 5782
f 6075 5783 5782
f 6075 5785 5783
f 5785 5784 5783
f 6075 6076 5785
f 6076 6077 5785
f 6077 6078 5785
f 6078 5786 5785
f 6078 5788 5786
f 5788 5787 5786
f 6078 6079 5788
f 6079 6080 5788
f 6080 6081 5788
f 6081 5790 5788
f 5790 5789 5788
f 6081 5815 5790
f 5815 5791 5790
f 6082 6071 5792
f 5793 6082 5792
f 6083 6082 5793
f 6084 6083 5793
f 5794 6084 5793
f 6085 6084 5794
f 5795 6085 5794
f 6086 6085 5795
f 6087 6086 5795
f 5797 6087 5795
f 5524 5797 5795
f 5796 5524 5795
f 5254 5524 5796
f 5525 5254 5796
f 6088 6087 5797
f 5798 6088 5797
f 6089 6088 5798
f 5799 6089 5798
f 6090 6089 5799
f 5800 6090 5799
f 6091 6090 5800
f 5802 6091 5800
f 5801 5802 5800
f 6092 6091 5802
f 6093 6092 5802
f 5804 6093 5802
f 5803 5804 5802
f 6094 6093 5804
f 6095 6094 5804
f 5806 6095 5804
f 5805 5806 5804
f 6096 6095 5806
f 6097 6096 5806
f 5807 6097 5806
f 6098 6097 5807
f 5809 6098 5807
f 5808 5809 5807
f 6099 6098 5809
f 6100 6099 5809
f 5810 6100 5809
f 6101 6100 5810
f 5812 6101 5810
f 5811 5812 5810
f 6102 6101 5812
f 6103 6102 5812
f 5813 6103 5812
f 6104 6103 5813
f 5901 6104 5813
f 5814 5901 5813
f 6081 6105 5815
f 6105 5816 5815
f 6105 6106 5816
f 6106 6107 5816
f 6107 6108 5816
f 6108 6109 5816
f 6109 5817 5816
f 6109 5818 5817
f 6109 6110 5818
f 6110 6111 5818
f 6111 5819 5818
f 6111 6112 5819
f 6112 6113 5819
f 6113 5820 5819
f 6113 6114 5820
f 6114 6115 5820
f 6115 5822 5820
f 5822 5821 5820
f 6115 6116 5822
f 6116 6117 5822
f 6117 6118 5822
f 6118 6119 5822
f 6119 5823 5822
f 6119 6120 5823
f 6120 5824 5823
f 6120 6121 5824
f 6121 6122 5824
f 6122 5825 5824
f 6122 5826 5825
f 6122 5827 5826
f 6122 6123 5827
f 6123 6124 5827
f 6124 6125 5827
f 6125 5828 5827
f 6125 5829 5828
f 6125 6126 5829
f 6126 6127 5829
f 6127 6128 5829
f 6128 5830 5829
f 6128 6129 5830
f 6129 5831 5830
f 6129 5832 5831
f 6129 6130 5832
f 6130 5833 5832
f 6130 6131 5833
f 6131 6132 5833
f 6132 5835 5833
f 5835 5834 5833
f 6132 6133 5835
f 6133 6134 5835
f 6134 5836 5835
f 6134 6135 5836
f 6135 5840 5836
f 5840 5838 5836
f 5840 5839 5838
f 6135 6136 5840
f 6136 6137 5840
f 6137 5841 5840
f 6137 6138 5841
f 6138 6139 5841
f 6139 5843 5841
f 5843 5842 5841
f 6139 6140 5843
f 6140 6141 5843
f 6141 5844 5843
f 6141 5845 5844
f 6141 6142 5845
f 6142 6143 5845
f 6143 5846 5845
f 6143 5848 5846
f 5848 5847 5846
f 6143 6144 5848
f 6144 6145 5848
f 6145 6146 5848
f 6146 5849 5848
f 6146 6147 5849
f 6147 5851 5849
f 5851 5850 5849
f 6147 6148 5851
f 6148 6149 5851
f 6149 5854 5851
f 5854 5853 5851
f 5853 5852 5851
f 6149 6150 5854
f 6150 5855 5854
f 6150 6151 5855
f 6151 6152 5855
f 6152 5856 5855
f 6152 5857 5856
f 6152 6153 5857
f 6153 5860 5857
f 5860 5859 5857
f 6153 6154 5860
f 6154 6155 5860
f 6155 5861 5860
f 6155 6156 5861
f 6156 5863 5861
f 5863 5862 5861
f 6156 6157 5863
f 6157 6158 5863
f 6158 6159 5863
f 6159 5864 5863
f 6159 6160 5864
f 6160 5865 5864
f 6160 6161 5865
f 6161 5866 5865
f 6161 5867 5866
f 6161 5868 5867
f 6161 6162 5868
f 6162 6163 5868
f 6163 6164 5868
f 6164 5869 5868
f 6164 6163 5869
f 6163 6165 5869
f 6165 6166 5869
f 6166 6167 5869
f 6167 5870 5869
f 6167 5871 5870
f 6167 6166 5871
f 6166 6168 5871
f 6168 6169 5871
f 6169 5873 5871
f 6169 6170 5873
f 6170 5874 5873
f 6170 6171 5874
f 6171 5875 5874
f 6171 6172 5875
f 6172 5878 5875
f 5878 5877 5875
f 5877 5876 5875
f 6172 6173 5878
f 6173 6174 5878
f 6174 6175 5878
f 6175 5880 5878
f 5880 5879 5878
f 6175 6176 5880
f 6176 5881 5880
f 6176 6177 5881
f 6177 5882 5881
f 6177 6178 5882
f 6178 5883 5882
f 6178 6179 5883
f 6179 5884 5883
f 6179 5885 5884
f 6179 6178 5885
f 6178 6180 5885
f 6180 6181 5885
f 6181 6182 5885
f 6182 5886 5885
f 6183 5889 5887
f 5889 5888 5887
f 6183 6184 5889
f 6184 5890 5889
f 6184 6185 5890
f 6185 6186 5890
f 6186 5891 5890
f 6186 6187 5891
f 6187 5892 5891
f 6187 5893 5892
f 6187 6188 5893
f 6188 6189 5893
f 6189 6190 5893
f 6190 5894 5893
f 6190 5896 5894
f 5896 5895 5894
f 6190 6191 5896
f 6191 5898 5896
f 5898 5897 5896
f 6191 6192 5898
f 6192 6193 5898
f 6193 5982 5898
f 5982 5899 5898
f 5982 5900 5899
f 6194 6104 5901
f 6195 6194 5901
f 5902 6195 5901
f 6196 6195 5902
f 5903 6196 5902
f 6197 6196 5903
f 5905 6197 5903
f 5904 5905 5903
f 6198 6197 5905
f 6199 6198 5905
f 6200 6199 5905
f 5907 6200 5905
f 5906 5907 5905
f 6201 6200 5907
f 6202 6201 5907
f 5908 6202 5907
f 5910 6202 5908
f 5909 5910 5908
f 6203 6202 5910
f 6204 6203 5910
f 6205 6204 5910
f 5911 6205 5910
f 6206 6205 5911
f 5912 6206 5911
f 6207 6206 5912
f 5913 6207 5912
f 6208 6207 5913
f 5914 6208 5913
f 5915 6208 5914
f 6209 6208 5915
f 5916 6209 5915
f 6210 6209 5916
f 6211 6210 5916
f 5917 6211 5916
f 5918 6211 5917
f 6212 6211 5918
f 5919 6212 5918
f 6213 6212 5919
f 6214 6213 5919
f 5920 6214 5919
f 5921 6214 5920
f 6215 6214 5921
f 6216 6215 5921
f 5922 6216 5921
f 5923 6216 5922
f 6217 6216 5923
f 5924 6217 5923
f 6218 6217 5924
f 6219 6218 5924
f 5925 6219 5924
f 5926 6219 5925
f 6220 6219 5926
f 6221 6220 5926
f 5927 6221 5926
f 5930 6223 5928
f 5929 5930 5928
f 6224 6223 5930
f 5931 6224 5930
f 5933 6224 5931
f 5932 5933 5931
f 6225 6224 5933
f 6226 6225 5933
f 5935 6226 5933
f 5934 5935 5933
f 6227 6226 5935
f 5936 6227 5935
f 6228 6227 5936
f 6229 6228 5936
f 5938 6229 5936
f 5937 5938 5936
f 6230 6229 5938
f 6231 6230 5938
f 6232 6231 5938
f 5939 6232 5938
f 6233 6232 5939
f 5940 6233 5939
f 5941 6233 5940
f 6234 6233 5941
f 5942 6234 5941
f 6235 6234 5942
f 6236 6235 5942
f 5943 6236 5942
f 6237 6236 5943
f 5944 6237 5943
f 6238 6237 5944
f 5945 6238 5944
f 6239 6238 5945
f 5946 6239 5945
f 6240 6239 5946
f 5947 6240 5946
f 6241 6240 5947
f 6242 6241 5947
f 6243 6242 5947
f 6244 6243 5947
f 5949 6244 5947
f 5948 5949 5947
f 5950 6244 5949
f 6243 6244 5950
f 5951 6243 5950
f 6245 6243 5951
f 6246 6245 5951
f 5987 6246 5951
f 5952 5987 5951
f 6249 6248 5953
f 5954 6249 5953
f 6250 6249 5954
f 6251 6250 5954
f 5956 6251 5954
f 5955 5956 5954
f 6252 6251 5956
f 6253 6252 5956
f 5957 6253 5956
f 6254 6253 5957
f 5958 6254 5957
f 6255 6254 5958
f 5959 6255 5958
f 6256 6255 5959
f 5960 6256 5959
f 6257 6256 5960
f 5961 6257 5960
f 5971 6257 5961
f 5962 5971 5961
f 6258 5970 5963
f 6259 6258 5963
f 6260 6259 5963
f 6261 6260 5963
f 5964 6261 5963
f 6262 6261 5964
f 5965 6262 5964
f 6263 6262 5965
f 5966 6263 5965
f 5969 6263 5966
f 5967 5969 5966
f 5981 6264 5968
f 6264 5969 5968
f 6264 6265 5969
f 6265 6266 5969
f 6266 6263 5969
f 6258 5973 5970
f 6267 6257 5971
f 6268 6267 5971
f 5972 6268 5971
f 5973 6268 5972
f 6269 6268 5973
f 6270 6269 5973
f 6271 6270 5973
f 6258 6271 5973
f 5995 6272 5974
f 6272 5975 5974
f 6272 6273 5975
f 6273 5976 5975
f 6273 5977 5976
f 6273 6274 5977
f 6274 5978 5977
f 6274 5980 5978
f 5980 5979 5978
f 6274 6275 5980
f 6275 6276 5980
f 6276 6277 5980
f 6277 5981 5980
f 6277 6278 5981
f 6278 6264 5981
f 6193 6279 5982
f 6279 5986 5982
f 5986 5983 5982
f 5985 6280 5984
f 6280 6281 5984
f 6281 5988 5984
f 5986 6282 5985
f 6282 6283 5985
f 6283 6280 5985
f 6279 6284 5986
f 6284 6285 5986
f 6285 6282 5986
f 5988 6286 5987
f 6286 6245 5987
f 6245 6246 5987
f 6281 6287 5988
f 6287 6286 5988
f 6288 6290 5989
f 6290 5991 5989
f 5991 5990 5989
f 6290 6291 5991
f 6291 6292 5991
f 6292 5992 5991
f 6292 6293 5992
f 6293 5993 5992
f 6293 6294 5993
f 6294 5994 5993
f 6294 6295 5994
f 6272 5995 5994
f 6296 6037 5997
f 6297 6296 5997
f 6298 6297 5997
f 6299 6298 5997
f 6300 6299 5997
f 5998 6300 5997
f 5999 6300 5998
f 6301 6300 5999
f 6000 6301 5999
f 6302 6301 6000
f 6001 6302 6000
f 6303 6302 6001
f 6002 6303 6001
f 6304 6303 6002
f 6003 6304 6002
f 6305 6304 6003
f 6004 6305 6003
f 6306 6305 6004
f 6005 6306 6004
f 6307 6306 6005
f 6308 6307 6005
f 6006 6308 6005
f 6007 6308 6006
f 6309 6308 6007
f 6008 6309 6007
f 6310 6309 6008
f 6311 6310 6008
f 6009 6311 6008
f 6010 6311 6009
f 6312 6311 6010
f 6313 6312 6010
f 6011 6313 6010
f 6012 6313 6011
f 6013 6313 6012
f 6314 6313 6013
f 6014 6314 6013
f 6315 6314 6014
f 6316 6315 6014
f 6015 6316 6014
f 6016 6316 6015
f 6317 6316 6016
f 6318 6317 6016
f 6017 6318 6016
f 6018 6318 6017
f 6319 6318 6018
f 6320 6319 6018
f 6019 6320 6018
f 6020 6320 6019
f 6321 6320 6020
f 6021 6321 6020
f 6322 6321 6021
f 6041 6322 6021
f 6025 6023 6022
f 6025 6323 6023
f 6323 6324 6023
f 6324 6026 6023
f 6033 6325 6025
f 6325 6326 6025
f 6326 6323 6025
f 6324 6027 6026
f 6324 6327 6027
f 6327 6028 6027
f 6327 6328 6028
f 6328 6329 6028
f 6329 6330 6028
f 6330 6331 6028
f 6331 6029 6028
f 6331 6332 6029
f 6332 6030 6029
f 6332 6072 6030
f 6072 6031 6030
f 6036 6333 6032
f 6333 6033 6032
f 6333 6334 6033
f 6334 6325 6033
f 6040 6035 6034
f 6040 6335 6035
f 6335 6336 6035
f 6336 6036 6035
f 6336 6337 6036
f 6337 6334 6036
f 6334 6333 6036
f 6296 6038 6037
f 6296 6297 6038
f 6297 6338 6038
f 6338 6339 6038
f 6339 6340 6038
f 6340 6040 6038
f 6040 6039 6038
f 6340 6341 6040
f 6341 6342 6040
f 6342 6343 6040
f 6343 6335 6040
f 6344 6322 6041
f 6042 6344 6041
f 6345 6344 6042
f 6043 6345 6042
f 6044 6345 6043
f 6346 6345 6044
f 6045 6346 6044
f 6347 6346 6045
f 6348 6347 6045
f 6349 6348 6045
f 6046 6349 6045
f 6350 6349 6046
f 6047 6350 6046
f 6351 6350 6047
f 6352 6351 6047
f 6048 6352 6047
f 6353 6352 6048
f 6049 6353 6048
f 6050 6353 6049
f 6354 6353 6050
f 6051 6354 6050
f 6054 6354 6051
f 6053 6054 6051
f 6355 6354 6054
f 6356 6355 6054
f 6055 6356 6054
f 6357 6356 6055
f 6056 6357 6055
f 6358 6357 6056
f 6057 6358 6056
f 6359 6358 6057
f 6360 6359 6057
f 6361 6360 6057
f 6362 6361 6057
f 6058 6362 6057
f 6363 6362 6058
f 6059 6363 6058
f 6364 6363 6059
f 6060 6364 6059
f 6365 6364 6060
f 6061 6365 6060
f 6366 6365 6061
f 6367 6366 6061
f 6063 6367 6061
f 6062 6063 6061
f 6066 6367 6063
f 6064 6066 6063
f 6368 6367 6066
f 6369 6368 6066
f 6068 6369 6066
f 6067 6068 6066
f 6370 6369 6068
f 6371 6370 6068
f 6069 6371 6068
f 6372 6371 6069
f 6070 6372 6069
f 6082 6372 6070
f 6071 6082 6070
f 6332 6373 6072
f 6373 6374 6072
f 6374 6375 6072
f 6375 6376 6072
f 6376 6073 6072
f 6376 6076 6073
f 6076 6075 6073
f 6075 6074 6073
f 6376 6377 6076
f 6377 6378 6076
f 6378 6379 6076
f 6379 6077 6076
f 6379 6079 6077
f 6079 6078 6077
f 6379 6380 6079
f 6380 6381 6079
f 6381 6382 6079
f 6382 6106 6079
f 6106 6080 6079
f 6106 6105 6080
f 6105 6081 6080
f 6383 6372 6082
f 6384 6383 6082
f 6385 6384 6082
f 6083 6385 6082
f 6386 6385 6083
f 6387 6386 6083
f 6084 6387 6083
f 6388 6387 6084
f 6085 6388 6084
f 6389 6388 6085
f 6086 6389 6085
f 6088 6389 6086
f 6087 6088 6086
f 6390 6389 6088
f 6089 6390 6088
f 6391 6390 6089
f 6090 6391 6089
f 6392 6391 6090
f 6092 6392 6090
f 6091 6092 6090
f 6393 6392 6092
f 6394 6393 6092
f 6094 6394 6092
f 6093 6094 6092
f 6395 6394 6094
f 6396 6395 6094
f 6096 6396 6094
f 6095 6096 6094
f 6397 6396 6096
f 6398 6397 6096
f 6097 6398 6096
f 6399 6398 6097
f 6099 6399 6097
f 6098 6099 6097
f 6400 6399 6099
f 6401 6400 6099
f 6100 6401 6099
f 6402 6401 6100
f 6102 6402 6100
f 6101 6102 6100
f 6403 6402 6102
f 6404 6403 6102
f 6103 6404 6102
f 6405 6404 6103
f 6194 6405 6103
f 6104 6194 6103
f 6382 6406 6106
f 6406 6107 6106
f 6406 6407 6107
f 6407 6110 6107
f 6110 6109 6107
f 6109 6108 6107
f 6407 6408 6110
f 6408 6111 6110
f 6408 6112 6111
f 6408 6409 6112
f 6409 6410 6112
f 6410 6411 6112
f 6411 6114 6112
f 6114 6113 6112
f 6411 6412 6114
f 6412 6413 6114
f 6413 6115 6114
f 6413 6412 6115
f 6412 6414 6115
f 6414 6116 6115
f 6414 6415 6116
f 6415 6117 6116
f 6415 6416 6117
f 6416 6417 6117
f 6417 6118 6117
f 6417 6418 6118
f 6418 6419 6118
f 6419 6120 6118
f 6120 6119 6118
f 6419 6418 6120
f 6418 6420 6120
f 6420 6421 6120
f 6421 6121 6120
f 6421 6123 6121
f 6123 6122 6121
f 6421 6422 6123
f 6422 6124 6123
f 6422 6125 6124
f 6422 6423 6125
f 6423 6126 6125
f 6423 6424 6126
f 6424 6425 6126
f 6425 6128 6126
f 6128 6127 6126
f 6425 6426 6128
f 6426 6427 6128
f 6427 6428 6128
f 6428 6130 6128
f 6130 6129 6128
f 6428 6429 6130
f 6429 6131 6130
f 6429 6430 6131
f 6430 6132 6131
f 6430 6431 6132
f 6431 6133 6132
f 6431 6432 6133
f 6432 6134 6133
f 6432 6136 6134
f 6136 6135 6134
f 6432 6433 6136
f 6433 6434 6136
f 6434 6435 6136
f 6435 6138 6136
f 6138 6137 6136
f 6435 6139 6138
f 6435 6436 6139
f 6436 6437 6139
f 6437 6140 6139
f 6437 6436 6140
f 6436 6438 6140
f 6438 6439 6140
f 6439 6440 6140
f 6440 6142 6140
f 6142 6141 6140
f 6440 6144 6142
f 6144 6143 6142
f 6440 6441 6144
f 6441 6442 6144
f 6442 6145 6144
f 6442 6443 6145
f 6443 6146 6145
f 6443 6444 6146
f 6444 6147 6146
f 6444 6445 6147
f 6445 6148 6147
f 6445 6446 6148
f 6446 6149 6148
f 6446 6447 6149
f 6447 6150 6149
f 6447 6448 6150
f 6448 6151 6150
f 6448 6449 6151
f 6449 6450 6151
f 6450 6153 6151
f 6153 6152 6151
f 6450 6451 6153
f 6451 6154 6153
f 6451 6452 6154
f 6452 6453 6154
f 6453 6454 6154
f 6454 6455 6154
f 6455 6155 6154
f 6455 6456 6155
f 6456 6156 6155
f 6456 6457 6156
f 6457 6157 6156
f 6457 6458 6157
f 6458 6158 6157
f 6458 6459 6158
f 6459 6460 6158
f 6460 6159 6158
f 6460 6461 6159
f 6461 6462 6159
f 6462 6160 6159
f 6462 6463 6160
f 6463 6162 6160
f 6162 6161 6160
f 6463 6464 6162
f 6464 6163 6162
f 6464 6465 6163
f 6465 6165 6163
f 6465 6466 6165
f 6466 6168 6165
f 6168 6166 6165
f 6466 6467 6168
f 6467 6169 6168
f 6467 6468 6169
f 6468 6469 6169
f 6469 6170 6169
f 6469 6470 6170
f 6470 6471 6170
f 6471 6472 6170
f 6472 6171 6170
f 6472 6473 6171
f 6473 6173 6171
f 6173 6172 6171
f 6473 6474 6173
f 6474 6475 6173
f 6475 6476 6173
f 6476 6174 6173
f 6476 6176 6174
f 6176 6175 6174
f 6476 6475 6176
f 6475 6477 6176
f 6477 6177 6176
f 6477 6478 6177
f 6478 6479 6177
f 6479 6180 6177
f 6180 6178 6177
f 6479 6480 6180
f 6480 6181 6180
f 6480 6481 6181
f 6481 6182 6181
f 6482 6483 6184
f 6483 6185 6184
f 6483 6484 6185
f 6484 6485 6185
f 6485 6186 6185
f 6485 6187 6186
f 6485 6486 6187
f 6486 6188 6187
f 6486 6487 6188
f 6487 6488 6188
f 6488 6489 6188
f 6489 6189 6188
f 6489 6191 6189
f 6191 6190 6189
f 6489 6490 6191
f 6490 6491 6191
f 6491 6192 6191
f 6491 6492 6192
f 6492 6279 6192
f 6279 6193 6192
f 6493 6405 6194
f 6494 6493 6194
f 6195 6494 6194
f 6495 6494 6195
f 6196 6495 6195
f 6496 6495 6196
f 6198 6496 6196
f 6197 6198 6196
f 6497 6496 6198
f 6498 6497 6198
f 6199 6498 6198
f 6499 6498 6199
f 6200 6499 6199
f 6500 6499 6200
f 6501 6500 6200
f 6201 6501 6200
f 6502 6501 6201
f 6203 6502 6201
f 6202 6203 6201
f 6503 6502 6203
f 6504 6503 6203
f 6204 6504 6203
f 6505 6504 6204
f 6205 6505 6204
f 6506 6505 6205
f 6206 6506 6205
f 6507 6506 6206
f 6207 6507 6206
f 6209 6507 6207
f 6208 6209 6207
f 6508 6507 6209
f 6509 6508 6209
f 6510 6509 6209
f 6210 6510 6209
f 6212 6510 6210
f 6211 6212 6210
f 6511 6510 6212
f 6512 6511 6212
f 6513 6512 6212
f 6213 6513 6212
f 6214 6513 6213
f 6514 6513 6214
f 6515 6514 6214
f 6215 6515 6214
f 6217 6515 6215
f 6216 6217 6215
f 6516 6515 6217
f 6517 6516 6217
f 6518 6517 6217
f 6218 6518 6217
f 6219 6518 6218
f 6519 6518 6219
f 6520 6519 6219
f 6220 6520 6219
f 6221 6520 6220
f 6521 6520 6221
f 6222 6521 6221
f 6522 6521 6222
f 6523 6522 6222
f 6526 6223 6224
f 6225 6526 6224
f 6527 6526 6225
f 6227 6527 6225
f 6226 6227 6225
f 6528 6527 6227
f 6529 6528 6227
f 6228 6529 6227
f 6230 6529 6228
f 6229 6230 6228
f 6530 6529 6230
f 6531 6530 6230
f 6532 6531 6230
f 6231 6532 6230
f 6533 6532 6231
f 6232 6533 6231
f 6534 6533 6232
f 6535 6534 6232
f 6233 6535 6232
f 6536 6535 6233
f 6234 6536 6233
f 6537 6536 6234
f 6538 6537 6234
f 6235 6538 6234
f 6236 6538 6235
f 6539 6538 6236
f 6237 6539 6236
f 6540 6539 6237
f 6541 6540 6237
f 6238 6541 6237
f 6542 6541 6238
f 6239 6542 6238
f 6240 6542 6239
f 6543 6542 6240
f 6544 6543 6240
f 6241 6544 6240
f 6545 6544 6241
f 6546 6545 6241
f 6242 6546 6241
f 6245 6546 6242
f 6243 6245 6242
f 6286 6287 6245
f 6287 6547 6245
f 6547 6546 6245
f 6548 6247 6248
f 6250 6548 6248
f 6249 6250 6248
f 6549 6548 6250
f 6550 6549 6250
f 6252 6550 6250
f 6251 6252 6250
f 6551 6550 6252
f 6253 6551 6252
f 6552 6551 6253
f 6254 6552 6253
f 6553 6552 6254
f 6554 6553 6254
f 6255 6554 6254
f 6267 6554 6255
f 6256 6267 6255
f 6257 6267 6256
f 6555 6271 6258
f 6259 6555 6258
f 6556 6555 6259
f 6557 6556 6259
f 6260 6557 6259
f 6266 6557 6260
f 6261 6266 6260
f 6262 6266 6261
f 6263 6266 6262
f 6278 6558 6264
f 6558 6559 6264
f 6559 6265 6264
f 6559 6560 6265
f 6560 6266 6265
f 6560 6561 6266
f 6561 6562 6266
f 6562 6557 6266
f 6563 6554 6267
f 6269 6563 6267
f 6268 6269 6267
f 6564 6563 6269
f 6565 6564 6269
f 6566 6565 6269
f 6567 6566 6269
f 6270 6567 6269
f 6568 6567 6270
f 6271 6568 6270
f 6569 6568 6271
f 6555 6569 6271
f 6570 6273 6272
f 6570 6275 6273
f 6275 6274 6273
f 6570 6571 6275
f 6571 6572 6275
f 6572 6573 6275
f 6573 6276 6275
f 6573 6278 6276
f 6278 6277 6276
f 6573 6574 6278
f 6574 6575 6278
f 6575 6576 6278
f 6576 6558 6278
f 6492 6577 6279
f 6577 6578 6279
f 6578 6284 6279
f 6283 6579 6280
f 6579 6281 6280
f 6579 6580 6281
f 6580 6287 6281
f 6285 6283 6282
f 6285 6581 6283
f 6581 6582 6283
f 6582 6579 6283
f 6578 6285 6284
f 6578 6583 6285
f 6583 6584 6285
f 6584 6581 6285
f 6580 6585 6287
f 6585 6547 6287
f 6289 6586 6288
f 6586 6290 6288
f 6586 6587 6290
f 6587 6291 6290
f 6587 6588 6291
f 6588 6292 6291
f 6588 6589 6292
f 6589 6293 6292
f 6589 6590 6293
f 6590 6294 6293
f 6590 6591 6294
f 6591 6295 6294
f 6591 6571 6295
f 6571 6570 6295
f 6592 6338 6297
f 6593 6592 6297
f 6594 6593 6297
f 6298 6594 6297
f 6595 6594 6298
f 6299 6595 6298
f 6596 6595 6299
f 6300 6596 6299
f 6597 6596 6300
f 6301 6597 6300
f 6598 6597 6301
f 6302 6598 6301
f 6599 6598 6302
f 6303 6599 6302
f 6600 6599 6303
f 6304 6600 6303
f 6601 6600 6304
f 6305 6601 6304
f 6602 6601 6305
f 6306 6602 6305
f 6603 6602 6306
f 6604 6603 6306
f 6307 6604 6306
f 6308 6604 6307
f 6605 6604 6308
f 6309 6605 6308
f 6606 6605 6309
f 6310 6606 6309
f 6607 6606 6310
f 6311 6607 6310
f 6608 6607 6311
f 6312 6608 6311
f 6609 6608 6312
f 6313 6609 6312
f 6610 6609 6313
f 6314 6610 6313
f 6611 6610 6314
f 6315 6611 6314
f 6316 6611 6315
f 6612 6611 6316
f 6613 6612 6316
f 6614 6613 6316
f 6317 6614 6316
f 6615 6614 6317
f 6318 6615 6317
f 6616 6615 6318
f 6319 6616 6318
f 6617 6616 6319
f 6320 6617 6319
f 6618 6617 6320
f 6321 6618 6320
f 6619 6618 6321
f 6322 6619 6321
f 6344 6619 6322
f 6326 6324 6323
f 6326 6620 6324
f 6620 6621 6324
f 6621 6327 6324
f 6334 6326 6325
f 6334 6622 6326
f 6622 6620 6326
f 6621 6328 6327
f 6621 6329 6328
f 6621 6623 6329
f 6623 6624 6329
f 6624 6625 6329
f 6625 6331 6329
f 6331 6330 6329
f 6625 6626 6331
f 6626 6374 6331
f 6374 6373 6331
f 6373 6332 6331
f 6337 6627 6334
f 6627 6628 6334
f 6628 6622 6334
f 6343 6336 6335
f 6343 6629 6336
f 6629 6630 6336
f 6630 6627 6336
f 6627 6337 6336
f 6592 6631 6338
f 6631 6632 6338
f 6632 6633 6338
f 6633 6634 6338
f 6634 6339 6338
f 6634 6341 6339
f 6341 6340 6339
f 6634 6635 6341
f 6635 6636 6341
f 6636 6342 6341
f 6636 6343 6342
f 6636 6629 6343
f 6637 6619 6344
f 6345 6637 6344
f 6638 6637 6345
f 6346 6638 6345
f 6639 6638 6346
f 6640 6639 6346
f 6347 6640 6346
f 6641 6640 6347
f 6642 6641 6347
f 6348 6642 6347
f 6643 6642 6348
f 6644 6643 6348
f 6349 6644 6348
f 6350 6644 6349
f 6643 6644 6350
f 6645 6643 6350
f 6646 6645 6350
f 6351 6646 6350
f 6647 6646 6351
f 6352 6647 6351
f 6648 6647 6352
f 6353 6648 6352
f 6356 6648 6353
f 6355 6356 6353
f 6354 6355 6353
f 6649 6648 6356
f 6357 6649 6356
f 6650 6649 6357
f 6358 6650 6357
f 6651 6650 6358
f 6359 6651 6358
f 6652 6651 6359
f 6653 6652 6359
f 6360 6653 6359
f 6654 6653 6360
f 6361 6654 6360
f 6655 6654 6361
f 6363 6655 6361
f 6362 6363 6361
f 6656 6655 6363
f 6364 6656 6363
f 6657 6656 6364
f 6365 6657 6364
f 6658 6657 6365
f 6659 6658 6365
f 6366 6659 6365
f 6368 6659 6366
f 6367 6368 6366
f 6660 6659 6368
f 6370 6660 6368
f 6369 6370 6368
f 6661 6660 6370
f 6662 6661 6370
f 6371 6662 6370
f 6383 6662 6371
f 6372 6383 6371
f 6626 6663 6374
f 6663 6664 6374
f 6664 6665 6374
f 6665 6666 6374
f 6666 6375 6374
f 6666 6376 6375
f 6666 6667 6376
f 6667 6378 6376
f 6378 6377 6376
f 6667 6668 6378
f 6668 6669 6378
f 6669 6380 6378
f 6380 6379 6378
f 6669 6670 6380
f 6670 6671 6380
f 6671 6672 6380
f 6672 6381 6380
f 6672 6406 6381
f 6406 6382 6381
f 6673 6662 6383
f 6674 6673 6383
f 6675 6674 6383
f 6385 6675 6383
f 6384 6385 6383
f 6676 6675 6385
f 6677 6676 6385
f 6678 6677 6385
f 6386 6678 6385
f 6679 6678 6386
f 6387 6679 6386
f 6680 6679 6387
f 6388 6680 6387
f 6390 6680 6388
f 6389 6390 6388
f 6681 6680 6390
f 6682 6681 6390
f 6391 6682 6390
f 6683 6682 6391
f 6393 6683 6391
f 6392 6393 6391
f 6684 6683 6393
f 6685 6684 6393
f 6395 6685 6393
f 6394 6395 6393
f 6686 6685 6395
f 6687 6686 6395
f 6397 6687 6395
f 6396 6397 6395
f 6688 6687 6397
f 6689 6688 6397
f 6398 6689 6397
f 6690 6689 6398
f 6400 6690 6398
f 6399 6400 6398
f 6691 6690 6400
f 6692 6691 6400
f 6401 6692 6400
f 6693 6692 6401
f 6403 6693 6401
f 6402 6403 6401
f 6694 6693 6403
f 6695 6694 6403
f 6404 6695 6403
f 6696 6695 6404
f 6493 6696 6404
f 6405 6493 6404
f 6672 6697 6406
f 6697 6698 6406
f 6698 6408 6406
f 6408 6407 6406
f 6698 6699 6408
f 6699 6700 6408
f 6700 6409 6408
f 6700 6701 6409
f 6701 6410 6409
f 6701 6702 6410
f 6702 6703 6410
f 6703 6412 6410
f 6412 6411 6410
f 6703 6702 6412
f 6702 6414 6412
f 6702 6704 6414
f 6704 6705 6414
f 6705 6706 6414
f 6706 6415 6414
f 6706 6416 6415
f 6706 6707 6416
f 6707 6708 6416
f 6708 6709 6416
f 6709 6710 6416
f 6710 6711 6416
f 6711 6417 6416
f 6711 6418 6417
f 6711 6710 6418
f 6710 6712 6418
f 6712 6420 6418
f 6712 6713 6420
f 6713 6421 6420
f 6713 6714 6421
f 6714 6422 6421
f 6714 6424 6422
f 6424 6423 6422
f 6714 6715 6424
f 6715 6716 6424
f 6716 6426 6424
f 6426 6425 6424
f 6716 6717 6426
f 6717 6718 6426
f 6718 6427 6426
f 6718 6719 6427
f 6719 6428 6427
f 6719 6720 6428
f 6720 6429 6428
f 6720 6721 6429
f 6721 6430 6429
f 6721 6722 6430
f 6722 6431 6430
f 6722 6433 6431
f 6433 6432 6431
f 6722 6723 6433
f 6723 6724 6433
f 6724 6725 6433
f 6725 6726 6433
f 6726 6434 6433
f 6726 6727 6434
f 6727 6435 6434
f 6727 6438 6435
f 6438 6436 6435
f 6727 6728 6438
f 6728 6729 6438
f 6729 6730 6438
f 6730 6439 6438
f 6730 6731 6439
f 6731 6440 6439
f 6731 6732 6440
f 6732 6441 6440
f 6732 6733 6441
f 6733 6442 6441
f 6733 6734 6442
f 6734 6443 6442
f 6734 6735 6443
f 6735 6444 6443
f 6735 6736 6444
f 6736 6445 6444
f 6736 6737 6445
f 6737 6446 6445
f 6737 6738 6446
f 6738 6447 6446
f 6738 6739 6447
f 6739 6448 6447
f 6739 6740 6448
f 6740 6449 6448
f 6740 6741 6449
f 6741 6452 6449
f 6452 6451 6449
f 6451 6450 6449
f 6741 6742 6452
f 6742 6453 6452
f 6742 6743 6453
f 6743 6744 6453
f 6744 6454 6453
f 6744 6456 6454
f 6456 6455 6454
f 6744 6745 6456
f 6745 6457 6456
f 6745 6746 6457
f 6746 6459 6457
f 6459 6458 6457
f 6746 6747 6459
f 6747 6748 6459
f 6748 6461 6459
f 6461 6460 6459
f 6748 6749 6461
f 6749 6463 6461
f 6463 6462 6461
f 6749 6464 6463
f 6749 6750 6464
f 6750 6751 6464
f 6751 6752 6464
f 6752 6753 6464
f 6753 6465 6464
f 6753 6466 6465
f 6753 6754 6466
f 6754 6467 6466
f 6754 6755 6467
f 6755 6468 6467
f 6755 6756 6468
f 6756 6471 6468
f 6471 6470 6468
f 6470 6469 6468
f 6756 6757 6471
f 6757 6758 6471
f 6758 6759 6471
f 6759 6473 6471
f 6473 6472 6471
f 6759 6760 6473
f 6760 6761 6473
f 6761 6762 6473
f 6762 6763 6473
f 6763 6474 6473
f 6763 6475 6474
f 6763 6764 6475
f 6764 6477 6475
f 6764 6765 6477
f 6765 6479 6477
f 6479 6478 6477
f 6765 6766 6479
f 6766 6767 6479
f 6767 6768 6479
f 6768 6480 6479
f 6768 6767 6480
f 6767 6481 6480
f 6767 6769 6481
f 6771 6484 6483
f 6771 6772 6484
f 6772 6485 6484
f 6772 6773 6485
f 6773 6774 6485
f 6774 6486 6485
f 6774 6487 6486
f 6774 6775 6487
f 6775 6776 6487
f 6776 6777 6487
f 6777 6488 6487
f 6777 6490 6488
f 6490 6489 6488
f 6777 6778 6490
f 6778 6491 6490
f 6778 6779 6491
f 6779 6780 6491
f 6780 6577 6491
f 6577 6492 6491
f 6781 6696 6493
f 6782 6781 6493
f 6494 6782 6493
f 6783 6782 6494
f 6784 6783 6494
f 6495 6784 6494
f 6785 6784 6495
f 6497 6785 6495
f 6496 6497 6495
f 6786 6785 6497
f 6498 6786 6497
f 6787 6786 6498
f 6499 6787 6498
f 6788 6787 6499
f 6789 6788 6499
f 6500 6789 6499
f 6501 6789 6500
f 6790 6789 6501
f 6502 6790 6501
f 6791 6790 6502
f 6792 6791 6502
f 6503 6792 6502
f 6793 6792 6503
f 6504 6793 6503
f 6794 6793 6504
f 6505 6794 6504
f 6795 6794 6505
f 6506 6795 6505
f 6508 6795 6506
f 6507 6508 6506
f 6796 6795 6508
f 6797 6796 6508
f 6798 6797 6508
f 6509 6798 6508
f 6510 6798 6509
f 6799 6798 6510
f 6800 6799 6510
f 6511 6800 6510
f 6801 6800 6511
f 6512 6801 6511
f 6514 6801 6512
f 6513 6514 6512
f 6802 6801 6514
f 6803 6802 6514
f 6515 6803 6514
f 6804 6803 6515
f 6516 6804 6515
f 6805 6804 6516
f 6806 6805 6516
f 6517 6806 6516
f 6518 6806 6517
f 6807 6806 6518
f 6808 6807 6518
f 6519 6808 6518
f 6809 6808 6519
f 6520 6809 6519
f 6521 6809 6520
f 6810 6809 6521
f 6811 6810 6521
f 6522 6811 6521
f 6812 6811 6522
f 6523 6812 6522
f 6524 6812 6523
f 6813 6812 6524
f 6525 6813 6524
f 6814 6813 6525
f 6815 6814 6525
f 6816 6815 6525
f 6817 5928 6223
f 6526 6817 6223
f 6818 6817 6526
f 6819 6818 6526
f 6528 6819 6526
f 6527 6528 6526
f 6820 6819 6528
f 6821 6820 6528
f 6822 6821 6528
f 6529 6822 6528
f 6823 6822 6529
f 6530 6823 6529
f 6824 6823 6530
f 6825 6824 6530
f 6531 6825 6530
f 6826 6825 6531
f 6532 6826 6531
f 6827 6826 6532
f 6533 6827 6532
f 6828 6827 6533
f 6534 6828 6533
f 6535 6828 6534
f 6829 6828 6535
f 6536 6829 6535
f 6830 6829 6536
f 6831 6830 6536
f 6537 6831 6536
f 6832 6831 6537
f 6538 6832 6537
f 6539 6832 6538
f 6833 6832 6539
f 6540 6833 6539
f 6834 6833 6540
f 6541 6834 6540
f 6542 6834 6541
f 6835 6834 6542
f 6836 6835 6542
f 6543 6836 6542
f 6544 6836 6543
f 6837 6836 6544
f 6838 6837 6544
f 6839 6838 6544
f 6545 6839 6544
f 6547 6839 6545
f 6546 6547 6545
f 6585 6840 6547
f 6840 6839 6547
f 6841 6247 6548
f 6549 6841 6548
f 6842 6841 6549
f 6843 6842 6549
f 6551 6843 6549
f 6550 6551 6549
f 6844 6843 6551
f 6552 6844 6551
f 6845 6844 6552
f 6846 6845 6552
f 6553 6846 6552
f 6563 6846 6553
f 6554 6563 6553
f 6847 6569 6555
f 6556 6847 6555
f 6562 6847 6556
f 6557 6562 6556
f 6576 6848 6558
f 6848 6559 6558
f 6848 6849 6559
f 6849 6560 6559
f 6849 6850 6560
f 6850 6561 6560
f 6851 6562 6561
f 6850 6851 6561
f 6852 6847 6562
f 6851 6852 6562
f 6853 6846 6563
f 6564 6853 6563
f 6854 6853 6564
f 6855 6854 6564
f 6856 6855 6564
f 6565 6856 6564
f 6857 6856 6565
f 6858 6857 6565
f 6566 6858 6565
f 6859 6858 6566
f 6567 6859 6566
f 6860 6859 6567
f 6568 6860 6567
f 6861 6860 6568
f 6569 6861 6568
f 6862 6861 6569
f 6852 6862 6569
f 6847 6852 6569
f 6591 6863 6571
f 6863 6864 6571
f 6864 6572 6571
f 6864 6574 6572
f 6574 6573 6572
f 6864 6865 6574
f 6865 6866 6574
f 6866 6867 6574
f 6867 6575 6574
f 6867 6868 6575
f 6868 6576 6575
f 6868 6869 6576
f 6869 6870 6576
f 6870 6848 6576
f 6780 6871 6577
f 6871 6578 6577
f 6871 6872 6578
f 6872 6873 6578
f 6873 6583 6578
f 6582 6874 6579
f 6874 6585 6579
f 6585 6580 6579
f 6584 6875 6581
f 6875 6874 6581
f 6874 6582 6581
f 6873 6876 6583
f 6876 6584 6583
f 6876 6877 6584
f 6877 6878 6584
f 6878 6875 6584
f 6874 6878 6585
f 6878 6879 6585
f 6879 6880 6585
f 6880 6840 6585
f 6289 6881 6586
f 6881 6882 6586
f 6882 6587 6586
f 6882 6588 6587
f 6882 6883 6588
f 6883 6589 6588
f 6883 6884 6589
f 6884 6885 6589
f 6885 6590 6589
f 6885 6591 6590
f 6885 6863 6591
f 6886 6631 6592
f 6887 6886 6592
f 6593 6887 6592
f 6888 6887 6593
f 6594 6888 6593
f 6889 6888 6594
f 6595 6889 6594
f 6890 6889 6595
f 6596 6890 6595
f 6891 6890 6596
f 6597 6891 6596
f 6892 6891 6597
f 6598 6892 6597
f 6893 6892 6598
f 6599 6893 6598
f 6894 6893 6599
f 6600 6894 6599
f 6895 6894 6600
f 6601 6895 6600
f 6896 6895 6601
f 6602 6896 6601
f 6897 6896 6602
f 6603 6897 6602
f 6898 6897 6603
f 6604 6898 6603
f 6899 6898 6604
f 6605 6899 6604
f 6606 6899 6605
f 6900 6899 6606
f 6901 6900 6606
f 6607 6901 6606
f 6902 6901 6607
f 6608 6902 6607
f 6903 6902 6608
f 6609 6903 6608
f 6904 6903 6609
f 6610 6904 6609
f 6612 6904 6610
f 6611 6612 6610
f 6905 6904 6612
f 6906 6905 6612
f 6613 6906 6612
f 6907 6906 6613
f 6614 6907 6613
f 6908 6907 6614
f 6615 6908 6614
f 6909 6908 6615
f 6616 6909 6615
f 6617 6909 6616
f 6910 6909 6617
f 6618 6910 6617
f 6911 6910 6618
f 6619 6911 6618
f 6912 6911 6619
f 6637 6912 6619
f 6622 6621 6620
f 6622 6913 6621
f 6913 6623 6621
f 6628 6914 6622
f 6914 6915 6622
f 6915 6913 6622
f 6913 6916 6623
f 6916 6917 6623
f 6917 6918 6623
f 6918 6919 6623
f 6919 6920 6623
f 6920 6624 6623
f 6920 6626 6624
f 6626 6625 6624
f 6920 6921 6626
f 6921 6663 6626
f 6630 6628 6627
f 6630 6922 6628
f 6922 6923 6628
f 6923 6914 6628
f 6636 6924 6629
f 6924 6925 6629
f 6925 6926 6629
f 6926 6922 6629
f 6922 6630 6629
f 6927 6632 6631
f 6928 6927 6631
f 6929 6928 6631
f 6930 6929 6631
f 6886 6930 6631
f 6927 6931 6632
f 6931 6932 6632
f 6932 6933 6632
f 6933 6633 6632
f 6933 6635 6633
f 6635 6634 6633
f 6933 6934 6635
f 6934 6935 6635
f 6935 6636 6635
f 6935 6936 6636
f 6936 6924 6636
f 6937 6912 6637
f 6638 6937 6637
f 6938 6937 6638
f 6639 6938 6638
f 6939 6938 6639
f 6640 6939 6639
f 6940 6939 6640
f 6941 6940 6640
f 6641 6941 6640
f 6942 6941 6641
f 6943 6942 6641
f 6642 6943 6641
f 6944 6943 6642
f 6643 6944 6642
f 6646 6944 6643
f 6645 6646 6643
f 6945 6944 6646
f 6946 6945 6646
f 6947 6946 6646
f 6948 6947 6646
f 6647 6948 6646
f 6649 6948 6647
f 6648 6649 6647
f 6947 6948 6649
f 6949 6947 6649
f 6650 6949 6649
f 6950 6949 6650
f 6651 6950 6650
f 6951 6950 6651
f 6952 6951 6651
f 6953 6952 6651
f 6954 6953 6651
f 6652 6954 6651
f 6654 6954 6652
f 6653 6654 6652
f 6955 6954 6654
f 6956 6955 6654
f 6655 6956 6654
f 6957 6956 6655
f 6656 6957 6655
f 6657 6957 6656
f 6958 6957 6657
f 6959 6958 6657
f 6658 6959 6657
f 6960 6959 6658
f 6961 6960 6658
f 6659 6961 6658
f 6962 6961 6659
f 6661 6962 6659
f 6660 6661 6659
f 6963 6962 6661
f 6673 6963 6661
f 6662 6673 6661
f 6921 6964 6663
f 6964 6965 6663
f 6965 6966 6663
f 6966 6664 6663
f 6966 6667 6664
f 6667 6665 6664
f 6667 6666 6665
f 6966 6967 6667
f 6967 6968 6667
f 6968 6668 6667
f 6968 6669 6668
f 6968 6670 6669
f 6968 6967 6670
f 6967 6969 6670
f 6969 6970 6670
f 6970 6971 6670
f 6971 6672 6670
f 6672 6671 6670
f 6971 6972 6672
f 6972 6697 6672
f 6973 6963 6673
f 6974 6973 6673
f 6975 6974 6673
f 6674 6975 6673
f 6976 6975 6674
f 6676 6976 6674
f 6675 6676 6674
f 6977 6976 6676
f 6978 6977 6676
f 6677 6978 6676
f 6979 6978 6677
f 6980 6979 6677
f 6678 6980 6677
f 6981 6980 6678
f 6679 6981 6678
f 6681 6981 6679
f 6680 6681 6679
f 6982 6981 6681
f 6983 6982 6681
f 6682 6983 6681
f 6984 6983 6682
f 6684 6984 6682
f 6683 6684 6682
f 6985 6984 6684
f 6986 6985 6684
f 6686 6986 6684
f 6685 6686 6684
f 6987 6986 6686
f 6988 6987 6686
f 6688 6988 6686
f 6687 6688 6686
f 6989 6988 6688
f 6990 6989 6688
f 6689 6990 6688
f 6991 6990 6689
f 6691 6991 6689
f 6690 6691 6689
f 6992 6991 6691
f 6993 6992 6691
f 6994 6993 6691
f 6692 6994 6691
f 6694 6994 6692
f 6693 6694 6692
f 6995 6994 6694
f 6996 6995 6694
f 6695 6996 6694
f 6997 6996 6695
f 6781 6997 6695
f 6696 6781 6695
f 6972 6998 6697
f 6998 6699 6697
f 6699 6698 6697
f 6998 6999 6699
f 6999 6700 6699
f 6999 7000 6700
f 7000 7001 6700
f 7001 6701 6700
f 7001 7002 6701
f 7002 7003 6701
f 7003 6702 6701
f 7003 7002 6702
f 7002 7004 6702
f 7004 6704 6702
f 7004 7005 6704
f 7005 7006 6704
f 7006 6705 6704
f 7006 6707 6705
f 6707 6706 6705
f 7006 7007 6707
f 7007 7008 6707
f 7008 6708 6707
f 7008 7009 6708
f 7009 6709 6708
f 7009 7010 6709
f 7010 6710 6709
f 7010 6712 6710
f 7010 7011 6712
f 7011 7012 6712
f 7012 6713 6712
f 7012 7011 6713
f 7011 7013 6713
f 7013 7014 6713
f 7014 6714 6713
f 7014 6715 6714
f 7014 7013 6715
f 7013 7015 6715
f 7015 7016 6715
f 7016 7017 6715
f 7017 6716 6715
f 7017 7018 6716
f 7018 7019 6716
f 7019 6717 6716
f 7019 7018 6717
f 7018 7020 6717
f 7020 7021 6717
f 7021 6718 6717
f 7021 6719 6718
f 7021 6720 6719
f 7021 7022 6720
f 7022 7023 6720
f 7023 7024 6720
f 7024 6721 6720
f 7024 6724 6721
f 6724 6723 6721
f 6723 6722 6721
f 7024 7025 6724
f 7025 7026 6724
f 7026 7027 6724
f 7027 7028 6724
f 7028 6725 6724
f 7028 7029 6725
f 7029 6728 6725
f 6728 6726 6725
f 6728 6727 6726
f 7029 7030 6728
f 7030 7031 6728
f 7031 7032 6728
f 7032 6729 6728
f 7032 7033 6729
f 7033 6730 6729
f 7033 7034 6730
f 7034 6732 6730
f 6732 6731 6730
f 7034 7035 6732
f 7035 7036 6732
f 7036 6733 6732
f 7036 7037 6733
f 7037 6734 6733
f 7037 7038 6734
f 7038 6735 6734
f 7038 7039 6735
f 7039 6736 6735
f 7039 7040 6736
f 7040 6737 6736
f 7040 7041 6737
f 7041 6738 6737
f 7041 7042 6738
f 7042 6739 6738
f 7042 7043 6739
f 7043 6740 6739
f 7043 7044 6740
f 7044 6741 6740
f 7044 7045 6741
f 7045 6742 6741
f 7045 7046 6742
f 7046 6743 6742
f 7046 7047 6743
f 7047 7048 6743
f 7048 6745 6743
f 6745 6744 6743
f 7048 7049 6745
f 7049 7050 6745
f 7050 6747 6745
f 6747 6746 6745
f 7050 7051 6747
f 7051 7052 6747
f 7052 7053 6747
f 7053 6748 6747
f 7053 7054 6748
f 7054 6750 6748
f 6750 6749 6748
f 7054 7055 6750
f 7055 7056 6750
f 7056 6751 6750
f 7056 7057 6751
f 7057 6752 6751
f 7057 6754 6752
f 6754 6753 6752
f 7057 7058 6754
f 7058 7059 6754
f 7059 7060 6754
f 7060 6755 6754
f 7060 7061 6755
f 7061 7062 6755
f 7062 6757 6755
f 6757 6756 6755
f 7062 7063 6757
f 7063 7064 6757
f 7064 6758 6757
f 7064 6760 6758
f 6760 6759 6758
f 7064 7065 6760
f 7065 7066 6760
f 7066 7067 6760
f 7067 6761 6760
f 7067 7068 6761
f 7068 7069 6761
f 7069 6764 6761
f 6764 6762 6761
f 6764 6763 6762
f 7069 7070 6764
f 7070 7071 6764
f 7071 6765 6764
f 7071 7072 6765
f 7072 6766 6765
f 7072 7073 6766
f 7073 7074 6766
f 7074 7075 6766
f 7075 6769 6766
f 6769 6767 6766
f 7080 7079 6770
f 7079 7081 6770
f 7082 7083 6771
f 7083 6772 6771
f 7083 7084 6772
f 7084 6773 6772
f 7084 7085 6773
f 7085 7086 6773
f 7086 6775 6773
f 6775 6774 6773
f 7086 7087 6775
f 7087 7088 6775
f 7088 7089 6775
f 7089 7090 6775
f 7090 7091 6775
f 7091 6776 6775
f 7091 6778 6776
f 6778 6777 6776
f 7091 7092 6778
f 7092 6779 6778
f 7092 7093 6779
f 7093 7094 6779
f 7094 7095 6779
f 7095 6871 6779
f 6871 6780 6779
f 7096 6997 6781
f 7097 7096 6781
f 6782 7097 6781
f 7098 7097 6782
f 7099 7098 6782
f 6783 7099 6782
f 6784 7099 6783
f 7100 7099 6784
f 7101 7100 6784
f 6785 7101 6784
f 6787 7101 6785
f 6786 6787 6785
f 7102 7101 6787
f 7103 7102 6787
f 7104 7103 6787
f 6788 7104 6787
f 6789 7104 6788
f 7105 7104 6789
f 6790 7105 6789
f 7106 7105 6790
f 7107 7106 6790
f 6791 7107 6790
f 7108 7107 6791
f 6792 7108 6791
f 7109 7108 6792
f 6793 7109 6792
f 7110 7109 6793
f 6794 7110 6793
f 6796 7110 6794
f 6795 6796 6794
f 7111 7110 6796
f 7112 7111 6796
f 7113 7112 6796
f 6797 7113 6796
f 6799 7113 6797
f 6798 6799 6797
f 7114 7113 6799
f 7115 7114 6799
f 7116 7115 6799
f 6800 7116 6799
f 6802 7116 6800
f 6801 6802 6800
f 7117 7116 6802
f 7118 7117 6802
f 6804 7118 6802
f 6803 6804 6802
f 7119 7118 6804
f 7120 7119 6804
f 7121 7120 6804
f 6805 7121 6804
f 6807 7121 6805
f 6806 6807 6805
f 7122 7121 6807
f 7123 7122 6807
f 7124 7123 6807
f 6808 7124 6807
f 6809 7124 6808
f 7125 7124 6809
f 7126 7125 6809
f 6810 7126 6809
f 7127 7126 6810
f 6811 7127 6810
f 6813 7127 6811
f 6812 6813 6811
f 7128 7127 6813
f 7129 7128 6813
f 6814 7129 6813
f 7130 7129 6814
f 7131 7130 6814
f 6815 7131 6814
f 7132 7131 6815
f 7133 7132 6815
f 7134 7133 6815
f 6816 7134 6815
f 6818 7135 6817
f 7135 7136 6817
f 7136 7137 6817
f 7137 7138 6817
f 7139 7135 6818
f 7140 7139 6818
f 7141 7140 6818
f 6820 7141 6818
f 6819 6820 6818
f 7142 7141 6820
f 7143 7142 6820
f 6822 7143 6820
f 6821 6822 6820
f 7144 7143 6822
f 7145 7144 6822
f 6823 7145 6822
f 7146 7145 6823
f 7147 7146 6823
f 6824 7147 6823
f 6825 7147 6824
f 7148 7147 6825
f 7149 7148 6825
f 6826 7149 6825
f 7150 7149 6826
f 6827 7150 6826
f 6828 7150 6827
f 7151 7150 6828
f 6829 7151 6828
f 7152 7151 6829
f 6830 7152 6829
f 6831 7152 6830
f 7153 7152 6831
f 6832 7153 6831
f 7154 7153 6832
f 6833 7154 6832
f 7155 7154 6833
f 6834 7155 6833
f 7156 7155 6834
f 7157 7156 6834
f 6835 7157 6834
f 6836 7157 6835
f 7158 7157 6836
f 6837 7158 6836
f 6838 6880 6837
f 6880 7159 6837
f 7159 7160 6837
f 7160 7158 6837
f 6839 6840 6838
f 6840 6880 6838
f 7161 6247 6841
f 7162 7161 6841
f 7163 7162 6841
f 6842 7163 6841
f 7164 7163 6842
f 6844 7164 6842
f 6843 6844 6842
f 7165 7164 6844
f 6853 7165 6844
f 6845 6853 6844
f 6846 6853 6845
f 6870 7166 6848
f 7166 6849 6848
f 7166 6850 6849
f 7167 6851 6850
f 7166 7167 6850
f 7168 6852 6851
f 7167 7168 6851
f 7169 6862 6852
f 7168 7169 6852
f 7170 7165 6853
f 6854 7170 6853
f 7171 7170 6854
f 7172 7171 6854
f 6856 7172 6854
f 6855 6856 6854
f 7173 7172 6856
f 7174 7173 6856
f 7175 7174 6856
f 7176 7175 6856
f 6857 7176 6856
f 7177 7176 6857
f 6858 7177 6857
f 6859 7177 6858
f 7178 7177 6859
f 6860 7178 6859
f 7169 7178 6860
f 6862 7169 6860
f 6861 6862 6860
f 6885 6865 6863
f 6865 6864 6863
f 6885 7179 6865
f 7179 7180 6865
f 7180 7181 6865
f 7181 6866 6865
f 7182 7183 6867
f 7183 6868 6867
f 7183 6869 6868
f 7183 7184 6869
f 7184 6870 6869
f 7184 7185 6870
f 7185 7166 6870
f 7095 7186 6871
f 7186 6872 6871
f 7186 7187 6872
f 7187 6873 6872
f 7187 7188 6873
f 7188 7189 6873
f 7189 6876 6873
f 6875 6878 6874
f 7189 7190 6876
f 7190 7191 6876
f 7191 7192 6876
f 7192 6877 6876
f 7192 6878 6877
f 7192 6880 6878
f 6880 6879 6878
f 7192 7193 6880
f 7193 7160 6880
f 7160 7159 6880
f 6289 7194 6881
f 7194 7195 6881
f 7195 6882 6881
f 7195 7196 6882
f 7196 7197 6882
f 7197 6883 6882
f 7197 7198 6883
f 7198 6884 6883
f 7198 7179 6884
f 7179 6885 6884
f 7199 6930 6886
f 6887 7199 6886
f 7200 7199 6887
f 6888 7200 6887
f 6889 7200 6888
f 7201 7200 6889
f 6890 7201 6889
f 7202 7201 6890
f 6891 7202 6890
f 7203 7202 6891
f 7204 7203 6891
f 6892 7204 6891
f 6893 7204 6892
f 7205 7204 6893
f 6894 7205 6893
f 7206 7205 6894
f 6895 7206 6894
f 7207 7206 6895
f 6896 7207 6895
f 7208 7207 6896
f 6897 7208 6896
f 7209 7208 6897
f 7210 7209 6897
f 6898 7210 6897
f 7211 7210 6898
f 6899 7211 6898
f 6900 7211 6899
f 7212 7211 6900
f 7213 7212 6900
f 6901 7213 6900
f 6902 7213 6901
f 7214 7213 6902
f 7215 7214 6902
f 6903 7215 6902
f 6904 7215 6903
f 7216 7215 6904
f 6905 7216 6904
f 7217 7216 6905
f 7218 7217 6905
f 6906 7218 6905
f 6907 7218 6906
f 7219 7218 6907
f 6908 7219 6907
f 7220 7219 6908
f 6909 7220 6908
f 7221 7220 6909
f 6910 7221 6909
f 7222 7221 6910
f 6911 7222 6910
f 7223 7222 6911
f 6912 7223 6911
f 7224 7223 6912
f 6937 7224 6912
f 6915 6916 6913
f 6923 6915 6914
f 6923 7225 6915
f 7225 7226 6915
f 7226 7227 6915
f 7227 6916 6915
f 7227 6918 6916
f 6918 6917 6916
f 7227 7228 6918
f 7228 7229 6918
f 7229 7230 6918
f 7230 6919 6918
f 7230 6921 6919
f 6921 6920 6919
f 7230 7231 6921
f 7231 7232 6921
f 7232 7233 6921
f 7233 6964 6921
f 6926 7234 6922
f 7234 6923 6922
f 7234 7235 6923
f 7235 7225 6923
f 6936 7236 6924
f 7236 6925 6924
f 7236 7237 6925
f 7237 7238 6925
f 7238 7235 6925
f 7235 7234 6925
f 7234 6926 6925
f 6928 7239 6927
f 7239 7240 6927
f 7240 7241 6927
f 7241 6931 6927
f 7242 7239 6928
f 7243 7242 6928
f 6929 7243 6928
f 6930 7243 6929
f 7244 7243 6930
f 7245 7244 6930
f 7199 7245 6930
f 7241 7246 6931
f 7246 7247 6931
f 7247 7248 6931
f 7248 6933 6931
f 6933 6932 6931
f 7248 7249 6933
f 7249 6934 6933
f 7249 7250 6934
f 7250 6935 6934
f 7250 6936 6935
f 7250 7251 6936
f 7251 7236 6936
f 7252 7224 6937
f 6938 7252 6937
f 7253 7252 6938
f 6939 7253 6938
f 7254 7253 6939
f 7255 7254 6939
f 7256 7255 6939
f 6941 7256 6939
f 6940 6941 6939
f 7257 7256 6941
f 7258 7257 6941
f 7259 7258 6941
f 7260 7259 6941
f 6942 7260 6941
f 6945 7260 6942
f 6943 6945 6942
f 6944 6945 6943
f 7261 7260 6945
f 7262 7261 6945
f 7263 7262 6945
f 6946 7263 6945
f 6949 7263 6946
f 6947 6949 6946
f 7262 7263 6949
f 7264 7262 6949
f 6950 7264 6949
f 7265 7264 6950
f 6951 7265 6950
f 7266 7265 6951
f 7267 7266 6951
f 6953 7267 6951
f 6952 6953 6951
f 7268 7267 6953
f 7269 7268 6953
f 7270 7269 6953
f 6955 7270 6953
f 6954 6955 6953
f 7271 7270 6955
f 6956 7271 6955
f 7272 7271 6956
f 6957 7272 6956
f 7273 7272 6957
f 6958 7273 6957
f 7274 7273 6958
f 6959 7274 6958
f 7275 7274 6959
f 6960 7275 6959
f 6973 7275 6960
f 6962 6973 6960
f 6961 6962 6960
f 6963 6973 6962
f 7233 7276 6964
f 7276 7277 6964
f 7277 6965 6964
f 7277 6967 6965
f 6967 6966 6965
f 7277 7278 6967
f 7278 6969 6967
f 7278 7279 6969
f 7279 7280 6969
f 7280 6970 6969
f 7280 6972 6970
f 6972 6971 6970
f 7280 7281 6972
f 7281 7282 6972
f 7282 6999 6972
f 6999 6998 6972
f 7283 7275 6973
f 7284 7283 6973
f 6974 7284 6973
f 7285 7284 6974
f 6975 7285 6974
f 7286 7285 6975
f 6977 7286 6975
f 6976 6977 6975
f 7287 7286 6977
f 7288 7287 6977
f 6978 7288 6977
f 7289 7288 6978
f 7290 7289 6978
f 6979 7290 6978
f 7291 7290 6979
f 6980 7291 6979
f 6982 7291 6980
f 6981 6982 6980
f 7292 7291 6982
f 7293 7292 6982
f 6983 7293 6982
f 7294 7293 6983
f 6985 7294 6983
f 6984 6985 6983
f 7295 7294 6985
f 7296 7295 6985
f 6986 7296 6985
f 7297 7296 6986
f 6987 7297 6986
f 7298 7297 6987
f 6989 7298 6987
f 6988 6989 6987
f 7299 7298 6989
f 7300 7299 6989
f 7301 7300 6989
f 6990 7301 6989
f 6992 7301 6990
f 6991 6992 6990
f 7302 7301 6992
f 7303 7302 6992
f 6993 7303 6992
f 7304 7303 6993
f 6994 7304 6993
f 7305 7304 6994
f 6995 7305 6994
f 7306 7305 6995
f 6996 7306 6995
f 7307 7306 6996
f 7096 7307 6996
f 6997 7096 6996
f 7282 7308 6999
f 7308 7309 6999
f 7309 7000 6999
f 7309 7310 7000
f 7310 7311 7000
f 7311 7002 7000
f 7002 7001 7000
f 7311 7312 7002
f 7312 7004 7002
f 7312 7313 7004
f 7313 7314 7004
f 7314 7315 7004
f 7315 7005 7004
f 7315 7316 7005
f 7316 7007 7005
f 7007 7006 7005
f 7316 7317 7007
f 7317 7318 7007
f 7318 7319 7007
f 7319 7008 7007
f 7319 7009 7008
f 7319 7320 7009
f 7320 7321 7009
f 7321 7322 7009
f 7322 7323 7009
f 7323 7010 7009
f 7323 7324 7010
f 7324 7325 7010
f 7325 7011 7010
f 7325 7326 7011
f 7326 7013 7011
f 7326 7015 7013
f 7326 7327 7015
f 7327 7016 7015
f 7327 7328 7016
f 7328 7017 7016
f 7328 7329 7017
f 7329 7018 7017
f 7329 7330 7018
f 7330 7022 7018
f 7022 7020 7018
f 7022 7021 7020
f 7330 7331 7022
f 7331 7332 7022
f 7332 7023 7022
f 7332 7025 7023
f 7025 7024 7023
f 7332 7333 7025
f 7333 7026 7025
f 7333 7334 7026
f 7334 7335 7026
f 7335 7027 7026
f 7335 7336 7027
f 7336 7028 7027
f 7336 7030 7028
f 7030 7029 7028
f 7336 7337 7030
f 7337 7338 7030
f 7338 7339 7030
f 7339 7031 7030
f 7339 7340 7031
f 7340 7032 7031
f 7340 7341 7032
f 7341 7033 7032
f 7341 7342 7033
f 7342 7035 7033
f 7035 7034 7033
f 7342 7343 7035
f 7343 7344 7035
f 7344 7036 7035
f 7344 7345 7036
f 7345 7037 7036
f 7345 7346 7037
f 7346 7039 7037
f 7039 7038 7037
f 7346 7347 7039
f 7347 7348 7039
f 7348 7041 7039
f 7041 7040 7039
f 7348 7349 7041
f 7349 7350 7041
f 7350 7042 7041
f 7350 7351 7042
f 7351 7043 7042
f 7351 7352 7043
f 7352 7044 7043
f 7352 7353 7044
f 7353 7045 7044
f 7353 7354 7045
f 7354 7046 7045
f 7354 7355 7046
f 7355 7047 7046
f 7355 7356 7047
f 7356 7049 7047
f 7049 7048 7047
f 7356 7357 7049
f 7357 7050 7049
f 7357 7358 7050
f 7358 7052 7050
f 7052 7051 7050
f 7358 7359 7052
f 7359 7360 7052
f 7360 7054 7052
f 7054 7053 7052
f 7360 7361 7054
f 7361 7362 7054
f 7362 7055 7054
f 7362 7056 7055
f 7362 7363 7056
f 7363 7058 7056
f 7058 7057 7056
f 7363 7364 7058
f 7364 7060 7058
f 7060 7059 7058
f 7364 7365 7060
f 7365 7366 7060
f 7366 7367 7060
f 7367 7368 7060
f 7368 7061 7060
f 7368 7062 7061
f 7368 7369 7062
f 7369 7063 7062
f 7369 7370 7063
f 7370 7371 7063
f 7371 7065 7063
f 7065 7064 7063
f 7371 7372 7065
f 7372 7373 7065
f 7373 7374 7065
f 7374 7066 7065
f 7374 7070 7066
f 7070 7375 7066
f 7375 7068 7066
f 7068 7067 7066
f 7375 7069 7068
f 7375 7070 7069
f 7374 7376 7070
f 7376 7073 7070
f 7073 7377 7070
f 7377 7072 7070
f 7072 7071 7070
f 7377 7073 7072
f 7376 7378 7073
f 7378 7379 7073
f 7379 7380 7073
f 7380 7074 7073
f 7380 7381 7074
f 7381 7382 7074
f 7382 7076 7074
f 7076 7075 7074
f 7382 7383 7076
f 7383 7077 7076
f 7384 7078 7077
f 7385 7384 7077
f 7386 7385 7077
f 7383 7386 7077
f 7384 7387 7078
f 7080 7388 7079
f 7388 7389 7079
f 7389 7082 7079
f 7082 7081 7079
f 7389 7390 7082
f 7390 7083 7082
f 7390 7391 7083
f 7391 7084 7083
f 7391 7392 7084
f 7392 7085 7084
f 7392 7393 7085
f 7393 7394 7085
f 7394 7087 7085
f 7087 7086 7085
f 7394 7088 7087
f 7394 7393 7088
f 7393 7395 7088
f 7395 7396 7088
f 7396 7397 7088
f 7397 7398 7088
f 7398 7089 7088
f 7398 7399 7089
f 7399 7092 7089
f 7092 7090 7089
f 7092 7091 7090
f 7399 7400 7092
f 7400 7093 7092
f 7400 7401 7093
f 7401 7402 7093
f 7402 7403 7093
f 7403 7094 7093
f 7403 7186 7094
f 7186 7095 7094
f 7404 7307 7096
f 7405 7404 7096
f 7097 7405 7096
f 7406 7405 7097
f 7407 7406 7097
f 7098 7407 7097
f 7099 7407 7098
f 7408 7407 7099
f 7409 7408 7099
f 7100 7409 7099
f 7102 7409 7100
f 7101 7102 7100
f 7410 7409 7102
f 7411 7410 7102
f 7103 7411 7102
f 7412 7411 7103
f 7105 7412 7103
f 7104 7105 7103
f 7413 7412 7105
f 7414 7413 7105
f 7415 7414 7105
f 7106 7415 7105
f 7416 7415 7106
f 7107 7416 7106
f 7417 7416 7107
f 7108 7417 7107
f 7418 7417 7108
f 7109 7418 7108
f 7111 7418 7109
f 7110 7111 7109
f 7419 7418 7111
f 7420 7419 7111
f 7112 7420 7111
f 7421 7420 7112
f 7113 7421 7112
f 7422 7421 7113
f 7114 7422 7113
f 7423 7422 7114
f 7115 7423 7114
f 7424 7423 7115
f 7117 7424 7115
f 7116 7117 7115
f 7425 7424 7117
f 7426 7425 7117
f 7118 7426 7117
f 7427 7426 7118
f 7119 7427 7118
f 7428 7427 7119
f 7429 7428 7119
f 7120 7429 7119
f 7430 7429 7120
f 7121 7430 7120
f 7122 7430 7121
f 7431 7430 7122
f 7124 7431 7122
f 7123 7124 7122
f 7432 7431 7124
f 7433 7432 7124
f 7434 7433 7124
f 7125 7434 7124
f 7435 7434 7125
f 7126 7435 7125
f 7127 7435 7126
f 7436 7435 7127
f 7437 7436 7127
f 7128 7437 7127
f 7130 7437 7128
f 7129 7130 7128
f 7438 7437 7130
f 7439 7438 7130
f 7440 7439 7130
f 7441 7440 7130
f 7131 7441 7130
f 7442 7441 7131
f 7132 7442 7131
f 7443 7442 7132
f 7444 7443 7132
f 7445 7444 7132
f 7134 7445 7132
f 7133 7134 7132
f 7446 7445 7134
f 7139 7447 7135
f 7447 7448 7135
f 7448 7449 7135
f 7449 7136 7135
f 7449 7450 7136
f 7450 7137 7136
f 7450 7451 7137
f 7451 7452 7137
f 7452 7453 7137
f 7453 7138 7137
f 7140 7454 7139
f 7454 7455 7139
f 7455 7456 7139
f 7456 7457 7139
f 7457 7447 7139
f 7141 7142 7140
f 7142 7458 7140
f 7458 7459 7140
f 7459 7454 7140
f 7460 7458 7142
f 7144 7460 7142
f 7143 7144 7142
f 7461 7460 7144
f 7462 7461 7144
f 7145 7462 7144
f 7463 7462 7145
f 7146 7463 7145
f 7464 7463 7146
f 7147 7464 7146
f 7465 7464 7147
f 7466 7465 7147
f 7148 7466 7147
f 7467 7466 7148
f 7149 7467 7148
f 7468 7467 7149
f 7150 7468 7149
f 7469 7468 7150
f 7470 7469 7150
f 7151 7470 7150
f 7152 7470 7151
f 7471 7470 7152
f 7472 7471 7152
f 7153 7472 7152
f 7473 7472 7153
f 7154 7473 7153
f 7474 7473 7154
f 7155 7474 7154
f 7475 7474 7155
f 7476 7475 7155
f 7156 7476 7155
f 7477 7476 7156
f 7157 7477 7156
f 7478 7477 7157
f 7158 7478 7157
f 7160 7479 7158
f 7479 7480 7158
f 7480 7478 7158
f 7193 7481 7160
f 7481 7482 7160
f 7482 7483 7160
f 7483 7479 7160
f 7484 6247 7161
f 7485 7484 7161
f 7486 7485 7161
f 7162 7486 7161
f 7487 7486 7162
f 7163 7487 7162
f 7170 7487 7163
f 7165 7170 7163
f 7164 7165 7163
f 7488 7167 7166
f 7185 7488 7166
f 7489 7168 7167
f 7488 7489 7167
f 7490 7169 7168
f 7489 7490 7168
f 7491 7178 7169
f 7490 7491 7169
f 7171 7487 7170
f 7492 7487 7171
f 7493 7492 7171
f 7173 7493 7171
f 7172 7173 7171
f 7494 7493 7173
f 7495 7494 7173
f 7496 7495 7173
f 7497 7496 7173
f 7174 7497 7173
f 7498 7497 7174
f 7175 7498 7174
f 7499 7498 7175
f 7176 7499 7175
f 7491 7499 7176
f 7177 7491 7176
f 7178 7491 7177
f 7198 7500 7179
f 7500 7501 7179
f 7501 7502 7179
f 7502 7180 7179
f 7502 7503 7180
f 7503 7504 7180
f 7504 7181 7180
f 7504 7505 7181
f 7506 7507 7182
f 7507 7183 7182
f 7507 7508 7183
f 7508 7509 7183
f 7509 7184 7183
f 7509 7510 7184
f 7510 7185 7184
f 7510 7488 7185
f 7403 7511 7186
f 7511 7512 7186
f 7512 7187 7186
f 7512 7513 7187
f 7513 7188 7187
f 7513 7514 7188
f 7514 7515 7188
f 7515 7189 7188
f 7515 7190 7189
f 7515 7516 7190
f 7516 7517 7190
f 7517 7518 7190
f 7518 7191 7190
f 7193 7192 7191
f 7191 7518 7193
f 7518 7481 7193
f 6289 7519 7194
f 7519 7520 7194
f 7520 7521 7194
f 7521 7522 7194
f 7522 7195 7194
f 7522 7523 7195
f 7523 7500 7195
f 7500 7196 7195
f 7500 7197 7196
f 7500 7198 7197
f 7200 7245 7199
f 7524 7245 7200
f 7201 7524 7200
f 7525 7524 7201
f 7202 7525 7201
f 7526 7525 7202
f 7203 7526 7202
f 7527 7526 7203
f 7204 7527 7203
f 7528 7527 7204
f 7205 7528 7204
f 7529 7528 7205
f 7206 7529 7205
f 7530 7529 7206
f 7531 7530 7206
f 7207 7531 7206
f 7208 7531 7207
f 7532 7531 7208
f 7533 7532 7208
f 7209 7533 7208
f 7210 7533 7209
f 7534 7533 7210
f 7211 7534 7210
f 7535 7534 7211
f 7536 7535 7211
f 7212 7536 7211
f 7213 7536 7212
f 7537 7536 7213
f 7538 7537 7213
f 7214 7538 7213
f 7215 7538 7214
f 7539 7538 7215
f 7216 7539 7215
f 7540 7539 7216
f 7541 7540 7216
f 7217 7541 7216
f 7542 7541 7217
f 7218 7542 7217
f 7219 7542 7218
f 7543 7542 7219
f 7220 7543 7219
f 7544 7543 7220
f 7221 7544 7220
f 7545 7544 7221
f 7222 7545 7221
f 7546 7545 7222
f 7223 7546 7222
f 7547 7546 7223
f 7224 7547 7223
f 7548 7547 7224
f 7252 7548 7224
f 7235 7549 7225
f 7549 7550 7225
f 7550 7551 7225
f 7551 7552 7225
f 7552 7226 7225
f 7552 7553 7226
f 7553 7227 7226
f 7553 7229 7227
f 7229 7228 7227
f 7553 7554 7229
f 7554 7555 7229
f 7555 7231 7229
f 7231 7230 7229
f 7555 7556 7231
f 7556 7557 7231
f 7557 7558 7231
f 7558 7233 7231
f 7233 7232 7231
f 7558 7559 7233
f 7559 7560 7233
f 7560 7278 7233
f 7278 7276 7233
f 7238 7561 7235
f 7561 7562 7235
f 7562 7549 7235
f 7251 7563 7236
f 7563 7564 7236
f 7564 7237 7236
f 7564 7565 7237
f 7565 7566 7237
f 7566 7562 7237
f 7562 7561 7237
f 7561 7238 7237
f 7568 7567 7246
f 7567 7247 7246
f 7567 7249 7247
f 7249 7248 7247
f 7567 7569 7249
f 7569 7570 7249
f 7570 7250 7249
f 7570 7571 7250
f 7571 7251 7250
f 7571 7572 7251
f 7572 7573 7251
f 7573 7563 7251
f 7574 7548 7252
f 7253 7574 7252
f 7575 7574 7253
f 7576 7575 7253
f 7254 7576 7253
f 7577 7576 7254
f 7578 7577 7254
f 7255 7578 7254
f 7257 7578 7255
f 7256 7257 7255
f 7579 7578 7257
f 7580 7579 7257
f 7581 7580 7257
f 7582 7581 7257
f 7258 7582 7257
f 7583 7582 7258
f 7259 7583 7258
f 7584 7583 7259
f 7260 7584 7259
f 7585 7584 7260
f 7261 7585 7260
f 7264 7585 7261
f 7262 7264 7261
f 7586 7585 7264
f 7587 7586 7264
f 7265 7587 7264
f 7588 7587 7265
f 7589 7588 7265
f 7590 7589 7265
f 7591 7590 7265
f 7266 7591 7265
f 7267 7591 7266
f 7592 7591 7267
f 7268 7592 7267
f 7593 7592 7268
f 7269 7593 7268
f 7594 7593 7269
f 7270 7594 7269
f 7595 7594 7270
f 7271 7595 7270
f 7596 7595 7271
f 7272 7596 7271
f 7597 7596 7272
f 7598 7597 7272
f 7273 7598 7272
f 7599 7598 7273
f 7274 7599 7273
f 7283 7599 7274
f 7275 7283 7274
f 7278 7277 7276
f 7560 7600 7278
f 7600 7601 7278
f 7601 7279 7278
f 7601 7281 7279
f 7281 7280 7279
f 7601 7602 7281
f 7602 7603 7281
f 7603 7308 7281
f 7308 7282 7281
f 7604 7599 7283
f 7605 7604 7283
f 7606 7605 7283
f 7607 7606 7283
f 7607 7283 7284
f 7608 7607 7284
f 7609 7608 7284
f 7285 7609 7284
f 7287 7609 7285
f 7286 7287 7285
f 7610 7609 7287
f 7289 7610 7287
f 7288 7289 7287
f 7611 7610 7289
f 7612 7611 7289
f 7290 7612 7289
f 7292 7612 7290
f 7291 7292 7290
f 7613 7612 7292
f 7614 7613 7292
f 7293 7614 7292
f 7615 7614 7293
f 7295 7615 7293
f 7294 7295 7293
f 7616 7615 7295
f 7617 7616 7295
f 7297 7617 7295
f 7296 7297 7295
f 7618 7617 7297
f 7619 7618 7297
f 7299 7619 7297
f 7298 7299 7297
f 7620 7619 7299
f 7621 7620 7299
f 7300 7621 7299
f 7622 7621 7300
f 7302 7622 7300
f 7301 7302 7300
f 7623 7622 7302
f 7624 7623 7302
f 7303 7624 7302
f 7625 7624 7303
f 7305 7625 7303
f 7304 7305 7303
f 7626 7625 7305
f 7627 7626 7305
f 7306 7627 7305
f 7628 7627 7306
f 7404 7628 7306
f 7307 7404 7306
f 7603 7629 7308
f 7629 7630 7308
f 7630 7309 7308
f 7630 7631 7309
f 7631 7632 7309
f 7632 7633 7309
f 7633 7634 7309
f 7634 7310 7309
f 7634 7312 7310
f 7312 7311 7310
f 7634 7313 7312
f 7634 7635 7313
f 7635 7636 7313
f 7636 7637 7313
f 7637 7314 7313
f 7637 7317 7314
f 7317 7316 7314
f 7316 7315 7314
f 7637 7638 7317
f 7638 7639 7317
f 7639 7640 7317
f 7640 7318 7317
f 7640 7320 7318
f 7320 7319 7318
f 7640 7641 7320
f 7641 7642 7320
f 7642 7321 7320
f 7642 7643 7321
f 7643 7644 7321
f 7644 7645 7321
f 7645 7322 7321
f 7645 7325 7322
f 7325 7324 7322
f 7324 7323 7322
f 7645 7646 7325
f 7646 7647 7325
f 7647 7648 7325
f 7648 7326 7325
f 7648 7327 7326
f 7648 7649 7327
f 7649 7650 7327
f 7650 7651 7327
f 7651 7652 7327
f 7652 7329 7327
f 7329 7328 7327
f 7652 7653 7329
f 7653 7654 7329
f 7654 7330 7329
f 7654 7655 7330
f 7655 7331 7330
f 7655 7333 7331
f 7333 7332 7331
f 7655 7656 7333
f 7656 7657 7333
f 7657 7334 7333
f 7657 7658 7334
f 7658 7659 7334
f 7659 7660 7334
f 7660 7661 7334
f 7661 7336 7334
f 7336 7335 7334
f 7661 7337 7336
f 7661 7660 7337
f 7660 7662 7337
f 7662 7663 7337
f 7663 7664 7337
f 7664 7338 7337
f 7664 7340 7338
f 7340 7339 7338
f 7664 7665 7340
f 7665 7666 7340
f 7666 7341 7340
f 7666 7667 7341
f 7667 7342 7341
f 7667 7668 7342
f 7668 7343 7342
f 7668 7669 7343
f 7669 7344 7343
f 7669 7670 7344
f 7670 7345 7344
f 7670 7671 7345
f 7671 7346 7345
f 7671 7672 7346
f 7672 7347 7346
f 7672 7673 7347
f 7673 7348 7347
f 7673 7674 7348
f 7674 7675 7348
f 7675 7349 7348
f 7675 7350 7349
f 7675 7676 7350
f 7676 7677 7350
f 7677 7351 7350
f 7677 7352 7351
f 7677 7678 7352
f 7678 7353 7352
f 7678 7679 7353
f 7679 7355 7353
f 7355 7354 7353
f 7679 7680 7355
f 7680 7681 7355
f 7681 7356 7355
f 7681 7682 7356
f 7682 7357 7356
f 7682 7683 7357
f 7683 7359 7357
f 7359 7358 7357
f 7683 7684 7359
f 7684 7685 7359
f 7685 7686 7359
f 7686 7360 7359
f 7686 7687 7360
f 7687 7361 7360
f 7687 7688 7361
f 7688 7362 7361
f 7688 7689 7362
f 7689 7365 7362
f 7365 7363 7362
f 7365 7364 7363
f 7689 7690 7365
f 7690 7691 7365
f 7691 7692 7365
f 7692 7366 7365
f 7692 7693 7366
f 7693 7694 7366
f 7694 7367 7366
f 7694 7695 7367
f 7695 7369 7367
f 7369 7368 7367
f 7695 7696 7369
f 7696 7697 7369
f 7697 7370 7369
f 7697 7698 7370
f 7698 7699 7370
f 7699 7372 7370
f 7372 7371 7370
f 7699 7700 7372
f 7700 7701 7372
f 7701 7702 7372
f 7702 7373 7372
f 7702 7376 7373
f 7376 7374 7373
f 7702 7703 7376
f 7703 7704 7376
f 7704 7378 7376
f 7704 7705 7378
f 7705 7706 7378
f 7706 7379 7378
f 7706 7381 7379
f 7381 7380 7379
f 7706 7707 7381
f 7707 7383 7381
f 7383 7382 7381
f 7707 7708 7383
f 7708 7386 7383
f 7709 7387 7384
f 7710 7709 7384
f 7385 7710 7384
f 7386 7711 7385
f 7711 7710 7385
f 7708 7712 7386
f 7712 7711 7386
f 7714 7713 7387
f 7715 7714 7387
f 7709 7715 7387
f 7080 7716 7388
f 7716 7717 7388
f 7717 7390 7388
f 7390 7389 7388
f 7717 7718 7390
f 7718 7719 7390
f 7719 7391 7390
f 7719 7720 7391
f 7720 7392 7391
f 7720 7393 7392
f 7720 7721 7393
f 7721 7395 7393
f 7721 7722 7395
f 7722 7723 7395
f 7723 7396 7395
f 7723 7724 7396
f 7724 7725 7396
f 7725 7397 7396
f 7725 7726 7397
f 7726 7400 7397
f 7400 7398 7397
f 7400 7399 7398
f 7726 7727 7400
f 7727 7401 7400
f 7727 7728 7401
f 7728 7729 7401
f 7729 7511 7401
f 7511 7402 7401
f 7511 7403 7402
f 7730 7628 7404
f 7731 7730 7404
f 7405 7731 7404
f 7732 7731 7405
f 7733 7732 7405
f 7406 7733 7405
f 7407 7733 7406
f 7734 7733 7407
f 7735 7734 7407
f 7408 7735 7407
f 7410 7735 7408
f 7409 7410 7408
f 7736 7735 7410
f 7737 7736 7410
f 7738 7737 7410
f 7411 7738 7410
f 7413 7738 7411
f 7412 7413 7411
f 7739 7738 7413
f 7740 7739 7413
f 7741 7740 7413
f 7414 7741 7413
f 7742 7741 7414
f 7415 7742 7414
f 7743 7742 7415
f 7416 7743 7415
f 7744 7743 7416
f 7417 7744 7416
f 7419 7744 7417
f 7418 7419 7417
f 7745 7744 7419
f 7746 7745 7419
f 7420 7746 7419
f 7747 7746 7420
f 7422 7747 7420
f 7421 7422 7420
f 7748 7747 7422
f 7749 7748 7422
f 7423 7749 7422
f 7750 7749 7423
f 7425 7750 7423
f 7424 7425 7423
f 7751 7750 7425
f 7752 7751 7425
f 7426 7752 7425
f 7753 7752 7426
f 7427 7753 7426
f 7754 7753 7427
f 7755 7754 7427
f 7428 7755 7427
f 7432 7756 7430
f 7431 7432 7430
f 7433 7756 7432
f 7757 7756 7433
f 7758 7757 7433
f 7434 7758 7433
f 7435 7758 7434
f 7759 7758 7435
f 7760 7759 7435
f 7436 7760 7435
f 7438 7760 7436
f 7437 7438 7436
f 7761 7760 7438
f 7762 7761 7438
f 7763 7762 7438
f 7439 7763 7438
f 7764 7763 7439
f 7765 7764 7439
f 7440 7765 7439
f 7441 7765 7440
f 7766 7765 7441
f 7442 7766 7441
f 7767 7766 7442
f 7443 7767 7442
f 7768 7767 7443
f 7769 7768 7443
f 7770 7769 7443
f 7444 7770 7443
f 7446 7770 7444
f 7445 7446 7444
f 7771 7770 7446
f 7457 7723 7447
f 7723 7449 7447
f 7449 7448 7447
f 7723 7722 7449
f 7722 7721 7449
f 7721 7450 7449
f 7721 7720 7450
f 7720 7451 7450
f 7720 7719 7451
f 7719 7772 7451
f 7772 7773 7451
f 7773 7453 7451
f 7453 7452 7451
f 7773 7774 7453
f 7774 7775 7453
f 7459 7776 7454
f 7776 7777 7454
f 7777 7455 7454
f 7777 7778 7455
f 7778 7779 7455
f 7779 7780 7455
f 7780 7457 7455
f 7457 7456 7455
f 7780 7781 7457
f 7781 7782 7457
f 7782 7724 7457
f 7724 7723 7457
f 7460 7783 7458
f 7783 7784 7458
f 7784 7785 7458
f 7785 7776 7458
f 7776 7459 7458
f 7786 7783 7460
f 7787 7786 7460
f 7788 7787 7460
f 7461 7788 7460
f 7789 7788 7461
f 7462 7789 7461
f 7790 7789 7462
f 7791 7790 7462
f 7463 7791 7462
f 7464 7791 7463
f 7792 7791 7464
f 7465 7792 7464
f 7793 7792 7465
f 7466 7793 7465
f 7794 7793 7466
f 7795 7794 7466
f 7467 7795 7466
f 7468 7795 7467
f 7796 7795 7468
f 7469 7796 7468
f 7797 7796 7469
f 7470 7797 7469
f 7798 7797 7470
f 7799 7798 7470
f 7471 7799 7470
f 7800 7799 7471
f 7801 7800 7471
f 7472 7801 7471
f 7802 7801 7472
f 7473 7802 7472
f 7474 7802 7473
f 7803 7802 7474
f 7804 7803 7474
f 7475 7804 7474
f 7805 7804 7475
f 7476 7805 7475
f 7480 7805 7476
f 7477 7480 7476
f 7478 7480 7477
f 7483 7806 7479
f 7806 7807 7479
f 7807 7480 7479
f 7807 7808 7480
f 7808 7805 7480
f 7518 7809 7481
f 7809 7810 7481
f 7810 7811 7481
f 7811 7482 7481
f 7811 7483 7482
f 7811 7812 7483
f 7812 7813 7483
f 7813 7806 7483
f 7485 7814 7484
f 7815 7814 7485
f 7486 7815 7485
f 7492 7815 7486
f 7487 7492 7486
f 7816 7489 7488
f 7817 7816 7488
f 7510 7817 7488
f 7818 7490 7489
f 7816 7818 7489
f 7819 7491 7490
f 7820 7819 7490
f 7818 7820 7490
f 7821 7499 7491
f 7822 7821 7491
f 7820 7822 7491
f 7819 7820 7491
f 7823 7815 7492
f 7824 7823 7492
f 7494 7824 7492
f 7493 7494 7492
f 7825 7824 7494
f 7826 7825 7494
f 7495 7826 7494
f 7827 7826 7495
f 7496 7827 7495
f 7828 7827 7496
f 7497 7828 7496
f 7829 7828 7497
f 7830 7829 7497
f 7498 7830 7497
f 7821 7830 7498
f 7499 7821 7498
f 7523 7831 7500
f 7831 7832 7500
f 7832 7833 7500
f 7833 7501 7500
f 7833 7834 7501
f 7834 7502 7501
f 7834 7503 7502
f 7834 7835 7503
f 7835 7836 7503
f 7836 7504 7503
f 7836 7837 7504
f 7837 7505 7504
f 7837 7838 7505
f 7838 7506 7505
f 7838 7839 7506
f 7839 7507 7506
f 7839 7508 7507
f 7839 7840 7508
f 7840 7817 7508
f 7817 7509 7508
f 7817 7510 7509
f 7729 7841 7511
f 7841 7512 7511
f 7841 7842 7512
f 7842 7843 7512
f 7843 7513 7512
f 7843 7844 7513
f 7844 7514 7513
f 7844 7516 7514
f 7516 7515 7514
f 7844 7845 7516
f 7845 7846 7516
f 7846 7810 7516
f 7516 7810 7517
f 7810 7809 7517
f 7809 7518 7517
f 6289 7847 7519
f 7847 7848 7519
f 7848 7849 7519
f 7849 7850 7519
f 7850 7520 7519
f 7850 7851 7520
f 7851 7852 7520
f 7852 7521 7520
f 7852 7522 7521
f 7852 7831 7522
f 7831 7523 7522
f 7562 7550 7549
f 7562 7853 7550
f 7853 7854 7550
f 7854 7855 7550
f 7855 7551 7550
f 7855 7856 7551
f 7856 7552 7551
f 7856 7857 7552
f 7857 7553 7552
f 7857 7555 7553
f 7555 7554 7553
f 7857 7858 7555
f 7858 7556 7555
f 7858 7857 7556
f 7857 7859 7556
f 7859 7860 7556
f 7860 7861 7556
f 7861 7862 7556
f 7862 7863 7556
f 7863 7557 7556
f 7863 7559 7557
f 7559 7558 7557
f 7863 7864 7559
f 7864 7865 7559
f 7865 7600 7559
f 7600 7560 7559
f 7566 7866 7562
f 7866 7853 7562
f 7573 7564 7563
f 7573 7867 7564
f 7867 7565 7564
f 7867 7868 7565
f 7868 7869 7565
f 7869 7866 7565
f 7866 7566 7565
f 7568 7569 7567
f 7568 7570 7569
f 7568 7870 7570
f 7870 7571 7570
f 7870 7871 7571
f 7871 7572 7571
f 7871 7573 7572
f 7871 7872 7573
f 7872 7873 7573
f 7873 7867 7573
f 7875 7874 7576
f 7578 7875 7576
f 7577 7578 7576
f 7876 7875 7578
f 7579 7876 7578
f 7877 7876 7579
f 7878 7877 7579
f 7879 7878 7579
f 7880 7879 7579
f 7580 7880 7579
f 7881 7880 7580
f 7581 7881 7580
f 7882 7881 7581
f 7583 7882 7581
f 7582 7583 7581
f 7883 7882 7583
f 7586 7883 7583
f 7584 7586 7583
f 7585 7586 7584
f 7884 7883 7586
f 7587 7884 7586
f 7885 7884 7587
f 7588 7885 7587
f 7886 7885 7588
f 7887 7886 7588
f 7888 7887 7588
f 7589 7888 7588
f 7889 7888 7589
f 7590 7889 7589
f 7890 7889 7590
f 7891 7890 7590
f 7591 7891 7590
f 7592 7891 7591
f 7892 7891 7592
f 7593 7892 7592
f 7893 7892 7593
f 7594 7893 7593
f 7894 7893 7594
f 7595 7894 7594
f 7596 7894 7595
f 7895 7894 7596
f 7896 7895 7596
f 7897 7896 7596
f 7597 7897 7596
f 7898 7897 7597
f 7604 7898 7597
f 7599 7604 7597
f 7598 7599 7597
f 7865 7899 7600
f 7899 7602 7600
f 7602 7601 7600
f 7899 7900 7602
f 7900 7901 7602
f 7901 7902 7602
f 7902 7603 7602
f 7902 7629 7603
f 7903 7898 7604
f 7605 7903 7604
f 7606 7903 7605
f 7607 7904 7606
f 7904 7905 7606
f 7905 7906 7606
f 7906 7907 7606
f 7907 7908 7606
f 7908 7903 7606
f 7608 7909 7607
f 7909 7910 7607
f 7910 7904 7607
f 7911 7909 7608
f 7609 7911 7608
f 7610 7912 7609
f 7912 7913 7609
f 7913 7911 7609
f 7611 7914 7610
f 7914 7915 7610
f 7915 7916 7610
f 7916 7917 7610
f 7917 7912 7610
f 7918 7914 7611
f 7919 7918 7611
f 7920 7919 7611
f 7613 7920 7611
f 7612 7613 7611
f 7618 7921 7616
f 7617 7618 7616
f 7922 7921 7618
f 7620 7922 7618
f 7619 7620 7618
f 7923 7922 7620
f 7621 7923 7620
f 7924 7923 7621
f 7623 7924 7621
f 7622 7623 7621
f 7624 7924 7623
f 7925 7924 7624
f 7627 7925 7624
f 7626 7627 7624
f 7625 7626 7624
f 7926 7925 7627
f 7927 7926 7627
f 7730 7927 7627
f 7628 7730 7627
f 7902 7901 7629
f 7901 7928 7629
f 7928 7929 7629
f 7929 7930 7629
f 7930 7630 7629
f 7930 7631 7630
f 7930 7632 7631
f 7930 7931 7632
f 7931 7932 7632
f 7932 7933 7632
f 7933 7633 7632
f 7933 7635 7633
f 7635 7634 7633
f 7933 7934 7635
f 7934 7935 7635
f 7935 7936 7635
f 7936 7937 7635
f 7937 7636 7635
f 7937 7638 7636
f 7638 7637 7636
f 7937 7938 7638
f 7938 7939 7638
f 7939 7940 7638
f 7940 7639 7638
f 7940 7941 7639
f 7941 7641 7639
f 7641 7640 7639
f 7941 7942 7641
f 7942 7943 7641
f 7943 7944 7641
f 7944 7642 7641
f 7944 7945 7642
f 7945 7643 7642
f 7945 7646 7643
f 7646 7645 7643
f 7645 7644 7643
f 7945 7946 7646
f 7946 7947 7646
f 7947 7948 7646
f 7948 7647 7646
f 7948 7649 7647
f 7649 7648 7647
f 7948 7949 7649
f 7949 7650 7649
f 7949 7950 7650
f 7950 7951 7650
f 7951 7952 7650
f 7952 7652 7650
f 7652 7651 7650
f 7952 7953 7652
f 7953 7954 7652
f 7954 7653 7652
f 7954 7955 7653
f 7955 7655 7653
f 7655 7654 7653
f 7955 7656 7655
f 7955 7956 7656
f 7956 7957 7656
f 7957 7658 7656
f 7658 7657 7656
f 7957 7958 7658
f 7958 7959 7658
f 7959 7659 7658
f 7959 7960 7659
f 7960 7660 7659
f 7960 7961 7660
f 7961 7662 7660
f 7961 7962 7662
f 7962 7963 7662
f 7963 7663 7662
f 7963 7665 7663
f 7665 7664 7663
f 7963 7964 7665
f 7964 7965 7665
f 7965 7666 7665
f 7965 7966 7666
f 7966 7667 7666
f 7966 7967 7667
f 7967 7668 7667
f 7967 7968 7668
f 7968 7669 7668
f 7968 7969 7669
f 7969 7670 7669
f 7969 7970 7670
f 7970 7671 7670
f 7970 7971 7671
f 7971 7672 7671
f 7971 7972 7672
f 7972 7673 7672
f 7972 7973 7673
f 7973 7974 7673
f 7974 7674 7673
f 7974 7675 7674
f 7974 7975 7675
f 7975 7676 7675
f 7975 7976 7676
f 7976 7677 7676
f 7976 7977 7677
f 7977 7678 7677
f 7977 7978 7678
f 7978 7679 7678
f 7978 7979 7679
f 7979 7680 7679
f 7979 7980 7680
f 7980 7682 7680
f 7682 7681 7680
f 7980 7981 7682
f 7981 7982 7682
f 7982 7683 7682
f 7982 7983 7683
f 7983 7685 7683
f 7685 7684 7683
f 7983 7984 7685
f 7984 7985 7685
f 7985 7986 7685
f 7986 7687 7685
f 7687 7686 7685
f 7986 7987 7687
f 7987 7688 7687
f 7987 7690 7688
f 7690 7689 7688
f 7987 7988 7690
f 7988 7989 7690
f 7989 7990 7690
f 7990 7691 7690
f 7990 7991 7691
f 7991 7692 7691
f 7991 7992 7692
f 7992 7693 7692
f 7992 7993 7693
f 7993 7994 7693
f 7994 7695 7693
f 7695 7694 7693
f 7994 7995 7695
f 7995 7696 7695
f 7995 7996 7696
f 7996 7697 7696
f 7996 7997 7697
f 7997 7698 7697
f 7997 7998 7698
f 7998 7999 7698
f 7999 8000 7698
f 8000 7700 7698
f 7700 7699 7698
f 8000 8001 7700
f 8001 8002 7700
f 8002 8003 7700
f 8003 7701 7700
f 8003 7703 7701
f 7703 7702 7701
f 8003 8004 7703
f 8004 7705 7703
f 7705 7704 7703
f 8004 8005 7705
f 8005 8006 7705
f 8006 7707 7705
f 7707 7706 7705
f 8006 7708 7707
f 8006 8007 7708
f 8007 8008 7708
f 8008 8009 7708
f 8009 7712 7708
f 7710 8010 7709
f 8010 7715 7709
f 7711 8010 7710
f 7712 8011 7711
f 8011 8010 7711
f 8009 8011 7712
f 8013 8012 7713
f 7714 8013 7713
f 8014 8013 7714
f 7715 8014 7714
f 8010 8015 7715
f 8015 8014 7715
f 7080 8016 7716
f 8016 8017 7716
f 8017 7718 7716
f 7718 7717 7716
f 8017 7774 7718
f 7774 7773 7718
f 7773 7772 7718
f 7772 7719 7718
f 7782 8018 7724
f 8018 7727 7724
f 7727 7725 7724
f 7727 7726 7725
f 8018 7781 7727
f 7781 8019 7727
f 8019 7728 7727
f 8019 8020 7728
f 8020 8021 7728
f 8021 7841 7728
f 7841 7729 7728
f 7926 7927 7730
f 7731 7926 7730
f 8022 7926 7731
f 8023 8022 7731
f 7732 8023 7731
f 8024 8023 7732
f 7734 8024 7732
f 7733 7734 7732
f 8025 8024 7734
f 8026 8025 7734
f 7736 8026 7734
f 7735 7736 7734
f 8027 8026 7736
f 8028 8027 7736
f 8029 8028 7736
f 7737 8029 7736
f 7739 8029 7737
f 7738 7739 7737
f 8030 8029 7739
f 8031 8030 7739
f 8032 8031 7739
f 7740 8032 7739
f 8033 8032 7740
f 7741 8033 7740
f 8034 8033 7741
f 7742 8034 7741
f 8035 8034 7742
f 7743 8035 7742
f 7745 8035 7743
f 7744 7745 7743
f 8036 8035 7745
f 8037 8036 7745
f 8038 8037 7745
f 7746 8038 7745
f 7748 8038 7746
f 7747 7748 7746
f 8039 8038 7748
f 8040 8039 7748
f 8041 8040 7748
f 7749 8041 7748
f 7751 8041 7749
f 7750 7751 7749
f 8042 8041 7751
f 8043 8042 7751
f 8044 8043 7751
f 7752 8044 7751
f 7753 8044 7752
f 7754 8044 7753
f 7755 8044 7754
f 7757 8045 7756
f 7759 8045 7757
f 7758 7759 7757
f 8046 8045 7759
f 7761 8046 7759
f 7760 7761 7759
f 8047 8046 7761
f 8048 8047 7761
f 7762 8048 7761
f 8049 8048 7762
f 8050 8049 7762
f 8051 8050 7762
f 7763 8051 7762
f 8052 8051 7763
f 7764 8052 7763
f 7765 8052 7764
f 8053 8052 7765
f 8054 8053 7765
f 7766 8054 7765
f 7767 8054 7766
f 8055 8054 7767
f 7768 8055 7767
f 8056 8055 7768
f 8057 8056 7768
f 7771 8057 7768
f 7769 7771 7768
f 7770 7771 7769
f 8058 8057 7771
f 8059 8058 7771
f 7446 8059 7771
f 8017 8060 7774
f 8060 7775 7774
f 8060 8016 7775
f 8016 8061 7775
f 7785 8062 7776
f 8062 8063 7776
f 8063 7778 7776
f 7778 7777 7776
f 8063 8064 7778
f 8064 8065 7778
f 8065 8066 7778
f 8066 8067 7778
f 8067 8068 7778
f 8068 7779 7778
f 8068 7781 7779
f 7781 7780 7779
f 8068 8067 7781
f 8067 8020 7781
f 8020 8019 7781
f 8018 7782 7781
f 7786 8069 7783
f 8069 8070 7783
f 8070 8071 7783
f 8071 7784 7783
f 8071 8072 7784
f 8072 8073 7784
f 8073 8062 7784
f 8062 7785 7784
f 8074 8069 7786
f 8075 8074 7786
f 7787 8075 7786
f 8076 8075 7787
f 7789 8076 7787
f 7788 7789 7787
f 8077 8076 7789
f 7790 8077 7789
f 8078 8077 7790
f 7791 8078 7790
f 8079 8078 7791
f 7792 8079 7791
f 8080 8079 7792
f 7793 8080 7792
f 8081 8080 7793
f 8082 8081 7793
f 7794 8082 7793
f 7795 8082 7794
f 8083 8082 7795
f 7796 8083 7795
f 8084 8083 7796
f 7797 8084 7796
f 8085 8084 7797
f 8086 8085 7797
f 7798 8086 7797
f 7799 8086 7798
f 7800 8086 7799
f 8087 8086 7800
f 7801 8087 7800
f 8088 8087 7801
f 8089 8088 7801
f 8090 8089 7801
f 7802 8090 7801
f 7803 8090 7802
f 8091 8090 7803
f 7804 8091 7803
f 7808 8091 7804
f 7805 7808 7804
f 7813 8092 7806
f 8092 7807 7806
f 8092 8093 7807
f 8093 8094 7807
f 8094 7808 7807
f 8094 8095 7808
f 8095 8096 7808
f 8096 8091 7808
f 7846 8097 7810
f 8097 7811 7810
f 8097 8098 7811
f 8098 8099 7811
f 8099 7812 7811
f 8099 8100 7812
f 8100 7813 7812
f 8100 8092 7813
f 8101 7818 7816
f 8102 8101 7816
f 8103 8102 7816
f 7817 8103 7816
f 8104 8103 7817
f 8105 8104 7817
f 7840 8105 7817
f 8101 7820 7818
f 8106 7822 7820
f 8107 8106 7820
f 8108 8107 7820
f 8109 8108 7820
f 8101 8109 7820
f 8110 7830 7821
f 7822 8110 7821
f 8111 8110 7822
f 8106 8111 7822
f 7825 8112 7823
f 7824 7825 7823
f 8113 8112 7825
f 8114 8113 7825
f 8115 8114 7825
f 7826 8115 7825
f 8116 8115 7826
f 7827 8116 7826
f 8117 8116 7827
f 7828 8117 7827
f 8118 8117 7828
f 8110 8118 7828
f 7829 8110 7828
f 7830 8110 7829
f 7852 8119 7831
f 8119 8120 7831
f 8120 8121 7831
f 8121 7832 7831
f 8121 8122 7832
f 8122 7833 7832
f 8122 8123 7833
f 8123 7834 7833
f 8123 8124 7834
f 8124 7835 7834
f 8124 8125 7835
f 8125 7836 7835
f 8125 7837 7836
f 8125 8126 7837
f 8126 7838 7837
f 8126 8105 7838
f 8105 7839 7838
f 8105 7840 7839
f 8021 8127 7841
f 8127 8128 7841
f 8128 7842 7841
f 8128 7843 7842
f 8128 8129 7843
f 8129 8130 7843
f 8130 7845 7843
f 7845 7844 7843
f 8130 8131 7845
f 8131 8132 7845
f 8132 8133 7845
f 8133 8134 7845
f 8134 7846 7845
f 8134 8097 7846
f 7847 8135 7848
f 8135 7849 7848
f 8136 7850 7849
f 8136 8137 7850
f 8137 7851 7850
f 8137 8119 7851
f 8119 7852 7851
f 7866 8138 7853
f 8138 8139 7853
f 8139 8140 7853
f 8140 7854 7853
f 8140 8141 7854
f 8141 7855 7854
f 8141 8142 7855
f 8142 7856 7855
f 8142 7857 7856
f 8142 8143 7857
f 8143 7859 7857
f 8143 8144 7859
f 8144 7860 7859
f 8144 8145 7860
f 8145 8146 7860
f 8146 8147 7860
f 8147 8148 7860
f 8148 7861 7860
f 8148 8149 7861
f 8149 7862 7861
f 8149 7864 7862
f 7864 7863 7862
f 8149 8150 7864
f 8150 8151 7864
f 8151 7899 7864
f 7899 7865 7864
f 7869 8152 7866
f 8152 8138 7866
f 7873 7868 7867
f 7873 8153 7868
f 8153 8154 7868
f 8154 8152 7868
f 8152 7869 7868
f 8155 7874 7875
f 7876 8155 7875
f 8156 8155 7876
f 7877 8156 7876
f 8157 8156 7877
f 8158 8157 7877
f 8159 8158 7877
f 7878 8159 7877
f 8160 8159 7878
f 8161 8160 7878
f 7879 8161 7878
f 7881 8161 7879
f 7880 7881 7879
f 8162 8161 7881
f 7884 8162 7881
f 7882 7884 7881
f 7883 7884 7882
f 8163 8162 7884
f 7885 8163 7884
f 8164 8163 7885
f 8165 8164 7885
f 8166 8165 7885
f 7886 8166 7885
f 8167 8166 7886
f 7887 8167 7886
f 8168 8167 7887
f 7889 8168 7887
f 7888 7889 7887
f 8169 8168 7889
f 8170 8169 7889
f 7890 8170 7889
f 7891 8170 7890
f 8171 8170 7891
f 8172 8171 7891
f 7892 8172 7891
f 7893 8172 7892
f 8171 8172 7893
f 8173 8171 7893
f 7895 8173 7893
f 7894 7895 7893
f 8174 8173 7895
f 8175 8174 7895
f 8176 8175 7895
f 7896 8176 7895
f 8175 8176 7896
f 7897 8175 7896
f 8177 8175 7897
f 7898 8177 7897
f 7908 8177 7898
f 7903 7908 7898
f 8151 8178 7899
f 8178 7900 7899
f 8178 8179 7900
f 8179 7928 7900
f 7928 7901 7900
f 7910 7905 7904
f 7910 8180 7905
f 8181 8182 7906
f 8182 7907 7906
f 8182 8183 7907
f 8183 8184 7907
f 8184 8177 7907
f 8177 7908 7907
f 7911 7913 7909
f 7913 8185 7909
f 8185 7910 7909
f 8185 8186 7910
f 8186 8180 7910
f 7917 8185 7912
f 8185 7913 7912
f 7918 8187 7914
f 8187 7915 7914
f 8187 8188 7915
f 8188 8189 7915
f 8189 7916 7915
f 8189 8190 7916
f 8190 7917 7916
f 8190 8186 7917
f 8186 8185 7917
f 7919 8191 7918
f 8191 8187 7918
f 8192 8193 7919
f 8193 8191 7919
f 7924 8194 7923
f 7926 8195 7925
f 8195 8196 7925
f 8196 8197 7925
f 8198 8195 7926
f 8199 8198 7926
f 8022 8199 7926
f 8179 7929 7928
f 8179 8200 7929
f 8200 7930 7929
f 8200 8201 7930
f 8201 8202 7930
f 8202 7931 7930
f 8202 8203 7931
f 8203 8204 7931
f 8204 7933 7931
f 7933 7932 7931
f 8204 7934 7933
f 8204 8205 7934
f 8205 7935 7934
f 8205 8206 7935
f 8206 8207 7935
f 8207 8208 7935
f 8208 7936 7935
f 8208 7938 7936
f 7938 7937 7936
f 8208 8209 7938
f 8209 8210 7938
f 8210 8211 7938
f 8211 7939 7938
f 8211 7942 7939
f 7942 7941 7939
f 7941 7940 7939
f 8211 8212 7942
f 8212 8213 7942
f 8213 8214 7942
f 8214 8215 7942
f 8215 7943 7942
f 8215 7944 7943
f 8215 8214 7944
f 8214 8216 7944
f 8216 7946 7944
f 7946 7945 7944
f 8216 8217 7946
f 8217 8218 7946
f 8218 7947 7946
f 8218 8219 7947
f 8219 7949 7947
f 7949 7948 7947
f 8219 7951 7949
f 7951 7950 7949
f 8219 8220 7951
f 8220 8221 7951
f 8221 8222 7951
f 8222 7953 7951
f 7953 7952 7951
f 8222 8223 7953
f 8223 8224 7953
f 8224 7954 7953
f 8224 7956 7954
f 7956 7955 7954
f 8224 8225 7956
f 8225 8226 7956
f 8226 8227 7956
f 8227 7958 7956
f 7958 7957 7956
f 8227 8228 7958
f 8228 8229 7958
f 8229 8230 7958
f 8230 7959 7958
f 8230 8231 7959
f 8231 7961 7959
f 7961 7960 7959
f 8231 8232 7961
f 8232 8233 7961
f 8233 7962 7961
f 8233 8234 7962
f 8234 7963 7962
f 8234 8235 7963
f 8235 7964 7963
f 8235 8236 7964
f 8236 7965 7964
f 8236 8237 7965
f 8237 7967 7965
f 7967 7966 7965
f 8237 8238 7967
f 8238 8239 7967
f 8239 7968 7967
f 8239 8240 7968
f 8240 7969 7968
f 8240 8241 7969
f 8241 7970 7969
f 8241 8242 7970
f 8242 7971 7970
f 8242 8243 7971
f 8243 7972 7971
f 8243 8244 7972
f 8244 7973 7972
f 8244 8245 7973
f 8245 7974 7973
f 8245 8246 7974
f 8246 7975 7974
f 8246 8247 7975
f 8247 7977 7975
f 7977 7976 7975
f 8247 8248 7977
f 8248 8249 7977
f 8249 7978 7977
f 8249 8250 7978
f 8250 8251 7978
f 8251 7979 7978
f 8251 7981 7979
f 7981 7980 7979
f 8251 8252 7981
f 8252 8253 7981
f 8253 7982 7981
f 8253 8254 7982
f 8254 7984 7982
f 7984 7983 7982
f 8254 8255 7984
f 8255 8256 7984
f 8256 7985 7984
f 8256 8257 7985
f 8257 7988 7985
f 7988 7987 7985
f 7987 7986 7985
f 8257 8258 7988
f 8258 7989 7988
f 8258 8259 7989
f 8259 7990 7989
f 8259 8260 7990
f 8260 7992 7990
f 7992 7991 7990
f 8260 8261 7992
f 8261 8262 7992
f 8262 7993 7992
f 8262 8263 7993
f 8263 7995 7993
f 7995 7994 7993
f 8263 8264 7995
f 8264 8265 7995
f 8265 7996 7995
f 8265 7998 7996
f 7998 7997 7996
f 8265 8266 7998
f 8266 8267 7998
f 8267 8268 7998
f 8268 8269 7998
f 8269 7999 7998
f 8269 8001 7999
f 8001 8000 7999
f 8269 8270 8001
f 8270 8271 8001
f 8271 8272 8001
f 8272 8002 8001
f 8272 8004 8002
f 8004 8003 8002
f 8272 8005 8004
f 8272 8271 8005
f 8271 8273 8005
f 8273 8274 8005
f 8274 8007 8005
f 8007 8006 8005
f 8274 8275 8007
f 8275 8276 8007
f 8276 8277 8007
f 8277 8008 8007
f 8277 8009 8008
f 8277 8278 8009
f 8278 8279 8009
f 8279 8015 8009
f 8015 8011 8009
f 8011 8015 8010
f 8280 8012 8013
f 8281 8280 8013
f 8014 8281 8013
f 8015 8282 8014
f 8282 8281 8014
f 8279 8282 8015
f 7080 8061 8016
f 8060 8017 8016
f 8067 8066 8020
f 8066 8283 8020
f 8283 8127 8020
f 8127 8021 8020
f 8023 8284 8022
f 8284 8285 8022
f 8285 8286 8022
f 8286 8287 8022
f 8287 8199 8022
f 8288 8284 8023
f 8024 8288 8023
f 8289 8288 8024
f 8025 8289 8024
f 8290 8289 8025
f 8291 8290 8025
f 8028 8291 8025
f 8027 8028 8025
f 8026 8027 8025
f 8030 8291 8028
f 8029 8030 8028
f 8292 8291 8030
f 8293 8292 8030
f 8294 8293 8030
f 8031 8294 8030
f 8295 8294 8031
f 8032 8295 8031
f 8296 8295 8032
f 8033 8296 8032
f 8297 8296 8033
f 8034 8297 8033
f 8035 8297 8034
f 8298 8297 8035
f 8036 8298 8035
f 8299 8298 8036
f 8037 8299 8036
f 8300 8299 8037
f 8039 8300 8037
f 8038 8039 8037
f 8301 8300 8039
f 8302 8301 8039
f 8040 8302 8039
f 8303 8302 8040
f 8305 8304 8045
f 8306 8305 8045
f 8047 8306 8045
f 8046 8047 8045
f 8307 8306 8047
f 8308 8307 8047
f 8048 8308 8047
f 8309 8308 8048
f 8049 8309 8048
f 8310 8309 8049
f 8311 8310 8049
f 8050 8311 8049
f 8051 8311 8050
f 8312 8311 8051
f 8313 8312 8051
f 8052 8313 8051
f 8314 8313 8052
f 8053 8314 8052
f 8054 8314 8053
f 8315 8314 8054
f 8316 8315 8054
f 8055 8316 8054
f 8317 8316 8055
f 8318 8317 8055
f 8056 8318 8055
f 8319 8318 8056
f 8057 8319 8056
f 8320 8319 8057
f 8058 8320 8057
f 8321 8320 8058
f 8322 8321 8058
f 8012 8322 8058
f 8059 8012 8058
f 7713 8012 8059
f 8073 8064 8062
f 8064 8063 8062
f 8073 8323 8064
f 8323 8324 8064
f 8324 8065 8064
f 8324 8325 8065
f 8325 8326 8065
f 8326 8283 8065
f 8283 8066 8065
f 8074 8327 8069
f 8327 8328 8069
f 8328 8329 8069
f 8329 8330 8069
f 8330 8331 8069
f 8331 8071 8069
f 8071 8070 8069
f 8331 8332 8071
f 8332 8333 8071
f 8333 8334 8071
f 8334 8323 8071
f 8323 8072 8071
f 8323 8073 8072
f 8335 8327 8074
f 8336 8335 8074
f 8075 8336 8074
f 8337 8336 8075
f 8076 8337 8075
f 8338 8337 8076
f 8077 8338 8076
f 8339 8338 8077
f 8078 8339 8077
f 8340 8339 8078
f 8079 8340 8078
f 8080 8340 8079
f 8341 8340 8080
f 8342 8341 8080
f 8081 8342 8080
f 8082 8342 8081
f 8343 8342 8082
f 8083 8343 8082
f 8344 8343 8083
f 8345 8344 8083
f 8084 8345 8083
f 8085 8345 8084
f 8346 8345 8085
f 8086 8346 8085
f 8347 8346 8086
f 8089 8347 8086
f 8089 8086 8087
f 8088 8089 8087
f 8096 8347 8089
f 8090 8096 8089
f 8091 8096 8090
f 8100 8348 8092
f 8348 8349 8092
f 8349 8350 8092
f 8350 8093 8092
f 8350 8351 8093
f 8351 8094 8093
f 8351 8352 8094
f 8352 8353 8094
f 8353 8095 8094
f 8353 8096 8095
f 8354 8347 8096
f 8353 8354 8096
f 8134 8355 8097
f 8355 8098 8097
f 8355 8356 8098
f 8356 8357 8098
f 8357 8358 8098
f 8358 8099 8098
f 8358 8348 8099
f 8348 8100 8099
f 8103 8109 8101
f 8102 8103 8101
f 8360 8109 8103
f 8361 8360 8103
f 8362 8361 8103
f 8363 8362 8103
f 8104 8363 8103
f 8105 8364 8104
f 8364 8363 8104
f 8126 8364 8105
f 8365 8111 8106
f 8366 8365 8106
f 8367 8366 8106
f 8107 8367 8106
f 8368 8367 8107
f 8360 8368 8107
f 8108 8360 8107
f 8109 8360 8108
f 8369 8118 8110
f 8111 8369 8110
f 8370 8369 8111
f 8365 8370 8111
f 8371 8359 8113
f 8372 8371 8113
f 8114 8372 8113
f 8373 8372 8114
f 8115 8373 8114
f 8374 8373 8115
f 8116 8374 8115
f 8375 8374 8116
f 8117 8375 8116
f 8369 8375 8117
f 8118 8369 8117
f 8137 8376 8119
f 8376 8377 8119
f 8377 8378 8119
f 8378 8120 8119
f 8378 8379 8120
f 8379 8121 8120
f 8379 8380 8121
f 8380 8122 8121
f 8380 8381 8122
f 8381 8123 8122
f 8381 8382 8123
f 8382 8124 8123
f 8382 8383 8124
f 8383 8125 8124
f 8383 8364 8125
f 8364 8126 8125
f 8283 8384 8127
f 8384 8385 8127
f 8385 8128 8127
f 8385 8386 8128
f 8386 8129 8128
f 8386 8131 8129
f 8131 8130 8129
f 8386 8387 8131
f 8387 8388 8131
f 8388 8389 8131
f 8389 8132 8131
f 8389 8355 8132
f 8355 8133 8132
f 8355 8134 8133
f 8390 8376 8136
f 8376 8137 8136
f 8152 8392 8138
f 8392 8393 8138
f 8393 8394 8138
f 8394 8395 8138
f 8395 8139 8138
f 8395 8140 8139
f 8395 8396 8140
f 8396 8141 8140
f 8396 8143 8141
f 8143 8142 8141
f 8396 8397 8143
f 8397 8144 8143
f 8397 8145 8144
f 8397 8398 8145
f 8398 8399 8145
f 8399 8400 8145
f 8400 8401 8145
f 8401 8402 8145
f 8402 8146 8145
f 8402 8403 8146
f 8403 8147 8146
f 8403 8404 8147
f 8404 8405 8147
f 8405 8148 8147
f 8405 8150 8148
f 8150 8149 8148
f 8405 8406 8150
f 8406 8178 8150
f 8178 8151 8150
f 8154 8407 8152
f 8407 8392 8152
f 8408 8407 8153
f 8407 8154 8153
f 8410 8409 8157
f 8411 8410 8157
f 8158 8411 8157
f 8159 8411 8158
f 8412 8411 8159
f 8413 8412 8159
f 8160 8413 8159
f 8163 8413 8160
f 8161 8163 8160
f 8162 8163 8161
f 8414 8413 8163
f 8164 8414 8163
f 8415 8414 8164
f 8416 8415 8164
f 8417 8416 8164
f 8166 8417 8164
f 8165 8166 8164
f 8418 8417 8166
f 8167 8418 8166
f 8419 8418 8167
f 8169 8419 8167
f 8168 8169 8167
f 8170 8419 8169
f 8174 8419 8170
f 8173 8174 8170
f 8171 8173 8170
f 8420 8174 8175
f 8183 8420 8175
f 8184 8183 8175
f 8177 8184 8175
f 8406 8421 8178
f 8421 8422 8178
f 8422 8200 8178
f 8200 8179 8178
f 8186 8423 8180
f 8424 8425 8181
f 8425 8183 8181
f 8183 8182 8181
f 8426 8420 8183
f 8425 8426 8183
f 8190 8427 8186
f 8427 8423 8186
f 8191 8193 8187
f 8193 8188 8187
f 8428 8189 8188
f 8428 8427 8189
f 8427 8190 8189
f 7924 8197 8194
f 8197 8429 8194
f 8429 8430 8194
f 8198 8431 8195
f 8431 8432 8195
f 8432 8433 8195
f 8433 8196 8195
f 8433 8434 8196
f 8434 8197 8196
f 8434 8435 8197
f 8435 8429 8197
f 7924 7925 8197
f 8199 8436 8198
f 8436 8437 8198
f 8437 8438 8198
f 8438 8431 8198
f 8287 8439 8199
f 8439 8436 8199
f 8422 8440 8200
f 8440 8201 8200
f 8440 8202 8201
f 8440 8441 8202
f 8441 8442 8202
f 8442 8443 8202
f 8443 8444 8202
f 8444 8203 8202
f 8444 8205 8203
f 8205 8204 8203
f 8444 8206 8205
f 8444 8445 8206
f 8445 8446 8206
f 8446 8447 8206
f 8447 8207 8206
f 8447 8209 8207
f 8209 8208 8207
f 8447 8448 8209
f 8448 8449 8209
f 8449 8450 8209
f 8450 8210 8209
f 8450 8212 8210
f 8212 8211 8210
f 8450 8451 8212
f 8451 8452 8212
f 8452 8453 8212
f 8453 8213 8212
f 8453 8454 8213
f 8454 8214 8213
f 8454 8216 8214
f 8454 8455 8216
f 8455 8456 8216
f 8456 8457 8216
f 8457 8218 8216
f 8218 8217 8216
f 8457 8458 8218
f 8458 8459 8218
f 8459 8220 8218
f 8220 8219 8218
f 8459 8460 8220
f 8460 8461 8220
f 8461 8462 8220
f 8462 8221 8220
f 8462 8463 8221
f 8463 8464 8221
f 8464 8222 8221
f 8464 8465 8222
f 8465 8223 8222
f 8465 8225 8223
f 8225 8224 8223
f 8465 8466 8225
f 8466 8467 8225
f 8467 8468 8225
f 8468 8227 8225
f 8227 8226 8225
f 8468 8469 8227
f 8469 8228 8227
f 8469 8470 8228
f 8470 8471 8228
f 8471 8229 8228
f 8471 8472 8229
f 8472 8473 8229
f 8473 8230 8229
f 8473 8232 8230
f 8232 8231 8230
f 8473 8474 8232
f 8474 8475 8232
f 8475 8233 8232
f 8475 8476 8233
f 8476 8235 8233
f 8235 8234 8233
f 8476 8477 8235
f 8477 8478 8235
f 8478 8236 8235
f 8478 8479 8236
f 8479 8237 8236
f 8479 8480 8237
f 8480 8238 8237
f 8480 8481 8238
f 8481 8239 8238
f 8481 8482 8239
f 8482 8240 8239
f 8482 8483 8240
f 8483 8241 8240
f 8483 8484 8241
f 8484 8242 8241
f 8484 8485 8242
f 8485 8243 8242
f 8485 8486 8243
f 8486 8244 8243
f 8486 8487 8244
f 8487 8246 8244
f 8246 8245 8244
f 8487 8488 8246
f 8488 8489 8246
f 8489 8490 8246
f 8490 8247 8246
f 8490 8491 8247
f 8491 8248 8247
f 8491 8492 8248
f 8492 8493 8248
f 8493 8249 8248
f 8493 8250 8249
f 8493 8494 8250
f 8494 8251 8250
f 8494 8495 8251
f 8495 8252 8251
f 8495 8496 8252
f 8496 8497 8252
f 8497 8253 8252
f 8497 8255 8253
f 8255 8254 8253
f 8497 8498 8255
f 8498 8499 8255
f 8499 8500 8255
f 8500 8257 8255
f 8257 8256 8255
f 8500 8501 8257
f 8501 8502 8257
f 8502 8503 8257
f 8503 8258 8257
f 8503 8504 8258
f 8504 8505 8258
f 8505 8259 8258
f 8505 8261 8259
f 8261 8260 8259
f 8505 8506 8261
f 8506 8507 8261
f 8507 8262 8261
f 8507 8508 8262
f 8508 8509 8262
f 8509 8264 8262
f 8264 8263 8262
f 8509 8510 8264
f 8510 8511 8264
f 8511 8266 8264
f 8266 8265 8264
f 8511 8512 8266
f 8512 8513 8266
f 8513 8267 8266
f 8513 8514 8267
f 8514 8515 8267
f 8515 8270 8267
f 8270 8268 8267
f 8270 8269 8268
f 8515 8516 8270
f 8516 8517 8270
f 8517 8273 8270
f 8273 8271 8270
f 8517 8518 8273
f 8518 8519 8273
f 8519 8274 8273
f 8519 8520 8274
f 8520 8275 8274
f 8520 8521 8275
f 8521 8277 8275
f 8277 8276 8275
f 8521 8522 8277
f 8522 8523 8277
f 8523 8278 8277
f 8523 8524 8278
f 8524 8282 8278
f 8282 8279 8278
f 8525 8012 8280
f 8526 8525 8280
f 8281 8526 8280
f 8282 8527 8281
f 8527 8526 8281
f 8524 8528 8282
f 8528 8529 8282
f 8529 8527 8282
f 8326 8384 8283
f 8288 8530 8284
f 8530 8285 8284
f 8530 8531 8285
f 8531 8532 8285
f 8532 8287 8285
f 8287 8286 8285
f 8532 8533 8287
f 8533 8534 8287
f 8534 8535 8287
f 8535 8439 8287
f 8289 8536 8288
f 8536 8537 8288
f 8537 8530 8288
f 8290 8538 8289
f 8538 8539 8289
f 8539 8536 8289
f 8292 8540 8290
f 8291 8292 8290
f 8541 8540 8292
f 8293 8541 8292
f 8542 8541 8293
f 8294 8542 8293
f 8543 8542 8294
f 8295 8543 8294
f 8544 8543 8295
f 8296 8544 8295
f 8297 8544 8296
f 8545 8544 8297
f 8546 8545 8297
f 8298 8546 8297
f 8547 8546 8298
f 8299 8547 8298
f 8301 8547 8299
f 8300 8301 8299
f 8548 8547 8301
f 8549 8548 8301
f 8302 8549 8301
f 8550 8549 8302
f 8303 8550 8302
f 8305 8551 8304
f 8306 8551 8305
f 8552 8551 8306
f 8308 8552 8306
f 8307 8308 8306
f 8553 8552 8308
f 8554 8553 8308
f 8555 8554 8308
f 8309 8555 8308
f 8556 8555 8309
f 8310 8556 8309
f 8312 8556 8310
f 8311 8312 8310
f 8557 8556 8312
f 8558 8557 8312
f 8559 8558 8312
f 8313 8559 8312
f 8315 8559 8313
f 8314 8315 8313
f 8560 8559 8315
f 8316 8560 8315
f 8561 8560 8316
f 8562 8561 8316
f 8563 8562 8316
f 8564 8563 8316
f 8564 8316 8317
f 8565 8564 8317
f 8566 8565 8317
f 8567 8566 8317
f 8318 8567 8317
f 8568 8567 8318
f 8319 8568 8318
f 8321 8568 8319
f 8320 8321 8319
f 8569 8568 8321
f 8570 8569 8321
f 8571 8570 8321
f 8322 8571 8321
f 8525 8571 8322
f 8012 8525 8322
f 6770 8061 7080
f 8334 8572 8323
f 8572 8324 8323
f 8572 8573 8324
f 8573 8325 8324
f 8573 8385 8325
f 8385 8384 8325
f 8384 8326 8325
f 8335 8574 8327
f 8574 8575 8327
f 8575 8576 8327
f 8576 8328 8327
f 8576 8577 8328
f 8577 8578 8328
f 8578 8579 8328
f 8579 8329 8328
f 8579 8580 8329
f 8580 8581 8329
f 8581 8582 8329
f 8582 8583 8329
f 8583 8330 8329
f 8583 8332 8330
f 8332 8331 8330
f 8583 8582 8332
f 8582 8584 8332
f 8584 8585 8332
f 8585 8586 8332
f 8586 8333 8332
f 8586 8572 8333
f 8572 8334 8333
f 8587 8574 8335
f 8588 8587 8335
f 8589 8588 8335
f 8336 8589 8335
f 8590 8589 8336
f 8337 8590 8336
f 8338 8590 8337
f 8591 8590 8338
f 8339 8591 8338
f 8592 8591 8339
f 8340 8592 8339
f 8593 8592 8340
f 8594 8593 8340
f 8341 8594 8340
f 8342 8594 8341
f 8595 8594 8342
f 8596 8595 8342
f 8343 8596 8342
f 8597 8596 8343
f 8344 8597 8343
f 8345 8597 8344
f 8598 8597 8345
f 8599 8598 8345
f 8346 8599 8345
f 8354 8599 8346
f 8347 8354 8346
f 8358 8600 8348
f 8600 8601 8348
f 8601 8602 8348
f 8602 8603 8348
f 8603 8349 8348
f 8603 8604 8349
f 8604 8350 8349
f 8604 8605 8350
f 8605 8351 8350
f 8605 8606 8351
f 8606 8352 8351
f 8607 8353 8352
f 8606 8607 8352
f 8608 8354 8353
f 8607 8608 8353
f 8609 8599 8354
f 8608 8609 8354
f 8389 8610 8355
f 8610 8356 8355
f 8610 8611 8356
f 8611 8612 8356
f 8612 8358 8356
f 8358 8357 8356
f 8612 8613 8358
f 8613 8614 8358
f 8614 8600 8358
f 8615 8368 8360
f 8616 8615 8360
f 8617 8616 8360
f 8618 8617 8360
f 8361 8618 8360
f 8619 8618 8361
f 8620 8619 8361
f 8362 8620 8361
f 8363 8620 8362
f 8364 8621 8363
f 8621 8620 8363
f 8383 8621 8364
f 8622 8370 8365
f 8623 8622 8365
f 8624 8623 8365
f 8625 8624 8365
f 8366 8625 8365
f 8626 8625 8366
f 8367 8626 8366
f 8615 8626 8367
f 8368 8615 8367
f 8627 8375 8369
f 8370 8627 8369
f 8628 8627 8370
f 8622 8628 8370
f 8629 8359 8371
f 8630 8629 8371
f 8372 8630 8371
f 8631 8630 8372
f 8373 8631 8372
f 8627 8631 8373
f 8374 8627 8373
f 8375 8627 8374
f 8390 8391 8376
f 8391 8632 8376
f 8632 8633 8376
f 8633 8377 8376
f 8633 8634 8377
f 8634 8635 8377
f 8635 8378 8377
f 8635 8636 8378
f 8636 8379 8378
f 8636 8637 8379
f 8637 8380 8379
f 8637 8638 8380
f 8638 8381 8380
f 8638 8639 8381
f 8639 8382 8381
f 8639 8621 8382
f 8621 8383 8382
f 8573 8387 8385
f 8387 8386 8385
f 8573 8586 8387
f 8586 8585 8387
f 8585 8640 8387
f 8640 8641 8387
f 8641 8388 8387
f 8641 8610 8388
f 8610 8389 8388
f 8407 8642 8392
f 8642 8643 8392
f 8643 8644 8392
f 8644 8393 8392
f 8644 8645 8393
f 8645 8394 8393
f 8645 8646 8394
f 8646 8397 8394
f 8397 8395 8394
f 8397 8396 8395
f 8646 8647 8397
f 8647 8398 8397
f 8647 8399 8398
f 8647 8648 8399
f 8648 8649 8399
f 8649 8650 8399
f 8650 8400 8399
f 8650 8401 8400
f 8650 8651 8401
f 8651 8652 8401
f 8652 8653 8401
f 8653 8654 8401
f 8654 8402 8401
f 8654 8404 8402
f 8404 8403 8402
f 8654 8653 8404
f 8653 8655 8404
f 8655 8656 8404
f 8656 8406 8404
f 8406 8405 8404
f 8656 8657 8406
f 8657 8421 8406
f 8408 8658 8407
f 8658 8642 8407
f 8659 8409 8410
f 8660 8659 8410
f 8661 8660 8410
f 8411 8661 8410
f 8414 8661 8411
f 8412 8414 8411
f 8413 8414 8412
f 8415 8661 8414
f 8660 8661 8415
f 8662 8660 8415
f 8663 8662 8415
f 8416 8663 8415
f 8418 8663 8416
f 8417 8418 8416
f 8664 8663 8418
f 8665 8418 8419
f 8174 8665 8419
f 8426 8174 8420
f 8657 8666 8421
f 8666 8440 8421
f 8440 8422 8421
f 8667 8668 8424
f 8668 8669 8424
f 8669 8670 8424
f 8670 8426 8424
f 8426 8425 8424
f 8670 8671 8426
f 8428 8423 8427
f 8435 8672 8429
f 8672 8673 8429
f 8673 8430 8429
f 8673 8674 8430
f 8438 8675 8431
f 8675 8676 8431
f 8676 8432 8431
f 8676 8677 8432
f 8677 8433 8432
f 8677 8435 8433
f 8435 8434 8433
f 8677 8678 8435
f 8678 8679 8435
f 8679 8672 8435
f 8439 8535 8436
f 8535 8680 8436
f 8680 8437 8436
f 8680 8681 8437
f 8681 8438 8437
f 8681 8682 8438
f 8682 8675 8438
f 8666 8683 8440
f 8683 8441 8440
f 8683 8442 8441
f 8683 8684 8442
f 8684 8685 8442
f 8685 8686 8442
f 8686 8687 8442
f 8687 8443 8442
f 8687 8444 8443
f 8687 8688 8444
f 8688 8445 8444
f 8688 8689 8445
f 8689 8690 8445
f 8690 8691 8445
f 8691 8446 8445
f 8691 8448 8446
f 8448 8447 8446
f 8691 8692 8448
f 8692 8693 8448
f 8693 8694 8448
f 8694 8449 8448
f 8694 8451 8449
f 8451 8450 8449
f 8694 8695 8451
f 8695 8696 8451
f 8696 8697 8451
f 8697 8452 8451
f 8697 8698 8452
f 8698 8453 8452
f 8698 8455 8453
f 8455 8454 8453
f 8698 8699 8455
f 8699 8700 8455
f 8700 8701 8455
f 8701 8457 8455
f 8457 8456 8455
f 8701 8702 8457
f 8702 8458 8457
f 8702 8703 8458
f 8703 8460 8458
f 8460 8459 8458
f 8703 8704 8460
f 8704 8705 8460
f 8705 8706 8460
f 8706 8461 8460
f 8706 8707 8461
f 8707 8708 8461
f 8708 8463 8461
f 8463 8462 8461
f 8708 8709 8463
f 8709 8466 8463
f 8466 8465 8463
f 8465 8464 8463
f 8709 8710 8466
f 8710 8711 8466
f 8711 8467 8466
f 8711 8469 8467
f 8469 8468 8467
f 8711 8712 8469
f 8712 8713 8469
f 8713 8714 8469
f 8714 8471 8469
f 8471 8470 8469
f 8714 8715 8471
f 8715 8716 8471
f 8716 8717 8471
f 8717 8718 8471
f 8718 8472 8471
f 8718 8473 8472
f 8718 8719 8473
f 8719 8474 8473
f 8719 8720 8474
f 8720 8475 8474
f 8720 8721 8475
f 8721 8477 8475
f 8477 8476 8475
f 8721 8722 8477
f 8722 8723 8477
f 8723 8478 8477
f 8723 8724 8478
f 8724 8479 8478
f 8724 8725 8479
f 8725 8481 8479
f 8481 8480 8479
f 8725 8726 8481
f 8726 8727 8481
f 8727 8482 8481
f 8727 8728 8482
f 8728 8483 8482
f 8728 8729 8483
f 8729 8484 8483
f 8729 8730 8484
f 8730 8486 8484
f 8486 8485 8484
f 8730 8731 8486
f 8731 8488 8486
f 8488 8487 8486
f 8731 8732 8488
f 8732 8733 8488
f 8733 8734 8488
f 8734 8489 8488
f 8734 8735 8489
f 8735 8736 8489
f 8736 8490 8489
f 8736 8492 8490
f 8492 8491 8490
f 8736 8737 8492
f 8737 8738 8492
f 8739 8493 8492
f 8739 8494 8493
f 8739 8495 8494
f 8739 8740 8495
f 8740 8741 8495
f 8741 8742 8495
f 8742 8743 8495
f 8743 8498 8495
f 8498 8496 8495
f 8498 8497 8496
f 8743 8744 8498
f 8744 8745 8498
f 8745 8501 8498
f 8501 8499 8498
f 8501 8500 8499
f 8745 8746 8501
f 8746 8747 8501
f 8747 8748 8501
f 8748 8749 8501
f 8749 8502 8501
f 8749 8504 8502
f 8504 8503 8502
f 8749 8750 8504
f 8750 8751 8504
f 8751 8752 8504
f 8752 8753 8504
f 8753 8505 8504
f 8753 8754 8505
f 8754 8755 8505
f 8755 8506 8505
f 8755 8507 8506
f 8755 8756 8507
f 8756 8508 8507
f 8756 8757 8508
f 8757 8758 8508
f 8758 8510 8508
f 8510 8509 8508
f 8758 8759 8510
f 8759 8512 8510
f 8512 8511 8510
f 8759 8760 8512
f 8760 8761 8512
f 8761 8513 8512
f 8761 8762 8513
f 8762 8514 8513
f 8762 8763 8514
f 8763 8764 8514
f 8764 8516 8514
f 8516 8515 8514
f 8764 8765 8516
f 8765 8766 8516
f 8766 8518 8516
f 8518 8517 8516
f 8766 8767 8518
f 8767 8768 8518
f 8768 8519 8518
f 8768 8769 8519
f 8769 8770 8519
f 8770 8520 8519
f 8770 8522 8520
f 8522 8521 8520
f 8770 8771 8522
f 8771 8523 8522
f 8771 8772 8523
f 8772 8773 8523
f 8773 8528 8523
f 8528 8524 8523
f 8774 8571 8525
f 8775 8774 8525
f 8526 8775 8525
f 8527 8529 8526
f 8529 8775 8526
f 8773 8776 8528
f 8776 8777 8528
f 8777 8529 8528
f 8777 8778 8529
f 8778 8775 8529
f 8537 8779 8530
f 8779 8780 8530
f 8780 8781 8530
f 8781 8531 8530
f 8781 8782 8531
f 8782 8533 8531
f 8533 8532 8531
f 8782 8783 8533
f 8783 8784 8533
f 8784 8785 8533
f 8785 8534 8533
f 8785 8786 8534
f 8786 8787 8534
f 8787 8535 8534
f 8787 8680 8535
f 8539 8788 8536
f 8788 8789 8536
f 8789 8779 8536
f 8779 8537 8536
f 8790 8791 8538
f 8791 8792 8538
f 8792 8539 8538
f 8792 8788 8539
f 8794 8793 8542
f 8543 8794 8542
f 8544 8794 8543
f 8795 8794 8544
f 8545 8795 8544
f 8796 8795 8545
f 8797 8796 8545
f 8546 8797 8545
f 8548 8797 8546
f 8547 8548 8546
f 8798 8797 8548
f 8799 8798 8548
f 8800 8799 8548
f 8549 8800 8548
f 8801 8800 8549
f 8803 8802 8551
f 8552 8803 8551
f 8804 8803 8552
f 8553 8804 8552
f 8805 8804 8553
f 8806 8805 8553
f 8554 8806 8553
f 8807 8806 8554
f 8555 8807 8554
f 8808 8807 8555
f 8557 8808 8555
f 8556 8557 8555
f 8809 8808 8557
f 8810 8809 8557
f 8811 8810 8557
f 8558 8811 8557
f 8560 8811 8558
f 8559 8560 8558
f 8812 8811 8560
f 8561 8812 8560
f 8813 8812 8561
f 8814 8813 8561
f 8815 8814 8561
f 8816 8815 8561
f 8562 8816 8561
f 8817 8816 8562
f 8563 8817 8562
f 8818 8817 8563
f 8819 8818 8563
f 8565 8819 8563
f 8564 8565 8563
f 8820 8819 8565
f 8821 8820 8565
f 8822 8821 8565
f 8823 8822 8565
f 8566 8823 8565
f 8824 8823 8566
f 8567 8824 8566
f 8569 8824 8567
f 8568 8569 8567
f 8825 8824 8569
f 8826 8825 8569
f 8827 8826 8569
f 8570 8827 8569
f 8774 8827 8570
f 8571 8774 8570
f 8586 8573 8572
f 8587 8828 8574
f 8828 8829 8574
f 8829 8830 8574
f 8830 8575 8574
f 8830 8831 8575
f 8831 8832 8575
f 8832 8576 8575
f 8832 8577 8576
f 8832 8578 8577
f 8832 8833 8578
f 8833 8834 8578
f 8834 8580 8578
f 8580 8579 8578
f 8834 8835 8580
f 8835 8836 8580
f 8836 8837 8580
f 8837 8581 8580
f 8837 8838 8581
f 8838 8584 8581
f 8584 8582 8581
f 8838 8640 8584
f 8640 8585 8584
f 8839 8828 8587
f 8840 8839 8587
f 8841 8840 8587
f 8588 8841 8587
f 8589 8841 8588
f 8842 8841 8589
f 8590 8842 8589
f 8843 8842 8590
f 8591 8843 8590
f 8844 8843 8591
f 8592 8844 8591
f 8845 8844 8592
f 8593 8845 8592
f 8594 8845 8593
f 8846 8845 8594
f 8847 8846 8594
f 8595 8847 8594
f 8596 8847 8595
f 8848 8847 8596
f 8597 8848 8596
f 8849 8848 8597
f 8609 8849 8597
f 8598 8609 8597
f 8599 8609 8598
f 8614 8850 8600
f 8850 8851 8600
f 8851 8601 8600
f 8851 8852 8601
f 8852 8853 8601
f 8853 8602 8601
f 8853 8854 8602
f 8854 8603 8602
f 8854 8855 8603
f 8855 8604 8603
f 8855 8856 8604
f 8856 8857 8604
f 8857 8605 8604
f 8857 8606 8605
f 8858 8607 8606
f 8859 8858 8606
f 8857 8859 8606
f 8860 8608 8607
f 8858 8860 8607
f 8861 8609 8608
f 8860 8861 8608
f 8861 8849 8609
f 8641 8862 8610
f 8862 8611 8610
f 8862 8863 8611
f 8863 8864 8611
f 8864 8613 8611
f 8613 8612 8611
f 8864 8865 8613
f 8865 8866 8613
f 8866 8614 8613
f 8866 8850 8614
f 8867 8626 8615
f 8868 8867 8615
f 8869 8868 8615
f 8870 8869 8615
f 8616 8870 8615
f 8871 8870 8616
f 8617 8871 8616
f 8618 8871 8617
f 8619 8872 8618
f 8872 8871 8618
f 8620 8873 8619
f 8873 8872 8619
f 8621 8874 8620
f 8874 8873 8620
f 8639 8875 8621
f 8875 8874 8621
f 8876 8628 8622
f 8877 8876 8622
f 8878 8877 8622
f 8879 8878 8622
f 8623 8879 8622
f 8880 8879 8623
f 8624 8880 8623
f 8625 8880 8624
f 8867 8880 8625
f 8626 8867 8625
f 8881 8631 8627
f 8876 8881 8627
f 8628 8876 8627
f 8883 8882 8629
f 8884 8883 8629
f 8630 8884 8629
f 8885 8884 8630
f 8881 8885 8630
f 8631 8881 8630
f 8886 8632 8391
f 8886 8887 8632
f 8887 8888 8632
f 8888 8889 8632
f 8889 8633 8632
f 8889 8634 8633
f 8889 8890 8634
f 8890 8635 8634
f 8890 8891 8635
f 8891 8892 8635
f 8892 8636 8635
f 8892 8637 8636
f 8892 8893 8637
f 8893 8638 8637
f 8893 8875 8638
f 8875 8639 8638
f 8838 8894 8640
f 8894 8862 8640
f 8862 8641 8640
f 8658 8895 8642
f 8895 8896 8642
f 8896 8897 8642
f 8897 8898 8642
f 8898 8643 8642
f 8898 8644 8643
f 8898 8899 8644
f 8899 8647 8644
f 8647 8645 8644
f 8647 8646 8645
f 8899 8900 8647
f 8900 8648 8647
f 8900 8901 8648
f 8901 8649 8648
f 8901 8902 8649
f 8902 8903 8649
f 8903 8651 8649
f 8651 8650 8649
f 8903 8904 8651
f 8904 8905 8651
f 8905 8652 8651
f 8905 8906 8652
f 8906 8653 8652
f 8906 8907 8653
f 8907 8655 8653
f 8907 8657 8655
f 8657 8656 8655
f 8907 8908 8657
f 8908 8909 8657
f 8909 8683 8657
f 8683 8666 8657
f 8662 8409 8659
f 8660 8662 8659
f 8910 8409 8662
f 8664 8911 8663
f 8911 8912 8663
f 8912 8913 8663
f 8913 8914 8663
f 8914 8910 8663
f 8418 8915 8664
f 8915 8916 8664
f 8916 8917 8664
f 8917 8918 8664
f 8918 8919 8664
f 8919 8911 8664
f 8174 8920 8665
f 8920 8921 8665
f 8921 8922 8665
f 8922 8923 8665
f 8924 8925 8667
f 8925 8926 8667
f 8926 8927 8667
f 8927 8668 8667
f 8927 8928 8668
f 8928 8669 8668
f 8928 8929 8669
f 8929 8930 8669
f 8930 8670 8669
f 8930 8931 8670
f 8931 8671 8670
f 8931 8932 8671
f 8932 8920 8671
f 8920 8426 8671
f 8679 8933 8672
f 8933 8673 8672
f 8933 8674 8673
f 8933 8934 8674
f 8934 8935 8674
f 8935 8936 8674
f 8936 8937 8674
f 8937 8938 8674
f 8682 8939 8675
f 8939 8940 8675
f 8940 8676 8675
f 8940 8677 8676
f 8940 8941 8677
f 8941 8679 8677
f 8679 8678 8677
f 8941 8942 8679
f 8942 8943 8679
f 8943 8935 8679
f 8935 8934 8679
f 8934 8933 8679
f 8787 8944 8680
f 8944 8682 8680
f 8682 8681 8680
f 8944 8945 8682
f 8945 8946 8682
f 8946 8947 8682
f 8947 8948 8682
f 8948 8939 8682
f 8909 8949 8683
f 8949 8684 8683
f 8949 8950 8684
f 8950 8685 8684
f 8950 8951 8685
f 8951 8952 8685
f 8952 8953 8685
f 8953 8686 8685
f 8953 8688 8686
f 8688 8687 8686
f 8953 8954 8688
f 8954 8955 8688
f 8955 8689 8688
f 8955 8956 8689
f 8956 8957 8689
f 8957 8691 8689
f 8691 8690 8689
f 8957 8958 8691
f 8958 8692 8691
f 8958 8959 8692
f 8959 8960 8692
f 8960 8693 8692
f 8960 8695 8693
f 8695 8694 8693
f 8960 8961 8695
f 8961 8962 8695
f 8962 8696 8695
f 8962 8697 8696
f 8962 8963 8697
f 8963 8964 8697
f 8964 8699 8697
f 8699 8698 8697
f 8964 8965 8699
f 8965 8966 8699
f 8966 8700 8699
f 8966 8702 8700
f 8702 8701 8700
f 8966 8967 8702
f 8967 8968 8702
f 8968 8704 8702
f 8704 8703 8702
f 8968 8969 8704
f 8969 8970 8704
f 8970 8971 8704
f 8971 8705 8704
f 8971 8972 8705
f 8972 8706 8705
f 8972 8973 8706
f 8973 8707 8706
f 8973 8974 8707
f 8974 8709 8707
f 8709 8708 8707
f 8974 8975 8709
f 8975 8711 8709
f 8711 8710 8709
f 8975 8976 8711
f 8976 8712 8711
f 8976 8977 8712
f 8977 8713 8712
f 8977 8978 8713
f 8978 8979 8713
f 8979 8715 8713
f 8715 8714 8713
f 8979 8980 8715
f 8980 8981 8715
f 8981 8717 8715
f 8717 8716 8715
f 8981 8982 8717
f 8982 8983 8717
f 8983 8984 8717
f 8984 8718 8717
f 8984 8719 8718
f 8984 8983 8719
f 8983 8985 8719
f 8985 8986 8719
f 8986 8987 8719
f 8987 8720 8719
f 8987 8988 8720
f 8988 8721 8720
f 8988 8989 8721
f 8989 8722 8721
f 8989 8990 8722
f 8990 8991 8722
f 8991 8723 8722
f 8991 8725 8723
f 8725 8724 8723
f 8991 8992 8725
f 8992 8993 8725
f 8993 8726 8725
f 8993 8994 8726
f 8994 8727 8726
f 8994 8728 8727
f 8994 8995 8728
f 8995 8996 8728
f 8996 8997 8728
f 8997 8998 8728
f 8998 8999 8728
f 8999 8729 8728
f 8999 9000 8729
f 9000 8730 8729
f 9000 8732 8730
f 8732 8731 8730
f 9000 9001 8732
f 9001 9002 8732
f 9002 9003 8732
f 9003 8734 8732
f 8734 8733 8732
f 9003 9004 8734
f 9004 9005 8734
f 9005 8735 8734
f 9005 9006 8735
f 9006 8737 8735
f 8737 8736 8735
f 9006 9007 8737
f 9007 9008 8737
f 9008 8738 8737
f 9008 9009 8738
f 9009 9010 8738
f 9010 8740 8738
f 8740 8739 8738
f 9010 9011 8740
f 9011 8741 8740
f 9012 8744 8742
f 8744 8743 8742
f 9012 8746 8744
f 8746 8745 8744
f 9012 9013 8746
f 9013 9014 8746
f 9014 9015 8746
f 9015 8747 8746
f 9015 9016 8747
f 9016 8750 8747
f 8750 8748 8747
f 8750 8749 8748
f 9016 9017 8750
f 9017 9018 8750
f 9018 8751 8750
f 9018 9019 8751
f 9019 8752 8751
f 9019 9020 8752
f 9020 8754 8752
f 8754 8753 8752
f 9021 8756 8755
f 9021 8757 8756
f 9021 9022 8757
f 9022 9023 8757
f 9023 8759 8757
f 8759 8758 8757
f 9023 9024 8759
f 9024 8760 8759
f 9024 9025 8760
f 9025 9026 8760
f 9026 8761 8760
f 9026 9027 8761
f 9027 8763 8761
f 8763 8762 8761
f 9027 9028 8763
f 9028 9029 8763
f 9029 9030 8763
f 9030 8765 8763
f 8765 8764 8763
f 9030 9031 8765
f 9031 9032 8765
f 9032 8767 8765
f 8767 8766 8765
f 9032 9033 8767
f 9033 8768 8767
f 9033 9034 8768
f 9034 8769 8768
f 9034 9035 8769
f 9035 9036 8769
f 9036 8771 8769
f 8771 8770 8769
f 9036 9037 8771
f 9037 8772 8771
f 9037 9038 8772
f 9038 9039 8772
f 9039 8773 8772
f 9039 9040 8773
f 9040 8776 8773
f 8778 8827 8774
f 8775 8778 8774
f 9040 9041 8776
f 9041 8777 8776
f 9041 9042 8777
f 9042 9043 8777
f 9043 8826 8777
f 8826 8778 8777
f 8826 8827 8778
f 8789 9044 8779
f 9044 9045 8779
f 9045 9046 8779
f 9046 9047 8779
f 9047 8780 8779
f 9047 8781 8780
f 9047 8783 8781
f 8783 8782 8781
f 9047 9048 8783
f 9048 9049 8783
f 9049 9050 8783
f 9050 9051 8783
f 9051 8784 8783
f 9051 8785 8784
f 9051 9052 8785
f 9052 9053 8785
f 9053 8786 8785
f 9053 8787 8786
f 9053 8945 8787
f 8945 8944 8787
f 8792 9054 8788
f 9054 9055 8788
f 9055 9044 8788
f 9044 8789 8788
f 9056 9057 8790
f 9057 9058 8790
f 9058 8791 8790
f 9058 9059 8791
f 9059 8792 8791
f 9059 9054 8792
f 8794 9062 8793
f 8796 9061 8794
f 8794 8795 8796
f 9063 9061 8796
f 8798 9063 8796
f 8797 8798 8796
f 9064 9063 8798
f 9065 9064 8798
f 9066 9065 8798
f 8799 9066 8798
f 8800 9066 8799
f 9067 9066 8800
f 8801 9067 8800
f 9068 9067 8801
f 9071 9070 8802
f 8804 9072 8802
f 8803 8804 8802
f 9073 9072 8804
f 9074 9073 8804
f 9075 9074 8804
f 8805 9075 8804
f 8806 9075 8805
f 9076 9075 8806
f 9077 9076 8806
f 8807 9077 8806
f 9078 9077 8807
f 8809 9078 8807
f 8808 8809 8807
f 9079 9078 8809
f 9080 9079 8809
f 8810 9080 8809
f 8812 9080 8810
f 8811 8812 8810
f 9081 9080 8812
f 8813 9081 8812
f 9082 9081 8813
f 9083 9082 8813
f 9084 9083 8813
f 8814 9084 8813
f 9085 9084 8814
f 8815 9085 8814
f 9086 9085 8815
f 9087 9086 8815
f 8816 9087 8815
f 8817 9087 8816
f 9088 9087 8817
f 9089 9088 8817
f 8818 9089 8817
f 9090 9089 8818
f 8820 9090 8818
f 8819 8820 8818
f 9091 9090 8820
f 8821 9091 8820
f 8822 9092 8821
f 9092 9093 8821
f 9093 9094 8821
f 9094 9095 8821
f 9095 9091 8821
f 9096 9092 8822
f 8823 9096 8822
f 8825 9096 8823
f 8824 8825 8823
f 8826 9043 8825
f 9043 9097 8825
f 9097 9098 8825
f 9098 9099 8825
f 9099 9092 8825
f 9092 9096 8825
f 9100 8829 8828
f 8839 9100 8828
f 9101 8830 8829
f 9102 9101 8829
f 9103 9102 8829
f 9104 9103 8829
f 9105 9104 8829
f 9100 9105 8829
f 9101 9106 8830
f 9106 9107 8830
f 9107 9108 8830
f 9108 8832 8830
f 8832 8831 8830
f 9108 9109 8832
f 9109 9110 8832
f 9110 8833 8832
f 9110 9111 8833
f 9111 9112 8833
f 9112 8835 8833
f 8835 8834 8833
f 9112 9113 8835
f 9113 9114 8835
f 9114 9115 8835
f 9115 8836 8835
f 9115 9116 8836
f 9116 8837 8836
f 9116 8894 8837
f 8894 8838 8837
f 9105 9100 8839
f 9117 9105 8839
f 8840 9117 8839
f 9118 9117 8840
f 8841 9118 8840
f 9119 9118 8841
f 8842 9119 8841
f 9120 9119 8842
f 8843 9120 8842
f 9121 9120 8843
f 9122 9121 8843
f 8844 9122 8843
f 8845 9122 8844
f 9123 9122 8845
f 8846 9123 8845
f 9124 9123 8846
f 8847 9124 8846
f 9125 9124 8847
f 8848 9125 8847
f 8849 9125 8848
f 8861 9125 8849
f 8866 9126 8850
f 9126 9127 8850
f 9127 9128 8850
f 9128 9129 8850
f 9129 8851 8850
f 9129 8852 8851
f 9129 9130 8852
f 9130 8853 8852
f 9130 9131 8853
f 9131 8854 8853
f 9131 8855 8854
f 9131 9132 8855
f 9132 9133 8855
f 9133 8856 8855
f 8859 8857 8856
f 9133 8859 8856
f 9134 8860 8858
f 8859 9134 8858
f 9135 9134 8859
f 9136 9135 8859
f 9137 9136 8859
f 9133 9137 8859
f 9138 8861 8860
f 9139 9138 8860
f 9134 9139 8860
f 9140 9125 8861
f 9141 9140 8861
f 9138 9141 8861
f 8894 9116 8862
f 9116 8863 8862
f 9116 9115 8863
f 9115 9142 8863
f 9142 9143 8863
f 9143 8865 8863
f 8865 8864 8863
f 9143 9144 8865
f 9144 9126 8865
f 9126 8866 8865
f 9145 8880 8867
f 9146 9145 8867
f 9147 9146 8867
f 8868 9147 8867
f 9148 9147 8868
f 9149 9148 8868
f 8869 9149 8868
f 9150 9149 8869
f 8870 9150 8869
f 8871 9151 8870
f 9151 9150 8870
f 8872 9152 8871
f 9152 9151 8871
f 8873 9153 8872
f 9153 9152 8872
f 8874 9154 8873
f 9154 9153 8873
f 8875 9155 8874
f 9155 9154 8874
f 8893 9156 8875
f 9156 9157 8875
f 9157 9155 8875
f 9158 8881 8876
f 9159 9158 8876
f 9160 9159 8876
f 9161 9160 8876
f 8877 9161 8876
f 9162 9161 8877
f 8878 9162 8877
f 9163 9162 8878
f 9164 9163 8878
f 8879 9164 8878
f 8880 9164 8879
f 9145 9164 8880
f 9165 8885 8881
f 9166 9165 8881
f 9158 9166 8881
f 9168 9167 8882
f 9169 9168 8882
f 8883 9169 8882
f 9165 9169 8883
f 8885 9165 8883
f 8884 8885 8883
f 9170 9171 8887
f 9171 9172 8887
f 9172 8889 8887
f 8889 8888 8887
f 9172 9173 8889
f 9173 9174 8889
f 9174 9175 8889
f 9175 8890 8889
f 9175 8891 8890
f 9175 9176 8891
f 9176 8892 8891
f 9176 9156 8892
f 9156 8893 8892
f 9178 9177 8895
f 9177 9179 8895
f 9179 8896 8895
f 9179 8897 8896
f 9179 9180 8897
f 9180 8900 8897
f 8900 8898 8897
f 8900 8899 8898
f 9180 9181 8900
f 9181 9182 8900
f 9182 8902 8900
f 8902 8901 8900
f 9182 9183 8902
f 9183 9184 8902
f 9184 9185 8902
f 9185 8903 8902
f 9185 8904 8903
f 9185 9186 8904
f 9186 9187 8904
f 9187 8905 8904
f 9187 9188 8905
f 9188 8906 8905
f 9188 8908 8906
f 8908 8907 8906
f 9188 9189 8908
f 9189 9190 8908
f 9190 9191 8908
f 9191 8949 8908
f 8949 8909 8908
f 8914 9192 8910
f 9192 9193 8910
f 9193 9194 8910
f 8919 8913 8911
f 8913 8912 8911
f 8919 9195 8913
f 9195 9196 8913
f 9196 9197 8913
f 9197 8914 8913
f 9197 9198 8914
f 9198 9199 8914
f 9199 9192 8914
f 8418 8665 8915
f 8665 8923 8915
f 8923 9200 8915
f 9200 8916 8915
f 9200 9201 8916
f 9201 9202 8916
f 9202 9203 8916
f 9203 8917 8916
f 9203 9204 8917
f 9204 8918 8917
f 9204 9195 8918
f 9195 8919 8918
f 8920 9205 8921
f 9205 9206 8921
f 9206 9207 8921
f 9207 8922 8921
f 9207 9201 8922
f 9201 9200 8922
f 9200 8923 8922
f 9208 9209 8924
f 9209 9210 8924
f 9210 8925 8924
f 9210 9211 8925
f 9211 9212 8925
f 9212 8926 8925
f 9212 9213 8926
f 9213 9214 8926
f 9214 8927 8926
f 9214 8928 8927
f 9214 9215 8928
f 9215 8929 8928
f 9215 9216 8929
f 9216 8931 8929
f 8931 8930 8929
f 9216 9217 8931
f 9217 8932 8931
f 9217 9218 8932
f 9218 8920 8932
f 8943 9219 8935
f 9219 9220 8935
f 9220 9221 8935
f 9221 8936 8935
f 9221 9222 8936
f 9222 8937 8936
f 9222 9223 8937
f 9223 9224 8937
f 9224 9225 8937
f 9225 8938 8937
f 8948 8940 8939
f 8948 8942 8940
f 8942 8941 8940
f 8948 9226 8942
f 9226 9227 8942
f 9227 9219 8942
f 9219 8943 8942
f 9053 9228 8945
f 9228 9229 8945
f 9229 9230 8945
f 9230 8946 8945
f 9230 9231 8946
f 9231 9226 8946
f 9226 8947 8946
f 9226 8948 8947
f 9191 9232 8949
f 9232 9233 8949
f 9233 8950 8949
f 9233 8951 8950
f 9233 9234 8951
f 9234 9235 8951
f 9235 9236 8951
f 9236 8953 8951
f 8953 8952 8951
f 9236 8954 8953
f 9236 9237 8954
f 9237 9238 8954
f 9238 8955 8954
f 9238 9239 8955
f 9239 9240 8955
f 9240 9241 8955
f 9241 8957 8955
f 8957 8956 8955
f 9241 9242 8957
f 9242 8958 8957
f 9242 9243 8958
f 9243 9244 8958
f 9244 9245 8958
f 9245 8959 8958
f 9245 8960 8959
f 9245 9246 8960
f 9246 9247 8960
f 9247 9248 8960
f 9248 8963 8960
f 8963 8961 8960
f 8963 8962 8961
f 9248 9249 8963
f 9249 9250 8963
f 9250 9251 8963
f 9251 8964 8963
f 9251 9252 8964
f 9252 8965 8964
f 9252 8967 8965
f 8967 8966 8965
f 9252 9253 8967
f 9253 9254 8967
f 9254 8969 8967
f 8969 8968 8967
f 9254 9255 8969
f 9255 9256 8969
f 9256 9257 8969
f 9257 8970 8969
f 9257 9258 8970
f 9258 8971 8970
f 9258 9259 8971
f 9259 8972 8971
f 9259 9260 8972
f 9260 8974 8972
f 8974 8973 8972
f 9260 9261 8974
f 9261 9262 8974
f 9262 8976 8974
f 8976 8975 8974
f 9262 8978 8976
f 8978 8977 8976
f 9262 9263 8978
f 9263 9264 8978
f 9264 9265 8978
f 9265 8979 8978
f 9265 9266 8979
f 9266 8980 8979
f 9266 9267 8980
f 9267 8981 8980
f 9267 9268 8981
f 9268 8982 8981
f 9268 9269 8982
f 9269 8983 8982
f 9269 9270 8983
f 9270 8985 8983
f 9270 9271 8985
f 9271 8986 8985
f 9271 9272 8986
f 9272 9273 8986
f 9273 8988 8986
f 8988 8987 8986
f 9273 9274 8988
f 9274 8989 8988
f 9274 9275 8989
f 9275 8990 8989
f 9275 9276 8990
f 9276 8992 8990
f 8992 8991 8990
f 9276 9277 8992
f 9277 9278 8992
f 9278 8993 8992
f 9278 8995 8993
f 8995 8994 8993
f 9278 9279 8995
f 9279 8996 8995
f 9279 9280 8996
f 9280 9281 8996
f 9281 9282 8996
f 9282 8998 8996
f 8998 8997 8996
f 9282 9283 8998
f 9283 9284 8998
f 9284 9001 8998
f 9001 9000 8998
f 9000 8999 8998
f 9284 9285 9001
f 9285 9002 9001
f 9285 9286 9002
f 9286 9004 9002
f 9004 9003 9002
f 9286 9287 9004
f 9287 9288 9004
f 9288 9289 9004
f 9289 9005 9004
f 9289 9007 9005
f 9007 9006 9005
f 9289 9290 9007
f 9290 9291 9007
f 9291 9009 9007
f 9009 9008 9007
f 9291 9292 9009
f 9292 9293 9009
f 9293 9011 9009
f 9011 9010 9009
f 9293 9294 9011
f 9295 9296 9012
f 9296 9013 9012
f 9296 9014 9013
f 9296 9297 9014
f 9297 9298 9014
f 9016 9015 9014
f 9299 9300 9017
f 9300 9018 9017
f 9300 9301 9018
f 9301 9019 9018
f 9301 9302 9019
f 9302 9020 9019
f 9303 9304 9021
f 9304 9022 9021
f 9304 9024 9022
f 9024 9023 9022
f 9304 9305 9024
f 9305 9025 9024
f 9305 9306 9025
f 9306 9026 9025
f 9306 9307 9026
f 9307 9308 9026
f 9308 9028 9026
f 9028 9027 9026
f 9308 9309 9028
f 9309 9029 9028
f 9309 9310 9029
f 9310 9311 9029
f 9311 9312 9029
f 9312 9031 9029
f 9031 9030 9029
f 9312 9313 9031
f 9313 9314 9031
f 9314 9033 9031
f 9033 9032 9031
f 9314 9315 9033
f 9315 9034 9033
f 9315 9316 9034
f 9316 9035 9034
f 9316 9317 9035
f 9317 9037 9035
f 9037 9036 9035
f 9317 9318 9037
f 9318 9038 9037
f 9318 9319 9038
f 9319 9320 9038
f 9320 9321 9038
f 9321 9039 9038
f 9321 9041 9039
f 9041 9040 9039
f 9321 9322 9041
f 9322 9042 9041
f 9322 9323 9042
f 9323 9324 9042
f 9324 9043 9042
f 9324 9097 9043
f 9055 9325 9044
f 9325 9326 9044
f 9326 9327 9044
f 9327 9045 9044
f 9327 9328 9045
f 9328 9048 9045
f 9048 9046 9045
f 9048 9047 9046
f 9328 9329 9048
f 9329 9330 9048
f 9330 9331 9048
f 9331 9049 9048
f 9331 9332 9049
f 9332 9333 9049
f 9333 9050 9049
f 9333 9051 9050
f 9333 9334 9051
f 9334 9228 9051
f 9228 9052 9051
f 9228 9053 9052
f 9059 9335 9054
f 9335 9336 9054
f 9336 9325 9054
f 9325 9055 9054
f 9337 9338 9056
f 9338 9057 9056
f 9338 9339 9057
f 9339 9058 9057
f 9339 9340 9058
f 9340 9059 9058
f 9340 9335 9059
f 9063 9343 9060
f 9061 9063 9060
f 9062 8794 9061
f 9344 9343 9063
f 9064 9344 9063
f 9345 9344 9064
f 9346 9345 9064
f 9065 9346 9064
f 9347 9346 9065
f 9067 9347 9065
f 9066 9067 9065
f 9348 9347 9067
f 9068 9348 9067
f 9349 9348 9068
f 9350 9349 9068
f 9069 9350 9068
f 9351 9350 9069
f 9352 9351 9069
f 9071 9353 9070
f 9353 9354 9070
f 9354 9355 9070
f 9355 9356 9070
f 9357 9358 9071
f 9358 9359 9071
f 9359 9353 9071
f 9361 9360 9073
f 9074 9361 9073
f 9362 9361 9074
f 9076 9362 9074
f 9075 9076 9074
f 9363 9362 9076
f 9077 9363 9076
f 9364 9363 9077
f 9365 9364 9077
f 9079 9365 9077
f 9078 9079 9077
f 9366 9365 9079
f 9367 9366 9079
f 9081 9367 9079
f 9080 9081 9079
f 9368 9367 9081
f 9369 9368 9081
f 9082 9369 9081
f 9370 9369 9082
f 9371 9370 9082
f 9372 9371 9082
f 9083 9372 9082
f 9084 9372 9083
f 9373 9372 9084
f 9085 9373 9084
f 9086 9373 9085
f 9374 9373 9086
f 9087 9374 9086
f 9375 9374 9087
f 9088 9375 9087
f 9089 9375 9088
f 9376 9375 9089
f 9095 9376 9089
f 9090 9095 9089
f 9091 9095 9090
f 9099 9377 9092
f 9377 9378 9092
f 9378 9093 9092
f 9378 9379 9093
f 9379 9094 9093
f 9379 9380 9094
f 9380 9381 9094
f 9381 9095 9094
f 9382 9376 9095
f 9381 9382 9095
f 9324 9383 9097
f 9383 9098 9097
f 9383 9384 9098
f 9384 9385 9098
f 9385 9377 9098
f 9377 9099 9098
f 9386 9106 9101
f 9387 9386 9101
f 9388 9387 9101
f 9389 9388 9101
f 9102 9389 9101
f 9390 9389 9102
f 9391 9390 9102
f 9103 9391 9102
f 9392 9391 9103
f 9117 9392 9103
f 9104 9117 9103
f 9105 9117 9104
f 9386 9393 9106
f 9393 9394 9106
f 9394 9395 9106
f 9395 9396 9106
f 9396 9107 9106
f 9396 9397 9107
f 9397 9398 9107
f 9398 9109 9107
f 9109 9108 9107
f 9398 9399 9109
f 9399 9110 9109
f 9399 9400 9110
f 9400 9401 9110
f 9401 9111 9110
f 9401 9402 9111
f 9402 9113 9111
f 9113 9112 9111
f 9402 9403 9113
f 9403 9404 9113
f 9404 9405 9113
f 9405 9114 9113
f 9405 9142 9114
f 9142 9115 9114
f 9406 9392 9117
f 9118 9406 9117
f 9407 9406 9118
f 9119 9407 9118
f 9408 9407 9119
f 9120 9408 9119
f 9409 9408 9120
f 9121 9409 9120
f 9122 9409 9121
f 9410 9409 9122
f 9411 9410 9122
f 9123 9411 9122
f 9124 9411 9123
f 9140 9411 9124
f 9125 9140 9124
f 9144 9404 9126
f 9404 9403 9126
f 9403 9412 9126
f 9412 9413 9126
f 9413 9127 9126
f 9413 9414 9127
f 9414 9128 9127
f 9414 9129 9128
f 9414 9415 9129
f 9415 9130 9129
f 9415 9416 9130
f 9416 9131 9130
f 9416 9137 9131
f 9137 9132 9131
f 9137 9133 9132
f 9135 9139 9134
f 9138 9139 9135
f 9141 9138 9135
f 9417 9141 9135
f 9418 9417 9135
f 9419 9418 9135
f 9420 9419 9135
f 9136 9420 9135
f 9421 9420 9136
f 9422 9421 9136
f 9137 9422 9136
f 9423 9422 9137
f 9416 9423 9137
f 9424 9411 9140
f 9425 9424 9140
f 9426 9425 9140
f 9141 9426 9140
f 9417 9426 9141
f 9405 9144 9142
f 9144 9143 9142
f 9405 9404 9144
f 9427 9164 9145
f 9428 9427 9145
f 9429 9428 9145
f 9146 9429 9145
f 9430 9429 9146
f 9431 9430 9146
f 9147 9431 9146
f 9432 9431 9147
f 9148 9432 9147
f 9433 9432 9148
f 9149 9433 9148
f 9150 9434 9149
f 9434 9433 9149
f 9151 9434 9150
f 9152 9435 9151
f 9435 9434 9151
f 9153 9436 9152
f 9436 9435 9152
f 9154 9437 9153
f 9437 9438 9153
f 9438 9436 9153
f 9155 9157 9154
f 9157 9437 9154
f 9176 9439 9156
f 9439 9440 9156
f 9440 9157 9156
f 9440 9441 9157
f 9441 9442 9157
f 9442 9438 9157
f 9438 9437 9157
f 9159 9166 9158
f 9443 9166 9159
f 9444 9443 9159
f 9445 9444 9159
f 9160 9445 9159
f 9446 9445 9160
f 9447 9446 9160
f 9161 9447 9160
f 9427 9447 9161
f 9162 9427 9161
f 9163 9427 9162
f 9164 9427 9163
f 9166 9169 9165
f 9448 9169 9166
f 9449 9448 9166
f 9443 9449 9166
f 9448 9167 9168
f 9169 9448 9168
f 9451 9450 9170
f 9450 9171 9170
f 9450 9452 9171
f 9452 9453 9171
f 9453 9173 9171
f 9173 9172 9171
f 9453 9454 9173
f 9454 9455 9173
f 9455 9174 9173
f 9455 9175 9174
f 9455 9439 9175
f 9439 9176 9175
f 9178 9456 9177
f 9456 9457 9177
f 9457 9458 9177
f 9458 9181 9177
f 9181 9179 9177
f 9181 9180 9179
f 9458 9459 9181
f 9459 9460 9181
f 9460 9461 9181
f 9461 9183 9181
f 9183 9182 9181
f 9461 9462 9183
f 9462 9185 9183
f 9185 9184 9183
f 9462 9463 9185
f 9463 9464 9185
f 9464 9465 9185
f 9465 9466 9185
f 9466 9186 9185
f 9466 9467 9186
f 9467 9187 9186
f 9467 9189 9187
f 9189 9188 9187
f 9467 9468 9189
f 9468 9469 9189
f 9469 9190 9189
f 9469 9470 9190
f 9470 9471 9190
f 9471 9233 9190
f 9233 9232 9190
f 9232 9191 9190
f 9199 9193 9192
f 9199 9198 9193
f 9198 9472 9193
f 9472 9473 9193
f 9473 9194 9193
f 9204 9474 9195
f 9474 9475 9195
f 9475 9476 9195
f 9476 9196 9195
f 9476 9477 9196
f 9477 9198 9196
f 9198 9197 9196
f 9477 9478 9198
f 9478 9479 9198
f 9479 9480 9198
f 9480 9472 9198
f 9207 9481 9201
f 9481 9482 9201
f 9482 9483 9201
f 9483 9202 9201
f 9483 9484 9202
f 9484 9203 9202
f 9484 9474 9203
f 9474 9204 9203
f 8920 9218 9205
f 9218 9485 9205
f 9485 9486 9205
f 9486 9487 9205
f 9487 9488 9205
f 9488 9206 9205
f 9488 9481 9206
f 9481 9207 9206
f 9489 9490 9208
f 9490 9209 9208
f 9490 9210 9209
f 9490 9491 9210
f 9491 9492 9210
f 9492 9493 9210
f 9493 9212 9210
f 9212 9211 9210
f 9493 9494 9212
f 9494 9495 9212
f 9495 9496 9212
f 9496 9497 9212
f 9497 9213 9212
f 9497 9215 9213
f 9215 9214 9213
f 9497 9498 9215
f 9498 9499 9215
f 9499 9500 9215
f 9500 9216 9215
f 9500 9501 9216
f 9501 9217 9216
f 9501 9485 9217
f 9485 9218 9217
f 9227 9502 9219
f 9502 9503 9219
f 9503 9504 9219
f 9504 9220 9219
f 9504 9505 9220
f 9505 9506 9220
f 9506 9221 9220
f 9506 9222 9221
f 9506 9507 9222
f 9507 9223 9222
f 9507 9508 9223
f 9508 9509 9223
f 9509 9510 9223
f 9510 9224 9223
f 9510 9225 9224
f 9231 9511 9226
f 9511 9512 9226
f 9512 9502 9226
f 9502 9227 9226
f 9334 9513 9228
f 9513 9514 9228
f 9514 9515 9228
f 9515 9229 9228
f 9515 9516 9229
f 9516 9230 9229
f 9516 9511 9230
f 9511 9231 9230
f 9471 9517 9233
f 9517 9518 9233
f 9518 9234 9233
f 9518 9519 9234
f 9519 9520 9234
f 9520 9521 9234
f 9521 9235 9234
f 9521 9237 9235
f 9237 9236 9235
f 9521 9522 9237
f 9522 9238 9237
f 9522 9523 9238
f 9523 9239 9238
f 9523 9524 9239
f 9524 9525 9239
f 9525 9240 9239
f 9525 9242 9240
f 9242 9241 9240
f 9525 9526 9242
f 9526 9243 9242
f 9526 9527 9243
f 9527 9528 9243
f 9528 9245 9243
f 9245 9244 9243
f 9528 9529 9245
f 9529 9246 9245
f 9529 9530 9246
f 9530 9531 9246
f 9531 9247 9246
f 9531 9249 9247
f 9249 9248 9247
f 9531 9532 9249
f 9532 9533 9249
f 9533 9534 9249
f 9534 9250 9249
f 9534 9535 9250
f 9535 9251 9250
f 9535 9253 9251
f 9253 9252 9251
f 9535 9536 9253
f 9536 9537 9253
f 9537 9255 9253
f 9255 9254 9253
f 9537 9538 9255
f 9538 9539 9255
f 9539 9540 9255
f 9540 9256 9255
f 9540 9541 9256
f 9541 9257 9256
f 9541 9542 9257
f 9542 9258 9257
f 9542 9259 9258
f 9542 9543 9259
f 9543 9544 9259
f 9544 9545 9259
f 9545 9261 9259
f 9261 9260 9259
f 9545 9546 9261
f 9546 9263 9261
f 9263 9262 9261
f 9546 9547 9263
f 9547 9548 9263
f 9548 9549 9263
f 9549 9550 9263
f 9550 9264 9263
f 9550 9265 9264
f 9550 9551 9265
f 9551 9266 9265
f 9551 9552 9266
f 9552 9267 9266
f 9552 9553 9267
f 9553 9268 9267
f 9553 9554 9268
f 9554 9270 9268
f 9270 9269 9268
f 9554 9555 9270
f 9555 9556 9270
f 9556 9271 9270
f 9556 9557 9271
f 9557 9272 9271
f 9557 9558 9272
f 9558 9559 9272
f 9559 9274 9272
f 9274 9273 9272
f 9559 9560 9274
f 9560 9561 9274
f 9561 9275 9274
f 9561 9277 9275
f 9277 9276 9275
f 9561 9562 9277
f 9562 9279 9277
f 9279 9278 9277
f 9562 9563 9279
f 9563 9564 9279
f 9564 9280 9279
f 9564 9565 9280
f 9565 9566 9280
f 9566 9281 9280
f 9566 9567 9281
f 9567 9283 9281
f 9283 9282 9281
f 9567 9568 9283
f 9568 9569 9283
f 9569 9285 9283
f 9285 9284 9283
f 9569 9570 9285
f 9570 9571 9285
f 9571 9286 9285
f 9571 9572 9286
f 9572 9287 9286
f 9572 9573 9287
f 9573 9574 9287
f 9574 9288 9287
f 9574 9290 9288
f 9290 9289 9288
f 9574 9575 9290
f 9575 9576 9290
f 9576 9291 9290
f 9576 9577 9291
f 9577 9292 9291
f 9577 9578 9292
f 9578 9579 9292
f 9579 9294 9292
f 9294 9293 9292
f 9579 9580 9294
f 9580 9581 9294
f 9581 9295 9294
f 9298 9297 9296
f 9582 9583 9298
f 9583 9584 9298
f 9584 9585 9298
f 9301 9300 9299
f 9586 9305 9304
f 9586 9306 9305
f 9586 9307 9306
f 9586 9587 9307
f 9587 9588 9307
f 9588 9309 9307
f 9309 9308 9307
f 9588 9589 9309
f 9589 9310 9309
f 9589 9590 9310
f 9590 9591 9310
f 9591 9592 9310
f 9592 9593 9310
f 9593 9311 9310
f 9593 9313 9311
f 9313 9312 9311
f 9593 9594 9313
f 9594 9595 9313
f 9595 9315 9313
f 9315 9314 9313
f 9595 9596 9315
f 9596 9316 9315
f 9596 9597 9316
f 9597 9317 9316
f 9597 9598 9317
f 9598 9599 9317
f 9599 9318 9317
f 9599 9319 9318
f 9599 9600 9319
f 9600 9601 9319
f 9601 9602 9319
f 9602 9603 9319
f 9603 9320 9319
f 9603 9604 9320
f 9604 9322 9320
f 9322 9321 9320
f 9604 9605 9322
f 9605 9323 9322
f 9605 9383 9323
f 9383 9324 9323
f 9336 9606 9325
f 9606 9607 9325
f 9607 9608 9325
f 9608 9326 9325
f 9608 9609 9326
f 9609 9329 9326
f 9329 9327 9326
f 9329 9328 9327
f 9609 9610 9329
f 9610 9611 9329
f 9611 9612 9329
f 9612 9613 9329
f 9613 9330 9329
f 9613 9614 9330
f 9614 9331 9330
f 9614 9615 9331
f 9615 9332 9331
f 9615 9616 9332
f 9616 9513 9332
f 9513 9333 9332
f 9513 9334 9333
f 9340 9617 9335
f 9617 9618 9335
f 9618 9606 9335
f 9606 9336 9335
f 9619 9620 9337
f 9620 9621 9337
f 9621 9338 9337
f 9621 9622 9338
f 9622 9339 9338
f 9622 9340 9339
f 9622 9623 9340
f 9623 9624 9340
f 9624 9617 9340
f 9627 9626 9341
f 9344 9627 9341
f 9342 9344 9341
f 9343 9344 9342
f 9628 9627 9344
f 9629 9628 9344
f 9345 9629 9344
f 9346 9629 9345
f 9630 9629 9346
f 9348 9630 9346
f 9347 9348 9346
f 9631 9630 9348
f 9632 9631 9348
f 9633 9632 9348
f 9349 9633 9348
f 9351 9633 9349
f 9350 9351 9349
f 9634 9633 9351
f 9635 9634 9351
f 9352 9635 9351
f 9636 9635 9352
f 9069 9636 9352
f 9359 9637 9353
f 9637 9638 9353
f 9638 9354 9353
f 9638 9639 9354
f 9639 9640 9354
f 9640 9355 9354
f 9640 9356 9355
f 9640 9641 9356
f 9641 9642 9356
f 9642 9643 9356
f 9643 9070 9356
f 9360 9644 9357
f 9644 9645 9357
f 9645 9646 9357
f 9646 9359 9357
f 9359 9358 9357
f 9646 9647 9359
f 9647 9648 9359
f 9648 9649 9359
f 9649 9650 9359
f 9650 9637 9359
f 9651 9360 9361
f 9652 9651 9361
f 9364 9652 9361
f 9363 9364 9361
f 9362 9363 9361
f 9653 9652 9364
f 9654 9653 9364
f 9366 9654 9364
f 9365 9366 9364
f 9655 9654 9366
f 9656 9655 9366
f 9368 9656 9366
f 9367 9368 9366
f 9657 9656 9368
f 9658 9657 9368
f 9369 9658 9368
f 9659 9658 9369
f 9370 9659 9369
f 9371 9659 9370
f 9660 9659 9371
f 9372 9660 9371
f 9373 9660 9372
f 9661 9660 9373
f 9662 9661 9373
f 9663 9662 9373
f 9374 9663 9373
f 9664 9663 9374
f 9375 9664 9374
f 9376 9664 9375
f 9665 9664 9376
f 9382 9665 9376
f 9385 9666 9377
f 9666 9378 9377
f 9666 9667 9378
f 9667 9379 9378
f 9667 9668 9379
f 9668 9669 9379
f 9669 9380 9379
f 9669 9670 9380
f 9670 9382 9380
f 9382 9381 9380
f 9670 9665 9382
f 9605 9671 9383
f 9671 9672 9383
f 9672 9673 9383
f 9673 9674 9383
f 9674 9384 9383
f 9674 9675 9384
f 9675 9676 9384
f 9676 9385 9384
f 9676 9666 9385
f 9677 9393 9386
f 9678 9677 9386
f 9387 9678 9386
f 9679 9678 9387
f 9680 9679 9387
f 9681 9680 9387
f 9388 9681 9387
f 9682 9681 9388
f 9390 9682 9388
f 9389 9390 9388
f 9683 9682 9390
f 9684 9683 9390
f 9391 9684 9390
f 9406 9684 9391
f 9392 9406 9391
f 9677 9685 9393
f 9685 9686 9393
f 9686 9687 9393
f 9687 9688 9393
f 9688 9394 9393
f 9688 9689 9394
f 9689 9690 9394
f 9690 9691 9394
f 9691 9396 9394
f 9396 9395 9394
f 9691 9397 9396
f 9691 9692 9397
f 9692 9693 9397
f 9693 9399 9397
f 9399 9398 9397
f 9693 9694 9399
f 9694 9695 9399
f 9695 9400 9399
f 9695 9401 9400
f 9695 9696 9401
f 9696 9403 9401
f 9403 9402 9401
f 9696 9697 9403
f 9697 9698 9403
f 9698 9412 9403
f 9699 9684 9406
f 9407 9699 9406
f 9700 9699 9407
f 9408 9700 9407
f 9701 9700 9408
f 9409 9701 9408
f 9702 9701 9409
f 9410 9702 9409
f 9424 9702 9410
f 9411 9424 9410
f 9698 9703 9412
f 9703 9413 9412
f 9703 9704 9413
f 9704 9414 9413
f 9704 9423 9414
f 9423 9415 9414
f 9423 9416 9415
f 9705 9426 9417
f 9706 9705 9417
f 9418 9706 9417
f 9707 9706 9418
f 9708 9707 9418
f 9419 9708 9418
f 9709 9708 9419
f 9420 9709 9419
f 9710 9709 9420
f 9421 9710 9420
f 9711 9710 9421
f 9422 9711 9421
f 9423 9711 9422
f 9704 9712 9423
f 9712 9713 9423
f 9713 9711 9423
f 9714 9702 9424
f 9715 9714 9424
f 9705 9715 9424
f 9425 9705 9424
f 9426 9705 9425
f 9716 9447 9427
f 9717 9716 9427
f 9718 9717 9427
f 9428 9718 9427
f 9719 9718 9428
f 9720 9719 9428
f 9429 9720 9428
f 9721 9720 9429
f 9430 9721 9429
f 9722 9721 9430
f 9431 9722 9430
f 9723 9722 9431
f 9724 9723 9431
f 9432 9724 9431
f 9433 9725 9432
f 9725 9724 9432
f 9434 9725 9433
f 9435 9726 9434
f 9726 9727 9434
f 9727 9725 9434
f 9436 9438 9435
f 9438 9726 9435
f 9442 9728 9438
f 9728 9729 9438
f 9729 9727 9438
f 9727 9726 9438
f 9455 9730 9439
f 9730 9441 9439
f 9441 9440 9439
f 9730 9731 9441
f 9731 9732 9441
f 9732 9728 9441
f 9728 9442 9441
f 9733 9449 9443
f 9734 9733 9443
f 9444 9734 9443
f 9735 9734 9444
f 9445 9735 9444
f 9736 9735 9445
f 9446 9736 9445
f 9716 9736 9446
f 9447 9716 9446
f 9737 9167 9448
f 9738 9737 9448
f 9449 9738 9448
f 9739 9738 9449
f 9740 9739 9449
f 9733 9740 9449
f 9451 9741 9450
f 9741 9742 9450
f 9742 9452 9450
f 9742 9743 9452
f 9743 9454 9452
f 9454 9453 9452
f 9743 9730 9454
f 9730 9455 9454
f 9745 9744 9456
f 9744 9457 9456
f 9744 9459 9457
f 9459 9458 9457
f 9744 9746 9459
f 9746 9747 9459
f 9747 9748 9459
f 9748 9460 9459
f 9748 9749 9460
f 9749 9461 9460
f 9749 9463 9461
f 9463 9462 9461
f 9749 9750 9463
f 9750 9751 9463
f 9751 9752 9463
f 9752 9753 9463
f 9753 9464 9463
f 9753 9465 9464
f 9753 9469 9465
f 9469 9468 9465
f 9468 9467 9465
f 9467 9466 9465
f 9753 9754 9469
f 9754 9755 9469
f 9755 9470 9469
f 9755 9756 9470
f 9756 9518 9470
f 9518 9517 9470
f 9517 9471 9470
f 9480 9473 9472
f 9484 9757 9474
f 9757 9758 9474
f 9758 9759 9474
f 9759 9760 9474
f 9760 9475 9474
f 9760 9476 9475
f 9760 9761 9476
f 9761 9477 9476
f 9761 9762 9477
f 9762 9478 9477
f 9762 9763 9478
f 9763 9764 9478
f 9764 9479 9478
f 9764 9480 9479
f 9488 9487 9481
f 9487 9765 9481
f 9765 9766 9481
f 9766 9482 9481
f 9766 9767 9482
f 9767 9484 9482
f 9484 9483 9482
f 9767 9768 9484
f 9768 9757 9484
f 9501 9769 9485
f 9769 9770 9485
f 9770 9486 9485
f 9770 9771 9486
f 9771 9487 9486
f 9771 9772 9487
f 9772 9765 9487
f 9773 9774 9489
f 9774 9775 9489
f 9775 9491 9489
f 9491 9490 9489
f 9775 9776 9491
f 9776 9777 9491
f 9777 9778 9491
f 9778 9779 9491
f 9779 9494 9491
f 9494 9492 9491
f 9494 9493 9492
f 9779 9780 9494
f 9780 9781 9494
f 9781 9782 9494
f 9782 9495 9494
f 9782 9783 9495
f 9783 9784 9495
f 9784 9496 9495
f 9784 9498 9496
f 9498 9497 9496
f 9784 9785 9498
f 9785 9786 9498
f 9786 9787 9498
f 9787 9499 9498
f 9787 9501 9499
f 9501 9500 9499
f 9787 9788 9501
f 9788 9770 9501
f 9770 9769 9501
f 9512 9789 9502
f 9789 9790 9502
f 9790 9791 9502
f 9791 9792 9502
f 9792 9503 9502
f 9792 9504 9503
f 9792 9793 9504
f 9793 9794 9504
f 9794 9505 9504
f 9794 9506 9505
f 9794 9795 9506
f 9795 9796 9506
f 9796 9507 9506
f 9796 9508 9507
f 9796 9797 9508
f 9797 9798 9508
f 9798 9799 9508
f 9799 9509 9508
f 9799 9800 9509
f 9800 9510 9509
f 9800 9225 9510
f 9516 9801 9511
f 9801 9802 9511
f 9802 9789 9511
f 9789 9512 9511
f 9616 9803 9513
f 9803 9804 9513
f 9804 9805 9513
f 9805 9514 9513
f 9805 9806 9514
f 9806 9516 9514
f 9516 9515 9514
f 9806 9807 9516
f 9807 9801 9516
f 9756 9808 9518
f 9808 9809 9518
f 9809 9519 9518
f 9809 9810 9519
f 9810 9811 9519
f 9811 9520 9519
f 9811 9522 9520
f 9522 9521 9520
f 9811 9812 9522
f 9812 9523 9522
f 9812 9813 9523
f 9813 9814 9523
f 9814 9815 9523
f 9815 9524 9523
f 9815 9526 9524
f 9526 9525 9524
f 9815 9816 9526
f 9816 9817 9526
f 9817 9818 9526
f 9818 9527 9526
f 9818 9529 9527
f 9529 9528 9527
f 9818 9819 9529
f 9819 9820 9529
f 9820 9821 9529
f 9821 9530 9529
f 9821 9532 9530
f 9532 9531 9530
f 9821 9822 9532
f 9822 9823 9532
f 9823 9824 9532
f 9824 9533 9532
f 9824 9825 9533
f 9825 9534 9533
f 9825 9536 9534
f 9536 9535 9534
f 9825 9826 9536
f 9826 9827 9536
f 9827 9538 9536
f 9538 9537 9536
f 9827 9828 9538
f 9828 9829 9538
f 9829 9830 9538
f 9830 9831 9538
f 9831 9539 9538
f 9831 9540 9539
f 9831 9832 9540
f 9832 9541 9540
f 9832 9543 9541
f 9543 9542 9541
f 9832 9833 9543
f 9833 9834 9543
f 9834 9835 9543
f 9835 9836 9543
f 9836 9544 9543
f 9836 9546 9544
f 9546 9545 9544
f 9836 9837 9546
f 9837 9547 9546
f 9837 9838 9547
f 9838 9839 9547
f 9839 9548 9547
f 9839 9840 9548
f 9840 9549 9548
f 9840 9841 9549
f 9841 9550 9549
f 9841 9842 9550
f 9842 9551 9550
f 9842 9843 9551
f 9843 9553 9551
f 9553 9552 9551
f 9843 9844 9553
f 9844 9845 9553
f 9845 9555 9553
f 9555 9554 9553
f 9845 9846 9555
f 9846 9847 9555
f 9847 9848 9555
f 9848 9556 9555
f 9848 9558 9556
f 9558 9557 9556
f 9848 9849 9558
f 9849 9850 9558
f 9850 9560 9558
f 9560 9559 9558
f 9850 9851 9560
f 9851 9562 9560
f 9562 9561 9560
f 9851 9852 9562
f 9852 9563 9562
f 9852 9564 9563
f 9852 9853 9564
f 9853 9854 9564
f 9854 9855 9564
f 9855 9565 9564
f 9855 9856 9565
f 9856 9566 9565
f 9856 9857 9566
f 9857 9568 9566
f 9568 9567 9566
f 9857 9858 9568
f 9858 9859 9568
f 9859 9569 9568
f 9859 9860 9569
f 9860 9570 9569
f 9860 9861 9570
f 9861 9571 9570
f 9861 9862 9571
f 9862 9572 9571
f 9862 9863 9572
f 9863 9573 9572
f 9863 9864 9573
f 9864 9575 9573
f 9575 9574 9573
f 9864 9865 9575
f 9865 9866 9575
f 9866 9576 9575
f 9866 9867 9576
f 9867 9577 9576
f 9867 9868 9577
f 9868 9578 9577
f 9868 9869 9578
f 9869 9580 9578
f 9580 9579 9578
f 9869 9870 9580
f 9871 9872 9582
f 9872 9873 9582
f 9873 9874 9582
f 9874 9583 9582
f 9874 9584 9583
f 9874 9875 9584
f 9875 9876 9584
f 9877 9878 9584
f 9878 9585 9584
f 9879 9587 9586
f 9879 9642 9587
f 9642 9880 9587
f 9880 9589 9587
f 9589 9588 9587
f 9880 9641 9589
f 9641 9881 9589
f 9881 9590 9589
f 9881 9882 9590
f 9882 9883 9590
f 9883 9884 9590
f 9884 9591 9590
f 9884 9885 9591
f 9885 9594 9591
f 9594 9592 9591
f 9594 9593 9592
f 9885 9886 9594
f 9886 9887 9594
f 9887 9596 9594
f 9596 9595 9594
f 9887 9888 9596
f 9888 9889 9596
f 9889 9597 9596
f 9889 9890 9597
f 9890 9598 9597
f 9890 9599 9598
f 9890 9891 9599
f 9891 9600 9599
f 9891 9892 9600
f 9892 9893 9600
f 9893 9894 9600
f 9894 9601 9600
f 9894 9895 9601
f 9895 9602 9601
f 9895 9671 9602
f 9671 9603 9602
f 9671 9605 9603
f 9605 9604 9603
f 9618 9896 9606
f 9896 9897 9606
f 9897 9898 9606
f 9898 9607 9606
f 9898 9899 9607
f 9899 9608 9607
f 9899 9610 9608
f 9610 9609 9608
f 9899 9900 9610
f 9900 9901 9610
f 9901 9902 9610
f 9902 9612 9610
f 9612 9611 9610
f 9902 9903 9612
f 9903 9904 9612
f 9904 9905 9612
f 9905 9906 9612
f 9906 9614 9612
f 9614 9613 9612
f 9906 9907 9614
f 9907 9615 9614
f 9907 9803 9615
f 9803 9616 9615
f 9624 9908 9617
f 9908 9896 9617
f 9896 9618 9617
f 9909 9910 9619
f 9910 9620 9619
f 9910 9911 9620
f 9911 9621 9620
f 9911 9912 9621
f 9912 9622 9621
f 9912 9623 9622
f 9912 9913 9623
f 9913 9624 9623
f 9913 9914 9624
f 9914 9915 9624
f 9915 9908 9624
f 9916 9625 9626
f 9628 9916 9626
f 9627 9628 9626
f 9917 9916 9628
f 9629 9917 9628
f 9918 9917 9629
f 9631 9918 9629
f 9630 9631 9629
f 9919 9918 9631
f 9920 9919 9631
f 9632 9920 9631
f 9921 9920 9632
f 9922 9921 9632
f 9923 9922 9632
f 9633 9923 9632
f 9634 9923 9633
f 9924 9923 9634
f 9925 9924 9634
f 9635 9925 9634
f 9926 9925 9635
f 9927 9926 9635
f 9928 9927 9635
f 9636 9928 9635
f 9650 9929 9637
f 9929 9930 9637
f 9930 9638 9637
f 9930 9639 9638
f 9930 9929 9639
f 9929 9931 9639
f 9931 9883 9639
f 9883 9882 9639
f 9882 9640 9639
f 9882 9881 9640
f 9881 9641 9640
f 9880 9642 9641
f 9879 9643 9642
f 9360 9651 9644
f 9651 9932 9644
f 9932 9933 9644
f 9933 9934 9644
f 9934 9645 9644
f 9934 9935 9645
f 9935 9936 9645
f 9936 9647 9645
f 9647 9646 9645
f 9936 9937 9647
f 9937 9938 9647
f 9938 9648 9647
f 9938 9939 9648
f 9939 9940 9648
f 9940 9941 9648
f 9941 9942 9648
f 9942 9649 9648
f 9942 9650 9649
f 9942 9943 9650
f 9943 9944 9650
f 9944 9929 9650
f 9945 9932 9651
f 9946 9945 9651
f 9947 9946 9651
f 9653 9947 9651
f 9652 9653 9651
f 9946 9947 9653
f 9948 9946 9653
f 9655 9948 9653
f 9654 9655 9653
f 9949 9948 9655
f 9950 9949 9655
f 9951 9950 9655
f 9656 9951 9655
f 9952 9951 9656
f 9657 9952 9656
f 9953 9952 9657
f 9658 9953 9657
f 9954 9953 9658
f 9659 9954 9658
f 9955 9954 9659
f 9660 9955 9659
f 9956 9955 9660
f 9957 9956 9660
f 9662 9957 9660
f 9661 9662 9660
f 9958 9957 9662
f 9959 9958 9662
f 9663 9959 9662
f 9960 9959 9663
f 9961 9960 9663
f 9664 9961 9663
f 9665 9961 9664
f 9670 9962 9665
f 9962 9963 9665
f 9963 9964 9665
f 9964 9961 9665
f 9676 9667 9666
f 9676 9965 9667
f 9965 9966 9667
f 9966 9669 9667
f 9669 9668 9667
f 9966 9967 9669
f 9967 9962 9669
f 9962 9670 9669
f 9895 9968 9671
f 9968 9672 9671
f 9968 9969 9672
f 9969 9673 9672
f 9969 9970 9673
f 9970 9674 9673
f 9970 9971 9674
f 9971 9965 9674
f 9965 9675 9674
f 9965 9676 9675
f 9972 9685 9677
f 9973 9972 9677
f 9678 9973 9677
f 9974 9973 9678
f 9679 9974 9678
f 9975 9974 9679
f 9976 9975 9679
f 9681 9976 9679
f 9680 9681 9679
f 9977 9976 9681
f 9978 9977 9681
f 9683 9978 9681
f 9682 9683 9681
f 9979 9978 9683
f 9699 9979 9683
f 9684 9699 9683
f 9972 9980 9685
f 9980 9981 9685
f 9981 9686 9685
f 9981 9982 9686
f 9982 9983 9686
f 9983 9687 9686
f 9983 9689 9687
f 9689 9688 9687
f 9983 9984 9689
f 9984 9985 9689
f 9985 9986 9689
f 9986 9690 9689
f 9986 9692 9690
f 9692 9691 9690
f 9986 9987 9692
f 9987 9988 9692
f 9988 9694 9692
f 9694 9693 9692
f 9988 9989 9694
f 9989 9695 9694
f 9989 9990 9695
f 9990 9991 9695
f 9991 9697 9695
f 9697 9696 9695
f 9991 9992 9697
f 9992 9993 9697
f 9993 9698 9697
f 9993 9994 9698
f 9994 9703 9698
f 9995 9979 9699
f 9996 9995 9699
f 9700 9996 9699
f 9997 9996 9700
f 9701 9997 9700
f 9714 9997 9701
f 9702 9714 9701
f 9994 9712 9703
f 9712 9704 9703
f 9998 9715 9705
f 9999 9998 9705
f 9706 9999 9705
f 10000 9999 9706
f 10001 10000 9706
f 9707 10001 9706
f 10002 10001 9707
f 10003 10002 9707
f 10004 10003 9707
f 9708 10004 9707
f 9709 10004 9708
f 10005 10004 9709
f 9710 10005 9709
f 9713 10005 9710
f 9711 9713 9710
f 9994 10006 9712
f 10006 10007 9712
f 10007 9713 9712
f 10007 10008 9713
f 10008 10009 9713
f 10009 10005 9713
f 10010 9997 9714
f 10011 10010 9714
f 9998 10011 9714
f 9715 9998 9714
f 10012 9736 9716
f 10013 10012 9716
f 10014 10013 9716
f 10015 10014 9716
f 9717 10015 9716
f 9719 10015 9717
f 9718 9719 9717
f 10016 10015 9719
f 10017 10016 9719
f 10018 10017 9719
f 10019 10018 9719
f 9720 10019 9719
f 10018 10019 9720
f 10020 10018 9720
f 10021 10020 9720
f 9721 10021 9720
f 10022 10021 9721
f 9722 10022 9721
f 10023 10022 9722
f 9723 10023 9722
f 9724 10024 9723
f 10024 10023 9723
f 9725 10025 9724
f 10025 10024 9724
f 9727 10025 9725
f 9729 10026 9727
f 10026 10027 9727
f 10027 10028 9727
f 10028 10025 9727
f 9732 10029 9728
f 10029 10026 9728
f 10026 9729 9728
f 9743 9742 9730
f 9742 10030 9730
f 10030 9731 9730
f 10030 10031 9731
f 10031 10032 9731
f 10032 10029 9731
f 10029 9732 9731
f 10033 9740 9733
f 9734 10033 9733
f 10012 10033 9734
f 9735 10012 9734
f 9736 10012 9735
f 9737 8882 9167
f 10034 9737 9738
f 10035 10034 9738
f 9739 10035 9738
f 10036 10035 9739
f 10037 10036 9739
f 9740 10037 9739
f 10038 10037 9740
f 10033 10038 9740
f 9451 10039 9741
f 10039 10040 9741
f 10040 10041 9741
f 10041 10031 9741
f 10031 9742 9741
f 10031 10030 9742
f 9745 10042 9744
f 10042 10043 9744
f 10043 9746 9744
f 10043 10044 9746
f 10044 10045 9746
f 10045 10046 9746
f 10046 10047 9746
f 10047 9747 9746
f 10047 9748 9747
f 10047 10046 9748
f 10046 10048 9748
f 10048 9750 9748
f 9750 9749 9748
f 10048 10049 9750
f 10049 10050 9750
f 10050 10051 9750
f 10051 10052 9750
f 10052 9751 9750
f 10052 10053 9751
f 10053 9752 9751
f 10053 9754 9752
f 9754 9753 9752
f 10053 10054 9754
f 10054 9755 9754
f 10054 10055 9755
f 10055 9808 9755
f 9808 9756 9755
f 9768 10056 9757
f 10056 10057 9757
f 10057 9758 9757
f 10057 10058 9758
f 10058 10059 9758
f 10059 9759 9758
f 10059 9761 9759
f 9761 9760 9759
f 10059 10060 9761
f 10060 10061 9761
f 10061 9762 9761
f 10061 10062 9762
f 10062 10063 9762
f 10063 9763 9762
f 10063 9764 9763
f 9772 10064 9765
f 10064 9766 9765
f 10064 9768 9766
f 9768 9767 9766
f 10064 10065 9768
f 10065 10066 9768
f 10066 10067 9768
f 10067 10056 9768
f 9788 10068 9770
f 10068 10069 9770
f 10069 9771 9770
f 10069 10070 9771
f 10070 10071 9771
f 10071 9772 9771
f 10071 10064 9772
f 10072 10073 9773
f 10073 10074 9773
f 10074 9774 9773
f 10074 10075 9774
f 10075 10076 9774
f 10076 9776 9774
f 9776 9775 9774
f 10076 10077 9776
f 10077 9777 9776
f 10077 10078 9777
f 10078 10079 9777
f 10079 10080 9777
f 10080 9778 9777
f 10080 9780 9778
f 9780 9779 9778
f 10080 10081 9780
f 10081 10082 9780
f 10082 10083 9780
f 10083 10084 9780
f 10084 9781 9780
f 10084 9782 9781
f 10084 10085 9782
f 10085 9783 9782
f 10085 10086 9783
f 10086 9785 9783
f 9785 9784 9783
f 10086 10087 9785
f 10087 10088 9785
f 10088 10089 9785
f 10089 9786 9785
f 10089 10090 9786
f 10090 9787 9786
f 10090 9788 9787
f 10090 10091 9788
f 10091 10069 9788
f 10069 10068 9788
f 9802 10092 9789
f 10092 10093 9789
f 10093 10094 9789
f 10094 9790 9789
f 10094 10095 9790
f 10095 10096 9790
f 10096 9791 9790
f 10096 9792 9791
f 10096 10097 9792
f 10097 9793 9792
f 10097 10098 9793
f 10098 10099 9793
f 10099 9794 9793
f 10099 9795 9794
f 10099 10100 9795
f 10100 10101 9795
f 10101 9796 9795
f 10101 9797 9796
f 10101 10102 9797
f 10102 10103 9797
f 10103 10104 9797
f 10104 9798 9797
f 10104 10105 9798
f 10105 9799 9798
f 10105 9800 9799
f 10105 10106 9800
f 9807 10107 9801
f 10107 10108 9801
f 10108 10092 9801
f 10092 9802 9801
f 9907 10109 9803
f 10109 10110 9803
f 10110 10111 9803
f 10111 9805 9803
f 9805 9804 9803
f 10111 10112 9805
f 10112 9807 9805
f 9807 9806 9805
f 10112 10113 9807
f 10113 10107 9807
f 10055 10114 9808
f 10114 10115 9808
f 10115 9809 9808
f 10115 10116 9809
f 10116 10117 9809
f 10117 9812 9809
f 9812 9810 9809
f 9812 9811 9810
f 10117 10118 9812
f 10118 9813 9812
f 10118 10119 9813
f 10119 10120 9813
f 10120 10121 9813
f 10121 9815 9813
f 9815 9814 9813
f 10121 10122 9815
f 10122 9816 9815
f 10122 10123 9816
f 10123 10124 9816
f 10124 9817 9816
f 10124 9819 9817
f 9819 9818 9817
f 10124 10125 9819
f 10125 10126 9819
f 10126 9820 9819
f 10126 9822 9820
f 9822 9821 9820
f 10126 10127 9822
f 10127 10128 9822
f 10128 10129 9822
f 10129 9823 9822
f 10129 10130 9823
f 10130 9824 9823
f 10130 9826 9824
f 9826 9825 9824
f 10130 10131 9826
f 10131 10132 9826
f 10132 9828 9826
f 9828 9827 9826
f 10132 10133 9828
f 10133 10134 9828
f 10134 10135 9828
f 10135 10136 9828
f 10136 10137 9828
f 10137 9829 9828
f 10137 9830 9829
f 10137 10138 9830
f 10138 9831 9830
f 10138 9833 9831
f 9833 9832 9831
f 10138 10139 9833
f 10139 10140 9833
f 10140 10141 9833
f 10141 9834 9833
f 10141 10142 9834
f 10142 9835 9834
f 10142 9837 9835
f 9837 9836 9835
f 10142 10143 9837
f 10143 10144 9837
f 10144 10145 9837
f 10145 9838 9837
f 10145 10146 9838
f 10146 9839 9838
f 10146 10147 9839
f 10147 9840 9839
f 10147 10148 9840
f 10148 9841 9840
f 10148 10149 9841
f 10149 10150 9841
f 10150 9842 9841
f 10150 9843 9842
f 10150 10151 9843
f 10151 9844 9843
f 10151 10152 9844
f 10152 9846 9844
f 9846 9845 9844
f 10152 10153 9846
f 10153 10154 9846
f 10154 9847 9846
f 10154 10155 9847
f 10155 9849 9847
f 9849 9848 9847
f 10155 10156 9849
f 10156 10157 9849
f 10157 9850 9849
f 10157 9852 9850
f 9852 9851 9850
f 10157 10158 9852
f 10158 10159 9852
f 10159 9853 9852
f 10159 10160 9853
f 10160 10113 9853
f 10113 9854 9853
f 10113 10161 9854
f 10161 9855 9854
f 10161 10110 9855
f 10110 9856 9855
f 10110 10162 9856
f 10162 9858 9856
f 9858 9857 9856
f 10162 9905 9858
f 9905 9904 9858
f 9904 9860 9858
f 9860 9859 9858
f 9904 9903 9860
f 9903 10163 9860
f 10163 9862 9860
f 9862 9861 9860
f 10163 10164 9862
f 10164 10165 9862
f 10165 9863 9862
f 10165 10166 9863
f 10166 9865 9863
f 9865 9864 9863
f 10166 10167 9865
f 10167 10168 9865
f 10168 9867 9865
f 9867 9866 9865
f 10168 10169 9867
f 10169 10170 9867
f 10170 9868 9867
f 10170 10171 9868
f 10171 9871 9868
f 9871 9869 9868
f 9871 9870 9869
f 10171 10172 9871
f 10172 10173 9871
f 10173 9872 9871
f 10173 10174 9872
f 10174 9873 9872
f 10174 10175 9873
f 10175 9874 9873
f 10175 10176 9874
f 10176 9875 9874
f 10176 10177 9875
f 10177 10178 9875
f 10178 10179 9875
f 10179 9876 9875
f 9931 10180 9883
f 10180 9884 9883
f 10180 9886 9884
f 9886 9885 9884
f 10180 9943 9886
f 9943 10181 9886
f 10181 9888 9886
f 9888 9887 9886
f 10181 10182 9888
f 10182 10183 9888
f 10183 9889 9888
f 10183 9891 9889
f 9891 9890 9889
f 10183 9941 9891
f 9941 10184 9891
f 10184 10185 9891
f 10185 9892 9891
f 10185 10186 9892
f 10186 10187 9892
f 10187 10188 9892
f 10188 9893 9892
f 10188 9968 9893
f 9968 9894 9893
f 9968 9895 9894
f 9908 9915 9896
f 9915 10189 9896
f 10189 10190 9896
f 10190 9897 9896
f 10190 10165 9897
f 10165 9898 9897
f 10165 9900 9898
f 9900 9899 9898
f 10165 10164 9900
f 10164 10163 9900
f 10163 9901 9900
f 10163 9903 9901
f 9903 9902 9901
f 10162 10109 9905
f 10109 9907 9905
f 9907 9906 9905
f 10191 10192 9909
f 10192 10193 9909
f 10193 9910 9909
f 10193 10194 9910
f 10194 9911 9910
f 10194 10195 9911
f 10195 9912 9911
f 10195 10196 9912
f 10196 9913 9912
f 10196 10197 9913
f 10197 10198 9913
f 10198 9914 9913
f 10198 10199 9914
f 10199 9915 9914
f 10199 10200 9915
f 10200 10189 9915
f 10201 9625 9916
f 9917 10201 9916
f 10202 10201 9917
f 9919 10202 9917
f 9918 9919 9917
f 10203 10202 9919
f 10204 10203 9919
f 9920 10204 9919
f 10205 10204 9920
f 10206 10205 9920
f 9921 10206 9920
f 10207 10206 9921
f 9923 10207 9921
f 9922 9923 9921
f 10208 10207 9923
f 10209 10208 9923
f 9924 10209 9923
f 9926 10209 9924
f 9925 9926 9924
f 10210 10209 9926
f 10211 10210 9926
f 10212 10211 9926
f 9927 10212 9926
f 10213 10212 9927
f 9944 10180 9929
f 10180 9931 9929
f 9945 10214 9932
f 10214 9933 9932
f 10214 10215 9933
f 10215 10216 9933
f 10216 9935 9933
f 9935 9934 9933
f 10216 10217 9935
f 10217 10218 9935
f 10218 9937 9935
f 9937 9936 9935
f 10218 10219 9937
f 10219 9938 9937
f 10219 10220 9938
f 10220 10221 9938
f 10221 9939 9938
f 10221 10185 9939
f 10185 10184 9939
f 10184 9940 9939
f 10184 9941 9940
f 10183 10182 9941
f 10182 9942 9941
f 10182 10181 9942
f 10181 9943 9942
f 10180 9944 9943
f 9946 10222 9945
f 10222 10223 9945
f 10223 10214 9945
f 10224 10222 9946
f 10225 10224 9946
f 9949 10225 9946
f 9948 9949 9946
f 10226 10225 9949
f 10227 10226 9949
f 9950 10227 9949
f 9952 10227 9950
f 9951 9952 9950
f 10228 10227 9952
f 10229 10228 9952
f 10230 10229 9952
f 9953 10230 9952
f 10231 10230 9953
f 10232 10231 9953
f 9954 10232 9953
f 10233 10232 9954
f 9955 10233 9954
f 10234 10233 9955
f 10235 10234 9955
f 9957 10235 9955
f 9956 9957 9955
f 10236 10235 9957
f 9958 10236 9957
f 10237 10236 9958
f 9959 10237 9958
f 10238 10237 9959
f 9960 10238 9959
f 10239 10238 9960
f 9961 10239 9960
f 9964 10240 9961
f 10240 10238 9961
f 10238 10239 9961
f 9967 10241 9962
f 10241 10242 9962
f 10242 10243 9962
f 10243 9963 9962
f 10243 10244 9963
f 10244 10245 9963
f 10245 10246 9963
f 10246 9964 9963
f 10246 10247 9964
f 10247 10248 9964
f 10248 10249 9964
f 10249 10240 9964
f 9971 10241 9965
f 10241 9967 9965
f 9967 9966 9965
f 10188 10250 9968
f 10250 9970 9968
f 9970 9969 9968
f 10250 10251 9970
f 10251 10252 9970
f 10252 10253 9970
f 10253 10242 9970
f 10242 9971 9970
f 10242 10241 9971
f 10254 9980 9972
f 10255 10254 9972
f 9973 10255 9972
f 10256 10255 9973
f 9974 10256 9973
f 10257 10256 9974
f 10258 10257 9974
f 10259 10258 9974
f 9975 10259 9974
f 10260 10259 9975
f 9977 10260 9975
f 9976 9977 9975
f 10261 10260 9977
f 10262 10261 9977
f 9979 10262 9977
f 9978 9979 9977
f 10263 10262 9979
f 9995 10263 9979
f 10254 10264 9980
f 10264 10265 9980
f 10265 10266 9980
f 10266 9981 9980
f 10266 10267 9981
f 10267 10268 9981
f 10268 9982 9981
f 10268 9984 9982
f 9984 9983 9982
f 10268 10269 9984
f 10269 10270 9984
f 10270 10271 9984
f 10271 10272 9984
f 10272 9986 9984
f 9986 9985 9984
f 10272 9987 9986
f 10272 10271 9987
f 10271 10273 9987
f 10273 9989 9987
f 9989 9988 9987
f 10273 10274 9989
f 10274 9990 9989
f 10274 10275 9990
f 10275 10276 9990
f 10276 9992 9990
f 9992 9991 9990
f 10276 10277 9992
f 10277 9993 9992
f 10277 10278 9993
f 10278 9994 9993
f 10278 10006 9994
f 10010 10263 9995
f 9996 10010 9995
f 9997 10010 9996
f 10279 10011 9998
f 10280 10279 9998
f 10000 10280 9998
f 9999 10000 9998
f 10281 10280 10000
f 10282 10281 10000
f 10283 10282 10000
f 10001 10283 10000
f 10284 10283 10001
f 10002 10284 10001
f 10285 10284 10002
f 10003 10285 10002
f 10286 10285 10003
f 10009 10286 10003
f 10004 10009 10003
f 10005 10009 10004
f 10278 10287 10006
f 10287 10008 10006
f 10008 10007 10006
f 10287 10288 10008
f 10288 10289 10008
f 10289 10290 10008
f 10290 10009 10008
f 10290 10291 10009
f 10291 10286 10009
f 10292 10263 10010
f 10293 10292 10010
f 10279 10293 10010
f 10011 10279 10010
f 10038 10033 10012
f 10294 10038 10012
f 10013 10294 10012
f 10295 10294 10013
f 10296 10295 10013
f 10016 10296 10013
f 10014 10016 10013
f 10015 10016 10014
f 10297 10296 10016
f 10298 10297 10016
f 10017 10298 10016
f 10299 10298 10017
f 10300 10299 10017
f 10301 10300 10017
f 10302 10301 10017
f 10018 10302 10017
f 10303 10302 10018
f 10304 10303 10018
f 10020 10304 10018
f 10305 10304 10020
f 10021 10305 10020
f 10306 10305 10021
f 10022 10306 10021
f 10028 10306 10022
f 10023 10028 10022
f 10024 10028 10023
f 10025 10028 10024
f 10029 10307 10026
f 10307 10308 10026
f 10308 10309 10026
f 10309 10027 10026
f 10309 10310 10027
f 10310 10028 10027
f 10310 10311 10028
f 10311 10306 10028
f 10032 10312 10029
f 10312 10313 10029
f 10313 10307 10029
f 10041 10314 10031
f 10314 10315 10031
f 10315 10312 10031
f 10312 10032 10031
f 10316 9737 10034
f 10317 10316 10034
f 10318 10317 10034
f 10319 10318 10034
f 10320 10319 10034
f 10035 10320 10034
f 10321 10320 10035
f 10322 10321 10035
f 10036 10322 10035
f 10323 10322 10036
f 10037 10323 10036
f 10324 10323 10037
f 10325 10324 10037
f 10038 10325 10037
f 10326 10325 10038
f 10294 10326 10038
f 9170 10316 9451
f 10316 10327 9451
f 10327 10039 9451
f 10327 10328 10039
f 10328 10040 10039
f 10328 10314 10040
f 10314 10041 10040
f 10330 10329 10044
f 10329 10331 10044
f 10331 10045 10044
f 10331 10046 10045
f 10331 10050 10046
f 10050 10049 10046
f 10049 10048 10046
f 10331 10332 10050
f 10332 10333 10050
f 10333 10334 10050
f 10334 10335 10050
f 10335 10051 10050
f 10335 10336 10051
f 10336 10337 10051
f 10337 10052 10051
f 10337 10054 10052
f 10054 10053 10052
f 10337 10336 10054
f 10336 10338 10054
f 10338 10114 10054
f 10114 10055 10054
f 10067 10057 10056
f 10067 10339 10057
f 10339 10340 10057
f 10340 10058 10057
f 10340 10060 10058
f 10060 10059 10058
f 10340 10341 10060
f 10341 10342 10060
f 10342 10061 10060
f 10342 10343 10061
f 10343 10344 10061
f 10344 10062 10061
f 10344 10063 10062
f 10071 10070 10064
f 10070 10345 10064
f 10345 10346 10064
f 10346 10347 10064
f 10347 10065 10064
f 10347 10348 10065
f 10348 10066 10065
f 10348 10349 10066
f 10349 10067 10066
f 10349 10350 10067
f 10350 10339 10067
f 10091 10351 10069
f 10351 10352 10069
f 10352 10345 10069
f 10345 10070 10069
f 10106 10353 10072
f 10353 10354 10072
f 10354 10074 10072
f 10074 10073 10072
f 10354 10355 10074
f 10355 10356 10074
f 10356 10075 10074
f 10356 10357 10075
f 10357 10358 10075
f 10358 10077 10075
f 10077 10076 10075
f 10358 10359 10077
f 10359 10078 10077
f 10359 10360 10078
f 10360 10361 10078
f 10361 10362 10078
f 10362 10081 10078
f 10081 10079 10078
f 10081 10080 10079
f 10362 10363 10081
f 10363 10364 10081
f 10364 10365 10081
f 10365 10082 10081
f 10365 10366 10082
f 10366 10367 10082
f 10367 10083 10082
f 10367 10368 10083
f 10368 10084 10083
f 10368 10369 10084
f 10369 10085 10084
f 10369 10087 10085
f 10087 10086 10085
f 10369 10370 10087
f 10370 10371 10087
f 10371 10088 10087
f 10371 10372 10088
f 10372 10373 10088
f 10373 10089 10088
f 10373 10351 10089
f 10351 10090 10089
f 10351 10091 10090
f 10108 10374 10092
f 10374 10375 10092
f 10375 10093 10092
f 10375 10376 10093
f 10376 10094 10093
f 10376 10377 10094
f 10377 10095 10094
f 10377 10378 10095
f 10378 10096 10095
f 10378 10379 10096
f 10379 10098 10096
f 10098 10097 10096
f 10379 10380 10098
f 10380 10381 10098
f 10381 10382 10098
f 10382 10099 10098
f 10382 10383 10099
f 10383 10100 10099
f 10383 10384 10100
f 10384 10101 10100
f 10384 10385 10101
f 10385 10102 10101
f 10385 10386 10102
f 10386 10387 10102
f 10387 10388 10102
f 10388 10103 10102
f 10388 10389 10103
f 10389 10104 10103
f 10389 10106 10104
f 10106 10105 10104
f 10389 10390 10106
f 10390 10353 10106
f 10113 10160 10107
f 10160 10159 10107
f 10159 10108 10107
f 10159 10391 10108
f 10391 10374 10108
f 10162 10110 10109
f 10161 10111 10110
f 10161 10113 10111
f 10113 10112 10111
f 10338 10392 10114
f 10392 10393 10114
f 10393 10115 10114
f 10393 10394 10115
f 10394 10395 10115
f 10395 10116 10115
f 10395 10118 10116
f 10118 10117 10116
f 10395 10396 10118
f 10396 10397 10118
f 10397 10119 10118
f 10397 10398 10119
f 10398 10399 10119
f 10399 10120 10119
f 10399 10122 10120
f 10122 10121 10120
f 10399 10400 10122
f 10400 10401 10122
f 10401 10402 10122
f 10402 10124 10122
f 10124 10123 10122
f 10402 10403 10124
f 10403 10404 10124
f 10404 10125 10124
f 10404 10405 10125
f 10405 10406 10125
f 10406 10127 10125
f 10127 10126 10125
f 10406 10407 10127
f 10407 10408 10127
f 10408 10128 10127
f 10408 10409 10128
f 10409 10129 10128
f 10409 10131 10129
f 10131 10130 10129
f 10409 10410 10131
f 10410 10133 10131
f 10133 10132 10131
f 10410 10411 10133
f 10411 10134 10133
f 10411 10368 10134
f 10368 10367 10134
f 10367 10366 10134
f 10366 10412 10134
f 10412 10135 10134
f 10412 10413 10135
f 10413 10136 10135
f 10413 10414 10136
f 10414 10137 10136
f 10414 10139 10137
f 10139 10138 10137
f 10414 10364 10139
f 10364 10363 10139
f 10363 10415 10139
f 10415 10140 10139
f 10415 10416 10140
f 10416 10141 10140
f 10416 10143 10141
f 10143 10142 10141
f 10416 10360 10143
f 10360 10417 10143
f 10417 10418 10143
f 10418 10145 10143
f 10145 10144 10143
f 10418 10419 10145
f 10419 10420 10145
f 10420 10421 10145
f 10421 10146 10145
f 10421 10422 10146
f 10422 10147 10146
f 10422 10423 10147
f 10423 10148 10147
f 10423 10424 10148
f 10424 10149 10148
f 10424 10425 10149
f 10425 10150 10149
f 10425 10380 10150
f 10380 10151 10150
f 10380 10426 10151
f 10426 10153 10151
f 10153 10152 10151
f 10426 10427 10153
f 10427 10428 10153
f 10428 10154 10153
f 10428 10429 10154
f 10429 10155 10154
f 10429 10391 10155
f 10391 10156 10155
f 10391 10158 10156
f 10158 10157 10156
f 10391 10159 10158
f 10190 10430 10165
f 10430 10166 10165
f 10430 10200 10166
f 10200 10167 10166
f 10200 10199 10167
f 10199 10168 10167
f 10199 10198 10168
f 10198 10169 10168
f 10198 10197 10169
f 10197 10170 10169
f 10197 10431 10170
f 10431 10171 10170
f 10431 10432 10171
f 10432 10172 10171
f 10432 10433 10172
f 10433 10434 10172
f 10434 10173 10172
f 10434 10435 10173
f 10435 10174 10173
f 10435 10175 10174
f 10435 10436 10175
f 10436 10437 10175
f 10437 10176 10175
f 10437 10438 10176
f 10438 10439 10176
f 10439 10177 10176
f 10439 10440 10177
f 10440 10178 10177
f 10440 10441 10178
f 10441 10179 10178
f 10221 10442 10185
f 10442 10186 10185
f 10442 10443 10186
f 10443 10250 10186
f 10250 10187 10186
f 10250 10188 10187
f 10200 10430 10189
f 10430 10190 10189
f 10444 10445 10191
f 10445 10193 10191
f 10193 10192 10191
f 10445 10446 10193
f 10446 10447 10193
f 10447 10448 10193
f 10448 10194 10193
f 10448 10449 10194
f 10449 10432 10194
f 10432 10195 10194
f 10432 10196 10195
f 10432 10431 10196
f 10431 10197 10196
f 10450 9625 10201
f 10203 10450 10201
f 10202 10203 10201
f 10451 10450 10203
f 10452 10451 10203
f 10204 10452 10203
f 10453 10452 10204
f 10205 10453 10204
f 10454 10453 10205
f 10455 10454 10205
f 10206 10455 10205
f 10456 10455 10206
f 10208 10456 10206
f 10207 10208 10206
f 10457 10456 10208
f 10209 10457 10208
f 10458 10457 10209
f 10210 10458 10209
f 10459 10458 10210
f 10460 10459 10210
f 10211 10460 10210
f 10461 10460 10211
f 10213 10461 10211
f 10212 10213 10211
f 10462 10461 10213
f 10463 10462 10213
f 10223 10464 10214
f 10464 10215 10214
f 10464 10465 10215
f 10465 10466 10215
f 10466 10217 10215
f 10217 10216 10215
f 10466 10467 10217
f 10467 10468 10217
f 10468 10219 10217
f 10219 10218 10217
f 10468 10469 10219
f 10469 10470 10219
f 10470 10220 10219
f 10470 10442 10220
f 10442 10221 10220
f 10224 10471 10222
f 10471 10472 10222
f 10472 10473 10222
f 10473 10223 10222
f 10473 10474 10223
f 10474 10475 10223
f 10475 10464 10223
f 10476 10471 10224
f 10477 10476 10224
f 10225 10477 10224
f 10478 10477 10225
f 10226 10478 10225
f 10228 10478 10226
f 10227 10228 10226
f 10479 10478 10228
f 10480 10479 10228
f 10230 10480 10228
f 10229 10230 10228
f 10481 10480 10230
f 10482 10481 10230
f 10483 10482 10230
f 10231 10483 10230
f 10484 10483 10231
f 10232 10484 10231
f 10233 10484 10232
f 10485 10484 10233
f 10486 10485 10233
f 10234 10486 10233
f 10487 10486 10234
f 10236 10487 10234
f 10235 10236 10234
f 10486 10487 10236
f 10488 10486 10236
f 10237 10488 10236
f 10489 10488 10237
f 10238 10489 10237
f 10490 10489 10238
f 10249 10490 10238
f 10240 10249 10238
f 10253 10491 10242
f 10491 10244 10242
f 10244 10243 10242
f 10491 10492 10244
f 10492 10245 10244
f 10492 10493 10245
f 10493 10494 10245
f 10494 10246 10245
f 10494 10495 10246
f 10495 10496 10246
f 10496 10247 10246
f 10496 10497 10247
f 10497 10498 10247
f 10498 10499 10247
f 10499 10248 10247
f 10499 10490 10248
f 10490 10249 10248
f 10443 10500 10250
f 10500 10251 10250
f 10500 10501 10251
f 10501 10502 10251
f 10502 10252 10251
f 10502 10491 10252
f 10491 10253 10252
f 10503 10264 10254
f 10504 10503 10254
f 10255 10504 10254
f 10505 10504 10255
f 10256 10505 10255
f 10506 10505 10256
f 10257 10506 10256
f 10507 10506 10257
f 10508 10507 10257
f 10509 10508 10257
f 10259 10509 10257
f 10258 10259 10257
f 10510 10509 10259
f 10511 10510 10259
f 10261 10511 10259
f 10260 10261 10259
f 10292 10511 10261
f 10263 10292 10261
f 10262 10263 10261
f 10503 10512 10264
f 10512 10513 10264
f 10513 10514 10264
f 10514 10515 10264
f 10515 10516 10264
f 10516 10265 10264
f 10516 10517 10265
f 10517 10266 10265
f 10517 10518 10266
f 10518 10519 10266
f 10519 10520 10266
f 10520 10267 10266
f 10520 10269 10267
f 10269 10268 10267
f 10520 10521 10269
f 10521 10522 10269
f 10522 10523 10269
f 10523 10524 10269
f 10524 10270 10269
f 10524 10525 10270
f 10525 10271 10270
f 10525 10274 10271
f 10274 10273 10271
f 10525 10526 10274
f 10526 10275 10274
f 10526 10527 10275
f 10527 10528 10275
f 10528 10277 10275
f 10277 10276 10275
f 10528 10287 10277
f 10287 10278 10277
f 10529 10293 10279
f 10530 10529 10279
f 10281 10530 10279
f 10280 10281 10279
f 10531 10530 10281
f 10532 10531 10281
f 10533 10532 10281
f 10282 10533 10281
f 10534 10533 10282
f 10283 10534 10282
f 10535 10534 10283
f 10284 10535 10283
f 10291 10535 10284
f 10285 10291 10284
f 10286 10291 10285
f 10528 10527 10287
f 10527 10536 10287
f 10536 10288 10287
f 10536 10537 10288
f 10537 10538 10288
f 10538 10539 10288
f 10539 10289 10288
f 10539 10540 10289
f 10540 10290 10289
f 10540 10541 10290
f 10541 10542 10290
f 10542 10291 10290
f 10542 10543 10291
f 10543 10535 10291
f 10529 10511 10292
f 10293 10529 10292
f 10544 10326 10294
f 10295 10544 10294
f 10297 10544 10295
f 10296 10297 10295
f 10545 10544 10297
f 10546 10545 10297
f 10299 10546 10297
f 10298 10299 10297
f 10547 10546 10299
f 10548 10547 10299
f 10549 10548 10299
f 10300 10549 10299
f 10550 10549 10300
f 10551 10550 10300
f 10552 10551 10300
f 10301 10552 10300
f 10303 10552 10301
f 10302 10303 10301
f 10553 10552 10303
f 10554 10553 10303
f 10304 10554 10303
f 10311 10554 10304
f 10305 10311 10304
f 10306 10311 10305
f 10313 10555 10307
f 10555 10308 10307
f 10555 10556 10308
f 10556 10309 10308
f 10556 10557 10309
f 10557 10310 10309
f 10557 10558 10310
f 10558 10559 10310
f 10559 10311 10310
f 10559 10560 10311
f 10560 10561 10311
f 10561 10554 10311
f 10315 10562 10312
f 10562 10563 10312
f 10563 10313 10312
f 10563 10564 10313
f 10564 10565 10313
f 10565 10566 10313
f 10566 10555 10313
f 10328 10567 10314
f 10567 10568 10314
f 10568 10562 10314
f 10562 10315 10314
f 10569 10316 10317
f 10570 10569 10317
f 10571 10570 10317
f 10572 10571 10317
f 10573 10572 10317
f 10318 10573 10317
f 10574 10573 10318
f 10575 10574 10318
f 10576 10575 10318
f 10319 10576 10318
f 10321 10576 10319
f 10320 10321 10319
f 10322 10576 10321
f 10577 10576 10322
f 10323 10577 10322
f 10324 10577 10323
f 10578 10577 10324
f 10325 10578 10324
f 10579 10578 10325
f 10326 10579 10325
f 10545 10579 10326
f 10544 10545 10326
f 10316 10580 10327
f 10580 10581 10327
f 10581 10567 10327
f 10567 10328 10327
f 10330 10582 10329
f 10582 10583 10329
f 10583 10332 10329
f 10332 10331 10329
f 10583 10584 10332
f 10584 10333 10332
f 10584 10585 10333
f 10585 10586 10333
f 10586 10587 10333
f 10587 10334 10333
f 10587 10588 10334
f 10588 10335 10334
f 10588 10589 10335
f 10589 10336 10335
f 10589 10392 10336
f 10392 10338 10336
f 10350 10590 10339
f 10590 10341 10339
f 10341 10340 10339
f 10590 10591 10341
f 10591 10592 10341
f 10592 10593 10341
f 10593 10342 10341
f 10593 10343 10342
f 10593 10594 10343
f 10594 10344 10343
f 10352 10595 10345
f 10595 10596 10345
f 10596 10597 10345
f 10597 10347 10345
f 10347 10346 10345
f 10597 10598 10347
f 10598 10599 10347
f 10599 10348 10347
f 10599 10600 10348
f 10600 10349 10348
f 10600 10601 10349
f 10601 10350 10349
f 10601 10602 10350
f 10602 10591 10350
f 10591 10590 10350
f 10373 10603 10351
f 10603 10604 10351
f 10604 10595 10351
f 10595 10352 10351
f 10390 10355 10353
f 10355 10354 10353
f 10390 10605 10355
f 10605 10606 10355
f 10606 10356 10355
f 10606 10357 10356
f 10606 10419 10357
f 10419 10607 10357
f 10607 10359 10357
f 10359 10358 10357
f 10607 10417 10359
f 10417 10360 10359
f 10416 10415 10360
f 10415 10361 10360
f 10415 10363 10361
f 10363 10362 10361
f 10414 10413 10364
f 10413 10365 10364
f 10413 10412 10365
f 10412 10366 10365
f 10411 10608 10368
f 10608 10370 10368
f 10370 10369 10368
f 10608 10609 10370
f 10609 10610 10370
f 10610 10371 10370
f 10610 10611 10371
f 10611 10603 10371
f 10603 10372 10371
f 10603 10373 10372
f 10391 10429 10374
f 10429 10428 10374
f 10428 10375 10374
f 10428 10376 10375
f 10428 10427 10376
f 10427 10377 10376
f 10427 10612 10377
f 10612 10378 10377
f 10612 10380 10378
f 10380 10379 10378
f 10612 10426 10380
f 10425 10613 10380
f 10613 10381 10380
f 10613 10614 10381
f 10614 10382 10381
f 10614 10423 10382
f 10423 10383 10382
f 10423 10422 10383
f 10422 10384 10383
f 10422 10615 10384
f 10615 10385 10384
f 10615 10616 10385
f 10616 10386 10385
f 10616 10419 10386
f 10419 10606 10386
f 10606 10605 10386
f 10605 10387 10386
f 10605 10390 10387
f 10390 10388 10387
f 10390 10389 10388
f 10589 10617 10392
f 10617 10393 10392
f 10617 10618 10393
f 10618 10619 10393
f 10619 10620 10393
f 10620 10394 10393
f 10620 10396 10394
f 10396 10395 10394
f 10620 10621 10396
f 10621 10622 10396
f 10622 10397 10396
f 10622 10623 10397
f 10623 10624 10397
f 10624 10398 10397
f 10624 10400 10398
f 10400 10399 10398
f 10624 10625 10400
f 10625 10626 10400
f 10626 10401 10400
f 10626 10403 10401
f 10403 10402 10401
f 10626 10627 10403
f 10627 10628 10403
f 10628 10405 10403
f 10405 10404 10403
f 10628 10629 10405
f 10629 10630 10405
f 10630 10631 10405
f 10631 10632 10405
f 10632 10406 10405
f 10632 10408 10406
f 10408 10407 10406
f 10632 10633 10408
f 10633 10634 10408
f 10634 10635 10408
f 10635 10409 10408
f 10635 10411 10409
f 10411 10410 10409
f 10635 10609 10411
f 10609 10608 10411
f 10607 10419 10417
f 10419 10418 10417
f 10616 10420 10419
f 10616 10615 10420
f 10615 10421 10420
f 10615 10422 10421
f 10614 10424 10423
f 10614 10613 10424
f 10613 10425 10424
f 10612 10427 10426
f 10449 10636 10432
f 10636 10433 10432
f 10636 10637 10433
f 10637 10638 10433
f 10638 10434 10433
f 10638 10435 10434
f 10638 10639 10435
f 10639 10436 10435
f 10639 10640 10436
f 10640 10641 10436
f 10641 10438 10436
f 10438 10437 10436
f 10641 10642 10438
f 10642 10643 10438
f 10643 10439 10438
f 10643 10644 10439
f 10470 10645 10442
f 10645 10500 10442
f 10500 10443 10442
f 10646 10647 10444
f 10647 10648 10444
f 10648 10446 10444
f 10446 10445 10444
f 10648 10649 10446
f 10649 10650 10446
f 10650 10651 10446
f 10651 10447 10446
f 10651 10636 10447
f 10636 10448 10447
f 10636 10449 10448
f 10451 10652 10450
f 10653 10652 10451
f 10452 10653 10451
f 10654 10653 10452
f 10453 10654 10452
f 10655 10654 10453
f 10454 10655 10453
f 10455 10655 10454
f 10656 10655 10455
f 10657 10656 10455
f 10457 10657 10455
f 10456 10457 10455
f 10658 10657 10457
f 10458 10658 10457
f 10659 10658 10458
f 10459 10659 10458
f 10660 10659 10459
f 10661 10660 10459
f 10460 10661 10459
f 10462 10661 10460
f 10461 10462 10460
f 10662 10661 10462
f 10663 10662 10462
f 10664 10663 10462
f 10463 10664 10462
f 10475 10465 10464
f 10475 10665 10465
f 10665 10666 10465
f 10666 10467 10465
f 10467 10466 10465
f 10666 10667 10467
f 10667 10668 10467
f 10668 10669 10467
f 10669 10469 10467
f 10469 10468 10467
f 10669 10670 10469
f 10670 10645 10469
f 10645 10470 10469
f 10476 10671 10471
f 10671 10672 10471
f 10672 10472 10471
f 10672 10673 10472
f 10673 10474 10472
f 10474 10473 10472
f 10673 10674 10474
f 10674 10675 10474
f 10675 10475 10474
f 10675 10665 10475
f 10676 10671 10476
f 10677 10676 10476
f 10678 10677 10476
f 10679 10678 10476
f 10477 10679 10476
f 10680 10679 10477
f 10479 10680 10477
f 10478 10479 10477
f 10681 10680 10479
f 10682 10681 10479
f 10481 10682 10479
f 10480 10481 10479
f 10683 10682 10481
f 10684 10683 10481
f 10482 10684 10481
f 10685 10684 10482
f 10483 10685 10482
f 10686 10685 10483
f 10484 10686 10483
f 10687 10686 10484
f 10485 10687 10484
f 10486 10687 10485
f 10688 10687 10486
f 10689 10688 10486
f 10488 10689 10486
f 10690 10689 10488
f 10489 10690 10488
f 10691 10690 10489
f 10490 10691 10489
f 10499 10692 10490
f 10692 10691 10490
f 10502 10693 10491
f 10693 10492 10491
f 10693 10493 10492
f 10693 10694 10493
f 10694 10695 10493
f 10695 10696 10493
f 10696 10697 10493
f 10697 10495 10493
f 10495 10494 10493
f 10697 10698 10495
f 10698 10699 10495
f 10699 10700 10495
f 10495 10700 10496
f 10700 10497 10496
f 10497 10701 10498
f 10701 10692 10498
f 10692 10499 10498
f 10645 10702 10500
f 10702 10703 10500
f 10703 10704 10500
f 10704 10501 10500
f 10704 10693 10501
f 10693 10502 10501
f 10705 10512 10503
f 10706 10705 10503
f 10504 10706 10503
f 10707 10706 10504
f 10505 10707 10504
f 10708 10707 10505
f 10506 10708 10505
f 10709 10708 10506
f 10507 10709 10506
f 10710 10709 10507
f 10711 10710 10507
f 10508 10711 10507
f 10712 10711 10508
f 10509 10712 10508
f 10713 10712 10509
f 10510 10713 10509
f 10529 10713 10510
f 10511 10529 10510
f 10705 10714 10512
f 10714 10715 10512
f 10715 10716 10512
f 10716 10717 10512
f 10717 10718 10512
f 10718 10513 10512
f 10718 10514 10513
f 10718 10719 10514
f 10719 10720 10514
f 10720 10721 10514
f 10721 10517 10514
f 10517 10515 10514
f 10517 10516 10515
f 10721 10722 10517
f 10722 10518 10517
f 10722 10723 10518
f 10723 10724 10518
f 10724 10725 10518
f 10725 10520 10518
f 10520 10519 10518
f 10725 10726 10520
f 10726 10521 10520
f 10726 10522 10521
f 10726 10727 10522
f 10727 10728 10522
f 10728 10729 10522
f 10729 10523 10522
f 10729 10730 10523
f 10730 10524 10523
f 10730 10526 10524
f 10526 10525 10524
f 10730 10731 10526
f 10731 10732 10526
f 10732 10537 10526
f 10537 10527 10526
f 10537 10536 10527
f 10531 10713 10529
f 10530 10531 10529
f 10712 10713 10531
f 10733 10712 10531
f 10734 10733 10531
f 10532 10734 10531
f 10735 10734 10532
f 10736 10735 10532
f 10533 10736 10532
f 10534 10736 10533
f 10543 10736 10534
f 10535 10543 10534
f 10732 10737 10537
f 10737 10738 10537
f 10738 10739 10537
f 10739 10740 10537
f 10740 10538 10537
f 10740 10539 10538
f 10740 10741 10539
f 10741 10540 10539
f 10741 10742 10540
f 10742 10743 10540
f 10743 10541 10540
f 10743 10542 10541
f 10744 10543 10542
f 10743 10744 10542
f 10745 10736 10543
f 10744 10745 10543
f 10746 10579 10545
f 10747 10746 10545
f 10547 10747 10545
f 10546 10547 10545
f 10748 10747 10547
f 10749 10748 10547
f 10750 10749 10547
f 10548 10750 10547
f 10751 10750 10548
f 10549 10751 10548
f 10752 10751 10549
f 10550 10752 10549
f 10753 10752 10550
f 10754 10753 10550
f 10561 10754 10550
f 10551 10561 10550
f 10553 10561 10551
f 10552 10553 10551
f 10554 10561 10553
f 10566 10755 10555
f 10755 10556 10555
f 10755 10557 10556
f 10755 10756 10557
f 10756 10757 10557
f 10757 10558 10557
f 10757 10559 10558
f 10757 10758 10559
f 10758 10560 10559
f 10758 10754 10560
f 10754 10561 10560
f 10568 10759 10562
f 10759 10760 10562
f 10760 10564 10562
f 10564 10563 10562
f 10760 10761 10564
f 10761 10762 10564
f 10762 10763 10564
f 10763 10565 10564
f 10763 10764 10565
f 10764 10566 10565
f 10764 10765 10566
f 10765 10755 10566
f 10581 10580 10567
f 10580 10766 10567
f 10766 10759 10567
f 10759 10568 10567
f 10570 10767 10569
f 10767 10768 10569
f 10768 10769 10569
f 10769 10770 10569
f 10770 10771 10569
f 10772 10767 10570
f 10571 10772 10570
f 10773 10772 10571
f 10774 10773 10571
f 10775 10774 10571
f 10776 10775 10571
f 10573 10776 10571
f 10572 10573 10571
f 10574 10776 10573
f 10775 10776 10574
f 10777 10775 10574
f 10778 10777 10574
f 10576 10778 10574
f 10575 10576 10574
f 10779 10778 10576
f 10577 10779 10576
f 10780 10779 10577
f 10578 10780 10577
f 10746 10780 10578
f 10579 10746 10578
f 10316 10781 10580
f 10781 10771 10580
f 10771 10782 10580
f 10782 10783 10580
f 10783 10759 10580
f 10759 10766 10580
f 10784 10584 10582
f 10584 10583 10582
f 10784 10785 10584
f 10785 10585 10584
f 10785 10786 10585
f 10786 10787 10585
f 10787 10788 10585
f 10788 10586 10585
f 10788 10789 10586
f 10789 10790 10586
f 10790 10791 10586
f 10791 10588 10586
f 10588 10587 10586
f 10791 10617 10588
f 10617 10589 10588
f 10602 10792 10591
f 10792 10793 10591
f 10793 10592 10591
f 10793 10794 10592
f 10794 10593 10592
f 10794 10795 10593
f 10795 10594 10593
f 10604 10796 10595
f 10796 10797 10595
f 10797 10798 10595
f 10798 10799 10595
f 10799 10596 10595
f 10799 10598 10596
f 10598 10597 10596
f 10799 10800 10598
f 10800 10801 10598
f 10801 10599 10598
f 10801 10802 10599
f 10802 10600 10599
f 10802 10803 10600
f 10803 10804 10600
f 10804 10601 10600
f 10804 10792 10601
f 10792 10602 10601
f 10611 10805 10603
f 10805 10806 10603
f 10806 10796 10603
f 10796 10604 10603
f 10635 10807 10609
f 10807 10633 10609
f 10633 10805 10609
f 10805 10610 10609
f 10805 10611 10610
f 10791 10790 10617
f 10790 10618 10617
f 10790 10808 10618
f 10808 10809 10618
f 10809 10810 10618
f 10810 10619 10618
f 10810 10621 10619
f 10621 10620 10619
f 10810 10811 10621
f 10811 10812 10621
f 10812 10622 10621
f 10812 10813 10622
f 10813 10814 10622
f 10814 10815 10622
f 10815 10623 10622
f 10815 10816 10623
f 10816 10624 10623
f 10816 10817 10624
f 10817 10627 10624
f 10627 10625 10624
f 10627 10626 10625
f 10817 10818 10627
f 10818 10819 10627
f 10819 10629 10627
f 10629 10628 10627
f 10819 10797 10629
f 10797 10796 10629
f 10796 10806 10629
f 10806 10630 10629
f 10806 10820 10630
f 10820 10631 10630
f 10820 10633 10631
f 10633 10632 10631
f 10807 10634 10633
f 10820 10805 10633
f 10807 10635 10634
f 10651 10821 10636
f 10821 10822 10636
f 10822 10637 10636
f 10822 10638 10637
f 10822 10823 10638
f 10823 10639 10638
f 10823 10824 10639
f 10824 10640 10639
f 10824 10825 10640
f 10825 10826 10640
f 10826 10642 10640
f 10642 10641 10640
f 10826 10827 10642
f 10827 10828 10642
f 10828 10643 10642
f 10828 10829 10643
f 10829 10644 10643
f 10670 10668 10645
f 10668 10702 10645
f 10830 10831 10646
f 10831 10647 10646
f 10831 10832 10647
f 10832 10833 10647
f 10833 10649 10647
f 10649 10648 10647
f 10833 10834 10649
f 10834 10821 10649
f 10821 10650 10649
f 10821 10651 10650
f 10836 10835 10652
f 10653 10836 10652
f 10654 10836 10653
f 10837 10836 10654
f 10838 10837 10654
f 10656 10838 10654
f 10655 10656 10654
f 10839 10838 10656
f 10840 10839 10656
f 10841 10840 10656
f 10658 10841 10656
f 10657 10658 10656
f 10842 10841 10658
f 10843 10842 10658
f 10659 10843 10658
f 10844 10843 10659
f 10660 10844 10659
f 10845 10844 10660
f 10662 10845 10660
f 10661 10662 10660
f 10846 10845 10662
f 10847 10846 10662
f 10848 10847 10662
f 10663 10848 10662
f 10664 10848 10663
f 10675 10849 10665
f 10849 10850 10665
f 10850 10667 10665
f 10667 10666 10665
f 10850 10851 10667
f 10851 10852 10667
f 10852 10668 10667
f 10852 10702 10668
f 10670 10669 10668
f 10676 10853 10671
f 10853 10854 10671
f 10854 10855 10671
f 10855 10672 10671
f 10855 10674 10672
f 10674 10673 10672
f 10855 10856 10674
f 10856 10857 10674
f 10857 10675 10674
f 10857 10858 10675
f 10858 10859 10675
f 10859 10849 10675
f 10860 10853 10676
f 10861 10860 10676
f 10862 10861 10676
f 10863 10862 10676
f 10678 10863 10676
f 10677 10678 10676
f 10864 10863 10678
f 10681 10864 10678
f 10680 10681 10678
f 10679 10680 10678
f 10865 10864 10681
f 10683 10865 10681
f 10682 10683 10681
f 10866 10865 10683
f 10867 10866 10683
f 10868 10867 10683
f 10684 10868 10683
f 10869 10868 10684
f 10685 10869 10684
f 10870 10869 10685
f 10686 10870 10685
f 10871 10870 10686
f 10688 10871 10686
f 10687 10688 10686
f 10872 10871 10688
f 10873 10872 10688
f 10689 10873 10688
f 10874 10873 10689
f 10690 10874 10689
f 10875 10874 10690
f 10876 10875 10690
f 10691 10876 10690
f 10692 10877 10691
f 10877 10876 10691
f 10701 10877 10692
f 10704 10878 10693
f 10878 10694 10693
f 10878 10879 10694
f 10879 10880 10694
f 10880 10695 10694
f 10880 10881 10695
f 10881 10696 10695
f 10881 10882 10696
f 10882 10698 10696
f 10698 10697 10696
f 10882 10883 10698
f 10883 10699 10698
f 10883 10884 10699
f 10884 10885 10699
f 10885 10700 10699
f 10497 10886 10701
f 10886 10887 10701
f 10887 10877 10701
f 10852 10878 10702
f 10878 10704 10702
f 10704 10703 10702
f 10888 10714 10705
f 10889 10888 10705
f 10890 10889 10705
f 10706 10890 10705
f 10707 10890 10706
f 10891 10890 10707
f 10708 10891 10707
f 10892 10891 10708
f 10709 10892 10708
f 10893 10892 10709
f 10894 10893 10709
f 10895 10894 10709
f 10710 10895 10709
f 10896 10895 10710
f 10711 10896 10710
f 10733 10896 10711
f 10712 10733 10711
f 10897 10715 10714
f 10898 10897 10714
f 10899 10898 10714
f 10888 10899 10714
f 10900 10716 10715
f 10901 10900 10715
f 10897 10901 10715
f 10900 10902 10716
f 10902 10903 10716
f 10903 10904 10716
f 10904 10905 10716
f 10905 10717 10716
f 10905 10718 10717
f 10905 10906 10718
f 10906 10719 10718
f 10906 10907 10719
f 10907 10908 10719
f 10908 10720 10719
f 10908 10722 10720
f 10722 10721 10720
f 10908 10909 10722
f 10909 10910 10722
f 10910 10723 10722
f 10910 10911 10723
f 10911 10912 10723
f 10912 10726 10723
f 10726 10724 10723
f 10726 10725 10724
f 10912 10913 10726
f 10913 10727 10726
f 10913 10914 10727
f 10914 10915 10727
f 10915 10916 10727
f 10916 10728 10727
f 10916 10917 10728
f 10917 10729 10728
f 10917 10731 10729
f 10731 10730 10729
f 10917 10737 10731
f 10737 10732 10731
f 10918 10896 10733
f 10919 10918 10733
f 10734 10919 10733
f 10920 10919 10734
f 10921 10920 10734
f 10735 10921 10734
f 10745 10921 10735
f 10736 10745 10735
f 10917 10916 10737
f 10916 10922 10737
f 10922 10738 10737
f 10922 10923 10738
f 10923 10739 10738
f 10923 10740 10739
f 10923 10924 10740
f 10924 10741 10740
f 10924 10742 10741
f 10924 10925 10742
f 10925 10743 10742
f 10926 10744 10743
f 10925 10926 10743
f 10927 10745 10744
f 10928 10927 10744
f 10926 10928 10744
f 10929 10921 10745
f 10927 10929 10745
f 10930 10780 10746
f 10931 10930 10746
f 10748 10931 10746
f 10747 10748 10746
f 10932 10931 10748
f 10933 10932 10748
f 10934 10933 10748
f 10749 10934 10748
f 10935 10934 10749
f 10750 10935 10749
f 10936 10935 10750
f 10751 10936 10750
f 10937 10936 10751
f 10752 10937 10751
f 10753 10937 10752
f 10754 10758 10753
f 10758 10938 10753
f 10938 10939 10753
f 10939 10937 10753
f 10765 10940 10755
f 10940 10756 10755
f 10940 10941 10756
f 10941 10757 10756
f 10941 10938 10757
f 10938 10758 10757
f 10783 10942 10759
f 10942 10761 10759
f 10761 10760 10759
f 10942 10943 10761
f 10943 10944 10761
f 10944 10945 10761
f 10945 10762 10761
f 10945 10763 10762
f 10945 10946 10763
f 10946 10764 10763
f 10946 10765 10764
f 10946 10947 10765
f 10947 10948 10765
f 10948 10940 10765
f 10772 10949 10767
f 10949 10950 10767
f 10950 10951 10767
f 10951 10768 10767
f 10951 10952 10768
f 10952 10769 10768
f 10952 10953 10769
f 10953 10954 10769
f 10954 10955 10769
f 10955 10770 10769
f 10955 10943 10770
f 10943 10782 10770
f 10782 10771 10770
f 10781 10569 10771
f 10956 10949 10772
f 10773 10956 10772
f 10957 10956 10773
f 10958 10957 10773
f 10959 10958 10773
f 10960 10959 10773
f 10774 10960 10773
f 10961 10960 10774
f 10775 10961 10774
f 10777 10961 10775
f 10779 10961 10777
f 10778 10779 10777
f 10930 10961 10779
f 10780 10930 10779
f 10316 10569 10781
f 10943 10942 10782
f 10942 10783 10782
f 10963 10962 10786
f 10962 10787 10786
f 10962 10964 10787
f 10964 10788 10787
f 10964 10965 10788
f 10965 10966 10788
f 10966 10790 10788
f 10790 10789 10788
f 10966 10965 10790
f 10965 10808 10790
f 10804 10967 10792
f 10967 10968 10792
f 10968 10794 10792
f 10794 10793 10792
f 10968 10969 10794
f 10969 10970 10794
f 10970 10795 10794
f 10819 10818 10797
f 10818 10798 10797
f 10818 10971 10798
f 10971 10800 10798
f 10800 10799 10798
f 10971 10972 10800
f 10972 10973 10800
f 10973 10801 10800
f 10973 10974 10801
f 10974 10802 10801
f 10974 10975 10802
f 10975 10976 10802
f 10976 10803 10802
f 10976 10967 10803
f 10967 10804 10803
f 10820 10806 10805
f 10965 10977 10808
f 10977 10978 10808
f 10978 10811 10808
f 10811 10809 10808
f 10811 10810 10809
f 10978 10979 10811
f 10979 10812 10811
f 10979 10980 10812
f 10980 10813 10812
f 10980 10975 10813
f 10975 10974 10813
f 10974 10973 10813
f 10973 10981 10813
f 10981 10814 10813
f 10981 10972 10814
f 10972 10815 10814
f 10972 10971 10815
f 10971 10816 10815
f 10971 10818 10816
f 10818 10817 10816
f 10834 10982 10821
f 10982 10822 10821
f 10982 10983 10822
f 10983 10823 10822
f 10983 10984 10823
f 10984 10824 10823
f 10984 10985 10824
f 10985 10825 10824
f 10985 10986 10825
f 10986 10987 10825
f 10987 10827 10825
f 10827 10826 10825
f 10987 10988 10827
f 10988 10989 10827
f 10989 10990 10827
f 10990 10828 10827
f 10990 10991 10828
f 10991 10829 10828
f 10992 10993 10830
f 10993 10994 10830
f 10994 10831 10830
f 10994 10983 10831
f 10983 10832 10831
f 10983 10982 10832
f 10982 10834 10832
f 10834 10833 10832
f 10995 10835 10836
f 10837 10995 10836
f 10996 10995 10837
f 10839 10996 10837
f 10838 10839 10837
f 10997 10996 10839
f 10840 10997 10839
f 10998 10997 10840
f 10999 10998 10840
f 10842 10999 10840
f 10841 10842 10840
f 11000 10999 10842
f 11001 11000 10842
f 10843 11001 10842
f 11002 11001 10843
f 10844 11002 10843
f 10846 11002 10844
f 10845 10846 10844
f 11003 11002 10846
f 11004 11003 10846
f 10847 11004 10846
f 10848 11004 10847
f 10859 11006 10849
f 11006 10851 10849
f 10851 10850 10849
f 11006 11007 10851
f 11007 10879 10851
f 10879 10852 10851
f 10879 10878 10852
f 10860 11008 10853
f 11008 11009 10853
f 11009 11010 10853
f 11010 11011 10853
f 11011 11012 10853
f 11012 10854 10853
f 11012 11013 10854
f 11013 10856 10854
f 10856 10855 10854
f 11013 11014 10856
f 11014 11015 10856
f 11015 10857 10856
f 11015 11016 10857
f 11016 10858 10857
f 11016 11017 10858
f 11017 11018 10858
f 11018 10859 10858
f 11018 11019 10859
f 11019 11007 10859
f 11007 11006 10859
f 11020 11008 10860
f 11021 11020 10860
f 11022 11021 10860
f 11023 11022 10860
f 11024 11023 10860
f 10861 11024 10860
f 11025 11024 10861
f 10862 11025 10861
f 11026 11025 10862
f 10864 11026 10862
f 10863 10864 10862
f 10866 11026 10864
f 10865 10866 10864
f 11027 11026 10866
f 11028 11027 10866
f 11029 11028 10866
f 10867 11029 10866
f 10868 11029 10867
f 11030 11029 10868
f 10869 11030 10868
f 11031 11030 10869
f 11032 11031 10869
f 10870 11032 10869
f 11033 11032 10870
f 11034 11033 10870
f 10871 11034 10870
f 10872 11034 10871
f 11033 11034 10872
f 11035 11033 10872
f 11036 11035 10872
f 10873 11036 10872
f 11037 11036 10873
f 10874 11037 10873
f 11038 11037 10874
f 10875 11038 10874
f 10876 11039 10875
f 11039 11038 10875
f 10877 11040 10876
f 11040 11039 10876
f 10887 11040 10877
f 11007 11019 10879
f 11019 10880 10879
f 11019 11018 10880
f 11018 10881 10880
f 11018 11041 10881
f 11041 11042 10881
f 11042 10882 10881
f 11042 11043 10882
f 11043 10883 10882
f 11043 11044 10883
f 11044 11045 10883
f 11045 10884 10883
f 11045 11046 10884
f 11046 11047 10884
f 11047 11048 10884
f 11048 11049 10884
f 11049 10885 10884
f 11049 11050 10885
f 11050 10700 10885
f 10497 11050 10886
f 11050 11049 10886
f 11049 10887 10886
f 11049 11051 10887
f 11051 11040 10887
f 11052 10899 10888
f 10889 11052 10888
f 11053 11052 10889
f 11054 11053 10889
f 10890 11054 10889
f 10891 11054 10890
f 11055 11054 10891
f 10892 11055 10891
f 11056 11055 10892
f 11057 11056 10892
f 10893 11057 10892
f 11058 11057 10893
f 11059 11058 10893
f 10894 11059 10893
f 11060 11059 10894
f 10895 11060 10894
f 10918 11060 10895
f 10896 10918 10895
f 11061 10901 10897
f 11062 11061 10897
f 10899 11062 10897
f 10898 10899 10897
f 11063 11062 10899
f 11052 11063 10899
f 11064 10902 10900
f 11065 11064 10900
f 10901 11065 10900
f 11066 11065 10901
f 11061 11066 10901
f 11064 11067 10902
f 11067 11068 10902
f 11068 11069 10902
f 11069 11070 10902
f 11070 10903 10902
f 11070 11071 10903
f 11071 11072 10903
f 11072 11073 10903
f 11073 10904 10903
f 11073 10906 10904
f 10906 10905 10904
f 11073 11074 10906
f 11074 11075 10906
f 11075 11076 10906
f 11076 10907 10906
f 11076 10909 10907
f 10909 10908 10907
f 11076 11077 10909
f 11077 11078 10909
f 11078 10910 10909
f 11078 11079 10910
f 11079 11080 10910
f 11080 10911 10910
f 11080 10913 10911
f 10913 10912 10911
f 11080 11081 10913
f 11081 10914 10913
f 11081 11082 10914
f 11082 11083 10914
f 11083 11084 10914
f 11084 10922 10914
f 10922 10915 10914
f 10922 10916 10915
f 11085 11060 10918
f 11086 11085 10918
f 10919 11086 10918
f 10929 11086 10919
f 10920 10929 10919
f 10921 10929 10920
f 11084 11087 10922
f 11087 10923 10922
f 11087 11088 10923
f 11088 10924 10923
f 11088 11089 10924
f 11089 10925 10924
f 10928 10926 10925
f 11089 10928 10925
f 11090 10929 10927
f 10928 11090 10927
f 11091 11090 10928
f 11092 11091 10928
f 11093 11092 10928
f 11094 11093 10928
f 11089 11094 10928
f 11095 11086 10929
f 11096 11095 10929
f 11091 11096 10929
f 11090 11091 10929
f 10960 10961 10930
f 11097 10960 10930
f 11098 11097 10930
f 10931 11098 10930
f 10932 11098 10931
f 11099 11098 10932
f 11100 11099 10932
f 11101 11100 10932
f 10933 11101 10932
f 11102 11101 10933
f 10934 11102 10933
f 11103 11102 10934
f 10935 11103 10934
f 11104 11103 10935
f 10936 11104 10935
f 11105 11104 10936
f 10937 11105 10936
f 10939 11105 10937
f 10941 11106 10938
f 11106 10939 10938
f 11106 11107 10939
f 11107 11108 10939
f 11108 11105 10939
f 10948 11109 10940
f 11109 11110 10940
f 11110 11106 10940
f 11106 10941 10940
f 10955 11111 10943
f 11111 11112 10943
f 11112 10944 10943
f 11112 10945 10944
f 11112 11113 10945
f 11113 10946 10945
f 11113 11114 10946
f 11114 10947 10946
f 11114 11115 10947
f 11115 11109 10947
f 11109 10948 10947
f 11116 10950 10949
f 11117 11116 10949
f 10956 11117 10949
f 11116 11118 10950
f 11118 11119 10950
f 11119 11120 10950
f 11120 11121 10950
f 11121 10951 10950
f 11121 11122 10951
f 11122 10953 10951
f 10953 10952 10951
f 11122 11123 10953
f 11123 11124 10953
f 11124 11125 10953
f 11125 10954 10953
f 11125 11111 10954
f 11111 10955 10954
f 11126 11117 10956
f 10957 11126 10956
f 11127 11126 10957
f 11128 11127 10957
f 11129 11128 10957
f 10958 11129 10957
f 11097 11129 10958
f 10959 11097 10958
f 10960 11097 10959
f 10963 11130 10962
f 11130 11131 10962
f 11131 10964 10962
f 11131 11132 10964
f 11132 10965 10964
f 11132 11133 10965
f 11133 10977 10965
f 10976 11134 10967
f 11134 11135 10967
f 11135 10969 10967
f 10969 10968 10967
f 11135 11136 10969
f 11136 11137 10969
f 11137 10970 10969
f 10981 10973 10972
f 10980 11138 10975
f 11138 11134 10975
f 11134 10976 10975
f 11133 10979 10977
f 10979 10978 10977
f 11133 11138 10979
f 11138 10980 10979
f 10994 11139 10983
f 11139 10984 10983
f 11139 11140 10984
f 11140 10985 10984
f 11140 11141 10985
f 11141 11142 10985
f 11142 10986 10985
f 11142 10988 10986
f 10988 10987 10986
f 11142 11143 10988
f 11143 11144 10988
f 11144 10990 10988
f 10990 10989 10988
f 11144 11145 10990
f 11145 11146 10990
f 11146 11147 10990
f 11147 10991 10990
f 11148 11149 10992
f 11149 11150 10992
f 11150 11151 10992
f 11151 10993 10992
f 11151 11139 10993
f 11139 10994 10993
f 10996 11152 10995
f 10997 11152 10996
f 11153 11152 10997
f 10998 11153 10997
f 11154 11153 10998
f 11155 11154 10998
f 11000 11155 10998
f 10999 11000 10998
f 11156 11155 11000
f 11157 11156 11000
f 11001 11157 11000
f 11002 11157 11001
f 11158 11157 11002
f 11003 11158 11002
f 11159 11158 11003
f 11160 11159 11003
f 11161 11160 11003
f 11004 11161 11003
f 11162 11161 11004
f 11163 11164 11005
f 11164 11165 11005
f 11165 11166 11005
f 11020 11168 11008
f 11168 11169 11008
f 11169 11009 11008
f 11169 11170 11009
f 11170 11171 11009
f 11171 11172 11009
f 11172 11173 11009
f 11173 11010 11009
f 11173 11011 11010
f 11173 11014 11011
f 11014 11013 11011
f 11013 11012 11011
f 11173 11174 11014
f 11174 11015 11014
f 11174 11016 11015
f 11174 11175 11016
f 11175 11041 11016
f 11041 11017 11016
f 11041 11018 11017
f 11176 11168 11020
f 11177 11176 11020
f 11178 11177 11020
f 11021 11178 11020
f 11179 11178 11021
f 11180 11179 11021
f 11022 11180 11021
f 11181 11180 11022
f 11182 11181 11022
f 11023 11182 11022
f 11025 11182 11023
f 11024 11025 11023
f 11183 11182 11025
f 11027 11183 11025
f 11026 11027 11025
f 11184 11183 11027
f 11028 11184 11027
f 11185 11184 11028
f 11029 11185 11028
f 11186 11185 11029
f 11030 11186 11029
f 11187 11186 11030
f 11031 11187 11030
f 11032 11187 11031
f 11188 11187 11032
f 11189 11188 11032
f 11033 11189 11032
f 11035 11189 11033
f 11190 11189 11035
f 11191 11190 11035
f 11036 11191 11035
f 11192 11191 11036
f 11037 11192 11036
f 11193 11192 11037
f 11194 11193 11037
f 11038 11194 11037
f 11195 11194 11038
f 11039 11195 11038
f 11040 11195 11039
f 11051 11196 11040
f 11196 11197 11040
f 11197 11195 11040
f 11175 11198 11041
f 11198 11199 11041
f 11199 11043 11041
f 11043 11042 11041
f 11199 11200 11043
f 11200 11044 11043
f 11200 11201 11044
f 11201 11202 11044
f 11202 11046 11044
f 11046 11045 11044
f 11202 11203 11046
f 11203 11051 11046
f 11051 11047 11046
f 11051 11048 11047
f 11051 11049 11048
f 10497 10700 11050
f 11203 11204 11051
f 11204 11205 11051
f 11205 11196 11051
f 11206 11063 11052
f 11053 11206 11052
f 11207 11206 11053
f 11054 11207 11053
f 11208 11207 11054
f 11055 11208 11054
f 11056 11208 11055
f 11209 11208 11056
f 11057 11209 11056
f 11210 11209 11057
f 11211 11210 11057
f 11212 11211 11057
f 11058 11212 11057
f 11213 11212 11058
f 11059 11213 11058
f 11085 11213 11059
f 11060 11085 11059
f 11214 11066 11061
f 11215 11214 11061
f 11063 11215 11061
f 11062 11063 11061
f 11216 11215 11063
f 11217 11216 11063
f 11206 11217 11063
f 11218 11067 11064
f 11219 11218 11064
f 11065 11219 11064
f 11220 11219 11065
f 11066 11220 11065
f 11221 11220 11066
f 11222 11221 11066
f 11214 11222 11066
f 11218 11223 11067
f 11223 11224 11067
f 11224 11225 11067
f 11225 11068 11067
f 11225 11226 11068
f 11226 11227 11068
f 11227 11228 11068
f 11228 11069 11068
f 11228 11071 11069
f 11071 11070 11069
f 11228 11229 11071
f 11229 11230 11071
f 11230 11231 11071
f 11231 11074 11071
f 11074 11072 11071
f 11074 11073 11072
f 11231 11232 11074
f 11232 11233 11074
f 11233 11076 11074
f 11076 11075 11074
f 11233 11234 11076
f 11234 11235 11076
f 11235 11077 11076
f 11235 11078 11077
f 11235 11236 11078
f 11236 11237 11078
f 11237 11079 11078
f 11237 11081 11079
f 11081 11080 11079
f 11237 11238 11081
f 11238 11239 11081
f 11239 11082 11081
f 11239 11240 11082
f 11240 11241 11082
f 11241 11083 11082
f 11241 11087 11083
f 11087 11084 11083
f 11095 11213 11085
f 11086 11095 11085
f 11241 11094 11087
f 11094 11088 11087
f 11094 11089 11088
f 11242 11096 11091
f 11243 11242 11091
f 11244 11243 11091
f 11092 11244 11091
f 11245 11244 11092
f 11093 11245 11092
f 11246 11245 11093
f 11094 11246 11093
f 11241 11240 11094
f 11240 11246 11094
f 11247 11213 11095
f 11096 11247 11095
f 11248 11247 11096
f 11242 11248 11096
f 11099 11129 11097
f 11098 11099 11097
f 11128 11129 11099
f 11249 11128 11099
f 11250 11249 11099
f 11100 11250 11099
f 11251 11250 11100
f 11252 11251 11100
f 11101 11252 11100
f 11102 11252 11101
f 11253 11252 11102
f 11254 11253 11102
f 11103 11254 11102
f 11104 11254 11103
f 11255 11254 11104
f 11105 11255 11104
f 11108 11255 11105
f 11110 11256 11106
f 11256 11115 11106
f 11115 11107 11106
f 11115 11257 11107
f 11257 11258 11107
f 11258 11108 11107
f 11258 11259 11108
f 11259 11260 11108
f 11260 11261 11108
f 11261 11255 11108
f 11115 11256 11109
f 11256 11110 11109
f 11125 11262 11111
f 11262 11263 11111
f 11263 11112 11111
f 11263 11113 11112
f 11263 11264 11113
f 11264 11265 11113
f 11265 11114 11113
f 11265 11257 11114
f 11257 11115 11114
f 11266 11118 11116
f 11117 11266 11116
f 11267 11266 11117
f 11126 11267 11117
f 11120 11119 11118
f 11268 11120 11118
f 11269 11268 11118
f 11266 11269 11118
f 11268 11270 11120
f 11270 11271 11120
f 11271 11272 11120
f 11272 11122 11120
f 11122 11121 11120
f 11272 11273 11122
f 11273 11274 11122
f 11274 11123 11122
f 11274 11275 11123
f 11275 11276 11123
f 11276 11277 11123
f 11277 11262 11123
f 11262 11125 11123
f 11125 11124 11123
f 11278 11267 11126
f 11279 11278 11126
f 11280 11279 11126
f 11127 11280 11126
f 11249 11280 11127
f 11128 11249 11127
f 10963 11281 11130
f 11281 11282 11130
f 11282 11131 11130
f 11282 11283 11131
f 11283 11132 11131
f 11283 11138 11132
f 11138 11133 11132
f 11138 11283 11134
f 11283 11284 11134
f 11284 11135 11134
f 11284 11285 11135
f 11285 11136 11135
f 11285 11286 11136
f 11286 11137 11136
f 11151 11287 11139
f 11287 11140 11139
f 11287 11288 11140
f 11288 11141 11140
f 11288 11289 11141
f 11289 11290 11141
f 11290 11142 11141
f 11290 11291 11142
f 11291 11143 11142
f 11291 11292 11143
f 11292 11293 11143
f 11293 11145 11143
f 11145 11144 11143
f 11293 11294 11145
f 11294 11295 11145
f 11295 11296 11145
f 11296 11147 11145
f 11147 11146 11145
f 11296 11297 11147
f 11298 11299 11148
f 11299 11300 11148
f 11300 11301 11148
f 11301 11150 11148
f 11150 11149 11148
f 11301 11287 11150
f 11287 11151 11150
f 11303 11302 11153
f 11304 11303 11153
f 11154 11304 11153
f 11305 11304 11154
f 11156 11305 11154
f 11155 11156 11154
f 11306 11305 11156
f 11307 11306 11156
f 11308 11307 11156
f 11157 11308 11156
f 11158 11308 11157
f 11309 11308 11158
f 11159 11309 11158
f 11310 11309 11159
f 11311 11310 11159
f 11160 11311 11159
f 11312 11311 11160
f 11161 11312 11160
f 11162 11312 11161
f 11313 11312 11162
f 11314 11313 11162
f 11319 11320 11163
f 11320 11321 11163
f 11321 11164 11163
f 11321 11322 11164
f 11322 11323 11164
f 11323 11324 11164
f 11324 11167 11164
f 11167 11165 11164
f 11167 11166 11165
f 11324 11325 11167
f 11325 11326 11167
f 11326 11317 11167
f 11176 11327 11168
f 11327 11328 11168
f 11328 11329 11168
f 11329 11169 11168
f 11329 11170 11169
f 11329 11330 11170
f 11330 11331 11170
f 11331 11332 11170
f 11332 11171 11170
f 11332 11333 11171
f 11333 11174 11171
f 11174 11172 11171
f 11174 11173 11172
f 11333 11198 11174
f 11198 11175 11174
f 11177 11334 11176
f 11334 11327 11176
f 11178 11335 11177
f 11335 11336 11177
f 11336 11334 11177
f 11337 11335 11178
f 11338 11337 11178
f 11339 11338 11178
f 11340 11339 11178
f 11180 11340 11178
f 11179 11180 11178
f 11341 11340 11180
f 11342 11341 11180
f 11343 11342 11180
f 11344 11343 11180
f 11181 11344 11180
f 11183 11344 11181
f 11182 11183 11181
f 11345 11344 11183
f 11184 11345 11183
f 11346 11345 11184
f 11185 11346 11184
f 11347 11346 11185
f 11186 11347 11185
f 11348 11347 11186
f 11187 11348 11186
f 11349 11348 11187
f 11350 11349 11187
f 11188 11350 11187
f 11191 11350 11188
f 11190 11191 11188
f 11189 11190 11188
f 11351 11350 11191
f 11352 11351 11191
f 11192 11352 11191
f 11353 11352 11192
f 11193 11353 11192
f 11194 11354 11193
f 11354 11353 11193
f 11195 11197 11194
f 11197 11354 11194
f 11205 11355 11196
f 11355 11356 11196
f 11356 11197 11196
f 11356 11357 11197
f 11357 11358 11197
f 11358 11354 11197
f 11333 11359 11198
f 11359 11200 11198
f 11200 11199 11198
f 11359 11360 11200
f 11360 11201 11200
f 11360 11361 11201
f 11361 11362 11201
f 11362 11363 11201
f 11363 11203 11201
f 11203 11202 11201
f 11363 11364 11203
f 11364 11204 11203
f 11364 11365 11204
f 11365 11355 11204
f 11355 11205 11204
f 11207 11217 11206
f 11366 11217 11207
f 11208 11366 11207
f 11367 11366 11208
f 11209 11367 11208
f 11368 11367 11209
f 11210 11368 11209
f 11369 11368 11210
f 11370 11369 11210
f 11211 11370 11210
f 11247 11370 11211
f 11212 11247 11211
f 11213 11247 11212
f 11216 11222 11214
f 11215 11216 11214
f 11371 11222 11216
f 11217 11371 11216
f 11372 11371 11217
f 11366 11372 11217
f 11373 11223 11218
f 11374 11373 11218
f 11219 11374 11218
f 11375 11374 11219
f 11220 11375 11219
f 11376 11375 11220
f 11377 11376 11220
f 11221 11377 11220
f 11371 11377 11221
f 11222 11371 11221
f 11373 11378 11223
f 11378 11379 11223
f 11379 11224 11223
f 11379 11380 11224
f 11380 11381 11224
f 11381 11226 11224
f 11226 11225 11224
f 11381 11382 11226
f 11382 11383 11226
f 11383 11384 11226
f 11384 11228 11226
f 11228 11227 11226
f 11384 11229 11228
f 11384 11385 11229
f 11385 11386 11229
f 11386 11387 11229
f 11387 11230 11229
f 11387 11388 11230
f 11388 11232 11230
f 11232 11231 11230
f 11388 11389 11232
f 11389 11234 11232
f 11234 11233 11232
f 11389 11390 11234
f 11390 11391 11234
f 11391 11235 11234
f 11391 11392 11235
f 11392 11236 11235
f 11392 11393 11236
f 11393 11239 11236
f 11239 11238 11236
f 11238 11237 11236
f 11393 11394 11239
f 11394 11395 11239
f 11395 11396 11239
f 11396 11246 11239
f 11246 11240 11239
f 11369 11248 11242
f 11397 11369 11242
f 11398 11397 11242
f 11243 11398 11242
f 11399 11398 11243
f 11400 11399 11243
f 11244 11400 11243
f 11401 11400 11244
f 11245 11401 11244
f 11396 11401 11245
f 11246 11396 11245
f 11248 11370 11247
f 11369 11370 11248
f 11402 11280 11249
f 11250 11402 11249
f 11403 11402 11250
f 11251 11403 11250
f 11404 11403 11251
f 11252 11404 11251
f 11405 11404 11252
f 11253 11405 11252
f 11261 11405 11253
f 11254 11261 11253
f 11255 11261 11254
f 11265 11406 11257
f 11406 11258 11257
f 11406 11407 11258
f 11407 11408 11258
f 11408 11259 11258
f 11408 11409 11259
f 11409 11410 11259
f 11410 11260 11259
f 11410 11411 11260
f 11411 11261 11260
f 11411 11405 11261
f 11277 11412 11262
f 11412 11264 11262
f 11264 11263 11262
f 11412 11406 11264
f 11406 11265 11264
f 11413 11269 11266
f 11267 11413 11266
f 11414 11413 11267
f 11278 11414 11267
f 11415 11270 11268
f 11416 11415 11268
f 11269 11416 11268
f 11417 11416 11269
f 11413 11417 11269
f 11415 11418 11270
f 11418 11419 11270
f 11419 11271 11270
f 11419 11420 11271
f 11420 11273 11271
f 11273 11272 11271
f 11420 11421 11273
f 11421 11422 11273
f 11422 11276 11273
f 11276 11275 11273
f 11275 11274 11273
f 11422 11423 11276
f 11423 11424 11276
f 11424 11406 11276
f 11406 11412 11276
f 11412 11277 11276
f 11425 11414 11278
f 11426 11425 11278
f 11427 11426 11278
f 11280 11427 11278
f 11279 11280 11278
f 11428 11427 11280
f 11402 11428 11280
f 10963 11286 11281
f 11286 11285 11281
f 11285 11284 11281
f 11284 11282 11281
f 11284 11283 11282
f 11301 11300 11287
f 11300 11429 11287
f 11429 11289 11287
f 11289 11288 11287
f 11429 11430 11289
f 11430 11431 11289
f 11431 11432 11289
f 11432 11291 11289
f 11291 11290 11289
f 11432 11433 11291
f 11433 11292 11291
f 11433 11434 11292
f 11434 11294 11292
f 11294 11293 11292
f 11434 11435 11294
f 11435 11436 11294
f 11436 11437 11294
f 11437 11295 11294
f 11437 11297 11295
f 11297 11296 11295
f 11437 11438 11297
f 11439 11440 11298
f 11440 11441 11298
f 11441 11299 11298
f 11441 11442 11299
f 11442 11300 11299
f 11442 11430 11300
f 11430 11429 11300
f 11444 11443 11303
f 11304 11444 11303
f 11306 11444 11304
f 11305 11306 11304
f 11445 11444 11306
f 11446 11445 11306
f 11308 11446 11306
f 11307 11308 11306
f 11309 11446 11308
f 11445 11446 11309
f 11447 11445 11309
f 11448 11447 11309
f 11310 11448 11309
f 11449 11448 11310
f 11450 11449 11310
f 11451 11450 11310
f 11311 11451 11310
f 11452 11451 11311
f 11313 11452 11311
f 11312 11313 11311
f 11453 11452 11313
f 11454 11453 11313
f 11455 11454 11313
f 11314 11455 11313
f 11456 11457 11315
f 11457 11458 11315
f 11458 11459 11315
f 11459 11316 11315
f 11459 11460 11316
f 11326 11461 11317
f 11461 11318 11317
f 11461 11457 11318
f 11457 11456 11318
f 11438 11462 11319
f 11462 11463 11319
f 11463 11320 11319
f 11463 11464 11320
f 11464 11321 11320
f 11464 11465 11321
f 11465 11466 11321
f 11466 11322 11321
f 11466 11467 11322
f 11467 11468 11322
f 11468 11323 11322
f 11468 11469 11323
f 11469 11325 11323
f 11325 11324 11323
f 11469 11470 11325
f 11470 11471 11325
f 11471 11326 11325
f 11471 11461 11326
f 11334 11472 11327
f 11472 11473 11327
f 11473 11328 11327
f 11473 11474 11328
f 11474 11329 11328
f 11474 11475 11329
f 11475 11330 11329
f 11475 11361 11330
f 11361 11360 11330
f 11360 11331 11330
f 11360 11359 11331
f 11359 11332 11331
f 11359 11333 11332
f 11336 11476 11334
f 11476 11477 11334
f 11477 11472 11334
f 11337 11478 11335
f 11478 11479 11335
f 11479 11336 11335
f 11479 11480 11336
f 11480 11481 11336
f 11481 11476 11336
f 11338 11482 11337
f 11482 11483 11337
f 11483 11484 11337
f 11484 11478 11337
f 11485 11482 11338
f 11486 11485 11338
f 11339 11486 11338
f 11487 11486 11339
f 11488 11487 11339
f 11341 11488 11339
f 11340 11341 11339
f 11489 11488 11341
f 11490 11489 11341
f 11491 11490 11341
f 11342 11491 11341
f 11492 11491 11342
f 11493 11492 11342
f 11344 11493 11342
f 11343 11344 11342
f 11494 11493 11344
f 11345 11494 11344
f 11495 11494 11345
f 11346 11495 11345
f 11496 11495 11346
f 11347 11496 11346
f 11497 11496 11347
f 11348 11497 11347
f 11498 11497 11348
f 11499 11498 11348
f 11349 11499 11348
f 11350 11499 11349
f 11500 11499 11350
f 11351 11500 11350
f 11501 11500 11351
f 11502 11501 11351
f 11352 11502 11351
f 11353 11502 11352
f 11354 11358 11353
f 11358 11502 11353
f 11365 11503 11355
f 11503 11504 11355
f 11504 11505 11355
f 11505 11356 11355
f 11505 11357 11356
f 11505 11506 11357
f 11506 11507 11357
f 11507 11358 11357
f 11507 11508 11358
f 11508 11502 11358
f 11475 11509 11361
f 11509 11364 11361
f 11364 11362 11361
f 11364 11363 11362
f 11509 11510 11364
f 11510 11511 11364
f 11511 11365 11364
f 11511 11512 11365
f 11512 11503 11365
f 11513 11372 11366
f 11514 11513 11366
f 11367 11514 11366
f 11368 11514 11367
f 11515 11514 11368
f 11516 11515 11368
f 11397 11516 11368
f 11369 11397 11368
f 11517 11377 11371
f 11372 11517 11371
f 11518 11517 11372
f 11519 11518 11372
f 11513 11519 11372
f 11520 11378 11373
f 11521 11520 11373
f 11374 11521 11373
f 11522 11521 11374
f 11375 11522 11374
f 11523 11522 11375
f 11524 11523 11375
f 11525 11524 11375
f 11376 11525 11375
f 11517 11525 11376
f 11377 11517 11376
f 11526 11379 11378
f 11527 11526 11378
f 11520 11527 11378
f 11528 11380 11379
f 11529 11528 11379
f 11530 11529 11379
f 11526 11530 11379
f 11528 11531 11380
f 11531 11532 11380
f 11532 11382 11380
f 11382 11381 11380
f 11532 11533 11382
f 11533 11534 11382
f 11534 11535 11382
f 11535 11536 11382
f 11536 11383 11382
f 11536 11385 11383
f 11385 11384 11383
f 11536 11537 11385
f 11537 11538 11385
f 11538 11539 11385
f 11539 11386 11385
f 11539 11540 11386
f 11540 11387 11386
f 11540 11541 11387
f 11541 11389 11387
f 11389 11388 11387
f 11541 11542 11389
f 11542 11390 11389
f 11542 11543 11390
f 11543 11391 11390
f 11543 11544 11391
f 11544 11393 11391
f 11393 11392 11391
f 11544 11545 11393
f 11545 11546 11393
f 11546 11394 11393
f 11546 11547 11394
f 11547 11548 11394
f 11548 11395 11394
f 11548 11401 11395
f 11401 11396 11395
f 11549 11516 11397
f 11550 11549 11397
f 11398 11550 11397
f 11551 11550 11398
f 11399 11551 11398
f 11552 11551 11399
f 11400 11552 11399
f 11548 11552 11400
f 11401 11548 11400
f 11403 11428 11402
f 11553 11428 11403
f 11411 11553 11403
f 11404 11411 11403
f 11405 11411 11404
f 11424 11407 11406
f 11424 11423 11407
f 11423 11554 11407
f 11554 11408 11407
f 11554 11555 11408
f 11555 11409 11408
f 11555 11410 11409
f 11555 11556 11410
f 11556 11411 11410
f 11557 11553 11411
f 11556 11557 11411
f 11558 11417 11413
f 11414 11558 11413
f 11559 11558 11414
f 11425 11559 11414
f 11560 11418 11415
f 11416 11560 11415
f 11561 11560 11416
f 11562 11561 11416
f 11417 11562 11416
f 11563 11562 11417
f 11558 11563 11417
f 11560 11564 11418
f 11564 11419 11418
f 11564 11565 11419
f 11565 11566 11419
f 11566 11567 11419
f 11567 11421 11419
f 11421 11420 11419
f 11567 11568 11421
f 11568 11569 11421
f 11569 11423 11421
f 11423 11422 11421
f 11569 11570 11423
f 11570 11554 11423
f 11571 11559 11425
f 11572 11571 11425
f 11428 11572 11425
f 11426 11428 11425
f 11427 11428 11426
f 11557 11572 11428
f 11553 11557 11428
f 11442 11573 11430
f 11573 11431 11430
f 11573 11574 11431
f 11574 11575 11431
f 11575 11433 11431
f 11433 11432 11431
f 11575 11576 11433
f 11576 11577 11433
f 11577 11434 11433
f 11577 11578 11434
f 11578 11435 11434
f 11578 11464 11435
f 11464 11463 11435
f 11463 11462 11435
f 11462 11436 11435
f 11462 11438 11436
f 11438 11437 11436
f 11579 11580 11439
f 11580 11581 11439
f 11581 11440 11439
f 11581 11582 11440
f 11582 11441 11440
f 11582 11573 11441
f 11573 11442 11441
f 11584 11583 11443
f 11444 11584 11443
f 11585 11584 11444
f 11445 11585 11444
f 11586 11585 11445
f 11587 11586 11445
f 11447 11587 11445
f 11588 11587 11447
f 11449 11588 11447
f 11448 11449 11447
f 11589 11588 11449
f 11590 11589 11449
f 11450 11590 11449
f 11591 11590 11450
f 11452 11591 11450
f 11451 11452 11450
f 11453 11591 11452
f 11592 11591 11453
f 11593 11592 11453
f 11454 11593 11453
f 11461 11594 11457
f 11594 11595 11457
f 11595 11596 11457
f 11596 11597 11457
f 11597 11458 11457
f 11597 11459 11458
f 11597 11598 11459
f 11598 11599 11459
f 11599 11460 11459
f 11471 11600 11461
f 11600 11601 11461
f 11601 11594 11461
f 11578 11602 11464
f 11602 11465 11464
f 11602 11603 11465
f 11603 11466 11465
f 11603 11604 11466
f 11604 11605 11466
f 11605 11606 11466
f 11606 11467 11466
f 11606 11607 11467
f 11607 11468 11467
f 11607 11608 11468
f 11608 11469 11468
f 11608 11609 11469
f 11609 11470 11469
f 11609 11600 11470
f 11600 11471 11470
f 11477 11610 11472
f 11610 11473 11472
f 11610 11474 11473
f 11610 11611 11474
f 11611 11475 11474
f 11611 11510 11475
f 11510 11509 11475
f 11481 11612 11476
f 11612 11477 11476
f 11612 11613 11477
f 11613 11610 11477
f 11484 11614 11478
f 11614 11479 11478
f 11614 11615 11479
f 11615 11616 11479
f 11616 11480 11479
f 11616 11617 11480
f 11617 11481 11480
f 11617 11618 11481
f 11618 11612 11481
f 11619 11483 11482
f 11620 11619 11482
f 11621 11620 11482
f 11485 11621 11482
f 11619 11622 11483
f 11622 11484 11483
f 11622 11623 11484
f 11623 11624 11484
f 11624 11615 11484
f 11615 11614 11484
f 11625 11621 11485
f 11626 11625 11485
f 11486 11626 11485
f 11627 11626 11486
f 11487 11627 11486
f 11628 11627 11487
f 11489 11628 11487
f 11488 11489 11487
f 11490 11628 11489
f 11629 11628 11490
f 11491 11629 11490
f 11630 11629 11491
f 11631 11630 11491
f 11632 11631 11491
f 11494 11632 11491
f 11492 11494 11491
f 11493 11494 11492
f 11633 11632 11494
f 11495 11633 11494
f 11634 11633 11495
f 11496 11634 11495
f 11635 11634 11496
f 11636 11635 11496
f 11497 11636 11496
f 11637 11636 11497
f 11638 11637 11497
f 11498 11638 11497
f 11499 11638 11498
f 11639 11638 11499
f 11500 11639 11499
f 11508 11639 11500
f 11501 11508 11500
f 11502 11508 11501
f 11512 11640 11503
f 11640 11641 11503
f 11641 11504 11503
f 11641 11506 11504
f 11506 11505 11504
f 11641 11642 11506
f 11642 11643 11506
f 11643 11644 11506
f 11644 11507 11506
f 11644 11645 11507
f 11645 11508 11507
f 11645 11639 11508
f 11611 11646 11510
f 11646 11647 11510
f 11647 11511 11510
f 11647 11512 11511
f 11647 11648 11512
f 11648 11649 11512
f 11649 11650 11512
f 11650 11642 11512
f 11642 11640 11512
f 11651 11519 11513
f 11514 11651 11513
f 11652 11651 11514
f 11515 11652 11514
f 11653 11652 11515
f 11654 11653 11515
f 11549 11654 11515
f 11516 11549 11515
f 11655 11525 11517
f 11656 11655 11517
f 11518 11656 11517
f 11657 11656 11518
f 11519 11657 11518
f 11658 11657 11519
f 11651 11658 11519
f 11659 11527 11520
f 11660 11659 11520
f 11521 11660 11520
f 11661 11660 11521
f 11522 11661 11521
f 11662 11661 11522
f 11523 11662 11522
f 11663 11662 11523
f 11664 11663 11523
f 11525 11664 11523
f 11524 11525 11523
f 11655 11664 11525
f 11665 11530 11526
f 11666 11665 11526
f 11667 11666 11526
f 11527 11667 11526
f 11660 11667 11527
f 11659 11660 11527
f 11668 11531 11528
f 11669 11668 11528
f 11530 11669 11528
f 11529 11530 11528
f 11670 11669 11530
f 11665 11670 11530
f 11668 11671 11531
f 11671 11672 11531
f 11672 11673 11531
f 11673 11532 11531
f 11673 11533 11532
f 11673 11674 11533
f 11674 11534 11533
f 11674 11675 11534
f 11675 11676 11534
f 11676 11677 11534
f 11677 11536 11534
f 11536 11535 11534
f 11677 11678 11536
f 11678 11537 11536
f 11678 11679 11537
f 11679 11680 11537
f 11680 11538 11537
f 11680 11681 11538
f 11681 11539 11538
f 11681 11682 11539
f 11682 11542 11539
f 11542 11540 11539
f 11542 11541 11540
f 11682 11683 11542
f 11683 11543 11542
f 11683 11684 11543
f 11684 11545 11543
f 11545 11544 11543
f 11684 11685 11545
f 11685 11686 11545
f 11686 11546 11545
f 11686 11687 11546
f 11687 11688 11546
f 11688 11547 11546
f 11688 11552 11547
f 11552 11548 11547
f 11689 11654 11549
f 11550 11689 11549
f 11690 11689 11550
f 11551 11690 11550
f 11691 11690 11551
f 11688 11691 11551
f 11552 11688 11551
f 11570 11692 11554
f 11692 11555 11554
f 11692 11693 11555
f 11693 11556 11555
f 11694 11557 11556
f 11693 11694 11556
f 11571 11572 11557
f 11559 11571 11557
f 11694 11559 11557
f 11559 11563 11558
f 11694 11695 11559
f 11695 11696 11559
f 11696 11697 11559
f 11697 11563 11559
f 11561 11564 11560
f 11562 11564 11561
f 11563 11564 11562
f 11698 11567 11566
f 11698 11568 11567
f 11698 11696 11568
f 11696 11692 11568
f 11692 11570 11568
f 11570 11569 11568
f 11582 11699 11573
f 11699 11574 11573
f 11699 11700 11574
f 11700 11701 11574
f 11701 11576 11574
f 11576 11575 11574
f 11701 11603 11576
f 11603 11602 11576
f 11602 11578 11576
f 11578 11577 11576
f 11702 11703 11579
f 11703 11704 11579
f 11704 11581 11579
f 11581 11580 11579
f 11704 11705 11581
f 11705 11699 11581
f 11699 11582 11581
f 11585 11583 11584
f 11706 11583 11585
f 11586 11706 11585
f 11707 11706 11586
f 11588 11707 11586
f 11587 11588 11586
f 11708 11707 11588
f 11709 11708 11588
f 11710 11709 11588
f 11711 11710 11588
f 11589 11711 11588
f 11592 11711 11589
f 11590 11592 11589
f 11591 11592 11590
f 11712 11711 11592
f 11713 11712 11592
f 11714 11713 11592
f 11593 11714 11592
f 11601 11715 11594
f 11715 11716 11594
f 11716 11717 11594
f 11717 11595 11594
f 11717 11718 11595
f 11718 11596 11595
f 11718 11719 11596
f 11719 11598 11596
f 11598 11597 11596
f 11719 11720 11598
f 11720 11721 11598
f 11721 11722 11598
f 11722 11599 11598
f 11609 11724 11600
f 11724 11725 11600
f 11725 11601 11600
f 11725 11715 11601
f 11701 11700 11603
f 11700 11604 11603
f 11700 11726 11604
f 11726 11727 11604
f 11727 11606 11604
f 11606 11605 11604
f 11727 11728 11606
f 11728 11729 11606
f 11729 11730 11606
f 11730 11607 11606
f 11730 11731 11607
f 11731 11608 11607
f 11731 11724 11608
f 11724 11609 11608
f 11613 11646 11610
f 11646 11611 11610
f 11618 11732 11612
f 11732 11613 11612
f 11732 11647 11613
f 11647 11646 11613
f 11624 11733 11615
f 11733 11616 11615
f 11733 11734 11616
f 11734 11617 11616
f 11734 11735 11617
f 11735 11618 11617
f 11735 11732 11618
f 11620 11736 11619
f 11736 11737 11619
f 11737 11738 11619
f 11738 11739 11619
f 11739 11622 11619
f 11621 11740 11620
f 11740 11741 11620
f 11741 11736 11620
f 11742 11740 11621
f 11743 11742 11621
f 11625 11743 11621
f 11739 11623 11622
f 11739 11744 11623
f 11744 11745 11623
f 11745 11733 11623
f 11733 11624 11623
f 11626 11743 11625
f 11746 11743 11626
f 11627 11746 11626
f 11747 11746 11627
f 11748 11747 11627
f 11629 11748 11627
f 11628 11629 11627
f 11749 11748 11629
f 11750 11749 11629
f 11630 11750 11629
f 11751 11750 11630
f 11752 11751 11630
f 11753 11752 11630
f 11754 11753 11630
f 11631 11754 11630
f 11633 11754 11631
f 11632 11633 11631
f 11753 11754 11633
f 11634 11753 11633
f 11755 11753 11634
f 11635 11755 11634
f 11636 11755 11635
f 11756 11755 11636
f 11757 11756 11636
f 11637 11757 11636
f 11638 11757 11637
f 11758 11757 11638
f 11639 11758 11638
f 11645 11758 11639
f 11642 11641 11640
f 11650 11759 11642
f 11759 11760 11642
f 11760 11761 11642
f 11761 11643 11642
f 11761 11762 11643
f 11762 11763 11643
f 11763 11644 11643
f 11763 11764 11644
f 11764 11645 11644
f 11765 11758 11645
f 11764 11765 11645
f 11732 11735 11647
f 11735 11648 11647
f 11735 11766 11648
f 11766 11767 11648
f 11767 11768 11648
f 11768 11649 11648
f 11768 11759 11649
f 11759 11650 11649
f 11652 11658 11651
f 11769 11658 11652
f 11653 11769 11652
f 11770 11769 11653
f 11771 11770 11653
f 11689 11771 11653
f 11654 11689 11653
f 11772 11664 11655
f 11656 11772 11655
f 11773 11772 11656
f 11657 11773 11656
f 11774 11773 11657
f 11775 11774 11657
f 11658 11775 11657
f 11769 11775 11658
f 11776 11667 11660
f 11777 11776 11660
f 11661 11777 11660
f 11778 11777 11661
f 11662 11778 11661
f 11779 11778 11662
f 11780 11779 11662
f 11781 11780 11662
f 11772 11781 11662
f 11663 11772 11662
f 11664 11772 11663
f 11782 11670 11665
f 11783 11782 11665
f 11784 11783 11665
f 11667 11784 11665
f 11666 11667 11665
f 11785 11784 11667
f 11776 11785 11667
f 11786 11671 11668
f 11787 11786 11668
f 11670 11787 11668
f 11669 11670 11668
f 11788 11787 11670
f 11789 11788 11670
f 11782 11789 11670
f 11671 11790 11672
f 11790 11791 11672
f 11791 11675 11672
f 11675 11674 11672
f 11674 11673 11672
f 11791 11792 11675
f 11792 11793 11675
f 11793 11794 11675
f 11794 11676 11675
f 11794 11678 11676
f 11678 11677 11676
f 11794 11795 11678
f 11795 11796 11678
f 11796 11797 11678
f 11797 11679 11678
f 11797 11798 11679
f 11798 11681 11679
f 11681 11680 11679
f 11798 11799 11681
f 11799 11683 11681
f 11683 11682 11681
f 11799 11800 11683
f 11800 11801 11683
f 11801 11686 11683
f 11686 11684 11683
f 11686 11685 11684
f 11801 11802 11686
f 11802 11803 11686
f 11803 11804 11686
f 11804 11687 11686
f 11804 11691 11687
f 11691 11688 11687
f 11805 11771 11689
f 11690 11805 11689
f 11691 11805 11690
f 11804 11805 11691
f 11696 11695 11692
f 11695 11693 11692
f 11695 11694 11693
f 11698 11697 11696
f 11698 11563 11697
f 11705 11806 11699
f 11806 11700 11699
f 11806 11807 11700
f 11807 11726 11700
f 11808 11809 11702
f 11809 11810 11702
f 11810 11811 11702
f 11811 11812 11702
f 11812 11705 11702
f 11705 11703 11702
f 11705 11704 11703
f 11812 11806 11705
f 11813 11583 11706
f 11814 11813 11706
f 11815 11814 11706
f 11708 11815 11706
f 11707 11708 11706
f 11816 11815 11708
f 11817 11816 11708
f 11709 11817 11708
f 11818 11817 11709
f 11819 11818 11709
f 11710 11819 11709
f 11712 11819 11710
f 11711 11712 11710
f 11820 11819 11712
f 11821 11820 11712
f 11713 11821 11712
f 11822 11821 11713
f 11714 11822 11713
f 11823 11822 11714
f 11725 11824 11715
f 11824 11825 11715
f 11825 11717 11715
f 11717 11716 11715
f 11825 11826 11717
f 11826 11827 11717
f 11827 11718 11717
f 11827 11828 11718
f 11828 11720 11718
f 11720 11719 11718
f 11828 11829 11720
f 11829 11830 11720
f 11830 11721 11720
f 11830 11831 11721
f 11831 11723 11721
f 11723 11722 11721
f 11831 11832 11723
f 11832 11833 11723
f 11833 11834 11723
f 11731 11836 11724
f 11836 11837 11724
f 11837 11725 11724
f 11837 11838 11725
f 11838 11839 11725
f 11839 11840 11725
f 11840 11824 11725
f 11807 11728 11726
f 11728 11727 11726
f 11807 11811 11728
f 11811 11810 11728
f 11810 11841 11728
f 11841 11729 11728
f 11841 11842 11729
f 11842 11730 11729
f 11842 11836 11730
f 11836 11731 11730
f 11745 11843 11733
f 11843 11734 11733
f 11843 11766 11734
f 11766 11735 11734
f 11741 11844 11736
f 11844 11845 11736
f 11845 11737 11736
f 11845 11846 11737
f 11846 11847 11737
f 11847 11738 11737
f 11847 11739 11738
f 11847 11848 11739
f 11848 11849 11739
f 11849 11744 11739
f 11850 11741 11740
f 11851 11850 11740
f 11742 11851 11740
f 11852 11844 11741
f 11853 11852 11741
f 11854 11853 11741
f 11855 11854 11741
f 11850 11855 11741
f 11856 11851 11742
f 11743 11856 11742
f 11857 11856 11743
f 11858 11857 11743
f 11746 11858 11743
f 11849 11859 11744
f 11859 11843 11744
f 11843 11745 11744
f 11747 11858 11746
f 11860 11858 11747
f 11861 11860 11747
f 11749 11861 11747
f 11748 11749 11747
f 11862 11861 11749
f 11863 11862 11749
f 11750 11863 11749
f 11864 11863 11750
f 11751 11864 11750
f 11865 11864 11751
f 11866 11865 11751
f 11867 11866 11751
f 11868 11867 11751
f 11752 11868 11751
f 11869 11868 11752
f 11753 11869 11752
f 11755 11869 11753
f 11869 11755 11756
f 11765 11869 11756
f 11757 11765 11756
f 11758 11765 11757
f 11768 11870 11759
f 11870 11871 11759
f 11871 11872 11759
f 11872 11761 11759
f 11759 11761 11760
f 11872 11873 11761
f 11873 11762 11761
f 11873 11874 11762
f 11874 11763 11762
f 11874 11875 11763
f 11875 11876 11763
f 11876 11764 11763
f 11877 11765 11764
f 11876 11877 11764
f 11878 11869 11765
f 11879 11878 11765
f 11877 11879 11765
f 11843 11859 11766
f 11859 11880 11766
f 11880 11881 11766
f 11881 11767 11766
f 11881 11870 11767
f 11870 11768 11767
f 11882 11775 11769
f 11770 11882 11769
f 11883 11882 11770
f 11805 11883 11770
f 11771 11805 11770
f 11774 11781 11772
f 11773 11774 11772
f 11884 11781 11774
f 11885 11884 11774
f 11886 11885 11774
f 11775 11886 11774
f 11887 11886 11775
f 11882 11887 11775
f 11888 11785 11776
f 11777 11888 11776
f 11889 11888 11777
f 11778 11889 11777
f 11890 11889 11778
f 11779 11890 11778
f 11891 11890 11779
f 11892 11891 11779
f 11885 11892 11779
f 11884 11885 11779
f 11780 11884 11779
f 11781 11884 11780
f 11893 11789 11782
f 11894 11893 11782
f 11783 11894 11782
f 11785 11894 11783
f 11784 11785 11783
f 11895 11894 11785
f 11888 11895 11785
f 11896 11671 11786
f 11788 11896 11786
f 11787 11788 11786
f 11789 11896 11788
f 11897 11896 11789
f 11898 11897 11789
f 11893 11898 11789
f 11671 11792 11790
f 11792 11791 11790
f 11671 11899 11792
f 11899 11900 11792
f 11900 11795 11792
f 11795 11793 11792
f 11795 11794 11793
f 11900 11901 11795
f 11901 11902 11795
f 11902 11903 11795
f 11903 11797 11795
f 11797 11796 11795
f 11903 11904 11797
f 11904 11905 11797
f 11905 11799 11797
f 11799 11798 11797
f 11905 11800 11799
f 11905 11906 11800
f 11906 11907 11800
f 11907 11908 11800
f 11908 11801 11800
f 11908 11802 11801
f 11908 11907 11802
f 11907 11909 11802
f 11909 11910 11802
f 11910 11883 11802
f 11883 11911 11802
f 11911 11804 11802
f 11804 11803 11802
f 11883 11805 11804
f 11911 11883 11804
f 11812 11811 11806
f 11811 11807 11806
f 11912 11913 11808
f 11913 11914 11808
f 11914 11809 11808
f 11914 11841 11809
f 11841 11810 11809
f 11916 11915 11814
f 11816 11916 11814
f 11815 11816 11814
f 11917 11916 11816
f 11818 11917 11816
f 11817 11818 11816
f 11918 11917 11818
f 11919 11918 11818
f 11920 11919 11818
f 11819 11920 11818
f 11921 11920 11819
f 11820 11921 11819
f 11823 11921 11820
f 11821 11823 11820
f 11822 11823 11821
f 11922 11921 11823
f 11923 11922 11823
f 11840 11924 11824
f 11924 11825 11824
f 11924 11925 11825
f 11925 11826 11825
f 11925 11926 11826
f 11926 11827 11826
f 11926 11927 11827
f 11927 11928 11827
f 11928 11828 11827
f 11928 11929 11828
f 11929 11829 11828
f 11929 11930 11829
f 11930 11830 11829
f 11930 11931 11830
f 11931 11832 11830
f 11832 11831 11830
f 11931 11932 11832
f 11932 11933 11832
f 11933 11833 11832
f 11933 11934 11833
f 11934 11835 11833
f 11835 11834 11833
f 11934 11935 11835
f 11842 11936 11836
f 11936 11837 11836
f 11936 11937 11837
f 11937 11838 11837
f 11937 11938 11838
f 11938 11939 11838
f 11939 11940 11838
f 11940 11840 11838
f 11840 11839 11838
f 11940 11941 11840
f 11941 11942 11840
f 11942 11924 11840
f 11914 11936 11841
f 11936 11842 11841
f 11852 11943 11844
f 11943 11846 11844
f 11846 11845 11844
f 11943 11944 11846
f 11944 11945 11846
f 11945 11847 11846
f 11945 11946 11847
f 11946 11947 11847
f 11947 11848 11847
f 11947 11948 11848
f 11948 11849 11848
f 11948 11949 11849
f 11949 11880 11849
f 11880 11859 11849
f 11851 11855 11850
f 11950 11855 11851
f 11951 11950 11851
f 11856 11951 11851
f 11853 11952 11852
f 11952 11953 11852
f 11953 11954 11852
f 11954 11955 11852
f 11955 11956 11852
f 11956 11944 11852
f 11944 11943 11852
f 11957 11952 11853
f 11854 11957 11853
f 11958 11957 11854
f 11959 11958 11854
f 11855 11959 11854
f 11950 11959 11855
f 11857 11951 11856
f 11960 11951 11857
f 11858 11960 11857
f 11961 11960 11858
f 11860 11961 11858
f 11962 11961 11860
f 11862 11962 11860
f 11861 11862 11860
f 11963 11962 11862
f 11863 11963 11862
f 11964 11963 11863
f 11864 11964 11863
f 11965 11964 11864
f 11966 11965 11864
f 11865 11966 11864
f 11879 11966 11865
f 11879 11865 11866
f 11868 11879 11866
f 11867 11868 11866
f 11878 11879 11868
f 11869 11878 11868
f 11881 11967 11870
f 11967 11968 11870
f 11968 11871 11870
f 11968 11969 11871
f 11969 11873 11871
f 11873 11872 11871
f 11969 11970 11873
f 11970 11874 11873
f 11970 11971 11874
f 11971 11972 11874
f 11972 11875 11874
f 11972 11876 11875
f 11973 11877 11876
f 11972 11973 11876
f 11966 11879 11877
f 11973 11966 11877
f 11949 11974 11880
f 11974 11975 11880
f 11975 11967 11880
f 11967 11881 11880
f 11909 11887 11882
f 11910 11909 11882
f 11883 11910 11882
f 11976 11892 11885
f 11977 11976 11885
f 11886 11977 11885
f 11978 11977 11886
f 11887 11978 11886
f 11979 11978 11887
f 11909 11979 11887
f 11980 11895 11888
f 11889 11980 11888
f 11981 11980 11889
f 11890 11981 11889
f 11982 11981 11890
f 11891 11982 11890
f 11983 11982 11891
f 11984 11983 11891
f 11985 11984 11891
f 11976 11985 11891
f 11892 11976 11891
f 11895 11898 11893
f 11894 11895 11893
f 11980 11898 11895
f 11986 11671 11896
f 11987 11986 11896
f 11897 11987 11896
f 11988 11987 11897
f 11898 11988 11897
f 11981 11988 11898
f 11980 11981 11898
f 11671 11989 11899
f 11989 11990 11899
f 11990 11991 11899
f 11991 11900 11899
f 11991 11901 11900
f 11991 11992 11901
f 11992 11902 11901
f 11992 11993 11902
f 11993 11994 11902
f 11994 11995 11902
f 11995 11903 11902
f 11995 11904 11903
f 11995 11996 11904
f 11996 11997 11904
f 11997 11998 11904
f 11998 11905 11904
f 11998 11906 11905
f 11998 11979 11906
f 11979 11907 11906
f 11979 11909 11907
f 11999 11939 11912
f 11939 11938 11912
f 11938 11913 11912
f 11938 11937 11913
f 11937 11936 11913
f 11936 11914 11913
f 11917 12000 11916
f 12001 12000 11917
f 11918 12001 11917
f 12002 12001 11918
f 11919 12002 11918
f 12003 12002 11919
f 11920 12003 11919
f 11921 12003 11920
f 12004 12003 11921
f 11922 12004 11921
f 12005 12004 11922
f 11923 12005 11922
f 12006 12005 11923
f 11942 12007 11924
f 12007 11925 11924
f 12007 12008 11925
f 12008 11927 11925
f 11927 11926 11925
f 12008 12009 11927
f 12009 12010 11927
f 12010 12011 11927
f 12011 11929 11927
f 11929 11928 11927
f 12011 12012 11929
f 12012 12013 11929
f 12013 11930 11929
f 12013 11931 11930
f 12013 12014 11931
f 12014 11932 11931
f 12014 12015 11932
f 12015 12016 11932
f 12016 11933 11932
f 12016 12017 11933
f 12017 11934 11933
f 12017 12018 11934
f 12018 12019 11934
f 12019 11935 11934
f 11999 12020 11939
f 12020 12021 11939
f 12021 11941 11939
f 11941 11940 11939
f 12021 12022 11941
f 12022 12023 11941
f 12023 11942 11941
f 12023 12024 11942
f 12024 12007 11942
f 11956 12025 11944
f 12025 12026 11944
f 12026 11945 11944
f 12026 12027 11945
f 12027 11946 11945
f 12027 12028 11946
f 12028 11947 11946
f 12028 11948 11947
f 12028 12029 11948
f 12029 12030 11948
f 12030 11974 11948
f 11974 11949 11948
f 12031 11959 11950
f 12032 12031 11950
f 11951 12032 11950
f 11960 12032 11951
f 12033 11953 11952
f 12034 12033 11952
f 11957 12034 11952
f 12035 11954 11953
f 12036 12035 11953
f 12037 12036 11953
f 12033 12037 11953
f 12035 12038 11954
f 12038 11955 11954
f 12038 12039 11955
f 12039 12025 11955
f 12025 11956 11955
f 11958 12034 11957
f 12040 12034 11958
f 12041 12040 11958
f 11959 12041 11958
f 12042 12041 11959
f 12031 12042 11959
f 12043 12032 11960
f 11961 12043 11960
f 12044 12043 11961
f 12045 12044 11961
f 11963 12045 11961
f 11962 11963 11961
f 12046 12045 11963
f 12047 12046 11963
f 11964 12047 11963
f 12048 12047 11964
f 11965 12048 11964
f 12049 12048 11965
f 11973 12049 11965
f 11966 11973 11965
f 11975 12050 11967
f 12050 12051 11967
f 12051 12052 11967
f 12052 11968 11967
f 12052 12053 11968
f 12053 11969 11968
f 12053 12054 11969
f 12054 12055 11969
f 12055 11970 11969
f 12055 11971 11970
f 12055 11972 11971
f 12056 11973 11972
f 12055 12056 11972
f 12056 12049 11973
f 12030 12050 11974
f 12050 11975 11974
f 12057 11985 11976
f 11978 12057 11976
f 11977 11978 11976
f 11979 12058 11978
f 12058 12059 11978
f 12059 12057 11978
f 11998 11997 11979
f 11997 12060 11979
f 12060 12058 11979
f 12061 11988 11981
f 11982 12061 11981
f 11983 12061 11982
f 12062 12061 11983
f 11984 12062 11983
f 12063 12062 11984
f 11985 12064 11984
f 12059 12064 11985
f 12057 12059 11985
f 11990 11671 11986
f 12065 11990 11986
f 12066 12065 11986
f 11987 12066 11986
f 12061 12066 11987
f 11988 12061 11987
f 12067 11991 11990
f 12068 12067 11990
f 12061 12068 11990
f 12065 12061 11990
f 12067 12069 11991
f 12069 11993 11991
f 11993 11992 11991
f 12069 12070 11993
f 12070 12071 11993
f 12071 11994 11993
f 12071 12060 11994
f 12060 11996 11994
f 11996 11995 11994
f 12060 11997 11996
f 12072 12000 12001
f 12073 12072 12001
f 12074 12073 12001
f 12075 12074 12001
f 12002 12075 12001
f 12076 12075 12002
f 12004 12076 12002
f 12003 12004 12002
f 12077 12076 12004
f 12005 12077 12004
f 12078 12077 12005
f 12006 12078 12005
f 12079 12078 12006
f 12024 12080 12007
f 12080 12008 12007
f 12080 12081 12008
f 12081 12009 12008
f 12081 12082 12009
f 12082 12010 12009
f 12082 12083 12010
f 12083 12012 12010
f 12012 12011 12010
f 12083 12084 12012
f 12084 12013 12012
f 12084 12085 12013
f 12085 12014 12013
f 12085 12086 12014
f 12086 12015 12014
f 12086 12087 12015
f 12087 12088 12015
f 12088 12016 12015
f 12088 12017 12016
f 12088 12089 12017
f 12089 12018 12017
f 12089 12090 12018
f 12090 12091 12018
f 11999 12092 12020
f 12092 12022 12020
f 12022 12021 12020
f 12092 12093 12022
f 12093 12023 12022
f 12093 12094 12023
f 12094 12024 12023
f 12094 12095 12024
f 12095 12081 12024
f 12081 12080 12024
f 12039 12096 12025
f 12096 12097 12025
f 12097 12026 12025
f 12097 12098 12026
f 12098 12027 12026
f 12098 12028 12027
f 12098 12099 12028
f 12099 12029 12028
f 12099 12100 12029
f 12100 12101 12029
f 12101 12050 12029
f 12050 12030 12029
f 12032 12042 12031
f 12102 12042 12032
f 12043 12102 12032
f 12103 12037 12033
f 12034 12103 12033
f 12104 12103 12034
f 12040 12104 12034
f 12036 12105 12035
f 12105 12106 12035
f 12106 12107 12035
f 12107 12108 12035
f 12108 12109 12035
f 12110 12105 12036
f 12037 12110 12036
f 12111 12110 12037
f 12103 12111 12037
f 12035 12112 12038
f 12112 12113 12038
f 12113 12114 12038
f 12114 12096 12038
f 12096 12039 12038
f 12115 12104 12040
f 12041 12115 12040
f 12042 12115 12041
f 12116 12115 12042
f 12102 12116 12042
f 12117 12102 12043
f 12044 12117 12043
f 12118 12117 12044
f 12119 12118 12044
f 12120 12119 12044
f 12046 12120 12044
f 12045 12046 12044
f 12121 12120 12046
f 12047 12121 12046
f 12056 12048 12049
f 12101 12122 12050
f 12122 12051 12050
f 12122 12123 12051
f 12123 12124 12051
f 12124 12053 12051
f 12053 12052 12051
f 12124 12048 12053
f 12048 12054 12053
f 12048 12055 12054
f 12048 12056 12055
f 12060 12064 12058
f 12064 12059 12058
f 12071 12070 12060
f 12070 12063 12060
f 12063 12064 12060
f 12065 12066 12061
f 12062 12068 12061
f 12067 12068 12062
f 12125 12067 12062
f 12063 12125 12062
f 12070 12069 12063
f 12069 12125 12063
f 11984 12064 12063
f 12125 12069 12067
f 12073 12126 12072
f 12127 12126 12073
f 12075 12127 12073
f 12074 12075 12073
f 12128 12127 12075
f 12077 12128 12075
f 12076 12077 12075
f 12129 12128 12077
f 12130 12129 12077
f 12131 12130 12077
f 12078 12131 12077
f 12079 12131 12078
f 12091 12132 12079
f 12132 12133 12079
f 12133 12134 12079
f 12134 12135 12079
f 12135 12131 12079
f 12095 12136 12081
f 12136 12137 12081
f 12137 12138 12081
f 12138 12139 12081
f 12139 12082 12081
f 12139 12083 12082
f 12139 12140 12083
f 12140 12084 12083
f 12140 12141 12084
f 12141 12085 12084
f 12141 12142 12085
f 12142 12086 12085
f 12142 12143 12086
f 12143 12144 12086
f 12144 12087 12086
f 12144 12088 12087
f 12144 12145 12088
f 12145 12146 12088
f 12146 12089 12088
f 12146 12132 12089
f 12132 12090 12089
f 12132 12091 12090
f 12092 12147 12093
f 12147 12094 12093
f 12147 12136 12094
f 12136 12095 12094
f 12114 12148 12096
f 12148 12097 12096
f 12148 12149 12097
f 12149 12150 12097
f 12150 12098 12097
f 12150 12099 12098
f 12150 12151 12099
f 12151 12100 12099
f 12151 12118 12100
f 12118 12152 12100
f 12152 12122 12100
f 12122 12101 12100
f 12117 12116 12102
f 12153 12111 12103
f 12104 12153 12103
f 12154 12153 12104
f 12115 12154 12104
f 12155 12106 12105
f 12111 12155 12105
f 12110 12111 12105
f 12155 12156 12106
f 12156 12157 12106
f 12157 12107 12106
f 12157 12158 12107
f 12158 12159 12108
f 12159 12160 12108
f 12160 12109 12108
f 12107 12158 12108
f 12160 12113 12109
f 12113 12112 12109
f 12112 12035 12109
f 12161 12155 12111
f 12162 12161 12111
f 12153 12162 12111
f 12160 12163 12113
f 12163 12164 12113
f 12164 12148 12113
f 12148 12114 12113
f 12165 12154 12115
f 12116 12165 12115
f 12166 12165 12116
f 12167 12166 12116
f 12117 12167 12116
f 12118 12167 12117
f 12151 12168 12118
f 12168 12169 12118
f 12169 12167 12118
f 12120 12118 12119
f 12121 12048 12120
f 12048 12170 12120
f 12170 12118 12120
f 12152 12170 12122
f 12170 12123 12122
f 12170 12048 12123
f 12048 12124 12123
f 12130 12171 12126
f 12129 12130 12126
f 12127 12129 12126
f 12128 12129 12127
f 12134 12171 12130
f 12135 12134 12130
f 12131 12135 12130
f 12146 12172 12132
f 12172 12173 12132
f 12173 12174 12132
f 12174 12133 12132
f 12175 12134 12133
f 12175 12171 12134
f 12147 12176 12136
f 12176 12137 12136
f 12176 12177 12137
f 12177 12138 12137
f 12177 12178 12138
f 12178 12139 12138
f 12178 12179 12139
f 12179 12140 12139
f 12179 12180 12140
f 12180 12141 12140
f 12180 12181 12141
f 12181 12142 12141
f 12181 12182 12142
f 12182 12183 12142
f 12183 12143 12142
f 12183 12145 12143
f 12145 12144 12143
f 12183 12184 12145
f 12184 12185 12145
f 12185 12186 12145
f 12186 12146 12145
f 12186 12172 12146
f 12164 12187 12148
f 12187 12149 12148
f 12187 12188 12149
f 12188 12150 12149
f 12188 12168 12150
f 12168 12151 12150
f 12189 12162 12153
f 12154 12189 12153
f 12190 12189 12154
f 12165 12190 12154
f 12161 12156 12155
f 12191 12157 12156
f 12162 12191 12156
f 12161 12162 12156
f 12157 12159 12158
f 12157 12192 12159
f 12192 12193 12159
f 12193 12160 12159
f 12193 12163 12160
f 12194 12191 12162
f 12189 12194 12162
f 12193 12192 12163
f 12192 12187 12163
f 12187 12164 12163
f 12195 12190 12165
f 12166 12195 12165
f 12188 12192 12168
f 12192 12196 12168
f 12196 12169 12168
f 12196 12197 12169
f 12197 12198 12169
f 12198 12167 12169
f 12186 12184 12172
f 12184 12202 12172
f 12202 12173 12172
f 12204 12203 12176
f 12203 12178 12176
f 12178 12177 12176
f 12203 12205 12178
f 12205 12180 12178
f 12180 12179 12178
f 12205 12204 12180
f 12204 12206 12180
f 12206 12207 12180
f 12207 12181 12180
f 12207 12208 12181
f 12208 12184 12181
f 12184 12182 12181
f 12184 12183 12182
f 12208 12209 12184
f 12209 12210 12184
f 12192 12188 12187
f 12190 12194 12189
f 12211 12194 12190
f 12212 12211 12190
f 12195 12212 12190
f 12194 12157 12191
f 12157 12213 12192
f 12213 12214 12192
f 12214 12196 12192
f 12166 12215 12195
f 12215 12198 12195
f 12198 12197 12195
f 12197 12214 12195
f 12214 12213 12195
f 12213 12212 12195
f 12214 12197 12196
f 12215 12167 12198
f 12173 12210 12199
f 12210 12209 12199
f 12209 12208 12199
f 12208 12200 12199
f 12208 12207 12200
f 12207 12206 12201
f 12184 12210 12202
f 12210 12173 12202
f 12204 12205 12203
f 12204 12201 12206
f 12212 12216 12211
f 12213 12216 12212
f 12157 12216 12213
f 12166 12167 12215
f 144 126 142
f 186 144 142
f 3041 2862 3052
f 5254 5525 5253
f 8663 8910 8662
f 8426 8920 8174
f 11564 11563 11698
f 12121 12047 12048
f 12170 12152 12118
f 12211 12216 12194
f 12216 12157 12194
f 2866 3220 2701
f 2701 3220 2534
f 12217 8061 6770
f 5928 6817 7138
f 7453 12218 7138
f 5928 7138 12218
f 5928 12218 12219
f 7453 12219 12218
f 5648 5928 12219
f 5648 12219 12220
f 7453 12220 12219
f 5647 5648 12220
f 8061 12221 12222
f 5647 12222 12221
f 7775 8061 12222
f 7775 12222 12220
f 5647 12220 12222
f 7453 7775 12220
f 9070 9643 12223
f 4396 4181 3975
f 9737 10316 9170
f 737 811 909
f 925 972 1073
f 511 12225 466
f 424 12224 382
f 416 12224 506
f 600 551 12225
f 221 265 222
f 466 12224 424
f 604 12226 511
f 12225 511 12226
f 972 12228 12227
f 972 12227 909
f 737 909 12227
f 604 647 12231
f 12225 12226 12232
f 604 12231 12226
f 12232 12226 12231
f 551 12233 12234
f 12224 12234 12233
f 12225 551 12234
f 12225 12234 466
f 12224 466 12234
f 689 12230 12235
f 925 12235 12229
f 12230 12229 12235
f 12225 12232 600
f 689 600 12232
f 689 12235 778
f 925 778 12235
f 12224 12233 506
f 551 506 12233
f 416 12236 12237
f 302 12237 12236
f 12224 416 12237
f 302 12238 12239
f 303 12239 12238
f 221 302 12239
f 221 12239 265
f 303 265 12239
f 303 12238 12236
f 302 12236 12238
f 416 303 12236
f 12224 12237 382
f 302 382 12237
f 12228 12240 12227
f 737 12227 12240
f 737 12240 12241
f 12228 12241 12240
f 647 737 12241
f 12229 12242 12241
f 647 12241 12242
f 12228 12229 12241
f 647 12243 12231
f 12230 12231 12243
f 689 12244 12230
f 12231 12230 12244
f 12231 12244 12232
f 689 12232 12244
f 12230 12243 12242
f 647 12242 12243
f 12229 12230 12242
f 12228 12245 12229
f 925 12229 12245
f 925 12245 972
f 12228 972 12245
f 11566 11564 11698
f 11564 11566 11565
f 11990 11989 11671
f 12184 12186 12185
f 2670 2668 2671
f 2668 2670 2512
f 4146 4214 12246
f 12246 4009 3942
f 4146 12246 3942
f 4009 12246 3804
f 12247 3569 3369
f 12251 3771 3976
f 12251 3976 12252
f 12251 12252 12253
f 12250 12251 12253
f 12250 12253 12254
f 12249 12250 12254
f 12249 12254 12255
f 12248 12249 12255
f 12248 12255 4011
f 12248 4011 4010
f 6184 6183 12256
f 12271 6184 12256
f 12271 12256 12257
f 12270 12271 12257
f 12270 12257 12258
f 12269 12270 12258
f 12269 12258 12259
f 12268 12269 12259
f 12268 12259 12260
f 12267 12268 12260
f 12267 12260 12261
f 12266 12267 12261
f 12266 12261 12262
f 12265 12266 12262
f 12265 12262 12263
f 12264 12265 12263
f 12264 12263 5374
f 12264 5374 5376
f 8042 8043 12277
f 12276 8042 12277
f 12276 12277 12278
f 12275 12276 12278
f 12275 12278 12279
f 12274 12275 12279
f 12274 12279 12280
f 12273 12274 12280
f 12273 12280 12281
f 12272 12273 12281
f 12272 12281 9021
f 12272 9021 8755
f 12000 12072 12282
f 12283 12000 12282
f 12283 12282 12204
f 12176 12283 12204
f 12288 4214 4215
f 12288 4215 12289
f 12287 12288 12289
f 12287 12289 12290
f 12286 12287 12290
f 12286 12290 12291
f 12285 12286 12291
f 12285 12291 12292
f 3975 3770 12284
f 12293 3975 12284
f 12292 12293 12284
f 12292 12284 12285
f 7075 7076 12301
f 12300 7075 12301
f 12299 12300 12301
f 12299 12301 12302
f 12298 12299 12302
f 12298 12302 12303
f 12297 12298 12303
f 12297 12303 12304
f 12296 12297 12304
f 12296 12304 12305
f 12295 12296 12305
f 12295 12305 12306
f 12294 12295 12306
f 12294 12306 12307
f 6221 12294 12307
f 6222 6221 12307
f 5994 6295 6570
f 6570 6272 5994
f 8739 8492 8738
f 7182 7505 7506
f 6867 6866 7181
f 6867 12308 7182
f 7505 7182 12308
f 7505 12308 7181
f 6867 7181 12308
f 6482 6184 12271
f 6482 12271 6483
f 6770 12270 12269
f 7081 7082 6771
f 12270 6770 7081
f 12269 12217 6770
f 12264 5376 5377
f 12268 12217 12269
f 12270 12309 12271
f 6483 12271 12309
f 6483 12309 12310
f 12270 12310 12309
f 6771 6483 12310
f 6771 12310 7081
f 12270 7081 12310
f 12266 12311 12312
f 8061 12312 12311
f 12267 12266 12312
f 12265 12313 12314
f 12221 12314 12313
f 12266 12265 12314
f 5377 12315 12264
f 12265 12264 12315
f 12267 12312 12316
f 8061 12316 12312
f 12268 12267 12316
f 12221 12317 5647
f 5377 5647 12317
f 8061 12311 12314
f 12266 12314 12311
f 12221 8061 12314
f 5377 12317 12315
f 12221 12313 12317
f 12265 12315 12313
f 12317 12313 12315
f 12268 12316 12217
f 8061 12217 12316
f 4396 12293 12292
f 3975 12293 4396
f 12289 4436 12290
f 4678 12290 4436
f 4433 4436 12289
f 12289 4215 4433
f 4396 12318 12319
f 12291 12319 12318
f 4397 4396 12319
f 12291 12318 12292
f 4396 12292 12318
f 4397 12319 12320
f 12291 12320 12319
f 4634 4397 12320
f 4678 12321 12290
f 12291 12290 12321
f 4634 12320 12321
f 12291 12321 12320
f 4678 4634 12321
f 12223 12322 9070
f 12322 8802 9070
f 9303 9021 12281
f 9304 9303 12281
f 8802 12322 8551
f 7429 12324 7755
f 12278 12277 8044
f 8044 12277 8043
f 7755 7428 7429
f 12325 12326 12328
f 12278 12327 12326
f 12323 12328 12327
f 12326 12327 12328
f 12279 12329 12330
f 12325 12330 12329
f 12280 12279 12330
f 12280 12330 12332
f 12325 12331 12330
f 9304 12332 12331
f 12330 12331 12332
f 12280 12332 12281
f 9304 12281 12332
f 12278 12326 12329
f 12325 12329 12326
f 12279 12278 12329
f 12325 12328 12334
f 12323 12333 12328
f 9879 12334 12333
f 12328 12333 12334
f 9879 12335 9643
f 12223 9643 12335
f 12223 12336 12337
f 8304 12337 12336
f 12322 12223 12337
f 7430 12338 7429
f 12324 7429 12338
f 9879 12333 12335
f 12323 12339 12333
f 12223 12335 12339
f 12333 12339 12335
f 12325 12340 12331
f 7756 12341 12342
f 12323 12342 12341
f 7430 7756 12342
f 12322 12337 8551
f 8304 8551 12337
f 8304 12343 8045
f 7756 8045 12343
f 12223 12339 12344
f 12323 12341 12339
f 7756 12344 12341
f 12339 12341 12344
f 12324 12338 12342
f 7430 12342 12338
f 12323 12324 12342
f 12323 12345 12324
f 9586 12340 12334
f 12325 12334 12340
f 9879 9586 12334
f 7756 12343 12344
f 8304 12336 12343
f 12223 12344 12336
f 12343 12336 12344
f 8044 12345 12327
f 12323 12327 12345
f 12278 8044 12327
f 12340 12346 12331
f 9304 12331 12346
f 9304 12346 9586
f 12340 9586 12346
f 8044 12347 12345
f 12324 12345 12347
f 12324 12347 7755
f 8044 7755 12347
f 11999 12348 12092
f 12348 12147 12092
f 10652 12349 10450
f 12349 9625 10450
f 12352 11814 11915
f 11814 12352 11813
f 11583 11813 12359
f 11153 11302 11152
f 9619 9337 12357
f 9342 9060 9343
f 9060 9062 9061
f 12359 11813 12352
f 8542 12356 8541
f 12356 8540 8541
f 11916 12360 12361
f 12283 12361 12360
f 11915 11916 12361
f 12283 12360 12000
f 11916 12000 12360
f 11915 12361 12362
f 12283 12362 12361
f 12352 11915 12362
f 12176 12363 12362
f 12352 12362 12363
f 12283 12176 12362
f 12352 12364 12365
f 12147 12365 12364
f 12359 12352 12365
f 12356 12366 8540
f 8290 8540 12366
f 11302 12367 12369
f 12353 12368 12367
f 11912 12369 12368
f 12367 12368 12369
f 11999 12370 12371
f 12353 12371 12370
f 12348 11999 12371
f 12356 12372 12373
f 8793 12373 12372
f 12348 12374 12365
f 12359 12365 12374
f 12147 12348 12365
f 12353 12375 12376
f 11443 12376 12375
f 12359 12353 12376
f 11303 12377 12367
f 12353 12367 12377
f 11302 11303 12367
f 11702 12378 12379
f 12358 12379 12378
f 11808 11702 12379
f 12358 12380 12382
f 12380 12381 12382
f 10835 12383 12385
f 12358 12384 12383
f 11579 12385 12384
f 12383 12384 12385
f 12349 12386 12387
f 12355 12387 12386
f 9625 12349 12387
f 11579 12384 12378
f 12358 12378 12384
f 11702 11579 12378
f 10835 12385 12389
f 11579 12388 12385
f 12355 12389 12388
f 12385 12388 12389
f 12147 12364 12363
f 12352 12363 12364
f 12176 12147 12363
f 11912 12368 12370
f 12353 12370 12368
f 11999 11912 12370
f 11808 12379 12382
f 12358 12382 12379
f 11298 12390 12391
f 12355 12391 12390
f 11439 11298 12391
f 11302 12369 12381
f 10992 12392 12393
f 12354 12393 12392
f 11148 10992 12393
f 11148 12393 12395
f 12354 12394 12393
f 12355 12395 12394
f 12393 12394 12395
f 11148 12395 12390
f 12355 12390 12395
f 11298 11148 12390
f 12354 12396 12398
f 10646 12397 12396
f 12396 12397 12398
f 10830 12399 12392
f 12354 12392 12399
f 10992 10830 12392
f 12359 12374 12371
f 12348 12371 12374
f 12353 12359 12371
f 11443 12375 12377
f 12353 12377 12375
f 11303 11443 12377
f 10995 12400 12383
f 12358 12383 12400
f 10835 10995 12383
f 9342 12401 12402
f 9060 9342 12402
f 9060 12402 12403
f 9062 9060 12403
f 10835 12389 12404
f 12355 12404 12389
f 10652 10835 12404
f 9626 12405 12406
f 9341 9626 12406
f 12350 12407 12408
f 12351 12408 12407
f 12355 12394 12387
f 12354 12409 12394
f 9625 12387 12409
f 12394 12409 12387
f 10652 12404 12386
f 12355 12386 12404
f 12349 10652 12386
f 12357 12410 9619
f 9909 9619 12410
f 9625 12409 12405
f 12354 12405 12409
f 9626 9625 12405
f 9056 12411 9337
f 12357 9337 12411
f 12359 12376 11583
f 11443 11583 12376
f 9341 12412 12401
f 12351 12401 12412
f 9342 9341 12401
f 12351 12412 12398
f 9341 12406 12412
f 12412 12406 12398
f 10191 12413 12414
f 10444 10191 12414
f 11439 12391 12388
f 12355 12388 12391
f 11579 11439 12388
f 12350 12415 12407
f 9062 12403 12415
f 12407 12415 12403
f 10646 12396 12399
f 12354 12399 12396
f 10830 10646 12399
f 12357 12411 12416
f 9056 12416 12411
f 10191 12417 12413
f 12357 12408 12417
f 12417 12408 12413
f 8793 12372 8542
f 12356 8542 12372
f 9909 12410 12417
f 12357 12417 12410
f 10191 9909 12417
f 10444 12414 12397
f 10646 10444 12397
f 8290 12418 8538
f 8790 8538 12418
f 8790 12418 12419
f 8290 12419 12418
f 9056 8790 12419
f 12350 12416 12420
f 9056 12420 12416
f 12356 12350 12420
f 12356 12420 12366
f 9056 12419 12420
f 8290 12366 12419
f 12420 12419 12366
f 9062 12415 12373
f 8793 9062 12373
f 11152 12380 12400
f 12358 12400 12380
f 10995 11152 12400
f 12373 12421 12356
f 12350 12356 12421
f 11152 12422 12380
f 12381 12380 12422
f 12381 12423 12424
f 11912 12424 12423
f 12382 12381 12424
f 12382 12424 11808
f 11912 11808 12424
f 11912 12423 12369
f 12381 12369 12423
f 12381 12422 11302
f 11152 11302 12422
f 12397 12425 12398
f 12351 12398 12425
f 12351 12426 12401
f 12402 12401 12426
f 12402 12426 12427
f 12351 12427 12426
f 12403 12402 12427
f 12354 12428 12405
f 12406 12405 12428
f 12357 12429 12408
f 12350 12408 12429
f 12406 12428 12398
f 12354 12398 12428
f 12413 12430 12431
f 12351 12431 12430
f 12414 12413 12431
f 12403 12427 12407
f 12351 12407 12427
f 12350 12429 12416
f 12357 12416 12429
f 12351 12430 12408
f 12413 12408 12430
f 12414 12431 12425
f 12351 12425 12431
f 12397 12414 12425
f 12350 12421 12415
f 12373 12415 12421
f 8801 12432 9068
f 12432 9069 9068
f 9928 12434 9927
f 12434 10213 9927
f 10848 12435 11004
f 12435 11162 11004
f 9302 12273 12272
f 12272 9020 9302
f 9020 12272 8755
f 8755 8754 9020
f 8674 12436 8430
f 12436 8194 8430
f 8193 12437 8188
f 12437 8428 8188
f 8180 7906 7905
f 12441 7616 7921
f 7919 7920 8192
f 7614 7920 7613
f 9225 12442 8938
f 12439 12443 12445
f 12443 12444 12445
f 12442 12446 12438
f 12440 12438 12446
f 9208 12447 9489
f 9773 9489 12447
f 12449 12450 12451
f 12442 12452 12453
f 12436 12453 12452
f 8938 12442 12453
f 10072 12449 10106
f 9800 10106 12449
f 12440 12446 12455
f 12442 12454 12446
f 12446 12454 12455
f 8428 12443 12456
f 12439 12456 12443
f 8423 8428 12456
f 8667 12457 12458
f 12439 12458 12457
f 8924 8667 12458
f 8424 12459 12457
f 12439 12457 12459
f 8667 8424 12457
f 8924 12458 12460
f 12439 12460 12458
f 9208 8924 12460
f 7906 12461 12462
f 12439 12462 12461
f 8181 7906 12462
f 8423 12456 12463
f 12439 12463 12456
f 8180 8423 12463
f 12441 12464 7616
f 7615 7616 12464
f 8180 12463 12461
f 12439 12461 12463
f 7906 8180 12461
f 9208 12460 12447
f 12439 12445 12460
f 9773 12447 12445
f 12460 12445 12447
f 12440 12455 12466
f 8193 12466 12465
f 12455 12465 12466
f 8938 12453 8674
f 12436 8674 12453
f 8194 12467 12469
f 12441 12468 12467
f 7922 12469 12468
f 12467 12468 12469
f 12436 12470 12471
f 12438 12471 12470
f 8194 12436 12471
f 12441 12467 12471
f 8194 12471 12467
f 7922 12468 7921
f 12441 7921 12468
f 8194 12469 7923
f 7922 7923 12469
f 7615 12464 12472
f 12441 12472 12464
f 7614 7615 12472
f 8192 12473 12466
f 12440 12466 12473
f 8193 8192 12466
f 12440 12473 12474
f 8192 12474 12473
f 12438 12440 12474
f 8181 12462 12459
f 12439 12459 12462
f 8424 8181 12459
f 12438 12470 12452
f 12436 12452 12470
f 12442 12438 12452
f 8193 12465 12451
f 7614 12475 7920
f 8192 7920 12475
f 12438 12474 12476
f 8192 12476 12474
f 8192 12475 12476
f 7614 12472 12475
f 12441 12476 12472
f 12475 12472 12476
f 9800 12454 9225
f 12442 9225 12454
f 8428 12477 12443
f 12444 12443 12477
f 12444 12478 12445
f 9773 12445 12478
f 12448 12479 12478
f 9773 12478 12479
f 12444 12448 12478
f 12444 12477 12480
f 8428 12480 12477
f 12448 12444 12480
f 9773 12479 12481
f 12448 12481 12479
f 10072 9773 12481
f 12451 12482 12449
f 9800 12449 12482
f 10072 12483 12449
f 12450 12449 12483
f 12450 12484 12485
f 12437 12485 12484
f 12451 12450 12485
f 12448 12486 12484
f 12437 12484 12486
f 12450 12448 12484
f 12450 12483 12481
f 10072 12481 12483
f 12448 12450 12481
f 12437 12486 12480
f 12448 12480 12486
f 8428 12437 12480
f 9800 12487 12454
f 12455 12454 12487
f 12455 12487 12488
f 9800 12488 12487
f 12465 12455 12488
f 12438 12489 12471
f 12441 12471 12489
f 12465 12488 12482
f 9800 12482 12488
f 12451 12465 12482
f 12451 12485 8193
f 12437 8193 12485
f 12441 12489 12476
f 12438 12476 12489
f 9072 9073 9360
f 9357 12490 12491
f 8802 12491 12490
f 9360 9357 12491
f 8802 12490 9071
f 9357 9071 12490
f 9360 12491 9072
f 8802 9072 12491
f 9581 9580 9870
f 9870 12493 12492
f 9582 12493 9871
f 9870 9871 12493
f 9581 12494 9295
f 9296 9295 12494
f 9296 12495 12492
f 9870 12492 12495
f 9870 12495 12494
f 9296 12494 12495
f 9581 9870 12494
f 12493 12496 12497
f 9298 12497 12496
f 12492 12493 12497
f 9298 12496 9582
f 12493 9582 12496
f 12492 12497 9296
f 9298 9296 12497
f 9294 12498 9011
f 8741 9011 12498
f 9295 12499 12500
f 8742 12500 12499
f 9294 9295 12500
f 8741 12498 12500
f 9294 12500 12498
f 8742 8741 12500
f 8742 12499 9012
f 9295 9012 12499
f 4437 12501 4683
f 12501 4682 4683
f 9170 12502 9737
f 12502 8882 9737
f 7849 12506 8136
f 8886 8391 12509
f 8135 12506 7849
f 8359 12508 8113
f 8113 12508 8112
f 12510 7814 7815
f 5402 12513 5133
f 12506 8390 8136
f 12506 12509 8390
f 4216 4011 12255
f 12509 8391 8390
f 12252 4182 4398
f 12252 3976 4182
f 12503 12515 12516
f 12502 12516 12515
f 12509 12503 12516
f 5673 12517 5402
f 12513 5402 12517
f 12509 12518 8886
f 8887 8886 12518
f 8629 12519 12520
f 12503 12520 12519
f 8359 8629 12520
f 6289 12521 12523
f 12507 12522 12521
f 12514 12523 12522
f 12521 12522 12523
f 12505 12524 12525
f 4635 12525 12524
f 12513 12505 12525
f 12506 12526 12509
f 12503 12509 12526
f 6288 12527 12521
f 12507 12521 12527
f 6289 6288 12521
f 6247 12528 12529
f 12507 12529 12528
f 6248 6247 12529
f 12504 12530 12531
f 12514 12531 12530
f 12510 12504 12531
f 6289 12523 12532
f 12514 12532 12523
f 7847 6289 12532
f 12514 12533 12531
f 7484 12534 12533
f 12510 12531 12534
f 12533 12534 12531
f 7847 12532 12535
f 12514 12530 12532
f 12504 12535 12530
f 12532 12530 12535
f 12504 12536 12537
f 12503 12526 12536
f 12506 12537 12526
f 12536 12526 12537
f 12502 12515 12538
f 12503 12538 12515
f 8882 12502 12538
f 8882 12538 12519
f 12503 12519 12538
f 8629 8882 12519
f 12509 12516 12518
f 12502 12539 12516
f 8887 12518 12539
f 12516 12539 12518
f 12508 12540 8112
f 7823 8112 12540
f 7847 12535 12541
f 12504 12541 12535
f 8135 7847 12541
f 12510 12542 12543
f 12508 12543 12542
f 12504 12510 12543
f 8135 12541 12537
f 12504 12537 12541
f 12506 8135 12537
f 12510 12534 7814
f 7484 7814 12534
f 5989 12544 12527
f 12507 12527 12544
f 6288 5989 12527
f 12508 12542 12540
f 12510 12545 12542
f 7823 12540 12545
f 12542 12545 12540
f 12507 12546 12548
f 5712 12547 12546
f 12512 12548 12547
f 12546 12547 12548
f 4682 12550 12549
f 12505 12551 12550
f 12549 12550 12551
f 12511 12552 12554
f 12505 12553 12552
f 12501 12554 12553
f 12552 12553 12554
f 12501 12553 12550
f 12505 12550 12553
f 4682 12501 12550
f 5712 12546 12544
f 12507 12544 12546
f 5989 5712 12544
f 5953 12555 12556
f 12512 12556 12555
f 5673 5953 12556
f 12254 12557 12255
f 4216 12255 12557
f 12511 12558 12552
f 4635 12524 12558
f 12505 12552 12524
f 12558 12524 12552
f 4635 12558 12560
f 12511 12559 12558
f 12253 12560 12559
f 12558 12559 12560
f 4216 12557 12562
f 12254 12561 12557
f 12511 12562 12561
f 12557 12561 12562
f 7823 12545 7815
f 12510 7815 12545
f 4398 12563 12252
f 12253 12252 12563
f 4437 12564 12554
f 12511 12554 12564
f 12501 4437 12554
f 12513 12565 12551
f 12512 12551 12565
f 12505 12513 12551
f 7484 12533 12566
f 12514 12566 12533
f 6247 7484 12566
f 6248 12529 12567
f 12507 12548 12529
f 12529 12548 12567
f 12504 12543 12536
f 6248 12567 12555
f 5953 6248 12555
f 4635 12560 12563
f 12253 12563 12560
f 4398 4635 12563
f 6247 12566 12528
f 12514 12522 12566
f 12507 12528 12522
f 12566 12522 12528
f 4216 12562 12564
f 12511 12564 12562
f 4437 4216 12564
f 12513 12568 5133
f 4877 5133 12568
f 12513 12517 12565
f 5673 12556 12517
f 12512 12565 12556
f 12517 12556 12565
f 8359 12520 12508
f 12253 12559 12561
f 12511 12561 12559
f 12254 12253 12561
f 4877 12568 12525
f 12513 12525 12568
f 4635 4877 12525
f 4682 12549 12569
f 4919 4682 12569
f 4919 12569 12547
f 5712 4919 12547
f 12539 12570 8887
f 9170 8887 12570
f 9170 12570 12502
f 12539 12502 12570
f 12512 12571 12551
f 12549 12551 12571
f 12512 12572 12548
f 12567 12548 12572
f 12543 12573 12536
f 12503 12536 12573
f 12508 12574 12573
f 12503 12573 12574
f 12543 12508 12573
f 12567 12572 12555
f 12512 12555 12572
f 12503 12574 12520
f 12508 12520 12574
f 12549 12571 12575
f 12512 12575 12571
f 12569 12549 12575
f 12569 12575 12547
f 12512 12547 12575
f 12301 7076 7077
f 12302 12301 7078
f 7078 12301 7077
f 6523 6222 12307
f 6523 12576 6524
f 12305 12577 12306
f 12576 12306 12577
f 7713 12579 12578
f 7713 12580 7387
f 7078 7387 12580
f 7078 12580 12578
f 7713 12578 12580
f 12302 7078 12578
f 12576 12577 12584
f 12307 12585 6523
f 12576 6523 12585
f 12576 12585 12306
f 12307 12306 12585
f 6816 12586 12587
f 12576 12587 12586
f 7134 6816 12587
f 12576 12584 12587
f 12588 12587 12584
f 6525 12589 12586
f 12576 12586 12589
f 6816 6525 12586
f 12576 12589 6524
f 6525 6524 12589
f 12579 12590 12578
f 12302 12578 12590
f 12302 12590 12591
f 12579 12591 12590
f 12303 12302 12591
f 12579 12592 12581
f 8059 12581 12592
f 12581 12593 12591
f 12303 12591 12593
f 12579 12581 12591
f 8059 12592 7713
f 12579 7713 12592
f 12581 12594 12595
f 7446 12595 12594
f 12582 12581 12595
f 12582 12596 12593
f 12303 12593 12596
f 12581 12582 12593
f 7446 12594 8059
f 12581 8059 12594
f 12583 12597 12596
f 12303 12596 12597
f 12582 12583 12596
f 12582 12595 12598
f 7446 12598 12595
f 12583 12582 12598
f 12303 12597 12599
f 12583 12599 12597
f 12304 12303 12599
f 12577 12600 12601
f 12304 12601 12600
f 12584 12577 12601
f 12304 12600 12305
f 12577 12305 12600
f 12584 12601 12602
f 12304 12602 12601
f 12588 12584 12602
f 12588 12603 12587
f 7134 12587 12603
f 12583 12604 12603
f 7134 12603 12604
f 12588 12583 12603
f 12588 12602 12599
f 12304 12599 12602
f 12583 12588 12599
f 7134 12604 12598
f 12583 12598 12604
f 7446 7134 12598
f 12201 12605 12207
f 12605 12200 12207
f 12175 12174 12606
f 12174 12175 12133
f 12606 12199 12200
f 12282 12201 12204
f 12171 12175 12606
f 12173 12607 12174
f 12606 12174 12607
f 12606 12607 12199
f 12173 12199 12607
f 12605 12608 12200
f 12606 12200 12608
f 12126 12609 12610
f 12606 12608 12609
f 12605 12610 12608
f 12609 12608 12610
f 12606 12609 12171
f 12126 12171 12609
f 12605 12611 12610
f 12072 12612 12282
f 12201 12282 12612
f 12201 12612 12611
f 12072 12611 12612
f 12605 12201 12611
f 12611 12613 12610
f 12126 12610 12613
f 12126 12613 12072
f 12611 12072 12613
f 9069 12614 9636
f 12614 12433 9636
f 12433 12615 9636
f 12615 9928 9636
f 12621 11935 12019
f 12621 12019 12616
f 12620 12621 12616
f 12620 12616 12617
f 12619 12620 12617
f 12619 12617 12618
f 11923 12619 12618
f 12006 11923 12618
f 12019 12018 12616
f 12079 12006 12618
f 12079 12618 12617
f 12091 12622 12018
f 12616 12018 12622
f 12617 12623 12079
f 12091 12079 12623
f 12616 12622 12623
f 12091 12623 12622
f 12617 12616 12623
f 12625 9878 9877
f 12625 9877 12626
f 12624 12625 12626
f 12624 12626 12627
f 9017 12624 12627
f 9017 12627 9299
f 9878 12625 9585
f 9298 9585 12625
f 12624 9017 9016
f 12625 12628 9298
f 9014 9298 12628
f 9014 12629 9016
f 12624 9016 12629
f 12624 12629 12628
f 9014 12628 12629
f 12625 12624 12628
f 12626 9877 12637
f 12636 12626 12637
f 12636 12637 12638
f 12635 12636 12638
f 12635 12638 12639
f 12634 12635 12639
f 12634 12639 12640
f 12633 12634 12640
f 12633 12640 12641
f 12632 12633 12641
f 12632 12641 12642
f 12631 12632 12642
f 12631 12642 12643
f 12630 12631 12643
f 12630 12643 12432
f 12630 12432 8801
f 9876 9877 9584
f 10644 10829 12646
f 12645 10644 12646
f 12647 12639 12638
f 12647 12638 12644
f 12647 12644 12645
f 12646 12647 12645
f 12654 11455 11314
f 11460 12654 11316
f 11835 11935 12656
f 12621 12656 11935
f 12619 12656 12620
f 12621 12620 12656
f 12658 12659 12660
f 11316 12661 12662
f 12651 12662 12661
f 11315 11316 12662
f 10664 12663 12664
f 12655 12664 12663
f 10848 10664 12664
f 11460 12667 12668
f 12650 12668 12667
f 12654 11460 12668
f 11162 12669 12670
f 12651 12670 12669
f 11314 11162 12670
f 11823 12671 12672
f 12656 12672 12671
f 11923 11823 12672
f 10463 12673 12674
f 12648 12674 12673
f 10664 10463 12674
f 11166 12675 12676
f 12648 12676 12675
f 11005 11166 12676
f 11317 12677 11167
f 11166 11167 12677
f 12655 12678 12680
f 11318 12679 12678
f 12651 12680 12679
f 12678 12679 12680
f 11166 12681 12675
f 12655 12682 12681
f 12648 12675 12682
f 12681 12682 12675
f 12651 12661 12654
f 11316 12654 12661
f 12655 12681 12683
f 11166 12677 12681
f 11317 12683 12677
f 12681 12677 12683
f 10991 12684 12685
f 12657 12685 12684
f 10829 10991 12685
f 12646 12686 12658
f 12657 12658 12686
f 12647 12646 12658
f 11455 12687 12688
f 12650 12688 12687
f 11454 11455 12688
f 11714 12689 12691
f 11723 12690 12689
f 12656 12691 12690
f 12689 12690 12691
f 11834 12692 12690
f 12656 12690 12692
f 11723 11834 12690
f 11723 12693 12694
f 12650 12694 12693
f 11722 11723 12694
f 12650 12693 12695
f 11723 12689 12693
f 11714 12695 12689
f 12693 12689 12695
f 11714 12691 12671
f 12656 12671 12691
f 11823 11714 12671
f 11456 12696 12679
f 12651 12679 12696
f 11318 11456 12679
f 11923 12672 12619
f 12656 12619 12672
f 11599 12697 12667
f 12650 12667 12697
f 11460 11599 12667
f 11454 12688 12698
f 12650 12698 12688
f 11593 11454 12698
f 11163 12700 12699
f 12648 12701 12700
f 12699 12700 12701
f 10829 12685 12686
f 12657 12686 12685
f 12646 10829 12686
f 12657 12702 12665
f 11147 12703 12702
f 12702 12703 12665
f 11147 12702 12684
f 12657 12684 12702
f 10991 11147 12684
f 11297 12704 12703
f 11147 11297 12703
f 12615 12705 12706
f 9928 12615 12706
f 12614 12707 12708
f 12653 12708 12707
f 12433 12614 12708
f 12640 12709 12710
f 12653 12710 12709
f 12641 12640 12710
f 12642 12711 12643
f 12642 12712 12711
f 12653 12713 12712
f 9069 12711 12713
f 12712 12713 12711
f 12656 12692 11835
f 11834 11835 12692
f 12647 12714 12639
f 12640 12639 12714
f 9069 12713 12707
f 12653 12707 12713
f 12614 9069 12707
f 11318 12678 12683
f 12655 12683 12678
f 11317 11318 12683
f 10664 12674 12663
f 12648 12682 12674
f 12655 12663 12682
f 12674 12682 12663
f 11319 12715 12716
f 11438 11319 12716
f 12655 12680 12718
f 12651 12717 12680
f 12435 12718 12717
f 12680 12717 12718
f 12641 12710 12712
f 12653 12712 12710
f 12642 12641 12712
f 11314 12670 12654
f 12651 12654 12670
f 12435 12717 12669
f 12651 12669 12717
f 11162 12435 12669
f 12654 12668 12687
f 12650 12687 12668
f 11455 12654 12687
f 11438 12716 12719
f 11297 11438 12719
f 11163 12699 12715
f 11319 11163 12715
f 12649 12704 12720
f 11297 12719 12704
f 12720 12704 12719
f 11722 12694 12697
f 12650 12697 12694
f 11599 11722 12697
f 11315 12662 12696
f 12651 12696 12662
f 11456 11315 12696
f 10463 12722 12673
f 12648 12673 12701
f 12722 12701 12673
f 11005 12676 12700
f 12648 12700 12676
f 11163 11005 12700
f 12434 9928 12724
f 12640 12714 12709
f 12709 12714 12660
f 12434 12724 12723
f 10213 12434 12723
f 12649 12705 12666
f 12615 12725 12705
f 12666 12705 12725
f 12433 12708 12725
f 12653 12725 12708
f 12615 12433 12725
f 12655 12718 12664
f 11593 12698 12695
f 12650 12695 12698
f 11714 11593 12695
f 12660 12726 12658
f 12647 12658 12726
f 12657 12727 12658
f 12659 12658 12727
f 12659 12728 12729
f 12653 12729 12728
f 12660 12659 12729
f 12666 12730 12728
f 12653 12728 12730
f 12659 12666 12728
f 12659 12727 12665
f 12657 12665 12727
f 12666 12731 12649
f 12665 12649 12731
f 12665 12731 12659
f 12666 12659 12731
f 12652 12732 12701
f 12699 12701 12732
f 12703 12733 12665
f 12649 12665 12733
f 12649 12733 12704
f 12703 12704 12733
f 12649 12734 12705
f 12706 12705 12734
f 9069 12735 12711
f 12643 12711 12735
f 12715 12736 12737
f 12652 12737 12736
f 12716 12715 12737
f 12716 12737 12738
f 12652 12738 12737
f 12719 12716 12738
f 12699 12732 12736
f 12652 12736 12732
f 12715 12699 12736
f 12719 12738 12720
f 12652 12720 12738
f 12652 12739 12720
f 12721 12720 12739
f 12721 12740 12706
f 9928 12706 12740
f 12720 12741 12734
f 12706 12734 12741
f 12649 12720 12734
f 12706 12741 12721
f 12720 12721 12741
f 12722 12742 12701
f 12652 12701 12742
f 12722 12743 12723
f 10213 12723 12743
f 12723 12744 12742
f 12652 12742 12744
f 12722 12723 12742
f 10213 12743 10463
f 12722 10463 12743
f 9928 12740 12724
f 12721 12724 12740
f 12721 12739 12745
f 12652 12745 12739
f 12724 12721 12745
f 12660 12729 12709
f 12653 12709 12729
f 12647 12726 12714
f 12660 12714 12726
f 12724 12745 12744
f 12652 12744 12745
f 12723 12724 12744
f 12653 12730 12725
f 12666 12725 12730
f 12718 12746 12664
f 10848 12664 12746
f 10848 12746 12435
f 12718 12435 12746
f 12643 12735 12432
f 9069 12432 12735
f 10644 12747 10439
f 10440 10439 12747
f 10179 10441 12747
f 12645 12747 10644
f 10441 10440 12747
f 12637 12748 12750
f 10179 12749 12748
f 12644 12750 12749
f 12748 12749 12750
f 12637 12750 12638
f 12644 12638 12750
f 10179 12748 12751
f 12637 12751 12748
f 9876 10179 12751
f 9876 12751 9877
f 12637 9877 12751
f 10179 12747 12749
f 12747 12752 12749
f 12644 12749 12752
f 12644 12752 12645
f 12747 12645 12752
f 12636 12627 12626
f 12276 8041 8042
f 8550 12754 12755
f 12631 12755 12754
f 8549 8550 12755
f 12753 12756 12758
f 8040 12757 12756
f 12276 12758 12757
f 12756 12757 12758
f 8303 12759 12760
f 12753 12760 12759
f 8550 8303 12760
f 8040 12756 12759
f 12753 12759 12756
f 8303 8040 12759
f 8549 12761 8801
f 12630 8801 12761
f 12630 12761 12755
f 8549 12755 12761
f 12631 12630 12755
f 8550 12760 12754
f 12753 12762 12760
f 12631 12754 12762
f 12760 12762 12754
f 12274 12767 12768
f 12753 12768 12767
f 12275 12274 12768
f 12631 12762 12769
f 12753 12769 12762
f 12632 12631 12769
f 12276 12757 8041
f 8040 8041 12757
f 12275 12768 12758
f 12753 12758 12768
f 12276 12275 12758
f 12753 12767 12769
f 12767 12763 12769
f 12634 12766 12771
f 12635 12772 12773
f 9299 12773 12772
f 12636 12635 12773
f 12636 12773 12627
f 9299 12627 12773
f 9299 12772 12774
f 12635 12774 12772
f 12764 12775 12776
f 12632 12776 12775
f 12763 12764 12776
f 12763 12777 12778
f 12274 12778 12777
f 12764 12763 12778
f 12632 12775 12779
f 12764 12779 12775
f 12633 12632 12779
f 12766 12780 12781
f 12633 12781 12780
f 12765 12766 12781
f 12765 12782 12783
f 9302 12783 12782
f 12766 12765 12783
f 12633 12780 12634
f 12766 12634 12780
f 12274 12777 12767
f 12763 12767 12777
f 12763 12776 12769
f 12632 12769 12776
f 9302 12782 12770
f 12765 12770 12782
f 12765 12781 12784
f 12633 12784 12781
f 12770 12765 12784
f 12770 12785 9302
f 12273 9302 12785
f 12764 12786 12785
f 12273 12785 12786
f 12770 12764 12785
f 12770 12784 12779
f 12633 12779 12784
f 12764 12770 12779
f 12273 12786 12778
f 12764 12778 12786
f 12274 12273 12778
f 12766 12787 12771
f 9301 12771 12787
f 9301 12787 12783
f 12766 12783 12787
f 9302 9301 12783
f 12774 12788 9299
f 9301 9299 12788
f 12774 12789 12771
f 12634 12771 12789
f 9301 12788 12771
f 12774 12771 12788
f 12634 12789 12635
f 12774 12635 12789
f 12791 3370 3570
f 12247 12791 3770
f 12247 3770 3569
f 3370 12247 3369
f 12791 12247 3370
f 12288 12792 4214
f 12246 4214 12792
f 3771 12793 12794
f 12790 12794 12793
f 3570 3771 12794
f 12246 12792 12797
f 3804 12246 12797
f 3804 12797 12800
f 3806 3804 12800
f 12790 12804 12803
f 12790 12805 12806
f 12284 12806 12805
f 12791 12790 12806
f 12791 12806 3770
f 12284 3770 12806
f 12251 12804 12793
f 12790 12793 12804
f 3771 12251 12793
f 12790 12803 12807
f 12250 12802 12803
f 12807 12803 12802
f 3570 12794 12791
f 12790 12791 12794
f 12284 12805 12808
f 12790 12808 12805
f 12285 12284 12808
f 12285 12808 12807
f 12790 12807 12808
f 12286 12285 12807
f 12796 12809 12810
f 12287 12810 12809
f 12795 12796 12810
f 12795 12811 12812
f 4010 12812 12811
f 12796 12795 12812
f 12287 12809 12288
f 12796 12288 12809
f 12288 12813 12792
f 12797 12792 12813
f 12799 12814 12815
f 12286 12815 12814
f 12798 12799 12815
f 12798 12816 12817
f 12249 12817 12816
f 12799 12798 12817
f 12286 12814 12818
f 12799 12818 12814
f 12287 12286 12818
f 12797 12813 12819
f 12288 12819 12813
f 12800 12797 12819
f 12796 12820 12800
f 3806 12800 12820
f 12800 12819 12796
f 12288 12796 12819
f 3806 12820 12812
f 12796 12812 12820
f 4010 3806 12812
f 12801 12821 12811
f 4010 12811 12821
f 12795 12801 12811
f 12795 12810 12822
f 12287 12822 12810
f 12801 12795 12822
f 4010 12821 12248
f 12801 12248 12821
f 12799 12823 12801
f 12248 12801 12823
f 12801 12822 12818
f 12287 12818 12822
f 12799 12801 12818
f 12248 12823 12817
f 12799 12817 12823
f 12249 12248 12817
f 12802 12824 12816
f 12249 12816 12824
f 12798 12802 12816
f 12798 12815 12825
f 12286 12825 12815
f 12802 12798 12825
f 12249 12824 12250
f 12802 12250 12824
f 12804 12826 12803
f 12250 12803 12826
f 12250 12826 12251
f 12804 12251 12826
f 12802 12825 12807
f 12286 12807 12825
f 12262 12827 12263
f 12828 12263 12827
f 12828 12830 12831
f 5373 12831 12830
f 12263 12828 12831
f 12263 12831 5374
f 5373 5374 12831
f 12261 12832 12262
f 12827 12262 12832
f 12827 12832 12834
f 12261 12833 12832
f 12295 12834 12833
f 12832 12833 12834
f 5927 12835 12837
f 12827 12836 12835
f 12294 12837 12836
f 12835 12836 12837
f 12827 12835 12838
f 5927 12838 12835
f 12828 12827 12838
f 12260 12839 12840
f 12296 12840 12839
f 12261 12260 12840
f 5927 12837 6221
f 12294 6221 12837
f 5645 12841 12838
f 12828 12838 12841
f 5927 5645 12838
f 5373 12830 5646
f 12828 5646 12830
f 12828 12841 5646
f 5645 5646 12841
f 12829 12843 12842
f 12295 12833 12840
f 12261 12840 12833
f 12296 12295 12840
f 12294 12836 12834
f 12827 12834 12836
f 12295 12294 12834
f 12296 12839 12844
f 12260 12844 12839
f 12297 12296 12844
f 12259 12845 12844
f 12297 12844 12845
f 12260 12259 12844
f 12258 12847 12846
f 5887 12849 6183
f 12829 6183 12849
f 5887 12850 12849
f 6182 12851 12850
f 12829 12849 12851
f 12850 12851 12849
f 12256 12852 12853
f 12829 12853 12852
f 12257 12256 12853
f 6182 12850 5886
f 5887 5886 12850
f 12299 12843 12854
f 12829 12854 12843
f 12300 12299 12854
f 12257 12853 12848
f 12829 12842 12853
f 12848 12853 12842
f 12300 12854 12856
f 12829 12855 12854
f 6481 12856 12855
f 12854 12855 12856
f 6769 12857 12856
f 12300 12856 12857
f 6481 6769 12856
f 12300 12857 7075
f 6769 7075 12857
f 12829 12852 6183
f 12256 6183 12852
f 6481 12855 12851
f 12829 12851 12855
f 6182 6481 12851
f 12258 12846 12845
f 12297 12845 12846
f 12259 12258 12845
f 12843 12858 12842
f 12298 12842 12858
f 12298 12858 12299
f 12843 12299 12858
f 12847 12859 12846
f 12297 12846 12859
f 12297 12859 12298
f 12847 12298 12859
f 12847 12860 12848
f 12257 12848 12860
f 12848 12861 12847
f 12298 12847 12861
f 12257 12860 12258
f 12847 12258 12860
f 12298 12861 12842
f 12848 12842 12861

